trial_id,t_ns_since_cmd,position_counts
0,760008,536726
0,1141563,537012
0,1536234,537381
0,1924139,537711
0,2282812,538107
0,2652749,537781
0,3058047,537707
0,3487383,537874
0,3863575,537755
0,4221894,538028
0,4576117,538144
0,4952832,538154
0,5351438,538382
0,5721547,538374
0,6129725,538433
0,6492985,538585
0,6886013,538546
0,7249131,538603
0,7650688,538564
0,8020438,538491
0,8441452,538486
0,8835250,538429
0,9208508,538413
0,9604626,538401
0,9977308,538406
0,10407020,538418
0,10798334,538420
0,11196025,538424
0,11609748,538423
0,11981281,538421
0,12383060,538420
0,12806759,538424
0,13188943,538431
0,13570645,538439
0,13982770,538442
0,14382873,538444
0,14777273,538441
0,15185670,538440
0,15609135,538438
0,16000116,538438
0,16406484,538438
0,16795654,538440
0,17187874,538440
0,17582416,538440
0,17978859,538440
0,18378157,538440
0,18771430,538440
0,19200544,538439
0,19609357,538440
0,20002283,538439
0,20386787,538439
0,20794771,538439
0,21194387,538440
0,21590245,538440
0,21963940,538440
0,22361429,538440
0,22730657,538440
0,23137893,538440
0,23542749,538440
0,23937058,538440
0,24342497,538439
0,24751554,538439
0,25141969,538439
0,25521724,538440
0,25934952,538439
0,26350302,538439
0,26753007,538440
0,27142651,538440
0,27520723,538440
0,27936617,538440
0,28313847,538440
0,28706693,538439
0,29115480,538439
0,29521042,538439
0,29935653,538439
0,30365331,538439
0,30753381,538440
0,31143882,538440
0,31524667,538440
0,31936167,538440
0,32341692,538440
0,32754094,538440
0,33141718,538440
0,33524286,538440
0,33913996,538440
0,34315217,538439
0,34690355,538439
0,35062912,538439
0,35490678,538439
0,35880217,538439
0,36295028,538439
0,36689582,538440
0,37062625,538440
0,37481883,538440
0,37867767,538440
0,38232445,538440
0,38604184,538439
0,38999509,538439
0,39397188,538440
0,39812320,538439
0,40293772,538439
0,40691096,538439
0,41063574,538439
0,41469032,538439
0,41852138,538440
0,42228340,538440
0,42622318,538440
0,42992125,538440
0,43399561,538440
0,43768961,538439
0,44164554,538439
0,44542358,538440
0,44932383,538440
0,45332684,538440
0,45708634,538440
0,46119088,538440
0,46520861,538440
0,46928170,538439
0,47288122,538439
0,47679671,538439
0,48075397,538440
0,48471263,538439
0,48867003,538439
0,49224170,538439
0,49596075,538439
0,49950314,538438
0,50307045,538440
0,50698817,538440
0,51076051,538440
0,51474549,538439
0,51845268,538439
0,52209071,538439
0,52603047,538439
0,52974460,538439
0,53373214,538440
0,53743734,538440
0,54155082,538439
0,54559047,538439
0,54949948,538439
0,55332103,538439
0,55725149,538439
0,56109807,538439
0,56496800,538439
0,56870604,538439
0,57274210,538439
0,57640634,538439
0,58032951,538439
0,58409903,538438
0,58804844,538438
0,59172998,538438
1,740815,538448
1,1137904,538861
1,1533929,539397
1,1950787,539797
1,2344992,540001
1,2740661,539694
1,3137005,539878
1,3538960,539906
1,3939506,540040
1,4317227,540217
1,4704322,540273
1,5119897,540455
1,5519537,540476
1,5910512,540551
1,6289584,540625
1,6702526,540624
1,7114798,540660
1,7473772,540623
1,7866435,540639
1,8259866,540630
1,8637131,540608
1,9031238,540608
1,9414204,540586
1,9804515,540598
1,10189244,540579
1,10553386,540567
1,10947282,540494
1,11358160,540349
1,11786409,540312
1,12206003,540248
1,12597366,540248
1,12990552,540273
1,13372068,540317
1,13779691,540368
1,14137563,540414
1,14563705,540455
1,14952772,540465
1,15348938,540473
1,15740931,540478
1,16135251,540481
1,16533969,540483
1,16949569,540486
1,17352006,540489
1,17763445,540484
1,18167262,540480
1,18561203,540470
1,18947976,540466
1,19312236,540460
1,19701560,540460
1,20114874,540457
1,20491816,540458
1,20886823,540461
1,21286692,540463
1,21657164,540463
1,22011955,540462
1,22407801,540463
1,22781977,540462
1,23136396,540460
1,23554371,540460
1,23952485,540459
1,24367307,540457
1,24760592,540457
1,25136914,540458
1,25579229,540458
1,25976170,540458
1,26372968,540458
1,26763861,540458
1,27139607,540458
1,27536279,540457
1,27906463,540457
1,28269274,540457
1,28660453,540457
1,29055025,540455
1,29470232,540455
1,29850041,540455
1,30258969,540455
1,30641547,540454
1,31032618,540454
1,31434352,540454
1,31828750,540454
1,32231834,540454
1,32595800,540453
1,32968473,540453
1,33347975,540453
1,33740847,540453
1,34135015,540453
1,34559101,540453
1,34946695,540451
1,35326893,540451
1,35739498,540450
1,36093951,540450
1,36472051,540450
1,36845287,540450
1,37391786,540449
1,37885097,540448
1,38411161,540448
1,38898137,540447
1,39407058,540447
1,39923489,540447
1,40446818,540446
1,40862777,540445
1,41270543,540444
1,41753716,540444
1,42280472,540444
1,42793693,540444
1,43250288,540444
1,43752891,540444
1,44277072,540444
1,44775060,540443
1,45233799,540443
1,45644631,540443
1,46011154,540443
1,46481764,540442
1,46905527,540442
1,47404838,540442
1,47922478,540441
1,48446007,540441
1,48936375,540441
1,49437049,540440
1,49952850,540441
1,50384146,540441
1,50784895,540440
1,51197816,540440
1,51720333,540441
1,52234866,540440
1,52774754,540440
1,53284080,540440
2,908469,540449
2,1288949,540778
2,1653964,541332
2,2141268,541854
2,2639248,541876
2,3118693,541762
2,3548535,541907
2,4041889,542027
2,4575275,542210
2,5060066,542363
2,5508851,542472
2,5918610,542498
2,6301792,542617
2,6691566,542617
2,7069332,542650
2,7463133,542643
2,7834307,542624
2,8240823,542644
2,8630278,542607
2,9010710,542609
2,9421167,542588
2,9774036,542588
2,10149621,542584
2,10543878,542569
2,10900440,542560
2,11274163,542439
2,11669333,542342
2,12024835,542306
2,12398108,542240
2,12791930,542233
2,13169400,542257
2,13521118,542298
2,13923320,542360
2,14313557,542400
2,14689071,542443
2,15050192,542461
2,15421635,542472
2,15774972,542476
2,16171714,542482
2,16545635,542486
2,16902219,542486
2,17291791,542486
2,17645863,542488
2,18027258,542485
2,18415755,542478
2,18770356,542472
2,19151910,542465
2,19547437,542461
2,19924129,542457
2,20338334,542457
2,20689065,542456
2,21049512,542459
2,21442433,542460
2,21816009,542460
2,22214400,542461
2,22585753,542461
2,22942983,542461
2,23338782,542461
2,23689281,542458
2,24067304,542458
2,24436738,542458
2,24815836,542458
2,25192630,542457
2,25585363,542457
2,25945068,542457
2,26341947,542457
2,26734527,542456
2,27089258,542456
2,27488782,542457
2,27866988,542457
2,28253250,542456
2,28626722,542456
2,28988136,542456
2,29394609,542455
2,29752453,542454
2,30112907,542454
2,30502536,542454
2,30875376,542454
2,31233519,542453
2,31587435,542453
2,31979517,542453
2,32366149,542453
2,32756302,542453
2,33175103,542453
2,33570211,542453
2,33945734,542452
2,34338737,542451
2,34715770,542451
2,35132540,542451
2,35526540,542451
2,35925026,542450
2,36299455,542450
2,36692628,542449
2,37072767,542449
2,37463730,542449
2,37899399,542448
2,38307038,542448
2,38699209,542448
2,39073705,542448
2,39465525,542448
2,39850467,542447
2,40237026,542447
2,40629478,542447
2,41012251,542447
2,41424911,542447
2,41821587,542447
2,42196117,542445
2,42588348,542445
2,42948056,542445
2,43340849,542445
2,43735078,542445
2,44091702,542445
2,44484935,542444
2,44849846,542445
2,45215402,542445
2,45609026,542445
2,45965111,542445
2,46359336,542445
2,46734877,542444
2,47094126,542444
2,47464186,542444
2,47818456,542444
2,48199026,542444
2,48588999,542444
2,49009531,542444
2,49406973,542444
2,49778833,542444
2,50174507,542443
2,50568720,542443
2,50951581,542444
2,51343638,542444
2,51734949,542443
2,52138662,542443
2,52531437,542443
2,52939832,542443
2,53302920,542443
2,53694910,542443
2,54084975,542443
2,54469864,542443
2,54849134,542443
2,55235764,542443
2,55613966,542443
2,56007438,542443
2,56421305,542443
2,56777590,542443
3,719394,542452
3,1120629,542863
3,1526947,543338
3,1896316,543719
3,2302426,544014
3,2668699,543715
3,3061050,543801
3,3438135,543906
3,3833868,543998
3,4245352,544186
3,4666215,544250
3,5057938,544406
3,5439068,544467
3,5834299,544533
3,6243607,544618
3,6601023,544622
3,6993186,544655
3,7371341,544629
3,7786764,544631
3,8141136,544637
3,8499633,544606
3,8890703,544606
3,9297392,544584
3,9663010,544590
3,10035781,544581
3,10393014,544568
3,10787214,544555
3,11181017,544440
3,11560131,544345
3,11936151,544297
3,12344364,544240
3,12750867,544242
3,13144166,544266
3,13521772,544312
3,13912594,544364
3,14295297,544413
3,14684264,544449
3,15076671,544466
3,15455981,544475
3,15870762,544480
3,16307708,544486
3,16689145,544487
3,17082483,544490
3,17476513,544491
3,17870291,544489
3,18297501,544480
3,18682190,544474
3,19037769,544468
3,19412768,544462
3,19807408,544458
3,20163280,544457
3,20536445,544457
3,20931551,544458
3,21302207,544462
3,21663242,544462
3,22057225,544462
3,22438933,544463
3,22872474,544464
3,23247575,544461
3,23644991,544460
3,24014685,544461
3,24383161,544461
3,24764868,544458
3,25119987,544458
3,25495524,544460
3,25902339,544458
3,26266622,544458
3,26661402,544459
3,27035151,544459
3,27393805,544456
3,27785069,544457
3,28139729,544459
3,28524960,544458
3,28937121,544457
3,29341375,544458
3,29745606,544458
3,30138633,544456
3,30520083,544457
3,30911043,544457
3,31296928,544457
3,31685050,544455
3,32060392,544457
3,32457735,544456
3,32867994,544455
3,33223266,544455
3,33600841,544455
3,33992895,544454
3,34370941,544454
3,34771195,544454
3,35160804,544454
3,35522704,544454
3,35894623,544454
3,36296551,544454
3,36663831,544454
3,37055797,544454
3,37417501,544453
3,37811410,544453
3,38185750,544453
3,38567647,544453
3,38957159,544452
3,39386346,544452
3,39769325,544452
3,40140678,544452
3,40552713,544451
3,40916879,544451
3,41318698,544451
3,41689666,544451
3,42082142,544451
3,42498336,544451
3,42890437,544451
3,43297873,544450
3,43683236,544450
3,44082551,544450
3,44475297,544450
3,44846922,544450
3,45223202,544449
3,45627131,544450
3,46019791,544450
3,46396757,544448
3,46799097,544448
3,47185176,544449
3,47591146,544448
3,47976031,544447
3,48387585,544449
3,48749243,544450
3,49143784,544447
3,49521191,544447
3,49914014,544446
3,50296687,544446
3,50686084,544446
3,51098247,544446
3,51477254,544446
3,51869829,544446
3,52263938,544445
3,52642533,544445
3,53035352,544445
3,53394972,544444
3,53786846,544444
3,54181957,544444
3,54539648,544444
3,54910692,544444
3,55297098,544444
4,723169,544454
4,1120919,544862
4,1555717,545388
4,1950995,545792
4,2348174,545967
4,2765303,545690
4,3158302,545870
4,3555328,545900
4,3930086,546026
4,4326820,546199
4,4721447,546247
4,5076206,546420
4,5480586,546464
4,5871265,546525
4,6258130,546611
4,6619431,546611
4,7012694,546648
4,7411998,546625
4,7804731,546627
4,8179555,546630
4,8555784,546602
4,8950228,546603
4,9315246,546581
4,9681201,546588
4,10075580,546575
4,10430863,546565
4,10824511,546548
4,11201496,546446
4,11580693,546338
4,11972359,546299
4,12354597,546240
4,12745581,546238
4,13140885,546262
4,13558119,546307
4,13929610,546366
4,14332223,546408
4,14724230,546451
4,15117107,546466
4,15478427,546475
4,15871173,546480
4,16278794,546486
4,16650884,546487
4,17034162,546489
4,17412743,546492
4,17803379,546492
4,18158470,546484
4,18535122,546477
4,18928817,546471
4,19295915,546465
4,19660114,546461
4,20052993,546459
4,20409561,546458
4,20782607,546460
4,21217902,546463
4,21775446,546464
4,22386256,546467
4,22908229,546467
4,23313527,546466
4,23694587,546464
4,24039129,546464
4,24400551,546463
4,24767860,546461
4,25101375,546462
4,25436666,546462
4,25790748,546462
4,26185885,546461
4,26540460,546461
4,26912124,546461
4,27352693,546461
4,27850176,546462
4,28343297,546462
4,28802006,546461
4,29340525,546460
4,29833660,546459
4,30250316,546460
4,30620193,546459
4,31007649,546458
4,31362881,546458
4,31732257,546458
4,32111410,546458
4,32593888,546458
4,33037393,546458
4,33443756,546458
4,33825961,546457
4,34196215,546456
4,34595406,546456
4,34988215,546456
4,35366801,546456
4,35760095,546456
4,36157031,546456
4,36554751,546456
4,36948035,546454
4,37324999,546455
4,37678993,546455
4,38029988,546455
4,38407061,546453
4,38799875,546453
4,39153172,546453
4,39534840,546453
4,39924430,546451
4,40281933,546451
4,40656997,546453
4,41048248,546451
4,41406086,546450
4,41778689,546453
4,42185597,546452
4,42551190,546449
4,42902033,546451
4,43301488,546452
4,43651958,546449
4,44026998,546449
4,44409698,546450
4,44781258,546450
4,45154999,546448
4,45531118,546449
4,45905802,546449
4,46282433,546448
4,46652600,546448
4,47027372,546449
4,47406824,546449
4,47777464,546447
4,48157180,546448
4,48532402,546448
4,48905372,546448
4,49302963,546447
4,49653512,546447
4,50027336,546447
4,50427695,546447
4,50779717,546447
4,51153771,546447
4,51551971,546447
4,51902923,546447
4,52281654,546447
4,52674707,546447
4,53027285,546447
5,721790,546473
5,1121607,546860
5,1514324,547384
5,1894962,547730
5,2247445,548021
5,2626199,547717
5,3018634,547809
5,3369287,547914
5,3747574,547943
5,4099631,548153
5,4476990,548221
5,4851397,548336
5,5224121,548470
5,5612707,548478
5,5975514,548582
5,6348060,548625
5,6726052,548634
5,7120022,548660
5,7522667,548622
5,7918640,548644
5,8311214,548622
5,8665730,548607
5,9016870,548604
5,9368608,548585
5,9746714,548592
5,10100663,548575
5,10496502,548569
5,10849847,548556
5,11223169,548445
5,11620730,548346
5,11973959,548302
5,12347665,548244
5,12757707,548235
5,13165792,548263
5,13561473,548302
5,13912451,548355
5,14265127,548400
5,14643552,548443
5,14994256,548466
5,15348541,548475
5,15723450,548484
5,16119381,548491
5,16542948,548493
5,16939718,548493
5,17310967,548498
5,17665351,548499
5,18018059,548493
5,18372381,548486
5,18745961,548478
5,19099027,548472
5,19479748,548468
5,19847550,548461
5,20222566,548461
5,20601519,548462
5,20974077,548465
5,21347025,548465
5,21725253,548469
5,22118252,548469
5,22476528,548470
5,22847164,548469
5,23242793,548469
5,23606311,548466
5,23998165,548465
5,24371257,548465
5,24748658,548465
5,25104211,548463
5,25499286,548464
5,25848809,548464
5,26222646,548464
5,26625109,548464
5,26972874,548463
5,27346971,548464
5,27748658,548463
5,28121612,548463
5,28476789,548463
5,28870150,548463
5,29245376,548462
5,29603682,548462
5,29998082,548461
5,30347279,548461
5,30726859,548461
5,31120611,548459
5,31476367,548458
5,31848156,548460
5,32221858,548458
5,32622430,548458
5,32973570,548458
5,33347009,548459
5,33744818,548458
5,34098946,548458
5,34491424,548457
5,34851570,548458
5,35223346,548456
5,35603736,548456
5,35996018,548456
5,36360645,548456
5,36749300,548456
5,37122440,548455
5,37479272,548455
5,37850450,548455
5,38244297,548455
5,38600280,548454
5,38973639,548453
5,39372263,548454
5,39746174,548454
5,40097834,548454
5,40498751,548453
5,40849827,548453
5,41222232,548453
5,41624065,548452
5,41973825,548452
5,42347748,548452
5,42745275,548452
5,43098176,548452
5,43477513,548452
5,43869849,548451
5,44222241,548451
5,44600014,548451
5,44972841,548451
5,45346848,548451
5,45730310,548451
5,46121422,548451
5,46477584,548451
5,46851337,548451
5,47224585,548449
5,47625566,548449
5,47975982,548449
5,48347336,548450
5,48748293,548450
5,49099294,548450
5,49476715,548450
5,49870727,548450
5,50222800,548449
5,50600335,548449
5,50994813,548449
5,51347203,548449
5,51723483,548449
5,52119420,548449
5,52534210,548449
6,739913,548458
6,1140326,548869
6,1540126,549400
6,1954881,549797
6,2335287,550004
6,2724363,549710
6,3145988,549884
6,3538836,549908
6,3932575,550038
6,4296907,550210
6,4688426,550253
6,5071921,550412
6,5437399,550476
6,5829979,550534
6,6235769,550623
6,6604037,550622
6,6997692,550659
6,7393027,550636
6,7766815,550635
6,8167562,550642
6,8570699,550613
6,8954682,550610
6,9361885,550590
6,9726519,550598
6,10132115,550582
6,10495976,550575
6,10890300,550555
6,11269577,550439
6,11662062,550347
6,12067758,550296
6,12432522,550248
6,12786588,550239
6,13164217,550269
6,13556286,550305
6,13910991,550357
6,14272761,550402
6,14662564,550449
6,15069704,550471
6,15573362,550485
6,16185384,550494
6,16751479,550496
6,17309636,550501
6,17726771,550501
6,18209410,550490
6,18636264,550484
6,19036703,550476
6,19415865,550470
6,19805648,550467
6,20164476,550465
6,20557181,550465
6,20930638,550466
6,21287205,550469
6,21659199,550469
6,22115922,550471
6,22515353,550471
6,22867829,550471
6,23244899,550471
6,23617121,550468
6,24011256,550468
6,24418379,550467
6,24956327,550465
6,25540142,550465
6,26125141,550465
6,26655845,550465
6,27199925,550466
6,27742002,550465
6,28189584,550465
6,28591420,550464
6,28997116,550464
6,29493828,550463
6,29987038,550463
6,30542479,550463
6,31030333,550462
6,31527105,550462
6,32048075,550462
6,32473590,550462
6,32874457,550462
6,33361018,550461
6,33877610,550461
6,34382929,550459
6,34827651,550459
6,35211237,550459
6,35580866,550459
6,35971164,550458
6,36379557,550458
6,36768731,550458
6,37163537,550457
6,37555348,550456
6,37930228,550456
6,38286334,550455
6,38655950,550455
6,39010444,550454
6,39388532,550455
6,39765018,550455
6,40118478,550455
6,40493657,550455
6,40864265,550454
6,41265566,550453
6,41660568,550455
6,42031663,550453
6,42432891,550453
6,42801581,550453
6,43159929,550453
6,43513137,550453
6,43863693,550453
6,44242707,550452
6,44637475,550452
6,44988997,550452
6,45368355,550452
6,45770871,550452
6,46209393,550451
6,46684713,550451
6,47101862,550451
6,47495981,550451
6,47895719,550451
6,48382307,550451
6,48796150,550451
6,49163841,550451
6,49556271,550451
7,716205,550460
7,1137414,550871
7,1511335,551405
7,1933655,551811
7,2333791,552019
7,2735601,551696
7,3170409,551925
7,3556797,551910
7,3971938,552110
7,4369315,552233
7,4783866,552291
7,5162506,552482
7,5550081,552484
7,5971832,552592
7,6363230,552643
7,6769706,552636
7,7134608,552674
7,7553755,552629
7,7974114,552656
7,8362092,552630
7,8738516,552616
7,9163422,552605
7,9554058,552594
7,9974393,552597
7,10366518,552574
7,10774175,552575
7,11138869,552471
7,11528634,552366
7,11913058,552316
7,12328651,552250
7,12719436,552241
7,13097712,552269
7,13488750,552310
7,13888821,552365
7,14261138,552414
7,14654507,552454
7,15033912,552477
7,15431203,552486
7,15842978,552492
7,16218344,552495
7,16612242,552498
7,17010046,552499
7,17384310,552501
7,17789747,552500
7,18174392,552493
7,18554956,552486
7,18977092,552478
7,19368940,552473
7,19773861,552470
7,20161093,552468
7,20559300,552468
7,20931067,552469
7,21321540,552472
7,21695009,552472
7,22093046,552473
7,22487767,552474
7,22869095,552474
7,23259634,552472
7,23655225,552471
7,24039961,552471
7,24405777,552471
7,24810698,552468
7,25217344,552468
7,25633603,552468
7,25991012,552469
7,26387309,552469
7,26781621,552469
7,27161339,552468
7,27533630,552468
7,27932511,552468
7,28340696,552468
7,28696398,552468
7,29091686,552467
7,29465365,552465
7,29849791,552465
7,30243694,552465
7,30634091,552465
7,31018296,552465
7,31409615,552464
7,31793562,552464
7,32184444,552464
7,32549224,552464
7,32911427,552463
7,33303523,552463
7,33716441,552463
7,34096369,552463
7,34488480,552461
7,34889954,552461
7,35281523,552461
7,35658035,552461
7,36038224,552460
7,36426229,552460
7,36852449,552460
7,37241786,552460
7,37613871,552459
7,38011917,552458
7,38384823,552458
7,38790395,552458
7,39159141,552458
7,39548603,552458
7,39905553,552458
7,40283386,552458
7,40678283,552457
7,41093072,552457
7,41488289,552456
7,41863288,552456
7,42257342,552456
7,42612339,552456
7,42968997,552456
7,43363282,552455
7,43767346,552455
7,44154025,552455
7,44510475,552455
7,44911349,552456
7,45285888,552456
7,45654623,552455
7,46098602,552455
7,46468407,552455
7,46868136,552455
7,47258435,552455
7,47655191,552454
7,48051793,552454
7,48467064,552454
7,48866446,552454
7,49258755,552454
7,49634028,552454
7,50010110,552454
7,50403664,552454
7,50771178,552454
7,51147797,552454
7,51531172,552454
7,51966554,552454
7,52364537,552454
7,52811973,552453
8,765553,552463
8,1164429,552878
8,1564244,553401
8,1957151,553736
8,2335476,554017
8,2730191,553730
8,3118975,553862
8,3503804,553926
8,3873204,553980
8,4236245,554202
8,4626197,554240
8,5003452,554403
8,5401836,554493
8,5810603,554513
8,6179418,554625
8,6542216,554636
8,6936199,554660
8,7313407,554663
8,7707430,554636
8,8061918,554660
8,8438984,554628
8,8833138,554624
8,9228798,554608
8,9626107,554604
8,10003450,554604
8,10385681,554583
8,10753100,554586
8,11140992,554526
8,11543430,554416
8,11916395,554331
8,12317244,554277
8,12708360,554243
8,13116411,554256
8,13501905,554290
8,13900407,554348
8,14315994,554402
8,14706708,554445
8,15084086,554476
8,15479848,554486
8,15852915,554490
8,16211016,554498
8,16624429,554499
8,16979920,554497
8,17377386,554499
8,17749083,554501
8,18115756,554496
8,18501356,554492
8,18873145,554483
8,19231155,554478
8,19623860,554473
8,19999373,554470
8,20361652,554468
8,20751895,554468
8,21141278,554471
8,21542918,554474
8,21948275,554474
8,22318567,554475
8,22708685,554475
8,23114054,554473
8,23480631,554472
8,23873860,554472
8,24254353,554471
8,24646402,554469
8,25061271,554469
8,25440260,554469
8,25834021,554469
8,26231955,554469
8,26603640,554469
8,26998071,554469
8,27376211,554469
8,27768439,554469
8,28135409,554469
8,28520662,554469
8,28914463,554468
8,29312407,554468
8,29707319,554468
8,30081894,554467
8,30500581,554467
8,30894473,554467
8,31260154,554467
8,31629651,554467
8,32018866,554467
8,32378118,554467
8,32756010,554466
8,33159967,554466
8,33521194,554466
8,33926821,554465
8,34317911,554465
8,34709738,554464
8,35115130,554464
8,35501355,554462
8,35873769,554463
8,36233934,554463
8,36624291,554462
8,37000630,554462
8,37438635,554462
8,37811137,554461
8,38179612,554461
8,38541020,554461
8,38935376,554461
8,39293286,554461
8,39664541,554461
8,40062503,554461
8,40437343,554460
8,40831963,554460
8,41209029,554459
8,41602347,554459
8,41957860,554459
8,42320037,554459
8,42710372,554458
8,43114259,554458
8,43503839,554458
8,43895742,554458
8,44315056,554457
8,44708143,554457
8,45112801,554457
8,45500607,554457
8,45915826,554457
8,46315996,554456
8,46717699,554457
8,47117346,554457
8,47501928,554456
8,47894993,554456
8,48250977,554457
8,48623202,554457
8,48979122,554456
8,49375323,554456
8,49753606,554456
8,50161891,554455
8,50522885,554455
8,50916115,554455
8,51292549,554455
8,51686776,554456
8,52041214,554454
8,52437310,554455
8,52811981,554455
8,53187930,554454
8,53585534,554454
8,53980338,554455
9,740181,554464
9,1099349,554876
9,1497861,555410
9,1911492,555808
9,2306489,555982
9,2705434,555709
9,3076477,555901
9,3476257,555915
9,3845845,556008
9,4203030,556213
9,4602073,556240
9,4971719,556417
9,5400553,556481
9,5795007,556515
9,6159590,556628
9,6557994,556625
9,6975036,556664
9,7387128,556640
9,7796950,556642
9,8167181,556646
9,8559850,556617
9,8961302,556619
9,9357756,556597
9,9732472,556605
9,10087973,556591
9,10449881,556582
9,10805446,556578
9,11195184,556489
9,11586777,556370
9,11960857,556322
9,12329309,556269
9,12687915,556245
9,13041084,556262
9,13395056,556287
9,13731748,556331
9,14073766,556380
9,14435224,556422
9,14789806,556461
9,15143862,556477
9,15508653,556484
9,15851653,556490
9,16180662,556493
9,16529377,556496
9,16882200,556497
9,17240326,556500
9,17594338,556501
9,17944582,556499
9,18255651,556495
9,18573839,556489
9,18922931,556481
9,19275516,556479
9,19593453,556474
9,19943533,556472
9,20253569,556470
9,20545482,556470
9,20857364,556471
9,21149207,556472
9,21449883,556475
9,21753159,556475
9,22066461,556476
9,22394968,556478
9,22696149,556477
9,23003534,556476
9,23298067,556475
9,23621433,556473
9,23930378,556473
9,24239533,556472
9,24550666,556471
9,24900836,556471
9,25220440,556471
9,25573221,556471
9,25924821,556471
9,26266607,556471
9,26601346,556471
9,26925504,556471
9,27276044,556472
9,27600500,556471
9,27921225,556471
9,28256488,556472
9,28620789,556471
9,28942881,556470
9,29253698,556469
9,29570302,556469
9,29883765,556469
9,30239128,556468
9,30590986,556468
9,30908182,556469
9,31253498,556469
9,31567868,556467
9,31883741,556467
9,32244900,556467
9,32598251,556468
9,32941245,556467
9,33251577,556465
9,33565470,556466
9,33879229,556466
9,34189817,556466
9,34576973,556465
9,34966982,556464
9,35327210,556465
9,35679363,556465
9,36029521,556465
9,36399966,556464
9,36743727,556463
9,37091678,556463
9,37425929,556462
9,37754908,556462
9,38064694,556462
9,38394367,556462
9,38787860,556461
9,39160336,556461
9,39511510,556461
9,39862462,556461
9,40212892,556460
9,40531258,556460
9,40885176,556460
9,41235704,556460
9,41591672,556460
9,41919228,556460
9,42249881,556460
9,42584196,556460
9,42940351,556458
9,43279973,556458
9,43655084,556458
9,44006286,556458
9,44371600,556458
9,44693112,556458
9,45029674,556458
9,45404490,556458
9,45758161,556458
9,46115594,556458
9,46472248,556457
9,46823714,556457
9,47183023,556457
9,47519056,556457
9,47854527,556456
9,48203474,556456
9,48538090,556456
9,48890113,556456
9,49228626,556456
9,49613002,556455
9,49954446,556455
9,50307743,556455
9,50664113,556455
9,51042514,556455
9,51402347,556455
9,51769653,556455
10,711181,556464
10,1055558,556794
10,1427080,557345
10,1818990,557670
10,2177261,558027
10,2548060,557798
10,2906397,557757
10,3283750,557934
10,3678012,557936
10,4057155,558164
10,4428984,558228
10,4781390,558322
10,5179323,558486
10,5552347,558487
10,5978509,558599
10,6352584,558645
10,6702948,558642
10,7055471,558679
10,7409476,558647
10,7782115,558657
10,8179515,558654
10,8534003,558626
10,8908348,558629
10,9304462,558605
10,9678998,558613
10,10076013,558598
10,10434765,558588
10,10785306,558586
10,11160795,558509
10,11558398,558398
10,11928374,558334
10,12291067,558276
10,12686655,558245
10,13062157,558264
10,13456254,558298
10,13867920,558348
10,14237917,558402
10,14628283,558447
10,14997003,558475
10,15373238,558486
10,15748825,558493
10,16126368,558498
10,16517338,558501
10,16892236,558501
10,17291427,558501
10,17664234,558503
10,18063317,558502
10,18456040,558492
10,18834314,558487
10,19208780,558482
10,19602605,558477
10,20002349,558473
10,20378264,558473
10,20774255,558473
10,21189012,558476
10,21581634,558478
10,21960156,558478
10,22364393,558478
10,22728803,558478
10,23129128,558477
10,23501185,558475
10,23909120,558474
10,24270454,558474
10,24663405,558474
10,25040568,558474
10,25447007,558474
10,25810893,558473
10,26208172,558473
10,26601412,558473
10,26978707,558473
10,27373565,558473
10,27774082,558473
10,28177389,558473
10,28564870,558472
10,28957820,558471
10,29332504,558471
10,29727099,558471
10,30108054,558470
10,30511519,558470
10,30895750,558470
10,31292049,558468
10,31685920,558468
10,32087333,558468
10,32457439,558468
10,32862157,558467
10,33229036,558466
10,33624137,558466
10,34000454,558466
10,34396900,558466
10,34810014,558465
10,35187050,558465
10,35560406,558465
10,35936665,558464
10,36352982,558464
10,36708083,558463
10,37103279,558463
10,37476880,558463
10,37832531,558462
10,38227904,558462
10,38602560,558462
10,38962183,558462
10,39375742,558461
10,39769487,558461
10,40190563,558461
10,40583488,558460
10,40961317,558460
10,41353043,558460
10,41726828,558460
10,42086004,558460
10,42477428,558459
10,42863066,558459
10,43249199,558459
10,43626126,558458
10,44026094,558458
10,44435051,558458
10,44790782,558458
10,45186986,558458
10,45559934,558459
10,45926490,558459
10,46289594,558458
10,46684806,558458
10,47054430,558458
10,47417752,558458
10,47810199,558457
10,48210655,558457
10,48581028,558457
10,48947957,558457
10,49310768,558456
10,49705614,558456
10,50068352,558456
10,50457094,558456
10,50830950,558456
10,51229017,558456
10,51602626,558456
11,717602,558467
11,1076525,558876
11,1492350,559397
11,1892984,559800
11,2282286,560007
11,2663268,559719
11,3053866,559871
11,3428522,559922
11,3828438,560049
11,4221708,560214
11,4598530,560263
11,4990388,560429
11,5368335,560490
11,5766331,560551
11,6177860,560643
11,6546765,560639
11,6906856,560680
11,7303243,560662
11,7659033,560648
11,8031366,560669
11,8406197,560631
11,8805936,560634
11,9198764,560610
11,9565678,560612
11,9927536,560610
11,10281688,560591
11,10662494,560594
11,11033483,560561
11,11407712,560450
11,11806161,560355
11,12177119,560309
11,12551682,560260
11,12932703,560249
11,13304421,560281
11,13703571,560317
11,14075325,560377
11,14503110,560428
11,14893987,560470
11,15281275,560483
11,15658663,560492
11,16072435,560497
11,16430238,560499
11,16825420,560500
11,17197175,560500
11,17553952,560503
11,17949022,560503
11,18302984,560496
11,18678968,560490
11,19073861,560483
11,19448472,560478
11,19862903,560474
11,20222753,560473
11,20622500,560473
11,20994069,560473
11,21391886,560477
11,21805374,560477
11,22199296,560478
11,22578230,560478
11,22971002,560478
11,23345293,560476
11,23744182,560475
11,24143640,560475
11,24544925,560474
11,24910554,560473
11,25283221,560473
11,25682794,560473
11,26083106,560473
11,26484400,560473
11,26866769,560473
11,27265684,560473
11,27658355,560473
11,28031815,560473
11,28407608,560473
11,28824444,560472
11,29219367,560472
11,29575843,560470
11,29948168,560470
11,30302771,560470
11,30664460,560470
11,31075764,560469
11,31483263,560469
11,31849015,560468
11,32241214,560468
11,32639932,560467
11,33030306,560466
11,33405797,560466
11,33785877,560465
11,34178556,560465
11,34553589,560465
11,34949910,560464
11,35324334,560463
11,35724880,560463
11,36096119,560463
11,36505212,560463
11,36868120,560464
11,37265072,560463
11,37680287,560462
11,38073195,560462
11,38494963,560462
11,38893790,560462
11,39301541,560462
11,39658985,560462
11,40031107,560462
11,40404575,560462
11,40803582,560462
11,41197771,560461
11,41566525,560461
11,41928225,560460
11,42321675,560460
11,42680713,560460
11,43053152,560460
11,43406800,560460
11,43807474,560460
11,44177743,560460
11,44610486,560460
11,44995802,560460
11,45392079,560460
11,45785741,560460
11,46179796,560460
11,46577318,560459
11,46949429,560459
11,47345970,560459
11,47744836,560459
11,48119661,560459
11,48522454,560459
11,48928435,560459
11,49302864,560459
11,49700537,560459
11,50073614,560458
11,50441327,560458
11,50825061,560458
11,51198622,560459
11,51555064,560458
11,51948574,560459
12,713433,560484
12,1117627,560954
12,1531344,561445
12,1929825,561869
12,2326723,561980
12,2716350,561716
12,3094543,561906
12,3467243,561922
12,3850646,562053
12,4216862,562217
12,4592196,562250
12,4971008,562430
12,5363564,562491
12,5718220,562529
12,6118513,562633
12,6487484,562635
12,6855123,562662
12,7218498,562663
12,7612257,562640
12,7969249,562664
12,8363255,562634
12,8737366,562632
12,9094853,562617
12,9467054,562609
12,9875416,562614
12,10238842,562590
12,10632972,562592
12,10995078,562566
12,11384556,562477
12,11758247,562360
12,12158486,562312
12,12532591,562262
12,12928667,562247
12,13306176,562276
12,13700407,562320
12,14116783,562377
12,14510782,562423
12,14886599,562467
12,15282208,562484
12,15655633,562489
12,16054299,562498
12,16426361,562501
12,16836073,562501
12,17197403,562501
12,17603968,562503
12,17971461,562504
12,18362362,562497
12,18718817,562490
12,19091979,562485
12,19487541,562480
12,19855623,562475
12,20216303,562474
12,20612366,562475
12,20968889,562475
12,21341737,562477
12,21748596,562479
12,22158020,562481
12,22551112,562481
12,22931617,562481
12,23322858,562478
12,23738521,562477
12,24137431,562476
12,24509821,562476
12,24910443,562475
12,25301988,562475
12,25701094,562475
12,26097431,562475
12,26488770,562475
12,26862586,562475
12,27221100,562475
12,27592415,562475
12,27992261,562475
12,28384932,562475
12,28757777,562474
12,29177774,562474
12,29574837,562473
12,29988771,562473
12,30405057,562473
12,30759011,562472
12,31155941,562472
12,31528851,562472
12,31884611,562472
12,32279047,562471
12,32633599,562471
12,33015563,562471
12,33407409,562471
12,33814971,562469
12,34198881,562470
12,34594130,562470
12,34990249,562469
12,35362655,562469
12,35758956,562469
12,36135558,562469
12,36530415,562468
12,36911979,562468
12,37300098,562468
12,37656196,562468
12,38033477,562468
12,38423919,562467
12,38813870,562467
12,39202458,562467
12,39612829,562467
12,39969034,562466
12,40361822,562466
12,40739431,562466
12,41134873,562466
12,41508036,562466
12,41865646,562466
12,42269357,562466
12,42636603,562464
12,43031555,562464
12,43403493,562464
12,43760436,562464
12,44157563,562464
12,44529659,562463
12,44888234,562463
12,45280813,562464
12,45654448,562463
12,46026195,562463
12,46389566,562463
12,46792377,562463
12,47180598,562463
12,47556186,562463
12,47948153,562463
12,48365579,562462
12,48738097,562462
12,49116410,562462
12,49487704,562462
12,49863461,562462
12,50260681,562462
12,50654931,562462
12,51031656,562462
12,51425418,562461
12,51812923,562461
12,52198065,562462
12,52613303,562462
12,52990594,562462
12,53385005,562461
13,707074,562470
13,1099497,562873
13,1492752,563392
13,1911883,563803
13,2287518,564010
13,2661334,563734
13,3056675,563876
13,3432575,563922
13,3831087,564022
13,4203903,564225
13,4610366,564253
13,4972865,564432
13,5373136,564492
13,5789432,564549
13,6179537,564645
13,6557340,564637
13,6953106,564678
13,7326384,564663
13,7683015,564651
13,8095878,564668
13,8452359,564630
13,8847306,564633
13,9201579,564614
13,9586748,564613
13,9975234,564607
13,10345115,564591
13,10704534,564593
13,11096001,564567
13,11471756,564482
13,11849609,564360
13,12219819,564314
13,12606629,564261
13,12999117,564247
13,13421561,564275
13,13791285,564317
13,14180555,564372
13,14532093,564417
13,14911785,564466
13,15302899,564487
13,15678582,564495
13,16039792,564499
13,16431822,564503
13,16808618,564505
13,17201110,564503
13,17553703,564505
13,17932559,564507
13,18323216,564503
13,18681068,564496
13,19053269,564492
13,19406118,564485
13,19763679,564479
13,20137019,564476
13,20530510,564476
13,20910073,564477
13,21303813,564480
13,21657216,564482
13,22010366,564481
13,22383917,564482
13,22790057,564484
13,23203502,564482
13,23611084,564480
13,23976581,564480
13,24365837,564479
13,24730009,564476
13,25102521,564476
13,25496030,564477
13,25912300,564477
13,26307271,564477
13,26704965,564477
13,27095795,564478
13,27450044,564478
13,27806418,564476
13,28199225,564476
13,28553971,564476
13,28932102,564476
13,29326386,564476
13,29704711,564476
13,30103082,564474
13,30480737,564474
13,30876499,564474
13,31469338,564474
13,32085522,564475
13,32682367,564474
13,33212947,564473
13,33633287,564473
13,34009234,564473
13,34397491,564472
13,34774110,564472
13,35140049,564472
13,35513862,564472
13,35866023,564471
13,36154377,564472
13,36467342,564472
13,36767665,564472
13,37075956,564471
13,37381000,564470
13,37678217,564470
13,37992112,564470
13,38298261,564470
13,38611515,564470
13,38903319,564469
13,39213526,564469
13,39527200,564469
13,39844884,564469
13,40184873,564469
13,40529345,564469
13,40884022,564469
13,41237266,564467
13,41611283,564467
13,41964012,564467
13,42313922,564467
13,42720000,564467
13,43157066,564467
13,43598114,564467
13,44055379,564466
13,44475485,564466
13,44893117,564466
13,45312577,564465
13,45643821,564464
13,45993885,564464
13,46327574,564465
13,46720810,564465
13,47083624,564464
13,47413009,564464
13,47737592,564465
13,48047433,564465
13,48337572,564464
13,48680204,564464
13,49027971,564464
13,49386559,564464
13,49738672,564464
13,50097125,564464
13,50469880,564463
13,50803863,564463
13,51132357,564463
13,51483872,564463
13,51798196,564463
13,52127901,564463
13,52445138,564462
13,52795471,564462
13,53104095,564462
13,53414475,564462
14,666004,564465
14,996906,564661
14,1307856,565116
14,1649605,565492
14,1985451,565798
14,2293353,566005
14,2643002,565738
14,2990271,565803
14,3316097,565941
14,3672228,565940
14,4029097,566146
14,4389219,566224
14,4746148,566295
14,5066368,566441
14,5391710,566483
14,5695424,566494
14,5991029,566590
14,6298919,566633
14,6621345,566626
14,6938614,566661
14,7266248,566656
14,7595081,566633
14,7906879,566655
14,8239850,566641
14,8577451,566621
14,8945840,566624
14,9294561,566603
14,9610393,566607
14,9916263,566607
14,10247733,566587
14,10626988,566591
14,11046387,566566
14,11410306,566489
14,11803599,566364
14,12148799,566321
14,12450460,566288
14,12765589,566253
14,13070951,566253
14,13366314,566276
14,13674588,566304
14,13991221,566346
14,14296166,566393
14,14589775,566430
14,14904066,566465
14,15218555,566488
14,15533437,566491
14,15818421,566497
14,16134422,566503
14,16447908,566503
14,16768210,566503
14,17076306,566503
14,17373545,566502
14,17681866,566504
14,18001553,566504
14,18304920,566501
14,18596243,566494
14,18916780,566490
14,19224881,566488
14,19544908,566482
14,19852864,566481
14,20186035,566477
14,20501487,566478
14,20876252,566479
14,21235910,566481
14,21564167,566483
14,21904753,566483
14,22244561,566485
14,22603454,566485
14,22933825,566484
14,23272421,566484
14,27762632,566478
14,28270508,566478
14,28641137,566478
14,29013012,566478
14,29384711,566475
14,29731184,566475
14,30101426,566476
14,30460331,566476
14,30848020,566476
14,31244319,566476
14,31602888,566476
14,31953953,566476
14,32315178,566475
14,32698086,566475
14,33049594,566475
14,33392225,566475
14,33727248,566474
14,34061429,566473
14,34409681,566473
14,34781977,566473
14,35107051,566473
14,35412631,566472
14,35716749,566472
14,36061640,566473
14,36364728,566473
14,36689152,566472
14,37026537,566472
14,37357635,566472
14,37687109,566472
14,37993832,566471
14,38300240,566471
14,38636759,566471
14,38952757,566469
14,39303661,566468
14,39614187,566468
14,39905745,566468
14,40199662,566468
14,40545299,566468
14,40911678,566468
14,41249868,566468
14,41737911,566468
14,42156400,566467
14,42710909,566467
14,43391498,566467
14,43818818,566467
14,44218803,566467
14,44570912,566466
14,44944987,566466
14,45276546,566466
14,45590186,566466
14,45900610,566465
14,46206975,566465
14,46595720,566465
14,46899838,566465
14,47211582,566465
14,47532744,566465
14,47825418,566465
14,48140226,566465
14,48449676,566465
14,48758066,566465
14,49049490,566465
14,49383804,566465
14,49672608,566465
14,50018479,566464
14,50349998,566464
14,50686327,566464
14,51118431,566464
15,603517,566466
15,975389,566732
15,1291576,567187
15,1599030,567495
15,1930813,567810
15,2249550,568017
15,2554509,567755
15,2868092,567763
15,3160402,567940
15,3450205,567920
15,3748465,567977
15,4054798,568179
15,4367584,568238
15,4664324,568270
15,4974012,568429
15,5285603,568499
15,5599213,568484
15,5912945,568574
15,6224382,568647
15,6557868,568630
15,6874890,568665
15,7163700,568675
15,7477238,568641
15,7789471,568654
15,8102069,568663
15,8416029,568631
15,8709771,568629
15,9023715,568627
15,9333527,568607
15,9632071,568616
15,9940566,568612
15,10256476,568593
15,10566142,568595
15,10884550,568589
15,11191034,568543
15,11528794,568454
15,11840433,568366
15,12171750,568318
15,12506543,568278
15,12820613,568254
15,13136203,568261
15,13444507,568290
15,13785152,568325
15,14090891,568373
15,14423676,568419
15,14764248,568457
15,15074373,568487
15,15390607,568497
15,15741489,568501
15,16052787,568505
15,16366474,568506
15,16688825,568507
15,17020059,568505
15,17346990,568504
15,17686956,568506
15,18043603,568504
15,18371706,568500
15,18709894,568495
15,19082150,568492
15,19434310,568487
15,19798838,568481
15,20149749,568481
15,20480167,568481
15,20813362,568481
15,21170554,568483
15,21501197,568485
15,21860907,568486
15,22215664,568486
15,22568368,568486
15,22955909,568486
15,23299124,568484
15,23662437,568483
15,24008781,568481
15,24366744,568480
15,24716239,568480
15,25070573,568479
15,25413101,568479
15,25766468,568480
15,26116295,568479
15,26471244,568480
15,26825525,568480
15,27196761,568481
15,27593334,568479
15,27973551,568478
15,28371808,568479
15,28747827,568477
15,29123861,568477
15,29498720,568477
15,29853726,568476
15,30204455,568475
15,30579667,568475
15,30979171,568475
15,31330683,568475
15,31712344,568475
15,32100012,568475
15,32480780,568475
15,32886731,568474
15,33276340,568474
15,33683237,568473
15,34049607,568473
15,34426718,568472
15,34819803,568472
15,35231656,568472
15,35627496,568472
15,36005466,568471
15,36403190,568471
15,36780504,568471
15,37175925,568471
15,37543846,568470
15,37948996,568471
15,38360058,568469
15,38778336,568469
15,39174412,568469
15,39547934,568469
15,39967679,568469
15,40359620,568469
15,40754867,568469
15,41129569,568469
15,41524391,568468
15,41901461,568470
15,42290124,568469
15,42641706,568468
15,43017976,568468
15,43377269,568469
15,43777696,568468
15,44150960,568468
15,44544080,568469
15,44926596,568468
15,45316379,568468
15,45736407,568468
15,46127198,568468
15,46502742,568468
15,46902505,568468
15,47287146,568468
15,47745933,568467
15,48149633,568467
15,48558824,568468
15,48992059,568467
15,49386742,568467
15,49778923,568468
15,50195652,568468
15,50595614,568468
15,50993700,568468
15,51366029,568468
15,51754174,568468
15,52133929,568468
15,52511438,568468
15,52908757,568468
15,53302686,568468
15,53696075,568468
15,54074398,568468
15,54481066,568467
15,54885430,568467
15,55276765,568468
15,55682842,568467
15,56073484,568467
15,56442574,568467
15,56840714,568467
15,57212028,568467
15,57606522,568467
15,58003370,568467
15,58377435,568467
15,58799974,568467
15,59193903,568467
15,59605725,568466
15,59985076,568466
15,60376872,568467
15,60746155,568467
16,775297,568476
16,1177262,568888
16,1594492,569403
16,1988198,569801
16,2385809,570014
16,2779646,569719
16,3175908,569913
16,3572413,569926
16,3944810,570023
16,4304476,570227
16,4696923,570252
16,5070014,570436
16,5470111,570499
16,5844576,570530
16,6241773,570649
16,6635595,570636
16,7028902,570679
16,7431401,570658
16,7823233,570651
16,8220315,570666
16,8593268,570632
16,8988410,570639
16,9371410,570613
16,9752153,570621
16,10131136,570607
16,10529753,570598
16,10904872,570596
16,11302267,570560
16,11673010,570462
16,12029869,570353
16,12425311,570311
16,12820148,570262
16,13219424,570263
16,13624045,570296
16,14015620,570349
16,14425897,570401
16,14819823,570452
16,15200851,570490
16,15592283,570500
16,15965745,570504
16,16327864,570507
16,16719051,570509
16,17105638,570507
16,17472070,570507
16,17863831,570509
16,18267398,570508
16,18635460,570498
16,19050597,570496
16,19447820,570492
16,19819460,570484
16,20176962,570483
16,20573117,570483
16,20945166,570483
16,21306339,570487
16,21695228,570490
16,22049952,570490
16,22428136,570490
16,22820601,570490
16,23189488,570490
16,23551300,570487
16,23966273,570485
16,24322233,570485
16,24717557,570483
16,25122981,570483
16,25509603,570483
16,25904818,570484
16,26327780,570484
16,26720479,570484
16,27125241,570484
16,27495894,570484
16,27864972,570484
16,28244779,570484
16,28616059,570483
16,28985816,570483
16,29345726,570482
16,29739951,570482
16,30147985,570482
16,30510216,570482
16,30925348,570482
16,31325482,570482
16,31715377,570482
16,32102758,570482
16,32467503,570482
16,32863379,570482
16,33264578,570481
16,33738333,570480
16,34150569,570480
16,34561518,570480
16,34926553,570479
16,35322412,570479
16,35718156,570479
16,36111207,570479
16,36493029,570479
16,36869250,570478
16,37307668,570477
16,37724385,570477
16,38146088,570477
16,38557983,570477
16,38947526,570476
16,39319147,570476
16,39667938,570475
16,40167409,570475
16,40709863,570475
16,41123292,570475
16,41461705,570474
16,41815886,570474
16,42181474,570474
16,42534835,570474
16,42905000,570474
16,43276443,570474
16,43648997,570474
16,43986508,570474
16,44336039,570473
16,44717635,570472
16,45086363,570472
16,45466177,570472
16,45815294,570472
16,46151460,570472
16,46486115,570472
16,46793755,570472
16,47112204,570472
16,47398173,570472
16,47721073,570472
16,48020726,570471
16,48331845,570471
16,48639764,570471
16,48989789,570471
16,49348806,570471
16,49686066,570471
16,49997125,570471
16,50338611,570471
16,50692448,570471
16,51019685,570471
16,51341265,570471
16,51693059,570470
16,52025975,570470
16,52466879,570471
16,52881792,570471
16,53297219,570470
16,53648236,570469
16,54051027,570469
16,54416284,570469
16,55248373,570469
16,55712572,570469
16,56058629,570469
16,56404859,570469
16,56754548,570469
16,57106266,570469
16,57466977,570469
16,57844429,570469
16,58191121,570469
16,58555358,570469
17,681433,570470
17,1047700,570737
17,1392551,571255
17,1745672,571578
17,2107387,571984
17,2458439,571894
17,2837570,571721
17,3191577,571944
17,3536702,571914
17,3893095,572053
17,4245057,572227
17,4611801,572242
17,4960709,572400
17,5336932,572491
17,5693476,572491
17,6048003,572606
17,6399391,572635
17,6774228,572642
17,7152089,572674
17,7525406,572639
17,7913161,572664
17,8296754,572644
17,8648469,572629
17,9027153,572630
17,9396979,572609
17,9782447,572620
17,10160097,572600
17,10553331,572599
17,10949963,572589
17,11323657,572538
17,11677336,572428
17,12060182,572344
17,12452102,572308
17,12837574,572264
17,13224552,572277
17,13596114,572311
17,13999260,572355
17,14364155,572407
17,14725160,572455
17,15125318,572488
17,15492887,572498
17,15888933,572504
17,16280208,572505
17,16658145,572507
17,17057017,572505
17,17426697,572505
17,17782804,572506
17,18179157,572505
17,18552031,572500
17,18909364,572494
17,19300930,572491
17,19678304,572485
17,20095483,572485
17,20489297,572484
17,20856692,572485
17,21223963,572488
17,21618659,572488
17,22033324,572490
17,22461972,572491
17,22866531,572490
17,23264452,572488
17,23678813,572488
17,24078036,572485
17,24448816,572485
17,24858635,572485
17,25228695,572485
17,25615257,572485
17,26013753,572485
17,26383586,572485
17,26759499,572486
17,27159505,572484
17,27551614,572485
17,27919837,572485
17,28283305,572484
17,28697153,572484
17,29054979,572484
17,29448754,572484
17,29838812,572482
17,30225727,572483
17,30619890,572483
17,31011264,572483
17,31405911,572482
17,31761018,572482
17,32139853,572483
17,32532449,572481
17,32905200,572481
17,33261756,572481
17,33654911,572481
17,34016666,572480
17,34407615,572479
17,34780451,572479
17,35158551,572480
17,35552728,572479
17,35911610,572479
17,36301671,572479
17,36678639,572479
17,37083070,572479
17,37449502,572479
17,37858949,572478
17,38229140,572477
17,38617958,572477
17,39035933,572477
17,39447163,572477
17,39803926,572477
17,40199740,572477
17,40572260,572476
17,40931087,572476
17,41322097,572476
17,41678317,572475
17,42054626,572475
17,42448872,572475
17,42803831,572475
17,43178501,572475
17,43553015,572475
17,43950204,572475
17,44342990,572475
17,44698021,572475
17,45081522,572474
17,45469384,572474
17,45859792,572474
17,46243801,572474
17,46669284,572474
17,47039077,572474
17,47428363,572473
17,47855694,572473
17,48245135,572472
17,48656144,572472
17,49014363,572472
17,49404937,572472
17,49781991,572471
17,50160201,572472
17,50551992,572471
17,50920787,572470
17,51283297,572471
17,51676412,572471
17,52033319,572471
17,52417091,572471
17,52803762,572471
17,53178347,572470
17,53572880,572470
17,53929460,572470
17,54323972,572470
17,54697304,572470
17,55054488,572470
17,55448657,572470
17,55822427,572469
18,735327,572478
18,1119050,572882
18,1534296,573397
18,1950215,573795
18,2347375,573972
18,2741376,573713
18,3097584,573877
18,3471599,573916
18,3864704,574013
18,4287157,574216
18,4662651,574254
18,5057170,574446
18,5454501,574482
18,5844512,574516
18,6201270,574634
18,6596445,574623
18,6990669,574665
18,7348969,574651
18,7719805,574635
18,8074294,574658
18,8431128,574627
18,8803151,574625
18,9158278,574614
18,9553022,574608
18,9908435,574614
18,10306583,574593
18,10681702,574597
18,11052789,574582
18,11413135,574502
18,11804813,574390
18,12178784,574328
18,12578367,574285
18,12948404,574258
18,13305882,574284
18,13738546,574319
18,14122188,574374
18,14500406,574428
18,14888634,574476
18,15305805,574496
18,15698030,574503
18,16053636,574508
18,16432515,574508
18,16823676,574507
18,17178555,574506
18,17556092,574506
18,17948238,574505
18,18318142,574504
18,18680068,574498
18,19073460,574494
18,19450772,574489
18,19845784,574488
18,20251275,574486
18,20638016,574486
18,21044333,574489
18,21438114,574490
18,21827753,574491
18,22200005,574492
18,22577429,574491
18,22971696,574491
18,23347922,574490
18,23739881,574487
18,24096576,574487
18,24474369,574487
18,24867232,574486
18,25256303,574486
18,25639108,574486
18,26053308,574487
18,26413760,574487
18,26802644,574487
18,27180136,574487
18,27575969,574487
18,27948413,574486
18,28306918,574485
18,28699283,574485
18,29073446,574484
18,29429581,574484
18,29823281,574483
18,30200934,574483
18,30595336,574483
18,30969021,574483
18,31347822,574483
18,31739618,574483
18,32094689,574483
18,32456357,574482
18,32843768,574481
18,33230533,574481
18,33620189,574481
18,33996328,574480
18,34394494,574480
18,34761089,574480
18,35119719,574480
18,35522038,574480
18,35888522,574479
18,36285578,574479
18,36657051,574479
18,37052180,574479
18,37432289,574478
18,37823958,574478
18,38190183,574478
18,38597458,574476
18,38991327,574477
18,39368454,574477
18,39765591,574475
18,40177053,574475
18,40555029,574476
18,40949457,574475
18,41304991,574474
18,41676766,574474
18,42053228,574474
18,42430173,574474
18,42807234,574474
18,43198289,574474
18,43618157,574473
18,44016088,574473
18,44429827,574472
18,44823297,574472
18,45199791,574472
18,45586477,574472
18,45971386,574472
18,46367216,574472
18,46744290,574472
18,47135948,574472
18,47497396,574472
18,47872379,574472
18,48282427,574472
18,48679640,574472
18,49074514,574472
18,49450812,574472
19,747381,574480
19,1131662,574889
19,1545442,575353
19,1900455,575663
19,2298757,576017
19,2692480,575728
19,3092147,575873
19,3483351,575919
19,3858962,576010
19,4263274,576206
19,4670721,576247
19,5093949,576433
19,5485909,576471
19,5863661,576528
19,6263326,576621
19,6628609,576618
19,7032858,576660
19,7423922,576634
19,7795990,576642
19,8196650,576645
19,8589139,576620
19,8995206,576621
19,9385850,576603
19,9795498,576614
19,10152973,576595
19,10546296,576597
19,10920227,576591
19,11297911,576552
19,11692671,576431
19,12101646,576352
19,12466228,576313
19,12857512,576270
19,13213904,576279
19,13587989,576306
19,13942980,576352
19,14338726,576405
19,14712093,576448
19,15071214,576489
19,15465513,576502
19,15839718,576507
19,16238311,576507
19,16609762,576508
19,17016621,576505
19,17419935,576505
19,17777387,576506
19,18176063,576506
19,18548602,576502
19,18942578,576497
19,19341763,576493
19,19732941,576491
19,20092273,576489
19,20484464,576489
19,20857857,576489
19,21228423,576492
19,21611606,576492
19,21999854,576494
19,22380475,576494
19,22794932,576494
19,23152050,576493
19,23545924,576492
19,23920847,576490
19,24298072,576488
19,24691030,576488
19,25047983,576487
19,25441140,576487
19,25818438,576488
19,26221881,576488
19,26610997,576488
19,27000090,576488
19,27403003,576488
19,27796900,576488
19,28196733,576486
19,28586722,576486
19,28942474,576486
19,29342347,576485
19,29712908,576485
19,30071683,576485
19,30486758,576485
19,30883762,576484
19,31299521,576484
19,31693016,576485
19,32091054,576484
19,32462878,576484
19,32817477,576483
19,33192892,576483
19,33587508,576482
19,33942412,576481
19,34318858,576482
19,34713391,576482
19,35089508,576481
19,35505453,576481
19,35898762,576481
19,36285844,576481
19,36672754,576480
19,37094214,576480
19,37483208,576480
19,37839061,576479
19,38216912,576479
19,38610211,576479
19,39001048,576479
19,39401862,576479
19,39796082,576479
19,40154533,576479
19,40547598,576478
19,40920843,576478
19,41298108,576478
19,41691154,576478
19,42049372,576477
19,42443422,576477
19,42816586,576477
19,43176934,576477
19,43566303,576477
19,43944804,576477
19,44338299,576477
19,44712048,576476
19,45069332,576476
19,45462717,576476
19,45849383,576476
19,46238259,576476
19,46612259,576475
19,47012178,576476
19,47420617,576476
19,47795282,576475
19,48158922,576476
19,48549669,576476
19,48942764,576476
19,49322633,576476
19,49712895,576476
19,50112436,576475
19,50490505,576475
19,50858554,576475
19,51262355,576475
19,51669950,576476
19,52045160,576476
19,52404404,576475
19,52796856,576475
19,53195780,576475
19,53569759,576475
19,53972106,576475
19,54338280,576475
19,54732273,576474
19,55111164,576474
19,55503564,576474
19,55863490,576474
19,56239520,576474
19,56629337,576474
19,57046851,576475
19,57441126,576475
19,57818326,576475
19,58213867,576475
19,58588577,576474
19,59001808,576474
19,59366421,576474
19,59759718,576474
19,60176943,576474
19,60579111,576474
19,60947931,576474
19,61342563,576474
19,61715230,576474
19,62113058,576474
19,62510903,576474
19,62902002,576474
19,63296436,576474
19,63691291,576473
20,748303,576484
20,1144464,576885
20,1556592,577398
20,1955732,577793
20,2350614,577995
20,2710017,577729
20,3080162,577842
20,3434693,577919
20,3853764,578012
20,4247698,578204
20,4645512,578234
20,5021827,578391
20,5392323,578476
20,5755500,578494
20,6145982,578607
20,6550050,578617
20,6948080,578652
20,7341162,578644
20,7730938,578635
20,8101498,578654
20,8509613,578626
20,8884844,578630
20,9273595,578613
20,9652368,578620
20,10039143,578607
20,10434436,578601
20,10812794,578600
20,11207582,578582
20,11594118,578486
20,11980005,578375
20,12351023,578337
20,12711149,578282
20,13121740,578266
20,13477293,578296
20,13873748,578326
20,14248823,578389
20,14644541,578432
20,15027365,578481
20,15415335,578499
20,15869330,578505
20,16400761,578507
20,16958905,578507
20,17372834,578505
20,17863174,578508
20,18306318,578508
20,18780044,578500
20,19224459,578498
20,19719578,578490
20,20239502,578489
20,20745414,578491
20,21240137,578494
20,21783776,578494
20,22282736,578497
20,22789230,578496
20,23204438,578496
20,23609868,578495
20,23976328,578491
20,24370065,578490
20,24726967,578490
20,25096766,578490
20,25449343,578490
20,25826941,578491
20,26178242,578493
20,26575684,578492
20,26935423,578492
20,27369852,578493
20,27804694,578492
20,28235264,578490
20,28623377,578490
20,28995937,578490
20,29349407,578490
20,29727640,578489
20,30121556,578489
20,30471487,578489
20,30870122,578489
20,31222876,578489
20,31599932,578490
20,31955143,578490
20,32367665,578487
20,32726245,578488
20,33139802,578488
20,33508253,578487
20,33889128,578487
20,34242845,578487
20,34625353,578486
20,35071060,578486
20,35490163,578486
20,35902464,578486
20,36265749,578487
20,36618546,578486
20,36974216,578486
20,37319807,578486
20,37675606,578486
20,38051453,578485
20,38440346,578485
20,38818541,578485
20,39166196,578485
20,39475760,578484
20,39785660,578484
20,40095944,578484
20,40408112,578484
20,40697864,578484
20,41008845,578484
20,41321686,578484
20,41636873,578484
20,41927599,578483
20,42245983,578483
20,42570351,578482
20,42885455,578481
20,43184069,578481
20,43478961,578482
20,43821091,578482
20,44154507,578481
20,44465782,578481
20,44812031,578481
20,45171777,578480
20,45494704,578480
20,45841126,578480
20,46154911,578480
20,46466023,578480
20,46808404,578480
20,47158055,578480
20,47493152,578478
20,47850840,578478
20,48216841,578478
20,48543353,578479
20,48879216,578478
20,49217721,578478
20,49538573,578478
20,49892160,578477
20,50218372,578476
20,50566742,578476
20,50939102,578477
20,51296344,578477
20,51656200,578476
20,52055861,578476
20,52416547,578476
20,52770535,578476
20,53119142,578475
20,53471146,578475
20,53798520,578475
20,54144175,578475
20,54484673,578475
20,54797443,578474
20,55121199,578474
20,55461220,578474
20,55793937,578474
20,56130369,578474
20,56444899,578474
20,56776589,578474
21,647816,578476
21,991492,578736
21,1341294,579235
21,1713194,579561
21,2075513,579971
21,2427473,579880
21,2776847,579719
21,3135956,579936
21,3488507,579909
21,3844280,580054
21,4219292,580226
21,4576942,580241
21,4938069,580400
21,5293243,580490
21,5661277,580491
21,6020223,580606
21,6375925,580636
21,6751362,580640
21,7105064,580675
21,7490099,580639
21,7863440,580660
21,8211671,580650
21,8584708,580630
21,8983473,580631
21,9367551,580613
21,9758930,580623
21,10131481,580605
21,10484336,580604
21,10840540,580596
21,11258809,580555
21,11613176,580432
21,12014555,580349
21,12433531,580305
21,12831954,580268
21,13200523,580290
21,13617042,580321
21,14012992,580380
21,14434723,580431
21,14828694,580482
21,15247094,580503
21,15621486,580508
21,16018102,580513
21,16413271,580514
21,16786596,580511
21,17205316,580509
21,17597037,580514
21,17971958,580511
21,18367805,580509
21,18762216,580504
21,19141454,580501
21,19537193,580495
21,19910661,580494
21,20308491,580494
21,20687619,580495
21,21083823,580497
21,21494059,580498
21,21908909,580499
21,22309207,580499
21,22694217,580499
21,23104471,580499
21,23494772,580498
21,23890649,580495
21,24270745,580494
21,24640423,580494
21,25014159,580494
21,25393034,580494
21,25786077,580494
21,26186745,580495
21,26560895,580495
21,26931441,580494
21,27329596,580494
21,27743651,580494
21,28142329,580493
21,28514184,580492
21,28909645,580492
21,29287355,580492
21,29684179,580489
21,30071209,580491
21,30475032,580491
21,30872632,580490
21,31245009,580490
21,31617446,580490
21,31993518,580490
21,32391850,580489
21,32784870,580489
21,33183512,580489
21,33580527,580487
21,33961208,580487
21,34348882,580487
21,34743347,580487
21,35118430,580487
21,35513178,580486
21,35886328,580486
21,36285640,580486
21,36682645,580486
21,37070807,580486
21,37475345,580485
21,37866456,580485
21,38244039,580484
21,38640431,580483
21,39012113,580484
21,39410167,580483
21,39784588,580482
21,40183415,580482
21,40581016,580482
21,40948366,580482
21,41369530,580480
21,41767017,580481
21,42143100,580481
21,42537047,580479
21,42954838,580479
21,43369876,580481
21,43764208,580478
21,44163428,580478
21,44534522,580479
21,44933729,580479
21,45334627,580478
21,45717993,580478
21,46123731,580478
21,46508452,580478
21,46880670,580478
21,47247686,580478
21,47641303,580478
21,48016101,580477
21,48435681,580477
21,48827353,580477
21,49245965,580477
21,49617637,580477
21,50013709,580477
21,50410101,580477
21,50776564,580477
21,51134845,580477
21,51526232,580477
21,51906983,580477
21,52309208,580477
21,52684981,580477
21,53086735,580477
22,716372,580479
22,1074387,580744
22,1452956,581313
22,1823703,581615
22,2202104,582017
22,2596912,581801
22,2955495,581774
22,3333012,581942
22,3721771,581938
22,4083489,582153
22,4452491,582224
22,4850914,582318
22,5233115,582478
22,5628069,582479
22,6013018,582589
22,6392166,582628
22,6796876,582640
22,7177232,582668
22,7562804,582634
22,7957287,582663
22,8355373,582637
22,8741073,582634
22,9094008,582625
22,9473401,582617
22,9869006,582623
22,10224514,582604
22,10596120,582607
22,10951169,582598
22,11306436,582563
22,11701089,582450
22,12074687,582362
22,12450318,582329
22,12802677,582273
22,13203533,582283
22,13594191,582307
22,13950028,582347
22,14325624,582401
22,14677401,582446
22,15052663,582493
22,15449298,582507
22,15801892,582512
22,16197348,582515
22,16577136,582514
22,16928477,582511
22,17306372,582510
22,17699527,582513
22,18075357,582513
22,18451128,582509
22,18834214,582505
22,19223823,582503
22,19596975,582497
22,19949767,582494
22,20307319,582495
22,20679908,582495
22,21052433,582496
22,21452073,582501
22,21846596,582501
22,22215331,582500
22,22575258,582500
22,22926465,582500
22,23304923,582499
22,23678284,582497
22,24051062,582495
22,24450941,582495
22,24802102,582494
22,25184419,582494
22,25573651,582494
22,25947357,582494
22,26304296,582496
22,26679160,582494
22,27072542,582495
22,27454205,582495
22,27847509,582495
22,28213643,582494
22,28598970,582494
22,28969560,582494
22,29326218,582493
22,29680756,582492
22,30052214,582492
22,30452484,582493
22,30847246,582493
22,31222286,582492
22,31574437,582492
22,31927277,582492
22,32305365,582492
22,32701213,582491
22,33054895,582491
22,33430640,582491
22,33826085,582490
22,34185413,582490
22,34554423,582490
22,34928361,582490
22,35305782,582489
22,35678040,582489
22,36052483,582489
22,36449149,582489
22,36801789,582488
22,37186088,582487
22,37552946,582487
22,37926539,582487
22,38308642,582487
22,38681047,582487
22,39052474,582486
22,39430718,582486
22,39824024,582486
22,40185283,582486
22,40574835,582486
22,40948454,582486
22,41304921,582485
22,41677635,582485
22,42072691,582485
22,42455817,582484
22,42858598,582484
22,43268901,582483
22,43663466,582483
22,44074710,582483
22,44450536,582483
22,44803778,582483
22,45200009,582483
22,45557325,582483
22,45950830,582483
22,46328498,582482
22,46743031,582482
22,47094509,582481
22,47494724,582480
22,47866911,582481
22,48222139,582481
22,48575673,582481
22,48926524,582481
22,49308476,582481
22,49699839,582481
22,50051940,582481
22,50431298,582480
22,50827448,582480
22,51180662,582480
22,51554762,582480
22,51961597,582480
22,52352731,582480
22,52723179,582480
22,53073133,582479
22,53452234,582479
22,53848421,582479
22,54224000,582478
22,54618346,582478
22,54973139,582479
22,55370060,582479
22,55742882,582478
22,56096159,582478
22,56471243,582478
22,56824692,582478
22,57184580,582478
22,57595393,582478
22,57948830,582478
22,58304594,582477
23,720077,582503
23,1139756,582894
23,1520106,583409
23,1894647,583735
23,2250141,584011
23,2665449,583724
23,3018779,583890
23,3417104,583927
23,3789087,583977
23,4145152,584225
23,4540546,584233
23,4914970,584371
23,5271697,584496
23,5686339,584484
23,6036929,584620
23,6436581,584630
23,6787169,584640
23,7167580,584669
23,7582035,584633
23,7936887,584663
23,8337502,584632
23,8746161,584630
23,9117699,584626
23,9477274,584613
23,9869774,584623
23,10226299,584599
23,10600835,584605
23,10995097,584591
23,11372700,584539
23,11725212,584428
23,12123633,584347
23,12497014,584308
23,12848592,584268
23,13226600,584287
23,13600267,584314
23,13973829,584358
23,14374768,584417
23,14749444,584469
23,15145795,584499
23,15518799,584508
23,15874155,584513
23,16237836,584515
23,16621073,584514
23,16995010,584509
23,17371957,584509
23,17726547,584511
23,18125277,584511
23,18516902,584506
23,18891200,584503
23,19247180,584500
23,19600328,584497
23,19974948,584495
23,20372887,584495
23,20725595,584495
23,21107254,584498
23,21495196,584499
23,21848232,584498
23,22227015,584499
23,22620030,584499
23,22974261,584499
23,23355265,584498
23,23748483,584497
23,24104008,584495
23,24476942,584495
23,24872344,584494
23,25229526,584494
23,25599499,584495
23,25972931,584495
23,26354068,584496
23,26726372,584496
23,27104360,584496
23,27497752,584496
23,27850619,584495
23,28229225,584495
23,28623304,584494
23,28974411,584494
23,29352677,584494
23,29748145,584493
23,30107152,584492
23,30498550,584492
23,30869645,584492
23,31227642,584492
23,31622672,584492
23,31994955,584493
23,32349798,584493
23,32733789,584491
23,33122779,584491
23,33474608,584491
23,33847797,584491
23,34249410,584490
23,34644023,584490
23,35018381,584490
23,35415916,584490
23,35789035,584490
23,36144458,584490
23,36495309,584490
23,36850085,584490
23,37227907,584489
23,37621679,584489
23,37973371,584489
23,38349329,584487
23,38745796,584488
23,39151207,584487
23,39520477,584487
23,39894553,584487
23,40260324,584487
23,40648062,584487
23,41016887,584487
23,41417608,584487
23,41808684,584487
23,42184860,584486
23,42537750,584485
23,42891529,584485
23,43246713,584485
23,43620055,584485
23,43973840,584484
23,44350662,584485
23,44745092,584485
23,45117177,584484
23,45477821,584484
23,45872055,584484
23,46228828,584484
23,46622098,584484
23,46996776,584484
23,47375468,584483
23,47765931,584483
23,48121829,584482
23,48476017,584482
23,48851089,584482
23,49250175,584482
23,49643564,584482
23,50017386,584482
23,50435283,584482
23,50785973,584482
23,51142303,584481
23,51495813,584482
23,51848090,584481
23,52228498,584480
23,52621792,584480
23,52973585,584480
23,53355586,584480
23,53754364,584480
23,54131645,584480
23,54525352,584480
23,54911804,584479
23,55285840,584479
23,55635566,584479
23,55986283,584479
23,56364572,584479
23,56724207,584480
23,57095437,584480
23,57491962,584479
24,703163,584488
24,1078284,584822
24,1419516,585312
24,1767567,585614
24,2118923,586009
24,2475489,585890
24,2804565,585724
24,3158345,585941
24,3492276,585918
24,3825773,586021
24,4180050,586218
24,4540138,586232
24,4905057,586373
24,5243295,586491
24,5604740,586475
24,5937429,586572
24,6267317,586639
24,6625925,586623
24,6963914,586668
24,7312502,586656
24,7667402,586640
24,8020334,586666
24,8374182,586634
24,8733306,586637
24,9085980,586631
24,9417147,586614
24,9770663,586628
24,10127123,586609
24,10478915,586608
24,10842074,586604
24,11187511,586585
24,11524666,586509
24,11887366,586383
24,12280260,586341
24,12649250,586296
24,13014434,586273
24,13406469,586302
24,13781125,586331
24,14138198,586392
24,14531461,586437
24,14909330,586483
24,15265941,586509
24,15663933,586514
24,16043040,586517
24,16435212,586518
24,16829695,586514
24,17207260,586512
24,17601625,586512
24,17976531,586514
24,18377478,586512
24,18788326,586507
24,19185944,586505
24,19579542,586500
24,19940140,586497
24,20332691,586498
24,20725727,586498
24,21103797,586500
24,21495953,586501
24,21882860,586502
24,22267130,586502
24,22642290,586503
24,23090608,586502
24,23464383,586501
24,23864004,586499
24,24233756,586498
24,24624182,586497
24,25044754,586497
24,25434815,586497
24,25808481,586497
24,26206084,586497
24,26580062,586498
24,26938223,586498
24,27330269,586497
24,27704815,586497
24,28062786,586497
24,28485451,586497
24,28887533,586496
24,29247890,586496
24,29641199,586495
24,30018762,586495
24,30412233,586495
24,30768370,586495
24,31146112,586495
24,31538215,586495
24,31942003,586494
24,32312651,586495
24,32709042,586494
24,33087677,586493
24,33476931,586493
24,33867659,586493
24,34267679,586492
24,34661859,586492
24,35024574,586492
24,35393052,586492
24,35787304,586492
24,36144694,586492
24,36515659,586492
24,36914624,586492
24,37310709,586491
24,37682765,586490
24,38041152,586490
24,38413810,586489
24,38808073,586488
24,39191261,586488
24,39580607,586488
24,39978080,586488
24,40357097,586488
24,40750462,586488
24,41163184,586488
24,41559451,586486
24,41940047,586486
24,42332106,586486
24,42704141,586485
24,43060163,586485
24,43455436,586485
24,43828920,586485
24,44226633,586485
24,44601598,586484
24,45008307,586484
24,45376564,586484
24,45766853,586484
24,46148174,586483
24,46542101,586483
24,46915366,586483
24,47312972,586483
24,47717711,586483
24,48090345,586483
24,48481864,586483
24,48868163,586483
24,49272368,586482
24,49663961,586482
24,50063851,586482
24,50432764,586482
24,50788776,586482
24,51184603,586482
24,51557884,586482
24,51917278,586482
24,52286942,586482
24,52642321,586482
24,53049609,586482
24,53417858,586481
24,53809803,586481
24,54190395,586481
24,54583999,586481
24,55003328,586481
24,55393301,586481
24,55787639,586481
24,56168250,586481
24,56538098,586481
24,56908828,586480
24,57295094,586480
24,57684160,586480
24,58087523,586480
24,58479406,586480
25,742146,586490
25,1121903,586821
25,1495082,587364
25,1892231,587734
25,2284460,588026
25,2641474,587760
25,3015354,587815
25,3409767,587941
25,3787696,587987
25,4182474,588209
25,4594083,588235
25,4980261,588404
25,5369124,588491
25,5751973,588501
25,6144417,588631
25,6550046,588629
25,6916504,588665
25,7307459,588666
25,7692015,588647
25,8081227,588670
25,8495966,588639
25,8894588,588643
25,9285701,588625
25,9666533,588633
25,10036129,588621
25,10452594,588614
25,10812497,588612
25,11201832,588588
25,11621407,588478
25,12015176,588381
25,12390390,588344
25,12788904,588292
25,13181455,588294
25,13573787,588318
25,13949240,588360
25,14347909,588419
25,14745821,588468
25,15159387,588503
25,15514775,588513
25,15918266,588517
25,16310852,588518
25,16692759,588517
25,17059633,588514
25,17458072,588514
25,17883322,588516
25,18265563,588516
25,18646609,588510
25,19038816,588508
25,19409109,588506
25,19770981,588502
25,20184394,588501
25,20592546,588500
25,20954944,588503
25,21347235,588503
25,21724818,588505
25,22119314,588505
25,22512525,588505
25,22892247,588504
25,23283908,588504
25,23641367,588502
25,24014299,588501
25,24368392,588501
25,24723978,588500
25,25097098,588499
25,25492149,588499
25,25850039,588500
25,26237234,588501
25,26641710,588501
25,27036177,588500
25,27429689,588500
25,27786274,588500
25,28181049,588499
25,28569061,588497
25,28931331,588497
25,29325445,588497
25,29686176,588497
25,30059011,588497
25,30451018,588497
25,30869975,588497
25,31263688,588496
25,31644687,588496
25,32057178,588496
25,32450466,588497
25,32808805,588496
25,33185045,588495
25,33591052,588494
25,33950426,588495
25,34309756,588493
25,34708273,588493
25,35116820,588493
25,35473308,588493
25,35846880,588493
25,36242351,588493
25,36606712,588493
25,36993487,588493
25,37367743,588493
25,37749073,588492
25,38138630,588491
25,38504052,588491
25,38911761,588490
25,39304221,588490
25,39683962,588490
25,40076993,588490
25,40492406,588490
25,40858329,588490
25,41228620,588489
25,41620366,588489
25,41998035,588489
25,42404177,588488
25,42774229,588488
25,43166196,588488
25,43587622,588488
25,43974067,588487
25,44346479,588487
25,44745827,588487
25,45144702,588487
25,45514003,588487
25,45913210,588487
25,46284079,588487
25,46643980,588486
25,47057436,588486
25,47471353,588486
25,47886224,588486
25,48287528,588485
25,48684678,588485
25,49077526,588486
25,49470695,588485
25,49870682,588485
25,50285624,588484
25,50692397,588484
25,51065078,588484
25,51451575,588484
25,51874186,588484
25,52268607,588484
25,52644585,588484
25,53035613,588484
25,53410524,588484
25,53771125,588484
25,54181550,588484
25,54546932,588484
25,54934015,588484
25,55309386,588483
25,55705701,588483
25,56098350,588483
25,56472579,588483
25,56891989,588483
25,57284756,588483
25,57641693,588483
25,58013650,588483
25,58369012,588483
25,58765677,588483
25,59138695,588483
25,59493907,588483
25,59897881,588483
25,60288676,588482
25,60687240,588482
26,780277,588493
26,1186216,588890
26,1577188,589398
26,1994096,589794
26,2391687,589969
26,2782602,589721
26,3168172,589890
26,3536673,589920
26,3927511,590025
26,4290820,590228
26,4710311,590261
26,5103451,590436
26,5492247,590487
26,5884839,590524
26,6243396,590641
26,6637593,590630
26,7009602,590676
26,7411696,590652
26,7802580,590653
26,8182998,590666
26,8577338,590637
26,8967327,590644
26,9348261,590622
26,9720330,590635
26,10116579,590620
26,10493571,590616
26,10889396,590612
26,11286360,590603
26,11679055,590526
26,12086036,590392
26,12468459,590359
26,12843357,590304
26,13226263,590279
26,13594834,590308
26,13968271,590337
26,14370517,590396
26,14740537,590445
26,15141401,590489
26,15511700,590515
26,15907183,590518
26,16305398,590521
26,16682261,590521
26,17088932,590516
26,17448348,590514
26,17842765,590517
26,18220380,590517
26,18613668,590515
26,18990626,590512
26,19385325,590509
26,19739609,590507
26,20112605,590503
26,20474828,590501
26,20868210,590503
26,21245785,590505
26,21638516,590505
26,22009736,590506
26,22411206,590508
26,22780696,590507
26,23143924,590506
26,23535048,590506
26,23905643,590506
26,24268134,590501
26,24659617,590501
26,25031643,590502
26,25432590,590501
26,25839696,590501
26,26245160,590502
26,26617126,590502
26,27009836,590502
26,27408488,590502
26,27791693,590502
26,28203202,590501
26,28596639,590501
26,28989485,590500
26,29376445,590500
26,29742301,590500
26,30137785,590500
26,30511390,590499
26,30905546,590499
26,31292974,590499
26,31682062,590499
26,32088751,590500
26,32457333,590500
26,32847783,590499
26,33223501,590499
26,33636534,590497
26,34030231,590498
26,34427501,590498
26,34804898,590497
26,35204374,590496
26,35618899,590497
26,35990773,590497
26,36387145,590497
26,36781721,590496
26,37158630,590496
26,37551798,590495
26,37928414,590495
26,38366075,590495
26,38739199,590495
26,39109722,590494
26,39469920,590494
26,39863852,590493
26,40223112,590493
26,40593265,590493
26,40967277,590493
26,41345981,590492
26,41718655,590492
26,42111126,590492
26,42496378,590492
26,42889866,590492
26,43289255,590492
26,43680718,590491
26,44090787,590491
26,44471125,590490
26,44842843,590490
26,45225775,590490
26,45615537,590490
26,46009713,590490
26,46429337,590490
26,46826477,590489
26,47244333,590489
26,47615610,590488
26,48009718,590488
26,48408855,590488
26,48781465,590488
26,49137161,590487
26,49532194,590487
26,49905802,590487
26,50303805,590487
26,50683923,590487
26,51101383,590487
26,51496747,590487
26,52022553,590486
26,52591929,590485
26,53122154,590485
26,53629609,590485
26,54161446,590485
26,54658588,590485
26,55107730,590485
26,55495273,590485
26,55886723,590485
26,56377448,590485
26,56896888,590484
26,57375964,590484
26,57879919,590484
27,952678,590537
27,1401299,591051
27,1795118,591479
27,2184370,591858
27,2558551,591933
27,2977170,591728
27,3378205,591953
27,3788884,591925
27,4179732,592153
27,4594483,592232
27,4951655,592301
27,5320980,592469
27,5682262,592486
27,6032489,592546
27,6389328,592645
27,6764502,592640
27,7157962,592682
27,7517060,592661
27,7910262,592661
27,8268684,592676
27,8657954,592642
27,9034901,592651
27,9413129,592627
27,9807607,592638
27,10159255,592627
27,10535871,592616
27,10889847,592622
27,11267760,592604
27,11660097,592558
27,12013518,592436
27,12388350,592363
27,12784746,592327
27,13136575,592281
27,13514041,592303
27,13908717,592327
27,14266818,592372
27,14637371,592432
27,15032519,592472
27,15388577,592509
27,15760425,592517
27,16157167,592522
27,16517757,592524
27,16888528,592523
27,17286264,592519
27,17636895,592518
27,18085081,592520
27,18498589,592520
27,18915043,592516
27,19336931,592512
27,19714258,592509
27,20100663,592504
27,20473409,592503
27,20834612,592503
27,21232137,592505
27,21597828,592507
27,21943102,592508
27,22314846,592508
27,22709225,592509
27,23069347,592509
27,23439012,592509
27,23770122,592505
27,24118364,592505
27,24414510,592505
27,24727077,592505
27,25061526,592504
27,25393721,592504
27,25686163,592505
27,25993220,592505
27,26362784,592504
27,26698394,592505
27,26999839,592505
27,27389521,592505
27,27753155,592505
27,28101956,592504
27,28442244,592504
27,28785432,592503
27,29141998,592502
27,29521727,592502
27,29867070,592502
27,30281415,592502
27,30650648,592501
27,31037663,592501
27,31433430,592501
27,31771729,592500
27,32117202,592500
27,32473335,592500
27,32830276,592500
27,33183002,592499
27,33541782,592499
27,33868523,592499
27,34202471,592499
27,34531819,592499
27,34862851,592498
27,35181127,592498
27,35537262,592498
27,35863100,592498
27,36196657,592497
27,36631140,592496
27,37003608,592497
27,37338281,592495
27,37702236,592495
27,38048604,592496
27,38362159,592496
27,38674960,592495
27,39002688,592494
27,39328830,592494
27,39675557,592494
27,39991360,592494
27,40359592,592493
27,40707505,592492
27,41036416,592493
27,41387414,592492
27,41742669,592492
27,42103064,592492
27,42455899,592492
27,42832377,592492
27,43187431,592491
27,43538600,592491
27,43891880,592491
27,44247864,592491
27,44581639,592491
27,44935112,592491
27,45285254,592491
27,45647537,592491
27,45998667,592491
27,46359702,592490
27,46710790,592490
27,47061026,592490
27,47396872,592490
27,47748936,592490
27,48108542,592490
27,48471916,592490
27,48820863,592490
27,49170795,592490
27,49546942,592490
27,49899624,592490
27,50270191,592490
27,50628992,592488
27,51023644,592488
27,51381346,592489
27,51753159,592489
27,52149639,592488
27,52507873,592488
27,52878499,592489
27,53278030,592488
27,53663747,592486
27,54005888,592488
27,54407107,592488
27,54761781,592488
27,55134663,592485
27,55531159,592489
27,55884182,592486
27,56273773,592486
27,56657967,592487
27,57013862,592487
27,57385741,592485
27,57780128,592486
27,58153560,592488
27,58510160,592486
27,58884503,592485
27,59273505,592487
27,59654916,592486
27,60031245,592484
27,60418757,592486
27,60804561,592487
27,61156716,592483
27,61513744,592485
27,61888139,592486
27,62285816,592485
27,62670093,592484
27,63058965,592487
27,63462253,592484
27,63830137,592483
28,718595,592496
28,1082454,592899
28,1494372,593404
28,1910017,593802
28,2305170,594007
28,2776781,593737
28,3209261,593964
28,3601797,593930
28,4103468,594217
28,4542264,594254
28,4995320,594443
28,5375350,594502
28,5855566,594568
28,6281957,594652
28,6668401,594644
28,7035698,594690
28,7433217,594656
28,7938998,594684
28,8476129,594649
28,9019753,594647
28,9538673,594640
28,10069605,594626
28,10619838,594626
28,11044756,594614
28,11442291,594588
28,11934046,594419
28,12367956,594365
28,12753978,594315
28,13126373,594281
28,13518481,594306
28,13893750,594334
28,14282423,594388
28,14697552,594447
28,15099483,594497
28,15515529,594514
28,15890286,594522
28,16284947,594525
28,16682808,594525
28,17057038,594521
28,17447556,594520
28,17825852,594523
28,18177440,594523
28,18529803,594521
28,18905566,594516
28,19257281,594514
28,19618869,594508
28,20008240,594506
28,20360527,594506
28,20746918,594506
28,21137263,594506
28,21512273,594507
28,21865495,594509
28,22239810,594510
28,22638684,594510
28,22988972,594511
28,23360094,594509
28,23762744,594508
28,24111482,594506
28,24485058,594506
28,24888795,594506
28,25304367,594505
28,25658026,594504
28,26008613,594505
28,26362574,594505
28,26742075,594505
28,27161405,594505
28,27536331,594505
28,27913520,594505
28,28329639,594505
28,28724941,594505
28,29134668,594504
28,29486030,594504
28,29862839,594503
28,30257932,594503
28,30617456,594502
28,31009021,594502
28,31388528,594502
28,31794905,594502
28,32159026,594502
28,32507744,594502
28,32867050,594502
28,33240581,594501
28,33636130,594501
28,33988785,594501
28,34362044,594501
28,34739744,594501
28,35115826,594500
28,35516916,594500
28,35911434,594500
28,36299920,594500
28,36658796,594500
28,37009533,594500
28,37361294,594500
28,37741497,594499
28,38113610,594498
28,38508188,594499
28,38863703,594499
28,39237433,594498
28,39635784,594498
28,39987147,594498
28,40360252,594496
28,40758370,594497
28,41110820,594497
28,41486343,594497
28,41884060,594496
28,42236028,594496
28,42630881,594496
28,43010844,594495
28,43363007,594495
28,43741105,594495
28,44131443,594495
28,44506437,594494
28,44884699,594494
28,45256820,594494
28,45621757,594494
28,46007478,594494
28,46382112,594494
28,46738559,594494
28,47110840,594493
28,47505896,594493
28,47869403,594493
28,48239672,594492
28,48615664,594493
28,48987966,594491
28,49360233,594492
28,49740760,594492
28,50133139,594492
28,50486063,594492
28,50865281,594492
28,51249538,594491
28,51620766,594491
28,52009495,594491
28,52390332,594491
28,52780474,594491
28,53133522,594490
28,53506537,594490
28,53868099,594490
28,54259395,594490
28,54635381,594490
28,54987355,594490
28,55361713,594490
28,55758233,594490
28,56112083,594488
28,56485796,594489
28,56890319,594489
28,57304743,594489
28,57658267,594489
28,58010132,594489
28,58365619,594488
28,58741906,594488
28,59132184,594488
28,59488360,594488
28,59866647,594487
28,60261090,594486
28,60619735,594487
28,61012071,594487
28,61383005,594485
29,720699,594487
29,1078078,594750
29,1433285,595301
29,1828923,595614
29,2202062,596008
29,2562975,595803
29,2952178,595787
29,3306335,595962
29,3684897,595933
29,4045987,596171
29,4435148,596244
29,4810545,596310
29,5160933,596483
29,5521036,596493
29,5911390,596572
29,6285054,596657
29,6641765,596644
29,6993475,596690
29,7366657,596669
29,7765962,596668
29,8117654,596686
29,8506308,596650
29,8893715,596657
29,9246165,596637
29,9622240,596639
29,9994160,596635
29,10387658,596621
29,10744721,596625
29,11118776,596612
29,11503723,596578
29,11899703,596438
29,12284881,596371
29,12641658,596335
29,12994127,596282
29,13367345,596297
29,13770417,596323
29,14164145,596369
29,14518183,596424
29,14900029,596471
29,15289727,596510
29,15642402,596520
29,16014597,596526
29,16366635,596527
29,16747363,596526
29,17142292,596523
29,17497007,596522
29,17871173,596525
29,18267634,596526
29,18621443,596522
29,18997010,596517
29,19388406,596514
29,19744239,596510
29,20119214,596508
29,20518204,596508
29,20868776,596508
29,21242845,596509
29,21640756,596512
29,21993710,596512
29,22368332,596512
29,22766193,596513
29,23118267,596514
29,23499727,596510
29,23867617,596510
29,24262611,596508
29,24628879,596507
29,25025237,596505
29,25389644,596506
29,25748699,596507
29,26120596,596507
29,26498062,596507
29,26871021,596507
29,27241547,596507
29,27644613,596507
29,27992600,596507
29,28370307,596506
29,28769662,596506
29,29120535,596505
29,29497057,596504
29,29889952,596504
29,30242289,596504
29,30621843,596503
29,31015364,596503
29,31367227,596503
29,31747911,596503
29,32139053,596503
29,32499584,596502
29,32870564,596502
29,33262449,596502
29,33621024,596501
29,33993099,596501
29,34387319,596501
29,34743450,596501
29,35117793,596500
29,35529204,596499
29,35898232,596500
29,36284137,596499
29,36644962,596499
29,37017651,596499
29,37370025,596499
29,37745483,596497
29,38121370,596497
29,38497624,596497
29,38880488,596497
29,39245651,596496
29,39620344,596496
29,39993227,596495
29,40393339,596495
29,40745653,596495
29,41120080,596494
29,41520664,596494
29,41911584,596494
29,42286219,596495
29,42643630,596493
29,42993705,596493
29,43368524,596493
29,43766599,596493
29,44118269,596493
29,44504837,596491
29,44889393,596492
29,45242222,596492
29,45620540,596491
29,46013354,596490
29,46388062,596491
29,46749162,596491
29,47143025,596491
29,47497561,596490
29,47870706,596490
29,48265413,596490
29,48623817,596489
29,48997019,596489
29,49388150,596490
29,49747251,596490
29,50120002,596489
29,50497137,596489
29,50892616,596489
29,51243437,596489
29,51621825,596489
29,52017009,596489
29,52370581,596489
29,52768786,596488
29,53119943,596488
29,53503315,596488
29,53893379,596488
29,54263420,596488
29,54621945,596488
29,54995359,596488
29,55387099,596488
30,722528,596496
30,1108816,596904
30,1525903,597416
30,1941486,597734
30,2293519,598010
30,2690723,597751
30,3052725,597866
30,3420654,597948
30,3768797,597976
30,4124183,598198
30,4503701,598244
30,4898195,598364
30,5248764,598502
30,5629248,598499
30,6022966,598612
30,6383452,598656
30,6751446,598655
30,7132796,598696
30,7502170,598659
30,7874044,598681
30,8248195,598669
30,8624769,598651
30,8997701,598657
30,9381416,598634
30,9771686,598648
30,10125344,598628
30,10504887,598627
30,10875938,598621
30,11250745,598608
30,11626942,598525
30,12019024,598402
30,12380036,598359
30,12794441,598308
30,13147234,598282
30,13504083,598310
30,13876569,598341
30,14271717,598393
30,14629294,598442
30,14998816,598494
30,15396831,598522
30,15775021,598524
30,16126713,598530
30,16524153,598530
30,16875713,598529
30,17250660,598524
30,17649834,598526
30,17998429,598527
30,18380116,598527
30,18773724,598521
30,19126538,598520
30,19503391,598515
30,19898049,598512
30,20268320,598510
30,20625001,598510
30,21019786,598510
30,21380711,598513
30,21769644,598514
30,22143443,598514
30,22501786,598514
30,22879029,598514
30,23250469,598513
30,23626408,598511
30,24001019,598509
30,24381719,598509
30,24768046,598508
30,25125157,598507
30,25504390,598507
30,25895575,598509
30,26250389,598509
30,26646911,598509
30,27030572,598508
30,27418102,598508
30,27793130,598508
30,28143709,598507
30,28498613,598506
30,28872097,598506
30,29272186,598506
30,29624326,598505
30,30000707,598504
30,30397174,598504
30,30748743,598504
30,31129041,598504
30,31522481,598504
30,31873086,598504
30,32246812,598504
30,32645355,598503
30,32996495,598503
30,33383225,598503
30,33768103,598503
30,34121161,598501
30,34503783,598500
30,34875923,598501
30,35249440,598501
30,35626965,598500
30,35999000,598500
30,36379977,598501
30,36750518,598499
30,37121322,598499
30,37502671,598499
30,37873536,598498
30,38245998,598498
30,38645911,598497
30,38996777,598497
30,39379392,598497
30,39768581,598497
30,40121270,598495
30,40498998,598495
30,40944083,598496
30,41338476,598495
30,41716375,598495
30,42089031,598495
30,42491553,598495
30,42859982,598495
30,43253031,598494
30,43631120,598494
30,44024596,598494
30,44388228,598493
30,44777568,598493
30,45149089,598493
30,45513257,598493
30,45901668,598493
30,46274873,598493
30,46655338,598493
30,47027551,598493
30,47403331,598492
30,47798264,598492
30,48191803,598492
30,48571655,598492
30,48944218,598492
30,49350154,598492
30,49718390,598492
30,50112980,598492
30,50530563,598492
30,50934504,598492
30,51298332,598492
30,51692427,598491
30,52088678,598491
30,52468938,598491
30,52836557,598491
30,53193692,598491
30,53589245,598491
30,53962125,598490
30,54327496,598490
30,54713438,598490
30,55091985,598490
30,55500340,598490
30,55900472,598491
30,56317008,598490
30,56716772,598490
31,718912,598499
31,1109625,598829
31,1476309,599376
31,1872904,599747
31,2263930,600043
31,2640255,599742
31,3042103,599877
31,3410757,599945
31,3805920,599998
31,4183917,600250
31,4577700,600254
31,4958837,600424
31,5351430,600514
31,5763200,600514
31,6120074,600657
31,6512956,600647
31,6892317,600683
31,7286873,600689
31,7659521,600655
31,8016040,600691
31,8409579,600655
31,8785032,600656
31,9184041,600642
31,9575972,600636
31,9960732,600641
31,10332374,600618
31,10725858,600624
31,11142427,600606
31,11536952,600558
31,11913034,600417
31,12308455,600362
31,12680220,600324
31,13039029,600277
31,13430502,600304
31,13806014,600330
31,14202263,600383
31,14580588,600441
31,14977537,600491
31,15387406,600522
31,15743635,600526
31,16142925,600532
31,16513946,600531
31,16910884,600530
31,17295087,600525
31,17683901,600525
31,18079014,600526
31,18471836,600526
31,18843595,600522
31,19243532,600517
31,19639073,600515
31,20034989,600511
31,20408605,600509
31,20764627,600510
31,21187202,600512
31,21579732,600513
31,21961132,600513
31,22349218,600514
31,22764435,600514
31,23162801,600514
31,23545963,600510
31,23937761,600510
31,24340923,600510
31,24779196,600508
31,25184344,600506
31,25575330,600509
31,25937454,600508
31,26325953,600508
31,26701783,600509
31,27078800,600509
31,27476052,600507
31,27875142,600507
31,28243229,600508
31,28617104,600506
31,28994051,600506
31,29367248,600506
31,29741180,600506
31,30120699,600504
31,30493865,600505
31,30891455,600505
31,31284493,600505
31,31660065,600505
31,32021409,600505
31,32391254,600505
31,32806277,600504
31,33204051,600504
31,33603115,600504
31,33995268,600504
31,34366804,600503
31,34741826,600503
31,35122062,600503
31,35495596,600503
31,35876391,600503
31,36285499,600502
31,36682667,600502
31,37079662,600501
31,37456072,600501
31,37842712,600501
31,38224404,600501
31,38639530,600499
31,39036996,600499
31,39408115,600499
31,39765346,600499
31,40160185,600499
31,40514632,600499
31,40893197,600499
31,41284141,600498
31,41638307,600498
31,42026572,600498
31,42411048,600498
31,42785434,600497
31,43184345,600498
31,43555493,600498
31,43957562,600498
31,44326569,600497
31,44722581,600497
31,45140924,600497
31,45533313,600497
31,45893398,600497
31,46285471,600496
31,46680514,600496
31,47040102,600496
31,47431389,600495
31,47827250,600495
31,48202644,600496
31,48574963,600495
31,48931987,600495
31,49325700,600495
31,49701673,600495
31,50078577,600495
31,50454461,600495
31,50836087,600495
31,51223258,600494
31,51637747,600494
31,51994723,600494
31,52389268,600494
31,52783343,600494
31,53183722,600494
31,53574994,600494
31,53934818,600493
31,54306772,600493
31,54701104,600493
31,55057914,600493
31,55431040,600492
31,55836601,600492
31,56201189,600492
31,56596618,600492
31,56960644,600492
31,57326015,600492
31,57728050,600492
31,58143291,600492
31,58537452,600491
31,58913230,600491
31,59327666,600492
32,727033,600501
32,1121445,600909
32,1536799,601414
32,1933152,601807
32,2330474,602016
32,2731301,601733
32,3118654,601905
32,3474453,601932
32,3871377,602035
32,4243855,602244
32,4640587,602269
32,5060560,602446
32,5437185,602500
32,5846588,602552
32,6223649,602657
32,6597114,602643
32,6997975,602690
32,7368374,602670
32,7769734,602666
32,8138832,602687
32,8495045,602650
32,8891869,602657
32,9263661,602637
32,9618589,602642
32,10036784,602632
32,10431127,602622
32,10787009,602624
32,11160555,602611
32,11515121,602563
32,11910506,602435
32,12265088,602371
32,12637897,602328
32,13050750,602280
32,13434707,602305
32,13833063,602332
32,14222922,602394
32,14617436,602443
32,14995321,602492
32,15389461,602522
32,15769431,602527
32,16164298,602534
32,16536255,602532
32,16934530,602532
32,17312193,602526
32,17718932,602530
32,18117541,602531
32,18474643,602528
32,18872350,602524
32,19244866,602522
32,19639154,602516
32,20036583,602513
32,20431852,602513
32,20790302,602513
32,21180887,602513
32,21537917,602516
32,21935364,602518
32,22325299,602517
32,22693407,602517
32,23081810,602518
32,23492647,602515
32,23850245,602513
32,24243201,602514
32,24619470,602513
32,25035995,602511
32,25430557,602511
32,25820181,602512
32,26202910,602512
32,26618572,602512
32,26975754,602512
32,27367713,602512
32,27748371,602512
32,28140714,602512
32,28536174,602511
32,28934715,602511
32,29329922,602510
32,29747627,602510
32,30150803,602510
32,30518901,602508
32,30915193,602508
32,31286314,602508
32,31694886,602508
32,32057570,602508
32,32450994,602508
32,32813311,602508
32,33182216,602507
32,33581318,602507
32,33973414,602506
32,34345486,602506
32,34728953,602506
32,35118562,602505
32,35535239,602504
32,35891147,602504
32,36285362,602504
32,36640215,602503
32,37015048,602503
32,37410255,602503
32,37779319,602503
32,38145670,602503
32,38535937,602500
32,38933582,602501
32,39333133,602502
32,39724801,602501
32,40119001,602501
32,40493620,602501
32,40894400,602500
32,41265774,602500
32,41660002,602500
32,42037145,602500
32,42431849,602499
32,42811781,602499
32,43206606,602499
32,43618646,602498
32,44035676,602498
32,44431115,602498
32,44787229,602498
32,45159520,602497
32,45515728,602497
32,45910886,602497
32,46285384,602497
32,46640522,602497
32,47034774,602497
32,47390604,602496
32,47766318,602496
32,48158919,602496
32,48535020,602496
32,48897840,602496
32,49284068,602496
32,49660591,602495
32,50080980,602495
32,50473815,602494
32,50872252,602494
32,51242628,602495
32,51599284,602495
32,51976978,602494
32,52370037,602495
32,52767598,602493
32,53141066,602493
32,53535802,602493
32,53936000,602493
32,54322448,602493
32,54731734,602493
33,743015,602503
33,1159699,602911
33,1546855,603425
33,1955164,603748
33,2313449,604024
33,2706800,603752
33,3099853,603917
33,3498098,603937
33,3893118,604041
33,4254758,604245
33,4623344,604262
33,5017898,604423
33,5397984,604511
33,5795353,604537
33,6207537,604662
33,6599746,604651
33,6956965,604688
33,7333697,604685
33,7738988,604667
33,8103769,604695
33,8544611,604657
33,8936009,604664
33,9331964,604642
33,9725202,604650
33,10080949,604639
33,10456862,604629
33,10849976,604629
33,11222857,604615
33,11580193,604563
33,11933629,604438
33,12309206,604371
33,12703852,604331
33,13059213,604288
33,13456758,604311
33,13829143,604334
33,14197561,604384
33,14559566,604441
33,14953630,604484
33,15317731,604524
33,15706821,604529
33,16080679,604536
33,16480900,604536
33,16851446,604535
33,17210752,604530
33,17601921,604531
33,17997097,604534
33,18397338,604532
33,18794134,604526
33,19207438,604524
33,19622101,604518
33,20016996,604516
33,20377831,604515
33,20745746,604515
33,21101743,604515
33,21498018,604517
33,21891754,604518
33,22291610,604519
33,22683161,604519
33,23069689,604519
33,23458647,604517
33,23850531,604515
33,24227369,604515
33,24622359,604515
33,24997679,604512
33,25393780,604512
33,25773454,604512
33,26184955,604513
33,26583066,604513
33,26997422,604513
33,27397715,604514
33,27789667,604513
33,28187088,604513
33,28580192,604512
33,28976860,604512
33,29355890,604510
33,29747637,604510
33,30121245,604509
33,30520398,604509
33,30891761,604509
33,31251808,604509
33,31641424,604509
33,32008816,604509
33,32376927,604509
33,32766549,604508
33,33122616,604508
33,33496578,604507
33,33851160,604506
33,34210540,604506
33,34599054,604506
33,34976546,604506
33,35394698,604505
33,35792072,604505
33,36207025,604505
33,36600394,604505
33,36975594,604504
33,37337850,604504
33,37729027,604504
33,38102119,604503
33,38501024,604503
33,38893253,604503
33,39291164,604502
33,39684792,604502
33,40079542,604502
33,40458562,604502
33,40849488,604501
33,41209549,604501
33,41602882,604501
33,41996396,604501
33,42355841,604501
33,42748260,604500
33,43121995,604498
33,43519825,604499
33,43895715,604499
33,44294295,604499
33,44704212,604498
33,45058847,604499
33,45434911,604496
33,45829856,604496
33,46192738,604498
33,46602050,604498
33,46996252,604496
33,47353090,604496
33,47737318,604496
33,48122033,604496
33,48502636,604496
33,48894117,604496
33,49276059,604496
33,49665516,604496
33,50081083,604496
33,50499882,604496
33,50894852,604496
33,51291663,604496
33,51685391,604496
33,52081420,604495
34,781910,604522
34,1185941,604984
34,1605062,605455
34,2013345,605879
34,2584892,605780
34,3102566,605914
34,3604953,605935
34,4091077,606209
34,4592224,606267
34,5061858,606460
34,5524284,606505
34,5952661,606607
34,6447079,606658
34,6947109,606703
34,7471996,606671
34,7985378,606697
34,8487586,606661
34,9002346,606661
34,9509905,606646
34,10026547,606639
34,10524096,606633
34,10929415,606625
34,11319044,606621
34,11685053,606552
34,12075605,606424
34,12440659,606377
34,12809392,606321
34,13202035,606284
34,13599804,606314
34,13971382,606335
34,14327729,606390
34,14699192,606438
34,15051327,606485
34,15415981,606524
34,15808903,606531
34,16181566,606538
34,16537724,606538
34,16932963,606537
34,17320593,606531
34,17704612,606533
34,18075833,606534
34,18433003,606533
34,18783118,606530
34,19161536,606526
34,19557295,606523
34,19910565,606518
34,20304485,606517
34,20684361,606517
34,21076929,606516
34,21454132,606519
34,21807086,606520
34,22158153,606519
34,22536986,606520
34,22931678,606521
34,23287593,606520
34,23659217,606519
34,24053425,606518
34,24412872,606516
34,24783499,606514
34,25178378,606514
34,25533299,606513
34,25907017,606513
34,26306917,606513
34,26656880,606513
34,27031832,606514
34,27414292,606514
34,27803823,606514
34,28156962,606514
34,28539998,606513
34,28910739,606513
34,29286618,606512
34,29661740,606511
34,30055859,606511
34,30411108,606511
34,30791872,606511
34,31179590,606511
34,31533694,606510
34,31912661,606511
34,32307705,606511
34,32660519,606510
34,33034487,606509
34,33432403,606509
34,33808063,606509
34,34159789,606508
34,34557988,606508
34,34910535,606508
34,35288903,606507
34,35680647,606507
34,36031412,606507
34,36411206,606507
34,36804819,606507
34,37156012,606506
34,37534841,606506
34,37929483,606505
34,38304513,606505
34,38656364,606505
34,39053794,606504
34,39413256,606504
34,39784432,606505
34,40160389,606503
34,40556364,606502
34,40908835,606504
34,41286493,606503
34,41658373,606501
34,42032703,606501
34,42411334,606501
34,42802469,606501
34,43160010,606501
34,43535748,606501
34,43929242,606501
34,44302319,606500
34,44661650,606500
34,45056031,606500
34,45413179,606500
34,45806193,606500
34,46180169,606500
34,46533793,606500
34,46907499,606499
34,47306010,606499
34,47656669,606500
34,48031256,606500
34,48430218,606500
34,48781905,606500
34,49156256,606499
34,49554162,606499
34,49906082,606499
34,50299586,606499
34,50706181,606499
34,51053221,606499
34,51412337,606499
34,51806124,606499
34,52159598,606499
34,52536274,606499
34,52930814,606499
34,53307704,606499
34,53660628,606498
34,54031807,606498
34,54410665,606498
34,54793411,606498
34,55204634,606498
34,55601257,606498
34,55970755,606498
34,56328547,606498
34,56703207,606498
34,57073739,606498
34,57432366,606498
34,57805670,606498
34,58156279,606498
34,58535088,606498
34,58930285,606498
35,722452,606499
35,1079378,606838
35,1475429,607323
35,1835447,607622
35,2208536,608032
35,2604479,607818
35,2956316,607797
35,3332141,607965
35,3730381,607975
35,4123891,608193
35,4495916,608246
35,4894994,608366
35,5270247,608503
35,5626534,608497
35,6002421,608614
35,6391071,608658
35,6749976,608658
35,7102691,608699
35,7456487,608665
35,7842132,608684
35,8228155,608677
35,8604354,608655
35,8955369,608661
35,9326537,608637
35,9706649,608650
35,10078633,608633
35,10451537,608630
35,10851800,608625
35,11203289,608619
35,11588071,608585
35,11974719,608461
35,12327981,608391
35,12711792,608343
35,13103198,608293
35,13452263,608306
35,13832395,608331
35,14225630,608372
35,14585757,608432
35,14975423,608476
35,15347237,608516
35,15703302,608526
35,16078394,608536
35,16472886,608536
35,16832371,608535
35,17206355,608533
35,17602651,608531
35,17955822,608533
35,18329657,608533
35,18728266,608531
35,19081572,608528
35,19459574,608523
35,19855302,608521
35,20226312,608519
35,20587034,608517
35,20974700,608517
35,21328007,608519
35,21705573,608520
35,22077063,608521
35,22452504,608521
35,22828357,608521
35,23202372,608522
35,23616491,608520
35,23997490,608518
35,24352486,608518
35,24727571,608516
35,25101766,608515
35,25456067,608515
35,25851093,608516
35,26205282,608517
35,26585830,608517
35,26976767,608517
35,27330268,608517
35,27704367,608517
35,28098793,608515
35,28456911,608515
35,28830411,608515
35,29225214,608514
35,29613711,608514
35,30001608,608514
35,30390504,608513
35,30770818,608513
35,31120129,608514
35,31494024,608514
35,31903365,608514
35,32287642,608514
35,32642786,608514
35,33015539,608513
35,33367749,608513
35,33725712,608513
35,34098216,608513
35,34450918,608512
35,34832345,608512
35,35203116,608512
35,35584645,608511
35,35974378,608511
35,36325701,608511
35,36712785,608511
35,37103104,608511
35,37455346,608511
35,37830222,608510
35,38205612,608510
35,38602507,608509
35,38952923,608508
35,39326813,608509
35,39727187,608509
35,40076980,608508
35,40450331,608508
35,40853747,608508
35,41206600,608508
35,41584396,608508
35,41976145,608508
35,42328707,608507
35,42705393,608507
35,43100181,608507
35,43460892,608506
35,43830498,608507
35,44229449,608504
35,44591063,608505
35,44956263,608506
35,45350992,608505
35,45706306,608505
35,46079307,608506
35,46476043,608505
35,46831298,608504
35,47201909,608504
35,47586195,608504
35,47952636,608503
35,48329344,608503
35,48707280,608503
35,49101097,608503
35,49455471,608503
35,49830226,608503
35,50203213,608503
35,50586476,608503
35,50993131,608503
35,51346503,608503
35,51709596,608503
35,52079572,608503
35,52472396,608503
35,52830919,608502
35,53203113,608502
35,53601349,608502
35,53953710,608502
35,54325970,608501
35,54726725,608501
35,55107681,608501
35,55494324,608501
35,55892044,608500
35,56244129,608500
35,56623354,608500
35,56978117,608500
35,57331009,608500
35,57707357,608500
35,58102198,608500
35,58455144,608500
35,58833813,608499
35,59222924,608500
35,59584377,608500
36,702522,608509
36,1083411,608909
36,1501339,609414
36,1897844,609740
36,2271548,610031
36,2623741,609779
36,2978268,609837
36,3355158,609955
36,3747567,609976
36,4099730,610201
36,4476914,610249
36,4873426,610367
36,5248018,610507
36,5620192,610500
36,5995727,610612
36,6350523,610653
36,6723713,610661
36,7121279,610695
36,7479322,610660
36,7883218,610686
36,8252156,610665
36,8644601,610658
36,9020197,610654
36,9374852,610641
36,9727773,610650
36,10100668,610632
36,10498550,610633
36,10851549,610626
36,11234241,610622
36,11619961,610569
36,11977413,610446
36,12354452,610384
36,12746797,610338
36,13098745,610297
36,13479293,610315
36,13849797,610339
36,14250562,610386
36,14600926,610438
36,14973975,610487
36,15351864,610522
36,15724800,610530
36,16098568,610538
36,16477061,610538
36,16848561,610537
36,17230060,610531
36,17598415,610533
36,17973082,610535
36,18364653,610535
36,18749738,610532
36,19101813,610530
36,19477844,610525
36,19872557,610522
36,20248527,610519
36,20600127,610520
36,20992893,610521
36,21353732,610520
36,21723914,610523
36,22122176,610523
36,22478029,610524
36,22851482,610524
36,23251212,610524
36,23644865,610523
36,24016372,610520
36,24374249,610520
36,24748194,610520
36,25098799,610519
36,25498969,610519
36,25851021,610519
36,26229658,610520
36,26620827,610520
36,26974799,610520
36,27351247,610520
36,27723511,610520
36,28099586,610519
36,28474364,610518
36,28848038,610518
36,29264912,610515
36,29644953,610515
36,29998456,610516
36,30352984,610515
36,30727619,610515
36,31102384,610516
36,31497643,610516
36,31902382,610515
36,32280610,610515
36,32666450,610515
36,33018871,610515
36,33375806,610512
36,33747252,610513
36,34102819,610513
36,34477545,610513
36,34872422,610512
36,35250085,610511
36,35602654,610513
36,35994081,610511
36,36354480,610511
36,36724672,610511
36,37118815,610510
36,37477645,610509
36,37848331,610509
36,38246315,610509
36,38598481,610509
36,38972933,610508
36,39371656,610508
36,39724350,610508
36,40097576,610508
36,40504507,610508
36,40873884,610508
36,41229961,610508
36,41603038,610508
36,41975850,610508
36,42362028,610507
36,42746314,610507
36,43097983,610507
36,43477941,610507
36,43853070,610507
36,44249154,610507
36,44602458,610506
36,44976328,610506
36,45353147,610506
36,45727818,610506
36,46098674,610506
36,46499099,610506
36,46852164,610506
36,47230233,610505
36,47622439,610505
36,47974408,610505
36,48354165,610505
36,48745272,610505
36,49098922,610505
36,49475611,610504
36,49870587,610504
36,50246706,610504
36,50597559,610504
36,50994279,610504
36,51354956,610504
36,51726667,610504
36,52122797,610504
36,52498332,610503
36,52851184,610503
36,53249907,610503
36,53598206,610503
36,53972384,610503
36,54375602,610503
36,54742934,610503
36,55102594,610502
36,55486873,610502
36,55874775,610502
36,56250612,610502
36,56620727,610502
36,56973624,610502
36,57355423,610502
36,57747263,610502
36,58118835,610502
36,58477027,610502
36,58849385,610501
36,59249254,610501
36,59599586,610501
36,59973052,610501
36,60371569,610501
37,722947,610509
37,1127591,610833
37,1501845,611314
37,1873321,611679
37,2253716,612032
37,2607888,611814
37,2959261,611803
37,3335641,611969
37,3731976,611957
37,4087646,612185
37,4469442,612254
37,4855460,612343
37,5209871,612505
37,5583909,612499
37,5982364,612601
37,6335891,612664
37,6708219,612655
37,7108434,612706
37,7458777,612673
37,7832670,612686
37,8211126,612684
37,8604264,612661
37,8957414,612669
37,9355379,612644
37,9708776,612657
37,10089305,612637
37,10500137,612635
37,10853748,612633
37,11208943,612626
37,11583130,612606
37,11978558,612491
37,12337965,612397
37,12731314,612361
37,13109758,612303
37,13460128,612306
37,13834687,612331
37,14233232,612366
37,14585706,612421
37,14957121,612470
37,15357799,612514
37,15708911,612530
37,16088926,612537
37,16480646,612538
37,16831555,612538
37,17213501,612536
37,17605833,612533
37,17959452,612535
37,18336926,612536
37,18730701,612534
37,19097257,612531
37,19461757,612528
37,19852526,612526
37,20212020,612523
37,20583473,612522
37,20956258,612522
37,21337032,612523
37,21706986,612525
37,22090995,612525
37,22460757,612525
37,22835170,612525
37,23210750,612525
37,23606129,612524
37,23960035,612522
37,24336755,612521
37,24706716,612520
37,25089561,612519
37,25503215,612519
37,25855124,612519
37,26211751,612520
37,26585255,612520
37,26980416,612521
37,27333012,612521
37,27710502,612521
37,28112996,612520
37,28502881,612519
37,28876791,612519
37,29232191,612519
37,29584779,612518
37,29956882,612518
37,30355876,612517
37,30708651,612517
37,31088848,612517
37,31479160,612517
37,31832246,612517
37,32210607,612517
37,32603160,612517
37,32956841,612516
37,33332939,612516
37,33726202,612516
37,34099047,612515
37,34458830,612515
37,34834355,612515
37,35210451,612515
37,35586241,612514
37,35960730,612514
37,36335417,612515
37,36709356,612515
37,37086344,612513
37,37456284,612513
37,37831296,612513
37,38212491,612513
37,38605164,612513
37,38959725,612512
37,39358772,612512
37,39730031,612511
37,40086587,612511
37,40459998,612511
37,40852487,612511
37,41209866,612511
37,41583454,612511
37,41980838,612511
37,42337387,612510
37,42709834,612510
37,43161601,612509
37,43527761,612509
37,43915385,612509
37,44296629,612509
37,44644561,612509
37,45002130,612508
37,45422138,612509
37,45818368,612508
37,46238336,612508
37,46627233,612508
37,46999087,612508
37,47398523,612508
37,47752540,612507
37,48128886,612507
37,48483312,612507
37,48834949,612507
37,49211452,612507
37,49606971,612507
37,49959634,612507
37,50339281,612507
37,50730567,612506
37,51091168,612506
37,51462349,612507
37,51857757,612506
37,52223407,612506
37,52610399,612506
37,53003122,612506
37,53398438,612506
37,53753195,612504
37,54107531,612505
37,54461224,612505
37,54835480,612504
37,55211116,612504
37,55606824,612505
37,55960420,612505
37,56336705,612504
37,56710800,612504
37,57091591,612504
37,57503679,612504
37,57856064,612504
37,58213161,612504
37,58605411,612504
37,58981116,612503
37,59357057,612502
37,59711658,612503
37,60107816,612504
37,60503762,612503
37,60877710,612503
37,61235149,612503
37,61626029,612503
38,727278,612513
38,1123113,612841
38,1475697,613327
38,1853305,613680
38,2247000,614034
38,2600096,613782
38,3019202,613842
38,3374748,613957
38,3773017,614012
38,4184095,614229
38,4536926,614250
38,4919122,614399
38,5311363,614513
38,5719942,614510
38,6084264,614648
38,6477156,614654
38,6853327,614685
38,7247217,614699
38,7599878,614669
38,7979155,614700
38,8374376,614670
38,8749594,614672
38,9150851,614652
38,9559011,614654
38,9935417,614655
38,10288319,614636
38,10686447,614641
38,11080352,614629
38,11453983,614629
38,11811826,614544
38,12183799,614429
38,12537539,614386
38,12913305,614325
38,13296391,614301
38,13685629,614327
38,14079029,614352
38,14433169,614406
38,14788147,614451
38,15161709,614504
38,15536606,614530
38,15917254,614539
38,16312081,614543
38,16687401,614543
38,17080184,614540
38,17433472,614537
38,17811729,614537
38,18203960,614538
38,18578898,614538
38,18979486,614535
38,19352282,614532
38,19708649,614529
38,20100400,614528
38,20474973,614525
38,20833878,614525
38,21227090,614527
38,21600186,614527
38,21998591,614527
38,22349040,614528
38,22726440,614529
38,23078870,614529
38,23431220,614528
38,23787972,614526
38,24161875,614525
38,24556572,614525
38,24913316,614523
38,25297075,614523
38,25684671,614524
38,26036488,614524
38,26410006,614524
38,26791981,614524
38,27184258,614524
38,27535726,614524
38,27914567,614523
38,28288785,614523
38,28666075,614523
38,29080561,614522
38,29444193,614522
38,29835924,614522
38,30210077,614521
38,30598945,614521
38,30998546,614521
38,31373410,614521
38,31728792,614521
38,32101929,614521
38,32457355,614520
38,32853149,614520
38,33205137,614519
38,33578050,614519
38,33996075,614518
38,34349525,614518
38,34704728,614518
38,35057547,614517
38,35411521,614517
38,35788165,614517
38,36181412,614517
38,36536017,614517
38,36933894,614517
38,37318140,614516
38,37712112,614515
38,38081155,614515
38,38499141,614515
38,38852161,614515
38,39203540,614513
38,39558275,614513
38,39913369,614513
38,40288727,614513
38,40671440,614513
38,41057533,614513
38,41428803,614512
38,41812877,614511
38,42184109,614511
38,42538753,614511
38,42916268,614511
38,43310157,614511
38,43668798,614511
38,44080927,614511
38,44433692,614510
38,44789474,614510
38,45160913,614509
38,45557223,614510
38,45913490,614509
38,46285697,614509
38,46684621,614509
38,47039109,614509
38,47410827,614508
38,47809694,614508
38,48162395,614508
38,48535843,614508
38,48937521,614508
38,49332497,614507
38,49707825,614507
38,50102677,614507
38,50476182,614507
38,50832155,614507
38,51224715,614507
38,51598190,614507
38,51996877,614506
38,52353353,614506
38,52728521,614506
38,53123077,614506
38,53508123,614506
38,53901288,614506
38,54311109,614506
38,54706961,614506
38,55080338,614506
38,55433999,614505
38,55790454,614505
38,56183223,614505
38,56559144,614505
38,56934334,614504
38,57286478,614504
39,723848,614515
39,1124988,614842
39,1477102,615334
39,1858143,615691
39,2260954,616051
39,2653373,615782
39,3023284,615890
39,3416465,615967
39,3772610,615978
39,4144742,616221
39,4497059,616263
39,4853152,616342
39,5230258,616525
39,5627501,616505
39,6040180,616623
39,6392573,616672
39,6752588,616667
39,7147149,616712
39,7518716,616671
39,7918887,616697
39,8288998,616687
39,8645476,616664
39,8998412,616674
39,9350967,616650
39,9727922,616662
39,10123676,616646
39,10475414,616640
39,10853700,616637
39,11247045,616630
39,11609037,616585
39,11976504,616439
39,12372002,616391
39,12732021,616348
39,13104695,616301
39,13499592,616327
39,13855315,616347
39,14230385,616396
39,14603639,616451
39,14977029,616496
39,15351564,616534
39,15730448,616540
39,16125557,616548
39,16476072,616546
39,16853732,616543
39,17248903,616537
39,17608147,616538
39,18018435,616539
39,18373055,616539
39,18731201,616538
39,19125045,616536
39,19500286,616534
39,19854853,616531
39,20257800,616530
39,20626125,616529
39,21039475,616529
39,21394308,616531
39,21749297,616532
39,22122277,616532
39,22477058,616531
39,22873452,616532
39,23226952,616532
39,23623010,616530
39,24000497,616528
39,24351048,616528
39,24731352,616528
39,25126531,616526
39,25499012,616526
39,25854503,616527
39,26259185,616528
39,26628396,616527
39,27020016,616527
39,27371962,616527
39,27750216,616526
39,28101674,616525
39,28478067,616525
39,28876823,616525
39,29270935,616524
39,29627082,616523
39,30019091,616523
39,30393257,616523
39,30752278,616522
39,31123281,616522
39,31475865,616522
39,31854872,616522
39,32246490,616521
39,32609674,616521
39,33019027,616520
39,33371576,616520
39,33727690,616520
39,34101629,616520
39,34496128,616519
39,34856830,616519
39,35229801,616519
39,35626478,616518
39,36041276,616518
39,36395257,616519
39,36751461,616518
39,37146548,616518
39,37519210,616518
39,37938421,616517
39,38292080,616517
39,38647113,616516
39,38998399,616516
39,39353794,616516
39,39727501,616515
39,40122528,616515
39,40475905,616515
39,40853369,616514
39,41228435,616514
39,41613566,616514
39,41980665,616513
39,42351969,616513
39,42730656,616512
39,43122498,616512
39,43497861,616512
39,43852142,616512
39,44237160,616512
39,44626534,616511
39,44997783,616513
39,45350238,616510
39,45734375,616511
39,46124801,616511
39,46476263,616510
39,46855601,616510
39,47247537,616511
39,47626646,616509
39,48019244,616509
39,48371407,616509
39,48728220,616509
39,49101471,616508
39,49496629,616509
39,49867143,616509
39,50229234,616509
39,50628074,616509
39,51020303,616509
39,51395447,616509
39,51753108,616509
39,52125084,616508
39,52475789,616509
39,52875834,616509
39,53225463,616508
39,53610081,616508
39,53999095,616508
39,54351065,616508
39,54728270,616508
39,55102199,616508
39,55475299,616508
39,55851345,616508
39,56226900,616507
39,56640479,616507
39,57041017,616508
39,57392581,616507
39,57751245,616507
39,58146595,616507
39,58499099,616507
40,743664,616516
40,1143424,616847
40,1499777,617379
40,1914279,617685
40,2269927,618046
40,2667103,617785
40,3037597,617845
40,3396839,617966
40,3790929,617983
40,4163838,618218
40,4520814,618261
40,4871485,618347
40,5225987,618514
40,5580286,618505
40,5953938,618609
40,6351586,618675
40,6704142,618659
40,7078506,618715
40,7476628,618680
40,7829549,618691
40,8203468,618699
40,8583446,618666
40,8955874,618677
40,9343852,618650
40,9727911,618663
40,10080637,618650
40,10458314,618641
40,10849745,618640
40,11202658,618630
40,11582873,618581
40,11977427,618453
40,12353113,618393
40,12705108,618357
40,13081333,618306
40,13480343,618328
40,13873633,618351
40,14236783,618400
40,14604132,618456
40,14996698,618500
40,15373075,618536
40,15727092,618543
40,16078845,618550
40,16455317,618547
40,16851282,618547
40,17202919,618540
40,17579942,618540
40,17973829,618540
40,18350894,618541
40,18704799,618539
40,19099913,618536
40,19459661,618535
40,19853611,618531
40,20224103,618531
40,20581524,618531
40,20956953,618529
40,21353496,618531
40,21705443,618531
40,22079166,618531
40,22456133,618532
40,22849210,618532
40,23205293,618532
40,23580657,618531
40,23977792,618530
40,24331181,618528
40,24703493,618528
40,25080987,618528
40,25457655,618528
40,25828957,618528
40,26224209,618528
40,26578687,618528
40,26953026,618528
40,27351387,618528
40,27704475,618528
40,28078605,618527
40,28475812,618527
40,28828897,618526
40,29202610,618524
40,29601226,618524
40,29953826,618525
40,30346722,618524
40,30728384,618524
40,31077881,618524
40,31458771,618525
40,31851518,618523
40,32205149,618523
40,32582323,618523
40,32975736,618523
40,33342274,618521
40,33729953,618521
40,34099463,618522
40,34455290,618520
40,34829333,618520
40,35225975,618520
40,35582757,618520
40,35953951,618520
40,36338124,618520
40,36708048,618520
40,37078106,618520
40,37458309,618519
40,37860813,618519
40,38245788,618519
40,38622897,618519
40,38973954,618518
40,39335789,618518
40,39724775,618518
40,40098272,618517
40,40454299,618517
40,40829439,618517
40,41224370,618517
40,41584544,618517
40,41978913,618516
40,42374602,618516
40,42768710,618515
40,43121892,618515
40,43477698,618515
40,43831921,618515
40,44202843,618515
40,44601659,618515
40,44955786,618514
40,45331332,618514
40,45725792,618515
40,46079266,618515
40,46457752,618514
40,46851115,618514
40,47206739,618514
40,47581412,618512
40,47974659,618513
40,48336749,618513
40,48704988,618513
40,49100994,618513
40,49455364,618513
40,49828881,618513
40,50204417,618512
40,50601228,618512
40,50953769,618512
40,51336507,618512
40,51702507,618512
40,52078608,618512
40,52460283,618512
40,52850067,618510
40,53203894,618510
40,53581815,618510
40,53974817,618510
40,54339220,618510
40,54732742,618510
40,55100014,618510
40,55466722,618510
40,55831554,618510
40,56226285,618510
40,56583886,618510
40,56976271,618510
40,57366332,618510
40,57747851,618510
40,58120726,618510
41,750533,618518
41,1105911,618846
41,1480790,619391
41,1878388,619693
41,2280434,620050
41,2648417,619763
41,3040354,619891
41,3417033,619952
41,3814995,620013
41,4187661,620238
41,4545348,620257
41,4939001,620400
41,5312971,620516
41,5671072,620512
41,6064443,620635
41,6449504,620657
41,6832915,620676
41,7207282,620707
41,7569002,620669
41,7961920,620703
41,8376383,620673
41,8729103,620669
41,9103066,620665
41,9485998,620651
41,9854817,620660
41,10228962,620640
41,10605865,620643
41,10978804,620633
41,11353102,620623
41,11730086,620522
41,12102179,620416
41,12485941,620377
41,12874046,620325
41,13226320,620312
41,13605040,620337
41,13978497,620374
41,14373947,620426
41,14729224,620470
41,15101984,620522
41,15515235,620542
41,15896574,620546
41,16270604,620548
41,16628371,620548
41,17021579,620543
41,17395228,620541
41,17794113,620543
41,18167735,620544
41,18522260,620543
41,18874709,620540
41,19226412,620538
41,19604695,620535
41,19998714,620532
41,20353102,620532
41,20752377,620532
41,21125306,620534
41,21480680,620535
41,21853721,620535
41,22226602,620535
41,22604511,620535
41,22978939,620535
41,23361912,620535
41,23729432,620532
41,24104573,620531
41,24484988,620530
41,24853170,620528
41,25235827,620529
41,25626522,620530
41,25998631,620531
41,26360132,620530
41,26753561,620530
41,27126018,620531
41,27480192,620530
41,27853063,620529
41,28250122,620529
41,28605623,620528
41,28999746,620526
41,29373791,620526
41,29731610,620526
41,30125534,620526
41,30501227,620526
41,30853790,620527
41,31228011,620527
41,31627039,620527
41,32021155,620526
41,32394873,620526
41,32812424,620526
41,33166107,620525
41,33521949,620524
41,33873215,620524
41,34226571,620524
41,34604331,620524
41,34996983,620523
41,35352821,620523
41,35729024,620523
41,36101211,620523
41,36483970,620523
41,36851704,620523
41,37226176,620523
41,37608545,620522
41,37979644,620521
41,38354278,620521
41,38730944,620521
41,39103896,620520
41,39480815,620520
41,39873584,620521
41,40228860,620520
41,40606875,620519
41,40999798,620519
41,41352862,620519
41,41730677,620519
41,42124490,620518
41,42485325,620517
41,42876934,620517
41,43249009,620517
41,43603583,620517
41,43977566,620517
41,44375612,620516
41,44727564,620516
41,45102199,620516
41,45498964,620516
41,45852760,620516
41,46226244,620515
41,46624990,620515
41,46988882,620515
41,47352579,620514
41,47748345,620514
41,48102942,620514
41,48496861,620514
41,48876545,620514
41,49230569,620514
41,49605485,620514
41,49978037,620512
41,50364296,620512
41,50754391,620513
41,51145550,620513
41,51519312,620512
41,51897980,620512
41,52251218,620512
41,52625807,620511
41,52978730,620511
41,53354589,620511
41,53750504,620512
41,54101516,620510
41,54487521,620512
41,54874059,620511
41,55229170,620512
41,55605924,620511
41,55999078,620511
41,56354089,620511
41,56730177,620511
42,740988,620513
42,1103565,620844
42,1497504,621327
42,1849177,621631
42,2229033,622043
42,2621448,621824
42,3038847,621890
42,3446405,621953
42,3853763,622052
42,4255632,622252
42,4622217,622262
42,4983701,622439
42,5397900,622520
42,5788201,622533
42,6151544,622659
42,6521862,622659
42,6927524,622694
42,7293380,622702
42,7688549,622680
42,8106485,622706
42,8497473,622672
42,8871080,622679
42,9269365,622656
42,9621715,622664
42,10000092,622656
42,10392964,622644
42,10766971,622649
42,11122339,622636
42,11476048,622628
42,11850286,622527
42,12205553,622411
42,12601623,622382
42,12979114,622317
42,13375407,622319
42,13768268,622342
42,14149718,622386
42,14556573,622441
42,14930435,622489
42,15335007,622536
42,15725654,622546
42,16096557,622552
42,16461578,622551
42,16852967,622550
42,17208695,622544
42,17601658,622543
42,17979943,622544
42,18353671,622545
42,18747157,622544
42,19106579,622541
42,19496518,622540
42,19872194,622535
42,20269000,622535
42,20642416,622535
42,21000239,622534
42,21391940,622537
42,21767913,622538
42,22121806,622536
42,22496170,622537
42,22851215,622537
42,23226640,622536
42,23600415,622534
42,23998331,622534
42,24397774,622532
42,24791471,622531
42,25189635,622531
42,25583946,622532
42,25959377,622531
42,26329296,622531
42,26703566,622531
42,27106044,622532
42,27498874,622531
42,27891284,622531
42,28290760,622531
42,28642662,622530
42,29002060,622529
42,29393318,622529
42,29746720,622529
42,30127476,622527
42,30518239,622527
42,30893071,622528
42,31289732,622528
42,31642609,622528
42,32000551,622528
42,32392584,622528
42,32766767,622526
42,33142860,622526
42,33497260,622526
42,33849827,622526
42,34206640,622526
42,34600521,622526
42,34993380,622525
42,35349990,622525
42,35703876,622525
42,36106377,622525
42,36500964,622524
42,36894638,622524
42,37292012,622523
42,37688462,622523
42,38109096,622522
42,38495924,622522
42,38880977,622522
42,39289703,622522
42,39644283,622521
42,39999933,622521
42,40412468,622521
42,40849089,622520
42,41242828,622520
42,41597429,622520
42,41959881,622519
42,42346187,622518
42,42696426,622518
42,43070574,622518
42,43463320,622518
42,43813009,622518
42,44174384,622518
42,44526745,622517
42,44905208,622517
42,45272655,622517
42,45605787,622517
42,45976390,622517
42,46337738,622517
42,46692586,622517
42,47050381,622517
42,47400350,622517
42,47777107,622516
42,48134048,622516
42,48491715,622516
42,48865623,622516
42,49222710,622516
42,49574146,622516
42,49974088,622516
42,50324871,622516
42,50698473,622515
42,51101041,622515
42,51457669,622515
42,51832564,622515
42,52232341,622515
42,52602098,622515
42,52998930,622515
42,53395252,622514
42,53790317,622514
42,54146628,622514
42,54541585,622514
42,54988910,622514
42,55375190,622514
42,55768760,622514
42,56127308,622514
42,56499274,622514
42,56852976,622514
42,57255022,622514
42,57626260,622513
42,58022918,622513
42,58416899,622513
43,767524,622540
43,1185951,623003
43,1581741,623463
43,1999493,623881
43,2394076,623997
43,2791376,623755
43,3163224,623976
43,3559037,623945
43,3938551,624124
43,4344755,624257
43,4735851,624307
43,5103001,624499
43,5516625,624509
43,5916875,624596
43,6287191,624673
43,6682664,624671
43,7057393,624714
43,7412345,624685
43,7809753,624699
43,8181890,624698
43,8536942,624677
43,8940258,624679
43,9330455,624660
43,9721277,624671
43,10122810,624652
43,10495707,624653
43,10894112,624643
43,11285640,624643
43,11662121,624597
43,12062321,624479
43,12432411,624407
43,12833504,624359
43,13206589,624318
43,13603570,624334
43,14021974,624363
43,14411745,624413
43,14790038,624462
43,15182655,624510
43,15577898,624538
43,15955619,624546
43,16326907,624550
43,16739328,624550
43,17101348,624546
43,17493128,624543
43,17871503,624544
43,18266155,624545
43,18660433,624544
43,19036195,624542
43,19391471,624538
43,19792083,624536
43,20182507,624536
43,20577978,624533
43,20937248,624533
43,21331564,624534
43,21716764,624536
43,22105737,624536
43,22515893,624536
43,22916579,624536
43,23288166,624536
43,23716070,624535
43,24100047,624533
43,24515161,624533
43,24874325,624531
43,25265300,624531
43,25640888,624531
43,26041413,624531
43,26410903,624532
43,26772417,624532
43,27181214,624532
43,27537183,624532
43,27933650,624532
43,28307215,624531
43,28663376,624531
43,29068616,624530
43,29443743,624530
43,29831489,624529
43,30207033,624528
43,30603341,624529
43,31023155,624529
43,31413668,624529
43,31794256,624529
43,32184333,624529
43,32579257,624529
43,32961829,624529
43,33327482,624527
43,33738347,624527
43,34100622,624526
43,34494723,624526
43,34896024,624526
43,35265515,624527
43,35681736,624525
43,36082788,624527
43,36451755,624526
43,36810663,624526
43,37203740,624525
43,37581724,624526
43,37979473,624525
43,38390261,624523
43,38788586,624523
43,39182738,624523
43,39577862,624523
43,39934109,624523
43,40329421,624523
43,40717985,624524
43,41100574,624523
43,41516766,624523
43,41918541,624523
43,42289795,624523
43,42684638,624522
43,43062534,624522
43,43456572,624522
43,43852365,624522
43,44245981,624521
43,44621595,624521
43,44998910,624522
43,45393488,624520
43,45768331,624522
43,46160513,624522
43,46538788,624520
43,46937826,624520
43,47306802,624520
43,47663025,624520
43,48058108,624520
43,48433229,624520
43,48830118,624520
43,49206045,624519
43,49604474,624519
43,49995801,624520
43,50368899,624520
43,50755220,624519
43,51141554,624519
43,51535375,624519
43,51893520,624519
43,52264357,624519
43,52619373,624519
43,53002257,624518
43,53390673,624517
43,53826513,624517
43,54212143,624517
43,54580183,624517
43,54977346,624517
43,55391447,624517
43,55791685,624516
43,56185096,624518
43,56580161,624516
43,56983917,624516
43,57351627,624517
43,57753277,624515
43,58145011,624516
43,58528093,624516
43,58924590,624516
43,59297794,624515
43,59703733,624517
43,60111855,624515
43,60496122,624514
43,60888577,624515
43,61285540,624515
43,61632862,624515
43,62006628,624514
43,62387714,624514
43,62766865,624514
43,63109028,624514
43,63477389,624514
43,63830944,624514
43,64171100,624514
43,64538076,624514
43,64909637,624514
43,65265426,624514
44,805412,624540
44,1206775,624999
44,1578574,625426
44,1925531,625753
44,2276450,626042
44,2613699,625827
44,2970341,625822
44,3297234,625989
44,3660171,625949
44,4021352,626129
44,4340201,626262
44,4671981,626270
44,5002368,626435
44,5335831,626518
44,5684565,626508
44,6025611,626606
44,6336826,626667
44,6673384,626655
44,7003227,626707
44,7336316,626698
44,7670846,626677
44,8001041,626708
44,8312052,626688
44,8661771,626673
44,9002309,626678
44,9335517,626657
44,9672821,626668
44,10001986,626661
44,10322017,626647
44,10634440,626652
44,10939190,626642
44,11292002,626642
44,11670011,626617
44,12013575,626505
44,12360627,626425
44,12668800,626386
44,13022149,626338
44,13335903,626314
44,13649942,626327
44,13962214,626345
44,14276521,626382
44,14626140,626427
44,14943421,626471
44,15270888,626511
44,15582510,626538
44,15890374,626546
44,16213399,626552
44,16523367,626552
44,16861381,626552
44,17168563,626552
44,17503510,626546
44,17835976,626547
44,18207123,626548
44,18561365,626548
44,18882299,626545
44,19215097,626545
44,19528940,626543
44,19901750,626539
44,20261902,626538
44,20615666,626537
44,20966023,626535
44,21275300,626537
44,21586191,626538
44,21946203,626540
44,22349679,626540
44,22782164,626540
44,23147140,626540
44,23474528,626540
44,23806748,626537
44,24155153,626537
44,24509004,626536
44,24868912,626535
44,25214583,626535
44,25524437,626534
44,25846780,626534
44,26171299,626535
44,26505702,626535
44,26872168,626535
44,27228453,626536
44,27569288,626536
44,27905632,626534
44,28260165,626534
44,28606852,626534
44,28946129,626532
44,29295003,626532
44,29633531,626532
44,29940585,626532
44,30274935,626531
44,30591609,626531
44,30941598,626531
44,31256517,626531
44,31570024,626531
44,31894470,626531
44,32224204,626531
44,32551066,626531
44,32893487,626530
44,33231827,626529
44,33577847,626529
44,33932670,626528
44,34284497,626528
44,34644482,626528
44,35000760,626528
44,35328484,626527
44,35679852,626527
44,36041941,626527
44,36390844,626527
44,36750623,626527
44,37104592,626527
44,37453895,626527
44,37788935,626526
44,38142014,626526
44,38500271,626526
44,38859820,626525
44,39210127,626525
44,39584392,626525
44,39959819,626524
44,40334277,626524
44,40689629,626524
44,41062783,626524
44,41418173,626523
44,41773171,626523
44,42145634,626523
44,42520893,626523
44,42865622,626523
44,43216015,626522
44,43590121,626520
44,43987054,626521
44,44342879,626521
44,44697495,626520
44,45048484,626520
44,45403540,626521
44,45780088,626520
44,46173614,626520
44,46528241,626520
44,46902824,626520
44,47276076,626520
44,47659944,626519
44,48026803,626519
44,48401635,626519
44,48801332,626519
44,49152717,626519
44,49531038,626519
44,49917921,626519
44,50310854,626518
44,50709996,626518
44,51100683,626518
44,51496977,626518
44,51877251,626518
44,52247472,626518
44,52657187,626518
44,53039339,626517
44,53409959,626517
44,53815156,626517
44,54205259,626517
44,54600654,626516
44,55013233,626516
44,55415668,626516
44,55810745,626516
44,56201403,626516
44,56587662,626516
44,56997459,626517
44,57393538,626516
44,57815740,626516
44,58208541,626516
45,778968,626526
45,1158302,626920
45,1551431,627374
45,1927772,627752
45,2323171,628044
45,2699716,627766
45,3092639,627896
45,3488448,627959
45,3892450,628058
45,4283474,628269
45,4678585,628273
45,5050800,628469
45,5447274,628521
45,5821333,628551
45,6219814,628670
45,6604264,628659
45,7006210,628711
45,7409672,628688
45,7806262,628690
45,8172702,628707
45,8528074,628673
45,8923245,628681
45,9304653,628656
45,9725841,628670
45,10125401,628653
45,10505746,628649
45,10913941,628642
45,11309731,628642
45,11709824,628607
45,12121987,628492
45,12499338,628408
45,12917123,628355
45,13301968,628314
45,13700874,628330
45,14111313,628363
45,14509781,628416
45,14928511,628463
45,15307193,628516
45,15709001,628541
45,16079550,628549
45,16473943,628555
45,16876460,628553
45,17277079,628550
45,17660734,628547
45,18049864,628547
45,18420977,628548
45,18799179,628548
45,19200801,628543
45,19607941,628541
45,19997909,628538
45,20419650,628537
45,20838685,628537
45,21216315,628538
45,21589545,628538
45,21992007,628538
45,22367889,628539
45,22761638,628539
45,23176568,628539
45,23610741,628539
45,23991964,628537
45,24364562,628536
45,24767218,628536
45,25133844,628536
45,25525361,628534
45,25907397,628534
45,26304141,628535
45,26699051,628535
45,27111514,628535
45,27510935,628535
45,27903452,628534
45,28299201,628534
45,28697703,628534
45,29089727,628534
45,29464480,628533
45,29820953,628532
45,30192475,628532
45,30548407,628532
45,30945608,628532
45,31318029,628532
45,31693537,628533
45,32089819,628532
45,32485467,628532
45,32871375,628532
45,33261153,628531
45,33678514,628529
45,34069081,628529
45,34442117,628529
45,34804662,628529
45,35197247,628529
45,35588952,628529
45,35967397,628529
45,36338427,628528
45,36702355,628528
45,37090782,628529
45,37463770,628528
45,37826041,628528
45,38215141,628528
45,38588825,628527
45,38989189,628527
45,39359690,628526
45,39761586,628526
45,40172058,628526
45,40526664,628526
45,40902672,628525
45,41296305,628524
45,41659671,628525
45,42047345,628525
45,42422957,628524
45,42829512,628524
45,43199835,628525
45,43624797,628522
45,44017002,628524
45,44385155,628524
45,44781300,628522
45,45187768,628522
45,45554051,628522
45,45946519,628523
45,46318658,628521
45,46721882,628522
45,47093617,628522
45,47486023,628521
45,47870236,628521
45,48268724,628523
45,48678726,628520
45,49072066,628520
45,49443526,628522
45,49804069,628520
45,50193633,628520
45,50589770,628521
45,50966212,628521
45,51338649,628521
45,51695797,628521
45,52088889,628520
45,52444394,628520
45,52818890,628520
45,53212913,628519
45,53590867,628519
45,54033640,628519
45,54403189,628519
45,54801515,628519
45,55172423,628519
45,55589723,628520
45,56008031,628519
45,56400496,628519
45,56778626,628520
45,57173614,628519
45,57567621,628519
45,57944873,628519
45,58337917,628519
45,58698352,628519
45,59089115,628519
45,59464212,628519
45,59827783,628518
45,60197524,628518
45,60589988,628518
45,60967186,628518
45,61360130,628518
45,61719103,628518
45,62090139,628518
45,62484335,628518
46,723284,628519
46,1081287,628855
46,1485941,629342
46,1853761,629692
46,2224568,630046
46,2607129,629798
46,3000928,629857
46,3370072,629967
46,3789777,630021
46,4183453,630239
46,4584901,630258
46,4979217,630433
46,5370391,630512
46,5781324,630527
46,6148008,630659
46,6548208,630651
46,6913871,630696
46,7307657,630692
46,7689510,630677
46,8081046,630697
46,8476660,630666
46,8871252,630675
46,9266855,630651
46,9664164,630664
46,10077892,630647
46,10453665,630646
46,10850904,630638
46,11246199,630637
46,11621456,630616
46,12015390,630510
46,12371966,630414
46,12797990,630368
46,13167088,630317
46,13564723,630323
46,13956527,630345
46,14331533,630395
46,14730871,630442
46,15103143,630499
46,15502950,630534
46,15895452,630548
46,16289151,630554
46,16689657,630554
46,17081491,630553
46,17480072,630549
46,17874348,630548
46,18265873,630549
46,18627481,630549
46,18995804,630546
46,19402222,630544
46,19766539,630541
46,20161137,630540
46,20523537,630539
46,20896372,630538
46,21290405,630539
46,21704255,630540
46,22099031,630540
46,22475079,630541
46,22870078,630541
46,23223747,630541
46,23614873,630540
46,24020073,630539
46,24430077,630537
46,24828932,630536
46,25223003,630536
46,25579392,630537
46,25975985,630537
46,26368284,630537
46,26766889,630538
46,27121351,630539
46,27495273,630536
46,27848972,630537
46,28203853,630538
46,28558890,630535
46,28930868,630535
46,29327075,630535
46,29690252,630535
46,30084391,630533
46,30494667,630534
46,30893432,630535
46,31291857,630533
46,31686653,630534
46,32099642,630535
46,32496660,630532
46,32890260,630532
46,33266978,630533
46,33661420,630532
46,34055788,630530
46,34471989,630531
46,34862902,630531
46,35226072,630531
46,35628454,630531
46,35999566,630531
46,36406937,630531
46,36777318,630530
46,37166005,630531
46,37584423,630530
46,37977587,630530
46,38373268,630529
46,38749858,630529
46,39120880,630529
46,39482533,630529
46,39892152,630529
46,40291502,630529
46,40689633,630529
46,41079459,630529
46,41477112,630529
46,41871687,630529
46,42265873,630528
46,42645187,630528
46,43036900,630528
46,43441805,630527
46,43813219,630527
46,44208498,630527
46,44599649,630526
46,44993588,630526
46,45346769,630526
46,45730914,630525
46,46118775,630524
46,46478324,630526
46,46893122,630524
46,47290763,630525
46,47682933,630525
46,48079346,630525
46,48477285,630524
46,48891342,630524
46,49244558,630523
46,49602408,630523
46,49974550,630523
46,50326791,630523
46,50684043,630523
46,51078519,630522
46,51437560,630523
46,51805577,630522
46,52179582,630522
46,52578338,630522
46,52932038,630522
46,53304831,630521
46,53703304,630521
46,54055822,630522
46,54449198,630521
46,54828046,630521
46,55180553,630521
46,55556503,630521
46,55950293,630521
46,56305374,630521
46,56689000,630521
46,57079561,630521
46,57478467,630520
46,57870859,630520
46,58246518,630520
46,58623311,630520
46,59016052,630519
46,59411442,630520
46,59807436,630520
47,692479,630528
47,1078605,630858
47,1451197,631395
47,1848156,631700
47,2242419,632059
47,2614027,631787
47,2971844,631859
47,3365013,631973
47,3738991,632011
47,4141065,632251
47,4509452,632262
47,4866238,632373
47,5219685,632527
47,5571719,632500
47,5947678,632606
47,6322276,632670
47,6694705,632656
47,7078025,632716
47,7498349,632669
47,7895804,632699
47,8274331,632683
47,8673724,632669
47,9082762,632666
47,9467250,632653
47,9830409,632665
47,10194838,632642
47,10562571,632647
47,10959067,632637
47,11322731,632635
47,11695180,632583
47,12065739,632453
47,12431760,632402
47,12757841,632369
47,13065906,632317
47,13360349,632314
47,13669092,632336
47,13986154,632356
47,14294513,632398
47,14586466,632443
47,14900573,632479
47,15210471,632521
47,15521850,632543
47,15845363,632550
47,16196328,632557
47,16573955,632553
47,16937128,632553
47,17286641,632549
47,17613599,632547
47,17947450,632548
47,18301175,632548
47,18659278,632548
47,18996837,632545
47,19350758,632543
47,19705609,632540
47,20058822,632540
47,20418399,632539
47,20779250,632538
47,21120741,632539
47,21452537,632539
47,21812779,632540
47,22202132,632540
47,22562008,632540
47,22938453,632541
47,23313408,632540
47,23686965,632540
47,24065603,632539
47,24444361,632537
47,24820703,632537
47,25194038,632537
47,25568957,632537
47,25962532,632536
47,26316296,632537
47,26690131,632537
47,27090250,632537
47,27450266,632537
47,27866399,632537
47,28263067,632536
47,28637055,632535
47,28991837,632534
47,29386745,632534
47,29739967,632534
47,30123566,632534
47,30516000,632534
47,30891557,632534
47,31285467,632534
47,31679195,632534
47,32085324,632534
47,32473969,632533
47,32870625,632533
47,33282564,632533
47,33638081,632532
47,34015011,632532
47,34408306,632532
47,34818833,632531
47,35181749,632531
47,35574574,632530
47,35955185,632530
47,36371073,632530
47,36778334,632530
47,37138893,632530
47,37531978,632530
47,37889571,632530
47,38282318,632529
47,38657574,632529
47,39014656,632529
47,39386862,632528
47,39797171,632528
47,40157965,632528
47,40556734,632528
47,40993446,632526
47,41368971,632526
47,41739765,632527
47,42142558,632527
47,42514605,632526
47,42913245,632526
47,43302839,632526
47,43678563,632525
47,44100814,632525
47,44494027,632525
47,44871202,632525
47,45265010,632525
47,45635767,632525
47,45997270,632525
47,46389512,632525
47,46761643,632525
47,47172697,632525
47,47533054,632525
47,47915376,632525
47,48288523,632525
47,48661515,632524
47,49062263,632524
47,49428388,632524
47,49831451,632524
47,50241365,632523
47,50635731,632523
47,50992665,632523
47,51386664,632522
47,51763340,632522
47,52189373,632524
47,52553693,632523
47,52954481,632523
47,53348886,632523
47,53723502,632523
47,54121199,632523
47,54494261,632523
47,54891294,632523
47,55285420,632523
47,55677433,632523
47,56042927,632523
47,56437678,632523
47,56819161,632523
47,57200036,632522
47,57594881,632523
47,57975164,632522
47,58366648,632522
47,58740618,632522
47,59137323,632523
47,59511051,632522
47,59868458,632521
47,60261234,632522
47,60615911,632522
47,60972792,632522
47,61344510,632522
47,61740859,632522
47,62115675,632522
47,62511283,632521
47,62898848,632521
47,63288401,632522
47,63681290,632521
47,64080806,632521
47,64472770,632521
47,64893974,632521
48,715949,632522
48,1094503,632859
48,1493716,633390
48,1886199,633694
48,2268125,634055
48,2660401,633768
48,3054068,633895
48,3430979,633959
48,3824437,634018
48,4183623,634242
48,4576909,634263
48,4969486,634438
48,5368991,634518
48,5763510,634532
48,6144538,634669
48,6543930,634656
48,6908159,634701
48,7304574,634700
48,7678058,634675
48,8033069,634710
48,8437665,634670
48,8830380,634681
48,9209541,634661
48,9574782,634665
48,9970039,634657
48,10369526,634646
48,10762676,634647
48,11141130,634637
48,11511150,634643
48,11867235,634557
48,12263378,634445
48,12636421,634397
48,12991727,634333
48,13402073,634312
48,13768467,634334
48,14184282,634370
48,14574698,634421
48,14953629,634474
48,15351936,634527
48,15761940,634547
48,16180938,634558
48,16575120,634558
48,16973231,634557
48,17365972,634552
48,17762226,634551
48,18159361,634551
48,18573995,634551
48,18928963,634550
48,19353738,634548
48,19743820,634546
48,20125021,634543
48,20515467,634542
48,20884711,634541
48,21245781,634542
48,21636381,634543
48,22009982,634544
48,22369007,634544
48,22761391,634544
48,23124536,634544
48,23502064,634543
48,23885972,634541
48,24268870,634542
48,24662671,634540
48,25031243,634539
48,25433508,634539
48,25804312,634539
48,26204576,634539
48,26600633,634540
48,26989844,634540
48,27367477,634540
48,27740039,634539
48,28123248,634539
48,28489256,634539
48,28863935,634538
48,29240496,634537
48,29614857,634537
48,29987869,634537
48,30372644,634537
48,30765685,634537
48,31173246,634537
48,31538928,634537
48,31932599,634537
48,32308585,634537
48,32701923,634536
48,33090194,634536
48,33491083,634536
48,33886719,634535
48,34289046,634535
48,34678871,634535
48,35085329,634535
48,35474312,634533
48,35864361,634535
48,36243570,634534
48,36636466,634534
48,37010769,634534
48,37367013,634534
48,37782494,634533
48,38151951,634533
48,38533145,634533
48,38906684,634532
48,39263387,634532
48,39656904,634532
48,40011056,634532
48,40389090,634532
48,40781317,634532
48,41167405,634532
48,41554527,634532
48,41927611,634531
48,42291371,634531
48,42682787,634531
48,43055843,634530
48,43453160,634530
48,43827318,634530
48,44225953,634530
48,44638774,634529
48,45031518,634529
48,45409859,634529
48,45801975,634529
48,46184476,634529
48,46575616,634529
48,46971901,634529
48,47369932,634527
48,47761353,634527
48,48189768,634527
48,48577705,634527
48,48973073,634526
48,49366521,634526
48,49761304,634526
48,50158543,634526
48,50574075,634526
48,50928007,634526
48,51283370,634526
48,51678365,634525
48,52052871,634526
48,52436711,634525
48,52829177,634525
48,53229656,634525
48,53598183,634525
48,53993849,634524
48,54369561,634524
48,54765071,634524
48,55141773,634524
48,55535941,634524
48,55922015,634524
48,56310754,634524
48,56702671,634524
48,57090937,634524
48,57493163,634524
48,57886073,634523
48,58268159,634523
48,58657952,634523
48,59031920,634523
49,724193,634533
49,1102924,634862
49,1479550,635401
49,1894208,635763
49,2286673,636062
49,2650933,635774
49,3044271,635903
49,3441041,635964
49,3810178,636021
49,4185090,636248
49,4562095,636266
49,4957514,636439
49,5353458,636520
49,5769543,636547
49,6163141,636667
49,6548403,636658
49,6913892,636693
49,7291287,636703
49,7687406,636681
49,8061357,636711
49,8457542,636673
49,8830678,636682
49,9185040,636665
49,9561125,636666
49,9976783,636665
49,10344509,636649
49,10727503,636653
49,11081119,636643
49,11458150,636642
49,11853359,636561
49,12236121,636439
49,12626362,636395
49,12998229,636335
49,13395527,636321
49,13767896,636343
49,14124181,636377
49,14530017,636426
49,14895898,636481
49,15304642,636527
49,15669918,636549
49,16064084,636557
49,16482020,636559
49,16875457,636559
49,17280690,636553
49,17645879,636553
49,18017928,636554
49,18379606,636554
49,18769457,636554
49,19168998,636551
49,19565184,636547
49,19957413,636547
49,20379010,636544
49,20770213,636544
49,21185288,636544
49,21595304,636546
49,21959160,636546
49,22356810,636546
49,22770122,636547
49,23168085,636547
49,23581682,636546
49,23975900,636544
49,24354223,636544
49,24767789,636542
49,25122410,636542
49,25486123,636541
49,25879920,636541
49,26283257,636541
49,26650613,636542
49,27021667,636542
49,27420458,636542
49,27829667,636542
49,28185013,636542
49,28561171,636541
49,28986198,636541
49,29373117,636540
49,29725876,636540
49,30077050,636539
49,30456791,636539
49,30849676,636539
49,31202474,636539
49,31564057,636539
49,31933421,636539
49,32314034,636539
49,32705905,636539
49,33057194,636539
49,33434636,636538
49,33828658,636537
49,34181567,636537
49,34557075,636537
49,34952666,636536
49,35313368,636536
49,35702053,636536
49,36076299,636536
49,36440316,636536
49,36840279,636536
49,37225627,636536
49,37604733,636534
49,37978539,636534
49,38395979,636534
49,38793488,636534
49,39206557,636533
49,39602721,636533
49,39975558,636533
49,40346112,636533
49,40728848,636532
49,41102118,636533
49,41458864,636533
49,41873064,636530
49,42277151,636531
49,42668010,636530
49,43056775,636530
49,43456995,636530
49,43849207,636530
49,44202374,636530
49,44579864,636529
49,44932552,636529
49,45313951,636529
49,45711492,636528
49,46098731,636528
49,46476217,636529
49,46827886,636529
49,47181346,636528
49,47559839,636528
49,47952836,636528
49,48347111,636528
49,48731329,636528
49,49123648,636528
49,49501348,636528
49,49894259,636527
49,50277319,636527
49,50669423,636527
49,51076880,636527
49,51438427,636527
49,51811285,636527
49,52203023,636527
49,52562681,636527
49,52932926,636527
49,53336502,636527
49,53704716,636527
49,54057542,636527
49,54456393,636527
49,54829723,636527
49,55182781,636525
49,55559432,636526
49,55934398,636526
49,56325467,636526
49,56704932,636526
49,57058252,636526
49,57434703,636526
49,57828591,636525
49,58184265,636525
49,58564139,636525
49,58957119,636525
49,59333689,636526
49,59727256,636525
49,60105388,636525
49,60509397,636525
50,717201,636535
50,1118953,636933
50,1531452,637387
50,1884956,637759
50,2285726,638056
50,2676256,637774
50,3055060,637941
50,3450072,637966
50,3841181,638064
50,4220349,638265
50,4592361,638273
50,4975566,638451
50,5342059,638532
50,5715520,638529
50,6092350,638669
50,6465044,638668
50,6839822,638694
50,7217537,638713
50,7611682,638681
50,7988095,638715
50,8368271,638683
50,8737077,638683
50,9097585,638671
50,9500990,638666
50,9868018,638670
50,10264538,638651
50,10635701,638657
50,11002895,638645
50,11388309,638649
50,11760886,638623
50,12119341,638507
50,12533491,638415
50,12937490,638361
50,13327796,638321
50,13837647,638339
50,14227289,638375
50,14637747,638430
50,15035688,638485
50,15429630,638530
50,15800360,638553
50,16152268,638562
50,16499835,638563
50,16852387,638563
50,17227037,638562
50,17576909,638556
50,17943985,638555
50,18254393,638557
50,18562361,638557
50,18875265,638555
50,19188439,638554
50,19500081,638552
50,19792266,638550
50,20134860,638549
50,20487321,638547
50,20837252,638547
50,21159926,638547
50,21505730,638548
50,21813828,638548
50,22129322,638549
50,22451533,638549
50,22802823,638549
50,23153475,638549
50,23508696,638548
50,23861115,638547
50,24217223,638546
50,24580754,638545
50,24920279,638545
50,25261520,638544
50,25614106,638544
50,25971987,638544
50,26322468,638544
50,26683853,638544
50,27041964,638544
50,27409000,638545
50,27763783,638544
50,28118922,638544
50,28472030,638544
50,28825322,638542
50,29166933,638541
50,29514057,638541
50,29866871,638541
50,30224725,638541
50,30575808,638540
50,30942389,638540
50,31306043,638540
50,31664333,638540
50,32025092,638540
50,32406741,638540
50,32753031,638540
50,33127483,638540
50,33506750,638538
50,33883026,638538
50,34277904,638538
50,34629591,638537
50,35009202,638537
50,35361393,638537
50,35711655,638537
50,36092765,638536
50,36485114,638536
50,36836470,638536
50,37215482,638536
50,37616663,638536
50,38034211,638536
50,38428517,638533
50,38806918,638534
50,39203131,638534
50,39623192,638534
50,40012706,638534
50,40406412,638534
50,40783473,638533
50,41165756,638533
50,41556406,638533
50,41965012,638533
50,42329753,638532
50,42744271,638532
50,43140850,638532
50,43534726,638532
50,43939903,638532
50,44325652,638532
50,44739070,638532
50,45102033,638532
50,45493467,638532
50,45868771,638532
50,46274939,638532
50,46637855,638532
50,47036872,638531
50,47449543,638531
50,47842500,638530
50,48243318,638530
50,48636996,638530
50,49035185,638530
50,49428705,638530
50,49805973,638530
50,50240468,638530
50,50614314,638529
50,51011519,638529
50,51408003,638530
50,51781408,638529
50,52162162,638529
50,52551901,638529
50,52943390,638529
50,53331308,638529
50,53739072,638529
50,54098865,638529
50,54469156,638529
50,54864124,638529
50,55221680,638529
50,55593037,638529
50,56015101,638529
50,56412769,638529
50,56823963,638529
50,57201351,638529
50,57601454,638529
50,58004559,638529
50,58370293,638529
50,58761719,638528
50,59160674,638528
50,59534222,638528
50,59939299,638528
50,60307823,638528
50,60718561,638528
50,61116099,638528
50,61533494,638528
50,61939748,638528
50,62307461,638528
50,62697955,638528
50,63063098,638528
50,63428427,638527
50,63823486,638527
51,741786,638538
51,1125526,638865
51,1499502,639390
51,1913019,639759
51,2305288,640035
51,2703746,639780
51,3076685,639907
51,3458692,639964
51,3848611,640063
51,4244940,640256
51,4619881,640279
51,5015047,640444
51,5393648,640523
51,5796871,640544
51,6160500,640674
51,6565330,640670
51,6930350,640704
51,7296084,640706
51,7682134,640695
51,8096153,640718
51,8453362,640682
51,8846249,640690
51,9221745,640672
51,9585778,640678
51,9999273,640666
51,10395198,640659
51,10790245,640657
51,11180769,640651
51,11582693,640649
51,11997138,640570
51,12394756,640451
51,12789695,640392
51,13164867,640348
51,13565949,640325
51,13936089,640343
51,14348369,640383
51,14750534,640433
51,15118814,640486
51,15519881,640530
51,15891667,640556
51,16297497,640565
51,16666128,640566
51,17039146,640565
51,17415710,640562
51,17799595,640559
51,18183146,640559
51,18598432,640559
51,18993535,640559
51,19502224,640553
51,20027756,640551
51,20553091,640548
51,21048348,640546
51,21552943,640548
51,22067986,640550
51,22593198,640550
51,23015168,640550
51,23420626,640550
51,23901380,640549
51,24427504,640548
51,24942953,640546
51,25444076,640546
51,25942034,640545
51,26466793,640546
51,26984706,640546
51,27488296,640546
51,28005607,640546
51,28506867,640545
51,29029537,640545
51,29543890,640544
51,29969264,640544
51,30462234,640544
51,30909629,640543
51,31315180,640544
51,31711916,640544
51,32099446,640544
51,32497664,640544
51,32907027,640544
51,33298621,640543
51,33660964,640543
51,34054387,640542
51,34415904,640542
51,34809669,640541
51,35200329,640541
51,35597281,640541
51,35951409,640541
51,36326629,640541
51,36720529,640541
51,37072284,640540
51,37451348,640540
51,37824503,640540
51,38198359,640539
51,38575631,640539
51,38969034,640539
51,39330273,640539
51,39718970,640537
51,40092855,640538
51,40450863,640537
51,40821137,640536
51,41217026,640537
51,41572916,640537
51,41945201,640536
51,42366987,640535
51,42741239,640535
51,43115790,640535
51,43472266,640535
51,43823932,640535
51,44200832,640535
51,44595854,640535
51,44956882,640535
51,45333475,640535
51,45717541,640535
51,46074470,640535
51,46450407,640535
51,46845458,640534
51,47198806,640534
51,47576308,640534
51,47949105,640534
51,48330428,640534
51,48696058,640534
51,49094697,640533
51,49451801,640533
51,49823602,640533
51,50195023,640533
51,50595084,640533
51,50946823,640533
51,51328481,640533
51,51698805,640533
51,52069534,640533
51,52448022,640532
51,52842917,640532
51,53195078,640531
51,53577343,640531
51,53971092,640531
51,54329587,640531
51,54722190,640531
51,55094829,640531
51,55450591,640531
51,55825540,640531
51,56220267,640530
51,56594625,640530
51,56964161,640530
51,57347546,640530
51,57696664,640530
51,58071778,640530
51,58473060,640530
51,58867961,640529
51,59241548,640529
51,59636850,640529
51,60009562,640529
51,60366871,640529
51,60717860,640529
51,61072888,640529
51,61449156,640529
52,742004,640539
52,1145510,640863
52,1496223,641345
52,1870396,641703
52,2274846,642055
52,2686739,641806
52,3039169,641910
52,3438854,641979
52,3791187,642002
52,4147737,642232
52,4519815,642272
52,4871213,642364
52,5251470,642529
52,5641254,642518
52,5995540,642620
52,6376344,642680
52,6769660,642682
52,7133108,642726
52,7507135,642691
52,7892143,642715
52,8251678,642708
52,8621192,642688
52,9015481,642691
52,9374313,642670
52,9744792,642684
52,10144913,642662
52,10496777,642664
52,10869617,642657
52,11267937,642656
52,11622139,642651
52,11994974,642569
52,12393009,642464
52,12745417,642402
52,13129787,642351
52,13521502,642328
52,13870704,642342
52,14251593,642373
52,14624738,642425
52,14999584,642473
52,15374308,642519
52,15748606,642552
52,16125310,642563
52,16499632,642566
52,16870990,642566
52,17271956,642566
52,17623888,642562
52,18005265,642561
52,18396320,642563
52,18747854,642563
52,19128153,642559
52,19516725,642557
52,19871992,642556
52,20246884,642552
52,20641509,642550
52,20994607,642549
52,21376431,642550
52,21767278,642551
52,22133528,642552
52,22496803,642552
52,22892003,642552
52,23247010,642552
52,23620332,642553
52,24015760,642551
52,24395851,642551
52,24745453,642548
52,25150878,642548
52,25521410,642548
52,25873047,642548
52,26250075,642548
52,26622392,642548
52,26997668,642548
52,27374933,642548
52,27744994,642548
52,28129482,642548
52,28515875,642548
52,28895270,642547
52,29250443,642547
52,29623523,642546
52,29997498,642545
52,30375414,642545
52,30748668,642545
52,31146636,642545
52,31510750,642545
52,31893750,642545
52,32269394,642545
52,32621943,642545
52,32995031,642545
52,33394957,642544
52,33744797,642544
52,34128390,642544
52,34517413,642543
52,34870199,642542
52,35251515,642542
52,35644516,642542
52,35994990,642542
52,36375035,642542
52,36770321,642542
52,37124143,642542
52,37498396,642541
52,37894321,642540
52,38249943,642540
52,38624385,642540
52,39015488,642539
52,39375125,642539
52,39749096,642539
52,40130006,642539
52,40501109,642539
52,40874572,642539
52,41249474,642538
52,41621033,642538
52,42006392,642538
52,42397868,642538
52,42788762,642538
52,43165158,642537
52,43517235,642537
52,43891794,642537
52,44248252,642537
52,44620493,642535
52,45015646,642537
52,45370970,642536
52,45744709,642535
52,46160679,642535
52,46540756,642536
52,46893977,642534
52,47271502,642536
52,47622413,642535
52,47997147,642534
52,48394492,642534
52,48744717,642534
52,49129443,642534
52,49515723,642534
52,49893967,642534
52,50249982,642534
52,50644129,642534
52,50996993,642534
52,51375943,642534
52,51769861,642534
52,52128295,642534
52,52496622,642534
52,52893466,642534
52,53249756,642534
52,53623867,642533
52,53995390,642533
52,54373813,642533
52,54746260,642533
52,55137876,642533
52,55499134,642533
52,55869531,642533
52,56247366,642533
52,56621289,642533
52,56994476,642533
52,57376450,642533
52,57749586,642533
52,58127663,642531
52,58519009,642532
52,58890310,642532
52,59250033,642532
52,59622236,642532
52,60016211,642532
52,60372918,642532
52,60745277,642532
52,61157511,642532
52,61543111,642532
52,61915589,642532
52,62271021,642532
52,62622674,642531
52,62996228,642531
52,63396182,642531
53,738310,642532
53,1102388,642864
53,1494168,643338
53,1867947,643646
53,2222473,644047
53,2618080,643838
53,2996514,643834
53,3346448,644010
53,3720739,643979
53,4121514,644245
53,4598810,644278
53,5002988,644455
53,5401540,644537
53,5891533,644604
53,6313342,644693
53,6687135,644675
53,7085944,644736
53,7494655,644699
53,7848724,644712
53,8230220,644717
53,8622623,644686
53,8983288,644698
53,9375770,644671
53,9744178,644685
53,10107504,644664
53,10497939,644662
53,10868911,644661
53,11225942,644652
53,11597746,644657
53,12013849,644600
53,12370590,644494
53,12723262,644408
53,13120248,644362
53,13474510,644328
53,13848144,644336
53,14246216,644365
53,14599212,644407
53,15001512,644463
53,15371424,644512
53,15736718,644547
53,16129602,644564
53,16505104,644569
53,16875750,644570
53,17272704,644568
53,17641148,644564
53,18009239,644563
53,18398222,644563
53,18770042,644563
53,19169249,644563
53,19563769,644559
53,19948953,644557
53,20313176,644555
53,20702604,644552
53,21069132,644552
53,21434537,644553
53,21787813,644555
53,22146593,644555
53,22538121,644555
53,22889924,644555
53,23265835,644555
53,23622574,644555
53,23982194,644554
53,24368931,644554
53,24744379,644552
53,25109396,644551
53,25496809,644551
53,25870594,644551
53,26231576,644551
53,26597502,644551
53,27009415,644551
53,27397886,644551
53,27769890,644551
53,28170373,644551
53,28541263,644551
53,28944988,644549
53,29310683,644549
53,29701664,644549
53,30087824,644548
53,30476284,644546
53,30847002,644547
53,31252816,644547
53,31643045,644547
53,32024273,644547
53,32437423,644547
53,32847701,644546
53,33250226,644546
53,33642743,644546
53,34020773,644546
53,34414158,644545
53,34786589,644545
53,35141247,644545
53,35494645,644545
53,35847443,644543
53,36225188,644544
53,36618741,644544
53,36996183,644544
53,37360041,644543
53,37750220,644543
53,38148597,644543
53,38541768,644542
53,38954734,644542
53,39341792,644542
53,39708932,644541
53,40105863,644541
53,40487526,644541
53,40870421,644541
53,41246246,644540
53,41606935,644540
53,42013387,644540
53,42374764,644540
53,42765518,644539
53,43128309,644539
53,43496693,644539
53,43849450,644539
53,44227614,644539
53,44601563,644539
53,44980383,644539
53,45371954,644537
53,45745230,644538
53,46099523,644538
53,46472728,644538
53,46847680,644538
53,47223536,644538
53,47597486,644537
53,47994688,644537
53,48356724,644537
53,48749382,644537
53,49148566,644537
53,49549158,644536
53,49947641,644536
53,50312401,644536
53,50706674,644536
53,51105795,644536
53,51473362,644535
53,51847028,644535
53,52245600,644535
53,52598698,644535
53,52980103,644534
53,53369196,644534
53,53722727,644534
53,54100543,644534
53,54613049,644534
53,55081471,644534
53,55486811,644534
53,55873943,644534
53,56347709,644534
53,56767620,644534
53,57238140,644534
53,57686965,644534
53,58089945,644533
54,980668,644586
54,1494028,645241
54,2011144,645705
54,2510047,646019
54,3012181,645807
54,3462092,646009
54,3837936,645967
54,4302793,646258
54,4758812,646289
54,5181006,646480
54,5586344,646530
54,5980257,646567
54,6352175,646688
54,6746365,646676
54,7122874,646726
54,7515383,646710
54,7892075,646702
54,8271757,646724
54,8643925,646690
54,9016289,646697
54,9413406,646675
54,9765527,646682
54,10142258,646678
54,10493773,646663
54,10846428,646669
54,11210594,646655
54,11581504,646659
54,11974646,646618
54,12353919,646500
54,12748048,646423
54,13104174,646374
54,13473867,646337
54,13848895,646338
54,14229256,646363
54,14612406,646413
54,14994587,646460
54,15373444,646516
54,15780169,646551
54,16148731,646568
54,16540719,646572
54,16936411,646574
54,17334481,646571
54,17705399,646566
54,18086899,646566
54,18474641,646567
54,18847307,646567
54,19204361,646564
54,19580352,646563
54,19973823,646561
54,20328757,646557
54,20703342,646555
54,21101082,646555
54,21452994,646555
54,21827224,646556
54,22227440,646557
54,22579355,646558
54,22952517,646558
54,23349635,646557
54,23703918,646557
54,24125482,646556
54,24542184,646554
54,24934792,646554
54,25288203,646554
54,25642234,646553
54,25994508,646552
54,26375669,646553
54,26786518,646553
54,27142454,646553
54,27495657,646553
54,27846672,646553
54,28205639,646553
54,28577757,646551
54,28971906,646551
54,29329131,646551
54,29702162,646550
54,30083541,646550
54,30471763,646550
54,30829474,646548
54,31203624,646549
54,31575540,646549
54,31966456,646549
54,32351275,646549
54,32700344,646549
54,33086955,646548
54,33472361,646547
54,33846208,646547
54,34203409,646547
54,34575056,646547
54,34971274,646546
54,35327111,646546
54,35700410,646546
54,36102928,646546
54,36495974,646546
54,36850758,646546
54,37228336,646545
54,37640138,646545
54,37991667,646544
54,38392958,646543
54,38742879,646543
54,39123101,646542
54,39483823,646542
54,39868324,646542
54,40246387,646542
54,40599653,646542
54,40950604,646542
54,41328397,646541
54,41722934,646541
54,42086259,646541
54,42452681,646540
54,42847555,646540
54,43203181,646540
54,43576355,646540
54,43950143,646540
54,44353676,646540
54,44747198,646540
54,45101666,646540
54,45453400,646540
54,45829389,646539
54,46204471,646539
54,46575022,646539
54,46950483,646538
54,47329675,646539
54,47704960,646539
54,48081342,646539
54,48454346,646539
54,48850308,646539
54,49205844,646539
54,49578885,646538
54,49973366,646538
54,50328988,646538
54,50702158,646537
54,51101314,646537
54,51452302,646537
54,51824960,646537
54,52224784,646537
54,52576568,646537
54,52951288,646537
54,53350608,646537
54,53700123,646537
54,54082872,646536
54,54471576,646536
54,54846393,646536
54,55210494,646536
54,55600243,646536
54,55963740,646536
54,56353780,646536
54,56746113,646536
54,57101789,646536
54,57450830,646536
54,57825800,646536
54,58205916,646536
54,58575254,646536
54,58950686,646535
54,59353508,646535
55,716212,646546
55,1123209,646949
55,1534507,647411
55,1891683,647783
55,2290018,648062
55,2691769,647787
55,3083920,647964
55,3453881,647981
55,3829202,648036
55,4204071,648291
55,4579890,648287
55,4959860,648462
55,5349758,648553
55,5724471,648535
55,6079976,648687
55,6475527,648683
55,6849472,648701
55,7203100,648744
55,7577034,648695
55,7977460,648734
55,8371131,648702
55,8743201,648694
55,9100156,648690
55,9515614,648672
55,9866771,648686
55,10266791,648659
55,10617681,648667
55,10995237,648655
55,11347461,648654
55,11721618,648645
55,12076706,648530
55,12471440,648439
55,12825931,648394
55,13202083,648338
55,13595960,648332
55,13963897,648353
55,14327641,648396
55,14721186,648447
55,15098110,648494
55,15450745,648539
55,15824533,648564
55,16223048,648574
55,16574913,648576
55,16960246,648576
55,17349490,648571
55,17700349,648569
55,18079902,648569
55,18474977,648569
55,18827372,648568
55,19204488,648566
55,19598099,648563
55,19960859,648560
55,20349965,648558
55,20732941,648557
55,21121789,648557
55,21513045,648558
55,21890386,648559
55,22265674,648559
55,22617306,648559
55,22975712,648561
55,23370187,648560
55,23742032,648558
55,24102928,648558
55,24495041,648556
55,24866799,648555
55,25265932,648554
55,25639015,648554
55,25993743,648555
55,26346854,648555
55,26709609,648555
55,27077907,648555
55,27472278,648555
55,27824158,648555
55,28203850,648554
55,28619323,648554
55,28988452,648553
55,29367186,648552
55,29743724,648552
55,30102634,648552
55,30495616,648550
55,30869117,648550
55,31266916,648551
55,31620665,648550
55,31974682,648551
55,32348571,648551
55,32701574,648551
55,33078292,648550
55,33472207,648549
55,33827808,648549
55,34203619,648549
55,34599918,648549
55,34959836,648549
55,35350905,648548
55,35723196,648548
55,36077136,648547
55,36449820,648547
55,36848387,648547
55,37222989,648547
55,37576638,648547
55,37978775,648545
55,38366606,648545
55,38743624,648545
55,39101574,648545
55,39493909,648544
55,39867182,648545
55,40266985,648544
55,40638726,648544
55,40997440,648544
55,41412259,648545
55,41765474,648543
55,42122327,648543
55,42515180,648543
55,42890033,648543
55,43287390,648542
55,43659060,648542
55,44015347,648542
55,44371236,648542
55,44733831,648542
55,45124435,648542
55,45496639,648542
55,45867774,648542
55,46264404,648542
55,46617103,648542
55,46973501,648542
55,47347549,648542
55,47700689,648541
55,48077078,648541
55,48471864,648541
55,48824342,648541
55,49202336,648541
55,49598161,648541
55,49967746,648541
55,50329433,648541
55,50735047,648540
55,51125136,648540
55,51495268,648541
55,51848117,648541
55,52204366,648540
55,52576726,648540
55,52973046,648540
55,53328308,648540
55,53702956,648539
55,54099724,648539
55,54451769,648539
55,54827066,648539
55,55225060,648539
55,55620730,648539
55,55997568,648539
55,56390762,648539
55,56764485,648539
55,57122385,648539
55,57495064,648539
55,57846863,648539
55,58222354,648539
55,58618061,648539
55,58974756,648539
56,742723,648549
56,1125183,648878
56,1503486,649409
56,1916568,649716
56,2273151,650076
56,2667054,649818
56,3039233,649883
56,3398341,649996
56,3791009,650011
56,4144847,650247
56,4522456,650287
56,4935723,650404
56,5292272,650550
56,5645440,650530
56,5996577,650636
56,6352475,650703
56,6727357,650691
56,7121392,650744
56,7476486,650707
56,7851407,650726
56,8248400,650722
56,8602748,650694
56,8975791,650702
56,9384543,650677
56,9769920,650690
56,10142429,650670
56,10518782,650667
56,10872910,650664
56,11233669,650657
56,11621204,650659
56,11998334,650605
56,12354128,650500
56,12725746,650412
56,13121941,650368
56,13477760,650333
56,13862278,650340
56,14237175,650369
56,14602478,650415
56,14976222,650471
56,15373851,650521
56,15726468,650558
56,16101225,650574
56,16500657,650579
56,16852619,650581
56,17237843,650579
56,17623938,650572
56,17975031,650572
56,18355056,650572
56,18749349,650573
56,19100987,650571
56,19478113,650569
56,19871232,650565
56,20235317,650563
56,20601556,650561
56,20994833,650561
56,21352639,650561
56,21725027,650562
56,22120705,650562
56,22476991,650563
56,22849511,650562
56,23237412,650563
56,23600718,650563
56,23975131,650561
56,24353728,650560
56,24725678,650560
56,25100829,650558
56,25480948,650557
56,25853241,650557
56,26234524,650557
56,26645744,650557
56,26997452,650559
56,27353326,650559
56,27728479,650557
56,28121560,650557
56,28479476,650557
56,28851127,650556
56,29250170,650556
56,29645967,650556
56,29995895,650556
56,30374954,650554
56,30768611,650554
56,31120502,650554
56,31497923,650553
56,31850514,650553
56,32234699,650554
56,32621241,650554
56,32975019,650552
56,33362634,650552
56,33749177,650552
56,34099891,650552
56,34482546,650552
56,34875568,650552
56,35253106,650552
56,35645366,650552
56,35998683,650550
56,36353839,650550
56,36725001,650550
56,37101368,650550
56,37500013,650550
56,37903454,650550
56,38294453,650550
56,38685107,650549
56,39038852,650549
56,39394135,650548
56,39746632,650548
56,40100421,650548
56,40477224,650548
56,40850159,650548
56,41236423,650548
56,41625693,650548
56,41997768,650547
56,42353603,650547
56,42724963,650547
56,43120047,650546
56,43477402,650546
56,43850393,650546
56,44249028,650544
56,44600766,650545
56,44975613,650546
56,45378919,650545
56,45770727,650545
56,46144519,650545
56,46543095,650545
56,46915452,650544
56,47271072,650544
56,47622418,650544
56,47977368,650544
56,48353893,650543
56,48746454,650543
56,49101003,650544
56,49479473,650543
56,49873156,650543
56,50229308,650543
56,50602627,650542
56,50975507,650542
56,51354839,650542
56,51727260,650542
56,52100222,650542
56,52500693,650542
56,52894685,650542
56,53249832,650542
56,53601399,650542
56,53976671,650542
56,54353832,650542
56,54726904,650543
56,55100698,650542
56,55478386,650542
56,55874096,650542
56,56235191,650542
56,56626305,650541
56,57000164,650542
56,57366062,650542
56,57730150,650541
56,58124886,650541
56,58500512,650541
56,58896357,650541
56,59292599,650541
56,59667006,650541
56,60062334,650541
56,60419674,650541
57,761082,650566
57,1168245,651034
57,1586411,651508
57,2008453,651921
57,2391703,652036
57,2765882,651782
57,3143495,651995
57,3515646,651973
57,3888844,652116
57,4289039,652292
57,4640854,652295
57,5025425,652485
57,5421748,652536
57,5818212,652570
57,6202231,652696
57,6578243,652678
57,6932864,652725
57,7309783,652724
57,7655763,652698
57,8023231,652731
57,8388196,652696
57,8778899,652700
57,9135389,652687
57,9504953,652678
57,9840847,652689
57,10137714,652668
57,10432723,652664
57,10739690,652669
57,11051701,652658
57,11363447,652662
57,11655033,652653
57,11971021,652586
57,12282160,652493
57,12594439,652430
57,12884717,652389
57,13203310,652349
57,13488577,652337
57,13800785,652346
57,14114279,652371
57,14426215,652407
57,14738669,652448
57,15065501,652498
57,15385929,652536
57,15702413,652560
57,16010387,652572
57,16305302,652578
57,16633977,652580
57,16931003,652580
57,17240472,652575
57,17552325,652573
57,17843049,652574
57,18156168,652574
57,18467552,652573
57,18780252,652572
57,19099650,652571
57,19385292,652569
57,19702857,652566
57,20011474,652562
57,20305259,652561
57,20613056,652561
57,20926466,652559
57,21238294,652559
57,21533691,652559
57,21843185,652563
57,22155604,652563
57,22468019,652561
57,22759727,652563
57,23077333,652563
57,23384579,652563
57,23696420,652562
57,23988763,652561
57,24301528,652560
57,24613009,652560
57,24926609,652559
57,25238623,652558
57,25530616,652556
57,25842985,652556
57,26156029,652558
57,26467060,652558
57,26758629,652558
57,27076576,652558
57,27366229,652558
57,27730497,652558
57,28265870,652557
57,28601451,652557
57,28907077,652557
57,29271892,652557
57,29637947,652556
57,29991002,652556
57,30349376,652556
57,30699021,652555
57,31053710,652555
57,31407145,652555
57,31745581,652555
57,32054135,652555
57,32386618,652555
57,32748394,652555
57,33101726,652555
57,33449275,652554
57,33782605,652554
57,34136385,652554
57,34458267,652553
57,34761019,652553
57,35098867,652553
57,35434166,652553
57,35742066,652553
57,36052842,652553
57,36342320,652553
57,36655540,652553
57,36973941,652552
57,37259156,652552
57,37553921,652552
57,37862551,652552
57,38176042,652552
57,38488054,652551
57,38803140,652551
57,39114665,652551
57,39435002,652551
57,39721010,652550
57,40034772,652550
57,40345118,652550
57,40658965,652550
57,40978803,652550
57,41265060,652550
57,41560203,652550
57,41872820,652550
57,42183973,652550
57,42493581,652548
57,42807117,652548
57,43100856,652549
57,43412964,652549
57,43725620,652549
57,44018940,652549
57,44335658,652549
57,44643454,652549
57,44940055,652549
57,45248923,652548
57,45559746,652548
57,45872622,652549
57,46194015,652549
57,46501295,652549
57,46837878,652548
57,47169963,652548
57,47501955,652548
57,47819298,652548
57,48128909,652547
57,48444192,652547
57,48754495,652547
57,49102391,652547
57,49425817,652547
57,49735205,652546
57,50094563,652547
57,50426245,652547
57,50737435,652547
57,51052371,652547
57,51361922,652547
57,51676786,652547
57,51996061,652547
57,52329719,652546
57,52658572,652546
57,52996829,652546
57,53349693,652546
57,53679401,652546
57,54016807,652545
57,54388587,652545
57,54741815,652545
57,55105335,652545
57,55434701,652545
57,55787175,652545
57,56143635,652545
57,56497287,652545
57,56850427,652544
57,57228601,652544
57,57581642,652544
57,57917392,652544
57,58253018,652544
57,58588652,652544
57,58937941,652544
57,59316804,652543
57,59669426,652543
57,60025235,652543
57,60385867,652544
57,60757960,652544
57,61155422,652543
57,61506906,652543
57,61882199,652543
58,732785,652553
58,1132346,652876
58,1498043,653407
58,1907500,653715
58,2261080,654074
58,2638751,653821
58,3014721,653885
58,3382840,654008
58,3741449,653990
58,4114818,654248
58,4515884,654287
58,4909061,654408
58,5263006,654549
58,5645905,654535
58,6055654,654657
58,6429802,654692
58,6806449,654700
58,7151300,654741
58,7528380,654702
58,7876923,654725
58,8225972,654719
58,8588471,654694
58,8935171,654703
58,9263508,654679
58,9620726,654686
58,9968639,654681
58,10335766,654666
58,10681873,654671
58,11033518,654657
58,11389232,654665
58,11742198,654650
58,12116658,654581
58,12471959,654469
58,12833182,654406
58,13159952,654368
58,13495769,654331
58,13848748,654333
58,14260544,654368
58,14619861,654413
58,14973076,654464
58,15337975,654514
58,15706890,654557
58,16056240,654576
58,16433455,654583
58,16767043,654584
58,17103466,654585
58,17443135,654579
58,17811118,654576
58,18164479,654576
58,18520335,654576
58,18879543,654576
58,19231664,654575
58,19609354,654572
58,19981908,654567
58,20380873,654567
58,20731961,654564
58,21107334,654563
58,21505574,654564
58,21876508,654566
58,22262092,654566
58,22643427,654566
58,23037410,654566
58,23421384,654566
58,23805768,654566
58,24156166,654565
58,24537939,654563
58,24950654,654563
58,25302570,654563
58,25698232,654562
58,26051169,654561
58,26411673,654562
58,26783722,654562
58,27135111,654562
58,27494672,654562
58,27866598,654562
58,28259748,654562
58,28639894,654562
58,28990662,654561
58,29404940,654561
58,29767427,654560
58,30158522,654560
58,30514599,654559
58,30882632,654559
58,31254149,654559
58,31634872,654559
58,32000963,654559
58,32361036,654559
58,32730401,654559
58,33120257,654559
58,33477932,654558
58,33832848,654558
58,34152059,654557
58,34466178,654557
58,34778734,654557
58,35096489,654556
58,35389305,654556
58,35700472,654555
58,36004559,654555
58,36345704,654555
58,36676836,654555
58,37006058,654555
58,37347205,654555
58,37676615,654555
58,38031011,654555
58,38385088,654554
58,38737280,654554
58,39053255,654554
58,39408988,654554
58,39760694,654554
58,40115899,654553
58,40472768,654553
58,40834134,654553
58,41162037,654552
58,41517364,654552
58,41869136,654552
58,42223595,654552
58,42583098,654552
58,42912387,654551
58,43244558,654551
58,43603021,654551
58,43938260,654550
58,44288363,654550
58,44653890,654550
58,45002523,654550
58,45363256,654550
58,45728260,654549
58,46074715,654549
58,46442650,654549
58,46793703,654549
58,47153247,654548
58,47508298,654547
58,47881839,654547
58,48233872,654547
58,48634001,654547
58,49008234,654547
58,49404954,654547
58,49786655,654547
58,50136294,654547
58,50496530,654547
58,50889436,654547
58,51242338,654547
58,51618741,654546
58,52000683,654546
58,52374951,654546
58,52798227,654546
58,53200146,654546
58,53557361,654546
58,53898082,654546
58,54262203,654545
58,54636843,654545
58,54976167,654545
58,55340711,654545
58,55684955,654545
58,56036931,654545
58,56397376,654545
58,56768237,654545
59,739670,654554
59,1085336,654883
59,1461952,655364
59,1866634,655718
59,2210250,656075
59,2563903,655860
59,2940852,655851
59,3292128,656017
59,3667991,655993
59,4065677,656216
59,4445208,656286
59,4820263,656379
59,5216482,656544
59,5591950,656534
59,5949481,656640
59,6319258,656702
59,6673565,656692
59,7030833,656742
59,7402255,656714
59,7756346,656723
59,8159322,656727
59,8529935,656699
59,8893589,656705
59,9280233,656682
59,9632917,656693
59,10012226,656677
59,10402569,656672
59,10777384,656670
59,11156479,656663
59,11529207,656666
59,11892279,656620
59,12278122,656505
59,12651769,656423
59,13034081,656372
59,13423851,656340
59,13776769,656342
59,14155553,656375
59,14550801,656420
59,14905599,656472
59,15289433,656525
59,15685926,656563
59,16061690,656582
59,16445550,656585
59,16799858,656587
59,17184242,656585
59,17587143,656582
59,17985590,656580
59,18329462,656580
59,18676502,656580
59,19054855,656579
59,19407128,656574
59,19761248,656573
59,20114895,656570
59,20474212,656568
59,20801404,656565
59,21137023,656565
59,21491516,656566
59,21827289,656568
59,22177255,656568
59,22532522,656568
59,22888935,656570
59,23239332,656570
59,23602766,656568
59,23981417,656568
59,24334587,656567
59,24685660,656565
59,25059250,656564
59,25419734,656564
59,25770189,656563
59,26127161,656563
59,26499672,656563
59,26898085,656564
59,27270425,656564
59,27666156,656564
59,28021569,656564
59,28381196,656564
59,28757129,656562
59,29155350,656562
59,29507073,656562
59,29893236,656562
59,30283217,656562
59,30675261,656561
59,31053217,656561
59,31448717,656561
59,31822341,656561
59,32218785,656561
59,32589972,656561
59,32946797,656560
59,33300832,656560
59,33654702,656560
59,34031330,656560
59,34382565,656559
59,34799647,656558
59,35201825,656558
59,35591025,656557
59,35967266,656557
59,36321966,656557
59,36672647,656557
59,37031855,656557
59,37402089,656557
59,37755916,656556
59,38132556,656556
59,38505971,656554
59,38889486,656554
59,39277511,656554
59,39629723,656554
59,40007994,656554
59,40381313,656554
59,40777575,656553
59,41138368,656553
59,41528682,656552
59,41907429,656552
59,42322529,656552
59,42674492,656552
59,43030663,656552
59,43384845,656552
59,43756729,656551
59,44154109,656551
59,44507905,656551
59,44890476,656550
59,45277975,656550
59,45632370,656550
59,46010705,656550
59,46402564,656550
59,46756728,656550
59,47133671,656550
59,47529551,656550
59,47888600,656550
59,48278375,656548
59,48653947,656550
59,49008170,656548
59,49381400,656548
59,49778934,656548
59,50134321,656548
59,50506241,656548
59,50894524,656548
59,51278337,656548
59,51631580,656548
59,52010390,656548
59,52382451,656548
59,52756830,656548
59,53133327,656548
59,53505560,656547
59,53890106,656547
59,54298621,656547
60,718586,656573
60,1145734,657035
60,1536577,657460
60,1933107,657853
60,2326404,658033
60,2720269,657792
60,3086717,657999
60,3472312,657981
60,3848517,658126
60,4251506,658298
60,4617554,658306
60,4973254,658499
60,5368932,658552
60,5720560,658568
60,6097756,658693
60,6449185,658699
60,6831601,658732
60,7221824,658745
60,7573641,658715
60,7952484,658747
60,8324413,658715
60,8698794,658715
60,9075366,658699
60,9470710,658693
60,9831197,658699
60,10219965,658675
60,10594389,658682
60,10950058,658667
60,11384585,658673
60,11809961,658639
60,12217510,658529
60,12614384,658428
60,13043448,658376
60,13419499,658340
60,13801696,658345
60,14181528,658372
60,14540139,658419
60,14909440,658468
60,15267526,658518
60,15641427,658563
60,16037759,658579
60,16375973,658588
60,16728148,658590
60,17084993,658591
60,17430052,658587
60,17800406,658585
60,18144454,658585
60,18470372,658585
60,18826715,658585
60,19180035,658581
60,19595151,658577
60,20020531,658572
60,20400037,658569
60,20766331,658568
60,21114934,658568
60,21490331,658568
60,21847409,658569
60,22197401,658570
60,22550206,658571
60,22908174,658571
60,23261885,658573
60,23596171,658571
60,23930805,658570
60,24288641,658569
60,24618272,658568
60,24956956,658567
60,25325900,658565
60,25678616,658565
60,26046636,658565
60,26391385,658565
60,26768444,658565
60,27119849,658565
60,27471822,658566
60,27860243,658565
60,28219349,658565
60,28587563,658565
60,28967139,658565
60,29344172,658564
60,29693812,658563
60,30070735,658562
60,30464545,658562
60,30826452,658561
60,31194856,658561
60,31587916,658561
60,31949991,658562
60,32323392,658561
60,32720394,658561
60,33075737,658561
60,33450542,658560
60,33860593,658560
60,34245830,658559
60,34617058,658559
60,34976805,658558
60,35370014,658558
60,35740960,658558
60,36139167,658557
60,36513736,658557
60,36868845,658557
60,37221781,658557
60,37605210,658557
60,37994834,658557
60,38346294,658556
60,38700160,658555
60,39083003,658555
60,39475378,658555
60,39863912,658554
60,40242737,658554
60,40619731,658553
60,41014236,658553
60,41367821,658553
60,41722406,658553
60,42099538,658553
60,42492224,658553
60,42882255,658553
60,43264285,658553
60,43617805,658553
60,43973026,658552
60,44353761,658552
60,44745958,658552
60,45140234,658552
60,45513683,658552
60,45874414,658551
60,46245594,658551
60,46638249,658551
60,46999442,658551
60,47368385,658551
60,47721371,658551
60,48078331,658551
60,48450090,658551
60,48860896,658551
60,49244529,658551
60,49618689,658551
60,49974165,658550
60,50348013,658550
60,50700319,658549
60,51099432,658549
60,51470896,658549
60,51919665,658549
60,52293258,658550
60,52685080,658550
60,53098132,658549
60,53512537,658549
60,54007554,658549
60,54539388,658549
60,55063895,658549
60,55592193,658549
60,56122619,658549
60,56613375,658548
60,57090036,658548
60,57568668,658549
60,58023400,658549
60,58429057,658549
61,775553,658601
61,1228580,659106
61,1669126,659536
61,2082958,660035
61,2521955,659864
61,2924802,659857
61,3280357,660033
61,3638162,659987
61,3980225,660168
61,4294919,660309
61,4668192,660326
61,5007714,660507
61,5367959,660568
61,5745577,660577
61,6105675,660705
61,6440638,660710
61,6795502,660733
61,7149498,660764
61,7530989,660721
61,7885768,660752
61,8218184,660743
61,8542440,660712
61,8895874,660721
61,9213028,660696
61,9565081,660696
61,9882077,660698
61,10213030,660677
61,10546389,660681
61,10952648,660667
61,11327027,660667
61,11694326,660660
61,12017287,660617
61,12334502,660536
61,12647314,660448
61,12960898,660395
61,13290494,660366
61,13631319,660338
61,13962141,660351
61,14313195,660380
61,14634170,660423
61,14997198,660468
61,15317687,660518
61,15675996,660558
61,16026712,660579
61,16382781,660589
61,16745887,660591
61,17097154,660591
61,17425274,660590
61,17767246,660588
61,18118769,660587
61,18445291,660587
61,18779064,660587
61,19132194,660584
61,19486441,660581
61,19822418,660575
61,20181520,660573
61,20532399,660571
61,20897070,660569
61,21273430,660568
61,21672631,660569
61,22020473,660570
61,22396344,660571
61,22793396,660572
61,23142421,660572
61,23525196,660572
61,23933365,660571
61,24321676,660570
61,24698813,660569
61,25090476,660567
61,25466074,660567
61,25819397,660566
61,26169914,660566
61,26545600,660566
61,26900834,660567
61,27279138,660567
61,27662773,660567
61,28050185,660567
61,28447265,660567
61,28801244,660566
61,29152008,660565
61,29523005,660565
61,29901989,660565
61,30284336,660564
61,30686385,660564
61,31055549,660564
61,31443721,660564
61,31801515,660563
61,32173850,660563
61,32522813,660563
61,32902393,660563
61,33294621,660563
61,33659844,660562
61,34050575,660562
61,34431868,660562
61,34849297,660561
61,35243577,660561
61,35633043,660561
61,36034562,660561
61,36426554,660560
61,36829752,660560
61,37203325,660560
61,37597228,660560
61,37975576,660560
61,38370655,660560
61,38756548,660559
61,39161552,660559
61,39549715,660559
61,39948204,660558
61,40341692,660558
61,40744530,660558
61,41141165,660558
61,41511663,660557
61,41918462,660557
61,42306115,660557
61,42715239,660557
61,43073416,660557
61,43448490,660556
61,43851523,660556
61,44223157,660556
61,44631849,660556
61,45038061,660556
61,45435316,660556
61,45805190,660556
61,46196129,660554
61,46572498,660554
61,46970849,660554
61,47347454,660554
61,47744831,660553
61,48143073,660553
61,48514028,660553
61,48909089,660553
61,49283451,660553
61,49680038,660553
61,50051125,660553
61,50446798,660552
61,50825348,660552
61,51219748,660552
61,51633199,660553
61,52039900,660552
61,52410757,660552
61,52811402,660552
61,53181136,660552
61,53575703,660551
61,53994647,660551
61,54390427,660551
61,54768273,660551
61,55155352,660551
61,55522680,660551
61,55924578,660551
61,56283751,660551
61,56665872,660551
61,57052521,660551
62,797952,660559
62,1165779,660891
62,1542768,661429
62,1934197,661792
62,2345880,662091
62,2698646,661818
62,3096759,661939
62,3456641,662012
62,3851463,662062
62,4243214,662295
62,4639227,662306
62,5059832,662508
62,5481701,662556
62,5873198,662615
62,6288371,662723
62,6684977,662709
62,7102906,662765
62,7498660,662728
62,7869281,662747
62,8261200,662741
62,8635100,662712
62,9012325,662720
62,9412400,662693
62,9822526,662706
62,10228995,662679
62,10616738,662684
62,11011751,662672
62,11412947,662674
62,11812292,662662
62,12182341,662577
62,12574778,662459
62,12978283,662400
62,13347047,662360
62,13725367,662340
62,14111564,662358
62,14469089,662395
62,14846827,662452
62,15240170,662510
62,15651130,662555
62,16010020,662582
62,16381240,662593
62,16846977,662597
62,17252274,662597
62,17638613,662594
62,18015510,662591
62,18407567,662592
62,18771776,662592
62,19168276,662587
62,19555503,662585
62,19958286,662579
62,20374483,662577
62,20781776,662574
62,21180393,662571
62,21573866,662573
62,21951122,662574
62,22365375,662574
62,22735189,662575
62,23117087,662577
62,23530744,662576
62,23887071,662575
62,24260081,662575
62,24654929,662573
62,25034462,662571
62,25427719,662571
62,25809366,662570
62,26201131,662570
62,26597394,662570
62,26971361,662570
62,27373019,662570
62,27795249,662570
62,28162613,662570
62,28557659,662570
62,28954671,662570
62,29327202,662569
62,29747036,662567
62,30139476,662567
62,30531701,662567
62,30916466,662567
62,31306715,662567
62,31677264,662565
62,32076578,662566
62,32446882,662566
62,32806227,662566
62,33199682,662565
62,33551798,662565
62,33932808,662565
62,34356075,662564
62,34754165,662564
62,35114524,662564
62,35473015,662564
62,35870097,662562
62,36279828,662562
62,36634143,662562
62,37011311,662562
62,37404425,662562
62,37782104,662560
62,38184767,662562
62,38579281,662561
62,38956479,662560
62,39349871,662559
62,39739065,662559
62,40142459,662559
62,40536260,662559
62,40935932,662559
62,41307018,662559
62,41697358,662558
62,42101481,662557
62,42471798,662557
62,42857173,662557
62,43245231,662557
62,43655185,662557
62,44012591,662557
62,44405304,662556
62,44794548,662555
62,45182511,662555
62,45550697,662555
62,45911415,662555
62,46302633,662555
62,46677502,662554
62,47073501,662554
62,47450703,662554
62,47866962,662554
62,48261597,662554
62,48633653,662554
62,49038428,662554
62,49454112,662554
62,49852805,662554
62,50228581,662554
62,50625784,662554
62,50997132,662553
62,51390642,662553
62,51808063,662553
63,718274,662563
63,1101593,662970
63,1518910,663435
63,1887116,663807
63,2287404,664089
63,2695907,663812
63,3071566,663951
63,3427378,664006
63,3820106,664059
63,4191247,664319
63,4573510,664312
63,4947727,664458
63,5303221,664584
63,5674416,664562
63,6069407,664702
63,6427349,664719
63,6799010,664729
63,7242936,664768
63,7614711,664721
63,7967291,664760
63,8328711,664728
63,8718797,664717
63,9092414,664715
63,9489412,664694
63,9862966,664710
63,10217984,664682
63,10572087,664684
63,10945963,664680
63,11300449,664669
63,11674808,664675
63,12069744,664617
63,12458265,664494
63,12829095,664422
63,13203446,664368
63,13596012,664342
63,13968203,664349
63,14327479,664386
63,14721179,664434
63,15091039,664492
63,15488450,664541
63,15864806,664577
63,16220099,664594
63,16613005,664598
63,16966451,664600
63,17342139,664600
63,17696851,664594
63,18070504,664593
63,18435368,664593
63,18827391,664593
63,19244556,664588
63,19638622,664584
63,20018181,664582
63,20415522,664578
63,20784828,664574
63,21181254,664574
63,21594574,664575
63,21968122,664575
63,22348936,664578
63,22722199,664579
63,23112921,664579
63,23491345,664579
63,23883336,664578
63,24265190,664575
63,24661489,664574
63,25070584,664574
63,25437195,664572
63,25822587,664572
63,26210466,664571
63,26591793,664571
63,26966912,664572
63,27321554,664572
63,27675194,664572
63,28048567,664572
63,28446753,664571
63,28799496,664571
63,29196360,664571
63,29576942,664569
63,29966905,664568
63,30352790,664568
63,30765052,664567
63,31168116,664567
63,31587469,664567
63,31968122,664567
63,32354806,664567
63,32766453,664566
63,33167575,664566
63,33575066,664566
63,33965544,664566
63,34327757,664565
63,34699529,664565
63,35111263,664565
63,35516293,664564
63,35886879,664564
63,36290285,664564
63,36678731,664563
63,37069050,664562
63,37447062,664563
63,37821811,664562
63,38181552,664561
63,38570315,664561
63,38944741,664561
63,39299563,664561
63,39673927,664559
63,40068995,664559
63,40434989,664560
63,40827036,664560
63,41230560,664560
63,41592076,664560
63,41966760,664560
63,42323582,664559
63,42715059,664558
63,43091216,664559
63,43509441,664559
63,43862438,664559
63,44217452,664558
63,44570222,664558
63,44924038,664558
63,45300945,664558
63,45694652,664558
63,46049393,664558
63,46433535,664557
63,46825110,664557
63,47209885,664557
63,47596421,664557
63,47965310,664556
63,48326663,664556
63,48719692,664556
63,49071398,664556
63,49438229,664556
63,49802076,664556
63,50186682,664556
63,50573021,664556
63,50925629,664556
63,51304227,664555
63,51695499,664555
63,52049225,664556
63,52435175,664556
63,52826470,664556
63,53244094,664555
64,726556,664565
64,1129820,664974
64,1523557,665474
64,1929676,665799
64,2292443,666084
64,2714863,665806
64,3100485,665984
64,3474154,666007
64,3826147,666064
64,4194983,666308
64,4581223,666315
64,4950483,666462
64,5311756,666578
64,5705382,666570
64,6075059,666715
64,6472681,666713
64,6848213,666735
64,7202080,666769
64,7554019,666725
64,7909034,666755
64,8293856,666732
64,8685256,666720
64,9079760,666715
64,9455717,666696
64,9871529,666705
64,10269777,666680
64,10682511,666687
64,11034987,666670
64,11415328,666677
64,11807221,666661
64,12168231,666584
64,12558059,666469
64,12951818,666406
64,13311781,666362
64,13707796,666336
64,14097180,666358
64,14473289,666393
64,14826205,666445
64,15196621,666497
64,15554137,666547
64,15908348,666582
64,16416930,666601
64,16926999,666603
64,17446026,666600
64,17889075,666594
64,18403045,666595
64,18922590,666593
64,19434050,666590
64,19962999,666584
64,20480824,666579
64,20969202,666576
64,21470891,666577
64,21910508,666577
64,22405501,666580
64,22908371,666580
64,23431468,666580
64,23871686,666580
64,24340479,666576
64,24866613,666575
64,25385148,666574
64,25882327,666571
64,26384343,666573
64,26829470,666574
64,27305794,666572
64,27746778,666573
64,28167111,666573
64,28559099,666573
64,28952801,666572
64,29319748,666571
64,29680666,666571
64,30033059,666571
64,30419667,666569
64,30791011,666570
64,31169613,666570
64,31556180,666569
64,31931659,666568
64,32287379,666568
64,32678719,666568
64,33053453,666568
64,33408699,666568
64,33784626,666567
64,34183991,666568
64,34576835,666567
64,34951799,666566
64,35307435,666566
64,35658569,666566
64,36031148,666566
64,36432622,666566
64,36781726,666566
64,37166467,666566
64,37553677,666566
64,37926498,666565
64,38284518,666565
64,38658168,666564
64,39029631,666564
64,39407055,666564
64,39780322,666564
64,40178527,666564
64,40532029,666564
64,40905262,666563
64,41289199,666563
64,41661494,666563
64,42034421,666564
64,42410889,666563
64,42784472,666563
64,43171822,666563
64,43554456,666562
64,43904844,666561
64,44285853,666561
64,44678428,666561
64,45033705,666561
64,45409575,666561
64,45814491,666561
64,46206883,666561
64,46577619,666561
64,46927535,666561
64,47285835,666560
64,47659548,666560
64,48051115,666560
64,48428436,666560
64,48782233,666560
64,49179445,666560
64,49532392,666560
64,49905809,666560
64,50303029,666560
64,50655080,666560
64,51030819,666560
64,51406495,666559
64,51780835,666559
64,52167246,666559
64,52557289,666559
64,52909335,666558
64,53296064,666559
64,53683440,666559
64,54056799,666558
64,54411684,666558
64,54826169,666560
64,55202590,666559
64,55575118,666559
64,55947940,666559
64,56305993,666559
64,56657756,666559
64,57031313,666558
64,57429165,666558
64,57779784,666558
64,58162463,666558
64,58552032,666558
64,58905480,666558
64,59289315,666558
64,59679582,666558
64,60051514,666558
64,60408854,666558
65,718050,666567
65,1101744,666900
65,1473756,667443
65,1867891,667743
65,2251450,668108
65,2644257,667846
65,2997867,667909
65,3371957,668036
65,3724304,668005
65,4103432,668271
65,4498231,668310
65,4846884,668391
65,5225795,668568
65,5600588,668548
65,5983882,668674
65,6371748,668717
65,6721871,668711
65,7101746,668762
65,7475789,668722
65,7877453,668749
65,8268456,668734
65,8620086,668714
65,8995353,668720
65,9348191,668695
65,9722742,668707
65,10121254,668686
65,10472520,668682
65,10847133,668679
65,11244926,668674
65,11596915,668677
65,11982765,668632
65,12367733,668534
65,12721849,668438
65,13104270,668393
65,13497877,668355
65,13850493,668349
65,14227135,668381
65,14621092,668422
65,14984264,668475
65,15368263,668530
65,15746662,668572
65,16102630,668592
65,16475851,668599
65,16881056,668601
65,17269633,668600
65,17640703,668595
65,17997582,668593
65,18370281,668594
65,18721056,668594
65,19101659,668592
65,19474904,668588
65,19845859,668586
65,20226223,668581
65,20598253,668579
65,20981254,668578
65,21389386,668578
65,21742114,668578
65,22100702,668578
65,22470974,668581
65,22866784,668581
65,23223877,668582
65,23595775,668582
65,24011479,668581
65,24391150,668578
65,24763355,668578
65,25123802,668578
65,25519014,668576
65,25891108,668575
65,26291125,668576
65,26683710,668576
65,27058375,668576
65,27431731,668576
65,27788085,668577
65,28142743,668577
65,28495716,668577
65,28865991,668575
65,29223745,668576
65,29618562,668574
65,29981749,668573
65,30367724,668573
65,30742216,668574
65,31100191,668574
65,31473010,668573
65,31856489,668573
65,32226045,668573
65,32598760,668572
65,32979179,668572
65,33367681,668572
65,33722448,668572
65,34097390,668572
65,34471047,668570
65,34846958,668571
65,35228221,668570
65,35600600,668570
65,35984750,668570
65,36370825,668570
65,36747585,668570
65,37101252,668569
65,37471999,668569
65,37867253,668569
65,38222547,668569
65,38600064,668568
65,39000212,668567
65,39392143,668567
65,39766254,668566
65,40123993,668566
65,40516156,668566
65,40902083,668566
65,41290200,668566
65,41639643,668566
65,42020023,668566
65,42412922,668566
65,42785333,668566
65,43142790,668565
65,43493625,668564
65,43845833,668564
65,44224780,668564
65,44595860,668562
65,44979885,668563
65,45367818,668564
65,45742339,668562
65,46103309,668562
65,46477858,668563
65,46849983,668563
65,47247869,668563
65,47599681,668563
65,47986336,668562
65,48368656,668562
65,48721621,668561
65,49102823,668561
65,49472997,668562
65,49846037,668561
65,50227260,668560
65,50622957,668561
65,50983314,668561
65,51370770,668560
65,51744746,668560
65,52102615,668561
65,52496852,668561
65,52868153,668560
65,53228561,668560
65,53597846,668560
65,54012137,668560
65,54369045,668559
65,54722474,668560
65,55127303,668560
66,724366,668570
66,1129843,668971
66,1545145,669425
66,1894566,669736
66,2254232,670097
66,2649325,669845
66,3023861,669946
66,3420151,670018
66,3793700,670035
66,4149686,670270
66,4499463,670310
66,4851465,670404
66,5209438,670567
66,5580739,670554
66,5965270,670667
66,6355697,670728
66,6707881,670714
66,7090790,670771
66,7479331,670733
66,7829555,670749
66,8208689,670749
66,8601691,670720
66,8953503,670731
66,9343470,670700
66,9727464,670715
66,10091419,670690
66,10476712,670688
66,10849879,670686
66,11205630,670676
66,11607012,670681
66,11976922,670648
66,12338640,670561
66,12716747,670438
66,13115368,670399
66,13488434,670351
66,13875272,670343
66,14230427,670373
66,14584361,670410
66,14954181,670473
66,15355146,670521
66,15706896,670572
66,16088226,670596
66,16476604,670607
66,16830177,670610
66,17209968,670607
66,17582172,670602
66,17975064,670596
66,18335382,670598
66,18726290,670597
66,19090591,670596
66,19475441,670593
66,19850899,670591
66,20228626,670588
66,20580322,670583
66,20956961,670582
66,21361989,670581
66,21752136,670581
66,22108560,670583
66,22479205,670585
66,22847014,670584
66,23239648,670584
66,23607455,670584
66,24002946,670584
66,24400621,670582
66,24801027,670580
66,25204810,670580
66,25604619,670580
66,25959092,670578
66,26336376,670578
66,26728984,670580
66,27092295,670579
66,27479312,670578
66,27853093,670578
66,28212639,670579
66,28606191,670578
66,28980077,670577
66,29335701,670577
66,29709229,670577
66,30106545,670576
66,30458490,670575
66,30839557,670574
66,31239335,670575
66,31647375,670575
66,31998966,670575
66,32397884,670574
66,32770819,670575
66,33125190,670574
66,33489368,670573
66,33854303,670573
66,34214117,670573
66,34607806,670572
66,34981169,670572
66,35336241,670572
66,35732452,670572
66,36107000,670571
66,36500296,670571
66,36852689,670571
66,37212430,670571
66,37583492,670571
66,37956957,670569
66,38336412,670570
66,38711247,670568
66,39105769,670568
66,39479115,670568
66,39832587,670568
66,40212048,670566
66,40603008,670566
66,40956728,670568
66,41336004,670568
66,41730847,670566
66,42090788,670566
66,42478121,670566
66,42853778,670566
66,43209546,670566
66,43583037,670566
66,43979133,670566
66,44333074,670566
66,44707973,670565
66,45124042,670565
66,45482457,670565
66,45834287,670565
66,46232865,670564
66,46605840,670564
66,46990437,670564
66,47359705,670564
66,47730911,670564
66,48091815,670564
66,48478611,670564
66,48831557,670564
66,49212550,670564
66,49606278,670564
66,49978384,670563
66,50335003,670563
66,50708640,670563
66,51089762,670563
66,51477713,670563
66,51854312,670563
66,52210566,670563
66,52583738,670563
66,52957187,670563
66,53355907,670563
66,53707933,670563
66,54094291,670563
66,54480374,670563
66,54833323,670563
66,55210768,670562
67,766274,670572
67,1147914,670978
67,1565795,671476
67,1976089,671867
67,2386633,672050
67,2816383,671814
67,3211671,672033
67,3605408,671991
67,3958506,672142
67,4356877,672310
67,4751452,672336
67,5104995,672515
67,5458614,672564
67,5809738,672592
67,6166459,672715
67,6537648,672713
67,6936655,672755
67,7294240,672754
67,7687658,672737
67,8078246,672765
67,8456704,672727
67,8832607,672733
67,9187009,672714
67,9537970,672710
67,9913085,672711
67,10309202,672689
67,10662411,672695
67,11049268,672681
67,11438624,672685
67,11790998,672674
67,12167658,672624
67,12562282,672510
67,12917555,672427
67,13292408,672389
67,13684400,672346
67,14048014,672356
67,14445700,672389
67,14813735,672435
67,15169107,672490
67,15540158,672539
67,15912925,672584
67,16293887,672601
67,16666416,672609
67,17049960,672610
67,17435771,672610
67,17788254,672604
67,18167819,672601
67,18540669,672603
67,18912976,672601
67,19291282,672599
67,19685458,672597
67,20045585,672591
67,20457940,672587
67,20809430,672584
67,21164252,672582
67,21539386,672581
67,21932789,672582
67,22295772,672584
67,22687586,672585
67,23063383,672586
67,23459123,672587
67,23832688,672586
67,24188781,672584
67,24583654,672584
67,24956364,672582
67,25356673,672581
67,25731264,672580
67,26125771,672580
67,26489254,672579
67,26854240,672579
67,27253336,672580
67,27630189,672580
67,28045964,672580
67,28434744,672580
67,28788708,672580
67,29165289,672580
67,29560070,672579
67,29914046,672579
67,30290360,672577
67,30684606,672576
67,31046673,672576
67,31433903,672576
67,31809814,672576
67,32164605,672576
67,32537276,672576
67,32913099,672576
67,33293960,672576
67,33664532,672576
67,34047202,672576
67,34436602,672574
67,34790178,672574
67,35168575,672574
67,35540714,672573
67,35913376,672573
67,36292757,672572
67,36665401,672572
67,37047178,672571
67,37436640,672571
67,37811686,672571
67,38179385,672572
67,38541835,672572
67,38936506,672571
67,39292687,672571
67,39684650,672571
67,40062144,672571
67,40414748,672570
67,40794657,672569
67,41188624,672570
67,41584878,672569
67,41957488,672569
67,42357490,672569
67,42757945,672568
67,43149613,672568
67,43539511,672568
67,43918014,672568
67,44311481,672567
67,44665730,672566
67,45046762,672566
67,45438590,672567
67,45853951,672566
67,46209192,672565
67,46563197,672569
67,46914183,672567
67,47291015,672564
67,47688917,672568
67,48085177,672567
67,48458921,672565
67,48814175,672565
67,49189339,672566
67,49584639,672564
67,49979394,672565
67,50367622,672565
67,50728928,672565
67,51084623,672565
67,51478491,672565
67,51832183,672565
67,52188297,672565
67,52561438,672565
67,52914931,672565
67,53291534,672565
67,53663770,672565
67,54047741,672565
67,54435589,672564
67,54788956,672564
68,746516,672567
68,1103607,672902
68,1501767,673434
68,1915933,673806
68,2308820,674101
68,2689304,673827
68,3078420,673952
68,3447674,674023
68,3809095,674039
68,4162925,674273
68,4523541,674314
68,4914529,674433
68,5288195,674572
68,5647002,674562
68,6070059,674700
68,6464625,674716
68,6874010,674741
68,7224275,674769
68,7601554,674730
68,7996669,674765
68,8349095,674734
68,8725380,674727
68,9119978,674719
68,9482647,674702
68,9850078,674714
68,10244360,674688
68,10602446,674695
68,10975104,674679
68,11369197,674685
68,11725751,674677
68,12099841,674633
68,12509442,674513
68,12895360,674426
68,13269904,674389
68,13666449,674349
68,14040706,674361
68,14468080,674396
68,14851619,674445
68,15224899,674505
68,15622164,674553
68,15974639,674589
68,16350640,674605
68,16749929,674610
68,17124168,674610
68,17521094,674608
68,17915696,674604
68,18288355,674604
68,18643513,674604
68,18997369,674604
68,19350172,674600
68,19736385,674595
68,20122923,674592
68,20497910,674589
68,20850268,674585
68,21223683,674584
68,21628073,674584
68,22017504,674584
68,22391660,674585
68,22791901,674586
68,23186463,674587
68,23562694,674588
68,23960031,674587
68,24351026,674587
68,24727980,674585
68,25098283,674583
68,25485153,674583
68,25850610,674582
68,26224135,674581
68,26604702,674581
68,26998302,674581
68,27349317,674581
68,27729611,674582
68,28122798,674583
68,28486310,674581
68,28893335,674581
68,29244748,674583
68,29602622,674580
68,29976804,674579
68,30380380,674579
68,30789969,674579
68,31140475,674578
68,31496998,674578
68,31849768,674578
68,32222395,674578
68,32623573,674578
68,32995833,674577
68,33348173,674577
68,33750649,674578
68,34123929,674577
68,34519582,674576
68,34873003,674576
68,35228700,674576
68,35602637,674576
68,35996818,674575
68,36348275,674575
68,36727313,674575
68,37102966,674575
68,37498351,674575
68,37850284,674575
68,38224951,674574
68,38605457,674573
68,38975975,674573
68,39348812,674573
68,39749491,674572
68,40141874,674572
68,40496951,674572
68,40869801,674572
68,41223822,674572
68,41602362,674572
68,41994957,674572
68,42348691,674572
68,42724044,674571
68,43119540,674571
68,43483272,674571
68,43884753,674571
68,44248384,674570
68,44604050,674570
68,44975104,674570
68,45369121,674570
68,45726274,674570
68,46099812,674569
68,46497663,674570
68,46850087,674570
68,47223022,674568
68,47624718,674569
68,47994893,674569
68,48348544,674569
68,48748331,674569
68,49097341,674568
68,49495497,674568
68,49877944,674568
68,50248614,674567
68,50644742,674567
68,50998629,674567
68,51351407,674567
68,51728731,674567
68,52120328,674567
68,52500013,674567
68,52893051,674567
68,53245039,674566
68,53622242,674566
68,53985496,674566
68,54392709,674566
68,54794292,674566
68,55187335,674566
68,55566808,674566
69,742702,674576
69,1132161,674975
69,1542322,675473
69,1959118,675876
69,2354656,676083
69,2708960,675822
69,3079561,675992
69,3477584,676010
69,3830666,676069
69,4188751,676300
69,4559849,676316
69,4912309,676433
69,5272594,676580
69,5663997,676561
69,6038501,676685
69,6391709,676728
69,6765398,676730
69,7164926,676777
69,7515837,676734
69,7890182,676762
69,8289780,676747
69,8641736,676723
69,9016112,676726
69,9417934,676700
69,9790665,676717
69,10149763,676689
69,10539644,676691
69,10893940,676686
69,11271739,676680
69,11664134,676682
69,12015552,676649
69,12406661,676549
69,12791288,676443
69,13166784,676398
69,13561961,676357
69,13935128,676347
69,14292448,676382
69,14685650,676418
69,15058231,676484
69,15458524,676532
69,15807434,676578
69,16187121,676602
69,16580487,676612
69,16953301,676615
69,17311008,676614
69,17664196,676611
69,18015023,676605
69,18391761,676606
69,18787500,676605
69,19162587,676603
69,19516899,676599
69,19910102,676597
69,20272121,676594
69,20643604,676589
69,21046562,676586
69,21438103,676585
69,21812404,676587
69,22165994,676587
69,22518609,676589
69,22891058,676591
69,23291437,676591
69,23661816,676590
69,24018991,676590
69,24416779,676590
69,24790746,676586
69,25151983,676586
69,25537851,676586
69,25890691,676585
69,26270394,676584
69,26663301,676585
69,27016462,676585
69,27395174,676585
69,27788317,676585
69,28165173,676585
69,28516388,676585
69,28890538,676584
69,29290231,676584
69,29644110,676584
69,30020535,676583
69,30415472,676582
69,30768120,676580
69,31153906,676581
69,31563957,676581
69,31954000,676580
69,32309876,676580
69,32661915,676581
69,33018153,676581
69,33396523,676580
69,33789008,676580
69,34152248,676580
69,34518554,676580
69,34910816,676578
69,35272341,676578
69,35644489,676578
69,36049581,676577
69,36440624,676576
69,36809978,676577
69,37167203,676577
69,37561693,676576
69,37932632,676575
69,38291401,676575
69,38641716,676575
69,39016327,676575
69,39392998,676575
69,39767619,676575
69,40150814,676573
69,40538159,676573
69,40890369,676573
69,41268209,676573
69,41662857,676573
69,42015648,676573
69,42395147,676573
69,42808745,676573
69,43166862,676573
69,43519478,676572
69,43894284,676572
69,44291960,676571
69,44686073,676571
69,45070297,676571
69,45459749,676571
69,45850530,676571
69,46225487,676571
69,46582195,676571
69,46957438,676571
69,47312130,676570
69,47664605,676570
69,48019058,676570
69,48394752,676570
69,48790360,676569
69,49169459,676569
69,49561953,676569
69,49912874,676568
69,50270230,676568
69,50642278,676568
69,51037871,676568
69,51392626,676568
69,51765682,676568
69,52164530,676568
69,52515746,676568
69,52890047,676568
69,53273881,676568
69,53663568,676568
69,54015992,676568
70,721526,676593
70,1122731,676987
70,1480202,677485
70,1893137,677805
70,2246453,678105
70,2613014,677826
70,3001141,677951
70,3384627,678008
70,3771875,678069
70,4146955,678294
70,4503687,678313
70,4897732,678460
70,5268390,678573
70,5671142,678569
70,6071047,678715
70,6459935,678709
70,6853582,678748
70,7226096,678757
70,7624767,678730
70,7977292,678767
70,8359495,678724
70,8747799,678729
70,9100925,678716
70,9483351,678705
70,9876889,678708
70,10270582,678685
70,10669965,678695
70,11063499,678676
70,11418867,678686
70,11810770,678666
70,12165439,678606
70,12522496,678496
70,12893745,678420
70,13248012,678388
70,13613867,678350
70,13980168,678363
70,14385025,678400
70,14771568,678450
70,15143948,678503
70,15503306,678554
70,15875581,678593
70,16227489,678609
70,16606464,678618
70,16977933,678618
70,17360934,678616
70,17748968,678610
70,18101185,678608
70,18479064,678608
70,18851584,678608
70,19247896,678604
70,19603017,678600
70,19975821,678598
70,20400091,678595
70,20773314,678588
70,21163844,678589
70,21546021,678590
70,21917962,678588
70,22271017,678590
70,22670341,678593
70,23063444,678594
70,23442600,678592
70,23811792,678593
70,24164223,678592
70,24523237,678588
70,24916494,678588
70,25270913,678588
70,25668230,678587
70,26038354,678586
70,26418609,678586
70,26812462,678586
70,27163132,678586
70,27541556,678586
70,27895516,678586
70,28267442,678586
70,28666416,678585
70,29017430,678585
70,29374038,678585
70,29727405,678585
70,30110042,678583
70,30498885,678583
70,30872538,678583
70,31225456,678583
70,31608348,678582
70,31981121,678582
70,32363204,678582
70,32749948,678581
70,33104462,678581
70,33480649,678581
70,33871679,678580
70,34246585,678580
70,34602657,678580
70,34980554,678580
70,35376488,678579
70,35771763,678579
70,36125681,678579
70,36500775,678577
70,36853672,678577
70,37228759,678577
70,37635704,678577
70,38024256,678577
70,38398079,678576
70,38790803,678576
70,39165141,678576
70,39520947,678576
70,39872824,678576
70,40226221,678575
70,40602574,678575
70,40996675,678575
70,41360023,678575
70,41726847,678574
70,42122009,678574
70,42484247,678574
70,42875748,678573
70,43250196,678573
70,43607836,678573
70,43978853,678573
70,44361964,678573
70,44726823,678572
70,45099879,678572
70,45480865,678572
70,45874283,678572
70,46227913,678572
70,46605961,678572
70,46998684,678572
70,47362420,678572
70,47773193,678571
70,48163394,678571
70,48520917,678571
70,48873354,678571
70,49247302,678571
70,49603584,678571
70,49976775,678571
70,50375020,678570
70,50728243,678570
70,51100643,678570
70,51500460,678570
70,51852256,678570
70,52225903,678570
70,52622827,678570
70,52977471,678570
71,743964,678580
71,1135044,678912
71,1519447,679450
71,1895123,679819
71,2290624,680121
71,2667456,679823
71,3060919,679960
71,3414127,680030
71,3769832,680034
71,4143679,680287
71,4518858,680319
71,4918232,680432
71,5288645,680587
71,5642449,680557
71,6018253,680688
71,6390224,680730
71,6757468,680717
71,7120551,680778
71,7472963,680739
71,7848452,680755
71,8244545,680759
71,8607631,680718
71,8993847,680734
71,9368782,680703
71,9724484,680715
71,10098473,680698
71,10494378,680688
71,10853490,680695
71,11222267,680677
71,11622155,680687
71,12014713,680648
71,12388832,680557
71,12751555,680444
71,13143033,680402
71,13517337,680359
71,13916657,680354
71,14309547,680388
71,14685753,680433
71,15061330,680494
71,15455775,680552
71,15871534,680594
71,16222661,680611
71,16606364,680620
71,16995798,680620
71,17347489,680620
71,17725111,680613
71,18119633,680611
71,18471646,680610
71,18849132,680610
71,19245146,680604
71,19606963,680602
71,19972528,680598
71,20369881,680594
71,20727129,680590
71,21101410,680590
71,21475311,680590
71,21850854,680589
71,22226322,680593
71,22607948,680594
71,22978518,680594
71,23348025,680594
71,23727285,680594
71,24120956,680593
71,24475223,680591
71,24864053,680590
71,25249156,680589
71,25644120,680588
71,26017696,680586
71,26369729,680587
71,26726511,680587
71,27098657,680587
71,27497158,680587
71,27852126,680587
71,28245963,680587
71,28639510,680587
71,29016676,680586
71,29389201,680586
71,29750301,680586
71,30143977,680585
71,30518533,680583
71,30925715,680583
71,31313777,680583
71,31690495,680583
71,32065338,680583
71,32455477,680582
71,32870978,680583
71,33223766,680583
71,33606334,680582
71,33997095,680582
71,34350863,680582
71,34727547,680580
71,35120546,680579
71,35471970,680580
71,35849971,680580
71,36246647,680579
71,36609472,680579
71,36975390,680580
71,37371291,680580
71,37727590,680578
71,38122765,680578
71,38516980,680578
71,38912537,680578
71,39264305,680576
71,39622470,680578
71,39973800,680575
71,40347823,680575
71,40725864,680575
71,41119436,680575
71,41471511,680576
71,41849465,680575
71,42243276,680575
71,42619591,680575
71,42992447,680575
71,43369371,680575
71,43728897,680575
71,44122751,680575
71,44516547,680574
71,44914043,680574
71,45267113,680574
71,45621857,680574
71,45972609,680574
71,46347764,680574
71,46746139,680574
71,47117213,680574
71,47475728,680574
71,47873527,680574
71,48267567,680574
71,48643059,680574
71,49004822,680573
71,49391395,680573
71,49769605,680573
71,50160807,680573
71,50535843,680573
71,50933545,680574
71,51305510,680574
71,51663507,680574
71,52014320,680574
71,52368083,680574
71,52745819,680574
71,53118662,680574
71,53492780,680573
71,53848868,680573
71,54221519,680573
71,54617538,680573
71,54975942,680573
71,55348743,680573
71,55726922,680573
71,56119874,680573
71,56473607,680573
71,56854434,680573
71,57248282,680573
71,57665609,680573
71,58061578,680573
71,58460535,680573
71,58854591,680573
72,717947,680583
72,1100352,680989
72,1514221,681444
72,1866420,681751
72,2242904,682112
72,2617468,681857
72,2994725,681960
72,3388760,682031
72,3761072,682044
72,4120241,682302
72,4513779,682322
72,4866423,682441
72,5242037,682583
72,5596477,682564
72,5978312,682692
72,6365886,682732
72,6720802,682727
72,7096916,682778
72,7491061,682738
72,7845196,682760
72,8223796,682747
72,8619623,682728
72,8994268,682734
72,9347830,682707
72,9744212,682720
72,10121226,682694
72,10514053,682698
72,10865788,682690
72,11223315,682686
72,11594991,682689
72,11980581,682663
72,12345181,682584
72,12718605,682464
72,13098910,682416
72,13491643,682372
72,13845308,682350
72,14232070,682382
72,14597278,682417
72,14978574,682482
72,15387264,682529
72,15740045,682581
72,16097540,682605
72,16469870,682618
72,16864942,682621
72,17229329,682621
72,17620528,682615
72,17995018,682609
72,18410967,682610
72,18776188,682611
72,19166046,682609
72,19535699,682604
72,19886185,682602
72,20287548,682598
72,20680909,682595
72,21058624,682591
72,21432169,682593
72,21831065,682593
72,22244539,682593
72,22595053,682595
72,22977760,682597
72,23367650,682597
72,23719150,682597
72,24097425,682597
72,24493385,682594
72,24844313,682593
72,25223493,682592
72,25616976,682592
72,25993712,682591
72,26344617,682591
72,26740322,682591
72,27095803,682591
72,27469885,682591
72,27864358,682591
72,28246415,682592
72,28641425,682592
72,29036806,682591
72,29412870,682591
72,29806726,682590
72,30182645,682589
72,30597534,682589
72,31006143,682589
72,31390941,682588
72,31763527,682588
72,32119909,682588
72,32492811,682588
72,32847424,682588
72,33244314,682588
72,33594207,682588
72,33979303,682588
72,34365448,682587
72,34718863,682587
72,35098680,682586
72,35491402,682586
72,35845094,682585
72,36221329,682585
72,36596645,682585
72,36993808,682584
72,37344536,682584
72,37719200,682584
72,38118514,682584
72,38479422,682584
72,38888311,682584
72,39289217,682582
72,39661242,682582
72,40058337,682583
72,40450677,682581
72,40825088,682581
72,41188493,682581
72,41557748,682582
72,41959661,682579
72,42369176,682579
72,42731203,682580
72,43121783,682581
72,43493918,682579
72,43846633,682579
72,44222638,682579
72,44618027,682578
72,44995321,682578
72,45389790,682578
72,45739386,682578
72,46098109,682578
72,46491973,682577
72,46865253,682577
72,47221333,682577
72,47595879,682576
72,47992831,682577
72,48344763,682577
72,48719197,682577
72,49119011,682577
72,49469633,682577
72,49844280,682576
72,50246430,682576
72,50620305,682576
72,51017127,682576
72,51410649,682575
72,51787114,682575
72,52204962,682576
72,52596820,682576
72,52978864,682574
72,53368016,682574
72,53719857,682575
72,54099885,682575
72,54493438,682574
72,54847568,682575
73,698727,682585
73,1082845,682993
73,1499028,683499
73,1891106,683821
73,2266945,684107
73,2662546,683833
73,3015549,683965
73,3372323,684036
73,3743679,684045
73,4097853,684288
73,4476166,684325
73,4870955,684439
73,5222873,684587
73,5606294,684571
73,5997028,684696
73,6363297,684741
73,6727193,684741
73,7121869,684790
73,7486973,684745
73,7869867,684778
73,8242580,684763
73,8601144,684736
73,8975956,684744
73,9388186,684718
73,9746568,684731
73,10097149,684705
73,10522929,684706
73,10895990,684698
73,11266874,684695
73,11665566,684693
73,12039680,684653
73,12393070,684560
73,12768218,684457
73,13119279,684417
73,13475083,684376
73,13848686,684362
73,14222894,684389
73,14600315,684427
73,14973736,684490
73,15371016,684539
73,15722943,684586
73,16098951,684612
73,16479573,684623
73,16872663,684625
73,17247660,684626
73,17602409,684621
73,17975305,684620
73,18361446,684619
73,18725192,684619
73,19098513,684618
73,19478590,684613
73,19871625,684609
73,20225859,684605
73,20602631,684601
73,20996316,684597
73,21357833,684597
73,21745128,684597
73,22117852,684598
73,22478301,684600
73,22869373,684601
73,23245078,684602
73,23598244,684601
73,23972071,684601
73,24371926,684600
73,24721418,684597
73,25097610,684596
73,25497557,684595
73,25870595,684595
73,26222319,684595
73,26620645,684594
73,26972291,684595
73,27358438,684595
73,27745857,684595
73,28122819,684595
73,28521880,684595
73,28893288,684594
73,29246850,684593
73,29624873,684593
73,29995953,684593
73,30372418,684591
73,30723347,684590
73,31096718,684591
73,31508118,684590
73,31894701,684589
73,32267122,684589
73,32663251,684589
73,33016531,684589
73,33373640,684589
73,33766513,684589
73,34139279,684589
73,34528194,684588
73,34912831,684587
73,35263792,684587
73,35642515,684587
73,35994891,684587
73,36358607,684587
73,36722642,684587
73,37118730,684586
73,37474894,684586
73,37847187,684585
73,38245139,684585
73,38599815,684584
73,38973741,684585
73,39371672,684583
73,39722013,684583
73,40098212,684583
73,40495349,684583
73,40847102,684582
73,41222793,684582
73,41603919,684582
73,41976304,684582
73,42360389,684580
73,42767646,684580
73,43121830,684580
73,43476907,684580
73,43867724,684580
73,44223297,684580
73,44601404,684580
73,44994161,684579
73,45375210,684579
73,45766387,684579
73,46117581,684579
73,46496958,684579
73,46848707,684579
73,47223159,684579
73,47622369,684579
73,48014426,684579
73,48391575,684578
73,48743790,684578
73,49097506,684578
73,49479565,684578
73,49872140,684577
73,50225751,684577
73,50602020,684577
73,50996531,684577
73,51371665,684577
73,51723636,684577
73,52118546,684576
73,52476811,684577
73,52869531,684576
73,53246592,684576
73,53623419,684576
74,719236,684578
74,1082547,684913
74,1478503,685444
74,1909527,685818
74,2287284,686114
74,2660335,685841
74,3059061,685970
74,3420771,686038
74,3787184,686057
74,4184176,686312
74,4536405,686332
74,4918747,686487
74,5305785,686596
74,5660831,686583
74,6040945,686725
74,6433965,686738
74,6787891,686753
74,7163895,686795
74,7537608,686749
74,7934917,686785
74,8284853,686763
74,8659170,686745
74,9039330,686745
74,9409002,686721
74,9785285,686736
74,10186882,686707
74,10579314,686712
74,10935493,686701
74,11327565,686701
74,11700929,686694
74,12081290,686659
74,12473439,686564
74,12826934,686452
74,13205454,686420
74,13555643,686374
74,13934837,686361
74,14327185,686391
74,14681411,686427
74,15037098,686485
74,15410470,686541
74,15804911,686594
74,16162207,686616
74,16534631,686627
74,16946319,686631
74,17332610,686630
74,17701381,686623
74,18061062,686619
74,18434095,686620
74,18787096,686620
74,19163825,686619
74,19558472,686614
74,19921937,686611
74,20307793,686606
74,20660347,686604
74,21034799,686599
74,21410475,686598
74,21807816,686598
74,22161154,686598
74,22535877,686600
74,22935159,686602
74,23328704,686602
74,23679343,686600
74,24059988,686602
74,24454094,686599
74,24826049,686597
74,25224389,686597
74,25577323,686597
74,25965142,686595
74,26352177,686595
74,26723513,686595
74,27086394,686596
74,27472873,686596
74,27847150,686595
74,28249327,686595
74,28643537,686595
74,29039187,686594
74,29432644,686594
74,29788580,686594
74,30164116,686593
74,30556059,686592
74,30935594,686591
74,31330238,686591
74,31680032,686591
74,32036946,686591
74,32410681,686591
74,32805673,686591
74,33160073,686590
74,33534249,686589
74,33932936,686589
74,34284902,686589
74,34658301,686588
74,35062292,686588
74,35432307,686587
74,35785317,686587
74,36163068,686587
74,36556573,686585
74,36918913,686585
74,37306498,686585
74,37679349,686585
74,38037311,686585
74,38409823,686585
74,38804023,686585
74,39166400,686584
74,39559023,686583
74,39935197,686583
74,40330092,686583
74,40683310,686583
74,41060331,686583
74,41455306,686582
74,41827862,686582
74,42228134,686582
74,42599748,686582
74,42955554,686582
74,43308794,686582
74,43658313,686582
74,44039464,686582
74,44434073,686582
74,44784186,686581
74,45163242,686581
74,45559606,686581
74,45917206,686581
74,46286263,686581
74,46681222,686581
74,47037353,686581
74,47409953,686579
74,47805009,686579
74,48160511,686579
74,48535026,686579
74,48936389,686580
74,49327430,686580
74,49712278,686580
74,50105610,686579
74,50476907,686578
74,50840007,686578
74,51250454,686578
74,51648026,686578
74,52060012,686579
74,52438902,686579
74,52828532,686577
74,53247695,686577
74,53651913,686579
74,54019278,686578
74,54411104,686578
74,54786930,686578
74,55184142,686578
75,734553,686588
75,1134564,686992
75,1548486,687448
75,1902979,687815
75,2303832,688111
75,2700417,687846
75,3092528,688005
75,3484684,688022
75,3838433,688088
75,4218783,688316
75,4612430,688333
75,5007245,688511
75,5384426,688583
75,5800084,688610
75,6158162,688742
75,6548630,688731
75,6933326,688780
75,7328578,688765
75,7737293,688760
75,8094659,688782
75,8488586,688745
75,8882751,688752
75,9281216,688724
75,9672638,688735
75,10031939,688718
75,10406436,688710
75,10797650,688707
75,11177428,688699
75,11575638,688701
75,11989635,688681
75,12404725,688620
75,12756734,688491
75,13111984,688440
75,13484519,688402
75,13837230,688359
75,14235845,688384
75,14587647,688410
75,14972383,688472
75,15359171,688519
75,15715978,688569
75,16095250,688612
75,16486902,688620
75,16839462,688628
75,17218250,688628
75,17612399,688628
75,17990050,688617
75,18382466,688618
75,18737652,688618
75,19110220,688619
75,19467411,688614
75,19859822,688611
75,20218334,688610
75,20589598,688603
75,20971972,688600
75,21360444,688599
75,21711997,688599
75,22093113,688599
75,22484594,688601
75,22837541,688603
75,23218462,688603
75,23609714,688603
75,23974031,688603
75,24359421,688601
75,24734034,688600
75,25091465,688600
75,25464269,688599
75,25859086,688595
75,26215423,688597
75,26588244,688597
75,27002461,688597
75,27363685,688597
75,27758362,688597
75,28114213,688597
75,28487911,688597
75,28840511,688596
75,29239026,688595
75,29609304,688596
75,29973603,688594
75,30381469,688594
75,30734171,688593
75,31092966,688593
75,31488244,688593
75,31861548,688592
75,32214803,688592
75,32589617,688592
75,32990442,688592
75,33380792,688592
75,33735036,688592
75,34113640,688591
75,34507773,688590
75,34878700,688590
75,35277009,688590
75,35630240,688589
75,36007301,688589
75,36358561,688589
75,36713419,688589
75,37089590,688589
75,37484118,688587
75,37838279,688587
75,38219325,688588
75,38611982,688587
75,38989813,688586
75,39380505,688586
75,39733902,688585
75,40090870,688585
75,40464166,688586
75,40859699,688586
75,41214203,688585
75,41587479,688585
75,41987206,688585
75,42338024,688585
75,42713147,688585
75,43135404,688585
75,43531419,688585
75,43937530,688585
75,44298993,688584
75,44651492,688584
75,45011131,688584
75,45402177,688583
75,45775734,688583
75,46134530,688583
75,46506035,688583
75,46858930,688582
75,47215884,688582
75,47588199,688583
75,47986666,688583
75,48338921,688583
75,48713802,688583
75,49115724,688582
75,49510999,688581
75,49901536,688582
75,50303038,688582
75,50699957,688581
75,51092497,688581
75,51488218,688581
75,51879775,688581
75,52280648,688581
75,52652316,688581
75,53011498,688581
75,53405287,688581
75,53800280,688581
75,54177300,688581
75,54576140,688580
75,54973887,688580
75,55361315,688580
75,55714520,688580
76,722199,688590
76,1124357,688917
76,1484153,689451
76,1893079,689757
76,2246547,690112
76,2602692,689900
76,2976269,689932
76,3372654,690048
76,3728781,690030
76,4101105,690287
76,4503479,690327
76,4917833,690479
76,5313467,690586
76,5693279,690587
76,6087658,690728
76,6501693,690728
76,6893635,690768
76,7245983,690777
76,7623954,690746
76,7975163,690784
76,8353079,690745
76,8751948,690750
76,9145539,690732
76,9522327,690726
76,9924325,690727
76,10289515,690706
76,10645358,690710
76,10997838,690696
76,11349385,690703
76,11738589,690691
76,12125075,690670
76,12500195,690567
76,12893780,690459
76,13246876,690428
76,13602387,690379
76,13976295,690364
76,14350008,690394
76,14753525,690437
76,15145962,690494
76,15499747,690541
76,15874632,690590
76,16228644,690615
76,16604555,690626
76,16997350,690630
76,17348957,690629
76,17730156,690624
76,18104608,690619
76,18501267,690620
76,18873833,690621
76,19248189,690619
76,19605282,690615
76,20000598,690612
76,20371890,690608
76,20728518,690606
76,21102437,690603
76,21500291,690602
76,21914535,690602
76,22267877,690603
76,22623517,690603
76,22976763,690604
76,23351090,690605
76,23748231,690605
76,24100383,690605
76,24483630,690604
76,24871723,690603
76,25225877,690601
76,25606361,690600
76,25999045,690600
76,26351187,690599
76,26729760,690599
76,27126199,690600
76,27501521,690599
76,27894216,690599
76,28248769,690599
76,28605208,690599
76,28977809,690598
76,29350301,690598
76,29729304,690598
76,30101369,690598
76,30487472,690597
76,30851844,690595
76,31224327,690596
76,31603430,690595
76,31996922,690595
76,32350832,690595
76,32731308,690595
76,33122846,690595
76,33484796,690594
76,33882501,690594
76,34246932,690594
76,34602551,690593
76,34975129,690593
76,35380384,690592
76,35770511,690592
76,36142586,690591
76,36569086,690591
76,36991446,690591
76,37377430,690591
76,37773033,690590
76,38172113,690590
76,38591724,690590
76,38957663,690590
76,39314790,690589
76,39690979,690589
76,40080874,690589
76,40445162,690588
76,40842253,690587
76,41242046,690587
76,41629688,690587
76,42021481,690587
76,42393102,690587
76,42793049,690587
76,43164885,690586
76,43520105,690586
76,43872526,690586
76,44228322,690586
76,44604034,690585
76,44997501,690585
76,45351428,690585
76,45727191,690585
76,46123005,690585
76,46516582,690585
76,46894107,690585
76,47248507,690585
76,47621858,690585
76,48019646,690585
76,48373755,690585
76,48727874,690584
76,49100480,690584
76,49512218,690584
76,49878600,690584
76,50273118,690583
76,50672177,690583
76,51043725,690583
76,51447105,690583
76,51833607,690583
76,52227058,690583
76,52630972,690583
76,53020655,690583
76,53395027,690583
76,53811805,690582
76,54164819,690582
76,54523106,690583
76,54915536,690583
76,55289788,690583
77,784652,690592
77,1163467,690915
77,1557858,691441
77,1936178,691756
77,2308661,692116
77,2667005,691860
77,3059099,691931
77,3420846,692054
77,3792566,692053
77,4197079,692297
77,4568320,692331
77,4961111,692452
77,5350766,692597
77,5749957,692590
77,6140382,692725
77,6502626,692734
77,6914492,692772
77,7308675,692788
77,7664635,692750
77,8037875,692789
77,8419667,692751
77,8786020,692748
77,9162937,692743
77,9540753,692723
77,9932984,692735
77,10287652,692705
77,10664925,692712
77,11037364,692698
77,11417746,692701
77,11807475,692694
77,12182835,692677
77,12540014,692602
77,12911237,692465
77,13308521,692433
77,13664152,692385
77,14037551,692361
77,14446023,692392
77,14853171,692435
77,15249963,692502
77,15650741,692547
77,16038275,692604
77,16445852,692620
77,16831626,692632
77,17187274,692633
77,17564841,692633
77,17956770,692624
77,18309582,692622
77,18687620,692623
77,19079738,692622
77,19460670,692618
77,19850835,692615
77,20203940,692613
77,20562821,692606
77,20955015,692604
77,21308438,692602
77,21664512,692601
77,22057453,692601
77,22419330,692604
77,22787710,692605
77,23182070,692605
77,23537583,692606
77,23910813,692606
77,24306364,692606
77,24670210,692603
77,25040094,692603
77,25447635,692602
77,25824988,692600
77,26210782,692599
77,26604786,692600
77,26979358,692600
77,27381026,692600
77,27752923,692600
77,28140115,692600
77,28502732,692600
77,28886962,692599
77,29246918,692599
77,29607433,692599
77,30002075,692599
77,30400689,692598
77,30788882,692598
77,31162572,692598
77,31540550,692595
77,31933739,692596
77,32287084,692596
77,32665208,692597
77,33038031,692596
77,33418428,692596
77,33787133,692596
77,34161674,692595
77,34538697,692595
77,34911110,692594
77,35286864,692594
77,35690904,692594
77,36105117,692594
77,36500940,692592
77,36899121,692592
77,37290581,692592
77,37665475,692592
77,38038306,692592
77,38424058,692592
77,38787433,692591
77,39161703,692591
77,39544922,692591
77,39934618,692590
77,40287925,692590
77,40667620,692590
77,41061178,692590
77,41421813,692590
77,41811567,692589
77,42184150,692589
77,42544618,692589
77,42934148,692589
77,43308516,692589
77,43665000,692589
77,44036885,692589
77,44446077,692588
77,44851592,692588
77,45204148,692587
77,45559058,692587
77,45912331,692587
77,46286426,692587
77,46691394,692587
77,47058682,692587
77,47424207,692586
77,47813069,692586
77,48186638,692587
77,48584249,692587
77,48978659,692587
77,49349342,692586
77,49759022,692586
77,50141589,692586
77,50524306,692586
77,50935113,692586
77,51286693,692586
77,51668346,692586
77,52062087,692585
77,52459360,692585
77,52831206,692585
77,53194949,692585
77,53583773,692585
77,53955034,692584
77,54309079,692584
77,54664514,692584
77,55037633,692583
77,55420343,692583
77,55788112,692584
77,56162161,692584
77,56538108,692585
77,56910941,692585
77,57288383,692584
78,746290,692594
78,1143531,693001
78,1563403,693502
78,1953639,693819
78,2308708,694119
78,2705868,693844
78,3079636,693970
78,3439630,694038
78,3810273,694085
78,4203011,694310
78,4564538,694327
78,4935082,694479
78,5337396,694590
78,5706382,694588
78,6096061,694721
78,6455748,694736
78,6832489,694760
78,7226415,694780
78,7622854,694746
78,8013791,694785
78,8377658,694745
78,8765834,694746
78,9118125,694739
78,9495047,694720
78,9890823,694733
78,10242992,694703
78,10627035,694711
78,11017804,694694
78,11394431,694701
78,11789272,694688
78,12183736,694662
78,12563056,694546
78,12977539,694444
78,13377734,694414
78,13745652,694364
78,14139018,694375
78,14520937,694407
78,14913097,694458
78,15274495,694519
78,15664346,694568
78,16036740,694610
78,16403013,694625
78,16806876,694636
78,17161446,694634
78,17518652,694634
78,17911606,694624
78,18285785,694623
78,18660416,694624
78,19015415,694622
78,19375881,694622
78,19773294,694617
78,20140739,694614
78,20494969,694610
78,20867552,694606
78,21242924,694603
78,21623522,694602
78,22015935,694602
78,22403731,694605
78,22786566,694605
78,23139628,694606
78,23518015,694606
78,23914743,694607
78,24306875,694605
78,24703472,694604
78,25055703,694604
78,25414614,694603
78,25805408,694600
78,26180513,694600
78,26584476,694600
78,26951728,694600
78,27306368,694600
78,27704845,694600
78,28055263,694600
78,28434748,694600
78,28826140,694600
78,29200800,694600
78,29559482,694600
78,29974231,694599
78,30337379,694599
78,30729111,694598
78,31137772,694598
78,31516227,694598
78,31869138,694597
78,32263723,694597
78,32625633,694597
78,32993627,694597
78,33407236,694597
78,33770631,694596
78,34162640,694596
78,34521238,694595
78,34914792,694595
78,35305762,694595
78,35704428,694594
78,36058395,694594
78,36416971,694594
78,36809702,694594
78,37201778,694593
78,37562392,694592
78,37956324,694593
78,38356320,694593
78,38764868,694592
78,39118386,694592
78,39508659,694592
78,39892671,694591
78,40244318,694591
78,40621906,694591
78,41015360,694592
78,41378065,694591
78,41743218,694590
78,42119931,694591
78,42517094,694591
78,42909565,694589
78,43264238,694590
78,43647961,694590
78,44048617,694590
78,44440619,694588
78,44809501,694588
78,45161372,694589
78,45521277,694589
78,45892534,694589
78,46248062,694589
78,46642446,694589
78,47017145,694589
78,47378429,694588
78,47768339,694588
78,48142331,694590
78,48542020,694588
78,48913220,694588
78,49264354,694588
78,49624385,694588
78,49992066,694587
78,50406375,694587
78,50767124,694588
78,51119022,694588
78,51519632,694588
78,51910936,694588
78,52284902,694588
78,52683570,694587
78,53057682,694587
78,53411839,694587
78,53765841,694587
78,54140335,694587
78,54501774,694587
78,54892081,694587
78,55244197,694586
78,55624250,694586
78,56018096,694586
78,56415587,694586
78,56809711,694586
78,57204760,694586
78,57605671,694586
78,58015274,694586
79,725923,694595
79,1084717,695004
79,1476807,695467
79,1853960,695768
79,2208422,696137
79,2588614,695866
79,2976337,695934
79,3331847,696060
79,3706716,696049
79,4090941,696301
79,4458279,696337
79,4832417,696448
79,5227089,696600
79,5589638,696576
79,5975984,696704
79,6352631,696744
79,6709605,696744
79,7102021,696794
79,7477624,696747
79,7833729,696773
79,8226595,696764
79,8739128,696748
79,9263578,696716
79,9783563,696733
79,10304556,696698
79,10844500,696698
79,11367692,696699
79,11866811,696675
79,12311057,696604
79,12806460,696450
79,13322260,696403
79,13824564,696362
79,14326336,696403
79,14844815,696475
79,15269490,696532
79,15758989,696597
79,16165960,696625
79,16565872,696635
79,16959829,696637
79,17350275,696637
79,17715791,696630
79,18084267,696626
79,18479546,696626
79,18833726,696626
79,19208472,696623
79,19593862,696618
79,19954987,696616
79,20328093,696612
79,20728894,696607
79,21077122,696606
79,21452215,696606
79,21834795,696604
79,22228270,696608
79,22589353,696610
79,22996521,696609
79,23349892,696609
79,23707111,696610
79,24079175,696610
79,24473523,696606
79,24829702,696604
79,25202629,696604
79,25601317,696605
79,25952647,696602
79,26326628,696602
79,26724211,696603
79,27079144,696603
79,27452015,696602
79,27849732,696603
79,28223035,696604
79,28588141,696603
79,28977952,696602
79,29373230,696602
79,29753475,696602
79,30143825,696600
79,30522806,696600
79,30915989,696600
79,31265557,696600
79,31645412,696600
79,31998203,696600
79,32352473,696600
79,32706423,696600
79,33080130,696600
79,33451671,696600
79,33832426,696600
79,34205437,696599
79,34586171,696597
79,34954092,696598
79,35327224,696599
79,35705507,696597
79,36090181,696597
79,36454609,696597
79,36831231,696596
79,37224675,696595
79,37585536,696596
79,37974076,696596
79,38347933,696596
79,38704075,696595
79,39077439,696595
79,39471655,696595
79,39836263,696594
79,40207842,696594
79,40602924,696594
79,40956841,696594
79,41329892,696592
79,41727545,696592
79,42080695,696592
79,42452413,696592
79,42852258,696592
79,43203687,696592
79,43586719,696593
79,43973680,696593
79,44327186,696592
79,44707438,696592
79,45079167,696592
79,45452098,696592
79,45832157,696591
79,46204271,696591
79,46585442,696591
79,46953723,696591
79,47327299,696591
79,47727523,696591
79,48079047,696591
79,48452289,696590
79,48830343,696590
79,49203100,696590
79,49584567,696590
79,49973254,696590
79,50326781,696590
79,50710840,696590
79,51102977,696589
79,51456586,696589
79,51833184,696589
79,52227121,696589
79,52590917,696588
79,52974145,696588
79,53358035,696588
79,53750607,696588
79,54119200,696588
79,54473663,696588
79,54831451,696588
79,55202818,696588
79,55603918,696587
79,55957139,696587
79,56330471,696587
80,720990,696598
80,1121855,696928
80,1483883,697457
80,1870376,697764
80,2242974,698126
80,2601075,697866
80,3026370,697975
80,3412950,698027
80,3809452,698082
80,4182626,698316
80,4541065,698332
80,4937978,698482
80,5311566,698597
80,5690916,698590
80,6079395,698723
80,6446992,698739
80,6814716,698757
80,7209733,698785
80,7601849,698745
80,7976107,698787
80,8349222,698748
80,8727620,698744
80,9119377,698737
80,9516771,698718
80,9868823,698734
80,10224194,698703
80,10599691,698710
80,10993127,698697
80,11347866,698697
80,11724074,698693
80,12118411,698669
80,12489197,698596
80,12852524,698457
80,13245709,698428
80,13600731,698383
80,13973761,698363
80,14370026,698393
80,14726171,698427
80,15119061,698496
80,15515528,698549
80,15892296,698604
80,16266040,698626
80,16621984,698637
80,16974374,698643
80,17348410,698641
80,17746268,698635
80,18097129,698629
80,18483097,698630
80,18870404,698629
80,19245872,698628
80,19602311,698623
80,20006280,698621
80,20370015,698614
80,20726607,698612
80,21097939,698608
80,21482486,698608
80,21849273,698607
80,22221906,698607
80,22620554,698609
80,22973593,698611
80,23347674,698611
80,23723832,698611
80,24097295,698611
80,24479525,698609
80,24869211,698607
80,25222935,698607
80,25600130,698607
80,25993694,698605
80,26346049,698605
80,26728733,698605
80,27121668,698605
80,27493383,698605
80,27850968,698604
80,28246107,698605
80,28601023,698605
80,28972179,698605
80,29368116,698603
80,29724180,698603
80,30101393,698603
80,30504103,698600
80,30892906,698601
80,31268173,698601
80,31622384,698601
80,32016434,698600
80,32391279,698600
80,32787456,698600
80,33159854,698600
80,33517032,698600
80,33868287,698600
80,34220971,698600
80,34598648,698598
80,34972021,698597
80,35347197,698597
80,35724486,698597
80,36096628,698597
80,36481215,698597
80,36847092,698597
80,37222013,698596
80,37623851,698595
80,38016836,698596
80,38390708,698596
80,38789962,698595
80,39162413,698594
80,39518369,698595
80,39868351,698595
80,40221235,698593
80,40604573,698593
80,40993257,698594
80,41345919,698593
80,41728721,698593
80,42120825,698592
80,42480787,698593
80,42848735,698592
80,43241075,698592
80,43622412,698592
80,44026658,698592
80,44411189,698592
80,44808411,698592
80,45179833,698592
80,45558364,698592
80,45911722,698592
80,46264091,698592
80,46619084,698592
80,46974037,698591
80,47345877,698591
80,47722944,698591
80,48118794,698590
80,48482265,698590
80,48871176,698590
80,49223555,698590
80,49602466,698590
80,49997061,698590
80,50350831,698590
80,50725960,698590
80,51099582,698590
80,51492862,698590
80,51850426,698590
80,52223452,698589
80,52620059,698589
80,52972174,698589
80,53350566,698589
81,742153,698590
81,1122174,698930
81,1498501,699425
81,1850382,699718
81,2203930,700119
81,2579687,699915
81,2975102,699902
81,3340521,700072
81,3703678,700033
81,4099936,700269
81,4456036,700337
81,4830441,700420
81,5224053,700586
81,5586216,700573
81,5977335,700684
81,6353423,700749
81,6725536,700733
81,7079556,700793
81,7457530,700756
81,7830039,700772
81,8202351,700783
81,8582814,700740
81,8975729,700756
81,9338548,700721
81,9726933,700739
81,10098755,700721
81,10457007,700707
81,10831490,700713
81,11223724,700698
81,11579658,700706
81,11953232,700685
81,12354159,700640
81,12757262,700515
81,13121943,700444
81,13476309,700416
81,13829873,700367
81,14201732,700383
81,14601299,700410
81,14975296,700458
81,15336463,700522
81,15724144,700569
81,16076446,700615
81,16459633,700631
81,16852648,700642
81,17225935,700640
81,17580208,700640
81,17974551,700633
81,18336396,700630
81,18702747,700630
81,19099840,700630
81,19455548,700629
81,19828822,700622
81,20202478,700620
81,20579712,700615
81,20953088,700611
81,21337210,700608
81,21703110,700607
81,22089364,700607
81,22480454,700610
81,22874307,700611
81,23247632,700613
81,23623614,700613
81,23975589,700613
81,24337796,700611
81,24724754,700610
81,25101011,700609
81,25476938,700607
81,25828339,700607
81,26223927,700606
81,26579426,700606
81,26952723,700606
81,27365686,700606
81,27766192,700606
81,28118871,700606
81,28476010,700606
81,28831572,700606
81,29204436,700606
81,29604059,700606
81,29996038,700604
81,30372324,700604
81,30724951,700602
81,31077552,700602
81,31456321,700602
81,31851005,700602
81,32204538,700602
81,32582053,700602
81,32975938,700602
81,33338955,700602
81,33706949,700601
81,34077979,700601
81,34477665,700601
81,34832491,700601
81,35203536,700599
81,35579457,700599
81,35954105,700599
81,36338851,700599
81,36713478,700599
81,37079292,700598
81,37455875,700598
81,37849678,700598
81,38201529,700597
81,38584563,700597
81,38976928,700597
81,39338482,700597
81,39725301,700596
81,40101231,700596
81,40457066,700596
81,40850960,700596
81,41224881,700595
81,41579492,700595
81,41953317,700595
81,42350357,700595
81,42703185,700594
81,43078478,700595
81,43475381,700595
81,43827714,700594
81,44202874,700594
81,44600803,700595
81,44972893,700595
81,45338713,700593
81,45733656,700594
81,46099467,700594
81,46477689,700594
81,46871076,700594
81,47225153,700594
81,47578332,700594
81,47953097,700593
81,48336176,700593
81,48703405,700594
81,49077685,700594
81,49477252,700593
81,49828715,700593
81,50203409,700593
81,50582234,700593
81,50976577,700593
81,51352263,700593
81,51727018,700593
81,52078170,700593
81,52458230,700593
81,52851927,700593
81,53205103,700593
81,53583201,700593
81,53975658,700593
81,54340238,700593
81,54728329,700592
81,55099377,700592
81,55480004,700592
81,55875299,700593
81,56266699,700592
81,56668881,700593
81,57060982,700593
81,57455671,700593
81,57830615,700593
81,58227513,700593
81,58600392,700593
81,58974756,700593
81,59363148,700593
81,59767157,700593
81,60121524,700593
81,60479791,700593
81,60899006,700592
81,61302994,700591
81,61670851,700592
81,62063236,700592
81,62479196,700591
81,62872434,700591
81,63247824,700591
81,63645055,700591
81,64019926,700591
81,64374006,700591
81,64766476,700591
81,65121453,700591
81,65497690,700590
81,65849325,700590
81,66203733,700590
82,743367,700600
82,1121666,700927
82,1500678,701451
82,1893054,701763
82,2246609,702123
82,2623910,701871
82,3016998,701938
82,3384525,702041
82,3792178,702058
82,4162570,702297
82,4522002,702334
82,4913966,702457
82,5266325,702598
82,5647642,702583
82,6040985,702711
82,6394457,702747
82,6769590,702745
82,7122966,702799
82,7479168,702753
82,7893613,702782
82,8245279,702776
82,8603773,702745
82,8997642,702753
82,9374618,702725
82,9791106,702739
82,10144048,702715
82,10498875,702712
82,10852479,702710
82,11223837,702701
82,11624565,702706
82,11997476,702688
82,12357530,702654
82,12747079,702526
82,13100864,702447
82,13476772,702417
82,13871021,702362
82,14224325,702377
82,14601580,702408
82,14996763,702457
82,15361978,702515
82,15749560,702569
82,16124810,702619
82,16499125,702629
82,16851939,702642
82,17237771,702643
82,17627608,702643
82,18017928,702632
82,18371516,702632
82,18747715,702634
82,19102751,702630
82,19479047,702628
82,19873585,702625
82,20225743,702622
82,20604156,702615
82,20995978,702615
82,21359336,702610
82,21746421,702610
82,22119754,702610
82,22477037,702612
82,22849112,702614
82,23246418,702614
82,23600706,702614
82,23974263,702615
82,24423751,702615
82,24796122,702612
82,25187346,702612
82,25542728,702611
82,25914098,702610
82,26267541,702609
82,26674780,702610
82,27046547,702610
82,27444559,702610
82,27832441,702610
82,28233534,702610
82,28631069,702610
82,29023250,702610
82,29400578,702610
82,29795111,702610
82,30164951,702609
82,30527942,702609
82,30919746,702608
82,31289318,702607
82,31687760,702607
82,32040262,702607
82,32420688,702607
82,32809450,702607
82,33163965,702606
82,33541985,702606
82,33936447,702606
82,34319857,702605
82,34706297,702605
82,35059077,702605
82,35436646,702605
82,35792284,702604
82,36205392,702604
82,36566094,702604
82,36960182,702604
82,37392124,702603
82,37747951,702603
82,38102819,702603
82,38505583,702602
82,38879045,702601
82,39272765,702602
82,39644165,702600
82,40005355,702600
82,40401346,702600
82,40773553,702601
82,41179753,702599
82,41549653,702599
82,41941394,702599
82,42345901,702599
82,42710645,702599
82,43101792,702599
82,43480948,702599
82,43874872,702597
82,44246607,702598
82,44602387,702597
82,44975637,702597
82,45385484,702597
82,45767114,702597
82,46121457,702597
82,46499464,702597
82,46851695,702597
82,47224507,702596
82,47622474,702596
82,47976734,702596
82,48366748,702596
82,48755405,702596
82,49148458,702595
82,49526561,702593
82,49920031,702594
82,50329177,702594
82,50699378,702594
82,51060631,702594
82,51423621,702594
82,51813850,702594
82,52199062,702594
82,52592903,702594
82,53003956,702593
82,53401299,702593
82,53774709,702593
82,54163058,702592
82,54526906,702592
83,700736,702603
83,1094130,702932
83,1480939,703457
83,1849974,703764
83,2206083,704121
83,2560095,703914
83,2932634,703943
83,3329807,704055
83,3705499,704039
83,4073214,704291
83,4460052,704333
83,4829999,704433
83,5193853,704594
83,5586406,704586
83,5960068,704718
83,6357274,704747
83,6750739,704767
83,7130072,704797
83,7522443,704760
83,7896958,704796
83,8294881,704758
83,8709420,704761
83,9107353,704743
83,9490363,704737
83,9852365,704744
83,10213398,704717
83,10606011,704723
83,10996302,704706
83,11371663,704714
83,11725014,704702
83,12093555,704687
83,12501179,704601
83,12868863,704476
83,13227484,704447
83,13580124,704397
83,13932930,704364
83,14310403,704399
83,14702814,704425
83,15074852,704495
83,15462794,704540
83,15834126,704602
83,16234279,704629
83,16605268,704644
83,17000022,704647
83,17379677,704647
83,17771685,704643
83,18169769,704638
83,18562640,704639
83,18958835,704639
83,19376284,704636
83,19766624,704630
83,20129077,704628
83,20520769,704620
83,20911380,704616
83,21280067,704612
83,21694998,704611
83,22093690,704612
83,22479558,704615
83,22848612,704615
83,23209241,704618
83,23603059,704618
83,23953828,704618
83,24329854,704618
83,24683487,704616
83,25064435,704614
83,25454844,704613
83,25810324,704612
83,26185536,704612
83,26579673,704612
83,26932279,704611
83,27308533,704611
83,27704640,704611
83,28073339,704611
83,28442167,704611
83,28835288,704611
83,29231712,704611
83,29602003,704611
83,29955376,704611
83,30314428,704610
83,30702826,704610
83,31098811,704609
83,31495112,704609
83,31852111,704609
83,32206104,704607
83,32598243,704606
83,32975018,704607
83,33371520,704606
83,33755722,704605
83,34144939,704606
83,34514652,704606
83,34869398,704605
83,35225171,704604
83,35578295,704605
83,35932399,704605
83,36310911,704604
83,36702686,704603
83,37103380,704603
83,37500312,704603
83,37891298,704603
83,38255716,704602
83,38626319,704602
83,39028725,704602
83,39422815,704600
83,39806853,704600
83,40214102,704600
83,40605661,704600
83,40973891,704600
83,41375144,704600
83,41744879,704599
83,42101805,704599
83,42455571,704599
83,42807698,704598
83,43188022,704598
83,43582164,704598
83,43973337,704598
83,44349681,704597
83,44703430,704596
83,45064513,704596
83,45454683,704596
83,45838548,704596
83,46226770,704596
83,46601037,704596
83,46953438,704596
83,47308111,704596
83,47682111,704595
83,48103490,704595
83,48504554,704595
83,48899498,704595
83,49295907,704595
83,49690069,704595
83,50085917,704595
83,50477718,704595
83,50852149,704595
83,51212727,704595
83,51604912,704595
83,51975405,704594
83,52375010,704593
83,52745224,704593
84,704150,704604
84,1100060,705006
84,1493871,705507
84,1911557,705832
84,2268117,706112
84,2670490,705855
84,3034144,705983
84,3388161,706049
84,3760184,706064
84,4124816,706321
84,4529041,706343
84,4913196,706520
84,5328481,706601
84,5714974,706617
84,6102186,706753
84,6494536,706743
84,6877140,706792
84,7269501,706788
84,7650211,706772
84,8038038,706795
84,8452891,706756
84,8812698,706767
84,9202582,706738
84,9591371,706745
84,9959190,706734
84,10348985,706718
84,10712152,706723
84,11104499,706709
84,11474300,706718
84,11894235,706697
84,12290346,706670
84,12664548,706532
84,13059120,706458
84,13432065,706421
84,13831081,706374
84,14204132,706394
84,14600004,706424
84,14994035,706480
84,15370182,706530
84,15725624,706586
84,16121138,706625
84,16493984,706637
84,16896309,706646
84,17271234,706646
84,17682966,706644
84,18084154,706636
84,18456844,706638
84,18857049,706638
84,19250483,706637
84,19626612,706631
84,20019850,706630
84,20396582,706624
84,20796976,706619
84,21165799,706616
84,21562727,706616
84,21932755,706615
84,22327536,706617
84,22706811,706617
84,23100124,706620
84,23526806,706621
84,23911488,706620
84,24327264,706620
84,24687626,706618
84,25057158,706616
84,25452314,706615
84,25812204,706614
84,26203073,706614
84,26592033,706613
84,26953889,706613
84,27307750,706613
84,27714105,706613
84,28093959,706613
84,28481380,706613
84,28856739,706613
84,29248573,706613
84,29645976,706612
84,30021540,706611
84,30416669,706610
84,30835077,706610
84,31228003,706610
84,31625677,706609
84,32020403,706609
84,32415368,706609
84,32833719,706607
84,33247499,706607
84,33645781,706607
84,34024142,706606
84,34410916,706605
84,34776482,706605
84,35142856,706605
84,35553279,706605
84,35953399,706605
84,36348947,706604
84,36727506,706604
84,37142250,706604
84,37546186,706603
84,37954829,706603
84,38370156,706603
84,38733304,706602
84,39122868,706601
84,39526432,706601
84,39915392,706601
84,40311276,706601
84,40709116,706600
84,41081790,706600
84,41478028,706600
84,41852445,706600
84,42245373,706600
84,42657768,706600
84,43028483,706600
84,43392801,706599
84,43797495,706598
84,44165233,706598
84,44569110,706598
84,44958617,706598
84,45328111,706597
84,45690146,706597
84,46079918,706597
84,46452949,706597
84,46809651,706597
84,47202880,706597
84,47592256,706597
84,47973524,706597
84,48327770,706596
84,48706020,706596
84,49099295,706596
84,49473094,706596
84,49876657,706596
84,50244677,706595
84,50606948,706596
84,51000326,706596
84,51372945,706596
84,51772541,706596
84,52148152,706596
84,52561799,706596
84,52957421,706596
84,53349074,706595
85,747003,706604
85,1143240,707002
85,1546114,707456
85,1915348,707834
85,2307622,708130
85,2687157,707852
85,3081381,708026
85,3478533,708039
85,3850975,708134
85,4245229,708343
85,4601922,708348
85,4996657,708526
85,5401360,708604
85,5787046,708638
85,6203266,708764
85,6567328,708746
85,6958505,708797
85,7333803,708786
85,7730635,708772
85,8104358,708802
85,8500576,708756
85,8893253,708768
85,9270638,708741
85,9647531,708747
85,10039419,708730
85,10467153,708720
85,10854526,708722
85,11228948,708708
85,11625866,708717
85,11998615,708694
85,12402499,708654
85,12794041,708521
85,13183094,708452
85,13593346,708408
85,13977362,708368
85,14349063,708398
85,14748611,708423
85,15119521,708480
85,15478036,708539
85,15870267,708589
85,16224488,708628
85,16581224,708639
85,16952140,708650
85,17307409,708650
85,17692583,708648
85,18081574,708637
85,18480027,708638
85,18853755,708638
85,19248296,708637
85,19626261,708633
85,20017565,708632
85,20406691,708624
85,20788883,708621
85,21203590,708617
85,21605069,708614
85,21976456,708614
85,22369165,708617
85,22778962,708617
85,23161623,708618
85,23525048,708621
85,23919436,708619
85,24306994,708619
85,24684976,708619
85,25101516,708616
85,25498275,708614
85,25893098,708614
85,26285839,708614
85,26641546,708613
85,27036715,708613
85,27406584,708614
85,27768856,708614
85,28167118,708613
85,28587330,708613
85,28978661,708614
85,29354241,708614
85,29750736,708611
85,30123929,708612
85,30522467,708611
85,30913132,708610
85,31308173,708610
85,31688191,708611
85,32081635,708609
85,32481233,708608
85,32873735,708609
85,33267830,708609
85,33672767,708607
85,34059033,708607
85,34466743,708609
85,34830144,708606
85,35224289,708606
85,35582853,708606
85,35954730,708606
85,36348479,708604
85,36775930,708604
85,37139802,708604
85,37498819,708605
85,37890631,708605
85,38257432,708604
85,38645158,708604
85,39014196,708604
85,39410800,708604
85,39794533,708603
85,40182020,708603
85,40559448,708603
85,40973202,708603
85,41328485,708601
85,41688397,708602
85,42078072,708602
85,42445204,708601
85,42809557,708600
85,43202371,708602
85,43582006,708602
85,43974653,708600
85,44328291,708600
85,44705975,708600
85,45099809,708600
85,45470249,708599
85,45829699,708599
85,46223874,708599
85,46600913,708599
85,46996074,708598
85,47412749,708598
85,47831038,708599
85,48226021,708599
85,48602950,708598
85,48997340,708598
85,49402591,708599
85,49767062,708599
85,50161339,708597
85,50541269,708598
85,50934689,708598
85,51308956,708597
85,51711969,708596
85,52101464,708596
85,52502071,708597
85,52894921,708597
85,53313069,708597
85,53710075,708597
85,54103884,708597
85,54502138,708597
85,54893091,708597
85,55292231,708597
86,766582,708623
86,1166214,709094
86,1583921,709555
86,1996883,709968
86,2395736,710091
86,2766030,709846
86,3165615,710072
86,3580181,710021
86,3974155,710211
86,4371336,710345
86,4744090,710384
86,5098688,710570
86,5479497,710587
86,5874223,710656
86,6281820,710761
86,6668367,710746
86,7062069,710808
86,7458503,710766
86,7843516,710792
86,8225746,710783
86,8603029,710753
86,8996224,710765
86,9376475,710732
86,9770325,710751
86,10165014,710719
86,10562617,710725
86,10958111,710709
86,11357069,710713
86,11747266,710707
86,12119927,710692
86,12518254,710614
86,12896873,710485
86,13280510,710448
86,13662720,710389
86,14057166,710376
86,14432773,710409
86,14827113,710444
86,15212971,710513
86,15600442,710558
86,15974025,710611
86,16349561,710637
86,16730028,710650
86,17098998,710654
86,17459942,710651
86,17873564,710645
86,18277644,710638
86,18642526,710640
86,19034299,710640
86,19402750,710638
86,19769735,710632
86,20166496,710631
86,20583209,710622
86,20976838,710619
86,21377553,710618
86,21768766,710618
86,22164679,710617
86,22583178,710620
86,22974482,710621
86,23372769,710621
86,23766300,710621
86,24164651,710622
86,24560204,710620
86,24930805,710617
86,25315413,710617
86,25703100,710617
86,26098570,710615
86,26476400,710615
86,26868636,710616
86,27222412,710616
86,27608072,710615
86,27999488,710615
86,28375716,710616
86,28769264,710615
86,29213037,710615
86,29588000,710615
86,29956967,710615
86,30356373,710614
86,30729096,710613
86,31122827,710612
86,31521194,710612
86,31899541,710612
86,32275482,710612
86,32679162,710611
86,33057992,710611
86,33434191,710611
86,33828630,710611
86,34201851,710610
86,34557879,710610
86,34952225,710610
86,35316012,710609
86,35681790,710607
86,36077474,710609
86,36454255,710608
86,36869017,710607
86,37222736,710607
86,37619356,710607
86,37994006,710607
86,38362013,710606
86,38748345,710606
86,39120461,710605
86,39523616,710605
86,39930842,710605
86,40355553,710605
86,40745583,710605
86,41119306,710604
86,41479828,710603
86,41872673,710603
86,42277568,710603
86,42643104,710603
86,43040018,710603
86,43438261,710603
86,43805696,710603
86,44180343,710602
86,44563024,710603
86,44953624,710603
86,45352382,710602
86,45747957,710603
86,46120319,710603
86,46498088,710602
86,46889990,710601
86,47277835,710601
86,47667038,710601
86,48055158,710601
86,48433744,710601
86,48847275,710601
86,49202281,710601
86,49560356,710600
86,49972485,710600
86,50345281,710600
86,50725504,710600
86,51097667,710600
86,51460474,710600
86,51852997,710599
86,52223576,710599
86,52623523,710599
86,53014845,710599
86,53397375,710599
86,53795156,710599
86,54160014,710599
86,54526435,710599
86,54895958,710598
87,725410,710610
87,1125002,711017
87,1539359,711521
87,1949136,711848
87,2317096,712132
87,2686314,711856
87,3059063,711995
87,3415813,712057
87,3790869,712096
87,4184753,712339
87,4540906,712345
87,4963298,712528
87,5377430,712605
87,5773705,712612
87,6167748,712763
87,6577553,712738
87,6956937,712802
87,7355051,712788
87,7733713,712773
87,8136910,712803
87,8505039,712750
87,8897180,712767
87,9268856,712735
87,9670714,712741
87,10060677,712731
87,10435572,712715
87,10837273,712722
87,11227073,712703
87,11635218,712716
87,12022495,712690
87,12392648,712657
87,12749489,712513
87,13142246,712448
87,13517583,712414
87,13915545,712367
87,14288370,712393
87,14645512,712423
87,15060050,712479
87,15413500,712535
87,15771461,712593
87,16184943,712635
87,16539399,712645
87,16937827,712656
87,17313375,712652
87,17718409,712652
87,18086371,712641
87,18479238,712642
87,18877575,712641
87,19272436,712638
87,19671094,712633
87,20064604,712631
87,20460538,712625
87,20856875,712622
87,21251616,712619
87,21647803,712619
87,22019434,712618
87,22413997,712620
87,22771186,712621
87,23165314,712621
87,23571856,712624
87,23960805,712624
87,24371883,712622
87,24728859,712621
87,25120823,712619
87,25477028,712618
87,25853410,712616
87,26267839,712616
87,26653031,712617
87,27047563,712616
87,27436518,712616
87,27842103,712616
87,28210063,712616
87,28607146,712616
87,28979606,712616
87,29375022,712616
87,29774692,712616
87,30169154,712615
87,30573263,712615
87,30957672,712615
87,31371421,712614
87,31754701,712614
87,32143958,712614
87,32517638,712613
87,32928323,712613
87,33290981,712611
87,33688085,712610
87,34084602,712612
87,34496280,712611
87,34854290,712608
87,35225028,712612
87,35634874,712609
87,35997175,712608
87,36350986,712608
87,36726842,712609
87,37099743,712608
87,37474011,712606
87,37855270,712606
87,38225813,712607
87,38612685,712606
87,39001077,712604
87,39371691,712605
87,39733887,712605
87,40147923,712604
87,40538843,712604
87,40917833,712604
87,41310207,712604
87,41672100,712603
87,42066296,712603
87,42438947,712603
87,42820435,712603
87,43208567,712603
87,43634427,712603
87,44022843,712603
87,44393522,712603
87,44753743,712602
87,45145108,712601
87,45517801,712602
87,45914826,712601
87,46289767,712601
87,46687022,712602
87,47079781,712602
87,47461059,712600
87,47872580,712601
87,48268474,712601
87,48672611,712602
87,49063467,712600
87,49459672,712601
87,49859710,712601
87,50230191,712599
87,50629531,712599
87,51021668,712600
87,51405128,712600
87,51776733,712599
87,52169253,712599
87,52594255,712600
87,52978453,712599
87,53371782,712598
87,53755135,712600
87,54122838,712599
88,734144,712609
88,1122197,713015
88,1526782,713516
88,1939164,713911
88,2349928,714125
88,2715133,713850
88,3101036,714032
88,3474395,714044
88,3831503,714139
88,4224974,714346
88,4579395,714351
88,4984522,714530
88,5375601,714604
88,5772524,714640
88,6187800,714765
88,6581749,714744
88,6978011,714806
88,7371377,714775
88,7773067,714789
88,8187951,714786
88,8578484,714753
88,8959233,714766
88,9354227,714733
88,9751369,714750
88,10123736,714720
88,10517118,714724
88,10897346,714713
88,11288803,714711
88,11673536,714710
88,12058134,714694
88,12474784,714642
88,12833325,714508
88,13202731,714452
88,13599703,714411
88,13955727,714370
88,14328207,714400
88,14737152,714426
88,15099268,714484
88,15454381,714542
88,15856506,714595
88,16225958,714637
88,16621080,714649
88,17020519,714657
88,17395189,714654
88,17793786,714655
88,18167417,714644
88,18561850,714646
88,18938033,714644
88,19332388,714644
88,19712744,714635
88,20100641,714634
88,20473510,714628
88,20837268,714623
88,21225657,714619
88,21599271,714619
88,22002178,714618
88,22376060,714619
88,22772070,714620
88,23163160,714622
88,23540600,714624
88,23936213,714623
88,24348908,714623
88,24713057,714620
88,25101114,714620
88,25474757,714618
88,25872490,714617
88,26256314,714617
88,26620316,714616
88,27019766,714616
88,27413332,714616
88,27799748,714616
88,28169104,714616
88,28560820,714616
88,28957297,714616
88,29329961,714616
88,29743118,714616
88,30107196,714616
88,30499641,714614
88,30897308,714613
88,31271041,714613
88,31674098,714613
88,32038868,714612
88,32437423,714612
88,32851359,714612
88,33246512,714612
88,33619904,714611
88,34017265,714611
88,34391464,714611
88,34746828,714610
88,35139829,714609
88,35517428,714609
88,35933510,714609
88,36327357,714608
88,36712133,714608
88,37098864,714608
88,37454418,714607
88,37837172,714607
88,38229486,714607
88,38604009,714607
88,39001266,714606
88,39395390,714606
88,39773892,714606
88,40165435,714606
88,40559921,714606
88,40958776,714606
88,41352854,714605
88,41751381,714604
88,42123574,714604
88,42518718,714604
88,42898324,714604
88,43291050,714603
88,43676044,714603
88,44061571,714603
88,44473698,714603
88,44833265,714603
88,45204289,714603
88,45598182,714603
88,45977940,714604
88,46381050,714602
88,46749380,714603
88,47141879,714603
88,47536886,714602
88,47915299,714602
88,48307738,714602
88,48685282,714602
88,49086839,714602
88,49474355,714602
88,49855997,714602
88,50250586,714602
88,50631548,714602
88,51022393,714601
88,51391703,714601
88,51794593,714601
88,52166450,714601
88,52557304,714601
89,742076,714603
89,1099768,714943
89,1501246,715484
89,1912410,715849
89,2320129,716153
89,2682095,715867
89,3077507,716034
89,3476067,716047
89,3846795,716100
89,4202994,716334
89,4598907,716351
89,4992886,716495
89,5360383,716612
89,5742780,716604
89,6098670,716753
89,6501102,716750
89,6892387,716785
89,7300383,716797
89,7690856,716767
89,8061965,716804
89,8458005,716758
89,8849312,716769
89,9223160,716743
89,9621372,716743
89,9993788,716739
89,10393219,716719
89,10786563,716727
89,11179405,716710
89,11543883,716721
89,11931711,716700
89,12361095,716679
89,12744863,716559
89,13117161,716469
89,13477288,716438
89,13867550,716381
89,14244116,716391
89,14641116,716417
89,15013620,716462
89,15487202,716539
89,15987274,716612
89,16488495,716640
89,17008014,716654
89,17507463,716652
89,17934434,716650
89,18344383,716645
89,18838624,716645
89,19372136,716644
89,19783997,716636
89,20296826,716632
89,20795767,716623
89,21219756,716621
89,21708052,716619
89,22136997,716619
89,22629574,716621
89,23071830,716622
89,23545159,716624
89,24074448,716624
89,24589624,716624
89,25011349,716620
89,25480553,716620
89,25958560,716617
89,26392491,716616
89,26790040,716619
89,27201313,716618
89,27593783,716617
89,27947990,716617
89,28336291,716618
89,28725848,716617
89,29091638,716617
89,29452934,716617
89,29845030,716617
89,30198657,716616
89,30576651,716616
89,30947988,716615
89,31348690,716615
89,31740414,716615
89,32091811,716615
89,32473266,716614
89,32862552,716614
89,33241003,716614
89,33637050,716612
89,33987682,716613
89,34346197,716614
89,34720398,716612
89,35070869,716611
89,35450444,716612
89,35845102,716611
89,36195312,716611
89,36574569,716609
89,36967237,716610
89,37328213,716610
89,37695762,716609
89,38090659,716609
89,38468026,716609
89,38820485,716609
89,39214997,716609
89,39578997,716609
89,39950404,716608
89,40346002,716608
89,40697746,716608
89,41073566,716608
89,41450822,716608
89,41823806,716608
89,42193339,716608
89,42574011,716608
89,42948148,716608
89,43333188,716608
89,43719328,716607
89,44091843,716607
89,44450605,716606
89,44838028,716606
89,45218611,716606
89,45574001,716606
89,45946643,716605
89,46346611,716604
89,46697404,716605
89,47081185,716605
89,47470455,716605
89,47821357,716605
89,48195650,716605
89,48594046,716605
89,48944630,716605
89,49330931,716604
89,49716056,716604
89,50070394,716604
89,50454999,716604
89,50843288,716604
89,51195101,716604
89,51576075,716604
89,51970016,716604
89,52332453,716604
89,52698523,716604
89,53093925,716604
89,53450729,716604
89,53823434,716604
89,54215896,716604
89,54573393,716604
90,737077,716612
90,1143586,717015
90,1536515,717467
90,1886420,717779
90,2265096,718143
90,2638812,717891
90,3036808,717957
90,3388919,718075
90,3740770,718051
90,4096848,718287
90,4470797,718354
90,4864406,718447
90,5219824,718610
90,5594423,718596
90,6006034,718730
90,6390538,718764
90,6763182,718761
90,7140929,718818
90,7515124,718769
90,7888139,718807
90,8287194,718783
90,8658090,718760
90,9012919,718771
90,9368369,718737
90,9744039,718752
90,10100553,718727
90,10494056,718723
90,10844235,718723
90,11224916,718711
90,11618670,718718
90,11975977,718699
90,12344362,718693
90,12719403,718572
90,13097430,718469
90,13470112,718447
90,13844426,718380
90,14234061,718380
90,14599536,718410
90,14976918,718453
90,15353144,718513
90,15719250,718562
90,16096550,718622
90,16490190,718639
90,16843300,718654
90,17225949,718657
90,17620609,718655
90,17980247,718651
90,18370676,718646
90,18744761,718646
90,19100742,718646
90,19491204,718645
90,19866479,718638
90,20223005,718637
90,20599217,718629
90,20995977,718627
90,21348682,718624
90,21721314,718622
90,22122222,718623
90,22515471,718623
90,22888285,718625
90,23286935,718626
90,23659124,718627
90,24014947,718628
90,24367370,718627
90,24719867,718626
90,25098740,718623
90,25492515,718623
90,25844855,718623
90,26222854,718620
90,26596617,718620
90,26978278,718621
90,27346263,718623
90,27720630,718622
90,28102731,718621
90,28472735,718622
90,28844883,718622
90,29245493,718619
90,29642013,718622
90,30037698,718622
90,30431438,718620
90,30786065,718619
90,31141443,718619
90,31494087,718619
90,31846562,718618
90,32224158,718618
90,32617327,718618
90,32979781,718618
90,33367385,718617
90,33742576,718616
90,34098974,718617
90,34470732,718617
90,34866519,718615
90,35242865,718615
90,35595720,718615
90,36000444,718615
90,36408677,718615
90,36761778,718615
90,37118412,718615
90,37470656,718615
90,37857338,718615
90,38244698,718615
90,38595419,718615
90,38982674,718614
90,39379672,718613
90,39744723,718613
90,40101054,718613
90,40493355,718612
90,40846908,718612
90,41224616,718612
90,41596402,718612
90,41979672,718611
90,42348523,718611
90,42721342,718611
90,43099286,718612
90,43472598,718611
90,43844685,718611
90,44245088,718611
90,44596295,718611
90,44985821,718610
90,45370680,718609
90,45722171,718610
90,46099120,718610
90,46492749,718609
90,46844860,718609
90,47223060,718609
90,47617647,718609
90,47979699,718609
90,48346732,718609
90,48742286,718609
90,49096910,718609
90,49472979,718608
90,49866543,718608
90,50226677,718608
90,50599190,718607
90,50995085,718607
90,51347597,718607
90,51724070,718607
90,52121457,718607
90,52494451,718607
90,52846588,718607
90,53225957,718607
90,53598241,718607
90,53982336,718606
90,54369752,718606
90,54721477,718606
90,55100023,718606
90,55494676,718606
90,55846774,718606
91,742944,718614
91,1142728,718945
91,1498643,719471
91,1914732,719779
91,2268291,720137
91,2663785,719896
91,3038029,719957
91,3394825,720056
91,3788619,720076
91,4141383,720300
91,4522251,720347
91,4935900,720474
91,5289479,720604
91,5690442,720604
91,6082988,720743
91,6480558,720751
91,6870541,720787
91,7225076,720805
91,7603915,720771
91,7994217,720806
91,8359297,720768
91,8747135,720771
91,9120163,720757
91,9479079,720743
91,9853122,720751
91,10245757,720725
91,10623146,720732
91,10974132,720715
91,11378584,720721
91,11788337,720710
91,12141530,720703
91,12519455,720673
91,12871474,720540
91,13224591,720469
91,13622895,720430
91,13975391,720376
91,14358094,720397
91,14747350,720421
91,15098180,720472
91,15480757,720530
91,15873559,720583
91,16224607,720630
91,16602281,720642
91,16976548,720659
91,17358214,720657
91,17724634,720659
91,18098959,720650
91,18475968,720649
91,18848249,720650
91,19226071,720649
91,19624739,720643
91,20017879,720640
91,20394433,720635
91,20790794,720630
91,21143892,720628
91,21519410,720623
91,21872844,720623
91,22225059,720623
91,22603540,720627
91,22996755,720627
91,23359261,720628
91,23724641,720630
91,24120351,720631
91,24477722,720630
91,24849115,720627
91,25246096,720626
91,25622416,720626
91,25974839,720623
91,26388130,720622
91,26748865,720623
91,27142865,720623
91,27498294,720623
91,27850405,720623
91,28226073,720623
91,28601986,720623
91,28974124,720623
91,29361432,720623
91,29758109,720623
91,30152926,720622
91,30521669,720622
91,30913341,720622
91,31287787,720621
91,31708831,720620
91,32099520,720620
91,32478285,720620
91,32870815,720620
91,33224228,720620
91,33600832,720620
91,33976218,720620
91,34357410,720619
91,34725112,720619
91,35098168,720618
91,35496273,720618
91,35850536,720616
91,36224832,720617
91,36622530,720615
91,36975055,720615
91,37360705,720617
91,37749064,720615
91,38142588,720614
91,38520129,720614
91,38916021,720614
91,39268253,720614
91,39644646,720613
91,39997986,720614
91,40361683,720614
91,40747534,720613
91,41121615,720613
91,41477320,720613
91,41850090,720612
91,42249011,720612
91,42642219,720612
91,43016319,720612
91,43375771,720612
91,43787046,720612
91,44141975,720612
91,44499000,720612
91,44870791,720611
91,45223712,720610
91,45621410,720611
91,45994969,720611
91,46358788,720611
91,46744727,720611
91,47098823,720610
91,47477371,720610
91,47849047,720610
91,48223241,720610
91,48607251,720610
91,48997803,720610
91,49362843,720610
91,49748045,720610
91,50122005,720610
91,50478638,720610
91,50848379,720610
91,51223761,720610
91,51626999,720610
91,52019733,720610
91,52373229,720610
91,52769236,720610
91,53143662,720609
91,53522805,720609
91,53926892,720609
91,54298058,720609
91,54687802,720609
91,55057678,720608
91,55414907,720609
91,55767784,720609
91,56119939,720609
91,56475982,720609
91,56851584,720609
91,57244301,720609
91,57600925,720609
91,57974526,720609
91,58371147,720609
92,746964,720618
92,1103417,720944
92,1480127,721474
92,1876696,721845
92,2272270,722143
92,2664441,721873
92,3041391,722000
92,3396591,722062
92,3791061,722109
92,4166927,722346
92,4586879,722365
92,4978910,722534
92,5355352,722606
92,5749416,722632
92,6103592,722758
92,6479599,722755
92,6874418,722797
92,7235746,722806
92,7600146,722777
92,7975103,722812
92,8374486,722775
92,8725484,722775
92,9099837,722757
92,9498001,722750
92,9851068,722757
92,10233697,722727
92,10622655,722737
92,10974773,722720
92,11356718,722727
92,11748482,722713
92,12103023,722707
92,12480577,722666
92,12873701,722538
92,13236880,722472
92,13622400,722431
92,13995508,722383
92,14353872,722401
92,14724504,722428
92,15120240,722480
92,15477757,722531
92,15850181,722590
92,16249903,722633
92,16667210,722648
92,17017408,722658
92,17396495,722659
92,17790924,722660
92,18152249,722652
92,18521268,722652
92,18913963,722652
92,19270350,722652
92,19631045,722647
92,19996379,722643
92,20351993,722640
92,20726980,722634
92,21099979,722628
92,21476548,722625
92,21851954,722625
92,22235931,722625
92,22603928,722625
92,22977919,722629
92,23376145,722630
92,23768964,722630
92,24123005,722631
92,24500629,722631
92,24895706,722628
92,25272304,722627
92,25665782,722626
92,26019489,722625
92,26395716,722625
92,26748392,722624
92,27103182,722625
92,27479140,722625
92,27871431,722625
92,28235367,722625
92,28601348,722625
92,28995829,722625
92,29352781,722625
92,29725820,722625
92,30121389,722625
92,30475729,722624
92,30850181,722623
92,31247910,722623
92,31601521,722622
92,31974854,722622
92,32373954,722622
92,32746331,722622
92,33101172,722620
92,33482264,722621
92,33853349,722621
92,34236309,722620
92,34624985,722620
92,34998317,722620
92,35354145,722619
92,35749336,722619
92,36121117,722619
92,36477671,722619
92,36850732,722619
92,37247942,722619
92,37604830,722618
92,37996498,722617
92,38373240,722617
92,38727285,722617
92,39099790,722616
92,39498806,722615
92,39850557,722615
92,40234664,722616
92,40625744,722616
92,40977256,722615
92,41354339,722615
92,41748937,722615
92,42115603,722614
92,42501178,722614
92,42874432,722614
92,43234116,722614
92,43609871,722614
92,43999411,722613
92,44354784,722613
92,44727027,722613
92,45123293,722613
92,45479298,722613
92,45852352,722612
92,46232671,722613
92,46604464,722613
92,46974750,722612
92,47354176,722611
92,47726040,722612
92,48102099,722612
92,48477570,722611
92,48851230,722611
92,49235560,722612
92,49621507,722612
92,49995741,722611
92,50353562,722611
92,50725567,722611
92,51123487,722611
92,51477445,722611
92,51850962,722611
92,52263681,722611
92,52643931,722611
92,53017413,722610
92,53375537,722610
92,53767309,722610
92,54141955,722610
92,54540932,722610
92,54914375,722610
92,55272350,722610
93,723412,722621
93,1119635,722944
93,1479414,723468
93,1870969,723785
93,2248482,724150
93,2649361,723870
93,3061162,724045
93,3462599,724056
93,3831244,724112
93,4188750,724363
93,4585614,724364
93,4961054,724544
93,5358167,724623
93,5769195,724639
93,6129140,724784
93,6518808,724767
93,6890573,724809
93,7247935,724828
93,7621487,724788
93,8015718,724829
93,8391874,724786
93,8745787,724785
93,9154369,724765
93,9540832,724753
93,9912666,724763
93,10270454,724728
93,10662719,724740
93,11037249,724718
93,11438301,724727
93,11812472,724714
93,12208924,724707
93,12596158,724664
93,12976131,724529
93,13360789,724473
93,13746968,724425
93,14130339,724377
93,14517528,724404
93,14870658,724427
93,15250023,724492
93,15644374,724541
93,15996423,724594
93,16375214,724640
93,16769158,724656
93,17128845,724667
93,17495383,724667
93,17870661,724668
93,18248821,724661
93,18620692,724659
93,18994626,724659
93,19394287,724659
93,19786870,724652
93,20142869,724648
93,20495103,724644
93,20869472,724636
93,21251470,724632
93,21643847,724628
93,21994992,724627
93,22375207,724628
93,22768767,724628
93,23130219,724630
93,23519459,724632
93,23892673,724632
93,24250187,724633
93,24644643,724633
93,25015998,724631
93,25398791,724629
93,25789136,724628
93,26144389,724627
93,26498443,724627
93,26872197,724627
93,27269216,724626
93,27621291,724626
93,27994619,724626
93,28392868,724626
93,28746205,724625
93,29128892,724625
93,29516360,724625
93,29871619,724625
93,30246621,724625
93,30621307,724625
93,30994207,724625
93,31371853,724624
93,31745334,724623
93,32130148,724623
93,32499345,724622
93,32893610,724622
93,33259028,724622
93,33644383,724621
93,34018445,724621
93,34395273,724621
93,34808946,724621
93,35164424,724621
93,35518848,724620
93,35873655,724620
93,36248448,724620
93,36653928,724620
93,37041427,724620
93,37413825,724619
93,37765881,724619
93,38128392,724618
93,38517056,724617
93,38890783,724617
93,39246694,724617
93,39621085,724617
93,40014938,724617
93,40371743,724617
93,40744214,724617
93,41142611,724616
93,41494996,724616
93,41870411,724616
93,42269392,724616
93,42619392,724616
93,42993513,724616
93,43399288,724614
93,43769479,724614
93,44130418,724614
93,44519376,724614
93,44890795,724614
93,45249338,724614
93,45642365,724614
93,45993615,724614
93,46372411,724614
93,46744889,724614
93,47128479,724614
93,47495867,724614
93,47869399,724614
93,48246810,724613
93,48620858,724613
93,48994649,724613
93,49402750,724613
93,49770142,724613
93,50130404,724613
93,50517356,724613
93,50870338,724613
93,51247712,724613
93,51642732,724613
93,51994928,724613
93,52371618,724614
93,52767651,724614
93,53127696,724614
93,53494444,724614
93,53890325,724613
93,54251251,724613
93,54622247,724613
93,55018527,724613
93,55394951,724613
93,55789716,724613
93,56144499,724613
93,56494861,724612
93,56881505,724612
93,57270520,724613
93,57641404,724613
93,57995191,724612
93,58374085,724612
93,58768037,724612
93,59133938,724611
94,744796,724623
94,1113662,725031
94,1502596,725487
94,1894436,725851
94,2272570,726157
94,2645559,725905
94,2997616,725968
94,3354925,726089
94,3706596,726061
94,4081103,726323
94,4479042,726364
94,4830434,726455
94,5216665,726629
94,5605896,726614
94,5997819,726747
94,6378079,726775
94,6770906,726788
94,7125887,726836
94,7501618,726784
94,7895182,726822
94,8271439,726800
94,8624837,726772
94,8975786,726786
94,9333093,726749
94,9706209,726766
94,10103115,726739
94,10457655,726730
94,10832289,726735
94,11222662,726715
94,11581173,726728
94,11954535,726706
94,12331878,726709
94,12705569,726629
94,13079034,726503
94,13456549,726467
94,13831278,726406
94,14212276,726382
94,14621640,726412
94,14975644,726441
94,15330626,726502
94,15703684,726555
94,16100584,726614
94,16460074,726647
94,16874780,726660
94,17228782,726670
94,17581397,726669
94,17957111,726668
94,18354364,726659
94,18706480,726661
94,19080007,726661
94,19478368,726658
94,19833610,726653
94,20251282,726647
94,20680576,726638
94,21074253,726635
94,21443048,726629
94,21833035,726627
94,22218424,726627
94,22605626,726628
94,22957336,726630
94,23333526,726632
94,23725392,726633
94,24079246,726634
94,24462278,726634
94,24855386,726631
94,25232863,726630
94,25628187,726629
94,26021282,726627
94,26398523,726626
94,26789187,726626
94,27143427,726626
94,27522557,726626
94,27875567,726626
94,28244516,726626
94,28607992,726626
94,28999192,726626
94,29356651,726626
94,29730854,726626
94,30122239,726626
94,30501253,726626
94,30852064,726625
94,31219720,726623
94,31605933,726623
94,31976460,726623
94,32336147,726623
94,32730625,726622
94,33103013,726622
94,33458367,726622
94,33832159,726622
94,34228869,726622
94,34582082,726621
94,34955717,726621
94,35353564,726621
94,35707843,726621
94,36081576,726621
94,36508890,726620
94,36914827,726620
94,37318459,726619
94,37705887,726618
94,38077151,726620
94,38472041,726619
94,38819978,726619
94,39188275,726619
94,39532226,726619
94,39875802,726619
94,40231275,726617
94,40563490,726617
94,40921704,726617
94,41274267,726617
94,41628324,726617
94,41984905,726616
94,42344217,726617
94,42699172,726617
94,43077278,726615
94,43452566,726615
94,43847459,726616
94,44223741,726616
94,44579434,726616
94,44968943,726616
94,45325419,726615
94,45697303,726615
94,46092742,726615
94,46472652,726615
94,46874126,726614
94,47229141,726614
94,47581655,726615
94,47955415,726614
94,48355891,726614
94,48747751,726614
94,49132790,726615
94,49524354,726615
94,49895605,726615
94,50251227,726615
94,50602642,726614
94,50953924,726614
94,51332375,726614
94,51726823,726615
94,52079033,726615
94,52456849,726613
94,52830378,726614
94,53246774,726614
94,53626880,726614
94,54001410,726614
94,54398142,726614
94,54791487,726615
94,55178270,726615
94,55582490,726615
94,55976401,726614
94,56332368,726614
94,56706662,726614
94,57079821,726614
94,57459065,726614
94,57831685,726613
94,58214818,726614
94,58582041,726614
94,58955287,726614
94,59331532,726614
94,59705613,726614
94,60080150,726614
94,60455718,726613
94,60850816,726613
94,61214985,726613
95,741883,726624
95,1123702,726956
95,1498321,727494
95,1889420,727802
95,2268416,728172
95,2668324,727881
95,3081086,728053
95,3476603,728064
95,3871727,728156
95,4250551,728374
95,4621952,728372
95,4975556,728522
95,5332869,728637
95,5749743,728639
95,6150724,728788
95,6542359,728765
95,6931345,728817
95,7309479,728819
95,7680315,728783
95,8054217,728828
95,8454586,728777
95,8804910,728781
95,9187751,728766
95,9577318,728749
95,9929200,728762
95,10313889,728726
95,10703276,728738
95,11055108,728720
95,11435274,728725
95,11829614,728719
95,12202254,728705
95,12561303,728680
95,12953179,728546
95,13311418,728476
95,13683592,728439
95,14076167,728379
95,14455273,728406
95,14849122,728426
95,15206564,728489
95,15600335,728542
95,15971860,728595
95,16330754,728641
95,16705522,728657
95,17096839,728671
95,17495413,728671
95,17868129,728671
95,18225112,728662
95,18576447,728662
95,18929150,728661
95,19306748,728660
95,19680169,728655
95,20054891,728650
95,20430698,728647
95,20804726,728639
95,21220951,728634
95,21599790,728630
95,21975564,728629
95,22330230,728629
95,22681591,728630
95,23058811,728631
95,23454675,728633
95,23804929,728635
95,24189861,728635
95,24576151,728635
95,24932632,728633
95,25311493,728632
95,25702907,728630
95,26057869,728629
95,26434809,728629
95,26825992,728628
95,27191258,728628
95,27556838,728628
95,27949772,728628
95,28310089,728628
95,28680365,728627
95,29076464,728627
95,29430976,728628
95,29815272,728628
95,30203058,728628
95,30556551,728628
95,30929663,728628
95,31305248,728626
95,31680391,728625
95,32053642,728625
95,32437574,728625
95,32808132,728625
95,33189580,728625
95,33580360,728625
95,33973986,728625
95,34351204,728623
95,34703717,728623
95,35075686,728623
95,35430891,728624
95,35819984,728623
95,36205608,728623
95,36601314,728622
95,36974240,728622
95,37329215,728620
95,37681660,728621
95,38054341,728621
95,38455655,728621
95,38870146,728621
95,39226632,728621
95,39640057,728618
95,39993337,728620
95,40349635,728620
95,40701324,728620
95,41055717,728619
95,41431429,728619
95,41826082,728619
95,42188732,728618
95,42553843,728617
95,42951431,728619
95,43307615,728619
95,43680727,728618
95,44077121,728618
95,44456435,728618
95,44850073,728618
95,45206379,728618
95,45575760,728618
95,45928309,728618
95,46310124,728618
95,46679849,728618
95,47053775,728618
95,47436418,728618
95,47808237,728618
95,48192487,728618
95,48577527,728618
95,48949886,728618
95,49311692,728617
95,49701465,728617
95,50074876,728617
95,50432077,728617
95,50804396,728617
95,51202112,728617
95,51556749,728617
95,51929282,728617
95,52328656,728617
95,52679507,728617
95,53053912,728617
95,53452664,728616
95,53815298,728616
95,54191959,728616
95,54579148,728616
95,54929848,728616
95,55311641,728616
95,55707286,728617
95,56079441,728617
95,56434127,728616
95,56829770,728616
95,57189132,728616
95,57555199,728616
95,57930187,728615
95,58310470,728615
95,58683198,728615
95,59055023,728616
95,59434986,728615
95,59821758,728614
95,60207690,728614
95,60577240,728614
95,60930271,728615
95,61309632,728614
95,61681276,728615
96,725131,728618
96,1101418,728955
96,1477006,729438
96,1831922,729742
96,2204573,730162
96,2602335,729943
96,2961501,729936
96,3353752,730096
96,3730905,730087
96,4124987,730331
96,4499717,730373
96,4855798,730491
96,5249481,730638
96,5622301,730618
96,6022292,730749
96,6395520,730785
96,6750832,730790
96,7144441,730837
96,7517094,730788
96,7876877,730823
96,8270212,730804
96,8643177,730778
96,9041801,730783
96,9413232,730749
96,9792138,730766
96,10168017,730736
96,10541365,730737
96,10941780,730725
96,11351313,730723
96,11711787,730726
96,12079458,730707
96,12474152,730707
96,12830461,730600
96,13205728,730491
96,13577567,730455
96,13957612,730393
96,14340080,730389
96,14732948,730414
96,15104490,730464
96,15499064,730521
96,15854816,730570
96,16228588,730627
96,16581335,730650
96,16958636,730669
96,17329447,730672
96,17715209,730674
96,18099891,730671
96,18476348,730667
96,18834605,730666
96,19248247,730665
96,19599427,730662
96,19955856,730654
96,20331424,730650
96,20727156,730645
96,21079348,730638
96,21453097,730632
96,21852758,730631
96,22214123,730629
96,22601232,730631
96,22977481,730632
96,23328848,730636
96,23713161,730636
96,24100041,730636
96,24475316,730637
96,24832450,730636
96,25226436,730634
96,25578944,730633
96,25959169,730632
96,26353838,730631
96,26718837,730631
96,27085208,730631
96,27474741,730631
96,27834451,730631
96,28207485,730630
96,28581822,730629
96,28959493,730630
96,29330055,730630
96,29714244,730630
96,30101329,730630
96,30453909,730630
96,30832473,730629
96,31226022,730628
96,31578771,730628
96,31957364,730628
96,32350983,730628
96,32711937,730628
96,33100665,730627
96,33474733,730627
96,33830094,730627
96,34205543,730627
96,34599328,730627
96,34956822,730627
96,35328654,730627
96,35741726,730627
96,36146799,730626
96,36539882,730626
96,36937930,730625
96,37315442,730625
96,37728649,730625
96,38082485,730625
96,38464598,730624
96,38852230,730624
96,39204763,730623
96,39581613,730623
96,39978922,730622
96,40330706,730621
96,40711887,730622
96,41100347,730622
96,41453424,730622
96,41834116,730621
96,42225706,730621
96,42599541,730621
96,42955587,730621
96,43349901,730621
96,43714880,730621
96,44099991,730621
96,44474982,730621
96,44831424,730620
96,45203366,730620
96,45601390,730620
96,45954583,730620
96,46340051,730619
96,46741758,730619
96,47104049,730619
96,47456798,730619
96,47834469,730619
96,48228126,730619
96,48602131,730619
96,48979615,730619
96,49352991,730619
96,49712663,730619
96,50100008,730619
96,50473606,730619
96,50835191,730618
96,51227515,730618
96,51599892,730617
96,51955972,730617
96,52329951,730617
96,52728129,730617
96,53080740,730617
96,53453784,730617
96,53857525,730617
96,54247946,730617
96,54619498,730617
96,55021111,730617
96,55392060,730617
96,55750776,730617
96,56145749,730616
97,771382,730643
97,1166872,731115
97,1579293,731544
97,1955540,731936
97,2330214,732154
97,2706955,731873
97,3105910,732052
97,3482742,732053
97,3879846,732194
97,4290558,732375
97,4683638,732387
97,5068894,732594
97,5456393,732617
97,5813068,732657
97,6185616,732782
97,6537751,732766
97,6894833,732807
97,7268746,732815
97,7661053,732787
97,8016567,732824
97,8391793,732778
97,8788009,732780
97,9141538,732768
97,9515502,732751
97,9912076,732760
97,10264961,732727
97,10640061,732737
97,11036737,732719
97,11390117,732724
97,11777556,732715
97,12165021,732706
97,12517799,732675
97,12895501,732525
97,13288834,732474
97,13664427,732436
97,14028337,732382
97,14414284,732407
97,14775538,732430
97,15161457,732493
97,15539799,732544
97,15916687,732605
97,16310408,732646
97,16663648,732659
97,17040328,732674
97,17454889,732674
97,17811995,732674
97,18206561,732667
97,18556982,732666
97,18937487,732667
97,19350397,732664
97,19703766,732659
97,20101872,732654
97,20452962,732648
97,20808300,732642
97,21183351,732637
97,21535088,732631
97,21891456,732630
97,22265598,732630
97,22660397,732631
97,23020748,732633
97,23394328,732636
97,23790811,732636
97,24186109,732638
97,24559134,732638
97,24917024,732636
97,25292073,732635
97,25681728,732635
97,26060030,732633
97,26415060,732632
97,26775130,732631
97,27163842,732633
97,27517753,732632
97,27892291,732631
97,28265041,732631
97,28661560,732631
97,29030565,732631
97,29418211,732630
97,29792348,732630
97,30184303,732631
97,30557422,732630
97,30913719,732629
97,31266416,732629
97,31641097,732629
97,32038929,732629
97,32390441,732627
97,32777258,732627
97,33161518,732628
97,33514598,732628
97,33896936,732626
97,34289011,732626
97,34640592,732626
97,35019545,732626
97,35415026,732624
97,35777765,732624
97,36164584,732625
97,36560147,732625
97,36916995,732624
97,37310753,732624
97,37661172,732624
97,38029928,732624
97,38413428,732624
97,38792127,732624
97,39164298,732623
97,39517875,732623
97,39896510,732622
97,40268365,732622
97,40641414,732622
97,41020768,732622
97,41392034,732622
97,41775880,732621
97,42163950,732621
97,42514896,732621
97,42894107,732621
97,43268829,732621
97,43663522,732621
97,44020133,732620
97,44414674,732620
97,44809717,732620
97,45185851,732620
97,45557031,732620
97,45915021,732620
97,46268047,732620
97,46642358,732619
97,47040321,732619
97,47395296,732619
97,47774590,732619
97,48162638,732620
97,48518716,732620
97,48895426,732620
97,49289700,732619
97,49643096,732619
97,50019464,732619
97,50413156,732619
97,50776237,732619
97,51163107,732619
97,51536823,732618
97,51895380,732618
97,52276397,732618
97,52662670,732618
97,53016471,732618
97,53389683,732618
97,53774784,732618
97,54161012,732618
97,54515175,732618
98,752228,732628
98,1149647,733030
98,1567835,733528
98,1960769,733858
98,2311583,734160
98,2693239,733886
98,3086373,734014
98,3437338,734078
98,3814255,734091
98,4165977,734330
98,4530650,734369
98,4917673,734495
98,5290899,734634
98,5649714,734621
98,6041522,734751
98,6415577,734777
98,6814274,734793
98,7187694,734839
98,7552930,734788
98,7940921,734827
98,8291072,734803
98,8668983,734779
98,9063708,734783
98,9436840,734749
98,9833891,734767
98,10206870,734734
98,10563266,734735
98,10916362,734730
98,11290338,734718
98,11651535,734727
98,12045277,734709
98,12415226,734708
98,12814011,734609
98,13166669,734494
98,13528380,734464
98,13917295,734397
98,14290774,734385
98,14668069,734412
98,15020452,734445
98,15372942,734507
98,15750145,734562
98,16146008,734620
98,16513649,734653
98,16901340,734671
98,17294308,734678
98,17671066,734677
98,18043695,734677
98,18396428,734670
98,18754070,734670
98,19126368,734667
98,19535410,734665
98,19919260,734656
98,20292618,734653
98,20691594,734646
98,21085705,734640
98,21471391,734634
98,21856222,734632
98,22230757,734631
98,22591800,734632
98,22963985,734634
98,23355137,734636
98,23731561,734637
98,24088807,734639
98,24493468,734639
98,24857243,734638
98,25252649,734637
98,25626700,734634
98,26019766,734633
98,26376597,734633
98,26754007,734632
98,27144545,734633
98,27507802,734634
98,27896210,734632
98,28268915,734633
98,28628500,734633
98,28999463,734633
98,29372866,734633
98,29752482,734633
98,30124140,734633
98,30507652,734631
98,30895770,734630
98,31248905,734630
98,31636904,734630
98,32004219,734630
98,32373366,734629
98,32750294,734629
98,33144630,734629
98,33508055,734628
98,33899181,734628
98,34293773,734628
98,34669483,734627
98,35023206,734627
98,35396637,734626
98,35752972,734626
98,36124907,734625
98,36520742,734625
98,36876449,734625
98,37253089,734625
98,37649160,734625
98,38044008,734625
98,38414584,734625
98,38813187,734625
98,39186842,734625
98,39545513,734624
98,39958721,734624
98,40311237,734624
98,40691648,734624
98,41083541,734624
98,41436611,734624
98,41834539,734624
98,42208655,734624
98,42584245,734623
98,42935715,734623
98,43289833,734623
98,43645839,734623
98,43997789,734623
98,44373846,734623
98,44777378,734623
98,45168643,734623
98,45525903,734622
98,45897050,734622
98,46250361,734622
98,46627820,734622
98,47018769,734622
98,47374461,734622
98,47753895,734621
98,48145397,734621
98,48510406,734621
98,48896454,734621
98,49270248,734621
98,49633512,734621
98,50001136,734621
98,50397870,734620
98,50754945,734620
98,51126183,734621
98,51536355,734621
98,51918663,734621
98,52290965,734621
98,52647128,734621
98,52999254,734621
99,729331,734647
99,1124249,735037
99,1515587,735533
99,1895594,735857
99,2301140,736139
99,2666201,735893
99,3062226,736051
99,3440075,736051
99,3836525,736196
99,4248726,736361
99,4619856,736380
99,4976492,736574
99,5371661,736619
99,5748876,736670
99,6142844,736782
99,6518708,736768
99,6873329,736824
99,7265883,736810
99,7619741,736793
99,7996194,736825
99,8347946,736784
99,8731729,736787
99,9118288,736765
99,9473617,736758
99,9851689,736758
99,10223089,736731
99,10598065,736739
99,10974434,736721
99,11368612,736729
99,11730751,736716
99,12118707,736714
99,12492965,736700
99,12852169,736599
99,13227762,736491
99,13621909,736451
99,13977907,736399
99,14362283,736392
99,14752193,736421
99,15140270,736469
99,15517196,736520
99,15874965,736584
99,16268344,736632
99,16643168,736659
99,17039771,736674
99,17411104,736676
99,17770038,736680
99,18164662,736673
99,18535687,736672
99,18894463,736671
99,19289472,736670
99,19660171,736663
99,20061962,736658
99,20429917,736652
99,20789174,736646
99,21141744,736641
99,21514279,736634
99,21871544,736633
99,22225163,736633
99,22597550,736634
99,22973906,736636
99,23348740,736638
99,23733850,736639
99,24121515,736639
99,24473051,736640
99,24850485,736640
99,25246332,736639
99,25597567,736637
99,25973842,736637
99,26381051,736634
99,26772847,736633
99,27143456,736634
99,27496940,736636
99,27851835,736632
99,28225760,736634
99,28622275,736635
99,28976461,736634
99,29348802,736633
99,29746191,736634
99,30123198,736635
99,30515885,736632
99,30873494,736632
99,31245082,736632
99,31598313,736632
99,32000241,736631
99,32369943,736630
99,32730538,736630
99,33119392,736630
99,33473936,736630
99,33857413,736630
99,34246593,736630
99,34620657,736630
99,34978677,736630
99,35371817,736630
99,35771440,736629
99,36141299,736629
99,36493448,736629
99,36853857,736629
99,37225671,736628
99,37600139,736628
99,37987748,736628
99,38354710,736628
99,38758443,736628
99,39126096,736626
99,39514986,736627
99,39872022,736627
99,40244149,736625
99,40600626,736627
99,40977800,736627
99,41369622,736625
99,41732442,736625
99,42120667,736625
99,42493145,736624
99,42850210,736624
99,43224498,736625
99,43617849,736625
99,43972556,736625
99,44348360,736624
99,44746940,736624
99,45097367,736624
99,45473066,736624
99,45876234,736624
99,46247733,736624
99,46639873,736622
99,47038794,736622
99,47413055,736623
99,47768864,736623
99,48141822,736623
99,48494572,736623
99,48850873,736623
99,49223971,736622
99,49620050,736622
99,49975265,736622
99,50358335,736621
99,50735431,736621
99,51121107,736621
99,51495595,736621
99,51871593,736621
99,52223229,736621
99,52599035,736621
99,52998660,736621
99,53392565,736621
99,53748431,736621
99,54120149,736621
99,54473412,736621
