trial_id,t_ns_since_cmd,position_counts
0,758445,-33
0,1167700,-517
0,1566155,-1072
0,1986323,-1658
0,2377382,-2507
0,2782800,-3473
0,3144661,-3710
0,3515206,-3631
0,3877795,-4115
0,4271535,-4266
0,4665423,-4080
0,5044196,-4306
0,5436449,-4660
0,5814641,-4644
0,6207471,-4863
0,6581483,-5075
0,6939018,-5062
0,7333392,-5196
0,7710823,-5249
0,8165281,-5261
0,8585231,-5283
0,8979771,-5251
0,9396356,-5238
0,9804818,-5203
0,10170890,-5168
0,10563739,-5130
0,10940398,-5099
0,11334809,-5066
0,11712943,-5048
0,12104755,-5026
0,12520249,-5026
0,12876782,-5016
0,13272080,-5016
0,13666525,-5017
0,14041930,-5024
0,14417280,-5025
0,14812423,-5031
0,15185044,-5036
0,15540481,-5040
0,15895420,-5041
0,16309890,-5043
0,16667686,-5042
0,17061841,-5040
0,17415788,-5038
0,17794782,-5037
0,18198927,-5035
0,18564074,-5034
0,18963014,-5031
0,19336815,-5031
0,19745738,-5031
0,20146414,-5030
0,20541509,-5029
0,20918397,-5029
0,21334637,-5030
0,21739863,-5029
0,22147360,-5027
0,22561088,-5028
0,22921347,-5027
0,23310778,-5025
0,23686778,-5024
0,24041706,-5024
0,24436627,-5022
0,24816626,-5022
0,25207558,-5022
0,25560841,-5021
0,25923214,-5020
0,26290114,-5020
0,26643106,-5020
0,27001112,-5020
0,27373554,-5020
0,27778522,-5019
0,28168912,-5018
0,28541674,-5019
0,28939795,-5019
0,29311721,-5018
0,29664661,-5018
0,30021303,-5016
0,30395643,-5016
0,30806158,-5015
0,31167123,-5015
0,31560501,-5014
0,31916082,-5013
0,32269976,-5013
0,32633682,-5012
0,33003258,-5012
0,33395378,-5012
0,33788556,-5012
0,34171164,-5011
0,34540380,-5011
0,34898410,-5011
0,35291511,-5011
0,35684858,-5011
0,36085579,-5010
0,36486435,-5009
0,36854741,-5009
0,37249139,-5009
0,37624865,-5009
0,38020399,-5009
0,38428985,-5009
0,38805942,-5009
0,39186295,-5009
0,39540502,-5008
0,39903754,-5008
0,40270850,-5008
0,40686242,-5007
0,41045399,-5007
0,41439448,-5007
0,41816361,-5006
0,42222175,-5006
0,42592091,-5006
0,42980330,-5006
0,43393060,-5005
0,43764002,-5003
0,44144707,-5004
0,44521109,-5005
0,44919491,-5005
0,45290525,-5005
0,45644106,-5006
0,46002486,-5006
0,46396599,-5006
0,46779562,-5005
0,47188960,-5004
0,47584148,-5004
0,47966382,-5004
0,48352759,-5004
0,48710580,-5004
0,49082577,-5004
0,49476918,-5004
0,49838117,-5004
0,50211886,-5004
0,50614053,-5004
0,50983840,-5004
0,51421136,-5004
0,51857012,-5004
1,694212,-7
1,1095487,-441
1,1499769,-1078
1,1891810,-1518
1,2269424,-2387
1,2660795,-3307
1,3034583,-3772
1,3415507,-3615
1,3789384,-4056
1,4185640,-4296
1,4561067,-4054
1,4955503,-4152
1,5349528,-4599
1,5721540,-4599
1,6107513,-4763
1,6497907,-5003
1,6882941,-4983
1,7281802,-5128
1,7693334,-5167
1,8095644,-5171
1,8499026,-5210
1,8979383,-5169
1,9448733,-5154
1,9881024,-5118
1,10304867,-5075
1,10722444,-5046
1,11139401,-5010
1,11544267,-4992
1,11939694,-4971
1,12342117,-4968
1,12752990,-4965
1,13137669,-4965
1,13519224,-4969
1,13914081,-4977
1,14297685,-4980
1,14684741,-4988
1,15090391,-4995
1,15477195,-5002
1,15870472,-5003
1,16269787,-5007
1,16640439,-5007
1,17058583,-5007
1,17459292,-5006
1,17868711,-5005
1,18270722,-5005
1,18651098,-5005
1,19070178,-5002
1,19569564,-5004
1,19976563,-5002
1,20375739,-5002
1,20741644,-5003
1,21102433,-5003
1,21466033,-5004
1,21833566,-5004
1,22175880,-5004
1,22524390,-5004
1,22874363,-5004
1,23233399,-5003
1,23585732,-5003
1,23942363,-5003
1,24300094,-5003
1,24668895,-5003
1,25025546,-5002
1,25379695,-5002
1,25762441,-5002
1,26128962,-5004
1,26510976,-5003
1,26879717,-5003
1,27234018,-5003
1,27586702,-5003
1,27968506,-5003
1,28386515,-5003
1,28758304,-5002
1,29144704,-5002
1,29485083,-5001
1,29843043,-5002
1,30226323,-5002
1,30619390,-5002
1,30981132,-5002
1,31377208,-5002
1,31747868,-5002
1,32143277,-5002
1,32535106,-5002
1,32919733,-5002
1,33295894,-5002
1,33692205,-5002
1,34064418,-5000
1,34478565,-5001
1,34870947,-5001
1,35271841,-5001
1,35642578,-5001
1,36037753,-5002
1,36436118,-5001
1,36834460,-5001
1,37228102,-5001
1,37641588,-5001
1,38036699,-5000
1,38395581,-5002
1,38766574,-5001
1,39168957,-5000
1,39550672,-5001
1,39936749,-5000
1,40361844,-5000
1,40753288,-5000
1,41147905,-5000
1,41540461,-5000
1,41933259,-5000
1,42358234,-5000
1,42751121,-5000
1,43167084,-5000
1,43587633,-5000
1,43975902,-5000
1,44357011,-5000
1,44748630,-5000
1,45160620,-5000
2,694331,-9
2,1076370,-443
2,1492612,-1084
2,1886976,-1531
2,2264428,-2391
2,2662557,-3435
2,3053109,-3770
2,3436717,-3632
2,3844393,-4069
2,4198335,-4274
2,4594720,-4053
2,4968245,-4163
2,5323473,-4566
2,5680444,-4598
2,6093859,-4767
2,6493425,-4995
2,6864594,-4980
2,7218866,-5082
2,7574381,-5171
2,7967820,-5147
2,8343522,-5198
2,8698959,-5178
2,9092382,-5165
2,9491642,-5142
2,9865071,-5116
2,10239647,-5080
2,10595803,-5048
2,11008948,-5017
2,11362991,-4994
2,11720943,-4978
2,12113601,-4963
2,12498512,-4965
2,12889308,-4962
2,13266299,-4964
2,13664446,-4967
2,14031623,-4975
2,14439106,-4979
2,14803136,-4988
2,15196466,-4993
2,15574314,-5000
2,15968360,-5000
2,16323041,-5004
2,16680819,-5005
2,17072406,-5005
2,17459140,-5005
2,17867837,-5004
2,18282309,-5004
2,18680236,-5004
2,19086685,-5002
2,19460785,-5002
2,19824730,-5001
2,20220596,-5001
2,20617509,-5000
2,20990297,-5001
2,21387603,-5002
2,21762522,-5003
2,22163695,-5002
2,22576338,-5003
2,22968915,-5003
2,23341973,-5002
2,23743514,-5002
2,24160896,-5002
2,24581622,-5001
2,24974782,-5001
2,25369562,-5001
2,25830873,-5002
2,26273528,-5003
2,26655251,-5003
2,27126161,-5003
2,27492988,-5003
2,27910696,-5002
2,28301516,-5002
2,28683506,-5001
2,29075612,-5001
2,29482088,-5001
2,29865550,-5001
2,30261191,-5002
2,30685423,-5002
2,31075459,-5002
2,31495215,-5002
2,31895926,-5002
2,32265734,-5002
2,32663218,-5001
2,33076285,-5001
2,33512771,-5001
2,33894257,-5001
2,34280792,-5001
2,34664432,-5001
2,35087628,-5001
2,35518010,-5001
2,35901103,-5002
2,36264034,-5002
2,36675387,-5001
2,37113188,-5001
2,37526286,-5001
2,37898326,-5000
2,38263839,-5000
2,38667601,-5000
2,39059365,-5002
2,39443023,-5001
2,39827660,-5001
2,40201084,-5002
2,40597989,-5002
2,40990358,-5002
2,41369010,-5002
2,41744036,-5002
2,42138196,-5002
2,42544938,-5002
2,42912496,-5001
2,43305563,-5001
2,43684234,-5001
2,44097238,-5001
2,44510956,-5001
2,44892001,-5001
2,45263183,-5002
2,45665330,-5002
2,46033056,-5002
2,46441644,-5002
2,46805876,-5002
2,47199144,-5002
2,47582051,-5001
2,47972561,-5000
2,48367414,-5001
2,48743705,-5001
2,49159024,-5000
2,49559823,-5002
2,49929786,-5002
2,50324782,-5001
2,50723648,-5001
2,51098022,-5001
2,51493760,-5002
2,51866661,-5002
2,52262850,-5001
2,52644701,-5001
2,53032757,-5000
2,53473115,-5000
2,53870117,-5000
2,54262834,-5000
2,54643834,-5000
2,55033350,-5000
2,55460412,-5000
2,55860520,-5000
2,56223139,-5000
2,56624883,-5001
2,57000907,-5000
2,57393936,-4999
3,647297,-1
3,1010983,-279
3,1367282,-869
3,1715382,-1267
3,2028366,-1796
3,2380610,-2519
3,2691063,-3313
3,3003738,-3775
3,3323124,-3632
3,3671573,-3760
3,3979304,-4246
3,4344407,-4207
3,4689716,-4033
3,5001112,-4219
3,5340481,-4567
3,5667791,-4607
3,6001026,-4650
3,6341334,-4942
3,6668368,-5011
3,7001825,-5008
3,7340775,-5156
3,7689550,-5178
3,8000836,-5156
3,8339444,-5206
3,8669722,-5197
3,8996122,-5169
3,9352727,-5159
3,9699177,-5126
3,10055773,-5103
3,10382043,-5064
3,10690962,-5040
3,11044835,-5008
3,11382184,-4988
3,11693297,-4976
3,12010549,-4958
3,12376478,-4959
3,12775547,-4956
3,13165494,-4957
3,13486788,-4959
3,13793719,-4967
3,14109226,-4972
3,14482534,-4978
3,14822930,-4986
3,15177276,-4993
3,15551577,-4998
3,15906224,-5000
3,16262546,-5003
3,16613883,-5003
3,16976950,-5004
3,17302309,-5003
3,17654306,-5002
3,17988677,-5001
3,18328388,-5000
3,18675928,-5001
3,19022161,-4999
3,19384918,-4998
3,19691853,-4998
3,19997271,-5000
3,20335718,-5000
3,20648829,-5000
3,20979060,-5000
3,21315231,-5000
3,21630889,-5002
3,21949930,-5000
3,22307109,-5000
3,22653868,-5001
3,22983047,-5001
3,23320096,-5001
3,23632639,-5000
3,23949013,-5001
3,24307523,-5001
3,24655998,-5001
3,25004268,-5000
3,25324911,-5000
3,25677345,-5000
3,26054922,-5000
3,26379450,-5000
3,26692946,-5000
3,26997453,-5000
3,27314802,-5000
3,27621449,-5000
3,27939739,-5001
3,28250005,-5000
3,28591702,-5000
3,28939845,-5001
3,29252466,-5001
3,29570166,-4999
3,29957787,-5000
3,30301825,-5001
3,30655189,-5000
3,31012082,-4999
3,31368970,-5000
3,31737222,-5000
3,32084347,-4999
3,32457294,-5000
3,32813145,-5002
3,33169908,-4999
3,33522069,-5000
3,33870381,-5001
3,34212308,-5000
3,34559546,-5000
3,34895789,-5001
3,35279278,-5000
3,35630820,-5000
3,36000813,-5000
3,36400856,-4999
3,36774598,-4999
3,37164666,-5001
3,37529942,-5001
3,37878845,-5000
3,38254052,-5000
3,38648608,-5001
3,39009133,-5000
3,39386369,-5000
3,39779330,-5000
3,40136036,-4999
3,40501942,-4999
3,40902568,-4999
3,41288409,-4999
3,41673530,-4999
3,42055240,-5000
3,42419823,-5000
3,42811150,-4999
3,43207146,-4999
3,43580513,-5000
3,43996310,-5000
3,44394623,-4999
4,745389,-8
4,1118210,-442
4,1527207,-1088
4,1920890,-1613
4,2315981,-2385
4,2693603,-3429
4,3116747,-3740
4,3503601,-3652
4,3898596,-4132
4,4277129,-4241
4,4670212,-4036
4,5043396,-4285
4,5445353,-4619
4,5823100,-4595
4,6218018,-4865
4,6631449,-5010
4,7029070,-5014
4,7422038,-5174
4,7815491,-5160
4,8219197,-5198
4,8640324,-5199
4,9066127,-5170
4,9449845,-5156
4,9815199,-5120
4,10220875,-5084
4,10621597,-5042
4,11042514,-5002
4,11444572,-4980
4,11857740,-4961
4,12256192,-4952
4,12629082,-4951
4,13045435,-4951
4,13441249,-4954
4,13840675,-4964
4,14257343,-4968
4,14649652,-4978
4,15036495,-4983
4,15399745,-4993
4,15794602,-4994
4,16190287,-5000
4,16569498,-5001
4,16982355,-5002
4,17377711,-5002
4,17772894,-5001
4,18149146,-4999
4,18543669,-4999
4,18919024,-4997
4,19319565,-4997
4,19689066,-4997
4,20086501,-4997
4,20514043,-4997
4,20901092,-4997
4,21278776,-4997
4,21671471,-4998
4,22060409,-4999
4,22444327,-4999
4,22818350,-4999
4,23216721,-5000
5,715637,-1
5,1082419,-359
5,1480963,-948
5,1850189,-1462
5,2254255,-2133
5,2618838,-3190
5,3013514,-3789
5,3411734,-3628
5,3783918,-4003
5,4200722,-4306
5,4596567,-4060
5,5013097,-4232
5,5419768,-4601
5,5786886,-4595
5,6179799,-4773
5,6565198,-5003
5,6956594,-4986
5,7359786,-5133
5,7728259,-5159
5,8142459,-5173
5,8541327,-5201
5,8913514,-5166
5,9311126,-5160
5,9703781,-5124
5,10079696,-5098
5,10457838,-5053
5,10855121,-5031
5,11231550,-4992
5,11619593,-4980
5,12013598,-4961
5,12409274,-4961
5,12809012,-4957
5,13200865,-4960
5,13580911,-4963
5,13971933,-4972
5,14389234,-4978
5,14784233,-4985
5,15158431,-4992
5,15556950,-4998
5,15954306,-5000
5,16339758,-5005
5,16709330,-5005
5,17097222,-5005
5,17501330,-5004
5,17873470,-5003
5,18274290,-5002
5,18641296,-5000
5,19035355,-5000
5,19416441,-5000
5,19810522,-4999
5,20203092,-4999
5,20628810,-4999
5,21008868,-5000
5,21399438,-5000
5,21767080,-5001
5,22160561,-5001
5,22537316,-5002
5,22931082,-5002
5,23331646,-5002
5,23702330,-5002
5,24095439,-5001
5,24517617,-5001
5,24888960,-5001
5,25297678,-5000
5,25659320,-5000
5,26057181,-5000
5,26452595,-5001
5,26829885,-5001
5,27244357,-5001
5,27645977,-5001
5,28057731,-5001
5,28479136,-5001
5,28871026,-5001
5,29289259,-5001
6,713768,0
6,1073851,-358
6,1472714,-1021
6,1887999,-1537
6,2305629,-2392
6,2697346,-3325
6,3051728,-3797
6,3411222,-3637
6,3803682,-4016
6,4203074,-4311
6,4597462,-4068
6,5011843,-4243
6,5408400,-4601
6,5803051,-4597
6,6186733,-4818
6,6596342,-4994
6,6990450,-4991
6,7346433,-5123
6,7720084,-5150
6,8149416,-5168
6,8538250,-5186
6,8927841,-5162
6,9305358,-5149
6,9699042,-5120
6,10074264,-5087
6,10472134,-5051
6,10846893,-5025
6,11242650,-4992
6,11619980,-4981
6,12015609,-4962
6,12428621,-4962
6,12826269,-4959
6,13222509,-4963
6,13614655,-4965
6,13969486,-4973
6,14325808,-4978
6,14718653,-4983
6,15072695,-4989
6,15463160,-4997
6,15845885,-4998
6,16223067,-5003
6,16615966,-5004
6,16994547,-5004
6,17390590,-5004
6,17801159,-5003
6,18166622,-5001
6,18575542,-5001
6,18970133,-5000
6,19349403,-5000
6,19741740,-5000
6,20115961,-4999
6,20511098,-4999
6,20929130,-5000
6,21327080,-5001
6,21719134,-5001
6,22096115,-5002
6,22514779,-5003
6,22926599,-5003
6,23286843,-5003
6,23679097,-5002
6,24054396,-5002
6,24452037,-5001
6,24824248,-5001
6,25222341,-5001
6,25616941,-5001
6,26012028,-5001
6,26408348,-5001
6,26801037,-5001
6,27167135,-5001
6,27537266,-5001
6,27949542,-5002
6,28346239,-5001
6,28721147,-5001
6,29114456,-5002
6,29515684,-5001
6,29907949,-5000
6,30305625,-5001
6,30770019,-5001
6,31216830,-5000
6,31621654,-5001
6,32013213,-5001
6,32409067,-5001
6,32832129,-5001
6,33245315,-5001
6,33623550,-5001
6,33991255,-5001
6,34394185,-5000
6,34762248,-5001
7,711698,-26
7,1139878,-528
7,1532231,-1149
7,1928243,-1618
7,2300531,-2394
7,2656098,-3325
7,3053311,-3789
7,3425919,-3643
7,3804884,-4102
7,4218633,-4291
7,4614970,-4062
7,5011102,-4243
7,5404785,-4613
7,5788134,-4598
7,6178185,-4817
7,6552710,-4991
7,6973069,-5006
7,7364830,-5140
7,7752726,-5146
7,8135071,-5169
7,8509812,-5190
7,8866516,-5162
7,9259079,-5153
7,9612903,-5124
7,9991016,-5093
7,10384346,-5055
7,10749333,-5035
7,11135526,-4996
7,11508744,-4986
7,11869723,-4965
7,12240951,-4962
7,12635604,-4959
7,13012782,-4961
7,13404765,-4961
7,13768921,-4971
7,14137641,-4974
7,14528857,-4981
7,14908683,-4988
7,15300750,-4996
7,15656139,-4997
7,16012180,-5003
7,16387856,-5005
7,16805121,-5005
7,17198550,-5005
7,17597500,-5003
7,17992878,-5002
7,18365221,-5002
7,18751261,-4999
7,19136321,-4999
7,19510378,-4999
7,19906223,-4999
7,20300089,-4999
7,20696054,-4999
7,21097517,-4999
7,21511469,-5001
7,21908428,-5001
7,22302019,-5001
7,22699111,-5001
7,23113293,-5001
7,23530856,-5000
7,23943978,-5001
8,717058,-2
8,1078529,-357
8,1475188,-1016
8,1890620,-1536
8,2289025,-2263
8,2663972,-3326
8,3053966,-3802
8,3429189,-3647
8,3827024,-4106
8,4233015,-4321
8,4619735,-4077
8,4994013,-4187
8,5370907,-4593
8,5764222,-4597
8,6118325,-4728
8,6495090,-4984
8,6889980,-4978
8,7280494,-5108
8,7661578,-5159
8,8056473,-5153
8,8453470,-5194
8,8848220,-5164
8,9259768,-5157
8,9620462,-5124
8,10014375,-5098
8,10393557,-5055
8,10786779,-5032
8,11164362,-4993
8,11579719,-4980
8,11972739,-4961
8,12329658,-4959
8,12745720,-4957
8,13139299,-4958
8,13497637,-4960
8,13870208,-4970
8,14275486,-4973
8,14682027,-4983
8,15038891,-4986
8,15415282,-4995
8,15805577,-4997
8,16162416,-5002
8,16536546,-5002
8,16934037,-5004
8,17349080,-5003
8,17763124,-5003
8,18116011,-5001
8,18478950,-5002
8,18892818,-4998
8,19288163,-4998
8,19680749,-4998
8,20077469,-4998
8,20475004,-4998
8,20868850,-4999
8,21265338,-5000
8,21659854,-5000
8,22016099,-5000
8,22412075,-5000
8,22805055,-5001
8,23164592,-5001
8,23548137,-5000
8,23911517,-5000
9,720808,-7
9,1104557,-442
9,1526326,-1086
9,1935570,-1621
9,2350846,-2538
9,2766969,-3569
9,3161486,-3786
9,3541725,-3714
9,3931808,-4188
9,4285756,-4303
9,4662426,-4072
9,5056841,-4246
9,5409738,-4591
9,5772899,-4596
9,6184453,-4811
9,6581865,-4978
9,6960307,-4984
9,7350199,-5122
9,7769662,-5133
9,8162827,-5160
9,8540251,-5169
9,8933549,-5154
9,9308565,-5136
9,9705095,-5113
9,10083163,-5077
9,10491128,-5048
9,10892625,-5014
9,11284583,-4992
9,11661021,-4980
9,12014252,-4966
9,12368116,-4965
9,12744519,-4963
9,13139177,-4964
9,13508968,-4966
9,13873852,-4974
9,14267177,-4978
9,14665241,-4985
9,15058776,-4993
9,15454020,-4997
9,15851240,-5002
9,16265029,-5003
9,16621342,-5004
9,17014641,-5004
9,17392389,-5004
9,17789263,-5002
9,18162778,-5002
9,18583330,-5000
9,18980175,-4999
9,19392343,-4998
9,19788699,-5000
9,20160182,-4998
9,20529661,-5000
9,20914323,-5000
9,21300341,-5001
9,21688439,-5001
9,22058696,-5001
9,22485257,-5001
9,22869863,-5001
9,23243399,-5000
9,23642898,-5000
10,981364,-91
10,1496933,-870
10,2013096,-1543
10,2461280,-2534
10,2983451,-3721
10,3399296,-3688
10,3888331,-4033
10,4340588,-4316
10,4829503,-4061
10,5273128,-4360
10,5732537,-4612
10,6121729,-4650
10,6506228,-4945
10,6901850,-4977
10,7273637,-5065
10,7670641,-5157
10,8042472,-5143
10,8436179,-5190
10,8813353,-5171
10,9213409,-5162
10,9637754,-5135
10,10001839,-5107
10,10398515,-5063
10,10793074,-5039
10,11164950,-5005
10,11518926,-4988
10,11899628,-4966
10,12288859,-4958
10,12648840,-4956
10,13042292,-4955
10,13413841,-4956
10,13770287,-4964
10,14124888,-4968
10,14497922,-4975
10,14852578,-4981
10,15226143,-4989
10,15632687,-4995
10,16020013,-4999
10,16372664,-5001
10,16755462,-5002
10,17147136,-5003
10,17519108,-5003
10,17877698,-5000
10,18271106,-5001
10,18670996,-5001
10,19062747,-4998
10,19417327,-4997
10,19816048,-4999
10,20190907,-4999
10,20597445,-4999
10,20960188,-4999
10,21352431,-4999
10,21730295,-4999
10,22126492,-5000
10,22541022,-4999
10,22899298,-5000
10,23291716,-5000
10,23688147,-5000
10,24063501,-4999
11,762622,-7
11,1168259,-440
11,1567984,-1017
11,1956820,-1535
11,2362702,-2396
11,2752510,-3447
11,3145601,-3789
11,3521928,-3668
11,3914339,-4115
11,4268131,-4322
11,4644725,-4081
11,5038502,-4192
11,5415154,-4586
11,5814945,-4588
11,6224769,-4768
11,6587055,-4982
11,6999172,-4995
11,7395652,-5129
11,7771065,-5151
11,8163267,-5169
11,8520764,-5198
11,8914726,-5167
11,9289908,-5162
11,9672620,-5125
11,10067077,-5097
11,10479748,-5053
11,10916435,-5024
11,11345889,-4989
11,11850232,-4965
11,12300535,-4958
11,12818149,-4955
11,13228252,-4956
11,13595725,-4958
11,13969782,-4968
11,14345167,-4972
11,14691307,-4979
11,15024727,-4984
11,15357070,-4992
11,15684108,-4995
11,16044994,-4999
11,16394066,-5001
11,16747370,-5002
11,17100143,-5002
11,17460993,-5003
11,17811297,-5002
11,18153476,-5000
11,18504533,-5000
11,18858815,-4999
11,19215940,-4997
11,19595139,-4997
11,19985307,-4997
11,20345859,-4997
11,20693077,-4997
11,21073135,-4998
11,21469462,-5000
11,21821251,-5000
11,22202081,-5000
11,22604272,-4999
11,22996266,-4999
11,23372776,-4999
12,735487,-8
12,1123585,-440
12,1516371,-1081
12,1913495,-1618
12,2351111,-2535
12,2723615,-3451
12,3107110,-3780
12,3495994,-3680
12,3888339,-4191
12,4267747,-4281
12,4681928,-4081
12,5054260,-4313
12,5452275,-4625
12,5847255,-4600
12,6207310,-4818
12,6580290,-4985
12,6976198,-4991
12,7351934,-5135
12,7745936,-5140
12,8144086,-5168
12,8515678,-5182
12,8869993,-5161
12,9226304,-5153
12,9598443,-5123
12,9953655,-5102
12,10329978,-5057
12,10722090,-5037
12,11084843,-4997
12,11475976,-4987
12,11849888,-4965
12,12245122,-4962
12,12595293,-4960
12,12972386,-4960
12,13349356,-4960
12,13699559,-4970
12,14107937,-4972
12,14492676,-4981
12,14866952,-4984
12,15223054,-4995
12,15575691,-4996
12,15951187,-5002
12,16354051,-5003
12,16766202,-5004
12,17124560,-5003
12,17538371,-5004
12,17936847,-5003
12,18350603,-5002
12,18744290,-4999
12,19123979,-4999
12,19513096,-4999
12,19870136,-4999
12,20247094,-4999
12,20638251,-4999
12,21016868,-4999
12,21372898,-5000
12,21766329,-5000
12,22125984,-5000
12,22493914,-5000
12,22853233,-5000
12,23262721,-5000
12,23663676,-5000
12,24038579,-4999
13,716643,-7
13,1121701,-443
13,1516085,-1017
13,1911451,-1538
13,2306939,-2279
13,2657293,-3210
13,3011898,-3805
13,3370637,-3677
13,3803501,-4064
13,4215526,-4340
13,4598584,-4095
13,4993576,-4203
13,5349314,-4561
13,5720006,-4600
13,6096229,-4725
13,6470382,-4953
13,6845214,-4963
13,7229439,-5071
13,7618595,-5138
13,7971371,-5130
13,8348546,-5175
13,8743337,-5157
13,9095779,-5153
13,9471100,-5124
13,9867636,-5106
13,10230659,-5064
13,10640775,-5040
13,11031825,-5005
13,11413526,-4991
13,11806887,-4972
13,12184222,-4965
13,12578144,-4961
13,12989597,-4963
13,13349783,-4963
13,13743001,-4969
13,14117063,-4971
13,14474939,-4980
13,14868498,-4984
13,15251083,-4993
13,15642613,-4995
13,16011266,-4999
13,16370916,-5000
13,16764779,-5001
13,17138164,-5002
13,17494216,-5002
13,17888363,-4999
13,18267891,-5001
13,18659554,-5000
13,19031316,-4999
13,19390404,-4998
13,19806293,-4998
13,20215014,-4997
13,20576041,-4997
13,20972050,-4997
13,21351961,-4998
13,21723187,-4999
13,22116735,-4999
13,22475622,-4999
13,22868236,-4999
13,23231635,-5000
13,23598057,-5001
13,23992336,-4999
13,24369511,-4999
13,24777866,-5001
13,25139454,-5000
13,25498123,-4999
13,25888408,-4999
13,26255719,-4999
13,26621768,-4999
13,27015931,-5000
13,27411757,-5000
13,27806010,-5000
13,28161703,-5000
13,28565695,-5000
13,28959592,-4999
13,29370265,-5000
13,29743410,-5000
13,30140168,-5000
14,739052,-8
14,1146586,-438
14,1538199,-1016
14,1910971,-1470
14,2268347,-2157
14,2622878,-3083
14,2972114,-3785
14,3351152,-3691
14,3744383,-3907
14,4108299,-4350
14,4498118,-4166
14,4872268,-4093
14,5234450,-4426
14,5605568,-4612
14,5998370,-4652
14,6402347,-4907
14,6797654,-4960
14,7334811,-5104
14,7857826,-5127
14,8353317,-5172
14,8865633,-5154
14,9341139,-5134
14,9812214,-5105
14,10324366,-5060
14,10737660,-5034
14,11125544,-5001
14,11469322,-4991
14,11931170,-4966
14,12417376,-4964
14,12861946,-4961
14,13283018,-4963
14,13749316,-4971
14,14201595,-4976
14,14596694,-4984
14,14958224,-4987
14,15358053,-4995
14,15720933,-4998
14,16100414,-5003
14,16544801,-5003
14,16911571,-5003
14,17320858,-5003
14,17744202,-5002
14,18129481,-5001
14,18493168,-5001
14,18834062,-5000
14,19193334,-4998
14,19549451,-4998
14,19895340,-4998
14,20249216,-4998
14,20577566,-4998
14,20936847,-4998
14,21291556,-4998
14,21644230,-4999
14,21991139,-4999
14,22331901,-4999
14,22673327,-5001
14,23008654,-5000
14,23320148,-4999
14,23639360,-4999
14,23947927,-4999
14,24259805,-4999
14,24591705,-4999
14,24911381,-4999
14,25264599,-4999
14,25616291,-4999
14,25955450,-4999
14,26306153,-4999
14,26660997,-4999
14,27017763,-4999
14,27372528,-4999
14,27724769,-4999
14,28115553,-5000
15,758878,-9
15,1137880,-439
15,1541260,-1080
15,1928441,-1541
15,2289948,-2405
15,2703127,-3453
15,3130567,-3782
15,3492708,-3685
15,3886741,-4130
15,4245716,-4308
15,4637783,-4078
15,5061029,-4315
15,5480481,-4621
15,5865129,-4597
15,6221790,-4814
15,6596789,-4982
15,6997858,-5005
15,7398125,-5133
15,7784592,-5142
15,8186295,-5173
15,8577507,-5174
15,8991535,-5161
15,9348406,-5138
15,9743786,-5115
15,10125295,-5074
15,10538280,-5044
15,10928762,-5013
15,11284201,-4990
15,11679340,-4972
15,12052947,-4961
15,12470706,-4958
15,12867658,-4956
15,13245558,-4960
15,13640715,-4964
15,14012894,-4969
15,14409984,-4976
15,14785994,-4983
15,15181680,-4991
15,15551913,-4995
15,15910506,-4999
15,16308076,-5001
15,16686333,-5002
15,17075311,-5002
15,17493253,-5003
15,17886940,-5002
15,18264409,-5001
15,18661026,-5000
15,19033389,-4999
15,19389093,-4998
15,19821608,-4997
15,20188603,-4997
15,20553183,-4997
15,20908059,-4997
15,21286042,-4997
15,21678500,-4998
15,22033641,-4998
15,22410704,-4998
15,22805599,-5000
15,23201006,-5000
15,23594141,-5000
15,23989723,-5000
16,716445,-8
16,1143280,-441
16,1538081,-1085
16,1927627,-1543
16,2281675,-2280
16,2642503,-3210
16,3034942,-3817
16,3410462,-3679
16,3826835,-4142
16,4225634,-4313
16,4618894,-4097
16,4993062,-4263
16,5395756,-4594
16,5762888,-4597
16,6178481,-4774
16,6536003,-4972
16,6950908,-4974
16,7302607,-5094
16,7657714,-5136
16,8011919,-5138
16,8394214,-5172
16,8781628,-5154
16,9136025,-5146
16,9491749,-5119
16,9865602,-5098
16,10260577,-5058
16,10642217,-5032
16,11035294,-4997
16,11451923,-4985
16,11853055,-4962
16,12261304,-4962
16,12619009,-4959
16,12992234,-4961
16,13397442,-4963
16,13806750,-4971
16,14200096,-4975
16,14577131,-4983
16,14968278,-4988
16,15323957,-4995
16,15719839,-4997
16,16098333,-5002
16,16514844,-5002
16,16906846,-5003
16,17281338,-5003
16,17637425,-5002
16,18011138,-4999
16,18377709,-4999
16,18766500,-4999
16,19158625,-4997
16,19535991,-4997
16,19939992,-4998
16,20306574,-4998
16,20703865,-4998
16,21074601,-4998
16,21442012,-5000
16,21806448,-5000
16,22202152,-4999
16,22603626,-5001
16,22971656,-4999
16,23375371,-4999
17,719714,-26
17,1146856,-525
17,1534345,-1145
17,1979602,-1714
17,2367585,-2545
17,2726972,-3564
17,3120871,-3784
17,3514994,-3722
17,3915701,-4250
17,4307812,-4227
17,4725399,-4072
17,5120908,-4414
17,5513613,-4601
17,5890289,-4625
17,6285150,-4886
17,6660892,-4978
17,7055742,-5036
17,7413280,-5150
17,7790313,-5148
17,8181521,-5191
17,8605890,-5177
17,8992404,-5167
17,9368244,-5143
17,9724282,-5120
17,10097130,-5084
17,10450973,-5051
17,10848576,-5017
17,11244494,-4988
17,11688287,-4968
17,12078677,-4958
17,12473413,-4954
17,12850460,-4956
17,13244252,-4957
17,13625314,-4964
17,14036136,-4969
17,14434926,-4979
17,14851482,-4984
17,15245317,-4993
17,15622522,-4996
17,16015317,-5000
17,16391619,-5001
17,16789030,-5004
17,17163368,-5004
17,17571859,-5003
17,17971815,-5000
17,18325211,-5003
17,18705629,-4999
17,19097982,-4999
17,19471871,-4998
17,19830428,-4999
17,20222224,-4999
17,20587890,-4998
17,20951144,-4998
17,21359005,-4999
17,21725087,-5001
17,22117995,-5000
17,22471193,-5001
17,22828306,-5001
17,23199998,-5002
17,23606580,-5001
17,23998819,-5001
17,24391143,-5001
17,24789283,-5001
17,25185734,-5000
17,25608528,-5000
17,25978068,-5000
17,26366808,-5000
17,26723741,-5000
17,27120175,-5000
17,27491926,-5000
17,27849975,-5001
17,28224457,-5000
17,28625135,-5001
18,712506,-11
18,1126494,-440
18,1513451,-1077
18,1932573,-1618
18,2347592,-2530
18,2742823,-3546
18,3161655,-3742
18,3559582,-3751
18,3970703,-4289
18,4392168,-4194
18,4782901,-4095
18,5185712,-4434
18,5575550,-4617
18,5971573,-4672
18,6367371,-4941
18,6739240,-4997
18,7104833,-5074
18,7493837,-5175
18,7866074,-5160
18,8266007,-5203
18,8637159,-5187
18,9033697,-5174
18,9473082,-5142
18,9844995,-5119
18,10221793,-5071
18,10615128,-5045
18,10988833,-5010
18,11349401,-4986
18,11742108,-4965
18,12118325,-4956
18,12513332,-4953
18,12888010,-4952
18,13286223,-4955
18,13683228,-4964
18,14083849,-4968
18,14469881,-4980
18,14863949,-4984
18,15243473,-4994
18,15636952,-4997
18,16009909,-5002
18,16369367,-5004
18,16763774,-5007
18,17150844,-5005
18,17545879,-5006
18,17912391,-5005
18,18308611,-5005
18,18718731,-5003
18,19083367,-5003
18,19492290,-5002
18,19887582,-5001
18,20285052,-4999
18,20684527,-5000
18,21087643,-5000
18,21492218,-5002
18,21887023,-5002
18,22284138,-5002
18,22681540,-5002
18,23097203,-5002
18,23500645,-5002
18,23890159,-5001
18,24285817,-5001
18,24685707,-5001
18,25088734,-5001
18,25491275,-5001
18,25889319,-5002
18,26285956,-5001
18,26682458,-5001
18,27086042,-5001
18,27471749,-5001
18,27867379,-5001
18,28243976,-5000
18,28635772,-5000
18,29013927,-5000
18,29408095,-5000
18,29788184,-5001
18,30196980,-5001
18,30597861,-5000
18,30993354,-5001
18,31396781,-5001
19,707582,-9
19,1099260,-440
19,1493569,-1081
19,1888081,-1537
19,2260014,-2274
19,2615772,-3330
19,3012008,-3798
19,3408153,-3666
19,3799383,-4132
19,4202435,-4307
19,4611673,-4094
19,4968191,-4264
19,5363346,-4593
19,5715355,-4603
19,6093531,-4746
19,6466309,-4980
19,6870769,-4991
19,7257291,-5115
19,7631850,-5150
19,8136739,-5178
19,8671746,-5164
19,9218310,-5142
19,9747137,-5106
19,10302765,-5051
19,10819066,-5008
19,11359595,-4984
19,11804222,-4959
19,12250854,-4957
19,12641230,-4954
19,13108289,-4956
19,13611403,-4965
19,14115334,-4970
19,14625681,-4981
19,15107708,-4991
19,15603491,-4996
19,16107815,-5000
19,16625207,-5004
19,17103690,-5003
19,17604489,-5001
19,18103129,-5001
19,18511369,-5000
19,18907658,-4999
19,19340283,-4999
19,19733170,-4999
19,20124026,-4999
19,20532988,-4998
19,20948728,-4999
19,21350192,-4999
19,21720689,-5000
19,22119172,-5000
19,22512408,-5000
19,22888790,-5000
19,23283838,-5000
19,23655840,-5000
20,752903,-7
20,1153493,-440
20,1538557,-1083
20,1953887,-1624
20,2351362,-2543
20,2772166,-3567
20,3181860,-3790
20,3553945,-3729
20,3931496,-4204
20,4305084,-4314
20,4658684,-4097
20,5013379,-4214
20,5386638,-4572
20,5749976,-4607
20,6136599,-4747
20,6489557,-4966
20,6868072,-4976
20,7261186,-5084
20,7613815,-5139
20,7991350,-5138
20,8365286,-5171
20,8768484,-5152
20,9158412,-5142
20,9510312,-5117
20,9868262,-5097
20,10239893,-5058
20,10614499,-5033
20,10994150,-5002
20,11364763,-4987
20,11752969,-4968
20,12142606,-4962
20,12535018,-4960
20,12889908,-4960
20,13264964,-4961
20,13659546,-4970
20,14038405,-4971
20,14429943,-4980
20,14792408,-4985
20,15161066,-4994
20,15555000,-4996
20,15910200,-5002
20,16286556,-5002
20,16680703,-5004
20,17052736,-5004
20,17410526,-5004
20,17768450,-5002
20,18156215,-5002
20,18531233,-5002
20,18894283,-5001
20,19266061,-4999
20,19662544,-5000
20,20056241,-5000
20,20428880,-5000
20,20789146,-5000
20,21178285,-5000
20,21552842,-5001
20,21907595,-5001
20,22280321,-5001
20,22635451,-5001
20,22992545,-5001
20,23377795,-5001
20,23772628,-5000
20,24161673,-5001
21,716717,-9
21,1077513,-439
21,1504527,-1081
21,1944448,-1714
21,2452720,-2944
21,2882236,-3775
21,3263466,-3704
21,3642824,-3909
21,4072927,-4344
21,4531082,-4112
21,4930847,-4211
21,5322104,-4559
21,5702631,-4602
21,6074912,-4743
21,6477854,-4974
21,6863756,-4985
21,7218972,-5107
21,7615895,-5145
21,8008915,-5159
21,8384177,-5176
21,8749804,-5159
21,9120729,-5144
21,9512062,-5117
21,9889509,-5087
21,10280190,-5050
21,10664712,-5023
21,11058823,-4990
21,11477822,-4975
21,11865592,-4960
21,12259021,-4958
21,12635478,-4955
21,13008772,-4958
21,13364141,-4959
21,13719957,-4969
21,14112271,-4971
21,14544536,-4981
21,14917835,-4987
21,15301487,-4993
21,15722353,-4998
21,16116662,-5001
21,16496986,-5003
21,16888801,-5003
21,17259607,-5003
21,17616661,-5002
21,18008762,-5001
21,18363390,-5001
21,18719916,-5000
21,19091053,-4999
21,19464867,-4998
21,19823793,-4998
21,20216586,-4998
21,20574042,-4998
21,20974488,-4998
21,21381315,-5000
21,21768504,-5001
21,22167061,-5001
21,22566182,-5001
21,22933960,-5001
21,23347075,-5000
21,23768267,-4999
21,24181313,-5000
21,24578927,-5000
21,24975098,-5000
21,25362680,-5000
21,25745307,-5000
21,26116563,-5000
21,26512318,-5000
21,26887478,-5000
21,27278542,-5001
21,27638442,-5001
21,28009134,-5000
21,28362308,-5000
21,28718650,-5000
21,29071644,-5000
21,29454097,-4999
21,29841677,-4999
21,30196641,-5000
21,30588289,-5000
21,30975038,-5000
21,31369630,-5000
21,31745117,-5000
21,32138858,-5000
21,32511997,-5000
21,32909900,-5000
21,33284415,-5000
22,737868,-8
22,1141021,-438
22,1538202,-1075
22,1951766,-1614
22,2373742,-2533
22,2764425,-3549
22,3179768,-3742
22,3596173,-3765
22,3990527,-4301
22,4391656,-4242
22,4762426,-4092
22,5157052,-4383
22,5555312,-4624
22,5957670,-4645
22,6349070,-4933
22,6740387,-4988
22,7149761,-5061
22,7532431,-5154
22,7936074,-5150
22,8379188,-5185
22,8746713,-5166
22,9148393,-5154
22,9522867,-5126
22,9888936,-5097
22,10300667,-5053
22,10700905,-5026
22,11094756,-4992
22,11470846,-4977
22,11864553,-4959
22,12257274,-4956
22,12664080,-4953
22,13065641,-4954
22,13461424,-4958
22,13832027,-4966
22,14230586,-4974
22,14753045,-4981
22,15138326,-4989
22,15513242,-4993
22,15911434,-5000
22,16299902,-5000
22,16680720,-5003
22,17058743,-5003
22,17449794,-5003
22,17866642,-5002
22,18285347,-5001
22,18679161,-5000
22,19079793,-4998
22,19453795,-4997
22,19845913,-4997
22,20255902,-4997
22,20624455,-4997
22,20998439,-4998
22,21394399,-4999
22,21768200,-5000
22,22159534,-5000
22,22556276,-5000
22,22932444,-5000
22,23331617,-5000
22,23724411,-4999
23,712907,-8
23,1126171,-439
23,1517332,-1077
23,1934282,-1612
23,2330531,-2401
23,2699102,-3447
23,3101505,-3776
23,3496540,-3685
23,3895165,-4201
23,4288473,-4281
23,4681667,-4088
23,5063318,-4327
23,5454458,-4630
23,5876537,-4617
23,6242775,-4873
23,6636881,-4997
23,7036354,-5025
23,7453160,-5155
23,7877891,-5148
23,8284254,-5182
23,8677904,-5164
23,9075995,-5153
23,9469019,-5120
23,9874553,-5093
23,10261865,-5053
23,10636196,-5028
23,11035466,-4995
23,11413273,-4980
23,11808097,-4962
23,12189786,-4960
23,12590377,-4956
23,12978342,-4960
23,13348562,-4962
23,13744733,-4970
23,14121429,-4973
23,14514548,-4982
23,14892170,-4988
23,15282349,-4994
23,15677876,-4997
23,16064552,-5002
23,16430983,-5003
23,16807956,-5003
23,17241682,-5004
23,17634915,-5004
23,18016274,-5001
23,18408643,-5001
23,18802774,-5001
23,19184833,-4999
23,19553165,-4999
23,19949821,-4999
23,20365385,-4999
23,20760349,-4999
23,21159823,-5001
23,21531986,-5001
23,21937381,-5001
23,22311127,-5001
23,22751532,-5002
23,23203989,-5001
23,23601322,-5001
23,24001673,-5002
23,24392383,-5002
23,24792365,-5001
23,25214055,-5001
23,25619335,-5001
23,25996553,-5001
23,26459059,-5001
23,26884895,-5001
23,27283820,-5001
23,27677676,-5001
23,28078732,-5001
23,28492621,-5002
23,28908183,-5002
23,29303661,-5001
23,29684341,-5002
23,30074615,-5002
23,30490906,-5002
23,30894253,-5001
23,31285781,-5002
23,31678155,-5002
23,32075147,-5002
23,32502168,-5001
23,32950941,-5002
23,33372326,-5002
23,33762780,-5002
23,34138596,-5002
23,34531552,-5001
23,34915183,-5001
23,35304140,-5001
23,35697351,-5000
23,36096196,-5000
23,36468571,-5001
23,36881863,-5001
23,37242503,-5000
23,37626721,-5000
23,38017753,-5000
23,38386841,-5001
23,38781666,-5000
23,39180886,-5001
23,39578797,-5001
24,680564,-9
24,1063700,-355
24,1424724,-1007
24,1813802,-1455
24,2182661,-2146
24,2540837,-3068
24,2911794,-3764
24,3325226,-3662
24,3746480,-4050
24,4157549,-4327
24,4531374,-4110
24,4904365,-4167
24,5338109,-4603
24,5721477,-4613
24,6090917,-4802
24,6493603,-5001
24,6862522,-5006
24,7277990,-5143
24,7683699,-5156
24,8070792,-5174
24,8455348,-5184
24,8867087,-5160
24,9278710,-5135
24,9683978,-5106
24,10072115,-5068
24,10453837,-5034
24,10844225,-5005
24,11227703,-4979
24,11642996,-4962
24,12031477,-4952
24,12429201,-4953
24,12799814,-4951
24,13196263,-4955
24,13593067,-4962
24,13994716,-4968
24,14391229,-4977
24,14786863,-4982
24,15154523,-4991
24,15550124,-4994
24,15923636,-4997
24,16351260,-4998
24,16741022,-5002
24,17153664,-5000
24,17556749,-5000
24,17969811,-4999
24,18375197,-4999
24,18743463,-4997
24,19135604,-4996
24,19514091,-4996
24,19907082,-4997
24,20310125,-4996
24,20701109,-4997
24,21106383,-4998
24,21503240,-4998
24,21907967,-4998
24,22307833,-4999
25,736453,-9
25,1156998,-438
25,1540253,-1075
25,1953419,-1699
25,2441462,-2659
25,2833328,-3637
25,3227892,-3715
25,3640690,-3821
25,4055302,-4327
25,4476113,-4180
25,4868158,-4141
25,5269757,-4506
25,5643623,-4636
25,6035794,-4692
25,6432006,-4981
25,6811011,-5002
25,7184681,-5090
25,7578084,-5164
25,7972724,-5154
25,8351681,-5183
25,8745792,-5164
25,9148367,-5148
25,9540920,-5116
25,9934987,-5086
25,10335729,-5046
25,10823282,-5010
25,11349576,-4978
25,11850308,-4957
25,12327940,-4955
25,12847789,-4956
25,13337689,-4958
25,13812977,-4968
25,14302213,-4974
25,14706146,-4981
25,15097169,-4990
25,15454464,-4992
25,15893263,-4999
25,16367064,-5001
25,16806979,-5001
25,17292918,-5001
25,17775009,-5000
25,18245812,-4999
25,18648444,-4999
25,19026805,-4999
25,19399278,-4998
25,19842793,-4998
25,20299137,-4998
25,20763053,-4998
25,21168479,-4999
26,680301,-7
26,1076589,-355
26,1449515,-1007
26,1831381,-1456
26,2200536,-2147
26,2552665,-3069
26,2914750,-3771
26,3284146,-3691
26,3665655,-3911
26,4034750,-4339
26,4415166,-4181
26,4813003,-4114
26,5165303,-4447
26,5532223,-4632
26,5931305,-4655
26,6304156,-4937
26,6729553,-4981
26,7109311,-5049
26,7502554,-5141
26,7882448,-5136
26,8256865,-5166
26,8660176,-5154
26,9040206,-5139
26,9419296,-5110
26,9812382,-5089
26,10185729,-5052
26,10542749,-5026
26,10940509,-4995
26,11314208,-4979
26,11716996,-4964
26,12106282,-4958
26,12501716,-4956
26,12903652,-4960
26,13310831,-4960
26,13678856,-4968
26,14062250,-4974
26,14435695,-4979
26,14791796,-4985
26,15186359,-4993
26,15560393,-4995
26,15916009,-4998
26,16290300,-5001
26,16693837,-5002
26,17101610,-5000
26,17455584,-5000
26,17815457,-5000
26,18206581,-5000
26,18580783,-4999
26,18937837,-4997
26,19310347,-4998
26,19676336,-4998
26,20067040,-4998
26,20459530,-4998
26,20839267,-4998
26,21230092,-4999
26,21604922,-4999
26,21958402,-5001
26,22311542,-5001
26,22675268,-5001
26,23042064,-5001
26,23413948,-5001
26,23816635,-5000
26,24207844,-5000
26,24559839,-5000
26,24920847,-5000
26,25344368,-4999
26,25719299,-4999
26,26107522,-4999
26,26476422,-4999
26,26833804,-5000
26,27188090,-5000
26,27539339,-5000
26,27917853,-5000
26,28314664,-5000
26,28752632,-5000
26,29127483,-5000
27,715658,-8
27,1116032,-356
27,1475758,-1010
27,1891691,-1536
27,2286638,-2283
27,2659759,-3331
27,3076746,-3803
27,3472747,-3698
27,3886397,-4135
27,4249766,-4311
27,4637699,-4104
27,4989303,-4219
27,5366686,-4570
27,5719325,-4612
27,6092847,-4751
27,6491685,-4970
27,6845371,-4983
27,7228521,-5095
27,7617666,-5146
27,8013678,-5152
27,8389224,-5174
27,8782965,-5160
27,9154545,-5144
27,9510766,-5120
27,9866788,-5098
27,10234084,-5056
27,10614927,-5032
27,10991463,-4999
27,11368167,-4983
27,11762687,-4965
27,12117118,-4962
27,12470169,-4955
27,12845682,-4961
27,13253045,-4961
27,13658963,-4969
27,14054050,-4972
27,14410858,-4981
27,14783715,-4984
27,15136687,-4994
27,15493060,-4996
27,15865851,-5000
27,16227276,-5003
27,16617898,-5004
27,16992405,-5002
27,17389740,-5004
27,17761617,-5001
27,18115202,-5001
27,18471589,-5000
27,18902411,-5000
27,19287173,-4999
27,19677369,-4999
27,20060801,-4999
27,20498565,-4999
27,20891798,-4999
27,21286441,-5000
27,21681299,-5001
27,22092145,-5001
27,22472388,-5001
27,22864377,-5001
28,758547,-8
28,1141301,-436
28,1546478,-1071
28,1932653,-1527
28,2305957,-2401
28,2683771,-3323
28,3054552,-3799
28,3409306,-3675
28,3766659,-3984
28,4159999,-4350
28,4602988,-4108
28,4996973,-4224
28,5369009,-4609
28,5767854,-4621
28,6160445,-4804
28,6538714,-4999
28,6954184,-5012
28,7351150,-5139
28,7765337,-5146
28,8160893,-5166
28,8557774,-5164
28,8952865,-5150
28,9352087,-5120
28,9765628,-5097
28,10181119,-5056
28,10541743,-5032
28,10930401,-4999
28,11304132,-4982
28,11661551,-4964
28,12055336,-4960
28,12409303,-4955
28,12786487,-4958
28,13180539,-4960
28,13556863,-4967
28,13950839,-4971
28,14304068,-4978
28,14659408,-4983
28,15032506,-4990
28,15386317,-4995
28,15746467,-4999
28,16139414,-5002
28,16525272,-5003
28,16937196,-5003
28,17327910,-5003
28,17708538,-5002
28,18102141,-5001
28,18522699,-5001
28,18950659,-4999
28,19350426,-4998
28,19745063,-4998
28,20137107,-4999
28,20507431,-4999
28,20868315,-4999
28,21263960,-5000
28,21642845,-5001
28,22066089,-5001
28,22452582,-5001
28,22854915,-5001
28,23221169,-5000
29,749418,1
29,1133719,-355
29,1539447,-1008
29,1928388,-1534
29,2346987,-2402
29,2760241,-3448
29,3153782,-3781
29,3573057,-3730
29,3965866,-4207
29,4364293,-4285
29,4734829,-4098
29,5109360,-4278
29,5465862,-4628
29,5862108,-4626
29,6258419,-4840
29,6635445,-4993
29,7003837,-4996
29,7361698,-5122
29,7756697,-5141
29,8108720,-5154
29,8463916,-5169
29,8839613,-5153
29,9201385,-5135
29,9609857,-5109
29,9963519,-5086
29,10320665,-5043
29,10734466,-5025
29,11089222,-4993
29,11445752,-4978
29,11839096,-4961
29,12223849,-4960
29,12633213,-4955
29,13033404,-4960
29,13447109,-4962
29,13840220,-4970
29,14204610,-4972
29,14572224,-4980
29,14962663,-4986
29,15340529,-4994
29,15733944,-4996
29,16091415,-5001
29,16468909,-5002
29,16861517,-5003
29,17238183,-5003
29,17630461,-5003
29,18004904,-5000
29,18362716,-5002
29,18756057,-4999
29,19151365,-4999
29,19550224,-5000
29,19942222,-4999
29,20298883,-4998
29,20691848,-4999
29,21067922,-4999
29,21423094,-5000
29,21795908,-5001
29,22203831,-5000
29,22614513,-5001
29,23005916,-5001
29,23374336,-5000
29,23737245,-4999
29,24130733,-5000
30,777009,-23
30,1204783,-523
30,1599119,-1138
30,1993313,-1705
30,2435137,-2671
30,2827821,-3650
30,3223521,-3760
30,3596611,-3781
30,3990595,-4312
30,4411390,-4217
30,4804152,-4103
30,5160325,-4396
30,5532140,-4640
30,5906644,-4638
30,6309304,-4907
30,6717825,-4987
30,7077384,-5029
30,7472276,-5133
30,7847197,-5132
30,8243299,-5162
30,8636130,-5151
30,9011477,-5138
30,9410534,-5114
30,9810019,-5092
30,10204052,-5048
30,10597262,-5025
30,11015681,-4992
30,11407809,-4978
30,11781103,-4960
30,12181474,-4958
30,12555408,-4956
30,12949587,-4957
30,13305888,-4960
30,13700736,-4968
30,14099553,-4972
30,14492599,-4981
30,14891592,-4987
30,15307200,-4993
30,15699767,-4998
30,16081258,-5000
30,16472802,-5002
30,16845171,-5003
30,17201506,-5002
30,17594906,-5002
30,17970159,-5000
30,18340492,-4999
30,18699613,-4999
30,19061884,-4999
30,19449325,-4999
30,19821939,-4999
30,20182891,-4999
30,20575512,-4999
30,20948230,-5000
30,21308143,-5000
30,21702069,-5000
30,22077566,-5000
30,22473542,-5001
30,22846119,-5002
30,23203167,-4999
30,23615049,-5000
30,24042494,-5001
30,24439078,-5000
30,24827014,-5000
30,25202719,-5000
30,25620367,-5000
30,26004594,-5000
30,26410824,-5000
30,26804150,-5001
30,27180555,-5001
30,27552351,-5001
30,27907778,-5001
30,28283130,-5000
30,28656851,-5001
30,29042283,-5001
30,29431102,-5000
30,29803421,-5000
30,30160279,-5001
30,30553389,-5001
30,30927562,-5001
30,31289983,-5001
30,31701857,-5001
30,32099204,-5000
30,32492961,-5000
30,32871009,-5000
30,33246808,-5000
30,33641925,-5000
30,34043993,-5000
30,34407498,-5000
30,34787658,-5000
30,35191368,-4999
30,35598333,-5001
30,35990731,-5000
30,36413042,-5000
30,36823219,-5000
30,37182475,-5000
30,37574008,-5000
30,37931528,-5000
30,38306058,-5000
30,38696526,-5000
30,39063509,-5000
30,39450449,-5000
30,39821877,-5000
30,40200881,-5000
30,40595667,-5000
30,40947635,-5000
30,41325509,-4999
31,689808,-8
31,1078853,-354
31,1442759,-1006
31,1841700,-1458
31,2215799,-2280
31,2613667,-3323
31,3007783,-3804
31,3381123,-3679
31,3736467,-3983
31,4090491,-4350
31,4472386,-4150
31,4858519,-4140
31,5212270,-4498
31,5592159,-4628
31,5985552,-4683
31,6339926,-4941
31,6739435,-4991
31,7133658,-5082
31,7549542,-5153
31,7921643,-5149
31,8274320,-5181
31,8653386,-5163
31,9005086,-5153
31,9358065,-5126
31,9713949,-5107
31,10087851,-5061
31,10493249,-5039
31,10857831,-5008
31,11210487,-4984
31,11612022,-4969
31,11985812,-4960
31,12338939,-4957
31,12718298,-4956
31,13089950,-4959
31,13471421,-4964
31,13858707,-4969
31,14231023,-4976
31,14590137,-4982
31,14961282,-4991
31,15335945,-4995
31,15715094,-4998
31,16088024,-5002
31,16490696,-5002
31,16879050,-5002
31,17253246,-5003
31,17634983,-5001
31,18027690,-5000
31,18381132,-5001
31,18737470,-5001
31,19089185,-4999
31,19474152,-4999
31,19859875,-4999
31,20211382,-4999
31,20590939,-4999
31,20983391,-4999
31,21338749,-5000
31,21715616,-5000
31,22108870,-4999
31,22470221,-5001
31,22839738,-5001
32,780821,-25
32,1157861,-436
32,1535516,-1002
32,1952805,-1609
32,2431145,-2661
32,2878893,-3640
32,3313817,-3698
32,3755624,-3976
32,4230224,-4338
32,4627954,-4108
32,5019972,-4224
32,5406585,-4607
32,5788993,-4617
32,6153258,-4759
32,6494845,-4986
32,6839328,-4999
32,7183323,-5071
32,7541744,-5161
32,7883920,-5154
32,8252919,-5184
32,8597382,-5178
32,8968051,-5163
32,9371557,-5137
32,9746089,-5114
32,10100600,-5073
32,10513208,-5040
32,10918292,-5010
32,11264427,-4986
32,11642237,-4968
32,12041116,-4958
32,12398611,-4955
32,12793051,-4955
32,13164336,-4957
32,13524213,-4962
32,13890517,-4968
32,14268977,-4974
32,14648868,-4983
32,15042365,-4991
32,15418193,-4995
32,15772311,-4999
32,16127188,-5003
32,16491768,-5003
32,16857636,-5004
32,17269756,-5004
32,17627468,-5004
32,18020511,-5002
32,18372997,-5002
32,18754905,-5001
32,19146143,-5000
32,19512307,-5000
32,19876863,-5000
32,20248612,-4999
32,20612382,-4999
32,21004105,-5000
32,21397813,-5001
32,21774756,-5001
32,22169553,-5001
32,22545505,-5001
32,22895910,-5002
32,23248834,-5001
32,23621520,-5001
32,23984551,-5000
32,24377969,-5001
32,24754052,-5001
32,25148350,-4999
32,25511995,-5001
32,25923027,-5000
32,26313620,-5000
32,26669580,-5000
32,27044006,-5001
32,27459917,-5001
32,27855825,-5001
32,28252379,-5001
33,802697,-27
33,1237554,-523
33,1636215,-1134
33,2016910,-1612
33,2418153,-2534
33,2813803,-3553
33,3206516,-3752
33,3607614,-3720
33,4018091,-4253
33,4390247,-4246
33,4790774,-4095
33,5202943,-4443
33,5606150,-4631
33,5972061,-4634
33,6325555,-4880
33,6682400,-5005
33,7056092,-5037
33,7450864,-5150
33,7827876,-5155
33,8221816,-5181
33,8588588,-5181
33,8957998,-5163
33,9345994,-5140
33,9707103,-5117
33,10075836,-5082
33,10429831,-5044
33,10830306,-5019
33,11221737,-4987
33,11604492,-4970
33,11993087,-4956
33,12366612,-4956
33,12726303,-4954
33,13099938,-4956
33,13495062,-4961
33,13893023,-4969
33,14266477,-4973
33,14667351,-4980
33,15078730,-4989
33,15450401,-4994
33,15809218,-4997
33,16201394,-5000
33,16565322,-5002
33,16930324,-5002
33,17305751,-5000
33,17681484,-5001
33,18053972,-4999
33,18441125,-4999
33,18830809,-4999
33,19222091,-4999
33,19586770,-4998
33,19977650,-4998
33,20350125,-4998
33,20724400,-4999
33,21119264,-4999
33,21492919,-4999
33,21847617,-4999
33,22242232,-4999
33,22603744,-4999
34,717342,-9
34,1119745,-437
34,1517790,-1069
34,1911487,-1525
34,2304682,-2398
34,2698769,-3317
34,3059680,-3784
34,3458361,-3661
34,3851376,-4112
34,4237946,-4303
34,4637697,-4097
34,5031725,-4275
34,5418156,-4625
34,5809793,-4619
34,6196471,-4848
34,6581702,-5015
34,6952483,-5034
34,7349633,-5162
34,7783316,-5166
34,8161362,-5190
34,8554171,-5184
34,8949551,-5168
34,9348352,-5135
34,9761105,-5112
34,10115263,-5071
34,10490961,-5038
34,10887506,-5002
34,11302305,-4978
34,11658913,-4961
34,12061941,-4953
34,12449656,-4950
34,12821746,-4951
34,13175920,-4954
34,13552449,-4961
34,13903301,-4966
34,14257042,-4972
34,14614049,-4979
34,14987608,-4987
34,15392695,-4994
34,15759683,-4997
34,16112407,-5002
34,16510995,-5002
34,16862291,-5002
34,17237388,-5002
34,17613682,-5002
34,17986933,-4999
34,18378687,-5000
34,18777296,-4999
34,19143538,-4998
34,19544619,-4998
34,19913793,-4999
34,20303109,-4997
34,20676869,-4997
34,21034910,-4999
34,21501318,-4999
34,21928447,-4999
34,22305383,-4999
34,22702468,-4999
34,23115926,-4999
35,731993,-9
35,1096680,-437
35,1547538,-1068
35,1911271,-1605
35,2305739,-2523
35,2703032,-3426
35,3076649,-3758
35,3476309,-3671
35,3845577,-4102
35,4207103,-4302
35,4599647,-4110
35,4972032,-4278
35,5368518,-4617
35,5743016,-4630
35,6133822,-4859
35,6554041,-5027
35,6949490,-5042
35,7348637,-5168
35,7744016,-5172
35,8138400,-5193
35,8511815,-5190
35,8868258,-5169
35,9262059,-5145
35,9618647,-5118
35,9987794,-5081
35,10345015,-5044
35,10697556,-5018
35,11051672,-4986
35,11428799,-4969
35,11821482,-4953
35,12187617,-4951
35,12579295,-4949
35,12972372,-4952
35,13369577,-4956
35,13767949,-4965
35,14168284,-4971
35,14536587,-4978
35,14907400,-4985
35,15285524,-4995
35,15679270,-4997
35,16033415,-5001
35,16411239,-5003
35,16784270,-5004
35,17169750,-5003
35,17557187,-5003
35,17946396,-5002
35,18337349,-5000
35,18702653,-5000
35,19093201,-4999
35,19451770,-4999
35,19844326,-4998
35,20222386,-4998
35,20595823,-4999
35,20979231,-4999
35,21369017,-4999
35,21758215,-5001
35,22117084,-5001
35,22489291,-5000
35,22842455,-5000
35,23207303,-5000
35,23595903,-5000
36,735826,-9
36,1130122,-353
36,1495628,-1001
36,1890039,-1522
36,2285751,-2264
36,2658937,-3184
36,3014412,-3781
36,3410670,-3657
36,3787561,-3955
36,4182193,-4328
36,4576899,-4125
36,4971800,-4179
36,5327481,-4582
36,5720570,-4626
36,6085874,-4729
36,6471564,-5001
36,6845354,-5014
36,7231744,-5125
36,7624183,-5178
36,8016740,-5176
36,8392627,-5199
36,8764707,-5173
36,9162010,-5155
36,9559620,-5121
36,9969339,-5091
36,10349067,-5044
36,10761920,-5020
36,11124755,-4985
36,11514165,-4969
36,11887245,-4951
36,12246940,-4950
36,12639042,-4948
36,13034727,-4952
36,13438155,-4955
36,13834514,-4964
36,14239021,-4970
36,14596158,-4977
36,14948406,-4984
36,15325077,-4994
36,15698925,-4996
36,16084424,-5001
36,16474716,-5003
36,16866323,-5003
36,17244018,-5002
36,17629949,-5001
36,18013062,-5000
36,18383556,-5000
36,18742809,-4999
36,19105670,-4998
36,19491962,-4998
36,19867513,-4997
36,20223440,-4996
36,20615454,-4997
36,20970355,-4997
36,21325130,-4997
36,21699657,-4998
36,22083740,-4999
36,22471585,-5000
36,22825188,-5000
36,23202190,-5000
37,738050,-7
37,1119044,-352
37,1476361,-1003
37,1889987,-1445
37,2243354,-2134
37,2599965,-3182
37,2993104,-3772
37,3379078,-3657
37,3767936,-3959
37,4140729,-4329
37,4495150,-4154
37,4891383,-4145
37,5264273,-4495
37,5624153,-4631
37,6040253,-4727
37,6434731,-4982
37,6814032,-5018
37,7208429,-5121
37,7621402,-5174
37,8014899,-5173
37,8378062,-5194
37,8764889,-5170
37,9161689,-5150
37,9559637,-5118
37,9954083,-5086
37,10360661,-5043
37,10744342,-5019
37,11097136,-4986
37,11474415,-4969
37,11869090,-4954
37,12221653,-4952
37,12597778,-4951
37,12992797,-4953
37,13356695,-4956
37,13742241,-4967
37,14118350,-4968
37,14475158,-4978
37,14869884,-4986
37,15242409,-4992
37,15600065,-4996
37,15994803,-5000
37,16382035,-5002
37,16745661,-5002
37,17148730,-5002
37,17561582,-5001
37,17957225,-4998
37,18379791,-4999
37,18768804,-4999
37,19138938,-4997
37,19496328,-4996
37,19891673,-4998
37,20264942,-4998
37,20622736,-4998
37,21036370,-4998
37,21435182,-5000
37,21810681,-5000
37,22205779,-4999
37,22620802,-5000
37,23014279,-5000
38,757546,-7
38,1141709,-435
38,1543523,-1066
38,1933847,-1520
38,2329516,-2393
38,2728947,-3438
38,3139355,-3792
38,3501637,-3688
38,3889978,-4120
38,4243401,-4337
38,4619541,-4115
38,5013929,-4223
38,5389054,-4580
38,5748067,-4620
38,6142099,-4757
38,6527403,-5001
38,6912204,-5004
38,7286232,-5122
38,7684937,-5157
38,8075313,-5167
38,8452067,-5181
38,8852795,-5160
38,9265178,-5142
38,9641929,-5113
38,10035915,-5073
38,10430525,-5041
38,10829186,-5009
38,11208730,-4985
38,11585335,-4970
38,11950704,-4956
38,12305136,-4956
38,12663280,-4952
38,13055978,-4956
38,13409500,-4958
38,13787346,-4968
38,14180728,-4971
38,14543102,-4980
38,14912348,-4986
38,15306509,-4995
38,15662469,-4996
38,16037220,-5001
38,16432295,-5001
38,16829936,-5002
38,17212977,-5002
38,17586023,-5001
38,17974504,-4999
38,18391026,-5000
38,18788255,-4999
38,19184149,-4998
38,19562097,-4998
38,19931621,-4998
38,20285514,-4997
38,20662026,-4998
38,21060644,-4999
38,21452980,-4999
38,21871760,-5001
38,22265568,-5000
38,22640728,-5001
38,23035317,-5000
38,23388404,-5000
38,23781617,-5000
38,24163127,-5000
38,24542453,-5000
38,24932419,-4999
38,25307727,-4999
38,25708218,-5000
38,26098283,-4999
38,26502620,-4999
38,26889363,-5000
38,27242217,-5000
38,27622614,-5000
38,28015296,-5000
38,28411052,-5000
39,738078,-8
39,1137992,-435
39,1538230,-1001
39,1907434,-1445
39,2263458,-2265
39,2683431,-3318
39,3076664,-3784
39,3514496,-3686
39,3888165,-4120
39,4262124,-4328
39,4617339,-4116
39,5011018,-4227
39,5376572,-4576
39,5769990,-4619
39,6158908,-4802
39,6576572,-5007
39,6975146,-5027
39,7398234,-5151
39,7784381,-5156
39,8180988,-5182
39,8578631,-5176
39,8957080,-5161
39,9325447,-5134
39,9727771,-5108
39,10139593,-5060
39,10536637,-5036
39,10906779,-5005
39,11260362,-4983
39,11629889,-4964
39,11995542,-4955
39,12399277,-4951
39,12764394,-4952
39,13160866,-4953
39,13557882,-4961
39,13927635,-4966
39,14282106,-4971
39,14640379,-4978
39,15011127,-4986
39,15377296,-4992
39,15762469,-4995
39,16115468,-4998
39,16493142,-5000
39,16886323,-5001
39,17260858,-4999
39,17615970,-4999
39,18010463,-4999
39,18399247,-4999
39,18786905,-4997
39,19181080,-4997
39,19578281,-4997
39,19955383,-4995
39,20324953,-4997
39,20743868,-4997
39,21135516,-4997
39,21493116,-4997
39,21868446,-4999
39,22263859,-4999
40,716759,1
40,1083140,-352
40,1479525,-1003
40,1894325,-1524
40,2312169,-2397
40,2728454,-3438
40,3131171,-3769
40,3539470,-3718
40,3936039,-4242
40,4333622,-4281
40,4731112,-4103
40,5131341,-4390
40,5515139,-4635
40,5871552,-4628
40,6246958,-4885
40,6641876,-5012
40,7036622,-5044
40,7416645,-5154
40,7788220,-5160
40,8186830,-5186
40,8580470,-5177
40,8971792,-5162
40,9353728,-5128
40,9766030,-5108
40,10150794,-5060
40,10538845,-5032
40,10933681,-4998
40,11332518,-4978
40,11729772,-4956
40,12130799,-4953
40,12493301,-4952
40,12899180,-4953
40,13291281,-4955
40,13659858,-4966
40,14016429,-4968
40,14395150,-4977
40,14788917,-4984
40,15187885,-4992
40,15560452,-4994
40,15952996,-4999
40,16331523,-5001
40,16729626,-5002
40,17149266,-5001
40,17540137,-5002
40,17931211,-5000
40,18289070,-4999
40,18685087,-4999
40,19099906,-4997
40,19496545,-4997
40,19868253,-4998
40,20244838,-4997
40,20619639,-4998
40,20992740,-4999
40,21400229,-4999
40,21769704,-5000
40,22169502,-5000
40,22558204,-5000
40,22931827,-5000
41,700454,-8
41,1081812,-436
41,1498998,-1069
41,1944863,-1604
41,2331119,-2525
41,2728426,-3544
41,3119209,-3765
41,3495796,-3708
41,3900867,-4239
41,4286439,-4280
41,4664946,-4103
41,5078198,-4340
41,5429838,-4635
41,5810748,-4635
41,6182421,-4858
41,6567872,-5022
41,6958396,-5036
41,7330770,-5161
41,7727696,-5167
41,8100006,-5184
41,8493845,-5183
41,8871543,-5162
41,9266184,-5137
41,9627298,-5112
41,9999873,-5071
41,10391137,-5037
41,10768584,-5006
41,11167138,-4978
41,11587603,-4958
41,11977659,-4950
41,12347507,-4950
41,12720499,-4950
41,13150256,-4952
41,13525504,-4964
41,13937884,-4967
41,14336023,-4974
41,14727484,-4982
41,15103397,-4991
41,15476671,-4994
41,15872923,-4999
41,16290112,-5001
41,16686439,-5003
41,17080707,-5002
41,17472968,-5002
41,17829692,-5000
41,18227416,-5000
41,18615228,-4999
41,18997156,-4997
41,19393325,-4997
41,19768958,-4998
41,20163289,-4998
41,20586596,-4998
41,20972925,-4998
41,21327709,-4999
41,21707095,-5000
41,22080654,-5000
41,22476692,-5000
41,22871845,-5000
42,765481,-9
42,1123068,-435
42,1527171,-1066
42,1936217,-1606
42,2333130,-2523
42,2747194,-3433
42,3099758,-3786
42,3487207,-3681
42,3873394,-4114
42,4224622,-4327
42,4602502,-4111
42,4994274,-4224
42,5348770,-4578
42,5727004,-4624
42,6120409,-4766
42,6486174,-5007
42,6878186,-5014
42,7244557,-5114
42,7603507,-5167
42,7997579,-5170
42,8371286,-5188
42,8729028,-5166
42,9100873,-5154
42,9487291,-5120
42,9874201,-5090
42,10265506,-5049
42,10622203,-5025
42,10995162,-4991
42,11348711,-4974
42,11728450,-4955
42,12101962,-4950
42,12528827,-4948
42,12896719,-4952
42,13299732,-4953
42,13709470,-4964
42,14101931,-4967
42,14506146,-4976
42,14893321,-4981
42,15246540,-4991
42,15602890,-4994
42,15996964,-4999
42,16373575,-5001
42,16789902,-5002
42,17186347,-4999
42,17606150,-5001
42,17998623,-5000
42,18394787,-5000
42,18790543,-4998
42,19188917,-4996
42,19603581,-4997
42,19998668,-4995
42,20393596,-4997
42,20770179,-4997
42,21166808,-4997
42,21542554,-4998
42,21936522,-5000
42,22310414,-4998
42,22713541,-5000
42,23081543,-4999
43,829222,-10
43,1236809,-520
43,1640271,-1068
43,2015111,-1610
43,2395300,-2398
43,2812041,-3436
43,3214346,-3764
43,3633860,-3709
43,4063534,-4227
43,4425467,-4265
43,4751167,-4098
43,5102731,-4265
43,5435282,-4561
43,5766799,-4615
43,6119570,-4686
43,6436097,-4950
43,6784121,-5017
43,7096206,-5047
43,7404162,-5166
43,7736159,-5183
43,8052101,-5184
43,8358301,-5213
43,8675177,-5198
43,8980669,-5181
43,9318603,-5160
43,9624506,-5132
43,9940328,-5110
43,10246582,-5069
43,10540774,-5043
43,10848713,-5017
43,11161528,-4988
43,11472423,-4973
43,11772470,-4954
43,12080900,-4948
43,12410814,-4948
43,12759987,-4946
43,13101273,-4949
43,13415373,-4949
43,13759951,-4961
43,14117026,-4964
43,14433645,-4971
43,14744399,-4976
43,15065641,-4984
43,15367629,-4993
43,15663405,-4994
43,15972401,-4999
43,16286647,-5000
43,16577746,-5002
43,16891695,-5004
43,17206807,-5002
43,17517991,-5002
43,17831647,-5002
43,18126112,-5001
43,18439775,-5000
43,18751716,-4998
43,19049765,-4998
43,19378106,-4998
43,19710683,-4998
43,20028959,-4996
43,20337898,-4997
43,20652407,-4999
43,20985805,-4999
43,21330275,-4999
43,21677338,-4999
43,21997472,-5000
43,22370796,-5000
43,22723949,-5000
43,23058914,-5000
43,23412151,-5000
44,724238,-6
44,1110935,-434
44,1522898,-1064
44,1942636,-1597
44,2337635,-2513
44,2732332,-3413
44,3109341,-3733
44,3503454,-3654
44,3879173,-4149
44,4318078,-4256
44,4753517,-4105
44,5154834,-4441
44,5546450,-4633
44,5945517,-4665
44,6347916,-4962
44,6735009,-5033
44,7110170,-5111
44,7501658,-5198
44,7875803,-5187
44,8236177,-5223
44,8626694,-5201
44,8992050,-5185
44,9381284,-5151
44,9775621,-5120
44,10172930,-5064
44,10564400,-5037
44,10970066,-4994
44,11338829,-4973
44,11719285,-4947
44,12110141,-4941
44,12501684,-4940
44,12874889,-4940
44,13230524,-4943
44,13604285,-4952
44,13972522,-4959
44,14358885,-4968
44,14729367,-4974
44,15085837,-4988
44,15480833,-4992
44,15876038,-4999
44,16252666,-5002
44,16626742,-5004
44,17040524,-5003
44,17398115,-5004
44,17793824,-5001
44,18174384,-5001
44,18564398,-5000
44,18992308,-4999
44,19399266,-4997
44,19793705,-4998
44,20188631,-4996
44,20584218,-4996
44,20990232,-4996
44,21377227,-4998
44,21750609,-4998
44,22106460,-4998
44,22500912,-4999
44,22875712,-5000
44,23231017,-4999
44,23626430,-4999
45,736938,-9
45,1139945,-437
45,1536141,-1063
45,1963013,-1596
45,2355223,-2511
45,2766571,-3525
45,3163187,-3744
45,3557866,-3695
45,3955763,-4223
45,4348177,-4240
45,4765361,-4110
45,5160710,-4394
45,5557516,-4640
45,5955659,-4669
45,6354109,-4964
45,6746764,-5029
45,7141714,-5102
45,7534598,-5191
45,7893734,-5180
45,8285468,-5213
45,8670370,-5191
45,9082846,-5173
45,9475647,-5135
45,9892412,-5103
45,10287120,-5056
45,10667503,-5026
45,11055669,-4988
45,11432538,-4967
45,11829245,-4947
45,12227265,-4945
45,12629712,-4940
45,13005201,-4946
45,13371380,-4949
45,13767095,-4959
45,14159000,-4964
45,14536712,-4973
45,14928027,-4981
45,15311580,-4991
45,15703993,-4996
45,16080888,-5000
45,16471375,-5001
45,16858988,-5003
45,17246605,-5002
45,17650124,-5001
45,18037633,-4999
45,18434015,-4999
45,18851987,-4999
45,19244528,-4995
45,19648522,-4996
45,20037412,-4996
45,20431971,-4996
45,20853118,-4996
45,21242641,-4998
45,21639923,-4998
45,22036667,-4997
45,22436312,-4999
45,22857905,-4999
45,23388568,-4998
46,716241,-8
46,1132138,-437
46,1547418,-1071
46,1937659,-1604
46,2331576,-2391
46,2726241,-3433
46,3132776,-3759
46,3518575,-3673
46,3890353,-4109
46,4246576,-4323
46,4598528,-4127
46,4973120,-4223
46,5373640,-4605
46,5766468,-4622
46,6149946,-4807
46,6542211,-5011
46,6937248,-5031
46,7331672,-5159
46,7724708,-5176
46,8112259,-5195
46,8495669,-5200
46,8850548,-5177
46,9271776,-5152
46,9661744,-5125
46,10039303,-5080
46,10438200,-5043
46,10829009,-5013
46,11210383,-4982
46,11617856,-4964
46,11971842,-4953
46,12352883,-4948
46,12743668,-4948
46,13109931,-4951
46,13519059,-4959
46,13910301,-4966
46,14270212,-4972
46,14652955,-4979
46,15036798,-4989
46,15391502,-4995
46,15764192,-4999
46,16128361,-5003
46,16522749,-5005
46,16891872,-5006
46,17246891,-5004
46,17664465,-5003
46,18058790,-5002
46,18452664,-5001
46,18826502,-4999
46,19190714,-4998
46,19563143,-4998
46,19960972,-4998
46,20372100,-4998
46,20768338,-4998
46,21150168,-5000
46,21536914,-5001
46,21910910,-5002
46,22270391,-5002
46,22664343,-5002
46,23039174,-5001
46,23455269,-5000
47,759609,-1
47,1120036,-277
47,1479061,-934
47,1870984,-1380
47,2268793,-2142
47,2663352,-3191
47,3058874,-3797
47,3457444,-3674
47,3829606,-3972
47,4194314,-4344
47,4581522,-4159
47,4952865,-4151
47,5309489,-4547
47,5705139,-4638
47,6077596,-4697
47,6435863,-4977
47,6850112,-5006
47,7213655,-5089
47,7602465,-5156
47,7974292,-5154
47,8348700,-5179
47,8726967,-5162
47,9119697,-5149
47,9496741,-5119
47,9871674,-5094
47,10270544,-5048
47,10662941,-5027
47,11057679,-4990
47,11436845,-4976
47,11829967,-4956
47,12213294,-4953
47,12579642,-4951
47,12931595,-4954
47,13311575,-4956
47,13705694,-4967
47,14101578,-4969
47,14476491,-4978
47,14873292,-4982
47,15270002,-4993
47,15648879,-4994
47,16015555,-5000
47,16373606,-5001
47,16765988,-5003
47,17122753,-5001
47,17519580,-5001
47,17917920,-5000
47,18309997,-5000
47,18704334,-5000
47,19078646,-4998
47,19435700,-4997
47,19829733,-4997
47,20215227,-4997
47,20600616,-4997
47,20974207,-4997
47,21331463,-4998
47,21728473,-4998
47,22120096,-4998
47,22498142,-5000
48,717879,-8
48,1077812,-438
48,1479822,-1007
48,1851022,-1532
48,2300955,-2542
48,2747891,-3560
48,3142490,-3759
48,3559512,-3778
48,3987156,-4297
48,4377809,-4211
48,4769640,-4113
48,5163888,-4429
48,5562259,-4619
48,5952180,-4679
48,6351182,-4931
48,6745520,-4995
48,7138495,-5068
48,7495852,-5152
48,7890821,-5155
48,8251466,-5180
48,8661183,-5167
48,9081501,-5148
48,9476422,-5122
48,9847515,-5097
48,10215414,-5053
48,10601059,-5030
48,10973118,-4996
48,11327852,-4978
48,11723403,-4958
48,12097477,-4956
48,12453950,-4951
48,12846908,-4955
48,13211240,-4955
48,13594080,-4964
48,13998217,-4969
48,14404440,-4977
48,14787261,-4981
48,15180227,-4993
48,15573698,-4995
48,15960475,-4999
48,16337151,-5001
48,16687775,-5004
48,17021933,-5001
48,17407169,-5001
48,17746377,-5001
48,18101904,-5001
48,18436807,-4999
48,18773004,-4999
48,19122279,-4999
48,19459268,-4998
48,19807653,-4998
48,20152659,-4998
48,20523659,-4998
48,20878864,-4998
48,21281084,-4998
48,21658242,-4999
48,22001852,-4999
48,22378193,-4999
48,22731502,-4999
48,23091089,-4999
48,23468730,-4999
49,716990,-8
49,1131208,-435
49,1540295,-1071
49,1954352,-1529
49,2309125,-2400
49,2704975,-3437
49,3130222,-3769
49,3518223,-3686
49,3890833,-4119
49,4246942,-4305
49,4640464,-4112
49,4995073,-4220
49,5371729,-4593
49,5765071,-4613
49,6148948,-4798
49,6536679,-4997
49,6890686,-5012
49,7248583,-5118
49,7642207,-5166
49,8055516,-5180
49,8460726,-5191
49,8847835,-5171
49,9226099,-5152
49,9619441,-5123
49,9973170,-5093
49,10350966,-5048
49,10744016,-5022
49,11108021,-4986
49,11495030,-4970
49,11868191,-4951
49,12227094,-4949
49,12623439,-4947
49,12995824,-4950
49,13394731,-4952
49,13766042,-4962
49,14131252,-4965
49,14523273,-4976
49,14890431,-4981
49,15248456,-4992
49,15640054,-4994
49,16016136,-4999
49,16415382,-5001
49,16787834,-5001
49,17184019,-5000
49,17561916,-5000
49,17963681,-5000
49,18377164,-4999
49,18765478,-4997
49,19150404,-4997
49,19542462,-4997
49,19913015,-4997
49,20311028,-4997
49,20686913,-4997
49,21081709,-4998
50,732677,-1
50,1096489,-355
50,1489298,-935
50,1875468,-1449
50,2266892,-2269
50,2679167,-3319
50,3077505,-3787
50,3491662,-3687
50,3887731,-4124
50,4282616,-4309
50,4654829,-4112
50,5033516,-4271
50,5431746,-4615
50,5830174,-4617
50,6218588,-4840
50,6591839,-5005
50,6969021,-5020
50,7323103,-5132
50,7695277,-5162
50,8099851,-5185
50,8492543,-5189
50,8875680,-5169
50,9264173,-5150
50,9636473,-5123
50,9992904,-5085
50,10407913,-5044
50,10802048,-5014
50,11196898,-4983
50,11571225,-4968
50,11947362,-4953
50,12341471,-4952
50,12695030,-4949
50,13077773,-4953
50,13471561,-4957
50,13874511,-4965
50,14263883,-4970
50,14634325,-4977
50,14992667,-4986
50,15363848,-4994
50,15718144,-4995
50,16073748,-5000
50,16469041,-5002
50,16851888,-5004
50,17238125,-5003
50,17613126,-5003
50,17967829,-5001
50,18320705,-5001
50,18696230,-4999
50,19099072,-4998
50,19492371,-4998
50,19872576,-4999
50,20282705,-4996
50,20679491,-4999
50,21096536,-5000
50,21500718,-5000
50,21873613,-5000
50,22260200,-5000
50,22612723,-5000
50,22989661,-5000
51,714512,-10
51,1099227,-355
51,1479065,-1005
51,1889431,-1453
51,2241800,-2149
51,2600442,-3197
51,2992982,-3788
51,3376624,-3681
51,3764810,-3982
51,4139099,-4342
51,4498408,-4160
51,4902196,-4181
51,5312682,-4570
51,5731424,-4620
51,6143982,-4795
51,6541001,-4997
51,6937514,-5020
51,7386862,-5140
51,7774535,-5151
51,8181872,-5176
51,8537887,-5169
51,8938816,-5157
51,9367736,-5126
51,9745020,-5104
51,10118113,-5063
51,10474409,-5034
51,10888347,-5002
51,11243805,-4980
51,11598142,-4965
51,11972407,-4952
51,12337615,-4951
51,12727325,-4950
51,13120704,-4953
51,13496624,-4960
51,13889975,-4966
51,14263661,-4971
51,14618721,-4978
51,14973756,-4986
51,15336625,-4993
51,15722514,-4997
51,16096542,-5000
51,16474396,-5002
51,16867416,-5002
51,17221826,-5001
51,17576531,-5001
51,17950034,-5000
51,18341110,-5000
51,18727030,-4997
51,19119183,-4997
51,19475425,-4997
51,19849600,-4996
51,20243617,-4996
51,20598983,-4998
51,20971280,-4998
51,21334956,-4998
51,21722489,-4998
51,22096428,-4998
51,22469795,-4998
52,711040,-7
52,1098188,-352
52,1488642,-1004
52,1905338,-1528
52,2284807,-2404
52,2699808,-3438
52,3098959,-3787
52,3490185,-3686
52,3876024,-4183
52,4266607,-4306
52,4633927,-4113
52,4988841,-4218
52,5363769,-4571
52,5719301,-4622
52,6074967,-4757
52,6469616,-4987
52,6832733,-5007
52,7198954,-5093
52,7571375,-5162
52,7971274,-5168
52,8364815,-5188
52,8715611,-5169
52,9075589,-5158
52,9447935,-5128
52,9833464,-5099
52,10241360,-5052
52,10615268,-5029
52,10990090,-4996
52,11341391,-4977
52,11695898,-4959
52,12071370,-4950
52,12466052,-4950
52,12831249,-4951
52,13218936,-4952
52,13591430,-4960
52,13947236,-4966
52,14319941,-4973
52,14716299,-4977
52,15077071,-4988
52,15449185,-4993
52,15855127,-4998
52,16261696,-5000
52,16612364,-5001
52,16970820,-5002
52,17342742,-5001
52,17696179,-5001
52,18073857,-5000
52,18445766,-4999
52,18831804,-4997
52,19219013,-4996
52,19587456,-4996
52,19953554,-4996
52,20345925,-4996
52,20732062,-4997
52,21121454,-4997
52,21490961,-4999
52,21900585,-5000
52,22261696,-4999
52,22654075,-5000
53,718538,1
53,1083104,-355
53,1504489,-1003
53,1897433,-1524
53,2310567,-2392
53,2730384,-3430
53,3123037,-3761
53,3539823,-3710
53,3936045,-4177
53,4329773,-4280
53,4708537,-4108
53,5082787,-4334
53,5483213,-4627
53,5851249,-4631
53,6247820,-4883
53,6646202,-5015
53,7041149,-5048
53,7437836,-5163
53,7828522,-5162
53,8183523,-5188
53,8538349,-5183
53,8933337,-5165
53,9307891,-5140
53,9684592,-5110
53,10079370,-5073
53,10445274,-5039
53,10809233,-5006
53,11203641,-4977
53,11559770,-4964
53,11932529,-4946
53,12286690,-4945
53,12647811,-4944
53,13040006,-4947
53,13438359,-4952
53,13830306,-4963
53,14230636,-4969
53,14644958,-4975
53,15036920,-4986
53,15421921,-4992
53,15807910,-4995
53,16164168,-4998
53,16543263,-5002
53,16935207,-5000
53,17330687,-5000
53,17731164,-4999
53,18119582,-4998
53,18499539,-4998
53,18891197,-4997
53,19286970,-4995
53,19666135,-4997
53,20057970,-4996
53,20433419,-4996
53,20829111,-4996
53,21183277,-4998
53,21560219,-4998
53,21954222,-4998
54,733481,-9
54,1140448,-437
54,1535439,-1070
54,1934852,-1526
54,2327570,-2402
54,2707015,-3437
54,3103079,-3782
54,3493921,-3676
54,3917988,-4173
54,4286432,-4293
54,4658748,-4094
54,5056573,-4322
54,5449302,-4617
54,5824819,-4629
54,6242260,-4888
54,6638144,-5022
54,7034912,-5057
54,7429434,-5164
54,7782493,-5172
54,8138271,-5195
54,8532533,-5188
54,8899076,-5170
54,9264388,-5144
54,9657275,-5116
54,10034498,-5074
54,10428492,-5039
54,10780686,-5012
54,11165047,-4979
54,11566699,-4963
54,11946158,-4947
54,12327479,-4947
54,12726796,-4946
54,13119753,-4949
54,13489755,-4956
54,13876806,-4963
54,14261318,-4970
54,14636720,-4978
54,14993162,-4987
54,15386322,-4993
54,15760819,-4996
54,16126066,-4999
54,16539963,-5002
54,16930937,-5002
54,17304849,-5002
54,17699174,-5000
54,18056178,-4999
54,18430151,-4999
54,18823546,-4998
54,19225219,-4997
54,19618080,-4996
54,20017735,-4997
54,20411338,-4997
54,20783939,-4997
54,21184092,-4998
54,21555070,-4998
54,21956947,-4998
54,22352557,-4998
54,22741883,-4999
55,735789,-9
55,1127582,-438
55,1537006,-1070
55,1952440,-1522
55,2307835,-2390
55,2701938,-3304
55,3075292,-3769
55,3481016,-3653
55,3850250,-4100
55,4246913,-4301
55,4661214,-4107
55,5057859,-4276
55,5431892,-4631
55,5829786,-4637
55,6251627,-4894
55,6644324,-5028
55,7017469,-5060
55,7413747,-5171
55,7786790,-5174
55,8195463,-5199
55,8557686,-5190
55,8953081,-5171
55,9354382,-5144
55,9744350,-5113
55,10150218,-5066
55,10535744,-5036
55,10908565,-5006
55,11266413,-4978
55,11668840,-4960
55,12055222,-4949
55,12430770,-4948
55,12805168,-4949
55,13167354,-4952
55,13554941,-4958
55,13907011,-4966
55,14289875,-4972
55,14680178,-4979
55,15069355,-4989
55,15484101,-4996
55,15894402,-4999
55,16292176,-5003
55,16701008,-5004
55,17084544,-5003
55,17500182,-5003
55,17890905,-5002
55,18289341,-5001
55,18684580,-5001
55,19099820,-4999
55,19515897,-4999
55,19889402,-4999
55,20289275,-4999
55,20681774,-4999
55,21076375,-4999
55,21457663,-4999
55,21851556,-5001
55,22264739,-5001
55,22660673,-5001
55,23034479,-5000
56,772976,-7
56,1154810,-354
56,1513159,-933
56,1862994,-1376
56,2243451,-2012
56,2591520,-2922
56,2950674,-3700
56,3301011,-3707
56,3649344,-3705
56,3961936,-4108
56,4281587,-4320
56,4629742,-4127
56,4981767,-4149
56,5300988,-4504
56,5648349,-4648
56,5960931,-4645
56,6273471,-4822
56,6586309,-5018
56,6929038,-5027
56,7277175,-5110
56,7586065,-5172
56,7897562,-5168
56,8233189,-5188
56,8569159,-5184
56,8877762,-5167
56,9234219,-5151
56,9548469,-5120
56,9897827,-5101
56,10218184,-5056
56,10592078,-5031
56,10934165,-5000
56,11285636,-4977
56,11635150,-4963
56,11966184,-4949
56,12297876,-4949
56,12613429,-4947
56,12927968,-4949
56,13279933,-4952
56,13643684,-4959
56,13989496,-4965
56,14367371,-4972
56,14739625,-4978
56,15095373,-4987
56,15449125,-4992
56,15781546,-4996
56,16148782,-4998
56,16468352,-5000
56,16825947,-5001
56,17178287,-5001
56,17533859,-5000
56,17883057,-4999
56,18259371,-4999
56,18630312,-4999
56,18969570,-4997
56,19324983,-4996
56,19679956,-4997
56,20035439,-4997
56,20388425,-4996
56,20712729,-4996
56,21024049,-4998
56,21361673,-4998
56,21679080,-4998
56,22073608,-4998
56,22464935,-4998
56,22813653,-4998
57,739628,-8
57,1107142,-438
57,1519360,-1073
57,1914739,-1612
57,2357335,-2529
57,2747396,-3436
57,3104561,-3769
57,3495834,-3682
57,3871453,-4110
57,4228850,-4304
57,4622256,-4111
57,4985872,-4223
57,5352559,-4609
57,5747227,-4629
57,6105380,-4772
57,6477088,-5011
57,6894402,-5025
57,7293023,-5147
57,7684620,-5165
57,8046088,-5177
57,8436692,-5183
57,8831261,-5164
57,9207810,-5140
57,9591443,-5113
57,9987870,-5076
57,10354627,-5038
57,10748677,-5010
57,11146091,-4977
57,11539741,-4965
57,11891472,-4948
57,12246997,-4950
57,12600668,-4949
57,12985276,-4952
57,13372809,-4954
57,13747652,-4965
57,14101228,-4968
57,14454215,-4976
57,14828922,-4983
57,15226802,-4994
57,15643326,-4995
57,16004852,-4999
57,16394030,-5001
57,16746642,-5002
57,17123486,-5000
57,17541718,-5001
57,17942260,-4999
57,18353515,-4999
57,18748022,-4998
57,19125502,-4998
57,19517340,-4998
57,19871552,-4997
57,20249981,-4997
57,20643235,-4997
57,21013031,-4999
57,21374765,-4999
57,21768843,-4999
57,22147864,-4999
58,735941,-7
58,1154122,-437
58,1536389,-1005
58,1889565,-1452
58,2268262,-2267
58,2660709,-3189
58,3035520,-3790
58,3439622,-3662
58,3806910,-4035
58,4204786,-4322
58,4605918,-4128
58,5013958,-4223
58,5416090,-4610
58,5786071,-4633
58,6210703,-4856
58,6605369,-5021
58,6974438,-5038
58,7373166,-5147
58,7766829,-5165
58,8164965,-5185
58,8561983,-5175
58,8973010,-5160
58,9391330,-5125
58,9788605,-5099
58,10204770,-5050
58,10609887,-5027
58,10975263,-4989
58,11371143,-4971
58,11765876,-4953
58,12161836,-4948
58,12558988,-4947
58,12950047,-4952
58,13331987,-4952
58,13728139,-4967
58,14129815,-4968
58,14498242,-4977
58,14889207,-4983
58,15266921,-4995
58,15659593,-4994
58,16014237,-5000
58,16390422,-5001
58,16786910,-5001
58,17171222,-5000
58,17555492,-4999
58,17915269,-4998
58,18285554,-4998
58,18683616,-4996
58,19112333,-4995
58,19476377,-4997
58,19870202,-4997
58,20267682,-4994
58,20660887,-4999
58,21036094,-4998
58,21417674,-4997
58,21808150,-4999
58,22207318,-4999
58,22576666,-4998
58,22972349,-4998
58,23351974,-4998
58,23745176,-4997
58,24127860,-4997
58,24517101,-4998
58,24891352,-4998
58,25289443,-4997
58,25665890,-4998
59,742430,-25
59,1142414,-523
59,1537060,-1073
59,1931367,-1607
59,2327070,-2529
59,2752777,-3548
59,3117205,-3775
59,3490506,-3693
59,3869583,-4193
59,4265647,-4290
59,4682514,-4104
59,5077627,-4333
59,5451361,-4646
59,5849868,-4637
59,6224075,-4889
59,6618358,-5014
59,7015843,-5033
59,7388806,-5149
59,7801891,-5150
59,8200307,-5172
59,8637084,-5156
59,9019484,-5145
59,9410697,-5111
59,9789366,-5093
59,10162450,-5045
59,10554251,-5023
59,10973357,-4986
59,11387532,-4972
59,11786441,-4955
59,12163138,-4952
59,12558733,-4951
59,12972685,-4955
59,13367233,-4955
59,13756761,-4967
59,14137838,-4969
59,14510337,-4978
59,14870534,-4984
59,15263229,-4993
59,15637554,-4994
59,16034182,-4999
59,16409481,-5000
59,16811211,-5001
59,17220043,-5001
59,17614582,-5000
59,17995495,-4998
59,18387426,-4998
59,18748290,-4997
59,19119862,-4995
59,19512466,-4995
59,19889932,-4997
59,20284254,-4996
59,20662871,-4996
59,21054391,-4998
59,21470101,-4998
59,21825384,-4998
59,22220653,-4998
59,22593452,-5000
59,22954706,-4999
60,713393,-9
60,1118731,-436
60,1535399,-1071
60,1930675,-1617
60,2371436,-2541
60,2742136,-3446
60,3138747,-3780
60,3532980,-3693
60,3896174,-4185
60,4285572,-4275
60,4680086,-4102
60,5060476,-4326
60,5455943,-4628
60,5877635,-4643
60,6265186,-4879
60,6638196,-5005
60,7035981,-5040
60,7429056,-5151
60,7804917,-5153
60,8219536,-5181
60,8597694,-5166
60,8993623,-5153
60,9387072,-5124
60,9760730,-5103
60,10132124,-5061
60,10492428,-5033
60,10898195,-4996
60,11288002,-4978
60,11655927,-4960
60,12033977,-4953
60,12427755,-4950
60,12781168,-4951
60,13137929,-4953
60,13530887,-4962
60,13922172,-4965
60,14290033,-4974
60,14679930,-4980
60,15079969,-4991
60,15492115,-4994
60,15878542,-4999
60,16265369,-5000
60,16657865,-5002
60,17035165,-5001
60,17449913,-5001
60,17809206,-4999
60,18182231,-4999
60,18580900,-4999
60,18971331,-4996
60,19366570,-4996
60,19739342,-4997
60,20097553,-4996
60,20472187,-4996
60,20874485,-4996
60,21294700,-4998
60,21683574,-4998
60,22053795,-4998
60,22454041,-4998
60,22875053,-4998
61,716861,-7
61,1145338,-436
61,1538999,-1066
61,1955488,-1603
61,2356843,-2523
61,2744832,-3423
61,3120745,-3758
61,3497666,-3677
61,3891483,-4172
61,4298227,-4275
61,4686252,-4108
61,5057006,-4278
61,5414060,-4636
61,5807845,-4638
61,6160905,-4819
61,6540125,-5025
61,6953530,-5030
61,7309964,-5146
61,7704414,-5167
61,8076222,-5176
61,8456882,-5178
61,8837861,-5161
61,9202389,-5135
61,9608349,-5107
61,9976071,-5071
61,10372847,-5032
61,10768387,-5006
61,11139285,-4978
61,11497153,-4964
61,11880005,-4948
61,12280982,-4948
61,12640846,-4945
61,12994366,-4951
61,13395148,-4953
61,13766382,-4962
61,14121566,-4968
61,14517792,-4975
61,14892116,-4983
61,15298941,-4989
61,15661922,-4994
61,16015814,-4998
61,16371071,-5000
61,16767348,-5001
61,17142876,-5000
61,17540135,-5000
61,17912413,-4998
61,18323107,-4998
61,18682424,-4997
61,19036871,-4996
61,19391813,-4995
61,19786088,-4995
61,20140012,-4995
61,20515729,-4996
61,20869975,-4996
61,21255625,-4997
61,21645688,-4997
61,22037733,-4997
61,22414737,-4997
62,737086,-7
62,1119268,-437
62,1539298,-1071
62,1932651,-1609
62,2329395,-2400
62,2707548,-3440
62,3100679,-3775
62,3515415,-3687
62,3891631,-4181
62,4295275,-4278
62,4685164,-4099
62,5055617,-4322
62,5452856,-4619
62,5847365,-4627
62,6252684,-4883
62,6640000,-5014
62,7034542,-5044
62,7411049,-5161
62,7826555,-5162
62,8224614,-5188
62,8600284,-5174
62,9008630,-5161
62,9372517,-5127
62,9764923,-5103
62,10161013,-5057
62,10558048,-5028
62,10952961,-4992
62,11348953,-4970
62,11764016,-4949
62,12157974,-4947
62,12534490,-4946
62,12931156,-4947
62,13308854,-4950
62,13700422,-4961
62,14064677,-4965
62,14455145,-4973
62,14830978,-4979
62,15205059,-4989
62,15599181,-4992
62,16014907,-4999
62,16413309,-5001
62,16785012,-5001
62,17181315,-4999
62,17556241,-5000
62,17949978,-4999
62,18323291,-4998
62,18758582,-4997
62,19140560,-4996
62,19558629,-4996
62,19957293,-4996
62,20373049,-4995
62,20763350,-4995
62,21149537,-4995
62,21539834,-4997
62,21908529,-4997
62,22273059,-4997
63,747252,-8
63,1230878,-610
63,1769565,-1316
63,2252585,-2272
63,2793817,-3637
63,3313278,-3675
63,3795554,-4037
63,4343832,-4237
63,4797214,-4092
63,5204556,-4430
63,5689152,-4615
63,6212236,-4842
63,6746245,-5012
63,7232664,-5120
63,7753925,-5167
63,8178476,-5193
63,8647341,-5178
63,9101333,-5164
63,9495975,-5128
63,9986038,-5084
63,10507363,-5036
63,11026398,-4988
63,11546027,-4961
63,12085841,-4946
63,12588389,-4941
63,13034943,-4946
63,13439952,-4949
63,13828154,-4958
63,14242895,-4963
63,14633064,-4974
63,15011666,-4981
63,15404390,-4989
63,15781380,-4994
63,16176567,-4998
63,16551343,-4999
63,16926669,-4999
63,17320791,-4999
63,17672600,-4999
63,18081945,-4998
63,18448090,-4998
63,18865326,-4996
63,19282531,-4994
63,19681813,-4995
63,20081916,-4995
63,20446217,-4994
63,20801370,-4994
64,719383,0
64,1100073,-355
64,1503993,-1007
64,1893841,-1529
64,2316041,-2402
64,2707969,-3440
64,3099942,-3786
64,3505522,-3682
64,3893705,-4176
64,4311471,-4275
64,4705457,-4095
64,5101507,-4383
64,5525500,-4636
64,5912731,-4643
64,6306153,-4884
64,6662602,-5014
64,7055098,-5048
64,7411037,-5159
64,7766511,-5166
64,8136864,-5185
64,8506089,-5186
64,8893297,-5169
64,9264226,-5152
64,9627629,-5118
64,10059356,-5078
64,10462066,-5039
64,10873339,-5004
64,11241911,-4979
64,11620408,-4960
64,12013734,-4948
64,12366001,-4949
64,12742986,-4946
64,13117663,-4950
64,13523400,-4958
64,13908966,-4964
64,14261817,-4970
64,14641537,-4978
64,15056922,-4987
64,15451741,-4995
64,15855003,-4999
64,16243052,-5002
64,16627912,-5003
64,17015120,-5004
64,17409866,-5003
64,17767966,-5001
64,18162162,-5001
64,18546089,-5000
64,18931216,-4999
64,19307309,-4997
64,19663957,-4997
64,20089393,-4997
64,20584543,-4998
64,21023687,-4998
64,21586270,-4999
64,22077050,-5001
64,22546348,-5000
64,22986394,-5000
65,731642,-9
65,1095135,-355
65,1446422,-938
65,1819724,-1454
65,2226372,-2270
65,2616499,-3188
65,3010847,-3790
65,3389668,-3665
65,3760012,-3961
65,4115421,-4329
65,4468353,-4182
65,4840277,-4122
65,5204123,-4501
65,5591072,-4648
65,5949162,-4673
65,6324944,-4955
65,6718722,-5016
65,7073373,-5063
65,7447835,-5164
65,7822206,-5162
65,8230292,-5189
65,8613189,-5173
65,8985747,-5163
65,9346788,-5129
65,9739241,-5108
65,10115250,-5067
65,10470942,-5034
65,10861322,-5005
65,11225609,-4981
65,11614289,-4963
65,11985602,-4951
65,12367203,-4953
65,12759097,-4951
65,13111430,-4955
65,13490323,-4960
65,13842141,-4969
65,14223781,-4973
65,14615138,-4982
65,14967399,-4988
65,15345432,-4996
65,15741080,-4999
65,16112966,-5002
65,16471185,-5003
65,16864907,-5003
65,17228198,-5002
65,17618575,-5002
65,18011422,-5000
65,18367292,-5000
65,18762757,-4999
65,19154610,-4998
65,19529965,-4998
65,19888392,-4998
65,20284987,-4998
65,20658132,-4998
65,21012525,-4999
65,21409005,-4999
65,21785697,-5000
65,22179574,-5000
65,22552734,-5000
66,725474,-24
66,1116344,-524
66,1529094,-1139
66,1946089,-1705
66,2344465,-2671
66,2758823,-3645
66,3156573,-3724
66,3570931,-3821
66,3989843,-4311
66,4384236,-4208
66,4809630,-4134
66,5196603,-4489
66,5568577,-4637
66,5924331,-4690
66,6320158,-4949
66,6715118,-5012
66,7113758,-5094
66,7506976,-5165
66,7862238,-5162
66,8236059,-5190
66,8588387,-5172
66,8944925,-5159
66,9340156,-5129
66,9713268,-5106
66,10070980,-5059
66,10465444,-5033
66,10850401,-4998
66,11261500,-4973
66,11660358,-4955
66,12071257,-4949
66,12467063,-4947
66,12850438,-4951
66,13238839,-4951
66,13612280,-4962
66,14007971,-4966
66,14359845,-4973
66,14715561,-4980
66,15092357,-4990
66,15488720,-4995
66,15876360,-4998
66,16259776,-5002
66,16638934,-5003
66,17035982,-5002
66,17444934,-5002
66,17853039,-5000
66,18217031,-5000
66,18613129,-4998
66,18989511,-4997
66,19381671,-4997
66,19736405,-4997
66,20112276,-4996
66,20506301,-4996
66,20862771,-4996
66,21235797,-4998
66,21587096,-4998
66,21951863,-4998
66,22341822,-5000
66,22713944,-5001
66,23073073,-4999
67,899965,-7
67,1307052,-439
67,1723082,-1078
67,2116169,-1617
67,2493906,-2407
67,2877774,-3444
67,3274714,-3790
67,3645481,-3681
67,4018235,-4033
67,4362427,-4316
67,4717741,-4143
67,5055480,-4131
67,5417434,-4483
67,5775783,-4634
67,6117638,-4660
67,6462568,-4882
67,6776053,-5012
67,7088995,-5014
67,7401236,-5099
67,7714874,-5170
67,8075737,-5165
67,8409122,-5196
67,8821663,-5176
67,9210651,-5167
67,9573060,-5134
67,9926168,-5110
67,10277755,-5070
67,10625932,-5039
67,10973681,-5010
67,11342219,-4981
67,11694215,-4968
67,12043771,-4952
67,12365073,-4949
67,12719215,-4949
67,13080688,-4951
67,13427820,-4951
67,13824439,-4962
67,14185381,-4967
67,14535406,-4973
67,14865130,-4978
67,15211803,-4988
67,15554570,-4994
67,15902710,-4996
67,16238394,-5001
67,16575890,-5002
67,16904083,-5003
67,17248516,-5002
67,17600672,-5002
67,17950455,-5002
67,18307459,-5000
67,18664078,-4999
67,19018535,-4997
67,19370535,-4997
67,19705913,-4997
67,20038402,-4996
67,20374256,-4995
67,20726258,-4997
67,21058921,-4997
67,21430776,-4998
67,21787108,-4999
67,22146410,-4999
67,22498096,-5000
67,22893203,-5001
67,23225426,-4999
67,23592136,-4999
68,737644,-8
68,1096034,-439
68,1511392,-1076
68,1907453,-1611
68,2301963,-2398
68,2722441,-3435
68,3096370,-3761
68,3488928,-3674
68,3867187,-4174
68,4261802,-4296
68,4660248,-4098
68,5035240,-4270
68,5408958,-4628
68,5803120,-4639
68,6196380,-4852
68,6585054,-5022
68,6974049,-5036
68,7345466,-5158
68,7743722,-5165
68,8117127,-5184
68,8511204,-5176
68,8910933,-5161
68,9283872,-5135
68,9665886,-5105
68,10055360,-5060
68,10449530,-5032
68,10825178,-4998
68,11220551,-4973
68,11605941,-4956
68,11992540,-4946
68,12365023,-4944
68,12761847,-4947
68,13169080,-4950
68,13537839,-4957
68,13950193,-4963
68,14346009,-4971
68,14721529,-4976
68,15116737,-4987
68,15508674,-4991
68,15885345,-4999
68,16281343,-4999
68,16662410,-5001
68,17055169,-5000
68,17467781,-5000
68,17824081,-4998
68,18196599,-4998
68,18603657,-4995
68,19013737,-4995
68,19407997,-4995
68,19788687,-4995
68,20178656,-4994
68,20605794,-4995
68,20968277,-4996
68,21324195,-4996
68,21720874,-4997
68,22113883,-4999
69,717818,-9
69,1119517,-355
69,1479004,-1011
69,1902389,-1532
69,2323569,-2403
69,2709394,-3446
69,3099599,-3796
69,3506291,-3687
69,3877097,-4119
69,4276450,-4306
69,4665464,-4091
69,5076148,-4313
69,5462806,-4611
69,5827535,-4609
69,6187239,-4791
69,6559811,-5005
69,6956930,-5023
69,7349065,-5141
69,7724732,-5162
69,8118258,-5182
69,8474077,-5191
69,8848667,-5169
69,9259700,-5152
69,9624595,-5119
69,10015974,-5085
69,10393882,-5041
69,10788818,-5010
69,11181953,-4978
69,11559559,-4962
69,11954179,-4948
69,12351288,-4947
69,12745202,-4945
69,13141006,-4949
69,13517385,-4953
69,13913243,-4963
69,14324007,-4969
69,14689321,-4976
69,15084654,-4987
69,15497408,-4992
69,15870729,-4997
69,16273703,-4999
69,16664392,-5002
69,17059294,-4999
69,17437671,-5000
69,17810951,-5001
69,18206511,-4999
69,18578170,-4997
69,18972402,-4997
69,19349567,-4997
69,19743295,-4996
69,20098563,-4996
69,20480049,-4996
69,20872487,-4996
69,21278508,-4996
69,21663856,-4996
69,22058715,-4997
69,22455565,-4997
70,717441,-1
70,1099582,-355
70,1493964,-1007
70,1890528,-1529
70,2289707,-2399
70,2705033,-3441
70,3119726,-3776
70,3514256,-3686
70,3931174,-4243
70,4347498,-4249
70,4744310,-4091
70,5139718,-4377
70,5516889,-4633
70,5887724,-4636
70,6288835,-4915
70,6702341,-5011
70,7099736,-5056
70,7513769,-5168
70,7917841,-5162
70,8284595,-5193
70,8703365,-5171
70,9097463,-5159
70,9492894,-5126
70,9868146,-5095
70,10263113,-5051
70,10640534,-5026
70,11038288,-4983
70,11450072,-4972
70,11827183,-4949
70,12220820,-4948
70,12586092,-4945
70,12974226,-4949
70,13344728,-4950
70,13703128,-4960
70,14095103,-4963
70,14470900,-4974
70,14834403,-4978
70,15214939,-4990
70,15608537,-4992
70,15974317,-4999
70,16368390,-5000
70,16767272,-5002
70,17143528,-5000
70,17536699,-5000
70,17909269,-4999
70,18305661,-4998
70,18703228,-4997
70,19095570,-4996
70,19451735,-4995
70,19849573,-4995
70,20220492,-4995
70,20605616,-4996
70,20994273,-4996
70,21388004,-4998
70,21744125,-4998
70,22119133,-4998
70,22511916,-4998
71,712642,1
71,1080633,-355
71,1474385,-1014
71,1890298,-1536
71,2307046,-2411
71,2701671,-3334
71,3097352,-3805
71,3492939,-3694
71,3888425,-4192
71,4307312,-4282
71,4699777,-4090
71,5055815,-4255
71,5455372,-4611
71,5829980,-4609
71,6202131,-4824
71,6600970,-4996
71,6991087,-5013
71,7370062,-5140
71,7763504,-5153
71,8170601,-5178
71,8532786,-5179
71,8886144,-5166
71,9270215,-5142
71,9682402,-5117
71,10079751,-5079
71,10460525,-5042
71,10848191,-5008
71,11265529,-4982
71,11657657,-4964
71,12011380,-4952
71,12369062,-4951
71,12762493,-4949
71,13147795,-4952
71,13537757,-4958
71,13929831,-4964
71,14286198,-4972
71,14681301,-4977
71,15054675,-4987
71,15409094,-4993
71,15774876,-4997
71,16168524,-5001
71,16557234,-5002
71,16949431,-5002
71,17307362,-5002
71,17699819,-5002
71,18052986,-5000
71,18409323,-5000
71,18784957,-4999
71,19181475,-4996
71,19553731,-4997
71,19908647,-4998
71,20267831,-4996
71,20681606,-4997
71,21078482,-4998
71,21473901,-4998
71,21868829,-4998
71,22265305,-4998
71,22658166,-4998
71,23032621,-4998
71,23389885,-4998
72,737060,-8
72,1142935,-440
72,1545082,-1010
72,1925559,-1535
72,2311843,-2405
72,2705394,-3330
72,3109765,-3808
72,3499530,-3705
72,3910949,-4139
72,4275033,-4330
72,4700090,-4109
72,5098541,-4330
72,5499092,-4642
72,5897344,-4637
72,6313694,-4903
72,6705532,-4991
72,7112984,-5029
72,7475415,-5130
72,7848649,-5135
72,8204424,-5163
72,8619280,-5157
72,8971719,-5148
72,9328194,-5126
72,9681183,-5105
72,10095799,-5068
72,10453752,-5037
72,10916396,-5001
72,11333586,-4979
72,11723545,-4962
72,12108141,-4956
72,12495558,-4951
72,12848959,-4953
72,13203195,-4955
72,13579014,-4962
72,13973263,-4967
72,14332253,-4972
72,14705725,-4980
72,15109855,-4987
72,15507491,-4994
72,15870495,-4998
72,16247039,-5000
72,16640884,-5003
72,17015013,-5003
72,17412127,-5002
72,17827376,-5001
72,18185953,-5000
72,18598397,-4999
72,18951860,-4999
72,19308562,-4996
72,19722795,-4996
72,20087248,-4997
72,20496527,-4997
72,20891547,-4998
72,21258146,-4999
72,21622596,-4999
72,22014735,-4999
72,22397164,-4999
72,22790324,-5000
72,23205349,-5000
73,708793,-8
73,1115021,-439
73,1509205,-1083
73,1908560,-1549
73,2335971,-2563
73,2740390,-3582
73,3134643,-3816
73,3531697,-3757
73,3949352,-4273
73,4349338,-4263
73,4737869,-4094
73,5132365,-4375
73,5527703,-4630
73,5900584,-4620
73,6278568,-4879
73,6674546,-4968
73,7053602,-5007
73,7444239,-5108
73,7798895,-5117
73,8176058,-5149
73,8567843,-5144
73,8945113,-5140
73,9347190,-5113
73,9758947,-5094
73,10155123,-5057
73,10528987,-5033
73,10925441,-5001
73,11324461,-4986
73,11698665,-4965
73,12093875,-4960
73,12486674,-4954
73,12861129,-4958
73,13237154,-4959
73,13631127,-4966
73,14020224,-4968
73,14406487,-4976
73,14779041,-4980
73,15176816,-4989
73,15558153,-4992
73,15946928,-4996
73,16342917,-4999
73,16735181,-5001
73,17134852,-4999
73,17547679,-4999
73,17901197,-4998
73,18259136,-4998
73,18652494,-4996
73,19035602,-4995
73,19426214,-4995
73,19799406,-4995
73,20196688,-4994
73,20590155,-4994
73,20993212,-4995
73,21383929,-4996
73,21779299,-4996
73,22155066,-4996
74,738422,-8
74,1118878,-355
74,1493903,-1012
74,1908563,-1465
74,2262069,-2160
74,2618379,-3205
74,3011816,-3796
74,3378283,-3682
74,3764444,-3970
74,4159713,-4331
74,4517101,-4135
74,4909461,-4119
74,5265340,-4466
74,5638410,-4608
74,6033432,-4668
74,6408952,-4929
74,6761572,-5001
74,7116981,-5055
74,7494835,-5167
74,7886711,-5165
74,8240924,-5197
74,8600988,-5192
74,8972073,-5175
74,9381218,-5149
74,9744144,-5118
74,10139078,-5071
74,10535722,-5042
74,10906893,-5008
74,11260937,-4982
74,11621202,-4965
74,12012567,-4948
74,12397521,-4948
74,12764097,-4945
74,13116008,-4949
74,13470064,-4952
74,13845931,-4962
74,14261552,-4968
74,14641166,-4976
74,15011342,-4985
74,15377869,-4993
74,15770895,-4995
74,16150430,-5001
74,16543015,-5001
74,16912602,-5002
74,17307274,-5002
74,17724965,-5000
74,18140396,-5000
74,18537687,-5000
74,18911418,-4996
74,19304466,-4996
74,19706766,-4996
74,20096829,-4996
74,20494997,-4996
74,20888655,-4996
74,21242420,-4997
74,21600061,-4998
74,21971933,-4998
74,22356653,-4998
74,22726645,-4999
75,718807,-7
75,1099019,-356
75,1497351,-1009
75,1890699,-1524
75,2285060,-2264
75,2644870,-3189
75,3014843,-3793
75,3408774,-3664
75,3829600,-4120
75,4223661,-4335
75,4600083,-4106
75,4995035,-4209
75,5389264,-4605
75,5786235,-4615
75,6181868,-4832
75,6601181,-5009
75,6997410,-5032
75,7391231,-5155
75,7787501,-5161
75,8184032,-5193
75,8580151,-5188
75,8952223,-5172
75,9347732,-5148
75,9722856,-5118
75,10121022,-5073
75,10517520,-5042
75,10894785,-5005
75,11284888,-4979
75,11663171,-4961
75,12056614,-4949
75,12442849,-4948
75,12828541,-4947
75,13201365,-4950
75,13558474,-4956
75,13952038,-4963
75,14305045,-4970
75,14681503,-4977
75,15075264,-4986
75,15439461,-4992
75,15829080,-4997
75,16228389,-5000
75,16626115,-5001
75,16996150,-5001
75,17390225,-5000
75,17791659,-4999
75,18183111,-4999
75,18558364,-4999
75,18932520,-4996
75,19327696,-4996
75,19705804,-4996
75,20099231,-4996
75,20496266,-4996
75,20890067,-4996
76,695585,-7
76,1097549,-439
76,1492941,-1010
76,1849377,-1532
76,2263978,-2277
76,2640085,-3327
76,3034276,-3808
76,3388673,-3680
76,3746685,-4056
76,4161385,-4341
76,4559652,-4126
76,4930153,-4204
76,5324913,-4564
76,5702873,-4611
76,6097041,-4778
76,6492649,-4986
76,6870461,-5000
76,7264809,-5112
76,7639876,-5154
76,8035164,-5167
76,8430004,-5182
76,8806469,-5167
76,9221328,-5149
76,9588072,-5121
76,9955242,-5088
76,10349000,-5045
76,10745159,-5022
76,11139521,-4984
76,11535999,-4968
76,11935995,-4952
76,12347885,-4950
76,12746025,-4947
76,13138075,-4951
76,13516535,-4956
76,13913901,-4964
76,14284861,-4970
76,14686827,-4976
76,15077061,-4988
76,15470593,-4992
76,15829941,-4999
76,16222344,-4999
76,16607393,-5003
76,16999461,-5002
76,17367912,-5001
76,17765040,-5000
76,18160166,-5001
76,18539199,-4999
76,18909828,-4998
76,19311271,-4998
76,19702066,-4998
76,20086925,-4995
76,20472286,-4997
76,20851627,-4997
76,21244015,-4997
76,21653473,-4997
76,22013078,-4998
76,22369010,-4998
77,733277,-8
77,1096671,-440
77,1509644,-1014
77,1892024,-1542
77,2283926,-2418
77,2682079,-3463
77,3074770,-3821
77,3446798,-3715
77,3852422,-4145
77,4241567,-4326
77,4614875,-4109
77,4990622,-4254
77,5385517,-4606
77,5779699,-4603
77,6181755,-4807
77,6571730,-4975
77,6948335,-4995
77,7342110,-5107
77,7696401,-5136
77,8072802,-5162
77,8445603,-5171
77,8828894,-5160
77,9217401,-5141
77,9591178,-5119
77,9949232,-5085
77,10345395,-5051
77,10717776,-5023
77,11137940,-4991
77,11532208,-4972
77,11933826,-4960
77,12321718,-4955
77,12698689,-4954
77,13095149,-4956
77,13488865,-4960
77,13852569,-4967
77,14240012,-4973
77,14613736,-4978
77,14969268,-4988
77,15363007,-4993
77,15717027,-4997
77,16094383,-4999
77,16489066,-5003
77,16873340,-5002
77,17259044,-5001
77,17612282,-5001
77,17990729,-4999
77,18403935,-5000
77,18779373,-4999
77,19156670,-4997
77,19529892,-4997
77,19883993,-4997
77,20280651,-4997
77,20633004,-4996
77,21017804,-4997
77,21407950,-4997
77,21797568,-4998
77,22202200,-4998
77,22592999,-4998
78,717649,-8
78,1104401,-355
78,1477064,-1018
78,1892380,-1544
78,2290189,-2421
78,2684753,-3344
78,3056297,-3826
78,3413749,-3696
78,3789626,-4067
78,4197767,-4357
78,4556118,-4152
78,4913073,-4158
78,5314017,-4560
78,5705316,-4611
78,6099308,-4732
78,6496387,-4972
78,6891053,-4979
78,7249054,-5078
78,7620423,-5136
78,8016308,-5147
78,8397747,-5169
78,8815667,-5154
78,9233663,-5136
78,9620861,-5109
78,10019196,-5080
78,10416775,-5042
78,10786727,-5013
78,11197844,-4987
78,11558011,-4969
78,11953173,-4958
78,12329051,-4953
78,12722368,-4951
78,13100308,-4953
78,13498088,-4957
78,13890893,-4965
78,14289749,-4970
78,14682603,-4977
78,15080628,-4986
78,15476710,-4989
78,15868407,-4998
78,16267328,-4998
78,16663202,-5001
78,17036264,-5001
78,17392515,-5000
78,17765085,-4999
78,18130047,-4999
78,18517955,-4998
78,18911006,-4997
78,19309189,-4995
78,19706446,-4995
78,20097480,-4995
78,20516487,-4995
78,20909888,-4995
79,714953,-8
79,1098929,-440
79,1512180,-1088
79,1908367,-1547
79,2301941,-2418
79,2678836,-3341
79,3054952,-3813
79,3469277,-3687
79,3833068,-4133
79,4221462,-4316
79,4629832,-4108
79,4992466,-4205
79,5386256,-4594
79,5763028,-4611
79,6155898,-4773
79,6529855,-4971
79,6888657,-4989
79,7281812,-5094
79,7665933,-5132
79,8052234,-5154
79,8426361,-5167
79,8782966,-5154
79,9196752,-5138
79,9550933,-5114
79,9907044,-5084
79,10301366,-5048
79,10691936,-5022
79,11074271,-4990
79,11445615,-4978
79,11804672,-4958
79,12197794,-4955
79,12571422,-4951
79,12927349,-4953
79,13281184,-4953
79,13643998,-4962
79,14030377,-4964
79,14404009,-4973
79,14764160,-4976
79,15135182,-4987
79,15486814,-4990
79,15867644,-4996
79,16263351,-4997
79,16667974,-5001
79,17033156,-4999
79,17428057,-5000
79,17807225,-4998
79,18198017,-4998
79,18550287,-4998
79,18907805,-4997
79,19304191,-4995
79,19700191,-4995
79,20093154,-4995
79,20453220,-4995
79,20840906,-4995
79,21240890,-4996
79,21645681,-4997
79,22032200,-4997
79,22404861,-4997
80,713843,-9
80,1084055,-441
80,1495940,-1084
80,1887306,-1544
80,2264818,-2421
80,2660007,-3465
80,3082636,-3801
80,3470200,-3708
80,3844855,-4134
80,4203948,-4319
80,4594905,-4108
80,4967454,-4199
80,5331061,-4589
80,5744531,-4600
80,6141000,-4806
80,6534183,-4976
80,6914025,-4998
80,7307954,-5112
80,7702272,-5142
80,8086428,-5165
80,8450198,-5174
80,8847369,-5165
80,9222110,-5143
80,9615794,-5120
80,9969558,-5088
80,10349230,-5050
80,10763080,-5025
80,11127035,-4991
80,11515950,-4975
80,11887913,-4960
80,12263068,-4954
80,12657799,-4950
80,13011655,-4955
80,13367336,-4957
80,13761319,-4965
80,14124282,-4967
80,14489240,-4977
80,14842573,-4981
80,15202009,-4991
80,15594375,-4994
80,15968699,-5000
80,16326402,-5000
80,16701825,-5002
80,17108647,-5002
80,17473321,-5002
80,17866575,-4999
80,18222311,-4999
80,18617028,-4999
80,18991442,-4998
80,19368466,-4996
80,19764322,-4998
80,20160840,-4997
80,20553233,-4997
80,20943258,-4997
80,21317926,-4998
80,21699679,-4999
80,22083358,-4999
80,22473969,-4999
80,22866797,-4999
81,672981,-1
81,1032135,-278
81,1392446,-862
81,1740646,-1325
81,2095570,-1916
81,2472032,-2806
81,2822828,-3656
81,3193389,-3766
81,3560691,-3778
81,3933898,-4262
81,4312697,-4294
81,4662305,-4097
81,5043405,-4322
81,5442401,-4623
81,5792774,-4617
81,6196468,-4826
81,6569329,-4992
81,6920226,-4999
81,7294524,-5119
81,7689618,-5146
81,8054640,-5161
81,8428279,-5173
81,8821599,-5160
81,9185438,-5137
81,9576529,-5115
81,9967656,-5084
81,10323037,-5045
81,10718383,-5015
81,11112202,-4986
81,11490816,-4969
81,11885031,-4958
81,12265897,-4951
81,12659941,-4950
81,13070012,-4953
81,13426511,-4958
81,13800357,-4964
81,14205273,-4972
81,14591558,-4978
81,14966315,-4985
81,15327087,-4991
81,15698381,-4996
81,16094554,-4999
81,16512259,-5002
81,16912073,-5001
81,17324522,-5000
81,17717516,-4999
81,18092499,-4999
81,18449043,-4998
81,18842555,-4997
81,19229280,-4996
81,19615456,-4996
81,19988388,-4995
81,20345629,-4996
81,20740487,-4996
81,21113393,-4997
81,21478082,-4997
81,21842435,-4998
81,22206908,-4998
82,736816,-9
82,1138674,-439
82,1544124,-1014
82,1910866,-1542
82,2304083,-2417
82,2701691,-3347
82,3078453,-3822
82,3468642,-3691
82,3887400,-4135
82,4281227,-4323
82,4679337,-4092
82,5074722,-4255
82,5426518,-4605
82,5802689,-4622
82,6177854,-4776
82,6559716,-4986
82,6947738,-4985
82,7324484,-5085
82,7680877,-5131
82,8093589,-5146
82,8448629,-5157
82,8808642,-5145
82,9181186,-5128
82,9577028,-5102
82,9975048,-5075
82,10366203,-5036
82,10742972,-5015
82,11116849,-4985
82,11524731,-4972
82,11887278,-4955
82,12283266,-4955
82,12679861,-4952
82,13074519,-4954
82,13429383,-4959
82,13825028,-4966
82,14225832,-4971
82,14620046,-4978
82,14991602,-4986
82,15385612,-4990
82,15763402,-4996
82,16134912,-4998
82,16500088,-5001
82,16891202,-5001
82,17282477,-5000
82,17660044,-4999
82,18033460,-4998
82,18426349,-4997
82,18785937,-4995
82,19179279,-4994
82,19577177,-4995
82,19973942,-4995
82,20387026,-4996
82,20786036,-4996
82,21180026,-4998
82,21577091,-4998
82,21973402,-4998
82,22396102,-4998
83,734719,-8
83,1141679,-439
83,1533974,-1014
83,1912865,-1537
83,2305333,-2276
83,2658140,-3202
83,3035926,-3807
83,3439985,-3671
83,3878336,-4121
83,4292532,-4314
83,4654813,-4101
83,5009883,-4201
83,5358294,-4571
83,5728551,-4618
83,6127814,-4742
83,6474407,-4980
83,6834008,-5002
83,7188020,-5076
83,7537199,-5154
83,7872217,-5156
83,8222200,-5180
83,8560400,-5177
83,8896646,-5165
83,9247257,-5144
83,9604358,-5117
83,9999008,-5082
83,10379533,-5046
83,10729886,-5020
83,11105831,-4988
83,11505139,-4972
83,11860924,-4954
83,12234531,-4954
83,12622977,-4951
83,12979446,-4953
83,13352961,-4954
83,13696973,-4963
83,14071830,-4966
83,14424848,-4974
83,14795019,-4981
83,15179978,-4989
83,15554001,-4993
83,15932055,-4999
83,16325036,-4999
83,16679673,-5001
83,17055138,-5001
83,17409868,-5001
83,17773756,-4999
83,18161033,-4999
83,18533738,-4997
83,18892975,-4997
83,19284200,-4994
83,19638288,-4995
83,20017279,-4995
83,20433473,-4996
83,20830129,-4996
83,21206814,-4997
83,21601264,-4997
83,22027326,-4997
83,22412064,-4998
83,22794883,-4999
83,23183710,-4999
83,23555773,-4999
83,23911859,-4998
83,24305823,-4999
83,24680529,-4998
84,739802,-7
84,1148035,-440
84,1537214,-1079
84,1954512,-1617
84,2356136,-2534
84,2767245,-3562
84,3185532,-3762
84,3581272,-3772
84,3996557,-4300
84,4405532,-4252
84,4768133,-4089
84,5162066,-4372
84,5562133,-4637
84,5936211,-4634
84,6311611,-4905
84,6703875,-5003
84,7098520,-5044
84,7476444,-5152
84,7868664,-5154
84,8243573,-5178
84,8600961,-5170
84,9014452,-5160
84,9378305,-5127
84,9786787,-5102
84,10182370,-5060
84,10560037,-5032
84,10950912,-4998
84,11305582,-4979
84,11664576,-4962
84,12057427,-4953
84,12433558,-4948
84,12812177,-4949
84,13206030,-4952
84,13624719,-4961
84,14015377,-4964
84,14378136,-4973
84,14748677,-4979
84,15163046,-4990
84,15560243,-4991
84,15959424,-5000
84,16362312,-5001
84,16746004,-5001
84,17141122,-5002
84,17519285,-5003
84,17913594,-5000
84,18284575,-4999
84,18664870,-5000
84,19059750,-4998
84,19455317,-4996
84,19871261,-4998
84,20265361,-4998
84,20635936,-4997
84,20996592,-4997
84,21399202,-4999
84,21770305,-4999
84,22163315,-4999
84,22559918,-5000
84,22953346,-5000
85,891784,-92
85,1406963,-870
85,1925395,-1542
85,2375817,-2413
85,2861594,-3661
85,3291407,-3738
85,3689136,-3832
85,4093651,-4323
85,4483158,-4205
85,4859909,-4092
85,5249114,-4466
85,5680745,-4616
85,6063513,-4663
85,6434268,-4921
85,6792096,-4993
85,7187706,-5062
85,7562170,-5153
85,7978945,-5163
85,8379351,-5187
85,8792331,-5172
85,9185369,-5158
85,9557420,-5129
85,9913539,-5098
85,10311457,-5057
85,10696850,-5030
85,11080021,-4994
85,11452387,-4978
85,11810995,-4957
85,12228249,-4953
85,12626352,-4947
85,12995094,-4950
85,13352814,-4952
85,13753285,-4960
85,14161275,-4964
85,14515121,-4973
85,14899078,-4979
85,15290661,-4989
85,15695338,-4992
85,16066360,-4997
85,16456328,-5000
85,16834308,-5001
85,17225252,-4999
85,17577360,-5000
85,17959521,-4999
85,18353356,-4999
85,18747904,-4998
85,19144224,-4997
85,19538733,-4996
85,19895855,-4996
85,20269635,-4996
85,20670243,-4996
85,21059015,-4996
85,21441671,-4997
86,772123,-24
86,1176846,-528
86,1571738,-1084
86,1966346,-1619
86,2366361,-2538
86,2759050,-3564
86,3171955,-3791
86,3526496,-3695
86,3925297,-4197
86,4299165,-4290
86,4704188,-4098
86,5095101,-4319
86,5466645,-4625
86,5861646,-4621
86,6239655,-4824
86,6615259,-4997
86,7007735,-5017
86,7422725,-5128
86,7778144,-5142
86,8172564,-5166
86,8547572,-5165
86,8903800,-5154
86,9276025,-5129
86,9684071,-5105
86,10069437,-5069
86,10442348,-5039
86,10801350,-5008
86,11196534,-4984
86,11569887,-4965
86,11968589,-4953
86,12360635,-4952
86,12739323,-4950
86,13108495,-4953
86,13463699,-4957
86,13821224,-4966
86,14213581,-4969
86,14588642,-4977
86,14990075,-4985
86,15365283,-4993
86,15760566,-4995
86,16173979,-4999
86,16569346,-5000
86,16968420,-5001
86,17360971,-5001
86,17716403,-4999
86,18113393,-4999
86,18489057,-4997
86,18882082,-4996
86,19298414,-4996
86,19702752,-4997
86,20070839,-4995
86,20465728,-4996
86,20863829,-4997
87,738874,-8
87,1097297,-441
87,1513377,-1019
87,1895661,-1547
87,2288143,-2417
87,2682392,-3472
87,3098987,-3803
87,3494345,-3702
87,3892133,-4202
87,4284710,-4320
87,4652972,-4091
87,5038013,-4316
87,5434981,-4624
87,5829564,-4611
87,6200818,-4810
87,6606262,-4982
87,6996699,-5002
87,7390969,-5120
87,7788150,-5132
87,8164948,-5160
87,8559955,-5156
87,8934035,-5147
87,9347822,-5121
87,9746754,-5100
87,10118855,-5059
87,10514687,-5032
87,10909826,-5003
87,11286643,-4981
87,11687147,-4964
87,12096579,-4959
87,12473759,-4952
87,12868345,-4955
87,13266440,-4958
87,13641408,-4964
87,14033597,-4968
87,14408581,-4977
87,14765871,-4981
87,15180475,-4989
87,15537664,-4992
87,15912363,-4997
87,16303841,-4999
87,16666812,-5001
87,17058982,-4999
87,17469844,-4999
87,17849027,-4999
87,18241954,-4997
87,18607145,-4996
87,19032009,-4997
87,19416369,-4995
87,19793153,-4995
87,20159482,-4998
87,20537133,-4998
87,20910326,-4997
87,21311795,-4998
87,21725744,-4999
87,22095581,-4998
88,712130,-8
88,1073764,-439
88,1489274,-1079
88,1889070,-1621
88,2300277,-2534
88,2723081,-3561
88,3116803,-3761
88,3527860,-3718
88,3891164,-4255
88,4285119,-4255
88,4677013,-4088
88,5051914,-4385
88,5445900,-4647
88,5833392,-4625
88,6196012,-4826
88,6550360,-5001
88,6952007,-5019
88,7344347,-5128
88,7716782,-5145
88,8075626,-5165
88,8467441,-5165
88,8853219,-5153
88,9238931,-5129
88,9613576,-5108
88,9968161,-5066
88,10361688,-5039
88,10737969,-5012
88,11117379,-4984
88,11510345,-4965
88,11910590,-4955
88,12320257,-4951
88,12675027,-4951
88,13052841,-4954
88,13445697,-4960
88,13833329,-4965
88,14219080,-4974
88,14611215,-4977
88,14991413,-4988
88,15385103,-4992
88,15760246,-4996
88,16156124,-4997
88,16572649,-5000
88,16968995,-4999
88,17342413,-5000
88,17694318,-4999
88,18071417,-4998
88,18466569,-4997
88,18829466,-4997
88,19216208,-4995
88,19591709,-4996
88,19946135,-4996
88,20318856,-4996
88,20674000,-4995
88,21061260,-4997
89,780225,-7
89,1167378,-440
89,1586372,-1086
89,1982668,-1623
89,2395062,-2542
89,2795270,-3568
89,3196691,-3788
89,3574101,-3722
89,3997574,-4251
89,4376031,-4287
89,4758754,-4089
89,5144037,-4320
89,5549179,-4637
89,5944097,-4627
89,6329938,-4855
89,6714296,-4995
89,7085637,-5017
89,7456815,-5133
89,7876523,-5145
89,8267954,-5170
89,8624270,-5165
89,9041998,-5153
89,9432549,-5124
89,9817413,-5099
89,10226915,-5056
89,10624456,-5027
89,11019853,-4995
89,11392123,-4978
89,11757950,-4961
89,12122949,-4953
89,12516557,-4950
89,12877166,-4951
89,13249787,-4952
89,13644792,-4961
89,14042497,-4965
89,14418140,-4972
89,14816733,-4979
89,15183813,-4989
89,15579960,-4992
89,15957069,-4997
89,16352024,-5000
89,16737007,-5000
89,17124418,-5000
89,17498326,-5000
89,17896156,-4997
89,18290194,-4997
89,18668666,-4997
89,19044804,-4994
89,19441721,-4994
89,19832401,-4994
89,20224967,-4994
89,20602906,-4994
89,20978249,-4996
89,21373868,-4996
89,21761966,-4996
89,22143850,-4997
89,22537625,-4997
89,22917205,-4997
89,23314227,-4997
89,23739414,-4996
89,24103272,-4996
89,24498847,-4996
89,24896903,-4996
89,25280082,-4996
89,25643714,-4998
89,26044434,-4998
90,691656,-8
90,1077287,-438
90,1494206,-1078
90,1889690,-1616
90,2285942,-2399
90,2675076,-3447
90,3054851,-3792
90,3427431,-3675
90,3851560,-4184
90,4241547,-4313
90,4637327,-4095
90,5017961,-4326
90,5406715,-4641
90,5809332,-4631
90,6197655,-4874
90,6592900,-5014
90,6950130,-5020
90,7321674,-5127
90,7675383,-5159
90,8053370,-5170
90,8447363,-5175
90,8809599,-5159
90,9197190,-5136
90,9571657,-5111
90,9928503,-5072
90,10323002,-5039
90,10696993,-5013
90,11055805,-4981
90,11448385,-4966
90,11834446,-4951
90,12219018,-4949
90,12593249,-4948
90,12950682,-4952
90,13344968,-4955
90,13737522,-4964
90,14116773,-4969
90,14489099,-4976
90,14852479,-4983
90,15238839,-4991
90,15612366,-4993
90,15972305,-4998
90,16363361,-4999
90,16737657,-5000
90,17095440,-4999
90,17489439,-4999
90,17867696,-4999
90,18260211,-4999
90,18633433,-4998
90,18990857,-4996
90,19383518,-4995
90,19758460,-4997
90,20115877,-4995
90,20508380,-4995
90,20899655,-4997
90,21282677,-4998
91,704231,-1
91,1092138,-356
91,1488005,-1010
91,1909006,-1526
91,2306810,-2381
91,2727707,-3440
91,3114956,-3771
91,3507586,-3670
91,3880395,-4115
91,4253422,-4342
91,4632150,-4109
91,5036978,-4277
91,5426461,-4659
91,5818691,-4642
91,6173938,-4811
91,6548424,-5021
91,6900785,-5018
91,7257060,-5120
91,7672447,-5166
91,8036821,-5169
91,8425526,-5177
91,8820733,-5161
91,9199261,-5140
91,9573098,-5108
91,9964435,-5074
91,10383419,-5036
91,10776364,-5007
91,11152027,-4980
91,11545447,-4965
91,11923417,-4953
91,12320485,-4951
91,12697799,-4950
91,13094574,-4954
91,13506732,-4962
91,13917199,-4968
91,14296143,-4974
91,14672789,-4979
91,15063991,-4989
91,15444130,-4994
91,15823265,-4999
91,16222603,-4999
91,16591551,-5004
91,16997699,-5000
91,17379880,-5001
91,17753849,-5001
91,18113561,-5001
91,18527360,-4998
91,18922934,-4998
91,19322224,-4998
91,19699052,-4998
91,20095282,-4996
91,20484917,-4998
91,20860616,-4998
91,21238551,-4997
91,21632062,-4997
91,22037519,-4998
92,735732,-7
92,1119336,-355
92,1495550,-1016
92,1891472,-1536
92,2286639,-2268
92,2682964,-3331
92,3079168,-3803
92,3497751,-3678
92,3892573,-4187
92,4294399,-4315
92,4685764,-4091
92,5079354,-4330
92,5473543,-4657
92,5892534,-4647
92,6286269,-4880
92,6682620,-5013
92,7079470,-5039
92,7471396,-5143
92,7833703,-5151
92,8227697,-5167
92,8618801,-5159
92,9016690,-5143
92,9408595,-5115
92,9792436,-5090
92,10180632,-5050
92,10533550,-5027
92,10893331,-4998
92,11264408,-4975
92,11678582,-4960
92,12035063,-4953
92,12429144,-4950
92,12792424,-4952
92,13182440,-4955
92,13577029,-4962
92,13934114,-4967
92,14327557,-4973
92,14700021,-4980
92,15055354,-4987
92,15408309,-4992
92,15775586,-4995
92,16138632,-4997
92,16494801,-5001
92,16891029,-4999
92,17285705,-4999
92,17680723,-4999
92,18039305,-4997
92,18431614,-4997
92,18827108,-4998
92,19203700,-4997
92,19603460,-4997
92,20015062,-4997
92,20408297,-4997
92,20793701,-4997
93,731284,0
93,1095526,-355
93,1493166,-941
93,1863191,-1458
93,2264018,-2259
93,2682150,-3318
93,3074047,-3796
93,3466902,-3649
93,3862230,-4106
93,4257562,-4307
93,4687730,-4086
93,5071344,-4322
93,5465377,-4639
93,5843425,-4629
93,6257531,-4880
93,6664801,-5028
93,7030100,-5043
93,7423726,-5156
93,7800954,-5172
93,8194023,-5187
93,8579473,-5185
93,8969655,-5166
93,9363698,-5135
93,9779803,-5103
93,10171750,-5062
93,10548515,-5030
93,10945355,-4997
93,11319252,-4973
93,11682205,-4957
93,12090873,-4947
93,12487960,-4946
93,12905454,-4948
93,13296846,-4950
93,13686752,-4958
93,14050970,-4965
93,14442470,-4973
93,14801671,-4980
93,15195657,-4990
93,15569179,-4992
93,15987597,-4999
93,16380463,-5000
93,16759533,-5000
93,17154076,-5000
93,17547022,-5000
93,17925537,-4997
93,18321656,-4997
93,18697367,-4997
93,19091966,-4996
93,19486958,-4996
93,19883595,-4996
93,20277346,-4995
93,20629494,-4995
93,21029136,-4997
94,739301,-8
94,1142089,-355
94,1497609,-1010
94,1912110,-1457
94,2266120,-2131
94,2626043,-3183
94,3016482,-3784
94,3399064,-3643
94,3791673,-4025
94,4182966,-4337
94,4538551,-4145
94,4943959,-4165
94,5330085,-4555
94,5685792,-4638
94,6076610,-4721
94,6454466,-4985
94,6806785,-5023
94,7159041,-5077
94,7521228,-5175
94,7932917,-5171
94,8288697,-5192
94,8642183,-5183
94,9016600,-5166
94,9366414,-5134
94,9765012,-5108
94,10137755,-5066
94,10495064,-5037
94,10868766,-4999
94,11261651,-4976
94,11620699,-4959
94,12004144,-4948
94,12404343,-4944
94,12820934,-4946
94,13218019,-4948
94,13587483,-4957
94,13995751,-4961
94,14435926,-4971
94,14810498,-4979
94,15207086,-4988
94,15603640,-4992
94,15993810,-4997
94,16385075,-4998
94,16747905,-4999
94,17164068,-4998
94,17559648,-4998
94,17910486,-4997
94,18272641,-4997
94,18645098,-4995
94,19038203,-4994
94,19421906,-4994
94,19809770,-4994
94,20162156,-4994
94,20539546,-4994
94,20933207,-4996
94,21306099,-4996
94,21663538,-4996
94,22057235,-4996
94,22422671,-4997
94,22807499,-4998
94,23182032,-4996
94,23559439,-4997
94,23952939,-4998
94,24326896,-4997
94,24685880,-4997
94,25080055,-4997
94,25454560,-4997
94,25856897,-4997
94,26266769,-4997
95,707076,-8
95,1115262,-437
95,1510171,-1009
95,1889852,-1525
95,2282575,-2381
95,2694566,-3314
95,3049677,-3792
95,3423694,-3645
95,3797365,-4031
95,4178971,-4334
95,4590386,-4122
95,4970740,-4217
95,5365671,-4632
95,5759566,-4638
95,6143689,-4807
95,6528783,-5028
95,6946639,-5031
95,7381877,-5152
95,7777811,-5167
95,8194479,-5183
95,8591876,-5174
95,8996729,-5157
95,9388297,-5127
95,9763504,-5101
95,10149753,-5056
95,10519379,-5030
95,10885647,-4992
95,11282130,-4974
95,11673691,-4955
95,12051136,-4950
95,12427713,-4945
95,12831925,-4950
95,13197211,-4951
95,13594574,-4959
95,13969464,-4966
95,14363466,-4974
95,14759530,-4980
95,15154383,-4990
95,15549666,-4994
95,15948532,-4999
95,16341537,-5000
95,16718512,-5001
95,17114516,-5000
95,17487098,-5001
95,17851476,-4997
95,18239934,-4998
95,18613870,-4997
95,19010673,-4995
95,19382479,-4995
95,19758876,-4995
95,20113912,-4995
95,20508757,-4995
95,20873921,-4997
95,21282841,-4998
96,677489,0
96,1016304,-276
96,1367433,-868
96,1724818,-1328
96,2093101,-1905
96,2425847,-2661
96,2734856,-3450
96,3044815,-3806
96,3380856,-3656
96,3721274,-3956
96,4131884,-4339
96,4493074,-4142
96,4863359,-4118
96,5192304,-4439
96,5507780,-4647
96,5818549,-4620
96,6128432,-4790
96,6467558,-4992
96,6772893,-5009
96,7108200,-5062
96,7445595,-5155
96,7754431,-5163
96,8094812,-5174
96,8425405,-5183
96,8736652,-5170
96,9052366,-5154
96,9407102,-5126
96,9759232,-5105
96,10078596,-5064
96,10430181,-5036
96,10783204,-5005
96,11141070,-4980
96,11503254,-4966
96,11847510,-4953
96,12186711,-4949
96,12540356,-4946
96,12892875,-4949
96,13246640,-4951
96,13606353,-4958
96,13933890,-4962
96,14266554,-4971
96,14623012,-4976
96,14960736,-4983
96,15322335,-4988
96,15668069,-4995
96,16021460,-4997
96,16378676,-4997
96,16754150,-4999
96,17155546,-4999
96,17532730,-4997
96,17906479,-4995
96,18280470,-4997
96,18628871,-4996
96,19011008,-4994
96,19404702,-4994
96,19756998,-4995
96,20125519,-4994
96,20464569,-4994
96,20835118,-4996
96,21193622,-4996
96,21570246,-4996
96,21924701,-4996
96,22294716,-4996
96,22685524,-4997
96,23058286,-4996
96,23417225,-4996
96,23809887,-4997
96,24184541,-4997
96,24582558,-4997
96,24952147,-4997
96,25317142,-4998
96,25702998,-4999
96,26058628,-4997
97,710313,-8
97,1124496,-439
97,1518167,-1012
97,1892966,-1531
97,2289519,-2390
97,2729107,-3440
97,3122210,-3768
97,3516024,-3666
97,3885106,-4181
97,4284009,-4277
97,4681108,-4079
97,5100150,-4386
97,5510758,-4650
97,5906086,-4640
97,6287269,-4919
97,6676441,-5019
97,7098114,-5073
97,7511485,-5170
97,7905292,-5167
97,8287288,-5187
97,8675333,-5173
97,9095448,-5153
97,9509998,-5122
97,9925834,-5083
97,10324637,-5043
97,10716772,-5015
97,11123171,-4983
97,11515660,-4962
97,11910081,-4951
97,12313011,-4949
97,12681253,-4948
97,13076468,-4950
97,13448908,-4957
97,13841972,-4963
97,14222770,-4971
97,14617823,-4977
97,15017565,-4987
97,15409707,-4993
97,15808347,-4997
97,16201794,-4998
97,16576667,-5002
97,16984495,-4999
97,17387564,-4999
97,17802760,-4998
97,18201893,-4998
97,18595186,-4997
97,18977667,-4997
97,19342957,-4997
97,19739019,-4996
97,20136705,-4995
97,20509449,-4997
97,20905221,-4997
97,21284994,-4997
97,21675722,-4998
97,22097250,-4998
98,757697,-8
98,1119450,-438
98,1538698,-1081
98,1933545,-1612
98,2348828,-2523
98,2766169,-3559
98,3161891,-3753
98,3578788,-3757
98,3971871,-4251
98,4350510,-4252
98,4742277,-4087
98,5096511,-4334
98,5472450,-4663
98,5867022,-4642
98,6220886,-4852
98,6598908,-5020
98,6994714,-5031
98,7392435,-5139
98,7786549,-5153
98,8182675,-5167
98,8582927,-5159
98,8994264,-5142
98,9390851,-5112
98,9784700,-5088
98,10158965,-5045
98,10536963,-5023
98,10929976,-4990
98,11293122,-4975
98,11683416,-4957
98,12079348,-4952
98,12474164,-4950
98,12900847,-4952
98,13294425,-4955
98,13684825,-4964
98,14054931,-4969
98,14412027,-4977
98,14784285,-4982
98,15179719,-4990
98,15536268,-4992
98,15911129,-4997
98,16307458,-4998
98,16685614,-4999
98,17082493,-4999
98,17495977,-4999
98,17890735,-4996
98,18288394,-4996
98,18681098,-4997
98,19033485,-4996
98,19391912,-4996
98,19784819,-4997
98,20137029,-4996
98,20539393,-4996
98,20932820,-4996
99,686528,1
99,1049915,-275
99,1383083,-867
99,1740780,-1331
99,2117492,-1910
99,2470247,-2798
99,2820679,-3657
99,3187237,-3761
99,3537491,-3712
99,3906519,-4189
99,4263005,-4314
99,4614030,-4098
99,4991035,-4210
99,5323083,-4590
99,5674903,-4643
99,6020785,-4679
99,6367377,-4941
99,6725129,-5003
99,7080439,-5035
99,7453115,-5148
99,7834480,-5149
99,8208246,-5167
99,8582322,-5162
99,8951350,-5151
99,9326908,-5124
99,9707658,-5099
99,10085201,-5060
99,10459383,-5036
99,10826559,-5005
99,11165779,-4984
99,11513567,-4971
99,11853781,-4957
99,12235529,-4953
99,12603640,-4953
99,12984720,-4955
99,13328422,-4958
99,13729934,-4966
99,14109206,-4971
99,14498935,-4977
99,14859919,-4984
99,15252151,-4991
99,15637755,-4994
99,16032051,-4998
99,16405287,-5000
99,16799080,-5001
99,17179899,-4999
99,17591112,-5000
99,17997535,-4999
99,18387242,-4997
99,18756465,-4997
99,19133024,-4996
99,19528778,-4996
99,19944859,-4995
99,20351347,-4996
99,20715754,-4996
99,21113577,-4996
