trial_id,t_ns_since_cmd,position_counts
0,710912,-31
0,1116924,-515
0,1530270,-1021
0,1895002,-1574
0,2281765,-2404
0,2654821,-3315
0,3013283,-4401
0,3449991,-5866
0,3844635,-6935
0,4251109,-7149
0,4635402,-7909
0,5032677,-8668
0,5428069,-8814
0,5820118,-9164
0,6182135,-9408
0,6574973,-9331
0,6968258,-9796
0,7341866,-10055
0,7715371,-10026
0,8093977,-10355
0,8488306,-10492
0,8841227,-10469
0,9245075,-10614
0,9636457,-10599
0,10032803,-10604
0,10429019,-10602
0,10827422,-10534
0,11219947,-10508
0,11613197,-10427
0,11968376,-10360
0,12364750,-10286
0,12737074,-10239
0,13116744,-10171
0,13510186,-10133
0,13914777,-10090
0,14324120,-10077
0,14715733,-10059
0,15093183,-10059
0,15488336,-10057
0,15840376,-10064
0,16216187,-10067
0,16591449,-10079
0,16973195,-10083
0,17340694,-10092
0,17716431,-10094
0,18114292,-10100
0,18529325,-10098
0,18894519,-10098
0,19280734,-10093
0,19675546,-10090
0,20053719,-10084
0,20452833,-10081
0,20841887,-10072
0,21220352,-10072
0,21593012,-10066
0,21990443,-10064
0,22361784,-10063
0,22715400,-10062
0,23093785,-10057
0,23488107,-10057
0,23842218,-10055
0,24239557,-10053
0,24632153,-10050
0,25032751,-10050
0,25427190,-10046
0,25827145,-10046
0,26217693,-10045
0,26611510,-10040
0,26968176,-10039
0,27361627,-10039
0,27736309,-10037
0,28106542,-10033
0,28500776,-10033
0,28867160,-10032
0,29283623,-10029
0,29677476,-10029
0,30079470,-10027
0,30468213,-10026
0,30841161,-10026
0,31218693,-10025
0,31610887,-10024
0,31991696,-10023
0,32387062,-10022
0,32759697,-10019
0,33157559,-10019
0,33530242,-10019
0,33936746,-10018
0,34328531,-10016
0,34715486,-10016
0,35115274,-10016
0,35510593,-10015
0,35898080,-10014
0,36280641,-10015
0,36678932,-10013
0,37054074,-10013
0,37454060,-10011
0,37863205,-10012
0,38260347,-10012
0,38633999,-10010
0,38988413,-10010
0,39362529,-10011
0,39715992,-10010
0,40092511,-10010
0,40465852,-10009
0,40842345,-10010
0,41242465,-10010
0,41636671,-10008
0,42033860,-10008
0,42426782,-10008
0,42775581,-10008
0,43128722,-10007
0,43480942,-10007
0,43848989,-10007
0,44203646,-10006
0,44573086,-10006
0,44919233,-10006
0,45261470,-10006
0,45593987,-10006
0,45917257,-10006
0,46229355,-10006
0,46541599,-10006
0,46833398,-10006
0,47129266,-10006
0,47437371,-10004
0,47752315,-10004
0,48089687,-10004
0,48439667,-10004
1,666962,-2
1,1030443,-282
1,1364124,-885
1,1763673,-1419
1,2138750,-2047
1,2513531,-2980
1,2888894,-4034
1,3267028,-5121
1,3644986,-6445
1,4018643,-7041
1,4433237,-7379
1,4810594,-8254
1,5159682,-8662
1,5536843,-8766
1,5910347,-9199
1,6292614,-9302
1,6650566,-9247
1,7018477,-9706
1,7367515,-9953
1,7722809,-9922
1,8082370,-10204
1,8459865,-10377
1,8854897,-10352
1,9230334,-10495
1,9590923,-10501
1,9982813,-10492
1,10334415,-10525
1,10712431,-10452
1,11107647,-10437
1,11464851,-10374
1,11837126,-10305
1,12232755,-10242
1,12586781,-10188
1,12958499,-10140
1,13332841,-10090
1,13734918,-10057
1,14129214,-10033
1,14485164,-10025
1,14859103,-10013
1,15211927,-10015
1,15589513,-10016
1,15983589,-10027
1,16333057,-10031
1,16711155,-10045
1,17105982,-10051
1,17461354,-10061
1,17835468,-10064
1,18228685,-10068
1,18585950,-10068
1,18958535,-10069
1,19354730,-10065
1,19772348,-10063
1,20124913,-10060
1,20485817,-10056
1,20877880,-10049
1,21249821,-10048
1,21609890,-10045
1,22004928,-10041
1,22388193,-10039
1,22776473,-10039
1,23150014,-10037
1,23527795,-10035
1,23921790,-10034
1,24274766,-10034
1,24630687,-10032
1,25029311,-10031
1,25430164,-10030
1,25832749,-10029
1,26210282,-10026
1,26588388,-10028
1,26992673,-10026
1,27407144,-10024
1,27794616,-10024
1,28147196,-10024
1,28525614,-10022
1,28876619,-10020
1,29230633,-10019
1,29586669,-10019
1,29958673,-10017
1,30354982,-10016
1,30730262,-10015
1,31082769,-10015
1,31464742,-10014
1,31855702,-10012
1,32207988,-10011
1,32586802,-10011
1,32960067,-10011
1,33334401,-10010
1,33731226,-10010
1,34083002,-10009
1,34460781,-10009
1,34833408,-10008
1,35228132,-10007
1,35588474,-10007
1,35980064,-10007
1,36353717,-10007
1,36757153,-10007
1,37129580,-10007
1,37484605,-10006
1,37833106,-10004
1,38208408,-10005
1,38612157,-10004
1,39021856,-10004
1,39384466,-10004
1,39771763,-10004
1,40124632,-10003
1,40501485,-10003
1,40855406,-10003
1,41207582,-10003
1,41586681,-10003
1,41997184,-10002
1,42370363,-10002
1,42760724,-10002
1,43151986,-10002
1,43534571,-10002
1,43960609,-10002
1,44337585,-10002
1,44735989,-10001
1,45133601,-10000
1,45550503,-10001
1,45928174,-10001
1,46301918,-10001
1,46697995,-10001
1,47111999,-10001
2,732113,0
2,1097873,-360
2,1489406,-1035
2,1929164,-1562
2,2323242,-2423
2,2716264,-3383
2,3076121,-4455
2,3490156,-5861
2,3896610,-6948
2,4282766,-7077
2,4673821,-7698
2,5031787,-8513
2,5424216,-8653
2,5829438,-8976
2,6200339,-9261
2,6590275,-9172
2,6967153,-9592
2,7363833,-9912
2,7740627,-9891
2,8142797,-10183
2,8507774,-10356
2,8905548,-10355
2,9301365,-10502
2,9673502,-10490
2,10030110,-10485
2,10403693,-10516
2,10798796,-10446
2,11223300,-10427
2,11614331,-10349
2,11990329,-10289
2,12389713,-10208
2,12800713,-10152
2,13196657,-10094
2,13573606,-10057
2,13968752,-10018
2,14340536,-10007
2,14697211,-9990
2,15094310,-9988
2,15467583,-9988
2,15873804,-9996
2,16241220,-10004
2,16632242,-10019
2,17053943,-10028
2,17445838,-10040
2,17830262,-10045
2,18217328,-10052
2,18591242,-10054
2,18988140,-10057
2,19365495,-10056
2,19756593,-10052
2,20115988,-10050
2,20490279,-10047
2,20888561,-10040
2,21297490,-10040
2,21673140,-10037
2,22033800,-10033
2,22426320,-10032
2,22829906,-10031
2,23219225,-10027
2,23613552,-10027
2,24011044,-10026
2,24427451,-10026
2,24834166,-10025
2,25195754,-10025
2,25589084,-10025
2,26005319,-10023
2,26370342,-10023
2,26737869,-10021
2,27140582,-10021
2,27529063,-10018
2,27906190,-10018
2,28300058,-10018
2,28673789,-10017
2,29040832,-10016
2,29426128,-10016
2,29798406,-10016
2,30195889,-10015
2,30570165,-10015
2,30925140,-10013
2,31320048,-10011
2,31693794,-10011
2,32049686,-10010
2,32466254,-10010
2,32872794,-10009
2,33278832,-10009
2,33673422,-10010
2,34050914,-10009
2,34466774,-10009
2,34873872,-10009
2,35241038,-10007
2,35637484,-10006
2,36030460,-10006
2,36403618,-10006
2,36832701,-10005
2,37216843,-10005
2,37590263,-10005
2,37969836,-10005
2,38363732,-10004
2,38758255,-10005
2,39176244,-10003
2,39572950,-10003
2,39969596,-10003
2,40361662,-10003
2,40716063,-10003
2,41070659,-10002
2,41465556,-10002
2,41830904,-10002
2,42197585,-10002
2,42590154,-10002
2,42968265,-10002
2,43360559,-10002
2,43714573,-10000
2,44075867,-10000
2,44469012,-10000
2,44874610,-10000
2,45265061,-10000
2,45674923,-10000
2,46073958,-10000
2,46467615,-10000
2,46871057,-10000
2,47262426,-10000
2,47672423,-10000
2,48030521,-10000
2,48423032,-9999
2,48777190,-9999
3,866445,-27
3,1268856,-533
3,1656629,-1101
3,2023852,-1639
3,2418444,-2416
3,2771748,-3373
3,3122752,-4295
3,3480517,-5446
3,3813603,-6552
3,4162845,-7003
3,4500178,-7224
3,4873475,-8062
3,5228353,-8571
3,5564271,-8670
3,5936190,-9030
3,6311355,-9268
3,6642337,-9189
3,6975359,-9445
3,7316906,-9887
3,7663840,-9892
3,7999388,-9983
3,8355645,-10298
3,8711848,-10328
3,9074343,-10357
3,9424997,-10494
3,9798907,-10459
3,10153867,-10471
3,10508647,-10490
3,10880688,-10423
3,11260499,-10403
3,11632830,-10331
3,12015211,-10275
3,12372171,-10200
3,12765233,-10148
3,13117019,-10095
3,13495520,-10052
3,13887287,-10018
3,14242875,-9995
3,14618566,-9985
3,15013053,-9975
3,15370281,-9977
3,15741016,-9984
3,16135747,-9994
3,16535106,-10003
3,16906938,-10019
3,17265289,-10024
3,17616856,-10037
3,17989682,-10042
3,18387799,-10049
3,18740856,-10049
3,19113878,-10054
3,19515460,-10050
3,19864599,-10049
3,20257114,-10046
3,20642267,-10044
3,21014255,-10037
3,21370898,-10035
3,21744699,-10031
3,22117922,-10028
3,22491957,-10025
3,22865347,-10025
3,23262341,-10023
3,23617981,-10023
3,24006149,-10022
3,24373839,-10022
3,24788931,-10022
3,25172180,-10021
3,25554705,-10021
3,25907240,-10021
3,26284916,-10020
3,26636999,-10020
3,26989832,-10018
3,27367719,-10018
3,27760722,-10018
3,28125428,-10017
3,28492107,-10016
3,28885876,-10016
3,29244497,-10015
3,29615106,-10014
3,30011272,-10012
3,30368677,-10012
3,30739744,-10011
3,31137292,-10009
3,31537516,-10009
3,31908126,-10009
3,32266196,-10009
3,32637674,-10009
3,32991204,-10008
3,33369586,-10008
3,33762465,-10008
3,34115050,-10007
3,34515755,-10007
3,34866440,-10007
3,35246834,-10007
3,35637572,-10007
3,36012027,-10006
3,36373250,-10005
3,36765126,-10005
3,37119555,-10005
3,37517575,-10005
3,37910611,-10005
3,38266462,-10004
3,38682659,-10005
3,39032916,-10004
3,39391365,-10003
3,39805450,-10003
3,40169842,-10003
3,40556120,-10003
3,40909145,-10003
3,41286277,-10003
3,41638638,-10003
3,41990598,-10001
3,42374177,-10001
3,42766687,-10001
3,43174539,-10001
3,43537540,-10001
3,43891486,-10001
3,44287770,-10000
3,44659490,-10001
3,45011189,-10001
3,45370149,-10001
3,45742234,-10000
3,46137316,-10000
3,46517862,-10000
3,46909348,-10000
3,47288383,-10000
4,737751,-9
4,1099328,-445
4,1497650,-1105
4,1890490,-1568
4,2286323,-2423
4,2680272,-3519
4,3094472,-4456
4,3450905,-5847
4,3846150,-6882
4,4252289,-7073
4,4616439,-7821
4,5034031,-8552
4,5430391,-8648
4,5804322,-9022
4,6197396,-9245
4,6593955,-9164
4,6969371,-9578
4,7348741,-9892
4,7744074,-9892
4,8137453,-10204
4,8513143,-10310
4,8913277,-10342
4,9328963,-10472
4,9701028,-10438
4,10097378,-10468
4,10494460,-10444
4,10887775,-10391
4,11276972,-10348
4,11643265,-10273
4,12032512,-10207
4,12451656,-10139
4,12846113,-10092
4,13232352,-10046
4,13616695,-10018
4,13989481,-9989
4,14348096,-9985
4,14742103,-9973
4,15116066,-9977
4,15514669,-9981
4,15886463,-9994
4,16289591,-10002
4,16701638,-10019
4,17093587,-10025
4,17471620,-10036
4,17865343,-10042
4,18251961,-10048
4,18640279,-10046
4,19014712,-10050
4,19413156,-10048
4,19822577,-10044
4,20175649,-10041
4,20579180,-10038
4,20951033,-10033
4,21348553,-10031
4,21720841,-10026
4,22116967,-10025
4,22495328,-10025
4,22885926,-10023
4,23251039,-10022
4,23633003,-10022
4,24034108,-10022
4,24429878,-10020
4,24824906,-10021
4,25196555,-10021
4,25574011,-10020
4,25971390,-10019
4,26390534,-10020
4,26788210,-10016
4,27197158,-10017
4,27594778,-10017
4,27969332,-10016
4,28324433,-10014
4,28718018,-10014
4,29091668,-10014
4,29449191,-10012
4,29854989,-10011
4,30235905,-10011
4,30639903,-10011
4,31062733,-10010
4,31471084,-10010
4,31983173,-10010
4,32501133,-10009
4,32978642,-10009
4,33468620,-10007
4,33945815,-10006
4,34422315,-10005
4,34826539,-10004
4,35229976,-10004
4,35692539,-10004
4,36105267,-10004
4,36545742,-10004
4,36965258,-10004
4,37345830,-10004
4,37739044,-10004
4,38088262,-10003
4,38541217,-10003
4,38990518,-10003
4,39474366,-10002
4,39901049,-10002
4,40281001,-10002
4,40675346,-10002
4,41074450,-10002
4,41490680,-10002
4,41882977,-10002
4,42250003,-10002
4,42638087,-10002
4,43015223,-10002
4,43391725,-10002
4,43781247,-10001
4,44160890,-10001
4,44556496,-10001
4,44947086,-10001
4,45327199,-10001
4,45719222,-10000
4,46095573,-10000
4,46449910,-10000
4,46863433,-10000
4,47228994,-10000
4,47616279,-10000
4,47986357,-10000
4,48344992,-10000
4,48741378,-10001
4,49110667,-10001
5,723288,-12
5,1123136,-445
5,1521056,-1037
5,1916519,-1572
5,2318396,-2432
5,2750423,-3523
5,3137906,-4613
5,3519242,-5861
5,3891988,-6891
5,4273154,-7085
5,4660196,-7705
5,5014596,-8466
5,5390481,-8622
5,5745015,-8840
5,6097441,-9216
5,6494431,-9155
5,6846258,-9328
5,7222597,-9839
5,7625041,-9829
5,7997509,-10031
5,8416086,-10290
5,8789056,-10257
5,9164310,-10400
5,9582913,-10428
5,9971839,-10413
5,10353810,-10445
5,10745994,-10383
5,11099327,-10361
5,11477766,-10294
5,11887514,-10243
5,12246216,-10170
5,12644645,-10119
5,13036585,-10071
5,13413270,-10040
5,13763650,-10010
5,14120365,-9991
5,14475744,-9986
5,14848463,-9978
5,15224383,-9980
5,15602637,-9984
5,15976277,-9995
5,16496008,-10010
5,17021483,-10022
5,17511953,-10036
5,17956033,-10043
5,18469114,-10045
5,18992431,-10048
5,19512023,-10047
5,20031962,-10041
5,20537057,-10039
5,21037035,-10033
5,21518152,-10030
5,21847983,-10028
5,22180407,-10026
5,22600124,-10025
5,23140035,-10023
5,23653455,-10023
5,24163714,-10022
5,24660708,-10021
5,25175368,-10022
5,25659836,-10020
5,26071938,-10019
5,26572244,-10019
5,27001088,-10017
5,27404001,-10017
5,27795281,-10017
5,28165715,-10016
5,28562609,-10015
5,28938848,-10014
5,29343102,-10014
5,29750903,-10013
5,30144141,-10011
5,30519391,-10011
5,30909976,-10011
5,31276290,-10011
5,31642295,-10011
5,32010338,-10010
5,32373803,-10010
5,32765358,-10010
5,33117869,-10009
5,33475195,-10008
5,33847257,-10008
5,34244707,-10006
5,34624633,-10006
5,35017937,-10006
5,35416050,-10006
5,35788262,-10005
5,36139262,-10005
5,36499170,-10005
5,36870016,-10004
5,37224491,-10005
5,37641430,-10005
5,37992361,-10005
5,38352098,-10005
5,38743216,-10005
5,39097111,-10004
5,39474399,-10004
5,39846138,-10004
5,40244158,-10004
5,40646904,-10003
5,41040100,-10002
5,41437602,-10002
5,41835098,-10002
5,42248407,-10002
5,42645740,-10002
5,43038866,-10002
5,43437395,-10002
5,43815424,-10002
5,44186981,-10002
5,44584329,-10001
5,44997888,-10001
5,45374991,-10001
5,45771276,-10001
5,46164083,-10001
6,758925,-9
6,1123692,-446
6,1539920,-1111
6,1932014,-1578
6,2309257,-2439
6,2725771,-3534
6,3119729,-4627
6,3539950,-6073
6,3930099,-6964
6,4311187,-7141
6,4703522,-7979
6,5099844,-8561
6,5496846,-8667
6,5891201,-9061
6,6304008,-9191
6,6703566,-9187
6,7096248,-9678
6,7455906,-9835
6,7826464,-9835
6,8183013,-10187
6,8606450,-10244
6,8996654,-10281
6,9394010,-10423
6,9771793,-10387
6,10145951,-10422
6,10549788,-10393
6,10954058,-10353
6,11351937,-10314
6,11725022,-10248
6,12121232,-10192
6,12498126,-10132
6,12892881,-10082
6,13287479,-10045
6,13680082,-10015
6,14054696,-9992
6,14431004,-9985
6,14827329,-9979
6,15200211,-9981
6,15601351,-9984
6,15994623,-9995
6,16390440,-10006
6,16785482,-10015
6,17201547,-10027
6,17597835,-10032
6,17993798,-10040
6,18374846,-10041
6,18765567,-10045
6,19143461,-10042
6,19542874,-10042
6,19910917,-10039
6,20309244,-10038
6,20682089,-10032
6,21079110,-10030
6,21455309,-10026
6,21846691,-10026
6,22201669,-10022
6,22603410,-10022
6,22993925,-10022
6,23394018,-10020
6,23791723,-10020
6,24201708,-10021
6,24600836,-10021
6,24971271,-10020
6,25350313,-10019
6,25743538,-10019
6,26099107,-10019
6,26475174,-10018
6,26868978,-10017
6,27242623,-10017
6,27640973,-10017
6,28038126,-10015
6,28454294,-10015
6,28825809,-10015
6,29178734,-10014
6,29559365,-10013
6,29931284,-10013
6,30306380,-10012
6,30704301,-10011
6,31097584,-10010
6,31473096,-10010
6,31847716,-10010
6,32255000,-10010
6,32644068,-10010
6,33017157,-10009
6,33416067,-10009
6,33826532,-10007
6,34200712,-10006
6,34597841,-10006
6,34951564,-10006
6,35319792,-10005
6,35685801,-10005
6,36097691,-10005
6,36498083,-10005
6,36893848,-10005
6,37273048,-10005
6,37660083,-10005
6,38019152,-10005
6,38395019,-10004
6,38788595,-10005
6,39180780,-10005
6,39578057,-10004
6,39992613,-10004
6,40353347,-10004
6,40745449,-10004
6,41142616,-10003
6,41516505,-10003
6,41908862,-10004
6,42294664,-10002
6,42681703,-10002
6,43057834,-10002
6,43455953,-10003
6,43828905,-10003
6,44233608,-10003
6,44598076,-10003
6,44993124,-10003
6,45351365,-10002
6,45722107,-10001
6,46075582,-10001
6,46433355,-10001
6,46825831,-10001
6,47200501,-10001
6,47598954,-10001
6,47950549,-10001
6,48331131,-10001
6,48724289,-10001
6,49097996,-10001
6,49496328,-10001
6,49890731,-10001
6,50277798,-10000
6,50642253,-10000
7,746177,-7
7,1109291,-443
7,1502072,-1106
7,1900925,-1572
7,2291281,-2433
7,2685715,-3394
7,3042711,-4470
7,3455871,-5675
7,3809566,-6813
7,4165773,-7044
7,4539292,-7583
7,4936102,-8455
7,5358301,-8622
7,5728842,-8894
7,6108820,-9195
7,6481351,-9118
7,6876568,-9387
7,7233713,-9811
7,7606186,-9795
7,8010597,-10057
7,8402598,-10257
7,8811850,-10237
7,9191107,-10394
7,9582333,-10402
7,9940008,-10394
7,10316471,-10423
7,10707173,-10365
7,11086209,-10341
7,11479411,-10278
7,11830480,-10231
7,12211010,-10156
7,12603963,-10116
7,12987146,-10059
7,13376643,-10032
7,13727767,-10000
7,14104831,-9984
7,14457398,-9976
7,14809327,-9968
7,15164719,-9973
7,15540114,-9976
7,15933404,-9987
7,16337569,-9997
7,16732106,-10009
7,17106620,-10019
7,17480395,-10027
7,17833587,-10032
7,18190784,-10039
7,18565080,-10038
7,18964808,-10041
7,19353768,-10040
7,19731301,-10037
7,20085581,-10033
7,20459182,-10035
7,20811272,-10029
7,21169351,-10028
7,21563536,-10024
7,21935810,-10024
7,22334904,-10021
7,22705676,-10021
7,23064349,-10019
7,23456447,-10021
7,23841707,-10019
7,24230654,-10019
7,24582320,-10018
7,24934897,-10018
7,25339099,-10018
7,25727155,-10016
7,26083569,-10016
7,26435161,-10016
7,26788145,-10016
7,27173045,-10016
7,27563729,-10014
7,27969991,-10014
7,28356870,-10014
7,28747908,-10014
7,29108767,-10013
7,29498877,-10013
7,29852416,-10012
7,30231342,-10010
7,30624021,-10010
7,30986715,-10010
7,31353781,-10009
7,31705650,-10009
7,32061774,-10009
7,32414341,-10009
7,32798379,-10008
7,33189948,-10008
7,33559661,-10008
7,33915071,-10007
7,34290075,-10007
7,34664349,-10007
7,35042483,-10007
7,35438630,-10004
7,35791111,-10004
7,36165558,-10005
7,36539461,-10004
7,36933991,-10003
7,37330633,-10004
7,37685310,-10004
7,38063894,-10003
7,38416026,-10003
7,38788695,-10003
7,39189811,-10003
7,39583174,-10002
7,39964676,-10002
7,40352876,-10002
7,40726825,-10002
7,41081658,-10002
7,41433761,-10002
7,41799054,-10002
7,42166589,-10001
7,42559633,-10002
7,42914705,-10001
7,43299251,-10000
7,43689466,-10002
7,44105441,-10000
7,44506336,-9999
7,44876617,-9999
7,45276493,-10000
7,45686797,-10000
7,46045358,-10000
7,46437475,-10000
7,46812226,-10000
7,47167158,-10000
7,47541343,-9999
7,47975066,-9999
7,48355951,-9999
7,48749825,-10000
7,49110697,-10000
8,879066,-9
8,1289148,-443
8,1764485,-1236
8,2198745,-1839
8,2713600,-3261
8,3269716,-4618
8,3760791,-6421
8,4273276,-7038
8,4800230,-7823
8,5257182,-8552
8,5667559,-8671
8,6162526,-9157
8,6597472,-9114
8,7005776,-9377
8,7393476,-9802
8,7765913,-9791
8,8159083,-10007
8,8541179,-10260
8,8927378,-10244
8,9370057,-10403
8,9741673,-10410
8,10134688,-10409
8,10511666,-10431
8,10883481,-10371
8,11249304,-10348
8,11638986,-10281
8,12028845,-10226
8,12411195,-10158
8,12786575,-10109
8,13181899,-10050
8,13596028,-10020
8,13991099,-9985
8,14388015,-9976
8,14761306,-9962
8,15132190,-9964
8,15489359,-9965
8,15886934,-9977
8,16272026,-9984
8,16660710,-9998
8,17036212,-10008
8,17435695,-10022
8,17802590,-10024
8,18154891,-10034
8,18514226,-10037
8,18906498,-10038
8,19267200,-10038
8,19636189,-10038
8,19988636,-10036
8,20346141,-10033
8,20718059,-10033
8,21072300,-10027
8,21447716,-10025
8,21821921,-10023
8,22194337,-10020
8,22585075,-10019
8,22947254,-10018
8,23322169,-10018
8,23697715,-10017
8,24092943,-10017
8,24447849,-10017
8,24822470,-10017
8,25214358,-10016
8,25636867,-10016
8,26031785,-10016
8,26426734,-10017
8,26808059,-10017
8,27214623,-10016
8,27612314,-10015
8,27965523,-10015
8,28343332,-10014
8,28695182,-10013
8,29069001,-10012
8,29446854,-10011
8,29819723,-10010
8,30194126,-10010
8,30590614,-10010
8,30943858,-10010
8,31322519,-10008
8,31715090,-10008
8,32069160,-10008
8,32447315,-10008
8,32840065,-10008
8,33194884,-10008
8,33581888,-10008
8,33967796,-10008
8,34348761,-10006
8,34739828,-10006
8,35134972,-10006
8,35512969,-10006
8,35907328,-10006
8,36271957,-10006
8,36636296,-10004
8,36985627,-10005
8,37347982,-10004
8,37739068,-10003
8,38116025,-10003
8,38511982,-10003
8,38884294,-10002
8,39246003,-10002
8,39636632,-10002
8,40028228,-10002
8,40406876,-10002
8,40777917,-10001
8,41135165,-10001
8,41490893,-10001
8,41864387,-10001
8,42218129,-10001
8,42617219,-10000
8,43004618,-10000
8,43387899,-10000
8,43760271,-10000
8,44110869,-10000
8,44467928,-10000
8,44820286,-10001
8,45193030,-10001
8,45596365,-10000
8,45989617,-10000
9,761140,-9
9,1120528,-441
9,1539555,-1103
9,1932710,-1650
9,2333243,-2560
9,2746818,-3645
9,3138856,-4606
9,3517621,-6046
9,3912320,-6932
9,4286571,-7107
9,4685997,-7817
9,5083861,-8527
9,5476243,-8643
9,5869945,-9058
9,6263936,-9202
9,6622140,-9126
9,6994362,-9620
9,7402881,-9842
9,7767612,-9842
9,8182491,-10192
9,8583675,-10245
9,8995153,-10310
9,9398998,-10419
9,9786711,-10377
9,10181666,-10414
9,10538514,-10379
9,10931641,-10343
9,11286418,-10305
9,11682003,-10235
9,12082145,-10173
9,12493998,-10112
9,12891906,-10060
9,13284629,-10025
9,13643639,-9999
9,14015236,-9974
9,14420462,-9969
9,14787682,-9960
9,15182387,-9965
9,15562349,-9971
9,15961150,-9982
9,16324413,-9990
9,16683120,-10005
9,17081341,-10016
9,17495410,-10024
9,17886805,-10032
9,18264658,-10036
9,18618944,-10035
9,18969385,-10038
9,19345207,-10038
9,19743771,-10032
9,20137851,-10031
9,20515087,-10028
9,20908276,-10024
9,21284832,-10024
9,21639217,-10022
9,21990917,-10018
9,22346371,-10018
9,22721230,-10018
9,23115213,-10017
9,23493723,-10017
9,23870123,-10017
9,24243002,-10017
9,24621256,-10016
9,25012161,-10016
9,25398285,-10015
9,25790274,-10015
9,26181903,-10015
9,26558710,-10014
9,26955740,-10014
9,27368247,-10013
9,27768177,-10013
9,28136718,-10012
9,28513949,-10012
9,28866784,-10011
9,29220145,-10011
9,29600308,-10011
9,29992852,-10011
9,30346400,-10010
9,30743462,-10010
9,31095609,-10008
9,31472637,-10008
9,31846126,-10007
9,32240484,-10007
9,32597301,-10007
9,32992328,-10007
9,33365530,-10007
9,33785482,-10007
9,34136489,-10007
9,34492934,-10006
9,34845839,-10006
9,35220286,-10005
9,35622984,-10005
9,36016300,-10004
9,36403574,-10004
9,36818712,-10003
9,37207575,-10003
9,37620025,-10003
9,38013518,-10002
9,38398270,-10002
9,38786001,-10002
9,39180347,-10002
9,39556726,-10002
9,39910745,-10002
9,40285654,-10002
9,40639947,-10002
9,40990766,-10002
9,41345463,-10002
9,41722246,-10002
9,42116805,-10001
9,42475182,-10001
9,42846168,-10001
9,43241966,-10001
9,43598530,-10002
9,43991227,-10002
9,44367642,-10001
9,44768609,-10001
9,45138667,-10001
9,45504017,-10001
9,45912389,-10000
9,46315089,-10000
9,46686208,-10000
9,47084406,-10000
9,47501128,-10000
9,47875618,-10000
9,48286739,-10000
9,48687569,-10000
9,49083821,-10000
9,49495739,-10000
10,742619,-8
10,1158965,-441
10,1534750,-1034
10,1909737,-1569
10,2305918,-2430
10,2699987,-3388
10,3106363,-4461
10,3491329,-5667
10,3844325,-6804
10,4222483,-7053
10,4614823,-7571
10,4969544,-8375
10,5325678,-8594
10,5719797,-8817
10,6105132,-9179
10,6493331,-9110
10,6869805,-9369
10,7269350,-9807
10,7681985,-9773
10,8084325,-10037
10,8453097,-10241
10,8847419,-10222
10,9223762,-10385
10,9617412,-10391
10,9994271,-10392
10,10394311,-10411
10,10801404,-10358
10,11181375,-10332
10,11576206,-10260
10,11989084,-10214
10,12371858,-10139
10,12747029,-10102
10,13127583,-10044
10,13534902,-10014
10,13926214,-9981
10,14283330,-9973
10,14677912,-9960
10,15051159,-9962
10,15449004,-9962
10,15824719,-9977
10,16177846,-9981
10,16574240,-9998
10,16947227,-10004
10,17302948,-10019
10,17656228,-10021
10,18030318,-10032
10,18430093,-10033
10,18803079,-10035
10,19159646,-10035
10,19575790,-10035
10,19971182,-10029
10,20368255,-10030
10,20762525,-10025
10,21158741,-10023
10,21564727,-10020
10,21928050,-10020
10,22283187,-10017
10,22676175,-10017
10,23032995,-10016
10,23410643,-10017
10,23802865,-10017
10,24200511,-10016
10,24574366,-10016
10,24968714,-10016
10,25345229,-10015
10,25742410,-10015
10,26129263,-10015
10,26490557,-10014
10,26884746,-10013
10,27245960,-10013
10,27639655,-10012
10,28029893,-10011
10,28408940,-10012
10,28780577,-10012
10,29162698,-10011
10,29530757,-10010
10,29905094,-10010
10,30286036,-10009
10,30677085,-10009
10,31030858,-10008
10,31407569,-10008
10,31780162,-10008
10,32157740,-10008
10,32576759,-10007
10,32970195,-10007
10,33368612,-10007
10,33746421,-10007
10,34126008,-10007
10,34512686,-10007
10,34905076,-10007
10,35284122,-10006
10,35678069,-10006
10,36051780,-10006
10,36464015,-10005
10,36866678,-10003
10,37267922,-10005
10,37656454,-10003
10,38030071,-10003
10,38407135,-10003
10,38802358,-10003
10,39178699,-10001
10,39572765,-10002
10,39927160,-10002
10,40287662,-10002
10,40679794,-10001
10,41085387,-10002
10,41471419,-10002
10,41867488,-10002
10,42241063,-10001
10,42642671,-10002
10,43031930,-10001
10,43427732,-10001
10,43781988,-10001
10,44162615,-10001
10,44532031,-10000
10,44908308,-10000
10,45304661,-10000
10,45678041,-9999
10,46041568,-9999
10,46428474,-9999
10,46801504,-9999
10,47159730,-9999
10,47553010,-10000
10,47928746,-10000
10,48325972,-10000
11,735088,-10
11,1128328,-357
11,1496166,-1031
11,1890079,-1567
11,2284737,-2300
11,2656822,-3253
11,3015288,-4314
11,3411239,-5477
11,3787161,-6698
11,4187018,-7027
11,4575890,-7557
11,4970257,-8358
11,5328585,-8572
11,5719746,-8810
11,6095136,-9175
11,6516591,-9097
11,6909327,-9376
11,7267146,-9814
11,7658676,-9775
11,8033519,-9998
11,8388958,-10242
11,8763973,-10219
11,9166530,-10373
11,9559169,-10403
11,9948554,-10388
11,10327305,-10428
11,10720413,-10369
11,11128137,-10346
11,11517781,-10277
11,11909991,-10227
11,12311311,-10152
11,12699499,-10105
11,13095348,-10049
11,13475823,-10019
11,13867025,-9983
11,14264347,-9972
11,14637226,-9958
11,15009782,-9957
11,15367144,-9958
11,15762593,-9968
11,16123145,-9976
11,16515117,-9991
11,16908794,-10000
11,17265425,-10016
11,17660111,-10019
11,18055030,-10030
11,18449875,-10032
11,18824173,-10034
11,19200460,-10036
11,19594643,-10035
11,19949861,-10032
11,20325220,-10032
11,20729128,-10026
11,21126800,-10024
11,21515219,-10022
11,21910273,-10019
11,22311136,-10018
11,22699643,-10017
11,23097303,-10016
11,23493836,-10016
11,23865242,-10015
11,24243667,-10015
11,24615432,-10015
11,24970796,-10015
11,25347128,-10015
11,25743807,-10015
11,26125720,-10015
11,26513566,-10014
11,26886242,-10013
11,27264535,-10013
11,27635279,-10012
11,27989421,-10012
11,28348585,-10012
11,28719794,-10011
11,29072903,-10011
11,29450196,-10010
11,29843981,-10009
11,30201647,-10009
11,30572589,-10008
11,30967487,-10007
11,31324785,-10007
11,31718443,-10007
11,32093296,-10007
11,32514886,-10007
11,32906289,-10006
11,33267608,-10006
11,33639793,-10006
11,34034127,-10004
11,34430985,-10005
11,34824828,-10005
11,35222322,-10005
11,35615477,-10004
11,35988551,-10004
11,36350217,-10005
11,36751578,-10004
11,37128041,-10004
11,37538696,-10004
11,37928195,-10004
11,38284694,-10004
11,38662209,-10004
11,39056616,-10004
11,39470347,-10004
11,39823901,-10003
11,40199525,-10003
11,40594089,-10003
11,40948242,-10003
11,41326035,-10003
11,41720180,-10003
11,42071973,-10003
11,42461861,-10003
11,42849677,-10003
11,43221874,-10002
11,43615920,-10002
11,43971471,-10002
11,44346903,-10002
11,44740167,-10003
11,45137382,-10004
11,45517121,-10003
11,45932998,-10003
11,46327341,-10002
11,46721816,-10002
11,47128080,-10002
11,47515113,-10001
11,47907380,-10001
11,48266965,-10001
11,48638912,-10001
11,49034078,-10000
11,49432564,-10000
11,49825893,-10001
11,50224064,-10001
11,50617896,-10001
11,51011377,-10000
11,51390507,-10000
12,718698,-10
12,1116496,-441
12,1534045,-1098
12,1932599,-1566
12,2303756,-2423
12,2723115,-3508
12,3116270,-4602
12,3531835,-6047
12,3908953,-6929
12,4301220,-7066
12,4659048,-7823
12,5053931,-8523
12,5448414,-8614
12,5826649,-8999
12,6240557,-9182
12,6637717,-9135
12,7051952,-9664
12,7446879,-9803
12,7823055,-9848
12,8218991,-10170
12,8605302,-10221
12,8991658,-10275
12,9382999,-10408
12,9766606,-10370
12,10199694,-10418
12,10584613,-10384
12,10948068,-10350
12,11343269,-10305
12,11723620,-10241
12,12115499,-10182
12,12492072,-10120
12,12889984,-10066
12,13301564,-10027
12,13682722,-9993
12,14077927,-9971
12,14469915,-9961
12,14847120,-9955
12,15242260,-9956
12,15630341,-9966
12,16011612,-9974
12,16406142,-9986
12,16792816,-9998
12,17177863,-10010
12,17587810,-10017
12,17948128,-10026
12,18320559,-10027
12,18678349,-10034
12,19092882,-10033
12,19447577,-10032
12,19802674,-10030
12,20197309,-10030
12,20583316,-10024
12,20990351,-10023
12,21388458,-10018
12,21802539,-10018
12,22195919,-10017
12,22583330,-10016
12,22969610,-10014
12,23342525,-10014
12,23719837,-10014
12,24093364,-10014
12,24447059,-10014
12,24824475,-10014
12,25216888,-10014
12,25601269,-10014
12,25993018,-10013
12,26413504,-10012
12,26806006,-10012
12,27176177,-10013
12,27530129,-10010
12,27904969,-10010
12,28300971,-10011
12,28654728,-10010
12,29032487,-10009
12,29422645,-10009
12,29784616,-10009
12,30174799,-10007
12,30548837,-10007
12,30948089,-10007
12,31318172,-10007
12,31674649,-10006
12,32028021,-10005
12,32400629,-10006
12,32797991,-10006
12,33151742,-10005
12,33524697,-10005
12,33929745,-10004
12,34299698,-10004
12,34670306,-10004
12,35053539,-10005
12,35427409,-10004
12,35823379,-10004
12,36217937,-10005
12,36607137,-10005
12,36970788,-10003
12,37362586,-10004
12,37718312,-10004
12,38093969,-10004
12,38490463,-10003
12,38890754,-10004
12,39302388,-10003
12,39679332,-10003
12,40070491,-10003
12,40424162,-10003
12,40782332,-10003
12,41184719,-10001
12,41579379,-10001
12,41966840,-10001
12,42319752,-10001
12,42720037,-10000
12,43091229,-10001
12,43443740,-10001
12,43821353,-10001
12,44173623,-10001
12,44526521,-10001
12,44909840,-10001
12,45302763,-10001
12,45720377,-9999
12,46115052,-10000
12,46489000,-10000
13,758005,-7
13,1141056,-440
13,1534930,-1101
13,1933450,-1566
13,2306853,-2426
13,2736511,-3516
13,3119142,-4459
13,3491738,-5865
13,3892151,-6880
13,4284279,-7078
13,4669169,-7834
13,5058825,-8486
13,5428407,-8592
13,5806599,-8934
13,6200372,-9175
13,6574277,-9087
13,6952125,-9450
13,7329442,-9811
13,7743264,-9796
13,8141246,-10095
13,8514860,-10229
13,8913164,-10252
13,9306666,-10387
13,9693216,-10365
13,10079838,-10388
13,10454571,-10375
13,10853459,-10327
13,11278622,-10289
13,11638167,-10225
13,12038385,-10160
13,12450673,-10101
13,12855047,-10061
13,13223039,-10015
13,13620548,-9992
13,13994078,-9968
13,14389960,-9963
13,14808490,-9956
13,15235432,-9959
13,15628632,-9972
13,16028494,-9978
13,16452379,-9994
13,16850683,-10003
13,17265387,-10018
13,17672194,-10019
13,18053086,-10030
13,18432140,-10029
13,18831857,-10033
13,19203580,-10032
13,19573254,-10031
13,19933500,-10026
13,20327028,-10028
13,20727840,-10021
13,21117979,-10020
13,21492244,-10018
13,21869402,-10017
13,22282512,-10015
13,22636528,-10015
13,23033045,-10014
13,23385272,-10015
13,23767316,-10014
13,24159443,-10014
13,24510832,-10014
13,24890668,-10014
13,25284512,-10014
13,25690701,-10014
13,26081912,-10013
13,26473749,-10013
13,26868641,-10012
13,27240252,-10011
13,27615670,-10011
13,27991751,-10011
13,28364166,-10011
13,28742022,-10010
13,29135448,-10010
13,29488639,-10010
13,29871964,-10009
13,30264239,-10009
13,30692571,-10008
13,31078846,-10008
13,31491996,-10007
13,31890957,-10007
13,32281584,-10007
13,32669251,-10007
13,33036544,-10004
13,33427101,-10005
13,33807020,-10005
13,34203461,-10005
13,34601566,-10004
13,34993426,-10006
13,35365300,-10005
13,35744551,-10003
13,36138123,-10003
13,36510739,-10004
13,36870947,-10003
13,37295523,-10003
13,37691385,-10002
13,38097426,-10002
13,38491583,-10001
13,38866477,-10001
13,39241261,-10001
13,39614338,-10001
13,39991022,-10001
13,40365721,-10001
13,40765012,-10001
13,41180659,-10001
13,41577100,-10001
13,41978136,-10001
13,42368159,-10000
13,42754090,-10000
13,43122335,-10000
13,43513534,-10000
13,43868093,-10000
13,44240971,-10000
13,44618158,-9999
13,44995644,-9999
13,45407401,-9999
13,45788098,-9999
13,46180985,-9999
13,46577078,-10000
13,46973392,-9998
13,47368003,-9998
13,47808080,-9998
14,716693,-8
14,1102877,-442
14,1515965,-1102
14,1910531,-1567
14,2286426,-2436
14,2680924,-3382
14,3055911,-4302
14,3410176,-5470
14,3763511,-6693
14,4119549,-7019
14,4537001,-7561
14,4932343,-8364
14,5308150,-8572
14,5705005,-8867
14,6105361,-9172
14,6495808,-9093
14,6890937,-9457
14,7311142,-9824
14,7700892,-9790
14,8056536,-10061
14,8413639,-10253
14,8788021,-10229
14,9193692,-10371
14,9555939,-10395
14,9909222,-10373
14,10269311,-10402
14,10681746,-10339
14,11075857,-10314
14,11436309,-10252
14,11806659,-10202
14,12168487,-10129
14,12558761,-10086
14,12929932,-10040
14,13308380,-10006
14,13679542,-9977
14,14075930,-9961
14,14480053,-9954
14,14867060,-9955
14,15259947,-9957
14,15643274,-9970
14,16035769,-9978
14,16414054,-9993
14,16807123,-10001
14,17191817,-10017
14,17591423,-10020
14,17951531,-10028
14,18353720,-10030
14,18764774,-10032
14,19116568,-10032
14,19493921,-10031
14,19888256,-10026
14,20364460,-10026
14,20886850,-10020
14,21405966,-10018
14,21925305,-10015
14,22435121,-10015
14,22949390,-10014
14,23468512,-10014
14,23913945,-10014
14,24319007,-10012
14,24802207,-10012
14,25253187,-10012
14,25776688,-10011
14,26219512,-10012
14,26718532,-10011
14,27147104,-10011
14,27656405,-10011
14,28100359,-10011
14,28591267,-10011
14,29114305,-10010
14,29611014,-10010
14,30136034,-10009
14,30601626,-10009
14,31094141,-10009
14,31538639,-10008
14,32007443,-10008
14,32529306,-10007
14,33030907,-10007
14,33552202,-10005
14,34069188,-10004
14,34517684,-10004
14,34897335,-10003
14,35383809,-10003
14,35900119,-10003
14,36334258,-10003
14,36735436,-10003
14,37098667,-10003
14,37503604,-10003
14,37870706,-10003
14,38267786,-10004
14,38640079,-10003
14,39034360,-10003
14,39390567,-10003
14,39784484,-10003
14,40156668,-10002
14,40535773,-10002
14,40930961,-10002
14,41307961,-10002
14,41703842,-10002
14,42112245,-10002
14,42518328,-10002
14,42886043,-10002
14,43248573,-10002
14,43640301,-10002
14,44011758,-10002
14,44370601,-10001
14,44763380,-10000
14,45115862,-10000
14,45502275,-10001
14,45891760,-10001
14,46284519,-10000
14,46657908,-10000
14,47032610,-10000
14,47387166,-10001
14,47741156,-10001
14,48114233,-10001
14,48497203,-10001
14,48870320,-10001
14,49287097,-9999
14,49680020,-10000
15,966739,-55
15,1472340,-792
15,1994639,-1563
15,2461236,-2424
15,2850695,-3505
15,3255195,-4593
15,3680442,-6033
15,4074167,-6912
15,4436536,-7048
15,4794037,-7805
15,5187148,-8460
15,5581020,-8584
15,5969300,-8917
15,6335677,-9162
15,6735306,-9092
15,7144046,-9528
15,7496545,-9810
15,7875599,-9799
15,8248162,-10110
15,8622356,-10258
15,8998136,-10255
15,9392317,-10409
15,9748473,-10407
15,10121818,-10412
15,10518140,-10432
15,10902860,-10363
15,11292638,-10334
15,11700365,-10262
15,12063412,-10201
15,12458658,-10132
15,12840430,-10082
15,13229237,-10020
15,13621574,-9996
15,14001831,-9956
15,14392888,-9951
15,14772897,-9938
15,15165839,-9942
15,15519838,-9943
15,15898327,-9961
15,16290956,-9965
15,16673918,-9988
15,17084768,-9996
15,17476647,-10012
15,17838608,-10017
15,18209070,-10028
15,18604512,-10027
15,19018850,-10034
15,19401427,-10033
15,19791400,-10031
15,20143987,-10025
15,20496294,-10028
15,20872822,-10021
15,21267495,-10019
15,21621468,-10016
15,21997381,-10015
15,22392724,-10013
15,22852834,-10011
15,23354170,-10011
15,23868014,-10011
15,24393296,-10011
15,24913293,-10011
15,25410526,-10012
15,25910707,-10012
15,26433196,-10011
15,26949449,-10010
15,27482185,-10008
15,27993550,-10008
15,28419307,-10008
15,28909470,-10008
15,29411626,-10008
15,29910647,-10008
15,30427963,-10007
15,30947681,-10007
15,31376896,-10007
15,31779690,-10007
15,32167537,-10006
15,32542549,-10005
15,32942618,-10003
15,33311457,-10005
15,33678963,-10004
15,34085032,-10004
15,34476795,-10003
15,34833059,-10003
15,35204651,-10004
15,35559380,-10003
15,35919261,-10003
15,36311584,-10003
15,36696216,-10004
15,37082449,-10003
15,37459472,-10003
15,37852665,-10003
15,38275230,-10003
15,38678018,-10002
15,39045340,-10002
15,39438508,-10002
15,39815627,-10002
15,40205774,-10002
15,40557987,-10002
15,40917586,-10002
15,41289891,-10001
15,41644815,-10001
15,42046494,-10001
15,42413339,-10001
15,42790690,-10001
15,43143499,-10000
15,43514885,-10000
15,43901986,-10000
15,44313240,-10000
15,44717914,-10000
15,45118233,-10000
15,45502112,-10001
15,45908712,-10001
15,46271290,-10001
15,46674622,-10000
16,737287,-9
16,1138804,-442
16,1546954,-1098
16,1954277,-1645
16,2345614,-2429
16,2728629,-3508
16,3120934,-4592
16,3525525,-5841
16,3891308,-6920
16,4285195,-7060
16,4662222,-7822
16,5077104,-8484
16,5428741,-8585
16,5786803,-8929
16,6200559,-9176
16,6564109,-9087
16,6954859,-9528
16,7366841,-9812
16,7745730,-9794
16,8139193,-10139
16,8564066,-10223
16,8950190,-10255
16,9310478,-10395
16,9680659,-10370
16,10074617,-10397
16,10451741,-10384
16,10848014,-10335
16,11243917,-10299
16,11638814,-10234
16,11992034,-10185
16,12346213,-10112
16,12743662,-10066
16,13138325,-10019
16,13525528,-9992
16,13914180,-9961
16,14285908,-9955
16,14683087,-9946
16,15060063,-9949
16,15457022,-9953
16,15868051,-9968
16,16263916,-9976
16,16643108,-9993
16,17035853,-10001
16,17408083,-10013
16,17766642,-10022
16,18158310,-10027
16,18547970,-10028
16,19075315,-10032
16,19649999,-10029
16,20157360,-10026
16,20688678,-10021
16,21196406,-10018
16,21634978,-10018
16,22019865,-10013
16,22435612,-10013
16,22845407,-10013
16,23242271,-10011
16,23603234,-10011
16,23992975,-10012
16,24366133,-10012
16,24745241,-10012
16,25138190,-10011
16,25491873,-10012
16,25892100,-10013
16,26262622,-10011
16,26620958,-10011
16,27011686,-10011
16,27384330,-10010
16,27744379,-10010
16,28118623,-10009
16,28521458,-10009
16,28930214,-10008
16,29284055,-10008
16,29660182,-10008
16,30055183,-10008
16,30405137,-10007
16,30763064,-10007
16,31117344,-10007
16,31491445,-10007
16,31895311,-10006
16,32269287,-10006
16,32661616,-10006
16,33054150,-10006
16,33427641,-10006
16,33784406,-10004
16,34155887,-10006
16,34520240,-10006
16,34907767,-10003
16,35260534,-10003
16,35640239,-10004
16,36035158,-10004
16,36408045,-10004
16,36764843,-10004
16,37161564,-10004
16,37566333,-10003
16,37934936,-10003
16,38317685,-10003
16,38704299,-10003
16,39118327,-10001
16,39523302,-10002
16,39887596,-10002
16,40239743,-10002
16,40598312,-10001
16,40992027,-10001
16,41364756,-10001
16,41724755,-10000
16,42117955,-10000
16,42490132,-10000
16,42888999,-10001
16,43263423,-10001
16,43616718,-10001
16,44011608,-10001
16,44384782,-10001
16,44742278,-10001
16,45092754,-10000
16,45468401,-10000
16,45866843,-10000
17,757097,-8
17,1119208,-443
17,1541214,-1101
17,1935706,-1648
17,2340411,-2432
17,2723689,-3516
17,3118435,-4613
17,3516244,-5865
17,3908177,-6936
17,4295392,-7124
17,4704387,-7972
17,5117229,-8521
17,5476126,-8630
17,5867836,-8986
17,6240721,-9148
17,6640689,-9123
17,7033778,-9594
17,7410898,-9783
17,7806243,-9808
17,8182994,-10157
17,8581184,-10192
17,8990956,-10255
17,9347995,-10375
17,9721053,-10341
17,10116042,-10381
17,10472888,-10359
17,10847071,-10319
17,11220223,-10283
17,11601996,-10224
17,11995881,-10170
17,12392625,-10104
17,12788292,-10059
17,13182524,-10017
17,13563673,-9998
17,13931938,-9964
17,14320859,-9963
17,14680515,-9952
17,15077488,-9957
17,15472533,-9957
17,15867761,-9975
17,16275255,-9979
17,16638246,-9996
17,17033946,-10002
17,17412740,-10016
17,17805464,-10019
17,18160347,-10026
17,18557905,-10026
17,18928608,-10032
17,19295151,-10030
17,19703686,-10027
17,20096748,-10025
17,20471580,-10025
17,20865551,-10019
17,21221587,-10019
17,21596186,-10016
17,21969720,-10016
17,22370533,-10014
17,22763273,-10014
17,23136792,-10012
17,23494249,-10012
17,23888027,-10011
17,24273686,-10011
17,24659976,-10011
17,25042873,-10011
17,25433445,-10011
17,25831731,-10010
17,26219683,-10010
17,26601762,-10010
17,26972465,-10010
17,27368922,-10009
17,27742517,-10009
17,28096300,-10010
17,28473354,-10010
17,28867147,-10009
17,29220683,-10009
17,29612372,-10009
17,29995618,-10008
17,30415036,-10007
17,30806330,-10007
17,31204391,-10007
17,31597817,-10007
17,31991019,-10007
17,32347219,-10007
17,32742306,-10007
17,33114994,-10006
17,33477304,-10005
17,33869812,-10004
17,34242818,-10004
17,34639898,-10003
17,35015863,-10003
17,35412315,-10005
17,35805375,-10003
17,36178298,-10003
17,36539083,-10004
17,36910283,-10005
17,37313753,-10003
17,37704331,-10003
17,38095447,-10004
17,38492193,-10004
17,38845270,-10002
17,39220535,-10002
17,39617891,-10003
17,40012715,-10003
17,40390347,-10002
17,40783627,-10002
17,41158238,-10002
17,41514364,-10002
17,41907914,-10001
17,42272610,-10001
17,42641763,-10002
17,43033512,-10002
17,43410720,-10001
17,43804247,-10001
17,44159731,-10001
17,44539756,-10002
17,44931934,-10002
17,45316871,-10001
17,45701808,-10001
17,46116254,-10001
17,46474562,-10001
17,46844828,-10000
17,47240983,-10000
17,47660586,-10000
17,48053514,-10000
17,48433657,-10000
17,48847927,-10000
17,49243431,-10001
17,49652456,-10000
17,50013345,-10000
17,50386256,-10001
18,715211,-7
18,1120329,-441
18,1518433,-1029
18,1891179,-1564
18,2316459,-2431
18,2710948,-3508
18,3120627,-4599
18,3517422,-6047
18,3910059,-6923
18,4289639,-7107
18,4706863,-7959
18,5099075,-8514
18,5475194,-8628
18,5870531,-9039
18,6287813,-9147
18,6706591,-9171
18,7112333,-9713
18,7521977,-9768
18,7913669,-9893
18,8315280,-10211
18,8708096,-10198
18,9100252,-10336
18,9496756,-10384
18,9894809,-10358
18,10290852,-10393
18,10685543,-10327
18,11085720,-10302
18,11497837,-10238
18,11889761,-10185
18,12290565,-10111
18,12682435,-10075
18,13037405,-10027
18,13417350,-9997
18,13811112,-9965
18,14210536,-9959
18,14578935,-9949
18,14996448,-9952
18,15393814,-9953
18,15786164,-9969
18,16173213,-9976
18,16537605,-9992
18,16932430,-9999
18,17287846,-10015
18,17703071,-10018
18,18061692,-10026
18,18457881,-10029
18,18847293,-10033
18,19241901,-10030
18,19598686,-10030
18,19993664,-10028
18,20349420,-10026
18,20722128,-10021
18,21096802,-10021
18,21523905,-10017
18,21894297,-10014
18,22289520,-10014
18,22684336,-10015
18,23083919,-10012
18,23497324,-10012
18,23891579,-10012
18,24300492,-10012
18,24663426,-10011
18,25058745,-10012
18,25439978,-10012
18,25834396,-10011
18,26250271,-10011
18,26619425,-10011
18,26971330,-10011
18,27372065,-10010
18,27744379,-10010
18,28097354,-10010
18,28495528,-10010
18,28867592,-10009
18,29224641,-10009
18,29619631,-10009
18,29993396,-10009
18,30348572,-10009
18,30724306,-10008
18,31097079,-10007
18,31472497,-10007
18,31847425,-10007
18,32248210,-10004
18,32663311,-10005
18,33058242,-10005
18,33459583,-10004
18,33850545,-10004
18,34225708,-10004
18,34599175,-10004
18,34994279,-10003
18,35351078,-10003
18,35724496,-10003
18,36121969,-10003
18,36495974,-10003
18,36892689,-10003
18,37289727,-10003
18,37683296,-10003
18,38082618,-10003
18,38494582,-10002
18,38888738,-10002
18,39245586,-10002
18,39617827,-10002
18,39971818,-10001
18,40349143,-10001
18,40743764,-10001
18,41099894,-10001
18,41494067,-9999
18,41869251,-10000
18,42224776,-10000
18,42618770,-10000
18,42993900,-10000
18,43354778,-10000
18,43744939,-10000
18,44117607,-10000
18,44518314,-10000
18,44889184,-9999
18,45244389,-9999
19,736494,-11
19,1117450,-358
19,1472426,-953
19,1846956,-1491
19,2242153,-2178
19,2604220,-3251
19,3037388,-4315
19,3430988,-5673
19,3832438,-6797
19,4222984,-7044
19,4630371,-7709
19,5013079,-8434
19,5366546,-8572
19,5743702,-8874
19,6137797,-9154
19,6490544,-9079
19,6848922,-9289
19,7243073,-9766
19,7646863,-9745
19,8032571,-9980
19,8390975,-10210
19,8789352,-10199
19,9199209,-10348
19,9552218,-10364
19,9931883,-10361
19,10325346,-10389
19,10681897,-10332
19,11056238,-10308
19,11450929,-10246
19,11848978,-10194
19,12242797,-10123
19,12648957,-10077
19,13041037,-10022
19,13450427,-9999
19,13806040,-9968
19,14178962,-9960
19,14576082,-9947
19,14954235,-9952
19,15344073,-9952
19,15702780,-9964
19,16076701,-9970
19,16469937,-9987
19,16847074,-9995
19,17242221,-10008
19,17605018,-10013
19,17972444,-10023
19,18323762,-10024
19,18678863,-10026
19,19051605,-10028
19,19448729,-10028
19,19803889,-10025
19,20177415,-10023
19,20572840,-10020
19,20998217,-10018
19,21390581,-10016
19,21790983,-10015
19,22180509,-10011
19,22557056,-10012
19,22950504,-10009
19,23325873,-10010
19,23714465,-10010
19,24096422,-10010
19,24471057,-10010
19,24827010,-10010
19,25221209,-10010
19,25609981,-10010
19,25993551,-10010
19,26366305,-10010
19,26743835,-10010
19,27136623,-10010
19,27500175,-10009
19,27896157,-10008
19,28291123,-10008
19,28685963,-10007
19,29076170,-10007
19,29472552,-10007
19,29850413,-10007
19,30243938,-10006
19,30647153,-10006
19,31012879,-10005
19,31387791,-10005
19,31793775,-10005
19,32158269,-10005
19,32516526,-10005
19,32914715,-10004
19,33325722,-10004
19,33684054,-10004
19,34078767,-10004
19,34451266,-10003
19,34849768,-10003
19,35244402,-10003
19,35653289,-10003
19,36036432,-10003
19,36454198,-10003
19,36848357,-10003
19,37244845,-10003
19,37627782,-10003
19,38015496,-10003
19,38390979,-10002
19,38763515,-10002
19,39159793,-10002
19,39553011,-10002
19,39929258,-10001
19,40305207,-10001
19,40681461,-10002
19,41053216,-10002
19,41429641,-10002
19,41826469,-10002
19,42222093,-10002
19,42585998,-10001
19,42998457,-10001
19,43370631,-10001
19,43767388,-10001
19,44164738,-10001
19,44555638,-10001
19,44951224,-10001
19,45349412,-10000
19,45742636,-10000
19,46140139,-10000
19,46534229,-10001
19,46931328,-10000
19,47306657,-10000
19,47703902,-10001
20,736108,-7
20,1145911,-439
20,1538680,-1095
20,1943615,-1561
20,2305827,-2300
20,2658735,-3249
20,3035458,-4170
20,3387777,-5297
20,3741816,-6562
20,4142151,-7008
20,4514115,-7350
20,4867477,-8195
20,5249041,-8555
20,5641850,-8754
20,6040107,-9113
20,6412997,-9100
20,6807253,-9221
20,7207200,-9744
20,7582279,-9757
20,7981294,-9933
20,8369921,-10206
20,8766656,-10190
20,9162450,-10322
20,9556306,-10358
20,9945185,-10347
20,10311765,-10373
20,10704904,-10315
20,11106276,-10291
20,11495780,-10224
20,11868286,-10179
20,12245111,-10108
20,12638954,-10071
20,12995297,-10024
20,13370134,-9996
20,13763613,-9967
20,14121182,-9957
20,14493582,-9953
20,14867021,-9950
20,15264476,-9953
20,15616610,-9963
20,16007748,-9973
20,16390846,-9984
20,16741874,-9996
20,17119578,-10008
20,17514278,-10015
20,17867196,-10019
20,18243485,-10024
20,18642994,-10027
20,19063862,-10028
20,19457026,-10027
20,19827302,-10023
20,20183414,-10023
20,20579468,-10021
20,20970483,-10018
20,21371311,-10016
20,21764745,-10016
20,22120558,-10011
20,22513064,-10011
20,22891776,-10011
20,23303955,-10011
20,23664072,-10011
20,24060497,-10011
20,24431116,-10010
20,24784368,-10010
20,25142402,-10011
20,25536776,-10011
20,25908139,-10010
20,26306395,-10011
20,26678215,-10010
20,27036696,-10010
20,27428385,-10010
20,27802467,-10009
20,28160808,-10008
20,28512361,-10008
20,28875842,-10008
20,29244781,-10008
20,29658846,-10007
20,30018280,-10007
20,30412570,-10007
20,30785259,-10007
20,31142126,-10007
20,31535686,-10006
20,31888829,-10005
20,32266579,-10005
20,32658574,-10005
20,33016516,-10004
20,33390086,-10005
20,33782825,-10005
20,34164190,-10004
20,34576064,-10004
20,34939868,-10004
20,35327016,-10003
20,35679700,-10003
20,36037133,-10003
20,36409039,-10002
20,36760341,-10002
20,37116822,-10002
20,37491372,-10002
20,37886009,-10001
20,38291438,-10001
20,38662421,-10001
20,39058100,-10002
20,39432752,-10002
20,39827485,-10001
20,40205803,-10000
20,40597903,-10000
20,41018220,-9999
20,41411930,-9999
20,41787593,-9999
20,42186236,-9999
20,42579632,-9999
20,42974603,-9999
20,43367313,-9999
20,43742374,-9999
20,44138691,-9999
20,44492180,-9999
20,44867619,-9999
20,45264485,-9999
21,753693,1
21,1121171,-356
21,1531258,-1024
21,1955674,-1560
21,2346132,-2430
21,2743787,-3508
21,3181827,-4604
21,3581728,-6056
21,3968747,-6928
21,4486371,-7343
21,5004407,-8425
21,5522791,-8650
21,6062705,-9132
21,6600894,-9081
21,7123197,-9707
21,7589772,-9759
21,8056688,-10042
21,8523387,-10218
21,9103390,-10338
21,9702389,-10354
21,10213502,-10394
21,10760251,-10326
21,11177171,-10300
21,11555832,-10225
21,12039510,-10153
21,12488642,-10089
21,12965167,-10026
21,13476218,-9988
21,13997535,-9950
21,14442811,-9949
21,14916155,-9944
21,15434577,-9948
21,15936597,-9967
21,16380439,-9978
21,16872651,-9994
21,17368286,-10011
21,17873626,-10021
21,18317810,-10025
21,18809319,-10026
21,19256039,-10027
21,19678799,-10027
21,20054070,-10022
21,20446330,-10022
21,20845824,-10017
21,21234493,-10016
21,21596955,-10014
21,21983123,-10013
21,22336602,-10011
21,22692600,-10011
21,23065362,-10010
21,23418109,-10010
21,23780228,-10010
21,24150193,-10010
21,24547522,-10011
21,24967506,-10012
21,25356275,-10011
21,25734072,-10011
21,26086694,-10011
21,26438753,-10011
21,26794681,-10009
21,27148394,-10009
21,27520294,-10009
21,27897423,-10009
21,28273325,-10008
21,28653554,-10008
21,29066029,-10008
21,29462304,-10007
21,29837790,-10007
21,30189461,-10007
21,30543153,-10007
21,30939944,-10007
21,31293386,-10007
21,31668401,-10007
21,32023003,-10007
21,32397904,-10007
21,32794054,-10007
21,33146511,-10006
21,33523937,-10005
21,33919655,-10005
21,34271927,-10004
21,34668330,-10003
21,35048103,-10004
21,35472567,-10004
21,35866248,-10003
21,36233527,-10003
21,36605692,-10003
21,36986035,-10003
21,37361703,-10001
21,37761820,-10001
21,38170915,-10002
21,38529487,-10002
21,38904682,-10001
21,39297594,-10002
21,39699448,-10002
21,40068728,-10001
21,40464209,-10002
21,40841694,-10002
21,41235683,-10000
21,41647383,-10000
21,42027006,-10001
21,42420414,-10001
21,42775859,-10000
21,43170578,-9999
21,43543399,-9999
21,43964645,-10000
21,44357711,-9999
21,44713680,-9999
21,45066587,-10000
21,45440292,-10000
21,45801419,-10000
21,46221384,-9999
21,46622179,-9999
22,727220,-8
22,1095250,-439
22,1509624,-1098
22,1905610,-1643
22,2299299,-2428
22,2672658,-3375
22,3029076,-4446
22,3423213,-5670
22,3804081,-6874
22,4213994,-7035
22,4608046,-7700
22,4985285,-8427
22,5362661,-8569
22,5768467,-8918
22,6160185,-9152
22,6548429,-9062
22,6929287,-9507
22,7324010,-9783
22,7739714,-9776
22,8115248,-10126
22,8510657,-10207
22,8906844,-10242
22,9280383,-10379
22,9632616,-10354
22,9988560,-10370
22,10361414,-10377
22,10717223,-10316
22,11113307,-10290
22,11486736,-10225
22,11844370,-10171
22,12236159,-10105
22,12589577,-10068
22,12968925,-10013
22,13372875,-9991
22,13757549,-9957
22,14153095,-9950
22,14526619,-9944
22,14904097,-9945
22,15255403,-9947
22,15629940,-9961
22,15986433,-9970
22,16338814,-9981
22,16713162,-9994
22,17116212,-10008
22,17530702,-10013
22,17928931,-10023
22,18304145,-10025
22,18696762,-10026
22,19115767,-10027
22,19505745,-10027
22,19883423,-10022
22,20235862,-10022
22,20588104,-10019
22,20967246,-10015
22,21359779,-10014
22,21712837,-10011
22,22091352,-10010
22,22482917,-10010
22,22841288,-10009
22,23214578,-10009
22,23609411,-10009
22,23986451,-10009
22,24338091,-10009
22,24734135,-10009
22,25161031,-10009
22,25552358,-10009
22,25924900,-10009
22,26322799,-10009
22,26732663,-10009
22,27130850,-10009
22,27504612,-10008
22,27865484,-10008
22,28260503,-10008
22,28633596,-10007
22,28988999,-10005
22,29377081,-10006
22,29866499,-10006
22,30276337,-10006
22,30680849,-10006
22,31063312,-10006
22,31517511,-10006
22,31932893,-10006
22,32319649,-10004
22,32672728,-10004
22,33027079,-10004
22,33379500,-10004
22,33753767,-10003
22,34160056,-10003
22,34532159,-10004
22,34928400,-10003
22,35304466,-10003
22,35692668,-10002
22,36056759,-10002
22,36427425,-10002
22,36825239,-10002
22,37234430,-10002
22,37587216,-10002
22,37993921,-10002
22,38369832,-10002
22,38770252,-10002
22,39136777,-10002
22,39530506,-10001
22,39927937,-10001
22,40302512,-10001
22,40676985,-10001
22,41076480,-10001
22,41484578,-10000
22,41866843,-10000
22,42241678,-9999
22,42637388,-9999
22,43034605,-9999
22,43425326,-9999
22,43793455,-9999
22,44156759,-9999
22,44549956,-9999
22,44907067,-9999
22,45280231,-9999
22,45675484,-9999
22,46030559,-9999
22,46435837,-9998
22,46828859,-9999
23,654814,2
23,1058771,-356
23,1413551,-955
23,1781719,-1415
23,2138442,-2048
23,2490898,-2974
23,2836388,-3891
23,3209536,-4922
23,3551838,-6040
23,3897535,-6952
23,4251966,-7050
23,4587900,-7677
23,4943652,-8413
23,5270823,-8547
23,5618855,-8736
23,5958253,-9071
23,6269661,-9150
23,6582855,-9081
23,6916121,-9433
23,7228427,-9772
23,7550306,-9749
23,7895696,-9881
23,8204757,-10161
23,8517106,-10219
23,8831590,-10226
23,9165143,-10359
23,9476340,-10393
23,9796171,-10358
23,10142510,-10402
23,10454742,-10382
23,10768739,-10334
23,11079482,-10316
23,11392788,-10254
23,11728415,-10209
23,12121677,-10127
23,12526327,-10082
23,12950256,-10019
23,13368846,-9993
23,13694827,-9960
23,14050373,-9945
23,14394588,-9944
23,14707264,-9936
23,15017578,-9939
23,15345700,-9941
23,15675215,-9956
23,16003470,-9963
23,16334734,-9974
23,16649023,-9988
23,16999967,-9997
23,17343516,-10008
23,17677668,-10010
23,18004625,-10022
23,18330974,-10023
23,18666416,-10024
23,18996118,-10025
23,19331203,-10027
23,19709895,-10024
23,20072407,-10022
23,20397675,-10023
23,20751632,-10017
23,21109776,-10016
23,21487367,-10015
23,21839308,-10011
23,22169253,-10010
23,22496515,-10011
23,22855702,-10011
23,23211891,-10010
23,23624883,-10010
23,23983160,-10011
23,24338823,-10010
23,24691653,-10010
23,25039621,-10010
23,25355901,-10010
23,25716776,-10010
23,26070970,-10010
23,26415013,-10010
23,26746168,-10008
23,27223657,-10008
23,27647445,-10007
23,27991350,-10007
23,28339617,-10007
23,28699679,-10007
23,29043593,-10007
23,29354631,-10007
23,29676082,-10007
23,30023939,-10007
23,30377886,-10006
23,30730054,-10006
23,31044095,-10006
23,31392555,-10006
23,31702640,-10006
23,32014390,-10005
23,32370670,-10005
23,32727947,-10005
23,33042503,-10005
23,33393393,-10004
23,33707215,-10005
23,34019595,-10005
23,34334560,-10005
23,34674135,-10004
23,35022488,-10004
23,35381380,-10004
23,35734044,-10004
23,36113702,-10003
23,36470544,-10003
23,36806940,-10003
23,37156217,-10003
23,37510055,-10002
23,37886077,-10002
23,38219443,-10002
23,38583485,-10002
23,38930442,-10001
23,39280894,-10001
23,39621125,-10001
23,39988354,-10001
23,40366819,-10001
23,40725492,-10001
23,41099426,-10001
23,41501310,-10001
23,41855117,-10001
23,42228507,-10001
23,42608812,-10001
23,42999694,-10000
23,43373003,-10000
23,43772062,-10000
23,44126412,-10000
24,717151,-8
24,1097896,-355
24,1470622,-1023
24,1875560,-1558
24,2280567,-2421
24,2697316,-3373
24,3054700,-4445
24,3447890,-5657
24,3821146,-6861
24,4219770,-7056
24,4614972,-7687
24,5015298,-8467
24,5406364,-8588
24,5801553,-8971
24,6197414,-9156
24,6570866,-9069
24,6927274,-9430
24,7300846,-9779
24,7655538,-9745
24,8037243,-10027
24,8408260,-10216
24,8801053,-10205
24,9199359,-10367
24,9602350,-10363
24,9979246,-10373
24,10374496,-10384
24,10743879,-10322
24,11120747,-10298
24,11491723,-10231
24,11879473,-10176
24,12259598,-10101
24,12654324,-10063
24,13033597,-10009
24,13429033,-9985
24,13800636,-9952
24,14202562,-9948
24,14591197,-9937
24,14969688,-9939
24,15342481,-9942
24,15706959,-9957
24,16097800,-9966
24,16493642,-9981
24,16871459,-9992
24,17262549,-10005
24,17653267,-10011
24,18030234,-10019
24,18403796,-10019
24,18777739,-10024
24,19181488,-10024
24,19591929,-10023
24,19970461,-10019
24,20344610,-10019
24,20718103,-10015
24,21075560,-10012
24,21468762,-10010
24,21854876,-10010
24,22240526,-10008
24,22618054,-10008
24,23014883,-10006
24,23424888,-10007
24,23779249,-10007
24,24155951,-10007
24,24550908,-10007
24,24908345,-10008
24,25300421,-10008
24,25702288,-10008
24,26183492,-10008
24,26637191,-10008
24,27063570,-10008
24,27437440,-10006
24,27921274,-10006
24,28342245,-10007
24,28741023,-10005
24,29138595,-10005
24,29532619,-10005
24,29931506,-10005
24,30318888,-10005
24,30697278,-10005
24,31094999,-10004
24,31467747,-10004
24,31831707,-10003
24,32222070,-10003
24,32619419,-10003
24,33015988,-10003
24,33411625,-10003
24,33800877,-10003
24,34175862,-10003
24,34533846,-10003
24,34956616,-10002
24,35350026,-10002
24,35715231,-10002
24,36071681,-10002
24,36465862,-10002
24,36822061,-10002
24,37196160,-10001
24,37610763,-10001
24,37966925,-10001
24,38318771,-10001
24,38679042,-10001
24,39081621,-10001
24,39454490,-9999
24,39855931,-9999
24,40217907,-10000
24,40589695,-10000
24,40980123,-10000
24,41352643,-10000
24,41738463,-10000
24,42114970,-10000
24,42522281,-10000
24,42904462,-10000
24,43309603,-10000
24,43694635,-9999
24,44054192,-10000
24,44425095,-10000
24,44838264,-10000
25,703583,-8
25,1064531,-355
25,1415042,-950
25,1795190,-1483
25,2194424,-2170
25,2544988,-3112
25,2898838,-4024
25,3287251,-5288
25,3676451,-6559
25,4034971,-7002
25,4428069,-7327
25,4821860,-8272
25,5202411,-8542
25,5573170,-8688
25,5960101,-9108
25,6345945,-9098
25,6742701,-9288
25,7157219,-9773
25,7594399,-9752
25,7984253,-9980
25,8344345,-10215
25,8738543,-10193
25,9121250,-10342
25,9508522,-10360
25,9884035,-10355
25,10281067,-10373
25,10677728,-10319
25,11053586,-10291
25,11447025,-10227
25,11819539,-10184
25,12178710,-10109
25,12594887,-10065
25,12994151,-10010
25,13404202,-9990
25,13758592,-9958
25,14136882,-9949
25,14530022,-9943
25,14881548,-9942
25,15259073,-9944
25,15655817,-9959
25,16008932,-9965
25,16383327,-9983
25,16779389,-9990
25,17134040,-10003
25,17506913,-10009
25,17902485,-10019
25,18301312,-10020
25,18674408,-10024
25,19051589,-10023
25,19403426,-10023
25,19756907,-10019
25,20170773,-10019
25,20531371,-10015
25,20926379,-10013
25,21327573,-10010
25,21719353,-10009
25,22121331,-10008
25,22507127,-10008
25,22884262,-10006
25,23284723,-10008
25,23675894,-10008
25,24052716,-10008
25,24448377,-10008
25,24821910,-10008
25,25179247,-10008
25,25575181,-10008
25,25957474,-10007
25,26344734,-10008
25,26716582,-10008
25,27072031,-10008
25,27425763,-10007
25,27777680,-10008
25,28134057,-10007
25,28509403,-10007
25,28883283,-10006
25,29280195,-10006
25,29632005,-10006
25,30009618,-10006
25,30404813,-10006
25,30757017,-10006
25,31137932,-10006
25,31542424,-10006
25,31940566,-10005
25,32303005,-10005
25,32697231,-10005
25,33102595,-10005
25,33564807,-10004
25,34038059,-10004
25,34420776,-10004
25,34822069,-10004
25,35239687,-10004
25,35651682,-10004
25,36046321,-10004
25,36466414,-10003
25,36869720,-10003
25,37266183,-10003
25,37665749,-10003
25,38044900,-10003
25,38439786,-10002
25,38813554,-10002
25,39220096,-10002
25,39625543,-10002
25,40044266,-10002
25,40439551,-10002
25,40805355,-10002
25,41202108,-10001
25,41575478,-10001
25,42004733,-10001
25,42419529,-10001
25,42787622,-10001
25,43160902,-10001
25,43554218,-10001
25,43943910,-10001
25,44333464,-10001
25,44767444,-10001
25,45163990,-10001
25,45556734,-10001
25,45963751,-10001
25,46328717,-10001
26,714955,-9
26,1125622,-439
26,1520752,-1088
26,1932384,-1553
26,2304035,-2421
26,2702265,-3503
26,3096616,-4446
26,3452107,-5662
26,3825511,-6869
26,4222560,-7060
26,4639432,-7692
26,4992462,-8428
26,5370739,-8571
26,5764142,-8857
26,6116868,-9149
26,6476211,-9072
26,6848439,-9277
26,7202355,-9734
26,7579921,-9741
26,7952115,-9924
26,8330239,-10211
26,8746971,-10191
26,9196233,-10364
26,9604038,-10361
26,9973298,-10361
26,10352308,-10383
26,10747101,-10324
26,11138647,-10297
26,11496812,-10235
26,11871780,-10178
26,12275629,-10104
26,12663012,-10066
26,13033915,-10015
26,13390875,-9987
26,13785229,-9955
26,14158058,-9946
26,14536229,-9938
26,14928999,-9939
26,15291295,-9943
26,15683724,-9957
26,16073924,-9964
26,16457536,-9982
26,16828169,-9991
26,17242642,-10007
26,17642523,-10009
26,18015538,-10023
26,18411542,-10021
26,18807352,-10025
26,19199639,-10026
26,19578255,-10025
26,19950791,-10020
26,20355972,-10021
26,20835512,-10016
26,21276769,-10012
26,21644696,-10010
26,22037077,-10009
26,22434326,-10008
26,22811148,-10007
26,23259053,-10007
26,23661639,-10007
26,24044436,-10007
26,24420508,-10008
26,24809960,-10009
26,25226829,-10008
26,25625279,-10008
26,25999448,-10008
26,26413079,-10008
26,26815419,-10008
26,27183545,-10008
26,27587005,-10007
26,27976653,-10007
26,28375376,-10006
26,28747729,-10007
26,29142484,-10007
26,29540050,-10007
26,29938820,-10007
26,30352417,-10005
26,30748688,-10005
26,31141911,-10005
26,31538792,-10004
26,31939101,-10005
26,32352788,-10005
26,32747414,-10005
26,33141778,-10003
26,33557440,-10004
26,33979184,-10004
26,34374407,-10003
26,34745508,-10003
26,35145405,-10004
26,35539814,-10003
26,35934382,-10003
26,36331912,-10003
26,36703552,-10003
26,37103629,-10003
26,37497408,-10003
26,37871073,-10003
26,38288413,-10003
26,38689470,-10003
26,39100679,-10002
26,39501563,-10002
26,39872682,-10002
26,40284785,-10002
26,40685610,-10001
26,41079241,-10001
26,41462324,-10001
26,41853875,-10001
26,42258341,-10000
26,42644845,-10000
26,43038568,-10000
26,43450816,-10001
26,43850946,-10001
26,44258851,-10001
26,44623225,-10001
26,44996297,-10001
26,45395207,-10001
26,45787745,-10001
27,755564,-8
27,1119107,-355
27,1471070,-948
27,1826382,-1411
27,2200617,-2044
27,2574932,-3108
27,2958574,-4160
27,3367240,-5288
27,3726491,-6691
27,4120404,-7003
27,4495682,-7441
27,4891713,-8276
27,5285327,-8546
27,5681914,-8798
27,6055124,-9127
27,6427490,-9081
27,6803799,-9275
27,7199508,-9725
27,7557065,-9737
27,7931064,-9921
27,8325092,-10194
27,8704987,-10184
27,9096866,-10308
27,9448498,-10380
27,9808041,-10346
27,10200329,-10393
27,10574104,-10340
27,10972528,-10315
27,11354784,-10250
27,11745410,-10200
27,12116207,-10138
27,12469305,-10086
27,12827168,-10044
27,13199464,-10000
27,13551828,-9978
27,13935196,-9946
27,14305910,-9944
27,14682258,-9934
27,15077144,-9938
27,15430424,-9942
27,15807483,-9959
27,16202167,-9966
27,16552716,-9984
27,16933270,-9994
27,17325973,-10006
27,17702421,-10011
27,18055999,-10019
27,18426695,-10021
27,18828393,-10025
27,19222819,-10025
27,19594102,-10024
27,19993284,-10022
27,20344779,-10019
27,20723549,-10016
27,21117910,-10015
27,21489714,-10012
27,21847025,-10009
27,22199947,-10009
27,22552122,-10008
27,22930249,-10007
27,23324343,-10007
27,23700341,-10007
27,24052395,-10007
27,24449620,-10007
27,24817026,-10007
27,25217144,-10007
27,25640769,-10008
27,26042030,-10008
27,26453654,-10008
27,26899417,-10008
27,27335990,-10008
27,27727198,-10007
27,28097924,-10007
27,28449894,-10007
27,28831044,-10006
27,29203007,-10006
27,29595433,-10005
27,29995780,-10006
27,30386842,-10005
27,30746883,-10004
27,31118541,-10006
27,31469784,-10005
27,31830083,-10004
27,32220859,-10004
27,32594634,-10004
27,32992176,-10003
27,33418259,-10003
27,33860898,-10004
27,34264393,-10003
27,34658081,-10003
27,35049521,-10004
27,35431678,-10004
27,35906210,-10003
27,36331254,-10003
27,36690483,-10003
27,37040030,-10003
27,37381647,-10001
27,37751688,-10002
27,38104080,-10002
27,38462024,-10002
27,38842412,-10001
27,39193791,-10001
27,39562110,-10001
27,39933434,-10001
27,40317077,-10001
27,40691879,-10001
27,41043807,-10001
27,41446595,-10001
27,41801824,-10001
27,42177093,-10001
27,42571249,-10001
27,42967888,-10001
27,43348799,-10000
27,43747470,-10000
27,44121872,-10000
28,738774,-1
28,1110189,-356
28,1497939,-1020
28,1911467,-1551
28,2306812,-2286
28,2702268,-3366
28,3106107,-4439
28,3494205,-5850
28,3910576,-6924
28,4309924,-7106
28,4702024,-7828
28,5096362,-8515
28,5494895,-8620
28,5889516,-8979
28,6278395,-9156
28,6682717,-9116
28,7096297,-9655
28,7475812,-9787
28,7848303,-9847
28,8250984,-10189
28,8642676,-10198
28,9034456,-10274
28,9438065,-10369
28,9828550,-10334
28,10229072,-10364
28,10620910,-10313
28,11015454,-10277
28,11418187,-10219
28,11786082,-10167
28,12205044,-10094
28,12599176,-10058
28,12993264,-10005
28,13390763,-9982
28,13788985,-9951
28,14204364,-9946
28,14597400,-9942
28,15003941,-9944
28,15374221,-9949
28,15764324,-9963
28,16155773,-9974
28,16560564,-9988
28,16955865,-10000
28,17354534,-10007
28,17747022,-10016
28,18130401,-10019
28,18498723,-10021
28,18887996,-10024
28,19275019,-10024
28,19662095,-10019
28,20075433,-10019
28,20454703,-10017
28,20846980,-10014
28,21297916,-10011
28,21698609,-10011
28,22122248,-10008
28,22496126,-10009
28,22889035,-10009
28,23284133,-10009
28,23691525,-10009
28,24078464,-10009
28,24474153,-10009
28,24846743,-10009
28,25243657,-10008
28,25618033,-10008
28,26013423,-10008
28,26441778,-10008
28,26833101,-10008
28,27227378,-10008
28,27597869,-10008
28,27992824,-10007
28,28374368,-10007
28,28787639,-10007
28,29206680,-10007
28,29598664,-10006
28,29992792,-10006
28,30371911,-10006
28,30765681,-10006
28,31153189,-10005
28,31541015,-10005
28,31951522,-10005
28,32346548,-10005
28,32723815,-10005
28,33129373,-10004
28,33493911,-10004
28,33909098,-10004
28,34327255,-10004
28,34731267,-10003
28,35133181,-10003
28,35500368,-10003
28,35888866,-10003
28,36262925,-10004
28,36661094,-10003
28,37071881,-10003
28,37475195,-10004
28,37856101,-10003
28,38243766,-10002
28,38614432,-10002
28,38969942,-10002
28,39327396,-10002
28,39733184,-10002
28,40094100,-10002
28,40509784,-10002
28,40912369,-10002
28,41333128,-10001
28,41724393,-10001
28,42095325,-10001
28,42495601,-10001
28,42865473,-10001
28,43224749,-10001
28,43620598,-10001
28,43990270,-10001
28,44349763,-10001
28,44764052,-10001
28,45174225,-10001
28,45535688,-10001
28,45926530,-10000
28,46303598,-10000
28,46698526,-10000
29,717537,-9
29,1084016,-439
29,1474614,-1093
29,1890018,-1641
29,2282242,-2428
29,2660214,-3501
29,3053693,-4442
29,3426356,-5659
29,3785389,-6858
29,4178096,-7024
29,4530873,-7558
29,4907505,-8354
29,5261884,-8551
29,5616212,-8742
29,5989490,-9132
29,6384459,-9092
29,6748527,-9271
29,7165610,-9754
29,7566149,-9735
29,7952795,-9963
29,8346002,-10201
29,8702194,-10188
29,9115425,-10343
29,9511359,-10355
29,9907167,-10359
29,10285443,-10377
29,10681824,-10320
29,11055716,-10293
29,11450111,-10228
29,11804339,-10181
29,12159052,-10114
29,12530407,-10068
29,12929859,-10016
29,13282287,-9990
29,13683744,-9956
29,14076061,-9944
29,14430106,-9937
29,14785834,-9936
29,15180203,-9938
29,15530364,-9949
29,15917543,-9961
29,16324971,-9973
29,16679541,-9986
29,17031089,-9997
29,17385466,-10007
29,17746975,-10013
29,18137701,-10019
29,18513431,-10021
29,18892881,-10023
29,19283427,-10023
29,19638147,-10019
29,19991430,-10017
29,20364575,-10019
29,20746210,-10013
29,21143339,-10012
29,21604124,-10010
29,22022542,-10008
29,22415464,-10007
29,22817028,-10007
29,23186518,-10009
29,23593801,-10008
29,23957108,-10008
29,24347664,-10008
29,24770856,-10009
29,25184532,-10009
29,25590343,-10009
29,25959993,-10009
29,26347539,-10008
29,26770337,-10008
29,27163011,-10007
29,27534796,-10007
29,27932538,-10006
29,28306997,-10005
29,28703403,-10004
29,29082428,-10005
29,29476481,-10004
29,29890793,-10005
29,30286630,-10005
29,30669605,-10005
29,31056358,-10004
29,31479972,-10005
29,31885676,-10005
29,32291618,-10003
29,32662445,-10003
29,33055376,-10003
29,33456821,-10004
29,33865129,-10003
29,34248633,-10002
29,34704986,-10002
29,35125514,-10002
29,35519810,-10002
29,35935064,-10001
29,36327472,-10001
29,36714736,-10001
29,37100900,-10000
29,37564744,-10000
29,37935178,-10000
29,38327599,-10000
29,38711762,-10000
29,39098845,-10000
29,39513735,-10000
29,39912105,-10000
29,40284847,-10001
29,40696201,-10001
29,41059517,-10000
29,41452188,-10000
29,41855450,-10000
29,42243706,-10000
29,42648820,-10000
29,43043666,-10000
29,43435630,-9999
29,43852585,-9999
29,44267105,-9999
29,44651872,-9999
29,45038309,-9999
29,45415235,-9999
29,45816297,-9999
29,46190581,-9999
30,717785,1
30,1077966,-354
30,1474954,-1015
30,1889401,-1551
30,2308379,-2419
30,2701156,-3494
30,3116669,-4589
30,3538852,-6039
30,3934471,-6950
30,4350536,-7160
30,4743188,-7953
30,5148789,-8537
30,5515879,-8653
30,5909128,-9028
30,6287494,-9142
30,6683641,-9157
30,7096419,-9645
30,7481303,-9773
30,7873583,-9880
30,8270005,-10181
30,8642011,-10191
30,9055924,-10295
30,9480907,-10361
30,9873100,-10337
30,10270156,-10366
30,10644493,-10307
30,11035599,-10281
30,11436301,-10214
30,11831230,-10161
30,12227760,-10087
30,12640657,-10050
30,13034614,-9997
30,13437567,-9978
30,13847495,-9947
30,14248176,-9946
30,14638860,-9938
30,15034760,-9945
30,15435718,-9949
30,15826079,-9965
30,16222345,-9974
30,16637790,-9991
30,17035269,-10002
30,17433280,-10009
30,17825909,-10017
30,18231786,-10020
30,18634777,-10022
30,19003089,-10023
30,19396721,-10023
30,19810425,-10018
30,20207633,-10020
30,20577822,-10015
30,20971336,-10014
30,21354242,-10012
30,21745186,-10011
30,22128378,-10008
30,22515215,-10007
30,22930722,-10007
30,23329983,-10007
30,23701944,-10006
30,24095739,-10007
30,24515614,-10007
30,24930576,-10008
30,25328870,-10008
30,25701080,-10008
30,26095760,-10008
30,26497382,-10007
30,26866996,-10007
30,27244568,-10007
30,27640256,-10005
30,28035229,-10005
30,28433807,-10005
30,28830667,-10005
30,29248245,-10005
30,29643759,-10005
30,30038368,-10005
30,30435078,-10005
30,30826358,-10005
30,31226156,-10005
30,31619736,-10005
30,31992563,-10004
30,32394671,-10004
30,32766746,-10004
30,33173161,-10004
30,33535523,-10003
30,33935590,-10002
30,34331182,-10002
30,34703476,-10002
30,35096388,-10002
30,35495231,-10003
30,35889124,-10003
30,36296697,-10002
30,36682361,-10002
30,37058485,-10002
30,37455028,-10002
30,37828322,-10001
30,38256725,-10001
30,38643947,-10001
30,39052973,-10001
30,39444573,-10001
30,39830879,-10001
30,40229610,-9999
30,40640564,-9999
30,41036891,-9999
30,41443107,-9999
30,41830937,-10000
30,42230380,-10000
30,42644091,-10000
30,43053500,-10000
30,43466489,-10000
30,43866793,-9999
30,44274574,-9999
30,44642229,-9999
30,45034274,-9999
30,45435005,-9999
31,707793,-7
31,1095445,-354
31,1467564,-948
31,1847125,-1478
31,2238419,-2171
31,2591446,-3113
31,2949776,-4160
31,3340804,-5295
31,3715029,-6696
31,4137344,-7020
31,4549428,-7449
31,4908998,-8363
31,5303233,-8564
31,5715810,-8855
31,6131839,-9150
31,6485619,-9075
31,6866113,-9343
31,7258924,-9757
31,7611954,-9735
31,7966250,-9907
31,8318218,-10181
31,8695180,-10171
31,9090906,-10279
31,9447202,-10356
31,9824761,-10325
31,10217804,-10363
31,10572194,-10321
31,10949014,-10290
31,11343062,-10240
31,11694980,-10191
31,12071500,-10124
31,12464647,-10079
31,12824935,-10038
31,13196946,-9995
31,13589525,-9972
31,13950261,-9948
31,14319671,-9948
31,14692468,-9940
31,15070440,-9944
31,15443044,-9948
31,15819407,-9963
31,16194097,-9970
31,16567530,-9985
31,16964782,-9994
31,17318221,-10006
31,17692143,-10011
31,18095553,-10017
31,18470812,-10018
31,18865868,-10024
31,19260766,-10020
31,19654991,-10020
31,20010686,-10019
31,20403906,-10017
31,20798278,-10013
31,21177863,-10010
31,21567968,-10010
31,21949866,-10008
31,22344323,-10008
31,22715721,-10008
31,23113878,-10007
31,23464908,-10007
31,23842405,-10007
31,24193871,-10007
31,24568932,-10007
31,24967136,-10008
31,25386101,-10008
31,25785856,-10008
31,26172766,-10008
31,26552612,-10007
31,26966934,-10007
31,27318782,-10007
31,27694361,-10006
31,28089503,-10006
31,28442551,-10006
31,28825980,-10006
31,29218178,-10006
31,29572190,-10005
31,29948579,-10005
31,30342156,-10004
31,30697093,-10004
31,31073238,-10005
31,31463864,-10005
31,31820298,-10005
31,32197157,-10005
31,32591875,-10005
31,32968998,-10004
31,33360992,-10004
31,33712983,-10005
31,34113621,-10004
31,34484929,-10004
31,34866199,-10004
31,35257420,-10003
31,35609606,-10003
31,35971246,-10002
31,36361271,-10002
31,36734982,-10002
31,37132902,-10002
31,37505790,-10002
31,37861601,-10002
31,38215006,-10002
31,38566831,-10002
31,38944053,-10002
31,39318607,-10002
31,39714807,-10001
31,40114983,-10002
31,40464821,-10002
31,40842627,-10001
31,41194751,-10001
31,41568820,-10001
31,41974808,-10002
31,42377193,-10001
31,42751203,-10001
31,43136921,-10001
31,43511407,-10000
31,43907987,-9999
31,44303660,-9999
31,44694098,-9999
31,45074249,-9999
31,45465997,-9999
31,45845059,-9999
31,46218431,-10000
31,46569644,-10000
31,46948543,-9999
31,47340970,-9999
31,47694143,-9999
32,734604,-10
32,1156009,-437
32,1555745,-1083
32,1945903,-1551
32,2316978,-2420
32,2715943,-3367
32,3088754,-4295
32,3446059,-5659
32,3838456,-6784
32,4214384,-7009
32,4568334,-7556
32,4963219,-8350
32,5338173,-8554
32,5738617,-8793
32,6111645,-9147
32,6508665,-9063
32,6902348,-9350
32,7283324,-9776
32,7678678,-9750
32,8088026,-10022
32,8446001,-10213
32,8819378,-10205
32,9215710,-10347
32,9592834,-10359
32,9986914,-10361
32,10392345,-10378
32,10758318,-10321
32,11151963,-10294
32,11533337,-10220
32,11926151,-10164
32,12338434,-10092
32,12734811,-10055
32,13108302,-10004
32,13486772,-9978
32,13879941,-9948
32,14232457,-9943
32,14592524,-9934
32,14984398,-9936
32,15358157,-9940
32,15777714,-9955
32,16131048,-9963
32,16536357,-9980
32,16905679,-9989
32,17299978,-10004
32,17716636,-10008
32,18087354,-10017
32,18447145,-10018
32,18864687,-10023
32,19259319,-10022
32,19654685,-10022
32,20031329,-10018
32,20447017,-10018
32,20844651,-10014
32,21215234,-10012
32,21610858,-10009
32,22005425,-10010
32,22393823,-10007
32,22777300,-10007
32,23153800,-10007
32,23554519,-10008
32,23921501,-10008
32,24278134,-10008
32,24694802,-10008
32,25089984,-10008
32,25485686,-10007
32,25884305,-10007
32,26275515,-10007
32,26630995,-10007
32,27026255,-10007
32,27409324,-10007
32,27797938,-10007
32,28214591,-10006
32,28611674,-10006
32,28984386,-10005
32,29339788,-10005
32,29713996,-10005
32,30110915,-10005
32,30509830,-10005
32,30882099,-10004
32,31296804,-10004
32,31655937,-10004
32,32050110,-10004
32,32464164,-10005
32,32814684,-10003
32,33190114,-10004
32,33591394,-10003
32,34003078,-10003
32,34356461,-10003
32,34760061,-10003
32,35130386,-10003
32,35488392,-10003
32,35879986,-10003
32,36254763,-10003
32,36615731,-10003
32,37004019,-10003
32,37389689,-10003
32,37781452,-10003
32,38155607,-10002
32,38552721,-10002
32,38962665,-10002
32,39317440,-10002
32,39695812,-10002
32,40086464,-10002
32,40463883,-10002
32,40861996,-10002
32,41254998,-10002
32,41631880,-10002
32,42025274,-10001
32,42411310,-10001
32,42805613,-10001
32,43169958,-10000
32,43571242,-10000
32,43942688,-10000
32,44339794,-10000
32,44749777,-10000
32,45154988,-10001
32,45527843,-10001
32,45928264,-10000
32,46336032,-10000
32,46734752,-10000
32,47110741,-9999
33,718343,-24
33,1118733,-524
33,1533187,-1085
33,1885928,-1628
33,2304729,-2548
33,2703194,-3619
33,3120101,-4740
33,3534160,-6214
33,3939171,-6956
33,4330922,-7132
33,4721087,-8041
33,5117366,-8513
33,5511944,-8637
33,5885537,-9072
33,6285536,-9116
33,6679317,-9159
33,7057428,-9703
33,7450663,-9755
33,7868371,-9930
33,8267625,-10206
33,8637669,-10198
33,9017039,-10314
33,9427495,-10381
33,9846267,-10358
33,10249787,-10395
33,10655036,-10334
33,11031319,-10308
33,11434961,-10233
33,11832192,-10178
33,12222220,-10100
33,12640702,-10056
33,13059391,-9998
33,13454388,-9972
33,13863567,-9938
33,14259149,-9937
33,14612645,-9927
33,14994478,-9931
33,15391518,-9934
33,15764278,-9952
33,16161519,-9960
33,16530711,-9977
33,16885520,-9987
33,17287543,-10002
33,17653710,-10006
33,18007184,-10016
33,18365739,-10017
33,18718098,-10020
33,19099397,-10021
33,19494346,-10020
33,19930947,-10016
33,20367010,-10015
33,20766133,-10011
33,21163459,-10010
33,21571284,-10008
33,21964671,-10006
33,22352073,-10004
33,22716331,-10006
33,23098641,-10006
33,23495138,-10004
33,23885204,-10006
33,24261675,-10006
33,24619523,-10007
33,25033290,-10007
33,25427691,-10007
33,25780388,-10007
33,26141394,-10007
33,26516193,-10007
33,26913757,-10006
33,27282565,-10005
33,27639578,-10005
33,28012397,-10004
33,28409524,-10004
33,28807718,-10005
33,29180405,-10005
33,29534446,-10004
33,29938257,-10004
33,30308102,-10004
33,30703536,-10004
33,31122744,-10004
33,31515579,-10004
33,31887849,-10004
33,32286288,-10003
33,32658313,-10003
33,33058028,-10003
33,33428702,-10003
33,33824028,-10003
33,34183267,-10003
33,34554199,-10002
33,34956588,-10002
33,35369228,-10002
33,35761762,-10002
33,36140622,-10002
33,36534446,-10002
33,36940359,-10002
33,37304772,-10002
33,37678925,-10001
33,38074881,-10001
33,38494546,-10001
33,38880140,-10001
33,39257220,-10000
33,39602425,-10000
33,39957328,-10000
33,40331689,-10000
33,40722537,-10000
33,41081989,-10000
33,41434436,-10000
33,41766159,-10000
33,42120908,-10000
33,42453724,-10000
33,42788075,-10000
33,43140585,-9999
33,43497472,-9999
33,43851826,-9999
33,44209874,-9999
33,44589060,-9999
34,735579,-7
34,1118920,-440
34,1537454,-1089
34,1949881,-1636
34,2366479,-2554
34,2760895,-3620
34,3178654,-4744
34,3573561,-6222
34,3970417,-6948
34,4375351,-7151
34,4767207,-8057
34,5161990,-8514
34,5563648,-8648
34,5932274,-9070
34,6350992,-9113
34,6741410,-9158
34,7115037,-9693
34,7517986,-9751
34,7911540,-9880
34,8300239,-10198
34,8700356,-10190
34,9092901,-10304
34,9474601,-10362
34,9867136,-10341
34,10239922,-10376
34,10637009,-10318
34,11010561,-10288
34,11412982,-10218
34,11808022,-10175
34,12197088,-10096
34,12575160,-10059
34,12968355,-10005
34,13365851,-9978
34,13761134,-9943
34,14155911,-9939
34,14537903,-9932
34,14905076,-9935
34,15322935,-9938
34,15702528,-9955
34,16075608,-9965
34,16474366,-9979
34,16849098,-9990
34,17255912,-10005
34,17662879,-10011
34,18056110,-10018
34,18475696,-10019
34,18871436,-10022
34,19239865,-10022
34,19618390,-10019
34,20011033,-10017
34,20413555,-10018
34,20787759,-10013
34,21176414,-10011
34,21601055,-10009
34,22012676,-10008
34,22409542,-10006
34,22786961,-10006
34,23180829,-10007
34,23593249,-10007
34,23990277,-10007
34,24407289,-10007
34,24787981,-10007
34,25177746,-10007
34,25594648,-10007
34,26000738,-10007
34,26381464,-10007
34,26784280,-10007
34,27182178,-10006
34,27577700,-10005
34,27972426,-10006
34,28370209,-10006
34,28763426,-10005
34,29135851,-10005
34,29538653,-10006
34,29935662,-10006
34,30312060,-10005
34,30701578,-10005
34,31077118,-10005
34,31475438,-10004
34,31847070,-10004
34,32239243,-10005
34,32619145,-10005
34,33010012,-10004
34,33389448,-10004
34,33782215,-10004
34,34179657,-10004
34,34575075,-10003
34,34947564,-10003
34,35326954,-10003
34,35719141,-10003
34,36092223,-10003
34,36490675,-10003
34,36884666,-10002
34,37300882,-10002
34,37726317,-10002
34,38114754,-10002
34,38495683,-10002
34,38889754,-10002
34,39295418,-10001
34,39668023,-10001
34,40031926,-10001
34,40432501,-10000
34,40847786,-10000
34,41218623,-10001
34,41618888,-10000
34,42011020,-10000
34,42392803,-10000
34,42806292,-10000
34,43197032,-10000
34,43590341,-10000
34,43992823,-10000
34,44390571,-10000
35,761551,-27
35,1164086,-526
35,1577458,-1152
35,1974245,-1637
35,2347627,-2561
35,2753447,-3498
35,3121060,-4590
35,3534617,-6039
35,3936470,-6943
35,4330025,-7087
35,4708364,-7932
35,5101334,-8484
35,5495838,-8606
35,5874173,-9029
35,6266763,-9154
35,6664179,-9118
35,7038531,-9653
35,7450294,-9787
35,7854704,-9848
35,8243921,-10194
35,8648395,-10203
35,9040013,-10312
35,9450445,-10371
35,9851689,-10346
35,10244347,-10374
35,10651552,-10313
35,11040282,-10285
35,11407706,-10213
35,11807257,-10159
35,12201542,-10090
35,12575468,-10048
35,12973024,-10001
35,13345132,-9978
35,13710934,-9949
35,14076827,-9939
35,14469901,-9935
35,14873353,-9936
35,15247618,-9941
35,15647817,-9960
35,16040204,-9966
35,16429937,-9985
35,16832801,-9994
35,17247643,-10009
35,17649184,-10013
35,18020603,-10022
35,18409248,-10022
35,18831314,-10023
35,19223581,-10023
35,19595437,-10021
35,19994447,-10018
35,20367683,-10018
35,20768101,-10014
35,21143100,-10010
35,21539695,-10009
35,21950278,-10008
35,22346359,-10007
35,22742958,-10006
35,23137605,-10006
35,23542760,-10006
35,23911400,-10007
35,24303201,-10007
35,24701367,-10007
35,25075355,-10008
35,25470212,-10007
35,25849635,-10006
35,26244386,-10006
35,26651690,-10007
35,27034528,-10007
35,27427313,-10006
35,27806716,-10007
35,28188607,-10005
35,28576695,-10006
35,28957528,-10006
35,29346805,-10005
35,29752296,-10005
35,30141855,-10005
35,30532557,-10005
35,30957622,-10004
35,31346613,-10004
35,31756427,-10005
35,32142174,-10004
35,32533807,-10004
35,32954828,-10004
35,33345717,-10004
35,33743140,-10003
35,34139139,-10003
35,34531709,-10003
35,34910685,-10003
35,35304008,-10003
35,35698258,-10003
35,36081009,-10003
35,36474341,-10003
35,36852005,-10003
35,37248613,-10003
35,37653976,-10003
35,38016840,-10002
35,38388209,-10002
35,38791302,-10002
35,39205963,-10002
35,39596591,-10002
35,39975096,-10002
35,40368095,-10002
35,40749081,-10002
35,41140119,-10002
35,41534951,-10002
35,41936182,-10002
35,42328069,-10002
35,42724760,-10002
35,43099187,-10002
36,712211,-9
36,1120002,-436
36,1533701,-1083
36,1947843,-1629
36,2348798,-2547
36,2762539,-3614
36,3168184,-4739
36,3557380,-6029
36,3945713,-6937
36,4346644,-7139
36,4740737,-8049
36,5140406,-8503
36,5533423,-8639
36,5940094,-9073
36,6346660,-9115
36,6740284,-9215
36,7162134,-9741
36,7554313,-9755
36,7959258,-9984
36,8369541,-10217
36,8759888,-10201
36,9139108,-10337
36,9532426,-10369
36,9938969,-10367
36,10325848,-10380
36,10751925,-10320
36,11136160,-10294
36,11530624,-10215
36,11918779,-10168
36,12281427,-10099
36,12636211,-10054
36,13035781,-10002
36,13427798,-9976
36,13812829,-9944
36,14179578,-9938
36,14588576,-9929
36,14991534,-9935
36,15383548,-9936
36,15739491,-9953
36,16115773,-9962
36,16507877,-9979
36,16863122,-9985
36,17261483,-10003
36,17635303,-10007
36,18026690,-10016
36,18407361,-10016
36,18780901,-10021
36,19139612,-10020
36,19531423,-10019
36,19885990,-10016
36,20281035,-10017
36,20655998,-10012
36,21035747,-10011
36,21426631,-10010
36,21780813,-10009
36,22156724,-10006
36,22510937,-10007
36,22863834,-10006
36,23282121,-10006
36,23634881,-10006
36,24014576,-10007
36,24407018,-10007
36,24800545,-10007
36,25183995,-10007
36,25574274,-10007
36,25996411,-10007
36,26385752,-10007
36,26759889,-10007
36,27120132,-10006
36,27511932,-10006
36,27883722,-10004
36,28282890,-10005
36,28654342,-10006
36,29015674,-10006
36,29406513,-10005
36,29780199,-10005
36,30140704,-10005
36,30532947,-10004
36,30934748,-10004
36,31301319,-10004
36,31676631,-10004
36,32035013,-10004
36,32427500,-10004
36,32801329,-10004
36,33169951,-10004
36,33533423,-10004
36,33961828,-10004
36,34345786,-10004
36,34738150,-10003
36,35102495,-10003
36,35474258,-10002
36,35867219,-10002
36,36244774,-10002
36,36641416,-10002
36,37015107,-10002
36,37407414,-10002
36,37813390,-10002
36,38204173,-10002
36,38596738,-10002
36,38993513,-10002
36,39366242,-10001
36,39759803,-10001
36,40122345,-10001
36,40492543,-10001
36,40886103,-10001
36,41263088,-10001
36,41655179,-10000
36,42015519,-10000
36,42385242,-10000
36,42742101,-10000
36,43137571,-10000
36,43529801,-10000
36,43917170,-10000
36,44323883,-10000
36,44676249,-10000
37,714210,0
37,1095612,-353
37,1493137,-1010
37,1888862,-1542
37,2330281,-2410
37,2763462,-3608
37,3162039,-4735
37,3557366,-6017
37,3957620,-6922
37,4353973,-7129
37,4744313,-7924
37,5136971,-8498
37,5513566,-8602
37,5906850,-9032
37,6296284,-9150
37,6656324,-9087
37,7010415,-9513
37,7371244,-9779
37,7767376,-9769
37,8139425,-10115
37,8536273,-10197
37,8934899,-10238
37,9330106,-10380
37,9698434,-10343
37,10077565,-10386
37,10495738,-10353
37,10887245,-10318
37,11241908,-10284
37,11641270,-10208
37,12016056,-10158
37,12412132,-10084
37,12787697,-10045
37,13163683,-9989
37,13556329,-9963
37,13949709,-9933
37,14342221,-9929
37,14722027,-9921
37,15095695,-9926
37,15452659,-9930
37,15846193,-9946
37,16220766,-9958
37,16640471,-9976
37,17033948,-9989
37,17434463,-10000
37,17834277,-10007
37,18200484,-10015
37,18577194,-10016
37,18989435,-10019
37,19346906,-10019
37,19741957,-10018
37,20115467,-10016
37,20471136,-10016
37,20866170,-10011
37,21240843,-10009
37,21643195,-10007
37,22011388,-10007
37,22369831,-10004
37,22763512,-10002
37,23137730,-10003
37,23493830,-10005
37,23889006,-10003
37,24277862,-10004
37,24661121,-10005
37,25036224,-10005
37,25430536,-10003
37,25848660,-10005
37,26240027,-10005
37,26618700,-10004
37,27014228,-10003
37,27410065,-10003
37,27803842,-10003
37,28199530,-10003
37,28595304,-10003
37,28969710,-10003
37,29326500,-10003
37,29718754,-10003
37,30094883,-10003
37,30451416,-10005
37,30845124,-10004
37,31219418,-10004
37,31616687,-10004
37,31990072,-10004
37,32348686,-10004
37,32743382,-10003
37,33118152,-10002
37,33535177,-10002
37,33933473,-10002
37,34348570,-10002
37,34741987,-10002
37,35095033,-10002
37,35473311,-10002
37,35866700,-10002
37,36265449,-10002
37,36642768,-10002
37,37013194,-10002
37,37411843,-10001
37,37787952,-10001
37,38184706,-10001
37,38594633,-10001
37,38946299,-10001
37,39323017,-10001
37,39718586,-10001
37,40070740,-10000
37,40449003,-10000
37,40843416,-10000
37,41196746,-10000
37,41576750,-10000
37,41969572,-10000
37,42359321,-10000
37,42744779,-9999
37,43137321,-9999
37,43494008,-9999
37,43864603,-9999
37,44217678,-9999
37,44617893,-9999
37,44989376,-9999
37,45345076,-9999
38,731418,-9
38,1138098,-437
38,1530616,-1015
38,1907336,-1547
38,2302645,-2416
38,2719656,-3492
38,3116094,-4582
38,3530343,-5841
38,3908100,-6900
38,4306794,-7072
38,4696613,-7792
38,5052005,-8433
38,5447741,-8555
38,5863737,-8960
38,6240468,-9125
38,6634163,-9068
38,7011672,-9575
38,7407267,-9772
38,7781128,-9796
38,8178984,-10120
38,8550903,-10211
38,8908404,-10245
38,9302617,-10385
38,9678126,-10354
38,10074817,-10389
38,10453840,-10373
38,10845693,-10327
38,11260500,-10282
38,11656321,-10216
38,12009977,-10164
38,12383999,-10097
38,12738371,-10048
38,13137700,-9996
38,13511809,-9968
38,13948524,-9932
38,14329205,-9930
38,14698626,-9921
38,15095292,-9925
38,15508267,-9929
38,15864206,-9947
38,16258075,-9957
38,16633978,-9972
38,16993519,-9986
38,17386188,-9999
38,17760633,-10006
38,18158769,-10014
38,18553226,-10017
38,18949920,-10021
38,19345922,-10020
38,19757067,-10018
38,20157248,-10017
38,20549504,-10014
38,20929157,-10010
38,21302453,-10010
38,21707793,-10007
38,22076607,-10005
38,22474476,-10005
38,22886965,-10004
38,23282508,-10005
38,23654046,-10006
38,24012076,-10005
38,24404835,-10005
38,24758368,-10006
38,25158357,-10006
38,25552294,-10007
38,25953264,-10007
38,26347654,-10007
38,26737926,-10007
38,27134021,-10007
38,27486823,-10005
38,27879204,-10004
38,28257568,-10005
38,28614062,-10005
38,29010566,-10004
38,29386105,-10003
38,29780564,-10004
38,30157024,-10004
38,30551718,-10004
38,30951340,-10005
38,31326940,-10004
38,31700694,-10004
38,32100298,-10004
38,32469485,-10003
38,32865025,-10003
38,33258969,-10003
38,33634056,-10003
38,33990934,-10003
38,34384243,-10003
38,34758502,-10003
38,35157246,-10003
38,35551357,-10002
38,35949311,-10002
38,36346686,-10002
38,36741413,-10002
38,37135418,-10002
38,37528861,-10001
38,37885889,-10001
38,38289392,-10002
38,38655366,-10002
38,39015444,-10002
38,39405916,-10002
38,39779585,-10001
38,40180322,-10001
38,40553101,-10000
38,40951241,-10000
38,41348813,-10000
38,41738992,-10000
38,42135923,-10000
38,42528472,-10000
38,42897913,-10000
38,43262225,-10000
38,43655119,-10000
38,44014767,-10000
38,44385941,-10000
38,44780088,-9999
39,740032,-7
39,1097670,-437
39,1492634,-1086
39,1891878,-1548
39,2284846,-2285
39,2643809,-3362
39,3037852,-4424
39,3452733,-5637
39,3815800,-6846
39,4203649,-7036
39,4622270,-7804
39,5016386,-8454
39,5388526,-8553
39,5746616,-8852
39,6141112,-9161
39,6515788,-9073
39,6892106,-9444
39,7287072,-9800
39,7683223,-9767
39,8078675,-10088
39,8471604,-10214
39,8869444,-10237
39,9263693,-10369
39,9641966,-10334
39,10037274,-10363
39,10418330,-10339
39,10808543,-10296
39,11185599,-10252
39,11587724,-10190
39,11953054,-10133
39,12349414,-10072
39,12726020,-10031
39,13120781,-9982
39,13515083,-9965
39,13892114,-9936
39,14285847,-9936
39,14661939,-9929
39,15055861,-9935
39,15410557,-9938
39,15787090,-9957
39,16181493,-9965
39,16563359,-9983
39,16951827,-9990
39,17305618,-10003
39,17682609,-10010
39,18079597,-10017
39,18493281,-10018
39,18889445,-10022
39,19296355,-10021
39,19712984,-10017
39,20099910,-10016
39,20510016,-10014
39,20893340,-10010
39,21285431,-10010
39,21662031,-10007
39,22033139,-10006
39,22386607,-10006
39,22744679,-10006
39,23137512,-10006
39,23512203,-10005
39,23920218,-10006
39,24285102,-10006
39,24643414,-10007
39,25036384,-10007
39,25411782,-10007
39,25828317,-10007
39,26224862,-10007
39,26599948,-10007
39,26996520,-10005
39,27388630,-10005
39,27765018,-10005
39,28180759,-10004
39,28547261,-10004
39,28933657,-10005
39,29306339,-10004
39,29708557,-10004
39,30119710,-10004
39,30548084,-10004
39,30932596,-10004
39,31309397,-10003
39,31707445,-10003
39,32118597,-10003
39,32471484,-10003
39,32846421,-10002
39,33243428,-10002
39,33598605,-10002
39,33992687,-10002
39,34367433,-10001
39,34727357,-10001
39,35121603,-10001
39,35495027,-10001
39,35894529,-10001
39,36287527,-10001
39,36686324,-10001
39,37081908,-10001
39,37493495,-10001
39,37892926,-10001
39,38286301,-10001
39,38664323,-10000
39,39036728,-10000
39,39432865,-10000
40,711482,-8
40,1097078,-355
40,1490064,-1019
40,1893352,-1552
40,2302023,-2428
40,2696615,-3373
40,3072395,-4443
40,3446264,-5664
40,3819909,-6859
40,4220911,-7025
40,4593139,-7562
40,4951680,-8412
40,5342395,-8548
40,5717613,-8793
40,6072394,-9123
40,6424886,-9084
40,6778647,-9206
40,7165218,-9727
40,7570749,-9738
40,7971419,-9971
40,8364429,-10197
40,8746121,-10182
40,9174098,-10330
40,9551109,-10343
40,9931368,-10342
40,10324674,-10350
40,10740152,-10298
40,11114997,-10263
40,11490531,-10203
40,11892490,-10148
40,12279622,-10079
40,12674614,-10043
40,13032443,-9996
40,13406577,-9972
40,13800132,-9940
40,14197922,-9939
40,14569900,-9931
40,14926342,-9934
40,15279208,-9936
40,15653246,-9953
40,16056815,-9958
40,16426137,-9974
40,16778714,-9984
40,17179885,-10000
40,17551941,-10002
40,17948490,-10014
40,18323745,-10015
40,18715494,-10019
40,19072102,-10018
40,19425510,-10020
40,19798053,-10014
40,20200248,-10016
40,20594335,-10014
40,20991930,-10011
40,21391062,-10007
40,21799404,-10007
40,22198584,-10004
40,22593012,-10004
40,22967318,-10003
40,23320328,-10005
40,23695770,-10005
40,24051251,-10005
40,24446490,-10005
40,24810601,-10006
40,25223143,-10005
40,25620315,-10005
40,25993560,-10006
40,26388471,-10005
40,26802611,-10003
40,27200068,-10006
40,27593736,-10005
40,27948202,-10003
40,28343948,-10005
40,28740882,-10004
40,29114870,-10003
40,29506846,-10003
40,29896232,-10004
40,30282971,-10003
40,30655572,-10003
40,31050568,-10003
40,31403546,-10003
40,31781135,-10003
40,32176022,-10003
40,32528185,-10003
40,32908994,-10002
40,33299925,-10002
40,33674174,-10002
40,34032035,-10002
40,34424971,-10004
40,34798954,-10003
40,35199282,-10003
40,35606437,-10003
40,35972322,-10003
40,36345591,-10002
40,36739296,-10002
40,37140733,-10002
40,37530592,-10002
40,37932774,-10002
40,38323422,-10002
40,38697442,-10002
40,39053377,-10002
40,39447093,-10002
40,39819729,-10003
40,40220600,-10002
40,40591333,-10001
40,40948571,-10001
40,41345220,-10001
40,41716701,-10000
40,42073206,-10000
40,42471050,-10000
40,42855867,-10000
40,43240599,-10000
40,43618677,-10000
40,44016845,-10000
40,44427263,-10000
40,44822432,-10000
40,45197319,-10000
40,45550638,-10000
40,45906364,-10001
41,734239,-8
41,1136972,-437
41,1537492,-1014
41,1954929,-1630
41,2366050,-2553
41,2783206,-3621
41,3176749,-4750
41,3599993,-6229
41,3989585,-6945
41,4385306,-7151
41,4784740,-8066
41,5175259,-8508
41,5534863,-8637
41,5925508,-9021
41,6301577,-9119
41,6699959,-9106
41,7090960,-9639
41,7481305,-9767
41,7841907,-9800
41,8195444,-10116
41,8552871,-10190
41,8945411,-10226
41,9321489,-10355
41,9685913,-10323
41,10097340,-10356
41,10503186,-10326
41,10867453,-10282
41,11261186,-10239
41,11640378,-10177
41,12034172,-10111
41,12441439,-10061
41,12805883,-10016
41,13196207,-9980
41,13580274,-9954
41,13984039,-9935
41,14385480,-9934
41,14805914,-9934
41,15194931,-9936
41,15575081,-9951
41,15967320,-9961
41,16325908,-9975
41,16704712,-9985
41,17097435,-10001
41,17511139,-10006
41,17905836,-10016
41,18278976,-10017
41,18634394,-10018
41,18988808,-10018
41,19360552,-10018
41,19757712,-10016
41,20134528,-10014
41,20515833,-10012
41,20892182,-10010
41,21302995,-10007
41,21698569,-10005
41,22075052,-10004
41,22615084,-10005
41,23130362,-10003
41,23649480,-10005
41,24149320,-10005
41,24673969,-10005
41,25190930,-10005
41,25713097,-10004
41,26134919,-10004
41,26520351,-10004
41,26982904,-10004
41,27469374,-10004
41,27954950,-10004
41,28385294,-10004
41,28787891,-10003
41,29177560,-10003
41,29551361,-10003
41,29944251,-10003
41,30298012,-10003
41,30673054,-10003
41,31025896,-10003
41,31380694,-10003
41,31881249,-10003
41,32329659,-10002
41,32713293,-10002
41,33117662,-10002
41,33536030,-10002
41,33906029,-10002
41,34297685,-10002
41,34676912,-10002
41,35073506,-10002
41,35474232,-10002
41,35861710,-10002
41,36235196,-10001
41,36615280,-10001
41,37009086,-10001
41,37383732,-10001
41,37782113,-10000
41,38176967,-10000
41,38552844,-10001
41,38946418,-10001
41,39318576,-10001
41,39696663,-10001
41,40064266,-10001
41,40456961,-10001
41,40847571,-10001
41,41236857,-10001
41,41615497,-10000
41,41987603,-10000
41,42358933,-10000
41,42739824,-10000
41,43110048,-10000
41,43511479,-10000
41,43885527,-9999
41,44279901,-9999
41,44634528,-9999
41,45006239,-9999
41,45358281,-9999
41,45740650,-9999
41,46131840,-9999
41,46485896,-9999
41,46862517,-9999
42,715638,-10
42,1075478,-437
42,1471756,-1086
42,1896336,-1633
42,2293920,-2421
42,2669352,-3495
42,3074387,-4593
42,3469378,-5854
42,3850703,-6918
42,4245788,-7106
42,4650573,-7833
42,5018351,-8501
42,5407105,-8612
42,5827417,-9022
42,6243098,-9106
42,6645912,-9134
42,7037271,-9616
42,7428123,-9730
42,7804282,-9810
42,8178661,-10152
42,8573868,-10169
42,8970292,-10264
42,9344267,-10359
42,9700141,-10323
42,10073518,-10365
42,10429723,-10333
42,10825675,-10301
42,11198497,-10264
42,11552516,-10203
42,11933807,-10146
42,12327083,-10081
42,12724623,-10043
42,13097528,-9992
42,13492587,-9966
42,13891258,-9939
42,14265478,-9937
42,14650597,-9930
42,15034512,-9935
42,15449691,-9941
42,15847917,-9955
42,16220239,-9965
42,16626918,-9980
42,17015594,-9992
42,17387679,-10002
42,17798368,-10010
42,18156388,-10017
42,18515493,-10016
42,18892373,-10020
42,19279823,-10020
42,19643537,-10019
42,20019175,-10016
42,20409192,-10015
42,20828313,-10012
42,21222927,-10009
42,21595241,-10006
42,22022784,-10006
42,22412265,-10005
42,22805664,-10004
42,23177481,-10004
42,23552731,-10004
42,23952605,-10004
42,24347471,-10004
42,24723329,-10005
42,25118823,-10005
42,25492890,-10005
42,25893102,-10005
42,26287057,-10005
42,26681418,-10004
42,27074748,-10004
42,27470858,-10004
42,27847043,-10004
42,28241820,-10003
42,28637941,-10004
42,29016190,-10004
42,29414449,-10003
42,29804780,-10004
42,30176755,-10004
42,30554051,-10003
42,30949644,-10003
42,31322302,-10004
42,31680887,-10004
42,32072858,-10003
42,32448331,-10003
42,32803429,-10003
42,33198086,-10003
42,33573804,-10003
42,33974324,-10003
42,34347353,-10003
42,34745061,-10002
42,35117931,-10002
42,35513250,-10002
42,35895168,-10002
42,36282873,-10001
42,36704416,-10001
42,37097985,-10001
42,37491971,-10002
42,37890417,-10001
42,38283232,-10001
42,38701795,-10001
42,39095623,-10001
42,39489710,-10001
42,39870324,-10001
42,40263250,-10001
42,40645154,-10001
42,41041249,-10000
42,41407578,-10000
42,41805168,-9999
42,42180714,-9999
42,42583634,-9999
42,42996192,-9999
43,706426,-9
43,1089474,-355
43,1483148,-1020
43,1882832,-1559
43,2278534,-2430
43,2679588,-3374
43,3068842,-4449
43,3463528,-5865
43,3860790,-6867
43,4234904,-7063
43,4631718,-7835
43,5026585,-8464
43,5404200,-8578
43,5803231,-8914
43,6213777,-9132
43,6589370,-9057
43,6982577,-9483
43,7337235,-9747
43,7713413,-9738
43,8108060,-10043
43,8462448,-10174
43,8860368,-10185
43,9254825,-10338
43,9652515,-10314
43,10050422,-10351
43,10462973,-10333
43,10851637,-10290
43,11235601,-10244
43,11632825,-10191
43,12005157,-10138
43,12358579,-10082
43,12715590,-10045
43,13088665,-9995
43,13485200,-9975
43,13863819,-9944
43,14256661,-9939
43,14654778,-9933
43,15025722,-9935
43,15419383,-9940
43,15785125,-9955
43,16150355,-9961
43,16513125,-9979
43,16903304,-9987
43,17296370,-10002
43,17695793,-10008
43,18088166,-10016
43,18460769,-10015
43,18859546,-10019
43,19210597,-10019
43,19590580,-10017
43,20004381,-10014
43,20356979,-10016
43,20715297,-10009
43,21129967,-10009
43,21481148,-10009
43,21884023,-10005
43,22276103,-10006
43,22652896,-10005
43,23030864,-10003
43,23425061,-10004
43,23849390,-10005
43,24238503,-10006
43,24614096,-10005
43,25005335,-10005
43,25378621,-10007
43,25738435,-10004
43,26131848,-10005
43,26516454,-10005
43,26907304,-10004
43,27281623,-10004
43,27677841,-10003
43,28088264,-10003
43,28439970,-10003
43,28818494,-10003
43,29212129,-10003
43,29570168,-10003
43,29963908,-10003
43,30338324,-10003
43,30695667,-10002
43,31089317,-10002
43,31482261,-10002
43,31886252,-10002
43,32276931,-10002
43,32658858,-10002
43,33056776,-10002
43,33465440,-10002
43,33858947,-10002
43,34210395,-10002
43,34591672,-10001
43,34982474,-10001
43,35339154,-10001
43,35716028,-10000
43,36109965,-10000
43,36506519,-10000
43,36907479,-10000
43,37294691,-10000
43,37655950,-10000
43,38026648,-10000
43,38431694,-10000
43,38799818,-10000
43,39193152,-10000
43,39591795,-10000
43,39985641,-10000
43,40381118,-10000
43,40779822,-10000
44,740103,-8
44,1119427,-438
44,1533993,-1021
44,1913581,-1554
44,2306219,-2426
44,2712688,-3375
44,3078402,-4443
44,3473541,-5856
44,3871672,-6858
44,4244088,-7052
44,4669738,-7825
44,5058321,-8458
44,5427908,-8554
44,5787896,-8911
44,6180815,-9139
44,6554506,-9045
44,6932483,-9415
44,7330060,-9762
44,7745040,-9753
44,8139849,-10100
44,8533257,-10184
44,8911006,-10217
44,9306838,-10346
44,9694119,-10320
44,10086578,-10353
44,10494299,-10318
44,10888610,-10285
44,11264056,-10245
44,11636514,-10182
44,12035912,-10117
44,12454129,-10064
44,12851334,-10012
44,13240947,-9981
44,13593192,-9958
44,13972735,-9937
44,14368091,-9933
44,14742321,-9929
44,15094521,-9935
44,15502077,-9941
44,15889120,-9956
44,16263854,-9966
44,16631087,-9978
44,16991243,-9990
44,17352369,-10000
44,17732585,-10006
44,18105576,-10013
44,18455471,-10014
44,18814811,-10016
44,19167146,-10016
44,19538215,-10016
44,19892009,-10013
44,20245484,-10013
44,20599533,-10009
44,20955428,-10008
44,21297919,-10006
44,21654856,-10005
44,22022023,-10003
44,22403700,-10003
44,22781067,-10003
44,23132638,-10003
44,23499304,-10003
44,23837705,-10002
44,24208547,-10002
44,24610085,-10003
44,24967366,-10003
44,25339896,-10003
44,25752267,-10003
44,26128821,-10004
44,26530250,-10003
44,26904141,-10002
44,27279021,-10002
44,27637557,-10002
44,28046603,-10002
44,28403927,-10002
44,28760273,-10003
44,29132897,-10003
44,29494013,-10003
44,29892749,-10003
44,30262229,-10003
44,30616651,-10002
44,31018330,-10001
44,31389409,-10002
44,31803124,-10002
44,32161810,-10002
44,32554031,-10002
44,32914178,-10002
44,33308834,-10002
44,33693345,-10002
44,34055095,-10002
44,34435201,-10002
44,34810775,-10002
44,35206539,-10001
44,35594880,-10001
44,35975436,-10001
44,36347109,-10001
44,36722707,-10001
44,37116087,-10001
44,37470044,-10001
44,37848007,-10001
44,38242876,-10001
44,38637378,-10001
44,39013861,-10001
44,39419256,-10001
44,39812638,-10001
44,40181457,-10001
44,40561928,-10000
44,40959505,-10000
44,41326709,-9999
44,41724661,-10000
44,42140879,-10000
44,42535370,-10000
44,42932502,-9999
44,43310931,-9999
44,43711396,-10000
44,44097764,-10000
44,44471909,-9999
44,44849159,-9999
44,45244110,-9999
44,45638546,-9999
45,742352,-8
45,1123953,-354
45,1500614,-1018
45,1914124,-1552
45,2312632,-2423
45,2729269,-3500
45,3144722,-4599
45,3541551,-6053
45,3935454,-6927
45,4315484,-7067
45,4685265,-7835
45,5079865,-8500
45,5499158,-8606
45,5893105,-9012
45,6287286,-9116
45,6666814,-9077
45,7059743,-9548
45,7448078,-9734
45,7830205,-9804
45,8247120,-10151
45,8645937,-10164
45,9017446,-10257
45,9421288,-10353
45,9789171,-10318
45,10182836,-10361
45,10562359,-10319
45,10978296,-10291
45,11371211,-10239
45,11749502,-10183
45,12141222,-10111
45,12560146,-10065
45,12959243,-10009
45,13370396,-9981
45,13789070,-9944
45,14234081,-9939
45,14648130,-9928
45,15023910,-9934
45,15427266,-9934
45,15790106,-9952
45,16200359,-9958
45,16565017,-9976
45,16963525,-9984
45,17346928,-9999
45,17727133,-10005
45,18121061,-10013
45,18499271,-10013
45,18892440,-10018
45,19266821,-10018
45,19664249,-10015
45,20060160,-10014
45,20449261,-10013
45,20852307,-10009
45,21247008,-10008
45,21622294,-10005
45,22015761,-10005
45,22391808,-10004
45,22787875,-10004
45,23184610,-10004
45,23564412,-10004
45,23956338,-10005
45,24396912,-10005
45,24797815,-10005
45,25185753,-10004
45,25560281,-10005
45,25977377,-10004
45,26375250,-10004
45,26788161,-10004
45,27181737,-10003
45,27542654,-10003
45,27914171,-10003
45,28330219,-10003
45,28726760,-10003
45,29131181,-10003
45,29518711,-10003
45,29891275,-10003
45,30267214,-10003
45,30663442,-10003
45,31037184,-10003
45,31442834,-10003
45,31813945,-10003
45,32208180,-10002
45,32622277,-10002
45,33015103,-10002
45,33389881,-10002
45,33791417,-10002
45,34159811,-10002
45,34517071,-10002
45,34913304,-10002
45,35286960,-10002
45,35657627,-10002
45,36040989,-10002
45,36424686,-10002
45,36810209,-10002
45,37203853,-10001
45,37600701,-10002
45,38014280,-10002
45,38374490,-10002
45,38767448,-10001
45,39162702,-10001
45,39537662,-10001
45,39932265,-10001
45,40309196,-10001
45,40702112,-10002
45,41118830,-10001
45,41474165,-10000
45,41878953,-10001
45,42243806,-10002
45,42598438,-10000
45,42993448,-10000
45,43369056,-10001
45,43789419,-10000
45,44206038,-9999
45,44601401,-10001
45,45016982,-10001
45,45425907,-10001
45,45787672,-10001
45,46180817,-10001
45,46537821,-10000
45,46912971,-10000
45,47308906,-10000
45,47687310,-10000
46,710621,-8
46,1101982,-354
46,1469596,-1020
46,1888146,-1557
46,2282292,-2422
46,2698262,-3499
46,3097394,-4595
46,3510911,-6050
46,3930917,-6965
46,4324520,-7180
46,4721739,-7974
46,5117569,-8538
46,5510094,-8656
46,5906459,-9027
46,6301849,-9112
46,6674978,-9091
46,7031603,-9560
46,7405783,-9754
46,7759194,-9776
46,8160901,-10093
46,8531147,-10164
46,8929808,-10203
46,9304644,-10336
46,9699376,-10306
46,10095868,-10340
46,10490179,-10307
46,10890738,-10274
46,11304847,-10218
46,11699761,-10168
46,12101365,-10105
46,12469174,-10061
46,12888212,-10009
46,13284323,-9985
46,13657130,-9954
46,14052750,-9942
46,14450947,-9938
46,14835176,-9937
46,15198037,-9941
46,15598413,-9954
46,15989522,-9962
46,16384427,-9978
46,16761812,-9987
46,17156565,-10001
46,17539857,-10006
46,17929543,-10015
46,18300589,-10017
46,18655364,-10018
46,19011311,-10019
46,19383096,-10022
46,19737468,-10016
46,20117628,-10016
46,20510562,-10014
46,20908845,-10012
46,21282461,-10009
46,21676345,-10007
46,22033871,-10007
46,22407110,-10006
46,22811124,-10005
46,23199568,-10004
46,23593328,-10005
46,23991936,-10005
46,24406734,-10005
46,24812796,-10005
46,25219665,-10007
46,25634625,-10007
46,25994111,-10007
46,26382875,-10007
46,26736943,-10006
46,27115517,-10006
46,27508573,-10006
46,27887903,-10004
46,28283058,-10004
46,28656833,-10004
46,29053030,-10004
46,29450144,-10004
46,29837007,-10004
46,30199209,-10004
46,30602890,-10004
46,30970765,-10004
46,31362925,-10004
46,31740986,-10003
46,32116337,-10003
46,32489428,-10002
46,32867441,-10002
46,33240220,-10002
46,33612820,-10002
46,33991752,-10002
46,34387470,-10002
46,34780893,-10002
46,35161116,-10002
46,35552409,-10002
46,35929119,-10002
46,36322927,-10002
46,36701995,-10002
46,37094030,-10002
46,37520693,-10002
46,37907395,-10002
46,38300202,-10002
46,38675854,-10001
46,39033145,-10000
46,39405472,-10001
46,39760164,-10001
46,40159525,-9999
46,40529847,-9999
46,40885692,-10000
46,41300577,-9999
46,41663576,-9999
46,42059299,-9999
46,42429433,-9999
46,42833895,-10000
46,43226652,-10000
46,43614329,-10000
46,44014158,-10000
47,725020,-10
47,1116621,-440
47,1529828,-1025
47,1907123,-1564
47,2301514,-2436
47,2727379,-3512
47,3115594,-4616
47,3529531,-5873
47,3928879,-6927
47,4322536,-7116
47,4725374,-7959
47,5114525,-8506
47,5526051,-8599
47,5890160,-9004
47,6332513,-9089
47,6761540,-9174
47,7160152,-9688
47,7551666,-9702
47,7928264,-9882
47,8321221,-10153
47,8695103,-10150
47,9092355,-10268
47,9465760,-10339
47,9821208,-10311
47,10174779,-10355
47,10526859,-10325
47,10908144,-10297
47,11302535,-10254
47,11654554,-10200
47,12032140,-10141
47,12427115,-10087
47,12823869,-10041
47,13214532,-9999
47,13571203,-9976
47,13928369,-9946
47,14318407,-9943
47,14672304,-9933
47,15054267,-9936
47,15446089,-9939
47,15823520,-9954
47,16217915,-9961
47,16590547,-9976
47,16947994,-9987
47,17343331,-10000
47,17695589,-10004
47,18093374,-10012
47,18470102,-10014
47,18845557,-10018
47,19239022,-10018
47,19611690,-10017
47,19965332,-10015
47,20319280,-10015
47,20672909,-10010
47,21083210,-10008
47,21451325,-10008
47,21844901,-10006
47,22217436,-10003
47,22571888,-10005
47,22927554,-10004
47,23318595,-10005
47,23693904,-10004
47,24113404,-10005
47,24464712,-10005
47,24826033,-10005
47,25219113,-10005
47,25591927,-10006
47,25951290,-10005
47,26342719,-10005
47,26727432,-10005
47,27116964,-10004
47,27513125,-10004
47,27907431,-10004
47,28302853,-10003
47,28696745,-10003
47,29072970,-10003
47,29443878,-10004
47,29800513,-10003
47,30156442,-10003
47,30547547,-10003
47,30903020,-10003
47,31278212,-10003
47,31651536,-10003
47,32028590,-10003
47,32402973,-10003
47,32795226,-10003
47,33154967,-10003
47,33527987,-10003
47,33907515,-10003
47,34281960,-10003
47,34654896,-10001
47,35031080,-10001
47,35426480,-10001
47,35823883,-10001
47,36228446,-10001
47,36592129,-10001
47,36946340,-10001
47,37319043,-10001
47,37678144,-10001
47,38094947,-10001
47,38489621,-10001
47,38843906,-10001
47,39216679,-10001
47,39570109,-10001
47,39926869,-10000
48,717674,-9
48,1121655,-440
48,1517672,-1022
48,1901844,-1554
48,2289580,-2421
48,2681076,-3369
48,3056544,-4289
48,3414308,-5460
48,3807718,-6776
48,4197596,-6995
48,4556930,-7545
48,4952143,-8390
48,5370934,-8537
48,5765483,-8897
48,6170687,-9136
48,6556487,-9041
48,6908872,-9332
48,7269272,-9767
48,7660475,-9730
48,8014062,-9967
48,8371236,-10208
48,8763702,-10183
48,9137917,-10318
48,9517095,-10358
48,9911062,-10339
48,10292254,-10370
48,10683382,-10305
48,11082495,-10281
48,11477611,-10209
48,11868618,-10160
48,12268374,-10086
48,12663014,-10042
48,13057964,-9987
48,13456244,-9962
48,13849113,-9932
48,14245877,-9929
48,14618999,-9924
48,14970831,-9926
48,15347913,-9931
48,15722772,-9946
48,16095551,-9954
48,16476546,-9971
48,16869673,-9982
48,17266095,-9997
48,17661816,-10003
48,18054083,-10013
48,18414470,-10013
48,18807495,-10017
48,19193351,-10017
48,19581877,-10017
48,19972052,-10014
48,20369979,-10013
48,20764632,-10008
48,21117281,-10008
48,21494372,-10006
48,21889495,-10004
48,22267104,-10002
48,22662092,-10004
48,23058073,-10003
48,23438359,-10003
48,23827100,-10003
48,24226133,-10003
48,24597887,-10003
48,24972456,-10004
48,25347258,-10003
48,25724624,-10004
48,26100175,-10004
48,26522716,-10003
48,26924508,-10003
48,27291831,-10003
48,27682493,-10003
48,28099157,-10002
48,28542385,-10002
48,28910553,-10002
48,29266585,-10002
48,29659796,-10002
48,30034464,-10002
48,30392740,-10003
48,30764162,-10002
48,31118041,-10002
48,31518840,-10002
48,31890150,-10002
48,32267685,-10001
48,32661294,-10001
48,33056519,-10001
48,33415601,-10001
48,33785309,-10001
48,34138599,-10001
48,34538692,-10001
48,34910770,-10001
48,35266690,-10001
48,35661119,-10001
48,36033670,-10001
48,36396854,-10001
48,36809059,-10000
48,37211649,-10000
48,37579718,-10000
48,37975912,-10000
48,38398349,-10000
48,38789217,-10000
48,39169133,-10000
48,39557456,-10000
48,39935184,-10000
48,40327501,-10000
48,40744453,-10000
48,41170087,-10000
48,41561179,-10000
48,41958316,-10000
49,755337,0
49,1128705,-355
49,1537965,-1024
49,1931792,-1558
49,2349241,-2424
49,2744681,-3498
49,3149396,-4433
49,3537515,-5840
49,3930000,-6853
49,4307635,-7044
49,4702178,-7808
49,5107115,-8486
49,5515900,-8591
49,5928863,-8963
49,6306442,-9135
49,6700762,-9062
49,7053034,-9570
49,7452211,-9780
49,7825797,-9767
49,8180152,-10075
49,8533593,-10216
49,8908874,-10208
49,9329133,-10362
49,9735084,-10330
49,10130948,-10350
49,10496263,-10332
49,10890706,-10280
49,11308833,-10229
49,11703473,-10173
49,12076837,-10108
49,12474854,-10052
49,12866884,-10012
49,13246299,-9970
49,13642996,-9946
49,14155092,-9930
49,14618512,-9926
49,15079599,-9930
49,15522650,-9940
49,15913423,-9955
49,16319023,-9963
49,16686892,-9980
49,17078121,-9992
49,17450156,-10001
49,17796631,-10006
49,18201897,-10014
49,18593551,-10015
49,18970712,-10016
49,19316659,-10016
49,19686161,-10017
49,20009087,-10013
49,20320222,-10013
49,20609661,-10010
49,20920988,-10008
49,21235490,-10008
49,21546986,-10004
49,21858038,-10004
49,22151310,-10003
49,22446649,-10003
49,22756874,-10002
49,23080196,-10001
49,23387414,-10002
49,23694239,-10002
49,24005384,-10002
49,24350750,-10003
49,24678723,-10004
49,25030795,-10005
49,25405799,-10004
49,25755566,-10004
49,26068636,-10004
49,26422162,-10004
49,26772780,-10003
49,27096269,-10003
49,27441066,-10003
49,27774444,-10003
49,28120917,-10003
49,28444266,-10003
49,28756195,-10003
49,29067402,-10003
49,29394058,-10003
49,29802540,-10003
49,30192891,-10002
49,30504365,-10002
49,30819871,-10002
49,31142224,-10002
49,31491046,-10002
49,31844225,-10002
49,32223881,-10002
49,32576081,-10002
49,32931668,-10002
49,33290360,-10002
49,33660870,-10002
49,34018228,-10002
49,34385653,-10002
49,34738398,-10002
49,35084299,-10001
49,35441107,-10001
49,35814612,-10001
49,36168840,-10002
49,36522269,-10002
49,36892642,-10002
49,37230326,-10002
49,37599510,-10002
49,37957590,-10002
49,38315688,-10002
49,38688893,-10001
49,39027280,-10001
49,39402233,-10001
49,39965802,-10001
49,40489342,-10001
49,40992603,-10001
49,41478180,-10001
49,41964710,-10001
49,42458319,-10001
49,42948836,-10001
49,43398258,-10001
49,43905905,-10001
50,716821,-8
50,1077956,-440
50,1469976,-1025
50,1848472,-1557
50,2240671,-2293
50,2625760,-3371
50,3018211,-4435
50,3429460,-5840
50,3827663,-6854
50,4223419,-7048
50,4628527,-7815
50,5015164,-8490
50,5427232,-8599
50,5824506,-9023
50,6221068,-9144
50,6595702,-9098
50,6993397,-9576
50,7368229,-9776
50,7787553,-9834
50,8180610,-10151
50,8552629,-10182
50,8951866,-10255
50,9347682,-10350
50,9722690,-10312
50,10115391,-10341
50,10470010,-10305
50,10846170,-10262
50,11240610,-10215
50,11626614,-10158
50,12038787,-10091
50,12430495,-10045
50,12825722,-10003
50,13231206,-9971
50,13596371,-9950
50,13968647,-9934
50,14322221,-9934
50,14702947,-9934
50,15093876,-9937
50,15447604,-9947
50,15804410,-9960
50,16180542,-9971
50,16576018,-9982
50,16950837,-9996
50,17345396,-10004
50,17744781,-10011
50,18135318,-10015
50,18510373,-10017
50,18891644,-10018
50,19288454,-10018
50,19702788,-10015
50,20094330,-10015
50,20468776,-10012
50,20827574,-10010
50,21219850,-10008
50,21593474,-10006
50,21995118,-10003
50,22366852,-10003
50,22763249,-10003
50,23141637,-10003
50,23536599,-10004
50,23949124,-10005
50,24345352,-10005
50,24721020,-10005
50,25138403,-10005
50,25531075,-10005
50,25912629,-10004
50,26303902,-10004
50,26699703,-10004
50,27073585,-10003
50,27427964,-10003
50,27825716,-10003
50,28219295,-10004
50,28572270,-10004
50,28970502,-10004
50,29386292,-10004
50,29743612,-10004
50,30136407,-10004
50,30491209,-10004
50,30867520,-10003
50,31261378,-10004
50,31645669,-10004
50,32036486,-10003
50,32448998,-10003
50,32803414,-10003
50,33176839,-10004
50,33573481,-10003
50,33995551,-10003
50,34387766,-10003
50,34767825,-10003
50,35161580,-10003
50,35573542,-10002
50,35969720,-10002
50,36355434,-10002
50,36749922,-10002
50,37141936,-10002
50,37533241,-10002
50,37940541,-10003
50,38304673,-10003
50,38702521,-10003
50,39094591,-10003
50,39447329,-10002
50,39824741,-10001
50,40238663,-10001
50,40595892,-10001
50,40992494,-10001
50,41366668,-10001
50,41763169,-10001
50,42137072,-10001
50,42534973,-10001
50,42950218,-10001
50,43344159,-10001
50,43722941,-10001
50,44114574,-10001
50,44467800,-10000
50,44846383,-10001
51,729709,-10
51,1143255,-440
51,1534196,-1094
51,1948821,-1643
51,2348345,-2566
51,2759047,-3634
51,3181728,-4765
51,3575619,-6240
51,3971055,-6958
51,4366263,-7174
51,4760620,-8081
51,5182042,-8538
51,5552978,-8643
51,5947398,-9065
51,6346661,-9097
51,6737123,-9127
51,7113323,-9675
51,7510213,-9738
51,7885404,-9847
51,8278836,-10147
51,8634038,-10155
51,8989951,-10209
51,9364893,-10330
51,9757719,-10296
51,10134158,-10326
51,10487824,-10307
51,10863824,-10264
51,11258189,-10227
51,11611098,-10175
51,11989115,-10118
51,12382902,-10067
51,12737465,-10034
51,13112474,-9988
51,13508311,-9970
51,13886378,-9943
51,14260632,-9943
51,14654220,-9937
51,15055942,-9941
51,15447778,-9947
51,15835642,-9961
51,16217508,-9971
51,16633796,-9982
51,16992156,-9994
51,17385271,-10002
51,17768941,-10009
51,18157021,-10012
51,18527978,-10015
51,18886928,-10017
51,19282645,-10016
51,19654692,-10015
51,20011464,-10013
51,20426799,-10011
51,20830882,-10008
51,21219654,-10007
51,21612582,-10006
51,22010199,-10003
51,22405909,-10003
51,22779668,-10004
51,23179363,-10003
51,23549483,-10003
51,23905272,-10004
51,24257440,-10005
51,24615429,-10004
51,25011516,-10004
51,25383901,-10005
51,25737332,-10003
51,26116016,-10003
51,26508700,-10003
51,26885111,-10004
51,27278380,-10004
51,27633343,-10004
51,27987767,-10003
51,28360784,-10004
51,28757533,-10004
51,29182906,-10003
51,29574257,-10003
51,29952473,-10003
51,30346258,-10002
51,30758775,-10002
51,31158196,-10002
51,31530047,-10002
51,31888145,-10002
51,32280169,-10002
51,32648580,-10002
51,33024806,-10002
51,33376212,-10002
51,33724937,-10001
51,34120095,-10001
51,34467794,-10001
51,34836199,-10001
51,35202720,-10001
51,35549239,-10001
51,35833676,-10001
51,36129248,-10001
51,36437348,-10001
51,36749520,-10001
51,37063204,-10001
51,37376526,-10000
51,37712291,-10000
51,38048861,-10000
51,38384745,-10000
51,38711874,-10000
51,39069107,-9999
51,39397969,-9999
51,39730622,-9999
51,40049827,-9999
51,40397440,-9999
51,40711442,-9999
51,41079822,-9999
51,41408945,-9999
51,41735518,-9999
51,42093777,-9999
51,42450602,-9999
52,694813,-7
52,1077188,-353
52,1462010,-1020
52,1849873,-1555
52,2256312,-2289
52,2625743,-3366
52,3040441,-4441
52,3436626,-5654
52,3810645,-6859
52,4202732,-7030
52,4582246,-7703
52,4973555,-8423
52,5337516,-8569
52,5748069,-8923
52,6161520,-9154
52,6516645,-9050
52,6910092,-9411
52,7280442,-9763
52,7639636,-9726
52,7995532,-10003
52,8394099,-10186
52,8768506,-10163
52,9160179,-10298
52,9521650,-10321
52,9893399,-10303
52,10279992,-10325
52,10661186,-10270
52,11056540,-10244
52,11432434,-10179
52,11826223,-10136
52,12181492,-10075
52,12559330,-10039
52,12952753,-9992
52,13338679,-9970
52,13727952,-9944
52,14102096,-9939
52,14500793,-9933
52,14872300,-9937
52,15278495,-9941
52,15668043,-9958
52,16077037,-9965
52,16439898,-9978
52,16808280,-9989
52,17201011,-10000
52,17580299,-10003
52,17994671,-10011
52,18396463,-10013
52,18790062,-10015
52,19200469,-10014
52,19578543,-10012
52,19972360,-10010
52,20329258,-10011
52,20702811,-10007
52,21057384,-10004
52,21454189,-10004
52,21827462,-10004
52,22180802,-10003
52,22589056,-10003
52,22952577,-10003
52,23346805,-10003
52,23708276,-10003
52,24080318,-10003
52,24480431,-10003
52,24873744,-10003
52,25274889,-10004
52,25665390,-10003
52,26077150,-10003
52,26438295,-10003
52,26831057,-10003
52,27201131,-10003
52,27599609,-10003
52,27972512,-10003
52,28332922,-10003
52,28723718,-10003
52,29099936,-10003
52,29500508,-10003
52,29890171,-10003
52,30276865,-10002
52,30644348,-10002
52,31039311,-10002
52,31433799,-10002
52,31804465,-10002
52,32179720,-10002
52,32576843,-10002
52,32930869,-10002
52,33319670,-10002
52,33679891,-10002
52,34054504,-10002
52,34437974,-10002
52,34830327,-10002
52,35226810,-10002
52,35603286,-10002
52,35996616,-10002
52,36377328,-10002
52,36766656,-10001
52,37164068,-10001
52,37582601,-10001
52,37975924,-10001
52,38374922,-10001
52,38768718,-10001
52,39164217,-10001
52,39560799,-10001
52,39932501,-10001
52,40331449,-10001
52,40704088,-10001
52,41078374,-10000
52,41478467,-10000
52,41869510,-10000
52,42255170,-9999
52,42674421,-9999
52,43056972,-9999
52,43432899,-9999
52,43827140,-9999
52,44180501,-9998
52,44556688,-9999
52,44971882,-9999
52,45331769,-9999
52,45904585,-10000
52,46470485,-9998
53,714200,-1
53,1076952,-353
53,1476362,-1020
53,1871456,-1481
53,2272923,-2293
53,2663745,-3370
53,3075140,-4296
53,3431051,-5655
53,3823544,-6776
53,4179689,-7002
53,4556543,-7556
53,4950901,-8341
53,5326228,-8544
53,5720915,-8789
53,6077153,-9142
53,6472805,-9063
53,6927406,-9409
53,7345218,-9768
53,7727073,-9748
53,8118632,-10047
53,8501665,-10188
53,8891281,-10188
53,9293603,-10344
53,9681251,-10318
53,10075194,-10340
53,10435027,-10328
53,10825795,-10286
53,11201242,-10248
53,11598571,-10190
53,11970656,-10142
53,12327570,-10077
53,12721826,-10040
53,13097687,-9990
53,13494153,-9972
53,13874420,-9941
53,14273090,-9940
53,14642353,-9934
53,15037170,-9937
53,15457429,-9946
53,15868404,-9958
53,16271523,-9968
53,16637438,-9982
53,16993178,-9992
53,17348153,-10003
53,17741337,-10008
53,18096255,-10014
53,18472855,-10015
53,18866772,-10018
53,19253804,-10018
53,19637613,-10015
53,20013847,-10014
53,20416600,-10014
53,20824238,-10008
53,21181169,-10008
53,21575295,-10008
53,21950014,-10004
53,22433846,-10005
53,22923099,-10003
53,23448533,-10003
53,23965156,-10006
53,24464539,-10004
53,24969195,-10005
53,25467507,-10005
53,25909821,-10005
53,26338299,-10005
53,26813673,-10005
53,27330443,-10003
53,27821301,-10003
53,28351892,-10003
53,28865072,-10002
53,29367758,-10002
53,29810089,-10003
53,30209557,-10002
53,30622165,-10002
53,31013686,-10002
53,31509251,-10002
53,32022884,-10002
53,32549932,-10002
53,32994475,-10002
53,33468486,-10002
53,33983795,-10001
53,34487716,-10001
53,34916647,-10001
53,35426852,-10000
53,35849754,-10000
53,36265368,-10001
53,36654439,-10001
53,37058001,-10001
53,37457067,-10001
53,37827267,-10001
53,38221561,-9999
53,38601465,-9999
53,38990298,-9999
54,762433,-7
54,1161903,-437
54,1588527,-1089
54,1977133,-1552
54,2369392,-2416
54,2767834,-3495
54,3162401,-4586
54,3589712,-6039
54,3974614,-6945
54,4370565,-7088
54,4765938,-7939
54,5160281,-8481
54,5513007,-8591
54,5912216,-8960
54,6285710,-9140
54,6641655,-9049
54,7056619,-9547
54,7459228,-9749
54,7870373,-9798
54,8286372,-10156
54,8684379,-10165
54,9081982,-10245
54,9472074,-10358
54,9868953,-10316
54,10265249,-10360
54,10642547,-10311
54,11034643,-10285
54,11391093,-10239
54,11786197,-10175
54,12181570,-10120
54,12589727,-10059
54,13000891,-10005
54,13390317,-9976
54,13767097,-9945
54,14162240,-9933
54,14584204,-9926
54,14976312,-9926
54,15369393,-9930
54,15766597,-9947
54,16159716,-9953
54,16514762,-9969
54,16890630,-9982
54,17286697,-9996
54,17667697,-10002
54,18064727,-10011
54,18457974,-10013
54,18872959,-10016
54,19285315,-10016
54,19688705,-10016
54,20079847,-10014
54,20470176,-10010
54,20871399,-10008
54,21263346,-10007
54,21641048,-10004
54,22035181,-10002
54,22408781,-10002
54,22765931,-10003
54,23179771,-10002
54,23547687,-10002
54,23957480,-10002
54,24348641,-10003
54,24725423,-10003
54,25119761,-10004
54,25513609,-10004
54,25892196,-10004
54,26289695,-10003
54,26682718,-10004
54,27078198,-10003
54,27471252,-10002
54,27847067,-10002
54,28243179,-10002
54,28597124,-10002
54,28972270,-10002
54,29367854,-10002
54,29727238,-10002
54,30099092,-10002
54,30492399,-10003
54,30893068,-10003
54,31266375,-10003
54,31699713,-10003
54,32077553,-10002
54,32494657,-10001
54,32893879,-10002
54,33262977,-10002
54,33641536,-10001
54,34013024,-10001
54,34390287,-10002
54,34787674,-10002
54,35181781,-10002
54,35587093,-10002
54,35973874,-10001
54,36366247,-10001
54,36746384,-10001
54,37163719,-10001
54,37571547,-10000
54,37941504,-10000
54,38328883,-10000
54,38747039,-10000
54,39150016,-10000
54,39514791,-10000
54,39911691,-10000
54,40283938,-10000
54,40642804,-10000
54,41036079,-9999
54,41414617,-10000
54,41820715,-10000
54,42189686,-10000
54,42605197,-10000
55,713850,-26
55,1115844,-524
55,1539333,-1152
55,1931595,-1633
55,2306067,-2414
55,2660999,-3360
55,3013219,-4286
55,3366585,-5453
55,3720004,-6669
55,4094094,-7001
55,4491335,-7433
55,4844829,-8265
55,5236980,-8543
55,5617348,-8736
55,5992516,-9113
55,6353106,-9090
55,6744642,-9188
55,7098896,-9682
55,7496434,-9742
55,7871296,-9851
55,8245195,-10186
55,8645593,-10171
55,9054568,-10295
55,9463811,-10354
55,9829795,-10320
55,10243458,-10354
55,10617194,-10298
55,11020956,-10267
55,11416339,-10200
55,11829014,-10144
55,12247795,-10076
55,12642039,-10033
55,13057021,-9987
55,13412953,-9963
55,13805731,-9937
55,14172279,-9932
55,14545064,-9928
55,14930594,-9929
55,15308266,-9935
55,15708447,-9952
55,16119204,-9961
55,16517287,-9976
55,16911131,-9990
55,17286568,-9997
55,17660260,-10004
55,18012501,-10011
55,18371818,-10013
55,18764228,-10014
55,19137803,-10016
55,19538262,-10015
55,19910347,-10013
55,20266414,-10011
55,20660549,-10008
55,21059558,-10008
55,21443032,-10004
55,21808254,-10003
55,22218290,-10002
55,22579776,-10002
55,22973864,-10002
55,23349604,-10003
55,23744146,-10003
55,24096413,-10003
55,24474007,-10003
55,24869197,-10004
55,25224834,-10004
55,25603263,-10003
55,25993884,-10003
55,26350044,-10003
55,26723432,-10003
55,27096902,-10002
55,27477661,-10002
55,27850681,-10002
55,28248552,-10002
55,28620916,-10002
55,29017572,-10002
55,29415308,-10003
55,29808418,-10002
55,30216712,-10002
55,30601417,-10002
55,30975939,-10002
55,31372651,-10001
55,31745705,-10001
55,32140038,-10001
55,32541971,-10001
55,32914645,-10001
55,33309219,-10001
55,33706559,-10001
55,34099027,-10001
55,34497703,-10001
55,34870200,-10000
55,35268079,-10001
55,35660948,-10000
55,36036452,-10000
55,36432006,-10000
55,36808229,-10000
55,37211822,-10000
55,37621724,-10000
55,38015960,-10000
55,38415865,-9999
55,38808588,-9999
55,39216090,-9999
55,39579443,-9999
55,39972539,-9999
55,40351071,-9999
55,40743060,-9999
56,757846,-8
56,1116297,-353
56,1496579,-1021
56,1889638,-1554
56,2294653,-2413
56,2685873,-3362
56,3075572,-4437
56,3473236,-5834
56,3867334,-6901
56,4290754,-7085
56,4700381,-7930
56,5111194,-8501
56,5515366,-8637
56,5905484,-9028
56,6300286,-9128
56,6700631,-9139
56,7092919,-9632
56,7451420,-9750
56,7848225,-9819
56,8220320,-10168
56,8618801,-10178
56,8992794,-10255
56,9389379,-10359
56,9765694,-10317
56,10177320,-10354
56,10577816,-10304
56,10991331,-10270
56,11388171,-10215
56,11765188,-10159
56,12160336,-10088
56,12574671,-10044
56,12990258,-9995
56,13348291,-9969
56,13741897,-9941
56,14117526,-9933
56,14514593,-9926
56,14887227,-9929
56,15293999,-9936
56,15698295,-9948
56,16051922,-9956
56,16429564,-9973
56,16823425,-9983
56,17178424,-9997
56,17575564,-10002
56,17950529,-10011
56,18349349,-10012
56,18720556,-10015
56,19114951,-10016
56,19505567,-10015
56,19887962,-10011
56,20277031,-10012
56,20658626,-10007
56,21074383,-10006
56,21473346,-10005
56,21845446,-10003
56,22252130,-10001
56,22615372,-10001
56,23012420,-10001
56,23412536,-10002
56,23801707,-10002
56,24199443,-10002
56,24597190,-10003
56,24990118,-10003
56,25390039,-10004
56,25787964,-10003
56,26201982,-10003
56,26598421,-10003
56,26988889,-10003
56,27368862,-10002
56,27763825,-10002
56,28141886,-10002
56,28539680,-10002
56,28947797,-10002
56,29306331,-10002
56,29701699,-10003
56,30106438,-10003
56,30495343,-10003
56,30891621,-10003
56,31275253,-10002
56,31659205,-10002
56,32075344,-10001
56,32451677,-10001
56,32846926,-10001
56,33250582,-10001
56,33620075,-10002
56,34011022,-10001
56,34388307,-10001
56,34786307,-10001
56,35197897,-10001
56,35574887,-10001
56,35969444,-10001
56,36326453,-10001
56,36698419,-10001
56,37054720,-10001
56,37454549,-10001
56,37826296,-10001
56,38222311,-10001
56,38596901,-10001
56,38991957,-10001
56,39389662,-10001
57,778461,-9
57,1175892,-437
57,1605912,-1086
57,2087994,-1816
57,2623104,-3224
57,3145532,-4579
57,3699321,-6372
57,4183531,-6982
57,4647682,-7657
57,5059192,-8382
57,5423751,-8537
57,5841844,-8909
57,6234856,-9153
57,6645706,-9049
57,7005986,-9494
57,7398574,-9779
57,7777080,-9753
57,8177957,-10061
57,8549454,-10203
57,8947340,-10198
57,9339145,-10361
57,9736303,-10334
57,10129444,-10357
57,10486998,-10361
57,10866187,-10303
57,11262286,-10269
57,11673928,-10194
57,12067692,-10145
57,12439251,-10081
57,12800019,-10035
57,13193765,-9987
57,13594996,-9962
57,13962588,-9930
57,14315603,-9927
57,14674891,-9921
57,15045648,-9923
57,15401082,-9928
57,15811131,-9942
57,16173562,-9953
57,16568180,-9967
57,16944187,-9981
57,17336611,-9993
57,17713984,-10000
57,18111073,-10009
57,18490314,-10010
57,18885440,-10014
57,19296851,-10014
57,19695276,-10014
57,20067494,-10012
57,20461991,-10012
57,20815659,-10007
57,21188791,-10006
57,21547045,-10005
57,21946511,-10002
57,22317476,-10001
57,22736462,-10002
57,23134960,-10002
57,23546121,-10002
57,23945990,-10002
57,24314590,-10002
57,24673767,-10003
57,25066440,-10003
57,25440884,-10003
57,25796750,-10004
57,26189781,-10003
57,26567413,-10003
57,26962852,-10003
57,27334455,-10003
57,27690277,-10003
57,28043614,-10003
57,28405997,-10003
57,28779069,-10003
57,29172331,-10003
57,29566871,-10003
57,29945044,-10003
57,30334733,-10002
57,30714522,-10002
57,31111490,-10003
57,31487845,-10002
57,31887376,-10001
57,32297916,-10001
57,32693626,-10002
57,33069310,-10002
57,33482064,-10002
57,33839253,-10002
57,34233506,-10002
57,34593794,-10002
57,34965964,-10002
57,35359265,-10002
57,35753840,-10002
57,36133312,-10001
57,36543145,-10001
57,36962112,-10001
57,37319852,-10001
57,37713975,-10001
57,38084850,-10001
57,38442372,-10001
57,38798986,-10001
57,39191581,-10001
57,39567432,-10001
57,39963907,-10001
57,40343542,-10001
57,40738181,-10001
57,41113464,-10001
57,41510736,-10001
58,713203,-9
58,1097610,-354
58,1491847,-1016
58,1887662,-1550
58,2304143,-2405
58,2736446,-3484
58,3117250,-4578
58,3510186,-6019
58,3909790,-6893
58,4286361,-7031
58,4666097,-7798
58,5051494,-8472
58,5448439,-8560
58,5823474,-8966
58,6218974,-9145
58,6591954,-9054
58,6992927,-9489
58,7386520,-9772
58,7768336,-9757
58,8139256,-10113
58,8536712,-10200
58,8952855,-10247
58,9344483,-10380
58,9744863,-10336
58,10143112,-10373
58,10535366,-10334
58,10933516,-10292
58,11347705,-10233
58,11745269,-10177
58,12138987,-10109
58,12531473,-10053
58,12931841,-9999
58,13344198,-9967
58,13764576,-9934
58,14157321,-9926
58,14534147,-9920
58,14933813,-9921
58,15300201,-9928
58,15716725,-9944
58,16093378,-9951
58,16488312,-9970
58,16886795,-9983
58,17280163,-9994
58,17677655,-10001
58,18079555,-10010
58,18473922,-10013
58,18870822,-10016
58,19264344,-10016
58,19667399,-10014
58,20060563,-10012
58,20426268,-10010
58,20825795,-10006
58,21225399,-10004
58,21593609,-10003
58,21992360,-10003
58,22363479,-10001
58,22762033,-10001
58,23135454,-10001
58,23530015,-10001
58,23946988,-10001
58,24344913,-10001
58,24722033,-10002
58,25114719,-10002
58,25488276,-10003
58,25886194,-10003
58,26285282,-10003
58,26675929,-10003
58,27073022,-10003
58,27489365,-10002
58,28050980,-10002
58,28586242,-10001
58,29154432,-10000
58,29686028,-10001
58,30189034,-10001
58,30706937,-10002
58,31211884,-10002
58,31651083,-10001
58,32062576,-10001
58,32449927,-10001
58,32937796,-10001
58,33386261,-10001
58,33854322,-10001
58,34379570,-10001
58,34880244,-10000
58,35401670,-10000
58,35868434,-10000
58,36309118,-9999
58,36737069,-10000
59,716423,-8
59,1117411,-438
59,1547474,-1091
59,1931131,-1634
59,2372055,-2546
59,2767722,-3618
59,3159987,-4738
59,3588096,-6209
59,3994144,-6961
59,4389822,-7227
59,4807850,-8168
59,5203286,-8526
59,5621235,-8734
59,6012380,-9104
59,6406112,-9076
59,6785611,-9187
59,7157292,-9677
59,7512715,-9730
59,7911613,-9854
59,8305239,-10182
59,8702020,-10165
59,9097190,-10302
59,9603879,-10327
59,10041503,-10344
59,10436568,-10333
59,10831522,-10281
59,11286943,-10238
59,11672730,-10169
59,12060399,-10117
59,12431508,-10056
59,12833404,-10017
59,13201216,-9973
59,13601664,-9951
59,13995219,-9928
59,14390554,-9928
59,14792710,-9923
59,15186397,-9928
59,15564088,-9941
59,15950486,-9952
59,16367862,-9968
59,16764895,-9979
59,17139089,-9994
59,17542403,-10001
59,17910957,-10009
59,18303136,-10010
59,18680627,-10016
59,19078705,-10015
59,19490352,-10014
59,19910059,-10011
59,20302868,-10013
59,20659755,-10007
59,21032293,-10005
59,21385047,-10005
59,21748272,-10003
59,22138790,-10002
59,22511518,-10002
59,22909611,-10001
59,23303654,-10001
59,23715810,-10001
59,24098330,-10002
59,24491568,-10002
59,24893171,-10002
59,25263337,-10002
59,25640305,-10003
59,26055053,-10002
59,26456170,-10003
59,26868242,-10003
59,27260946,-10002
59,27619817,-10002
59,27993173,-10001
59,28387026,-10001
59,28761905,-10001
59,29158855,-10000
59,29542774,-10001
59,29933377,-10001
59,30305824,-10001
59,30708148,-10001
59,31076006,-10001
59,31470206,-10001
59,31867552,-10001
59,32241642,-10001
59,32638516,-10001
59,33011650,-10001
59,33405972,-10001
59,33762533,-10000
59,34136699,-10000
59,34492089,-10000
59,34909429,-10000
59,35304506,-10000
59,35682799,-10000
59,36079140,-10000
59,36490753,-10000
59,36887109,-10000
59,37263386,-10000
59,37663506,-10000
59,38033621,-10000
59,38431006,-10000
59,38821867,-10000
60,748563,-8
60,1142407,-354
60,1506999,-950
60,1856688,-1413
60,2204570,-2044
60,2556113,-2970
60,2904756,-3890
60,3281036,-4926
60,3632523,-6229
60,3995974,-6944
60,4352651,-7087
60,4700518,-7809
60,5090794,-8438
60,5447492,-8534
60,5785300,-8839
60,6154816,-9120
60,6513501,-9019
60,6913296,-9311
60,7269076,-9724
60,7661679,-9702
60,8033495,-9938
60,8387544,-10185
60,8749333,-10159
60,9131454,-10276
60,9475378,-10360
60,9845973,-10319
60,10181979,-10364
60,10554078,-10332
60,10893033,-10290
60,11274081,-10259
60,11646059,-10187
60,12048619,-10128
60,12472127,-10064
60,12861735,-10017
60,13257868,-9972
60,13671423,-9949
60,14024374,-9929
60,14401196,-9928
60,14774838,-9919
60,15175389,-9927
60,15570156,-9934
60,15962428,-9948
60,16340531,-9962
60,16737541,-9975
60,17118725,-9989
60,17528546,-9998
60,17922408,-10006
60,18279735,-10011
60,18652734,-10014
60,19047725,-10015
60,19443802,-10015
60,19816408,-10011
60,20172665,-10011
60,20546318,-10009
60,20898142,-10005
60,21275821,-10004
60,21669615,-10003
60,22024481,-10001
60,22405227,-10001
60,22798099,-10001
60,23152947,-10000
60,23547016,-10000
60,23936525,-10000
60,24321782,-10001
60,24693250,-10001
60,25049389,-10001
60,25468031,-10001
60,25857755,-10001
60,26216926,-10001
60,26588552,-10001
60,26942900,-10001
60,27360975,-10001
60,27712180,-10001
60,28066637,-10000
60,28466915,-10001
60,28837624,-10000
60,29195155,-10000
60,29589777,-10000
60,29962903,-10001
60,30320736,-10001
60,30712596,-10001
60,31096913,-10000
60,31485198,-10000
60,31868330,-10000
60,32262319,-10000
60,32670820,-10000
60,33024062,-10000
60,33405441,-10001
60,33797481,-10001
60,34153491,-10001
60,34526805,-10001
60,34919119,-10001
60,35299076,-10001
60,35695976,-10000
60,36066515,-9999
60,36468038,-9999
60,36860310,-9999
60,37236012,-10000
60,37589920,-10000
60,37963046,-10000
60,38318123,-10000
60,38713274,-10000
60,39065018,-10000
60,39466487,-10001
60,39861102,-9999
60,40256491,-9999
60,40673339,-10000
60,41067901,-10000
60,41466188,-10000
60,41862813,-9999
60,42262225,-9999
60,42650084,-9999
60,43024984,-9999
60,43425116,-9999
60,43799018,-9999
60,44196609,-9999
60,44588443,-9999
60,44964520,-9999
61,714857,-8
61,1102429,-437
61,1515272,-1016
61,1888719,-1472
61,2240599,-2149
61,2618842,-3219
61,3034081,-4275
61,3411626,-5435
61,3803729,-6755
61,4179505,-6990
61,4535718,-7428
61,4908172,-8263
61,5262286,-8540
61,5659198,-8740
61,6032677,-9118
61,6394645,-9095
61,6784558,-9197
61,7158018,-9690
61,7515879,-9742
61,7910701,-9857
61,8284807,-10193
61,8682784,-10174
61,9055998,-10255
61,9411558,-10363
61,9818795,-10315
61,10181971,-10356
61,10579715,-10313
61,10954423,-10272
61,11357263,-10215
61,11766107,-10156
61,12180412,-10096
61,12534551,-10045
61,12931061,-10002
61,13322434,-9967
61,13732113,-9939
61,14118395,-9927
61,14515449,-9925
61,14887662,-9924
61,15269552,-9928
61,15685309,-9943
61,16076099,-9952
61,16434911,-9970
61,16825767,-9979
61,17179976,-9991
61,17540710,-9999
61,17910118,-10007
61,18263827,-10011
61,18665549,-10013
61,19035602,-10015
61,19436083,-10015
61,19806486,-10012
61,20201497,-10011
61,20559153,-10010
61,20933173,-10006
61,21338715,-10005
61,21703288,-10002
61,22098618,-10002
61,22519415,-10002
61,22910860,-10002
61,23284896,-10002
61,23683723,-10002
61,24076495,-10003
61,24454208,-10003
61,24830585,-10003
61,25219893,-10003
61,25585382,-10002
61,25948443,-10003
61,26316839,-10003
61,26704741,-10002
61,27095263,-10002
61,27477606,-10002
61,27906676,-10002
61,28285683,-10002
61,28665197,-10002
61,29057071,-10002
61,29433396,-10002
61,29828361,-10001
61,30209975,-10001
61,30632442,-10001
61,31018150,-10001
61,31414456,-10001
61,31786663,-10001
61,32180839,-10002
61,32535341,-10001
61,32910295,-10001
61,33319524,-10001
61,33691197,-10001
61,34094068,-10000
61,34521354,-10000
61,34930191,-10000
61,35323722,-10000
61,35683507,-10000
61,36080087,-9999
61,36491966,-9999
61,36893254,-9999
61,37285836,-9999
61,37682856,-9999
61,38076100,-10000
61,38432068,-10000
61,38804892,-10000
61,39171860,-10000
62,760376,-8
62,1129159,-439
62,1516783,-1096
62,1909964,-1563
62,2308382,-2427
62,2701969,-3508
62,3097757,-4450
62,3475071,-5856
62,3866966,-6865
62,4246028,-7058
62,4640724,-7822
62,5039920,-8457
62,5431920,-8567
62,5827014,-8960
62,6225154,-9127
62,6597386,-9034
62,6994117,-9544
62,7392648,-9746
62,7763946,-9755
62,8174604,-10082
62,8536538,-10161
62,8929305,-10186
62,9307362,-10339
62,9698869,-10303
62,10054461,-10323
62,10432506,-10316
62,10825535,-10268
62,11201249,-10232
62,11600957,-10175
62,11992563,-10121
62,12369776,-10064
62,12743170,-10024
62,13166093,-9979
62,13561894,-9956
62,13952251,-9934
62,14329278,-9934
62,14724131,-9930
62,15097651,-9934
62,15492545,-9941
62,15847308,-9954
62,16222591,-9965
62,16621481,-9978
62,17015782,-9991
62,17411465,-9999
62,17815889,-10007
62,18218476,-10010
62,18578559,-10014
62,18975691,-10015
62,19375009,-10015
62,19743147,-10013
62,20096300,-10010
62,20472257,-10009
62,20869337,-10006
62,21267146,-10003
62,21636476,-10003
62,21992263,-10002
62,22346669,-10000
62,22700083,-10002
62,23103253,-10002
62,23475237,-10003
62,23846856,-10003
62,24217660,-10004
62,24597820,-10004
62,24994720,-10004
62,25369752,-10003
62,25747095,-10003
62,26149308,-10003
62,26539682,-10003
62,26928524,-10003
62,27361547,-10003
62,27736410,-10003
62,28098230,-10004
62,28496787,-10003
62,28870949,-10003
62,29279032,-10003
62,29643827,-10003
62,30038587,-10003
62,30455016,-10002
62,30847311,-10002
62,31222699,-10002
62,31618955,-10002
62,32012787,-10002
62,32394135,-10002
62,32786715,-10002
62,33180156,-10002
62,33555229,-10002
62,33928655,-10001
62,34305170,-10001
62,34700353,-10001
62,35052968,-10001
62,35434191,-10001
62,35808092,-10001
62,36203977,-10001
62,36601606,-10001
62,36995309,-10001
62,37370488,-10001
62,37778617,-10001
62,38154042,-10002
62,38535820,-10002
62,38931199,-10001
62,39306885,-10001
62,39701351,-10001
62,40096772,-10001
62,40473018,-10000
62,40847061,-10000
62,41201967,-10001
62,41595925,-10001
62,41950609,-10001
62,42335556,-10001
62,42724625,-10000
62,43096316,-10000
62,43493889,-10000
62,43845640,-10000
62,44222341,-10000
63,710392,-8
63,1099985,-439
63,1512802,-1089
63,1954074,-1636
63,2323581,-2416
63,2675604,-3362
63,3053842,-4437
63,3448471,-5647
63,3797978,-6772
63,4175860,-7020
63,4571335,-7562
63,4947186,-8346
63,5299016,-8543
63,5696158,-8797
63,6056758,-9134
63,6450339,-9057
63,6844523,-9333
63,7245100,-9764
63,7665406,-9728
63,8052352,-10005
63,8478058,-10186
63,8886975,-10199
63,9294154,-10351
63,9698650,-10306
63,10097829,-10339
63,10474088,-10311
63,10906421,-10268
63,11304196,-10219
63,11684437,-10165
63,12064150,-10114
63,12431514,-10057
63,12806679,-10018
63,13182684,-9976
63,13578690,-9955
63,13956207,-9933
63,14347446,-9933
63,14725648,-9928
63,15121316,-9933
63,15517771,-9943
63,15901022,-9953
63,16264766,-9966
63,16666351,-9980
63,17040773,-9992
63,17432219,-10000
63,17827298,-10008
63,18226975,-10012
63,18600307,-10014
63,18998744,-10016
63,19369948,-10014
63,19765041,-10014
63,20167292,-10013
63,20576961,-10007
63,20979840,-10007
63,21376383,-10005
63,21773391,-10003
63,22172448,-10002
63,22551251,-10002
63,22928824,-10002
63,23303951,-10002
63,23677492,-10003
63,24074689,-10003
63,24447456,-10003
63,24803400,-10003
63,25199708,-10003
63,25574238,-10005
63,25976624,-10004
63,26366542,-10004
63,26762703,-10003
63,27161334,-10003
63,27553177,-10003
63,27945866,-10002
63,28323316,-10002
63,28698359,-10002
63,29094921,-10002
63,29468316,-10002
63,29823578,-10002
63,30218715,-10002
63,30596461,-10002
63,30991130,-10002
63,31362076,-10002
63,31717248,-10002
63,32072458,-10001
63,32425757,-10001
63,32800417,-10001
63,33200549,-10000
63,33595281,-10000
63,33971956,-10000
63,34364410,-10001
63,34716428,-10001
63,35095928,-10001
63,35488261,-10001
63,35874351,-10001
63,36263278,-10001
63,36641696,-10000
63,37039495,-10000
63,37448292,-10000
64,737138,-9
64,1118630,-354
64,1522306,-1020
64,1931858,-1553
64,2323424,-2416
64,2728047,-3500
64,3120028,-4595
64,3547426,-6036
64,3935972,-6909
64,4319213,-7097
64,4707185,-7821
64,5083799,-8486
64,5495090,-8604
64,5894357,-9024
64,6317559,-9106
64,6705309,-9132
64,7115341,-9676
64,7519838,-9735
64,7912740,-9856
64,8321612,-10180
64,8703744,-10155
64,9098710,-10292
64,9517397,-10342
64,9888873,-10301
64,10243812,-10340
64,10644121,-10285
64,11016127,-10252
64,11414556,-10201
64,11807780,-10143
64,12204239,-10077
64,12583493,-10039
64,12956643,-9988
64,13370815,-9962
64,13764465,-9939
64,14138437,-9928
64,14499307,-9928
64,14891746,-9927
64,15269219,-9935
64,15695480,-9949
64,16085021,-9960
64,16474117,-9976
64,16893084,-9987
64,17347648,-10001
64,17767676,-10007
64,18159394,-10014
64,18536939,-10015
64,18931386,-10016
64,19318201,-10017
64,19708273,-10014
64,20082652,-10013
64,20480939,-10010
64,20848478,-10007
64,21245997,-10004
64,21642622,-10003
64,22017438,-10003
64,22412849,-10003
64,22785770,-10000
64,23200823,-10001
64,23559681,-10002
64,23952308,-10002
64,24340724,-10002
64,24722606,-10002
64,25137810,-10002
64,25493661,-10002
64,25889240,-10001
64,26265326,-10002
64,26660931,-10002
64,27034081,-10001
64,27389951,-10001
64,27804452,-10002
64,28159949,-10002
64,28515731,-10001
64,28909606,-10001
64,29282979,-10001
64,29681190,-10001
64,30072410,-10001
64,30460099,-10001
64,30835543,-10001
64,31222183,-10001
64,31585265,-10001
64,31963149,-10001
64,32359448,-10001
64,32766845,-10001
64,33162613,-10001
64,33539539,-10001
64,33930181,-10001
64,34317042,-10001
64,34701921,-10000
64,35076420,-10000
64,35435508,-10000
64,35829809,-10000
64,36204973,-10000
64,36605786,-10000
64,36975444,-10000
64,37371125,-10000
64,37744600,-10000
64,38138633,-10000
64,38495261,-10000
64,38867824,-9999
64,39264378,-9999
64,39664497,-9999
64,40035702,-9999
65,738783,-8
65,1140785,-439
65,1536220,-1093
65,1958754,-1639
65,2370619,-2556
65,2768616,-3629
65,3183097,-4756
65,3608398,-6223
65,3994514,-6944
65,4370467,-7154
65,4767424,-8057
65,5159886,-8497
65,5536343,-8629
65,5936379,-9022
65,6308430,-9104
65,6705747,-9117
65,7103244,-9616
65,7493887,-9725
65,7891507,-9840
65,8285829,-10154
65,8664736,-10151
65,9058360,-10242
65,9451240,-10353
65,9830869,-10306
65,10223224,-10352
65,10620257,-10298
65,10994991,-10268
65,11368493,-10224
65,11744885,-10159
65,12118904,-10106
65,12492612,-10056
65,12868244,-10010
65,13265146,-9971
65,13619740,-9949
65,14013158,-9928
65,14388784,-9927
65,14759465,-9926
65,15121933,-9929
65,15515534,-9939
65,15915795,-9953
65,16286033,-9964
65,16684794,-9978
65,17055752,-9990
65,17410258,-10000
65,17769169,-10004
65,18161360,-10011
65,18570123,-10014
65,18933502,-10016
65,19307462,-10015
65,19705406,-10012
65,20082311,-10011
65,20478243,-10007
65,20893104,-10006
65,21286709,-10004
65,21663690,-10003
65,22057801,-10001
65,22452628,-10001
65,22832127,-10001
65,23224261,-10001
65,23651144,-10001
65,24022734,-10001
65,24411318,-10002
65,24811226,-10003
65,25210023,-10003
65,25621610,-10003
65,26013296,-10003
65,26411800,-10004
65,26788826,-10003
65,27181936,-10003
65,27535417,-10003
65,27918456,-10003
65,28308545,-10003
65,28684990,-10003
65,29082298,-10002
65,29473660,-10002
65,29872224,-10002
65,30266331,-10002
65,30664774,-10002
65,31038159,-10002
65,31432298,-10002
65,31808955,-10002
65,32204143,-10003
65,32610157,-10003
65,32972919,-10002
65,33370457,-10002
65,33747364,-10001
65,34148944,-10001
65,34546384,-10001
65,34961899,-10003
65,35334228,-10003
65,35725647,-10001
65,36166531,-10001
65,36572792,-10001
65,36954413,-10001
65,37326739,-10001
65,37686433,-10001
65,38079859,-10001
65,38458386,-10001
65,38872526,-10000
65,39266708,-10001
65,39687521,-10001
65,40081365,-10001
65,40473748,-10001
65,40868300,-10001
66,716049,-8
66,1121892,-435
66,1586610,-1152
66,1998999,-1717
66,2394657,-2541
66,2764018,-3491
66,3137371,-4589
66,3519834,-5838
66,3892640,-6904
66,4289212,-7041
66,4680154,-7809
66,5054156,-8440
66,5435678,-8562
66,5825622,-8913
66,6224215,-9129
66,6601326,-9035
66,6993306,-9473
66,7371118,-9742
66,7763990,-9723
66,8116999,-10040
66,8494867,-10178
66,8888992,-10180
66,9265012,-10358
66,9660581,-10333
66,10013900,-10343
66,10377092,-10373
66,10792730,-10304
66,11182410,-10283
66,11564094,-10215
66,11931445,-10158
66,12338822,-10096
66,12708443,-10047
66,13097437,-9995
66,13475043,-9967
66,13869240,-9931
66,14266621,-9925
66,14659685,-9918
66,15034466,-9919
66,15393109,-9923
66,15766979,-9939
66,16172875,-9947
66,16540137,-9965
66,16932636,-9977
66,17311442,-9993
66,17699675,-9998
66,18075176,-10006
66,18438491,-10011
66,18831031,-10014
66,19244733,-10015
66,19661477,-10014
66,20055557,-10014
66,20410540,-10011
66,20783381,-10008
66,21138916,-10007
66,21539324,-10003
66,21928919,-10002
66,22311704,-10001
66,22686805,-10001
66,23083091,-10001
66,23506048,-10001
66,23891984,-10001
66,24268815,-10003
66,24661977,-10003
66,25033868,-10003
66,25390929,-10003
66,25786769,-10003
66,26193917,-10003
66,26561459,-10002
66,26933849,-10002
66,27336281,-10002
66,27700386,-10002
66,28059196,-10001
66,28459953,-10001
66,28826347,-10001
66,29189781,-10001
66,29579155,-10001
66,29995133,-10001
66,30393257,-10001
66,30765975,-10001
66,31167557,-10001
66,31535864,-10001
66,31932378,-10001
66,32315385,-10001
66,32706074,-10001
66,33119839,-10001
67,721104,0
67,1079632,-353
67,1477897,-1020
67,1893838,-1551
67,2311121,-2412
67,2706523,-3486
67,3104677,-4428
67,3494605,-5832
67,3890857,-6902
67,4288739,-7042
67,4683670,-7813
67,5079442,-8485
67,5476722,-8602
67,5892005,-9033
67,6288040,-9121
67,6684089,-9089
67,7078781,-9631
67,7456433,-9755
67,7834201,-9808
67,8226958,-10161
67,8641534,-10156
67,9035273,-10243
67,9409725,-10352
67,9765349,-10300
67,10160246,-10340
67,10536694,-10311
67,10933776,-10262
67,11307682,-10219
67,11706298,-10159
67,12082547,-10102
67,12497238,-10046
67,12895776,-10000
67,13284933,-9968
67,13663969,-9943
67,14079218,-9927
67,14478626,-9927
67,14902377,-9927
67,15287468,-9931
67,15683423,-9946
67,16076567,-9956
67,16429832,-9967
67,16787164,-9982
67,17180877,-9993
67,17565111,-9999
67,17956953,-10006
67,18331743,-10010
67,18728922,-10013
67,19140581,-10014
67,19536634,-10013
67,19914045,-10010
67,20306851,-10009
67,20682102,-10005
67,21076307,-10002
67,21429986,-10002
67,21806995,-10001
67,22202317,-10000
67,22589890,-10000
67,22974117,-10000
67,23389824,-10001
67,23766220,-10001
67,24164382,-10002
67,24568574,-10002
67,24934352,-10002
67,25329232,-10002
67,25700765,-10002
67,26055870,-10002
67,26412338,-10002
67,26809222,-10001
67,27181554,-10001
67,27536012,-10001
67,27932613,-10001
67,28305380,-10001
67,28661629,-10001
67,29054287,-10001
67,29431762,-10001
67,29828276,-10000
67,30206229,-10000
67,30644785,-10001
67,31012695,-10001
67,31366759,-10001
67,31744668,-10001
67,32139231,-10001
67,32503317,-10001
67,32891920,-10000
67,33269856,-10000
67,33657381,-10000
67,34038037,-10000
67,34457765,-9999
67,34854331,-10000
67,35263432,-10000
67,35618190,-10000
67,35994821,-9999
67,36387690,-9999
67,36800448,-9999
67,37161789,-9999
67,37568054,-9999
67,37934498,-9999
68,708895,-7
68,1098469,-440
68,1511348,-1093
68,1909735,-1641
68,2303275,-2423
68,2657171,-3372
68,3034466,-4448
68,3447628,-5664
68,3808967,-6866
68,4200640,-7063
68,4593960,-7703
68,4969587,-8414
68,5327597,-8539
68,5722715,-8851
68,6138220,-9130
68,6532677,-9020
68,6908712,-9400
68,7302492,-9753
68,7675267,-9709
68,8033006,-9991
68,8426697,-10174
68,8810389,-10160
68,9199886,-10319
68,9574153,-10309
68,9929332,-10310
68,10323766,-10331
68,10698031,-10271
68,11054699,-10252
68,11428547,-10199
68,11779171,-10145
68,12180884,-10087
68,12553359,-10048
68,12929954,-9999
68,13325422,-9973
68,13677859,-9949
68,14032264,-9935
68,14383094,-9933
68,14736843,-9930
68,15117532,-9934
68,15508989,-9943
68,15863486,-9954
68,16242709,-9966
68,16635570,-9977
68,16991004,-9988
68,17365597,-9997
68,17757689,-10004
68,18118220,-10009
68,18490315,-10012
68,18890192,-10013
68,19261545,-10014
68,19614291,-10012
68,19988933,-10010
68,20363209,-10010
68,20737124,-10007
68,21112772,-10005
68,21499031,-10004
68,21888459,-10003
68,22310542,-10002
68,22725463,-10001
68,23175051,-10000
68,23557995,-10001
68,23952457,-10001
68,24330462,-10001
68,24723887,-10003
68,25135773,-10003
68,25534654,-10003
68,25943609,-10003
68,26323480,-10003
68,26676638,-10003
68,27040444,-10002
68,27431568,-10002
68,27840918,-10002
68,28203313,-10002
68,28576732,-10002
68,28976876,-10001
68,29385445,-10001
68,29738510,-10001
68,30116196,-10001
68,30509613,-10001
68,30869655,-10001
68,31237796,-10001
68,31634033,-10001
68,31990497,-10001
68,32363292,-10001
68,32758346,-10001
68,33116377,-10001
68,33488211,-10000
68,33879240,-10000
68,34243939,-10000
68,34637269,-10000
68,35037150,-10000
68,35429951,-10000
68,35856601,-10000
68,36243626,-10000
68,36635214,-10000
68,37012887,-10000
68,37385579,-10000
68,37738002,-9999
68,38116968,-9999
68,38489198,-9999
69,734730,-8
69,1132106,-354
69,1500705,-1024
69,1936389,-1564
69,2329096,-2430
69,2723829,-3504
69,3148002,-4602
69,3533250,-5851
69,3907849,-6915
69,4307801,-7104
69,4722045,-7822
69,5073466,-8483
69,5472362,-8565
69,5844907,-8901
69,6221099,-9114
69,6617582,-9014
69,6970824,-9392
69,7348110,-9744
69,7720413,-9708
69,8106198,-10042
69,8499220,-10178
69,8888584,-10173
69,9286070,-10341
69,9680791,-10305
69,10074109,-10332
69,10454325,-10324
69,10848446,-10271
69,11222054,-10249
69,11575850,-10186
69,11939058,-10135
69,12328372,-10073
69,12722161,-10034
69,13105498,-9986
69,13476710,-9964
69,13868373,-9933
69,14248104,-9931
69,14639145,-9926
69,15054553,-9929
69,15452393,-9934
69,15825264,-9950
69,16182365,-9957
69,16576005,-9975
69,16949676,-9983
69,17325528,-9998
69,17721256,-10001
69,18074764,-10011
69,18470317,-10011
69,18846155,-10015
69,19203993,-10015
69,19596752,-10014
69,19972066,-10012
69,20329244,-10011
69,20744233,-10005
69,21154845,-10005
69,21515471,-10003
69,21932187,-10001
69,22328237,-10001
69,22723030,-10001
69,23129274,-10001
69,23517507,-10001
69,23907225,-10001
69,24286089,-10001
69,24678291,-10002
69,25031696,-10002
69,25408859,-10002
69,25805200,-10002
69,26164631,-10002
69,26532474,-10002
69,26928163,-10002
69,27284993,-10002
69,27657895,-10001
69,28052477,-10000
69,28411612,-10000
69,28784111,-10000
69,29184524,-10000
69,29557554,-10000
69,29950604,-10000
69,30340764,-10001
69,30725512,-10001
69,31146238,-10001
69,31534568,-10001
69,31927981,-10001
69,32307928,-10001
69,32679601,-10000
69,33032577,-10000
69,33430571,-10000
69,33825692,-10000
69,34201507,-10000
69,34596031,-9999
69,34970385,-9999
69,35347657,-9999
69,35742606,-9999
69,36118592,-9999
69,36522349,-9999
69,36910612,-9999
69,37285737,-9999
69,37681107,-9999
70,712058,1
70,1071984,-354
70,1467022,-950
70,1821764,-1418
70,2195536,-2048
70,2549722,-3102
70,2943709,-4022
70,3320327,-5100
70,3671620,-6548
70,4069966,-6986
70,4425478,-7245
70,4797240,-8174
70,5194906,-8516
70,5568314,-8635
70,5922880,-9016
70,6323535,-9093
70,6717556,-9115
70,7096385,-9609
70,7466671,-9730
70,7817980,-9756
70,8175469,-10117
70,8569123,-10154
70,8924008,-10184
70,9298302,-10330
70,9671712,-10295
70,10071112,-10318
70,10422798,-10320
70,10796061,-10259
70,11198544,-10229
70,11589777,-10169
70,11963594,-10118
70,12363238,-10059
70,12735171,-10029
70,13095864,-9976
70,13487205,-9959
70,13837311,-9933
70,14217296,-9929
70,14610348,-9926
70,14962845,-9926
70,15339562,-9933
70,15709167,-9943
70,16071145,-9954
70,16422522,-9969
70,16815925,-9980
70,17181487,-9992
70,17550871,-10001
70,17942709,-10008
70,18301416,-10010
70,18675676,-10013
70,19083547,-10015
70,19470127,-10013
70,19838365,-10011
70,20196786,-10011
70,20568887,-10008
70,20924873,-10005
70,21299562,-10004
70,21673872,-10004
70,22048646,-10003
70,22434533,-10003
70,22824920,-10002
70,23219486,-10003
70,23613403,-10003
70,23993589,-10003
70,24362612,-10003
70,24716416,-10003
70,25082407,-10003
70,25464634,-10003
70,25821228,-10003
70,26196214,-10005
70,26546729,-10003
70,26925821,-10003
70,27319294,-10003
70,27673720,-10003
70,28070522,-10002
70,28443656,-10002
70,28797069,-10002
70,29176177,-10002
70,29569723,-10001
70,29922620,-10001
70,30299667,-10001
70,30692530,-10001
70,31050117,-10002
70,31421870,-10001
70,31816623,-10002
70,32173886,-10002
70,32546489,-10002
70,32941681,-10001
70,33302808,-10001
70,33672975,-10001
70,34061854,-10001
70,34428260,-10001
70,34799645,-10001
70,35177873,-10001
70,35550757,-10000
70,35922100,-10000
70,36299930,-10000
70,36693765,-10000
70,37051387,-10000
70,37465387,-10000
70,37816816,-10000
70,38173905,-10000
70,38548547,-10000
70,38941335,-10000
70,39314438,-10000
70,39675955,-10000
70,40073251,-9999
70,40468170,-9999
70,40841356,-9999
71,735584,-9
71,1139942,-439
71,1539269,-1096
71,1952037,-1645
71,2356684,-2428
71,2721508,-3508
71,3115477,-4610
71,3533241,-6059
71,3950524,-6965
71,4357600,-7116
71,4720326,-7961
71,5113937,-8490
71,5492223,-8597
71,5906545,-9016
71,6285080,-9103
71,6660472,-9054
71,7055862,-9593
71,7451687,-9712
71,7830560,-9768
71,8223163,-10096
71,8615475,-10131
71,8993670,-10193
71,9366968,-10334
71,9762363,-10289
71,10137982,-10337
71,10535020,-10315
71,10906766,-10274
71,11260010,-10244
71,11656989,-10184
71,12011604,-10141
71,12388057,-10077
71,12782874,-10042
71,13158299,-9990
71,13554858,-9971
71,13948373,-9939
71,14335632,-9938
71,14702890,-9929
71,15097878,-9933
71,15491295,-9939
71,15863498,-9951
71,16237971,-9960
71,16636960,-9977
71,17031672,-9986
71,17388669,-9996
71,17762824,-10003
71,18157308,-10010
71,18556398,-10011
71,18949496,-10014
71,19359661,-10014
71,19719788,-10013
71,20112983,-10012
71,20491178,-10010
71,20862896,-10007
71,21239521,-10007
71,21626931,-10005
71,22010651,-10002
71,22375963,-10002
71,22761016,-10003
71,23134758,-10003
71,23492749,-10003
71,23886884,-10003
71,24260316,-10003
71,24675377,-10003
71,25095948,-10004
71,25495208,-10003
71,25889410,-10003
71,26259940,-10003
71,26690466,-10003
71,27075091,-10003
71,27470900,-10003
71,27865415,-10002
71,28245271,-10002
71,28648226,-10002
71,29012683,-10002
71,29390166,-10002
71,29780882,-10003
71,30142438,-10003
71,30541936,-10003
71,30937558,-10003
71,31338328,-10002
71,31723952,-10002
71,32115693,-10001
71,32492179,-10000
71,32865095,-10001
71,33238610,-10001
71,33635836,-10001
71,33988762,-10001
71,34453133,-10001
71,34881480,-10001
71,35280399,-10001
71,35715981,-10001
71,36141574,-10001
71,36534747,-10001
71,36918972,-10001
71,37326120,-10001
72,715225,-7
72,1118253,-437
72,1537903,-1091
72,1935909,-1639
72,2324651,-2418
72,2704065,-3495
72,3117319,-4592
72,3516947,-6042
72,3931387,-6948
72,4324191,-7092
72,4702502,-7945
72,5096836,-8479
72,5493679,-8588
72,5887608,-9016
72,6282623,-9093
72,6684002,-9108
72,7096274,-9665
72,7493786,-9722
72,7888749,-9837
72,8264477,-10155
72,8640489,-10149
72,9034413,-10238
72,9479744,-10347
72,9845678,-10302
72,10242222,-10352
72,10639721,-10291
72,11033650,-10267
72,11484000,-10198
72,11850343,-10148
72,12221261,-10083
72,12620427,-10043
72,12991103,-9990
72,13397266,-9965
72,13764138,-9937
72,14157821,-9924
72,14538175,-9922
72,14932097,-9922
72,15344128,-9928
72,15747258,-9941
72,16139154,-9954
72,16537831,-9970
72,16935432,-9980
72,17305798,-9994
72,17701385,-10000
72,18108212,-10008
72,18490561,-10009
72,18869293,-10013
72,19241809,-10014
72,19641576,-10010
72,20035997,-10009
72,20443065,-10009
72,20825512,-10003
72,21220199,-10003
72,21599443,-10002
72,21990843,-9999
72,22365909,-9999
72,22764977,-9999
72,23157287,-9999
72,23532641,-9999
72,23928197,-9999
72,24343219,-10000
72,24742711,-10000
72,25136533,-10001
72,25534911,-10001
72,25933113,-10001
72,26345723,-10001
72,26727076,-10001
72,27118822,-10001
72,27535185,-10001
72,27929903,-10000
72,28347108,-10000
72,28744614,-10000
72,29140446,-10000
72,29538998,-10000
72,29936202,-10000
72,30303389,-10000
72,30701727,-10000
72,31098966,-10000
72,31486280,-10001
72,31869274,-10000
72,32242623,-10000
72,32651164,-10000
72,33014583,-10000
72,33421077,-10000
72,33783969,-9999
72,34183689,-9999
72,34597909,-9999
72,34990521,-9999
72,35365998,-9999
72,35762597,-9999
72,36135906,-9999
72,36535186,-9999
72,36932284,-10000
73,734277,-1
73,1100448,-355
73,1493139,-1024
73,1907011,-1560
73,2309996,-2292
73,2677772,-3367
73,3087851,-4291
73,3446825,-5647
73,3843602,-6775
73,4200471,-7000
73,4593792,-7557
73,4967896,-8396
73,5388165,-8538
73,5783737,-8841
73,6186617,-9121
73,6577587,-9014
73,6970261,-9470
73,7366070,-9746
73,7762066,-9730
73,8159782,-10095
73,8551410,-10184
73,8905365,-10182
73,9264336,-10344
73,9658337,-10327
73,10101318,-10349
73,10491804,-10336
73,10863939,-10277
73,11219786,-10246
73,11613554,-10181
73,11989847,-10124
73,12390231,-10064
73,12760679,-10021
73,13160081,-9976
73,13536046,-9951
73,13931874,-9923
73,14342976,-9922
73,14696913,-9918
73,15134011,-9922
73,15508664,-9931
73,15862941,-9946
73,16241844,-9956
73,16634497,-9972
73,16987519,-9984
73,17391576,-9995
73,17782037,-10002
73,18184513,-10009
73,18595264,-10012
73,18989508,-10014
73,19380844,-10013
73,19761132,-10010
73,20157300,-10010
73,20532875,-10007
73,20932142,-10005
73,21324505,-10003
73,21697327,-10002
73,22086207,-10000
73,22470927,-10000
73,22863889,-10000
73,23243292,-10000
73,23617145,-10000
73,24021259,-10000
73,24386971,-10000
73,24782168,-10001
73,25183909,-10001
73,25572663,-10003
73,25971775,-10002
73,26366549,-10002
73,26759986,-10002
73,27136847,-10001
73,27508854,-10001
73,27866088,-10001
73,28262993,-10000
73,28656231,-10000
73,29066191,-10000
73,29453276,-10000
73,29844317,-10000
73,30223376,-10000
73,30617546,-10001
73,31003731,-10000
73,31388151,-10000
73,31782697,-10000
73,32158134,-10001
74,727670,-25
74,1117291,-526
74,1512410,-1099
74,1909793,-1650
74,2302669,-2426
74,2667235,-3504
74,3057714,-4448
74,3432507,-5858
74,3829493,-6929
74,4239193,-7069
74,4613416,-7711
74,4970068,-8473
74,5364640,-8563
74,5743301,-8917
74,6139758,-9128
74,6533044,-9019
74,6910186,-9471
74,7327005,-9742
74,7722577,-9719
74,8118172,-10072
74,8510423,-10149
74,8865959,-10167
74,9261408,-10314
74,9616145,-10278
74,10014706,-10305
74,10407461,-10298
74,10808178,-10247
74,11245086,-10212
74,11613015,-10156
74,11969642,-10113
74,12345060,-10053
74,12743045,-10015
74,13134292,-9976
74,13511096,-9961
74,13865569,-9935
74,14238748,-9934
74,14614216,-9933
74,14990139,-9935
74,15342854,-9938
74,15724630,-9956
74,16113451,-9962
74,16469521,-9977
74,16844931,-9987
74,17238883,-9998
74,17614231,-10001
74,17969123,-10009
74,18343018,-10010
74,18741010,-10014
74,19133599,-10014
74,19508740,-10012
74,19870100,-10009
74,20259722,-10009
74,20613427,-10004
74,20989965,-10003
74,21341699,-10003
74,21799562,-10001
74,22198563,-10001
74,22598562,-10001
74,22973527,-10001
74,23361511,-10001
74,23762919,-10001
74,24160103,-10001
74,24532787,-10001
74,24932158,-10001
74,25324162,-10001
74,25734401,-10001
74,26116197,-10003
74,26511620,-10003
74,26908091,-10002
74,27281889,-10002
74,27635175,-10001
74,28059566,-10000
74,28453573,-10001
74,28852932,-10001
74,29243944,-10001
74,29639348,-10001
74,30016494,-10001
74,30449699,-10001
74,30874038,-10001
74,31264128,-10001
74,31636197,-10001
74,32034148,-10001
74,32405915,-10000
74,32767908,-10000
74,33157772,-9999
74,33531303,-9999
74,33892415,-10000
74,34283020,-10000
74,34677966,-10000
74,35057933,-10000
74,35431116,-10000
74,35825130,-10000
74,36238181,-10000
74,36593737,-10000
74,36969775,-10000
74,37363886,-10000
74,37742229,-9999
75,716844,1
75,1078676,-354
75,1477540,-1029
75,1871049,-1491
75,2246204,-2300
75,2662583,-3375
75,3075134,-4300
75,3432602,-5664
75,3824990,-6787
75,4202273,-7023
75,4597201,-7570
75,4969580,-8346
75,5326925,-8533
75,5722511,-8858
75,6129056,-9139
75,6496772,-9027
75,6892070,-9322
75,7272879,-9748
75,7660650,-9703
75,8075606,-9982
75,8431661,-10166
75,8806497,-10135
75,9204311,-10288
75,9574561,-10309
75,9952188,-10289
75,10352582,-10320
75,10745714,-10255
75,11173811,-10237
75,11577707,-10169
75,11971560,-10130
75,12328216,-10067
75,12720110,-10035
75,13095714,-9987
75,13516800,-9966
75,13913993,-9938
75,14328083,-9936
75,14720970,-9932
75,15097499,-9935
75,15495228,-9939
75,15866074,-9953
75,16222607,-9961
75,16617673,-9975
75,16991383,-9984
75,17348270,-9997
75,17742300,-10000
75,18140438,-10008
75,18538574,-10009
75,18930221,-10011
75,19310755,-10012
75,19703079,-10009
75,20098208,-10009
75,20486772,-10007
75,20870633,-10003
75,21247599,-10002
75,21638202,-10002
75,22013430,-10000
75,22371533,-10000
75,22763395,-10000
75,23148995,-9999
75,23542072,-10000
75,23951550,-10000
75,24348986,-10000
75,24722391,-10001
75,25127187,-10001
75,25493670,-10001
75,25848181,-10001
75,26243817,-10001
75,26618181,-10001
75,26969431,-10000
75,27326218,-9999
75,27700923,-9999
75,28053586,-9999
75,28432851,-9999
75,28807852,-10000
75,29183296,-10000
75,29575833,-10001
75,29927719,-10001
75,30306972,-10000
75,30700993,-10000
75,31078272,-10000
75,31476463,-10000
75,31846490,-10000
75,32200253,-10000
75,32554163,-10000
75,32927347,-9999
75,33325031,-9999
75,33676312,-9999
75,34084029,-9999
75,34509705,-9999
75,34869309,-9999
75,35263789,-9999
75,35613132,-9999
76,735689,-6
76,1122487,-436
76,1517798,-1091
76,1911789,-1559
76,2287791,-2291
76,2643743,-3366
76,3037790,-4293
76,3390152,-5645
76,3788832,-6767
76,4180093,-6989
76,4538757,-7546
76,4911615,-8331
76,5286510,-8515
76,5642464,-8726
76,6015034,-9110
76,6369825,-9094
76,6723725,-9121
76,7096861,-9687
76,7520082,-9732
76,7893644,-9849
76,8286903,-10184
76,8666748,-10155
76,9038698,-10260
76,9443637,-10338
76,9834256,-10291
76,10222819,-10329
76,10620261,-10278
76,10971930,-10244
76,11348879,-10190
76,11726811,-10139
76,12100771,-10077
76,12496965,-10035
76,12893040,-9989
76,13287063,-9962
76,13641923,-9942
76,13995383,-9925
76,14348583,-9926
76,14724472,-9926
76,15118021,-9929
76,15477202,-9940
76,15848196,-9955
76,16242630,-9964
76,16598444,-9977
76,16973557,-9990
76,17366640,-9998
76,17727199,-10001
76,18100071,-10008
76,18495582,-10010
76,18848176,-10010
76,19223672,-10012
76,19597428,-10010
76,19972039,-10007
76,20345932,-10007
76,20727558,-10003
76,21099701,-10002
76,21487182,-10000
76,21868889,-10000
76,22242568,-9999
76,22598960,-9999
76,22984479,-9999
76,23368593,-9999
76,23725059,-10000
76,24120700,-10000
76,24518033,-10001
76,24893489,-10002
76,25289258,-10002
76,25688809,-10002
76,26103472,-10002
76,26528793,-10001
76,26916493,-10001
76,27310722,-10000
76,27710632,-10000
76,28098689,-10000
76,28497346,-10000
76,28888199,-10000
76,29242302,-10000
76,29601020,-10000
76,29972480,-10000
76,30349050,-10000
76,30727454,-10000
76,31113173,-10000
76,31513025,-10000
76,31871251,-10000
76,32221920,-10000
76,32603022,-9999
77,735136,-8
77,1118063,-352
77,1494842,-1021
77,1909233,-1551
77,2307851,-2412
77,2722349,-3491
77,3139677,-4588
77,3534127,-6034
77,3976024,-6944
77,4365673,-7148
77,4764811,-8056
77,5180380,-8510
77,5576688,-8632
77,5969294,-9076
77,6345410,-9111
77,6702376,-9075
77,7074722,-9623
77,7472658,-9744
77,7865852,-9798
77,8240893,-10131
77,8597689,-10171
77,8971173,-10220
77,9367701,-10357
77,9765238,-10308
77,10157560,-10342
77,10517710,-10317
77,10910197,-10268
77,11307904,-10220
77,11722993,-10160
77,12096922,-10102
77,12494859,-10046
77,12888388,-10003
77,13260243,-9968
77,13618471,-9948
77,13989905,-9926
77,14343065,-9925
77,14702884,-9921
77,15116872,-9926
77,15517595,-9937
77,15909410,-9951
77,16287503,-9961
77,16681293,-9978
77,17095107,-9990
77,17460968,-9996
77,17825390,-10004
77,18222195,-10009
77,18597124,-10010
77,18991420,-10011
77,19378594,-10012
77,19763976,-10010
77,20158594,-10008
77,20539002,-10007
77,20927238,-10004
77,21303558,-10003
77,21699298,-10002
77,22085248,-10000
77,22472096,-10001
77,22846009,-10000
77,23238766,-10000
77,23597364,-10000
77,23971442,-10000
77,24365972,-10001
77,24741760,-10001
77,25136306,-10002
77,25490763,-10002
77,25866993,-10001
77,26261831,-10001
77,26616658,-10001
77,26990196,-10001
77,27343266,-10000
77,27702085,-10002
77,28094675,-10001
77,28471372,-10000
77,28864834,-10000
77,29240464,-10001
77,29595677,-10001
77,29990740,-10000
77,30367625,-10001
77,30764083,-10000
77,31158917,-10000
77,31555914,-10000
77,31949973,-10000
77,32345878,-10000
77,32723913,-10001
77,33115233,-10001
78,738862,-25
78,1110340,-351
78,1473848,-943
78,1834467,-1403
78,2180051,-2027
78,2530376,-2944
78,2856932,-3738
78,3181104,-4733
78,3548100,-6012
78,3873536,-6887
78,4258358,-7027
78,4647784,-7803
78,5044745,-8478
78,5784644,-8924
78,6232067,-9155
78,7268455,-9778
78,7840256,-9809
78,8217791,-10145
78,8622951,-10171
78,9035019,-10247
78,9488169,-10353
78,9893123,-10308
78,10589348,-10293
78,11123257,-10246
78,12222406,-10077
78,12547143,-10035
78,13219481,-9962
78,14234804,-9921
78,15233883,-9928
78,16245460,-9959
78,17241073,-9993
78,18231812,-10008
78,18601858,-10009
78,19216184,-10012
78,19586519,-10010
78,19978504,-10008
78,20396127,-10008
78,21233708,-10002
78,22219318,-9998
78,23216000,-9998
78,24232606,-9999
78,25224172,-10000
78,26234698,-10000
78,27247018,-10000
79,715976,-7
79,1117585,-435
79,1535055,-1089
79,1929296,-1633
79,2326985,-2414
79,2720846,-3498
79,3114097,-4444
79,3471641,-5847
79,3864521,-6855
79,4239589,-7023
79,4597360,-7697
79,5011767,-8455
79,5459626,-8569
79,5873231,-8978
79,6263642,-9121
79,6637997,-9081
79,7033879,-9558
79,7444462,-9740
79,8002567,-9993
79,8597696,-10141
79,9124423,-10272
79,9601112,-10289
79,10089463,-10312
79,10568529,-10266
79,11065067,-10233
79,11577243,-10154
79,12042338,-10097
79,12443816,-10047
79,12871854,-9994
79,13372980,-9966
79,13854971,-9932
79,14343313,-9933
79,14797305,-9930
79,15204923,-9936
79,15678056,-9951
79,16147387,-9961
79,16613066,-9979
79,17115396,-9994
79,17499063,-9998
79,17859427,-10004
79,18214243,-10008
79,18613655,-10009
79,18961651,-10011
79,19334869,-10012
79,19753597,-10008
79,20121686,-10008
79,20516597,-10005
79,20887792,-10003
79,21283181,-10003
79,21682740,-10002
79,22056177,-10000
79,22461460,-10000
79,22826430,-10000
79,23221129,-10000
79,23595353,-10000
79,23990940,-10001
79,24386346,-10001
79,24782716,-10001
79,25179111,-10001
79,25579399,-10002
79,25990005,-10002
79,26343736,-10002
79,26722498,-10001
79,27118299,-10001
79,27490391,-10000
79,27843858,-10000
79,28241952,-10000
79,28618175,-10001
79,29013112,-10000
79,29416927,-10000
79,29806001,-10000
79,30205417,-10000
79,30596543,-10000
79,30987162,-10000
79,31362755,-10000
79,31721131,-10000
79,32092573,-9999
79,32498822,-9999
79,32884652,-9999
79,33258866,-9999
79,33615647,-9999
79,33988587,-9999
79,34341546,-10000
80,738300,-10
80,1141353,-436
80,1545321,-1089
80,1951468,-1557
80,2304921,-2289
80,2684979,-3366
80,3076289,-4298
80,3430301,-5467
80,3810810,-6781
80,4203012,-7023
80,4623990,-7688
80,5015971,-8406
80,5395220,-8548
80,5809898,-8919
80,6206538,-9144
80,6602016,-9035
80,6996327,-9489
80,7392012,-9756
80,7795003,-9732
80,8171572,-10084
80,8582097,-10157
80,8954458,-10181
80,9326327,-10324
80,9684923,-10290
80,10079820,-10310
80,10451787,-10300
80,10851864,-10251
80,11225319,-10217
80,11622435,-10161
80,11995706,-10108
80,12390470,-10051
80,12790839,-10016
80,13181962,-9973
80,13578947,-9953
80,13971941,-9932
80,14326244,-9933
80,14706506,-9930
80,15099698,-9934
80,15507093,-9943
80,15892925,-9957
80,16286440,-9968
80,16683542,-9980
80,17075420,-9993
80,17450942,-9999
80,17808669,-10003
80,18180280,-10009
80,18587201,-10010
80,18977138,-10013
80,19368613,-10012
80,19727006,-10010
80,20119953,-10008
80,20503767,-10007
80,20892075,-10003
80,21286796,-10003
80,21685066,-10002
80,22077640,-9999
80,22473872,-10000
80,22873845,-10000
80,23242599,-10000
80,23599934,-10000
80,23993035,-10001
80,24369367,-10001
80,24745730,-10001
80,25139500,-10001
80,25528140,-10002
80,25898518,-10002
80,26262430,-10001
80,26619986,-10001
80,26992509,-10002
80,27346364,-10002
80,27704503,-10002
80,28096800,-10001
80,28471165,-10000
80,28870965,-10000
80,29243554,-10000
80,29598025,-10000
80,29994464,-10000
80,30408799,-10000
80,30834751,-10001
80,31227320,-10001
80,31600728,-10001
80,31995323,-10001
80,32397663,-10001
80,32790001,-10001
80,33181411,-10000
81,1019016,-90
81,1569751,-865
81,2083740,-1547
81,2534540,-2403
81,2916664,-3482
81,3324867,-4575
81,3718095,-6009
81,4114625,-6882
81,4508590,-7062
81,4903537,-7911
81,5295679,-8458
81,5655779,-8581
81,6075404,-9036
81,6470500,-9128
81,6880970,-9143
81,7293679,-9649
81,7655686,-9759
81,8064376,-9870
81,8473132,-10181
81,8850522,-10173
81,9234373,-10257
81,9609656,-10361
81,10008123,-10308
81,10398260,-10345
81,10773605,-10290
81,11173402,-10257
81,11548481,-10198
81,11946707,-10145
81,12321432,-10082
81,12719123,-10030
81,13131326,-9982
81,13524772,-9956
81,13901342,-9929
81,14294672,-9921
81,14651632,-9918
81,15028563,-9920
81,15422018,-9927
81,15793743,-9940
81,16192159,-9950
81,16543379,-9965
81,16922824,-9977
81,17316649,-9989
81,17689676,-9997
81,18047975,-10004
81,18440384,-10008
81,18792921,-10009
81,19192039,-10011
81,19563877,-10011
81,19921683,-10009
81,20294373,-10008
81,20647364,-10005
81,21005356,-10003
81,21357341,-10002
81,21730811,-10002
81,22135003,-9999
81,22507140,-9999
81,22912456,-9999
81,23302607,-9999
81,23693363,-10000
81,24048613,-10001
81,24444169,-10001
81,24852894,-10001
81,25210907,-10001
81,25569883,-10001
81,25949402,-10001
81,26325833,-10002
81,26732103,-10000
81,27111332,-10000
81,27504401,-10000
81,27866636,-10000
81,28232475,-10000
81,28613604,-10000
81,29014095,-10000
81,29409060,-10000
81,29793546,-10000
81,30193891,-10001
81,30597005,-10001
81,30974959,-10000
81,31363819,-10000
81,31759731,-10000
82,762006,1
82,1137156,-352
82,1559894,-1015
82,1937412,-1541
82,2364454,-2398
82,2746785,-3347
82,3124284,-4273
82,3477140,-5429
82,3828782,-6643
82,4183458,-6965
82,4537486,-7302
82,4913094,-8242
82,5307612,-8504
82,5661668,-8676
82,6036024,-9113
82,6433932,-9098
82,6787108,-9141
82,7162713,-9698
82,7562156,-9744
82,7958808,-9875
82,8334765,-10204
82,8726137,-10179
82,9098722,-10266
82,9457724,-10365
82,9850306,-10315
82,10224516,-10347
82,10621163,-10297
82,10996001,-10255
82,11390437,-10190
82,11817017,-10130
82,12206318,-10069
82,12605436,-10022
82,13133383,-9959
82,13667834,-9930
82,14159052,-9917
82,14676868,-9915
82,15124523,-9923
82,15610775,-9941
82,16084717,-9953
82,16578585,-9973
82,17075136,-9991
82,17599512,-9999
82,18102164,-10009
82,18622639,-10011
82,19062962,-10012
82,19531962,-10010
82,19980920,-10008
82,20450063,-10006
82,20898076,-10002
82,21349386,-10002
82,21762884,-10000
82,22148759,-9999
82,22565700,-9999
82,22939688,-9999
82,23333287,-9999
82,23727017,-9999
82,24100748,-9999
82,24456018,-9999
82,24828225,-9999
82,25182918,-10000
82,25541693,-10000
82,25933975,-10000
82,26291239,-10000
82,26662178,-10000
82,27037902,-10000
83,718594,-9
83,1123791,-439
83,1533045,-1092
83,1949711,-1635
83,2346408,-2550
83,2771538,-3621
83,3159468,-4744
83,3570622,-6029
83,3954816,-6934
83,4347237,-7137
83,4778412,-8049
83,5159609,-8500
83,5553150,-8623
83,5951149,-9067
83,6348979,-9083
83,6762979,-9184
83,7169831,-9721
83,7571952,-9720
83,7950021,-9901
83,8342992,-10192
83,8756366,-10157
83,9163117,-10321
83,9549707,-10339
83,9930686,-10319
83,10324007,-10346
83,10697188,-10279
83,11095889,-10252
83,11488765,-10184
83,11894926,-10128
83,12266305,-10067
83,12650128,-10029
83,13008300,-9984
83,13432363,-9954
83,13811269,-9927
83,14165643,-9921
83,14567582,-9920
83,14934009,-9922
83,15282938,-9927
83,15625241,-9941
83,15997643,-9951
83,16350341,-9964
83,16721964,-9976
83,17100379,-9990
83,17474416,-9997
83,17832467,-10003
83,18183961,-10008
83,18563114,-10009
83,18940704,-10014
83,19336695,-10012
83,19687640,-10009
83,20042756,-10009
83,20416422,-10007
83,20814361,-10003
83,21168678,-10003
83,21549536,-10003
83,21945395,-10000
83,22298070,-9999
83,22683476,-10000
83,23110399,-10001
83,23495789,-10000
83,23889504,-10001
83,24261450,-10002
83,24702236,-10002
83,25118821,-10002
83,25488814,-10002
83,25893545,-10001
83,26286028,-10001
83,26676344,-10001
83,27074738,-10001
83,27467562,-10001
83,27845468,-10001
83,28239638,-10000
83,28635690,-10000
83,29013876,-10000
83,29383794,-10000
83,29794767,-10001
83,30156501,-10001
83,30552390,-10001
83,30984240,-10001
84,710728,-8
84,1097175,-437
84,1512184,-1086
84,1910262,-1544
84,2304255,-2400
84,2696645,-3351
84,3052274,-4281
84,3406118,-5443
84,3758312,-6762
84,4158876,-6988
84,4551636,-7545
84,4928446,-8338
84,5300299,-8523
84,5652111,-8733
84,6015678,-9140
84,6410172,-9080
84,6833134,-9346
84,7241759,-9779
84,7637755,-9731
84,8023019,-10020
84,8413243,-10207
84,8812588,-10177
84,9201167,-10341
84,9591065,-10332
84,9971537,-10323
84,10366230,-10333
84,10719729,-10271
84,11096126,-10235
84,11489320,-10172
84,11846203,-10118
84,12237729,-10057
84,12610886,-10021
84,12971918,-9971
84,13363670,-9952
84,13737140,-9929
84,14092210,-9921
84,14465914,-9921
84,14863924,-9922
84,15215199,-9929
84,15589105,-9943
84,15988460,-9954
84,16339932,-9965
84,16715716,-9982
84,17119002,-9993
84,17489779,-10000
84,17891410,-10006
84,18304555,-10010
84,18703330,-10011
84,19116402,-10013
84,19510805,-10013
84,19886663,-10008
84,20241631,-10008
84,20632518,-10006
84,21013262,-10002
84,21406329,-10002
84,21778948,-9999
84,22178283,-9999
84,22528524,-9999
84,22909020,-9999
84,23302675,-9999
84,23653386,-10000
84,24033376,-10000
84,24427806,-10000
84,24809276,-10001
84,25200238,-10001
84,25614070,-10001
84,25968397,-10000
84,26342657,-10000
84,26736006,-10000
84,27092051,-10000
85,712498,-22
85,1115173,-522
85,1532113,-1150
85,1927716,-1624
85,2304629,-2532
85,2705273,-3609
85,3113846,-4568
85,3468957,-6006
85,3885312,-6884
85,4242059,-7066
85,4657337,-7923
85,5069538,-8472
85,5429749,-8585
85,5822599,-8977
85,6214457,-9141
85,6599506,-9086
85,6990830,-9571
85,7390405,-9761
85,7784078,-9811
85,8191567,-10173
85,8580831,-10175
85,8970820,-10255
85,9369449,-10365
85,9762319,-10314
85,10137060,-10350
85,10533399,-10298
85,10926951,-10259
85,11307679,-10200
85,11705693,-10139
85,12114778,-10078
85,12490642,-10030
85,12886575,-9976
85,13284531,-9954
85,13658064,-9926
85,14073411,-9918
85,14435200,-9915
85,14822685,-9917
85,15205229,-9925
85,15594089,-9938
85,15967833,-9951
85,16365522,-9965
85,16739091,-9977
85,17092456,-9991
85,17495116,-9996
85,17888141,-10004
85,18286031,-10008
85,18679709,-10010
85,19073169,-10010
85,19493343,-10010
85,19889165,-10008
85,20284385,-10006
85,20680480,-10002
85,21077505,-10001
85,21492775,-10000
85,21908808,-9998
85,22304070,-9998
85,22680747,-9998
85,23070459,-9998
85,23429106,-9998
85,23806506,-9998
85,24211058,-9998
85,24572333,-9999
85,24944292,-9999
85,25346127,-10000
85,25739220,-10000
85,26094628,-10000
85,26468161,-10000
85,26864941,-9999
86,714163,-7
86,1078466,-436
86,1472404,-1083
86,1891368,-1622
86,2304062,-2401
86,2659325,-3481
86,3084615,-4574
86,3474059,-6013
86,3892845,-6930
86,4287750,-7078
86,4660376,-7930
86,5058123,-8483
86,5430929,-8596
86,5840087,-8981
86,6203300,-9145
86,6597999,-9089
86,7015308,-9636
86,7409266,-9759
86,7764507,-9771
86,8139774,-10138
86,8532767,-10178
86,8892561,-10202
86,9264972,-10359
86,9657927,-10315
86,10038495,-10337
86,10430847,-10322
86,10835635,-10264
86,11227185,-10217
86,11615635,-10161
86,11993710,-10097
86,12386750,-10046
86,12740559,-10008
86,13117426,-9964
86,13512815,-9945
86,13909559,-9923
86,14289599,-9922
86,14681179,-9919
86,15059675,-9926
86,15453076,-9935
86,15836499,-9950
86,16224414,-9961
86,16637156,-9977
86,16994970,-9989
86,17389878,-9996
86,17763278,-10003
86,18118855,-10009
86,18515010,-10009
86,18891254,-10012
86,19284773,-10011
86,19659616,-10009
86,20035733,-10008
86,20430942,-10007
86,20846651,-10002
86,21243073,-10001
86,21637596,-10001
86,22013712,-9998
86,22429687,-9998
86,22783514,-9998
86,23180930,-9999
86,23553917,-9999
86,23931132,-9999
86,24324973,-9999
86,24679421,-10001
86,25039322,-10001
86,25431883,-10000
86,25842078,-10000
86,26208017,-10000
86,26581312,-10000
87,722347,-8
87,1082234,-435
87,1490908,-1014
87,1877040,-1543
87,2271000,-2401
87,2667619,-3353
87,3061039,-4427
87,3469814,-5827
87,3859782,-6897
87,4250336,-7037
87,4628059,-7807
87,5020193,-8450
87,5395825,-8570
87,5794173,-8925
87,6194375,-9153
87,6591403,-9057
87,6970607,-9568
87,7373922,-9764
87,7772811,-9762
87,8165258,-10091
87,8523238,-10167
87,8916542,-10214
87,9319209,-10347
87,9698343,-10305
87,10071738,-10329
87,10498387,-10305
87,10898447,-10255
87,11294677,-10204
87,11696166,-10145
87,12088581,-10087
87,12501826,-10038
87,12880007,-9988
87,13275183,-9960
87,13672986,-9935
87,14072881,-9926
87,14476241,-9921
87,14878439,-9926
87,15277006,-9931
87,15678387,-9949
87,16089059,-9957
87,16497893,-9974
87,16903559,-9985
87,17276670,-9994
87,17697322,-10002
87,18091199,-10008
87,18500961,-10009
87,18898483,-10012
87,19273388,-10011
87,19672634,-10009
87,20044179,-10008
87,20474481,-10005
87,20899827,-10003
87,21295660,-10002
87,21673960,-10002
87,22045277,-9999
87,22453309,-10000
87,22842974,-10000
87,23210790,-10000
87,23610992,-10000
87,24023385,-10001
87,24411805,-10001
87,24789140,-10001
87,25162748,-10001
87,25533398,-10001
87,25942393,-10001
87,26356951,-10001
87,26754103,-10001
87,27151850,-10001
88,715016,-9
88,1118406,-436
88,1516113,-1015
88,1886988,-1472
88,2245086,-2278
88,2662285,-3355
88,3053656,-4284
88,3412335,-5452
88,3786665,-6763
88,4189416,-7007
88,4600470,-7683
88,5013795,-8402
88,5390142,-8548
88,5764040,-8866
88,6138253,-9156
88,6533039,-9044
88,6886672,-9341
88,7248484,-9752
88,7615785,-9716
88,7973738,-9951
88,8392031,-10187
88,8786717,-10149
88,9156740,-10307
88,9559293,-10315
88,9951595,-10303
88,10351088,-10321
88,10743833,-10258
88,11138858,-10231
88,11534041,-10163
88,11910913,-10119
88,12286578,-10053
88,12681345,-10020
88,13035891,-9975
88,13411849,-9953
88,13828238,-9927
88,14226779,-9925
88,14616375,-9923
88,14990300,-9928
88,15348372,-9934
88,15740418,-9951
88,16093715,-9957
88,16471700,-9973
88,16886887,-9983
88,17243906,-9996
88,17635247,-9998
88,18011757,-10005
88,18367613,-10008
88,18719255,-10009
88,19093787,-10010
88,19494930,-10010
88,19888327,-10007
88,20265359,-10007
88,20678573,-10006
88,21032530,-10003
88,21389528,-10002
88,21781814,-10002
88,22156209,-10000
88,22625599,-10000
88,23012876,-9999
88,23404471,-9999
88,23787772,-9999
88,24168459,-9999
88,24558786,-9999
88,24935504,-10000
88,25333047,-10000
88,25747382,-10000
88,26136397,-10001
88,26516487,-10001
88,26907111,-10001
88,27265701,-10001
88,27638242,-10001
88,27989309,-10000
88,28347019,-10000
88,28719968,-10000
88,29114764,-10000
88,29473357,-9999
88,29847609,-9999
88,30259831,-9999
88,30618176,-9999
88,31013954,-9999
88,31368086,-9999
88,31721987,-9999
88,32095402,-9999
88,32494942,-9999
88,32870124,-9999
88,33266206,-9999
89,709090,0
89,1076804,-351
89,1463158,-1011
89,2028921,-1808
89,2545326,-3080
89,3062701,-4419
89,3566004,-6198
89,4081839,-6965
89,4602955,-7672
89,5129112,-8501
89,5567397,-8681
89,5975586,-9080
89,6436241,-9060
89,6953574,-9504
89,7478267,-9730
89,7967303,-9910
89,8436281,-10195
89,8861233,-10188
89,9351949,-10355
89,9778444,-10307
89,10250258,-10335
89,10698780,-10273
89,11100789,-10239
89,11478473,-10172
89,11906161,-10116
89,12386505,-10034
89,12839430,-9986
89,13369081,-9946
89,13844094,-9921
89,14274445,-9920
89,14678496,-9917
89,15166964,-9925
89,15615363,-9941
89,16020838,-9951
89,16412087,-9967
89,16779020,-9980
89,17201088,-9994
89,17593000,-9998
89,17988683,-10006
89,18358244,-10009
89,18712628,-10009
89,19068779,-10009
89,19440060,-10009
89,19834623,-10007
89,20192648,-10006
89,20564465,-10003
89,20953427,-10001
89,21315659,-10000
89,21688686,-9999
89,22066182,-9997
89,22439292,-9997
89,22814227,-9998
89,23194212,-9998
89,23588520,-9998
89,23985500,-9999
89,24358972,-10000
89,24755520,-10000
89,25130743,-10000
89,25522218,-10001
89,25876566,-10000
89,26252727,-10000
89,26608348,-10000
89,27005860,-10000
89,27379604,-10000
89,27774816,-9999
89,28134240,-9998
89,28522622,-9999
89,28910170,-9999
89,29297435,-9999
89,29688309,-9999
89,30114204,-9999
89,30502356,-9999
89,30854879,-9999
89,31251495,-9999
90,712173,-7
90,1073388,-435
90,1471147,-1078
90,1864519,-1533
90,2280997,-2393
90,2656269,-3470
90,3072727,-4559
90,3470436,-5996
90,3884639,-6870
90,4281119,-7052
90,4659197,-7915
90,5052367,-8484
90,5451040,-8584
90,5823472,-9035
90,6230860,-9143
90,6596905,-9094
90,6987664,-9580
90,7367283,-9769
90,7766365,-9822
90,8176117,-10156
90,8534225,-10196
90,8906111,-10243
90,9332518,-10373
90,9712428,-10323
90,10073508,-10356
90,10512767,-10311
90,10922740,-10266
90,11416065,-10183
90,11834866,-10126
90,12235357,-10061
90,12597179,-10015
90,12998826,-9963
90,13420477,-9937
90,13808300,-9914
90,14200627,-9911
90,14584283,-9909
90,14955480,-9912
90,15383154,-9927
90,15808892,-9940
90,16206138,-9955
90,16619924,-9969
90,16999313,-9986
90,17395476,-9992
90,17806420,-10003
90,18202339,-10006
90,18581285,-10009
90,18974579,-10010
90,19371442,-10010
90,19769996,-10008
90,20168743,-10007
90,20575395,-10002
90,21003876,-10001
90,21417596,-10000
90,21810374,-9996
90,22368766,-9998
90,22963050,-9996
90,23483784,-9997
90,24000261,-9998
90,24523900,-9998
90,25027490,-10000
90,25527627,-10000
90,26046616,-9999
90,26572726,-9999
91,723079,-9
91,1216484,-608
91,1746360,-1332
91,2166773,-2023
91,2598220,-3210
91,3004740,-4130
91,3392788,-5432
91,3787460,-6746
91,4183157,-6976
91,4592257,-7539
91,4948728,-8329
91,5307529,-8516
91,5687228,-8792
91,6079331,-9144
91,6492988,-9058
91,6848056,-9352
91,7243990,-9761
91,7619372,-9733
91,8013727,-9978
91,8386702,-10213
91,8745603,-10181
91,9137995,-10324
91,9513632,-10353
91,9911655,-10327
91,10284661,-10355
91,10658947,-10291
91,11035529,-10257
91,11407542,-10196
91,11786629,-10139
91,12178390,-10076
91,12530681,-10027
91,12928310,-9980
91,13281617,-9954
91,13659624,-9931
91,14009616,-9916
91,14362911,-9916
91,14720499,-9915
91,15092662,-9921
91,15489468,-9931
91,15852434,-9946
91,16223566,-9960
91,16620533,-9972
91,16991761,-9985
91,17345604,-9996
91,17724197,-10002
91,18096550,-10010
91,18468729,-10010
91,18847582,-10011
91,19240846,-10013
91,19598241,-10010
91,19992975,-10008
91,20364125,-10008
91,20730695,-10003
91,21114745,-10001
91,21488084,-10000
91,21849824,-10000
91,22241490,-9998
91,22630780,-9998
91,23015858,-9998
91,23386557,-9999
91,23740195,-9999
91,24093566,-9999
91,24466640,-10001
91,24863876,-10001
91,25218245,-10001
91,25603632,-10001
91,25994872,-10001
91,26388302,-10001
92,714347,-25
92,1118363,-526
92,1515140,-1089
92,1907097,-1629
92,2302245,-2545
92,2703965,-3487
92,3072131,-4580
92,3491814,-6024
92,3886439,-6932
92,4305010,-7142
92,4702140,-8055
92,5098881,-8496
92,5497675,-8626
92,5869568,-9022
92,6264313,-9102
92,6661138,-9124
92,7053566,-9627
92,7466031,-9723
92,7865869,-9855
92,8278000,-10186
92,8668259,-10162
92,9054720,-10304
92,9458341,-10349
92,9843621,-10315
92,10218261,-10344
92,10602617,-10285
92,10992626,-10251
92,11364632,-10185
92,11764273,-10140
92,12135324,-10067
92,12536734,-10025
92,12931820,-9977
92,13303950,-9953
92,13706728,-9926
92,14076839,-9920
92,14473625,-9916
92,14865260,-9919
92,15260381,-9925
92,15656887,-9943
92,16051788,-9952
92,16469044,-9968
92,16870418,-9983
92,17263646,-9995
92,17661830,-10000
92,18078397,-10009
92,18474193,-10010
92,18867176,-10011
92,19260758,-10014
92,19663411,-10008
92,20056752,-10008
92,20464907,-10006
92,20866890,-10003
92,21260452,-10001
92,21663304,-10000
92,22054121,-9999
92,22442828,-9999
92,22843744,-9999
92,23239909,-9999
92,23640164,-9999
92,24010116,-9999
92,24416459,-10000
92,24782495,-10000
92,25176296,-10000
92,25558060,-10000
92,25951773,-10000
92,26367384,-10000
93,689146,-7
93,1096084,-436
93,1490654,-1087
93,1923329,-1628
93,2307709,-2543
93,2706875,-3484
93,3080217,-4580
93,3493513,-6029
93,3889424,-6903
93,4269350,-7085
93,4660594,-7819
93,5038209,-8490
93,5431414,-8567
93,5825825,-8981
93,6226082,-9134
93,6599401,-9052
93,6997222,-9567
93,7373425,-9761
93,7744929,-9765
93,8140891,-10093
93,8513735,-10165
93,8916202,-10194
93,9283386,-10340
93,9677021,-10297
93,10075668,-10321
93,10469691,-10295
93,10863838,-10249
93,11261029,-10201
93,11654937,-10146
93,12031848,-10088
93,12406219,-10039
93,12801262,-9989
93,13220279,-9962
93,13615104,-9938
93,14003371,-9927
93,14398870,-9924
93,14761115,-9927
93,15157967,-9932
93,15552206,-9944
93,15941017,-9954
93,16343045,-9970
93,16738844,-9980
93,17128320,-9995
93,17515315,-10000
93,17918062,-10007
93,18285521,-10009
93,18677869,-10010
93,19058910,-10012
93,19427997,-10011
93,19805562,-10008
93,20183210,-10008
93,20573493,-10005
93,20991802,-10002
93,21365206,-10001
93,21759189,-10000
93,22157678,-9999
93,22531188,-10000
93,22958677,-10000
93,23343110,-10000
93,23716731,-10000
93,24124619,-10000
93,24494319,-10002
93,24888869,-10001
93,25267376,-10001
93,25659271,-10001
93,26062512,-10001
93,26435699,-10001
93,26826742,-10000
93,27243978,-10000
93,27635815,-10000
93,28016257,-10000
93,28410915,-10000
93,28779881,-10000
93,29183822,-10000
93,29557685,-10000
93,29959741,-10000
94,755613,-24
94,1139864,-522
94,1534186,-1081
94,1965443,-1713
94,2370549,-2674
94,2766313,-3609
94,3159271,-4742
94,3553458,-6025
94,3912610,-6928
94,4326880,-7150
94,4727227,-7948
94,5117330,-8508
94,5510684,-8640
94,5888753,-9034
94,6261832,-9131
94,6614795,-9054
94,6972872,-9493
94,7345276,-9755
94,7765855,-9761
94,8159912,-10124
94,8575426,-10161
94,8935758,-10212
94,9329244,-10341
94,9784129,-10294
94,10159810,-10328
94,10553556,-10287
94,10930714,-10249
94,11329326,-10187
94,11755759,-10136
94,12137260,-10075
94,12513423,-10032
94,12915920,-9985
94,13288064,-9961
94,13713569,-9930
94,14098675,-9925
94,14494775,-9922
94,14871616,-9925
94,15265277,-9929
94,15636564,-9947
94,16036160,-9952
94,16428838,-9969
94,16812300,-9980
94,17205482,-9991
94,17595361,-9997
94,17975384,-10004
94,18345593,-10006
94,18743819,-10009
94,19116858,-10009
94,19510039,-10008
94,19869952,-10004
94,20241279,-10005
94,20594288,-10002
94,20969985,-10000
94,21344163,-10000
94,21727163,-9999
94,22114930,-9997
94,22489359,-9998
94,22854545,-9998
94,23244292,-9998
94,23619200,-9997
94,24016910,-9998
94,24386284,-9998
94,24756460,-9998
94,25122998,-9999
94,25515175,-9999
94,25938806,-9999
94,26327787,-9999
95,716769,-8
95,1118515,-435
95,1537584,-1081
95,1930722,-1624
95,2343408,-2542
95,2743421,-3615
95,3134807,-4582
95,3520481,-5833
95,3891927,-6898
95,4279374,-7086
95,4721183,-7934
95,5120365,-8496
95,5516501,-8627
95,5953917,-9064
95,6341984,-9085
95,6740717,-9190
95,7134797,-9686
95,7518054,-9729
95,7906324,-9911
95,8321089,-10199
95,8718087,-10161
95,9092435,-10301
95,9488403,-10345
95,9864203,-10309
95,10258925,-10335
95,10642689,-10275
95,11036477,-10233
95,11449911,-10169
95,11846615,-10119
95,12242916,-10052
95,12640392,-10010
95,13030660,-9963
95,13449783,-9942
95,13843936,-9922
95,14238062,-9920
95,14637574,-9918
95,15033617,-9926
95,15460439,-9936
95,15843238,-9950
95,16237195,-9961
95,16635827,-9977
95,17033879,-9991
95,17592966,-10001
95,18106608,-10006
95,18612088,-10010
95,19127448,-10012
95,19642220,-10008
95,20143961,-10007
95,20664351,-10004
95,21090027,-10002
95,21593252,-10001
95,22085488,-9999
95,22602781,-9999
95,23056368,-9999
95,23561528,-9999
95,24083326,-9999
95,24514267,-10000
95,24913243,-10000
95,25322461,-10000
95,25733564,-10001
95,26137426,-10001
95,26532067,-10001
95,26941624,-10001
96,719596,-11
96,1084109,-353
96,1465467,-946
96,1816257,-1479
96,2257491,-2282
96,2629186,-3221
96,2997481,-4281
96,3375678,-5458
96,3752667,-6672
96,4135137,-6994
96,4531079,-7567
96,4945049,-8420
96,5333105,-8539
96,5686894,-8799
96,6072132,-9147
96,6465027,-9045
96,6819597,-9254
96,7188135,-9743
96,7583948,-9702
96,7957601,-9884
96,8318319,-10173
96,8718699,-10137
96,9083168,-10255
96,9461637,-10329
96,9831864,-10291
96,10193871,-10330
96,10570657,-10281
96,10964226,-10253
96,11309592,-10202
96,11686180,-10153
96,12066203,-10091
96,12464175,-10046
96,12814990,-10005
96,13184002,-9969
96,13583886,-9947
96,13955089,-9928
96,14358806,-9926
96,14757850,-9924
96,15110872,-9929
96,15482405,-9938
96,15861011,-9952
96,16237141,-9961
96,16612585,-9975
96,16962447,-9986
96,17314773,-9994
96,17697194,-10002
96,18067513,-10008
96,18465481,-10009
96,18816933,-10009
96,19210900,-10013
96,19568259,-10011
96,19941109,-10008
96,20335049,-10007
96,20694201,-10004
96,21065614,-10001
96,21510288,-10000
96,21892151,-10000
96,22282620,-10000
96,22663798,-9999
96,23050601,-10000
96,23484075,-10000
96,23865691,-10000
96,24273702,-10000
96,24657214,-10001
96,25053238,-10001
96,25471902,-10002
96,25861638,-10001
96,26237987,-10001
96,26611577,-10001
96,26997237,-10001
96,27402247,-10001
96,27779235,-10001
96,28173200,-10000
96,28535895,-10000
96,28906928,-10000
96,29298346,-10000
96,29655423,-10000
96,30036409,-10000
96,30438252,-10000
96,30800340,-10000
96,31194143,-10000
97,688201,-8
97,1115349,-435
97,1487515,-1077
97,1922232,-1619
97,2311862,-2396
97,2682008,-3475
97,3078089,-4573
97,3491281,-6007
97,3884031,-6877
97,4264378,-7073
97,4654533,-7933
97,5057065,-8478
97,5431923,-8571
97,5799810,-8991
97,6205649,-9147
97,6593965,-9069
97,6992878,-9582
97,7389411,-9764
97,7780084,-9814
97,8198312,-10168
97,8591129,-10168
97,9003464,-10271
97,9424526,-10341
97,9822853,-10304
97,10249261,-10332
97,10643863,-10275
97,11047836,-10237
97,11432068,-10171
97,11820481,-10117
97,12240596,-10051
97,12634137,-10014
97,13011979,-9967
97,13403810,-9948
97,13778800,-9922
97,14196786,-9919
97,14596743,-9917
97,15005342,-9922
97,15363841,-9932
97,15758347,-9946
97,16141583,-9958
97,16535161,-9973
97,16939410,-9986
97,17306132,-9994
97,17695772,-10001
97,18115076,-10005
97,18488442,-10010
97,18883998,-10010
97,19269638,-10010
97,19655200,-10008
97,20052250,-10007
97,20427744,-10003
97,20825813,-10002
97,21219745,-10000
97,21591559,-9999
97,22004082,-9996
97,22370229,-9998
97,22762223,-9998
97,23139983,-9998
97,23530250,-9998
97,23937334,-9998
97,24322049,-9999
97,24736353,-9999
97,25141628,-9998
97,25553419,-9998
97,25954623,-9998
97,26366537,-9998
98,766798,0
98,1127003,-352
98,1543199,-1008
98,1944198,-1535
98,2352807,-2268
98,2727631,-3344
98,3132888,-4418
98,3522752,-5819
98,3921373,-6830
98,4292906,-7035
98,4703352,-7811
98,5104635,-8456
98,5498710,-8572
98,5878956,-8986
98,6291145,-9156
98,6641956,-9062
98,7040518,-9503
98,7393419,-9775
98,7770762,-9728
98,8123150,-10011
98,8477056,-10198
98,8852000,-10163
98,9208268,-10321
98,9600759,-10340
98,9961355,-10312
98,10333030,-10337
98,10728716,-10281
98,11121664,-10238
98,11498366,-10181
98,11853652,-10134
98,12225708,-10071
98,12578910,-10030
98,12954776,-9981
98,13351522,-9957
98,13726769,-9933
98,14081648,-9922
98,14476106,-9920
98,14841631,-9920
98,15223924,-9927
98,15633417,-9941
98,16077618,-9955
98,16474471,-9968
98,16865232,-9982
98,17233872,-9994
98,17636390,-9999
98,18061271,-10007
98,18416887,-10009
98,18774457,-10011
98,19149609,-10011
98,19592808,-10011
98,19982272,-10008
98,20307713,-10007
98,20624384,-10004
98,20937414,-10002
98,21230292,-10002
98,21532216,-10001
98,21845875,-10001
98,22156784,-9999
98,22485099,-9999
98,22813344,-9999
98,23145943,-9999
98,23522746,-9999
98,23879331,-9999
98,24229107,-10000
98,24600614,-10000
98,24960962,-10000
98,25309779,-10000
98,25679405,-10000
98,26026603,-10000
98,26358320,-10000
98,26698653,-10000
99,759314,-9
99,1119112,-434
99,1517229,-1012
99,1890142,-1468
99,2250835,-2273
99,2664460,-3348
99,3059765,-4422
99,3479288,-5827
99,3868563,-6834
99,4250216,-7034
99,4641517,-7684
99,5037451,-8457
99,5411627,-8571
99,5808915,-8930
99,6182162,-9154
99,6580329,-9047
99,6974243,-9502
99,7371383,-9764
99,7764173,-9739
99,8119227,-10053
99,8495054,-10176
99,8892561,-10195
99,9287498,-10336
99,9681728,-10304
99,10056755,-10320
99,10436588,-10306
99,10827946,-10259
99,11218127,-10212
99,11607413,-10156
99,11995931,-10098
99,12373552,-10047
99,12766606,-10002
99,13152682,-9964
99,13559866,-9939
99,13954486,-9925
99,14334026,-9923
99,14724009,-9922
99,15140354,-9928
99,15537713,-9939
99,15909959,-9951
99,16268735,-9965
99,16662562,-9974
99,17034201,-9989
99,17394305,-9995
99,17785549,-10002
99,18159675,-10006
99,18581229,-10010
99,18979710,-10010
99,19392987,-10010
99,19785835,-10009
99,20181535,-10008
99,20578719,-10003
99,20976783,-10002
99,21392922,-10001
99,21784715,-9999
99,22141051,-9998
99,22517052,-9999
99,22912321,-9999
99,23288605,-9999
99,23683755,-9999
99,24076425,-9999
99,24455706,-10001
99,24827572,-10001
99,25236631,-10001
99,25642385,-10001
99,26040021,-10001
99,26413021,-10001
