trial_id,t_ns_since_cmd,position_counts
0,748256,13
0,1111713,418
0,1505778,988
0,1922466,1522
0,2336742,2327
0,2693370,3337
0,3110748,4506
0,3502395,5787
0,3857621,6751
0,4237213,7028
0,4630673,7829
0,5049583,8491
0,5440946,8642
0,5815997,9043
0,6237565,9199
0,6632152,9174
0,7026408,9625
0,7405981,9840
0,7842969,9920
0,8236640,10256
0,8627500,10308
0,8993420,10401
0,9381921,10485
0,9753253,10469
0,10109404,10498
0,10524387,10469
0,10877464,10445
0,11255310,10379
0,11627519,10323
0,12013685,10246
0,12421453,10188
0,12777802,10121
0,13171395,10076
0,13586661,10037
0,13973185,10011
0,14363023,9994
0,14776021,9993
0,15177015,9989
0,15588105,10000
0,15993982,10005
0,16380661,10018
0,16755209,10026
0,17129696,10037
0,17523788,10042
0,17876529,10048
0,18255657,10050
0,18651880,10051
0,19042526,10051
0,19442520,10047
0,19835173,10046
0,20214206,10043
0,20608132,10040
0,20973615,10037
0,21339156,10036
0,21733384,10034
0,22131313,10032
0,22524685,10032
0,22899121,10030
0,23252896,10029
0,23628603,10029
0,23994079,10029
0,24379846,10029
0,24754464,10027
0,25151573,10027
0,25528385,10026
0,25922811,10025
0,26339154,10024
0,26731064,10023
0,27111700,10022
0,27524182,10022
0,27878441,10020
0,28276039,10020
0,28647018,10020
0,29015085,10018
0,29403414,10018
0,29773824,10018
0,30130748,10018
0,30548043,10017
0,30971100,10017
0,31521215,10016
0,32069928,10015
0,32584659,10012
0,33134267,10012
0,33667277,10012
0,34165091,10012
0,34685423,10012
0,35208753,10011
0,35730837,10010
0,36228894,10010
0,36727695,10010
0,37251333,10009
0,37771944,10007
0,38310555,10007
0,38831518,10007
0,39351081,10007
0,39850647,10006
0,40373688,10006
0,40802105,10006
0,41287371,10005
0,41736244,10005
0,42122050,10005
0,42527231,10005
0,42926371,10004
0,43338043,10003
0,43730018,10003
0,44116371,10003
0,44509906,10003
0,44880913,10004
0,45276733,10004
0,45654315,10004
0,46055165,10004
0,46438159,10003
1,696160,7
1,1087956,434
1,1496561,1058
1,1892926,1587
1,2305995,2380
1,2659504,3286
1,3031915,4390
1,3431260,5639
1,3803376,6720
1,4165146,7011
1,4535921,7586
1,4906912,8335
1,5285775,8560
1,5684377,8885
1,6086362,9137
1,6452150,9058
1,6825778,9254
1,7187013,9734
1,7579031,9738
1,7970668,9962
1,8355706,10200
1,8745697,10204
1,9119698,10342
1,9517516,10360
1,9953329,10381
1,10352774,10366
1,10742174,10338
1,11120803,10285
1,11517140,10223
1,11929186,10163
1,12284644,10113
1,12658765,10058
1,13064027,10015
1,13474270,9984
1,13868859,9966
1,14225371,9956
1,14619492,9955
1,15012968,9957
1,15408185,9963
1,15784062,9973
1,16182672,9986
1,16595304,9994
1,16950413,10005
1,17327956,10013
1,17721252,10018
1,18088342,10021
1,18472893,10023
1,18844481,10023
1,19204235,10023
1,19618773,10019
1,19972228,10019
1,20349982,10016
1,20722383,10015
1,21099624,10013
1,21491820,10013
1,21864767,10011
1,22223487,10011
1,22576258,10010
1,22927337,10011
1,23284294,10011
1,23658232,10010
1,24061506,10010
1,24458342,10010
1,25000038,10010
1,25617555,10009
1,26187485,10009
1,26701494,10006
1,27248204,10007
1,27732609,10007
1,28197032,10005
1,28576224,10005
1,28920695,10007
1,29354399,10005
1,29808851,10005
1,30269136,10007
1,30728435,10003
1,31198345,10005
1,31599245,10005
1,31982650,10004
1,32334191,10003
1,32666124,10004
1,33021632,10004
1,33417871,10003
1,33776059,10002
1,34154462,10003
1,34546708,10003
1,34900086,10002
1,35278342,10002
1,35690169,10003
1,36058301,10002
1,36401845,10001
1,36775156,10001
1,37156462,10001
1,37527873,10001
1,37907358,10001
1,38305808,10001
1,38657802,10001
1,39024374,10001
1,39423585,10000
1,39802474,10000
1,40180530,10000
1,40557290,10000
1,40950179,10000
1,41327446,10001
1,41721417,10001
2,714257,25
2,1117812,518
2,1554953,1126
2,1937410,1599
2,2303450,2389
2,2663301,3429
2,3054514,4411
2,3433258,5835
2,3826642,6849
2,4222264,7042
2,4619832,7814
2,5012212,8445
2,5408747,8572
2,5785986,8964
2,6180472,9106
2,6583828,9034
2,6951608,9515
2,7367872,9717
2,7810496,9792
2,8188029,10098
2,8556778,10169
2,8956915,10265
2,9365333,10349
2,9722591,10340
2,10117701,10372
2,10504299,10339
2,10891108,10321
2,11262443,10261
2,11621114,10208
2,12013535,10146
2,12386076,10095
2,12763778,10035
2,13159810,9996
2,13555562,9963
2,13955712,9945
2,14365034,9935
2,14742142,9935
2,15137925,9936
2,15521049,9950
2,15911358,9956
2,16284700,9971
2,16681893,9984
2,17091852,9996
2,17503636,10001
2,17866556,10012
2,18263871,10012
2,18658763,10015
2,19052991,10015
2,19409365,10015
2,19805041,10012
2,20206539,10011
2,20618507,10009
2,20992145,10008
2,21389500,10005
2,21784562,10005
2,22156340,10006
2,22524144,10003
2,22888171,10003
2,23283006,10005
2,23681000,10006
2,24056686,10003
2,24453459,10006
2,24826491,10005
2,25220240,10004
2,25597157,10004
2,25994330,10006
2,26367068,10005
2,26765814,10003
2,27157647,10004
2,27538513,10004
2,27950009,10002
2,28306894,10003
2,28705494,10004
2,29114665,10002
2,29467545,10001
2,29848306,10002
2,30241452,10002
2,30620570,10002
2,31011710,10002
2,31365423,10002
2,31724867,10002
2,32094314,10001
2,32491732,10001
2,32869768,10001
2,33263823,10001
2,33659581,10001
2,34056077,10001
2,34462615,10001
2,34868442,10001
2,35259215,10001
2,35637948,10000
2,36032440,10000
2,36383886,10000
2,36762349,9999
2,37157184,10000
3,755835,7
3,1137329,432
3,1536257,1061
3,1928913,1504
3,2302264,2241
3,2682270,3290
3,3054940,4233
3,3474633,5819
3,3893579,6849
3,4286675,7040
3,4683158,7811
3,5075981,8421
3,5452669,8577
3,5852023,8963
3,6239134,9096
3,6638385,9023
3,6995027,9432
3,7368364,9716
3,7768033,9716
3,8160076,10051
3,8536271,10161
3,8912001,10212
3,9302566,10335
3,9680666,10326
3,10037178,10358
3,10432984,10342
3,10825230,10316
3,11199769,10274
3,11556745,10215
3,11951489,10155
3,12322498,10095
3,12682109,10045
3,13057232,9992
3,13453547,9961
3,13851387,9935
3,14240198,9923
3,14641655,9917
3,15034900,9920
3,15396300,9927
3,15765140,9939
3,16161608,9950
3,16558529,9966
3,16949890,9978
3,17303357,9987
3,17682172,10000
3,18055657,10005
3,18416411,10009
3,18785567,10012
3,19138769,10012
3,19495319,10011
3,19896804,10009
3,20262058,10009
3,20621602,10005
3,20992320,10002
3,21396782,10001
3,21805974,10000
3,22156415,10000
3,22517690,9999
3,22907275,9999
3,23281420,9999
3,23659617,9999
3,24011215,9999
3,24364677,10000
3,24766421,10001
3,25159782,10001
3,25538980,10002
3,25929422,10002
3,26301918,10002
3,26683633,10002
3,27075944,10002
3,27444595,10001
3,27808096,10001
3,28201059,10000
3,28558849,10000
3,28952716,10000
3,29327839,10000
3,29705419,10001
3,30082319,10001
3,30471311,10001
3,30823547,10001
3,31179439,10001
3,31535610,10001
3,31885226,10001
3,32259619,10001
3,32614907,10001
4,714152,1
4,1097054,353
4,1491238,1004
4,1893990,1520
4,2308796,2390
4,2705084,3438
4,3102396,4571
4,3528228,5838
4,3888581,6858
4,4286710,7090
4,4681748,7797
4,5054373,8397
4,5411697,8524
4,5808902,8879
4,6202760,9068
4,6604701,8990
4,6991333,9402
4,7368413,9684
4,7765920,9690
4,8137904,10034
4,8543791,10149
4,8953542,10219
4,9350070,10339
4,9764361,10321
4,10157010,10359
4,10543334,10332
4,10949375,10317
4,11302875,10270
4,11684922,10219
4,12056848,10158
4,12427207,10104
4,12812374,10044
4,13203903,9995
4,13605520,9963
4,13993268,9935
4,14388281,9918
4,14787362,9915
4,15201437,9916
4,15603035,9928
4,16013907,9937
4,16407772,9951
4,16788194,9966
4,17179813,9977
4,17563001,9989
4,17952647,9998
4,18342395,10001
4,18747769,10008
4,19139018,10010
4,19562035,10007
4,19953068,10008
4,20343520,10007
4,20723691,10002
4,21122561,10001
4,21509340,10001
4,21890725,9999
4,22284638,9998
4,22659816,9998
4,23035537,9998
4,23435086,9998
4,23806293,9998
4,24199942,9998
4,24559505,9999
4,24929495,10000
4,25326039,10000
4,25727288,10000
5,716757,7
5,1145463,436
5,1565403,1074
5,1957876,1601
5,2357695,2523
5,2747519,3568
5,3139888,4563
5,3519049,6015
5,3911896,6847
5,4295471,7075
5,4684048,7792
5,5056604,8396
5,5411723,8543
5,5807056,8876
5,6159653,9075
5,6558723,8980
5,6953430,9330
5,7317921,9683
5,7706720,9669
5,8083895,9982
5,8481695,10139
5,8892233,10194
5,9297720,10324
5,9685181,10316
5,10058964,10350
5,10453687,10340
5,10827290,10319
5,11184898,10284
5,11581315,10225
5,11974517,10159
5,12373335,10098
5,12765858,10043
5,13140930,9992
5,13561291,9952
5,13955000,9929
5,14335624,9912
5,14730132,9907
5,15140742,9908
5,15557841,9920
5,15967860,9927
5,16355599,9944
5,16746449,9959
5,17139002,9972
5,17496167,9983
5,17889678,9995
5,18274651,9998
5,18662486,10004
5,19042013,10007
5,19467689,10008
5,19854800,10006
5,20274027,10006
5,20661500,10002
5,21022217,10001
5,21395599,9999
5,21788043,9998
5,22162341,9996
5,22590906,9997
5,22959991,9996
5,23352632,9996
5,23743713,9996
5,24118331,9997
5,24498315,9997
5,24871449,9998
5,25275091,9999
5,25663026,9999
6,737678,8
6,1143456,435
6,1537658,1074
6,1934081,1523
6,2327617,2387
6,2722710,3438
6,3130529,4404
6,3493669,5821
6,3888399,6793
6,4246300,6990
6,4618515,7541
6,4970610,8292
6,5329226,8507
6,5743858,8765
6,6106482,9080
6,6494452,9002
6,6867529,9190
6,7223994,9669
6,7638567,9673
6,7991108,9842
6,8347354,10112
6,8717605,10137
6,9118524,10270
6,9518531,10314
6,9890485,10313
6,10287594,10339
6,10679871,10304
6,11057196,10281
6,11478064,10215
6,11889150,10172
6,12245352,10101
6,12639106,10056
6,12995063,10001
6,13393942,9967
6,13785644,9929
6,14189094,9914
6,14597960,9905
6,14990901,9907
6,15370396,9911
6,15762045,9923
6,16127115,9933
6,16514299,9950
6,16886975,9962
6,17244224,9973
6,17616155,9984
6,17969771,9994
6,18326908,9997
6,18700742,10002
6,19103511,10003
6,19514275,10005
6,19865762,10002
6,20228622,10001
6,20618964,10001
6,20991693,9999
6,21351178,9996
6,21723015,9996
6,22126983,9995
6,22535273,9995
6,22887509,9993
6,23243432,9994
6,23638698,9996
6,24012464,9996
6,24388169,9995
6,24741814,9996
6,25107819,9997
6,25498713,9998
6,25888013,9997
6,26264857,9997
6,26660236,9998
6,27033680,9998
6,27392725,9997
6,27788257,9997
6,28167141,9997
6,28534021,9997
6,28929494,9997
7,733232,6
7,1134988,353
7,1514665,1010
7,1920820,1531
7,2332426,2394
7,2748935,3442
7,3142807,4408
7,3500519,5829
7,3913492,6847
7,4298950,7025
7,4684974,7661
7,5036749,8344
7,5396864,8517
7,5791018,8812
7,6164244,9062
7,6517808,8979
7,6872315,9166
7,7258005,9643
7,7645689,9644
7,8047039,9913
7,8441176,10118
7,8816268,10132
7,9186843,10277
7,9586387,10300
7,9995674,10314
7,10352291,10327
7,10745389,10300
7,11119273,10282
7,11475212,10230
7,11848964,10186
7,12253681,10114
7,12640134,10069
7,13014468,10012
7,13372520,9978
7,13786615,9939
7,14139341,9923
7,14502501,9905
7,14894024,9904
7,15278731,9904
7,15664146,9913
7,16038101,9921
7,16395070,9938
7,16785829,9949
7,17160411,9963
7,17519238,9972
7,17913792,9986
7,18290953,9991
7,18705035,9996
7,19058063,9997
7,19416333,10000
7,19830977,9999
7,20184656,9997
7,20585025,9996
7,20994724,9995
7,21350961,9993
7,21724218,9990
7,22118045,9990
7,22476215,9991
7,22848152,9991
7,23221482,9990
7,23620463,9992
7,23971743,9992
7,24348319,9992
7,24744155,9992
7,25097289,9993
7,25492551,9994
7,25871535,9994
7,26222471,9994
7,26642257,9995
7,26993082,9994
7,27349364,9994
7,27723623,9994
7,28117620,9994
7,28483815,9993
7,28892318,9993
7,29254812,9993
7,29645708,9993
7,30042781,9993
7,30437403,9995
8,733670,9
8,1094981,434
8,1493884,1071
8,1890005,1521
8,2288986,2383
8,2678241,3437
8,3095693,4561
8,3513288,6014
8,3911311,6898
8,4305869,7080
8,4699347,7907
8,5094826,8435
8,5451314,8577
8,5843886,8926
8,6209835,9074
8,6574429,8992
8,6969350,9399
8,7325744,9686
8,7697238,9674
8,8052321,9930
8,8428411,10130
8,8801391,10152
8,9176974,10295
8,9599097,10300
8,9991021,10329
8,10391856,10321
8,10766840,10298
8,11159159,10248
8,11576644,10200
8,11949357,10138
8,12348851,10078
8,12741676,10024
8,13116451,9978
8,13536757,9941
8,13928813,9920
8,14305713,9906
8,14699522,9903
8,15092985,9904
8,15474163,9918
8,15866853,9925
8,16247122,9943
8,16639392,9954
8,17029719,9970
8,17413885,9981
8,17822196,9990
8,18207915,9997
8,18596569,10000
8,18989985,10002
8,19365180,10002
8,19718314,10002
8,20092591,10002
8,20454223,9998
8,20845626,9998
8,21243495,9996
8,21629577,9994
8,22012915,9993
8,22419750,9993
8,22808853,9992
8,23241183,9992
8,23780545,9995
8,24362606,9995
8,24900199,9995
8,25415103,9997
8,25935400,9997
8,26424414,9997
8,26945963,9997
8,27440781,9996
8,27966214,9996
8,28487434,9996
8,29000975,9995
9,712524,7
9,1073936,437
9,1466887,1083
9,1887954,1618
9,2281890,2400
9,2658847,3452
9,3053063,4575
9,3446989,5837
9,3843553,6863
9,4240386,7081
9,4640478,7786
9,5009087,8427
9,5403333,8542
9,5802511,8919
9,6196266,9052
9,6598342,9005
9,6987931,9456
9,7368854,9667
9,7765694,9697
9,8133172,10036
9,8528077,10114
9,8904494,10185
9,9301294,10296
9,9697275,10283
9,10069451,10321
9,10426469,10302
9,10844494,10285
9,11238500,10236
9,11636137,10189
9,12028899,10121
9,12423776,10075
9,12778960,10012
9,13193751,9977
9,13561846,9940
9,13947364,9921
9,14339063,9906
9,14719572,9902
9,15091235,9905
9,15487497,9914
9,15868441,9923
9,16260907,9940
9,16676737,9953
9,17068303,9966
9,17442563,9977
9,17803041,9988
9,18193466,9992
9,18577885,9998
9,18966184,10001
9,19361006,10001
9,19740101,10001
9,20114855,10001
9,20549253,9998
9,20952346,9997
9,21343162,9995
9,21740107,9993
9,22139491,9993
9,22552159,9993
9,22976301,9993
9,23343836,9993
9,23738646,9994
9,24169183,9995
9,24583802,9995
9,24968058,9996
9,25363024,9996
9,25743328,9996
9,26140541,9996
9,26507334,9996
9,26904294,9996
9,27279387,9996
9,27677963,9996
9,28050361,9996
9,28446844,9996
9,28843325,9996
9,29216719,9996
10,736723,10
10,1141063,436
10,1543460,1081
10,1956706,1619
10,2352153,2393
10,2745986,3451
10,3120138,4575
10,3517029,5833
10,3897353,6870
10,4295588,7040
10,4681981,7785
10,5078040,8436
10,5497594,8580
10,5892350,8966
10,6324261,9042
10,6701583,9051
10,7117977,9522
10,7477123,9669
10,7868741,9743
10,8255722,10072
10,8644064,10121
10,9015686,10219
10,9413526,10299
10,9786002,10296
10,10181865,10326
10,10562719,10297
10,10955128,10270
10,11371140,10204
10,11764806,10160
10,12140454,10090
10,12537917,10045
10,12913092,9987
10,13311206,9960
10,13688276,9925
10,14080027,9910
10,14496987,9901
10,14889325,9905
10,15275133,9912
10,15664815,9923
10,16058715,9936
10,16467583,9952
10,16851374,9967
10,17255821,9979
10,17620031,9989
10,18014667,9997
10,18391672,10001
10,18785853,10003
10,19160564,10006
10,19516446,10006
10,19909692,10002
10,20278188,10002
10,20640635,10002
10,21035171,9997
10,21412357,9996
10,21805898,9996
10,22159524,9996
10,22514552,9994
10,22888802,9994
10,23256199,9995
10,23643045,9996
10,24014140,9996
10,24372467,9996
10,24766252,9997
10,25162858,9999
10,25558456,9997
10,25961366,9998
10,26330529,9999
10,26724375,9997
10,27117212,9997
10,27497209,9997
10,27890927,9997
10,28274954,9997
10,28664692,9997
11,759361,9
11,1118442,437
11,1538285,1087
11,1932287,1623
11,2329888,2401
11,2700855,3460
11,3116846,4428
11,3494820,5844
11,3888373,6818
11,4240867,7004
11,4603265,7658
11,4993209,8343
11,5398473,8519
11,5786353,8863
11,6183576,9054
11,6599448,8968
11,6994729,9377
11,7400672,9662
11,7784727,9694
11,8180117,9996
11,8537883,10111
11,8929618,10169
11,9308203,10293
11,9724405,10286
11,10121518,10322
11,10496088,10301
11,10888866,10283
11,11283778,10232
11,11663793,10185
11,12076217,10116
11,12485541,10072
11,12848551,10007
11,13242445,9977
11,13618968,9938
11,14013441,9921
11,14399638,9905
11,14784247,9907
11,15179636,9906
11,15560789,9918
11,15998446,9929
11,16401632,9944
11,16787618,9961
11,17182183,9970
11,17562479,9983
11,17956530,9992
11,18375357,9998
11,18784803,10000
11,19141433,10002
11,19544507,10003
11,19911936,10003
11,20307896,10000
11,20684327,10000
11,21075240,9996
11,21498289,9996
11,21912257,9993
11,22307471,9993
11,22707273,9993
11,23094167,9992
11,23494737,9994
11,23888923,9994
11,24282740,9994
11,24660313,9993
11,25035532,9995
11,25432565,9995
11,25830343,9995
11,26221853,9996
11,26618088,9996
11,27013259,9995
11,27400664,9995
11,27788319,9995
11,28201095,9995
11,28578893,9995
11,28974017,9995
11,29379581,9995
11,29744964,9996
11,30146540,9997
11,30538972,9997
11,30911580,9997
11,31305571,9996
11,31679562,9996
11,32079148,9996
11,32495271,9996
11,32890062,9996
11,33284349,9996
11,33641021,9996
11,34035670,9997
11,34446430,9997
11,34810893,9998
12,716167,24
12,1117030,520
12,1532894,1142
12,1928911,1611
12,2327673,2520
12,2722862,3577
12,3114178,4725
12,3529974,6004
12,3887031,6893
12,4280858,7077
12,4668106,7897
12,5055866,8429
12,5454459,8573
12,5848309,8968
12,6242699,9048
12,6649820,9015
12,7014049,9531
12,7407683,9689
12,7784308,9753
12,8177882,10047
12,8530217,10125
12,8889333,10177
12,9283274,10297
12,9663959,10289
12,10055322,10322
12,10427727,10301
12,10810685,10280
12,11203658,10218
12,11621917,10166
12,12010325,10106
12,12383889,10056
12,12740071,9996
12,13135371,9962
12,13510037,9932
12,13864396,9911
12,14260455,9900
12,14676930,9896
12,15061460,9900
12,15449873,9914
12,15867902,9924
12,16283429,9944
12,16684415,9956
12,17079601,9969
12,17467943,9980
12,17867563,9989
12,18259236,9995
12,18644915,9999
12,19032679,10000
12,19487137,10001
12,19887703,10000
12,20258166,9998
12,20640904,9996
12,21028422,9994
12,21507319,9992
12,21909802,9989
12,22299512,9990
12,22662837,9989
12,23030455,9991
12,23396173,9990
12,23804527,9992
12,24201155,9993
12,24625311,9993
12,25029883,9994
12,25382046,9994
12,25739413,9993
12,26134656,9993
12,26507900,9993
12,26869870,9993
12,27291720,9993
12,27682162,9993
12,28056907,9992
12,28451669,9994
12,28867120,9993
12,29256289,9993
12,29641891,9993
12,30029901,9995
12,30405666,9995
12,30763462,9994
12,31158497,9995
12,31531420,9995
12,31886446,9995
12,32302916,9995
12,32699381,9995
12,33113648,9995
12,33464718,9995
12,33843900,9995
12,34238089,9995
12,34589540,9994
12,34969115,9995
12,35363969,9995
13,756690,-1
13,1119348,353
13,1515827,1014
13,1913179,1461
13,2305072,2269
13,2705722,3330
13,3119530,4425
13,3515268,5834
13,3909275,6810
13,4286019,7031
13,4683061,7650
13,5059551,8386
13,5452855,8531
13,5873420,8906
13,6265710,9057
13,6640222,8975
13,7037989,9387
13,7420580,9685
13,7806602,9693
13,8197557,10014
13,8616561,10124
13,9005938,10198
13,9394439,10299
13,9778753,10293
13,10145049,10323
13,10503524,10304
13,10883589,10283
13,11248939,10223
13,11622915,10181
13,11952479,10125
13,12320155,10069
13,12666189,10019
13,13015239,9970
13,13376864,9945
13,13744855,9916
13,14101401,9906
13,14455015,9896
13,14813276,9898
13,15170763,9901
13,15523301,9915
13,15896206,9922
13,16288926,9941
13,16653001,9955
13,17021388,9969
13,17385782,9977
13,17730525,9989
13,18089213,9995
13,18465082,9999
13,18860953,10001
13,19230104,10003
13,19626084,10003
13,19982435,10000
13,20337679,9999
13,20714227,9997
13,21096177,9994
13,21492270,9993
13,21888094,9990
13,22283283,9991
13,22658858,9991
13,23054661,9991
13,23447509,9991
13,23828672,9992
13,24240984,9992
13,24621405,9993
13,25012815,9994
13,25430825,9995
13,25849456,9995
13,26243697,9995
13,26640886,9995
13,27013396,9994
13,27420445,9994
13,27782504,9995
13,28139265,9993
13,28536643,9993
13,28907167,9993
13,29263223,9994
13,29661283,9994
13,30035894,9995
13,30433447,9996
13,30802750,9996
13,31157172,9996
13,31516138,9996
13,31887527,9996
13,32283193,9997
13,32681220,9997
13,33058128,9996
13,33457620,9996
13,33824241,9996
13,34219396,9996
13,34597553,9996
13,34991792,9996
13,35410255,9998
14,733111,8
14,1140304,433
14,1535838,1077
14,1950849,1612
14,2349846,2522
14,2773725,3584
14,3180339,4734
14,3596548,6200
14,3994500,6933
14,4388554,7151
14,4791597,8018
14,5180753,8475
14,5575124,8656
14,5979156,9001
14,6347265,9018
14,6740503,9043
14,7117935,9574
14,7511770,9671
14,7889329,9787
14,8302885,10069
14,8658029,10115
14,9058284,10233
14,9452272,10295
14,9832839,10290
14,10199180,10319
14,10599434,10286
14,11016621,10253
14,11408668,10186
14,11811329,10140
14,12198917,10071
14,12593543,10024
14,12952230,9971
14,13343226,9943
14,13724261,9912
14,14119334,9903
14,14492031,9895
14,14889834,9898
14,15283497,9906
14,15657450,9920
14,16056031,9931
14,16429323,9949
14,16834968,9961
14,17222120,9973
14,17616138,9986
14,18035477,9991
14,18428906,9999
14,18847404,10000
14,19241084,10000
14,19615809,9999
14,20013540,9997
14,20408498,9995
14,20810817,9995
14,21201659,9992
14,21599338,9991
14,22015365,9988
14,22410025,9991
14,22805926,9988
14,23200240,9989
14,23606021,9992
14,24017215,9993
14,24409453,9993
14,24810288,9994
14,25198581,9995
14,25554496,9995
14,25952030,9995
14,26352815,9995
14,26720073,9995
14,27117079,9994
14,27493518,9994
14,27889400,9994
14,28261286,9994
14,28615088,9994
14,28992378,9994
14,29387240,9995
14,29806824,9995
14,30208521,9996
15,713175,-1
15,1077050,351
15,1494746,1013
15,1889195,1534
15,2310705,2395
15,2702188,3457
15,3098714,4415
15,3494168,5821
15,3889377,6860
15,4302486,7020
15,4664517,7759
15,5058465,8404
15,5474342,8543
15,5888086,8896
15,6274487,9037
15,6665071,8995
15,7054317,9523
15,7475147,9674
15,7869175,9753
15,8270820,10081
15,8660618,10130
15,9060427,10248
15,9475418,10310
15,9868623,10315
15,10271302,10332
15,10662137,10298
15,11059399,10264
15,11473327,10197
15,11866774,10147
15,12229432,10077
15,12618019,10027
15,12990938,9975
15,13369622,9941
15,13763952,9908
15,14178965,9896
15,14575176,9889
15,14950078,9893
15,15348207,9901
15,15766063,9913
15,16159648,9929
15,16516449,9943
15,16909945,9959
15,17291935,9970
15,17660206,9984
15,18060641,9990
15,18474648,9999
15,18869975,9999
15,19272167,10002
15,19658437,10001
15,20012766,10000
15,20370987,9996
15,20763782,9996
15,21160755,9993
15,21561889,9992
15,21949310,9990
15,22327043,9990
15,22719838,9990
15,23074115,9990
15,23450859,9990
15,23844930,9992
15,24231674,9993
15,24619002,9993
15,25021328,9994
15,25390948,9994
15,25783485,9994
15,26159784,9994
15,26514304,9995
15,26908025,9995
15,27290700,9995
15,27685968,9995
15,28096649,9995
15,28497231,9995
15,28868873,9995
15,29271374,9995
15,29659264,9995
15,30059826,9995
15,30474624,9995
15,30868046,9996
15,31269596,9996
15,31659159,9996
15,32033483,9996
15,32388210,9997
15,32763713,9997
15,33158750,9997
15,33550331,9998
15,33959181,9998
15,34490096,9999
15,35010871,9999
15,35509942,9998
15,36031347,9998
16,716711,9
16,1116567,435
16,1514499,1076
16,1931148,1612
16,2344931,2386
16,2700287,3439
16,3094135,4388
16,3445293,5597
16,3823618,6788
16,4217132,6980
16,4604001,7632
16,4993286,8331
16,5387846,8511
16,5764758,8865
16,6157603,9078
16,6533426,8976
16,6933906,9396
16,7342752,9702
16,7701498,9693
16,8073096,9989
16,8466366,10144
16,8847750,10177
16,9239276,10310
16,9621535,10314
16,10012300,10339
16,10427814,10328
16,10787300,10299
16,11182034,10237
16,11599571,10176
16,11988781,10115
16,12362320,10058
16,12738066,10004
16,13092716,9959
16,13445119,9926
16,13843670,9900
16,14227700,9891
16,14626592,9888
16,14988075,9889
16,15343512,9898
16,15697668,9913
16,16070940,9927
16,16446393,9943
16,16827012,9959
16,17219216,9971
16,17601892,9985
16,17990805,9991
16,18364807,9998
16,18741536,10000
16,19136476,10003
16,19488743,10003
16,19845792,10001
16,20240344,10000
16,20602005,9999
16,20968316,9997
16,21322958,9995
16,21700293,9994
16,22095367,9993
16,22490903,9992
16,22865728,9991
16,23258633,9992
16,23645165,9993
16,24031329,9993
16,24382367,9994
16,24762167,9996
16,25155089,9995
16,25531739,9995
16,25884529,9996
16,26236607,9996
16,26600358,9996
16,26966745,9996
16,27320271,9996
16,27724936,9996
16,28093936,9996
16,28459918,9996
16,28870012,9996
16,29275545,9996
16,29661325,9996
16,30039506,9997
16,30431153,9997
16,30869071,9997
16,31263571,9997
16,31661416,9997
16,32059613,9997
16,32449393,9997
16,32846860,9998
16,33262959,9999
16,33662213,9997
16,34103469,9998
16,34489047,9998
16,34867944,9998
16,35241079,9998
17,715308,1
17,1105835,350
17,1473608,1009
17,1887690,1532
17,2290231,2263
17,2659571,3329
17,3083442,4411
17,3472067,5814
17,3877063,6803
17,4243244,7011
17,4638165,7631
17,5014971,8375
17,5411312,8518
17,5823339,8905
17,6220668,9069
17,6615636,8969
17,7011362,9457
17,7408679,9688
17,7823782,9743
17,8222874,10046
17,8616365,10129
17,9010573,10195
17,9365236,10312
17,9759279,10300
17,10126437,10330
17,10489994,10314
17,10842719,10292
17,11200695,10235
17,11614326,10182
17,11968582,10126
17,12346656,10058
17,12740756,9997
17,13138927,9952
17,13578478,9916
17,13946685,9898
17,14326173,9887
17,14718051,9886
17,15083430,9891
17,15448059,9903
17,15842644,9913
17,16221102,9932
17,16614595,9946
17,16979173,9961
17,17349854,9971
17,17738470,9986
17,18120909,9990
17,18510272,9996
17,18863519,9998
17,19222932,10001
17,19617765,9999
17,20011149,9998
17,20409403,9998
17,20823012,9994
17,21220383,9993
17,21613967,9992
17,21988620,9988
17,22366419,9988
17,22760032,9989
17,23123063,9990
17,23513057,9989
17,23906337,9992
17,24324146,9992
17,24726642,9992
17,25122734,9993
17,25511587,9994
17,25891951,9993
17,26268367,9994
17,26657038,9994
17,27085157,9993
17,27470010,9993
17,27854071,9993
17,28244683,9993
17,28613565,9993
17,28968060,9994
17,29323485,9994
17,29718778,9994
17,30104388,9995
17,30495601,9995
17,30867548,9995
17,31263714,9995
17,31635903,9995
17,32033185,9995
17,32448357,9994
17,32842780,9995
17,33219727,9995
17,33614047,9995
17,33967361,9995
17,34345575,9996
17,34738725,9997
17,35123730,9997
17,35510096,9997
17,35884637,9996
17,36241810,9996
17,36635820,9996
17,36990980,9996
17,37366980,9997
17,37759837,9997
17,38153690,9997
18,725083,9
18,1110246,434
18,1524315,1077
18,1922510,1529
18,2313902,2386
18,2712349,3447
18,3107423,4558
18,3522808,5804
18,3875982,6799
18,4233585,7014
18,4647875,7628
18,5011363,8377
18,5401342,8502
18,5779187,8852
18,6176360,9068
18,6587123,8976
18,7015036,9464
18,7422467,9703
18,7813882,9763
18,8233881,10091
18,8628646,10142
18,9025041,10230
18,9401925,10319
18,9776753,10308
18,10175282,10336
18,10586227,10299
18,10990052,10264
18,11380129,10199
18,11775145,10143
18,12154884,10076
18,12522053,10020
18,12919155,9967
18,13315496,9934
18,13710690,9901
18,14107830,9891
18,14493621,9885
18,14879666,9891
18,15274926,9896
18,15647373,9913
18,16046749,9928
18,16461324,9945
18,16835708,9960
18,17234051,9973
18,17627805,9986
18,18026732,9993
18,18423230,9999
18,18811779,10001
18,19191125,10002
18,19584581,10002
18,19938559,10001
18,20337645,9999
18,20710591,9997
18,21111117,9995
18,21482824,9994
18,21876691,9991
18,22254808,9991
18,22669873,9991
18,23066466,9991
18,23439577,9992
18,23834967,9993
18,24233705,9993
18,24606391,9994
18,25010932,9994
18,25378121,9996
18,25771852,9996
18,26162930,9995
18,26551021,9996
18,26979354,9996
18,27350476,9996
18,27731292,9995
18,28130060,9996
18,28525632,9995
18,28926540,9995
18,29318436,9996
18,29711055,9996
18,30107745,9996
18,30481174,9997
18,30856071,9998
18,31253580,9998
18,31629712,9998
18,32031409,9998
18,32439877,9998
18,32836834,9998
18,33214055,9998
18,33629024,9998
18,34049394,9998
18,34439178,9998
18,34813019,9998
18,35210458,9998
18,35605423,9998
19,709189,9
19,1096255,435
19,1486835,1014
19,1897490,1537
19,2281916,2394
19,2672062,3328
19,3050208,4411
19,3463564,5618
19,3833941,6801
19,4198677,6987
19,4591648,7634
19,4989315,8382
19,5384077,8507
19,5782772,8856
19,6175779,9067
19,6568480,8961
19,6926136,9307
19,7300935,9687
19,7694978,9687
19,8094336,9962
19,8488198,10117
19,8899506,10167
19,9282484,10296
19,9692634,10286
19,10070372,10319
19,10466942,10298
19,10883243,10281
19,11275909,10225
19,11630358,10181
19,11987024,10125
19,12379956,10064
19,12754783,10010
19,13112396,9967
19,13486632,9939
19,13851167,9909
19,14238063,9898
19,14610684,9892
19,14998051,9894
19,15382875,9904
19,15782033,9914
19,16152565,9929
19,16548897,9944
19,16924684,9959
19,17317893,9971
19,17673364,9981
19,18047816,9988
19,18442987,9997
19,18797523,9999
19,19178741,9998
19,19572171,9999
19,19947730,9999
19,20341943,9997
19,20715913,9996
19,21116001,9994
19,21506271,9992
19,21885069,9989
19,22283617,9989
19,22694764,9990
19,23072412,9990
19,23466594,9990
19,23873916,9992
19,24238847,9992
19,24652666,9993
19,25012629,9993
19,25406016,9993
19,25832106,9994
19,26194712,9994
19,26589148,9994
19,26945470,9994
19,27319779,9994
19,27671124,9994
19,28069545,9994
19,28455235,9994
19,28851027,9995
19,29257933,9995
19,29671356,9995
19,30071587,9995
19,30469666,9995
19,30851083,9995
19,31263078,9995
19,31652800,9996
19,32071305,9996
19,32488752,9995
19,32885150,9996
19,33282613,9996
19,33675025,9996
19,34072405,9997
19,34488609,9997
19,34885152,9997
19,35281902,9997
19,35672875,9997
19,36072220,9998
19,36465058,9997
19,36830388,9997
19,37200508,9997
19,37591693,9997
19,37988442,9998
20,712607,24
20,1140916,520
20,1535579,1143
20,1952440,1705
20,2349928,2660
20,2774120,3592
20,3158583,4731
20,3534209,6192
20,3931567,6908
20,4325467,7130
20,4700737,7876
20,5079864,8443
20,5472993,8586
20,5888387,8987
20,6282718,9029
20,6657038,8984
20,7033062,9515
20,7428650,9683
20,7794771,9734
20,8182574,10036
20,8553565,10117
20,8931898,10183
20,9326011,10300
20,9724727,10287
20,10097995,10323
20,10492116,10294
20,10889888,10278
20,11282611,10219
20,11635754,10173
20,11991135,10107
20,12385984,10055
20,12741279,10003
20,13118357,9956
20,13512110,9924
20,13908979,9902
20,14283249,9896
20,14634402,9890
20,15013106,9895
20,15408720,9906
20,15813130,9917
20,16184018,9933
20,16575209,9947
20,16953915,9963
20,17350223,9974
20,17778149,9986
20,18137802,9991
20,18490473,9997
20,18891195,9998
20,19262138,10000
20,19615913,10000
20,20013455,9999
20,20388023,9997
20,20795230,9996
20,21160414,9992
20,21553210,9991
20,21928147,9989
20,22280906,9988
20,22638384,9988
20,23035945,9988
20,23429613,9990
20,23826175,9992
20,24223182,9992
20,24635978,9993
20,25002857,9994
20,25387101,9994
20,25741061,9994
20,26135091,9994
20,26509736,9994
20,26869524,9995
20,27239994,9994
20,27634584,9993
20,28034435,9995
20,28427945,9995
20,28791865,9994
20,29176940,9994
20,29530874,9994
20,29888540,9995
20,30261250,9995
20,30613821,9995
20,30992300,9996
20,31435208,9996
20,31878493,9995
20,32260765,9996
20,32611400,9996
20,32989266,9996
20,33407000,9996
20,33795171,9997
20,34160448,9997
20,34553181,9997
20,34908805,9997
20,35283451,9997
20,35632851,9997
20,36011030,9997
20,36410861,9998
20,36811009,9998
20,37180586,9998
20,37575541,9997
21,757237,8
21,1117230,433
21,1527371,1015
21,1910729,1539
21,2338225,2395
21,2708133,3459
21,3123684,4563
21,3527595,5998
21,3910703,6852
21,4285347,7002
21,4641006,7734
21,5039281,8355
21,5408405,8479
21,5784198,8836
21,6178457,9052
21,6543499,8945
21,6930841,9300
21,7305827,9686
21,7704034,9669
21,8079921,9971
21,8476280,10130
21,8845482,10163
21,9242074,10299
21,9617542,10306
21,10013031,10331
21,10422962,10327
21,10788508,10298
21,11180554,10257
21,11584629,10194
21,11969122,10142
21,12335918,10072
21,12721579,10010
21,13134943,9964
21,13496199,9934
21,13911336,9899
21,14332994,9886
21,14760772,9883
21,15215020,9887
21,15621696,9903
21,15987583,9911
21,16352231,9931
21,16729458,9944
21,17122788,9960
21,17471272,9970
21,17833096,9984
21,18185060,9986
21,18549730,9995
21,18918255,9998
21,19269475,9998
21,19618804,9997
21,19971711,9997
21,20335098,9995
21,20691128,9994
21,21060216,9992
21,21420149,9989
21,21799284,9988
21,22149494,9986
21,22533197,9987
21,22902446,9987
21,23278617,9990
21,23630014,9989
21,24003234,9991
21,24385151,9992
21,24763758,9992
21,25178721,9992
21,25542593,9993
21,25930954,9993
21,26323754,9993
21,26704818,9993
21,27095705,9993
21,27491712,9993
21,27886462,9993
21,28238770,9993
21,28616431,9993
21,29010366,9993
21,29384762,9993
21,29740968,9995
21,30136190,9995
21,30489046,9995
21,30886216,9995
21,31260015,9995
21,31616892,9995
21,31989269,9995
21,32384502,9996
21,32767830,9996
21,33160497,9996
21,33576552,9996
21,33974906,9996
21,34387119,9996
21,34755624,9996
22,728720,8
22,1091127,434
22,1486762,1015
22,1859209,1537
22,2257223,2387
22,2649558,3316
22,3036518,4393
22,3446835,5786
22,3859699,6841
22,4257875,7040
22,4649993,7735
22,5016034,8364
22,5403819,8512
22,5797047,8904
22,6198872,9060
22,6586879,8973
22,6960964,9466
22,7383611,9705
22,7775027,9723
22,8152029,10058
22,8546889,10138
22,8898459,10179
22,9275765,10313
22,9692532,10298
22,10045250,10328
22,10445689,10306
22,10869613,10284
22,11257698,10230
22,11630780,10172
22,12035029,10116
22,12423463,10050
22,12794951,9997
22,13174573,9951
22,13572194,9915
22,13996435,9893
22,14380879,9884
22,14754829,9884
22,15152963,9887
22,15545606,9902
22,15920613,9912
22,16297812,9931
22,16695556,9947
22,17117930,9962
22,17504629,9973
22,17857113,9985
22,18238097,9990
22,18650885,9996
22,19047878,9998
22,19424268,9999
22,19814050,9997
22,20175341,9997
22,20563681,9994
22,20938800,9992
22,21361294,9989
22,21754670,9986
22,22151292,9986
22,22524526,9986
22,22878696,9986
22,23269578,9986
22,23654168,9988
22,24031756,9989
22,24421883,9990
22,24774139,9991
22,25151240,9992
22,25546958,9993
22,25900912,9992
22,26280546,9992
22,26674486,9992
22,27068735,9992
22,27463455,9992
22,27857173,9992
22,28215183,9991
22,28610775,9991
22,28993401,9993
22,29381346,9993
22,29754157,9993
22,30110430,9994
22,30504200,9994
22,30877696,9994
22,31254548,9993
22,31650981,9993
22,32047816,9994
22,32419078,9994
22,32775243,9994
22,33129581,9994
22,33523783,9994
22,33900538,9994
22,34260130,9994
22,34652085,9994
22,35034261,9995
22,35424336,9995
22,35820877,9994
22,36216290,9995
22,36610901,9996
22,37014676,9995
22,37405300,9995
22,37798353,9996
22,38196469,9995
22,38610315,9995
22,39016868,9995
22,39381428,9996
22,39775085,9996
22,40174987,9996
22,40578328,9997
22,40964983,9997
22,41339032,9997
23,708652,8
23,1090187,433
23,1489218,1082
23,1882799,1620
23,2302668,2526
23,2695933,3592
23,3109559,4568
23,3489574,6001
23,3882195,6863
23,4247018,7064
23,4638415,7751
23,5008719,8415
23,5428239,8553
23,5819514,8953
23,6245164,9044
23,6634718,9039
23,7027021,9526
23,7409285,9689
23,7805657,9749
23,8195960,10073
23,8594131,10121
23,8985339,10210
23,9343869,10295
23,9738477,10290
23,10133279,10316
23,10531519,10278
23,10929909,10254
23,11323354,10179
23,11699973,10136
23,12088435,10060
23,12485629,10010
23,12883708,9952
23,13302617,9927
23,13693741,9897
23,14067016,9891
23,14464843,9885
23,14837095,9891
23,15191526,9896
23,15592983,9914
23,15965435,9925
23,16366088,9946
23,16757907,9956
23,17133180,9971
23,17550585,9982
23,17944138,9991
23,18319944,9995
23,18711801,9996
23,19065597,9999
23,19444846,9999
23,19837160,9996
23,20190888,9996
23,20570101,9994
23,20964084,9990
23,21321037,9989
23,21693335,9989
23,22068149,9988
23,22464895,9988
23,22858204,9988
23,23227071,9990
23,23592030,9991
23,23998462,9992
23,24363627,9993
23,24757084,9993
23,25152042,9993
23,25527224,9993
23,25914003,9993
23,26304658,9992
23,26693786,9992
23,27066264,9992
23,27447655,9993
23,27820944,9993
23,28195055,9993
23,28591184,9993
23,28965220,9994
23,29365122,9994
23,29747465,9995
23,30131441,9995
23,30491977,9996
23,30862196,9995
23,31263222,9995
23,31632010,9995
23,32027115,9995
23,32405914,9995
23,32802355,9995
23,33222826,9995
23,33609833,9995
23,33985764,9995
23,34358276,9995
23,35422921,9996
24,733951,25
24,1137909,521
24,1552519,1144
24,1950599,1705
24,2363280,2660
24,2769941,3715
24,3177607,4887
24,3592938,6178
24,3952352,6919
24,4346416,7197
24,4772152,7982
24,5134940,8452
24,5530411,8587
24,5890574,8989
24,6283234,9033
24,6656545,9028
24,7056243,9520
24,7449168,9680
24,7850974,9779
24,8236581,10073
24,8614184,10124
24,9012626,10231
24,9407499,10306
24,9789745,10297
24,10178130,10326
24,10551637,10294
24,10907282,10267
24,11303586,10203
24,11674350,10155
24,12054573,10085
24,12448616,10025
24,12848832,9965
24,13260469,9932
24,13654744,9901
24,14056043,9890
24,14450684,9881
24,14847623,9885
24,15258742,9892
24,15611257,9907
24,15987866,9920
24,16382411,9938
24,16772572,9952
24,17159899,9968
24,17553586,9978
24,17948657,9987
24,18342802,9992
24,18701497,9996
24,19097886,9996
24,19508877,9996
24,19862835,9995
24,20239526,9994
24,20633976,9991
24,21032389,9991
24,21405461,9988
24,21770991,9987
24,22134347,9987
24,22529499,9987
24,22885154,9987
24,23279409,9987
24,23654482,9989
24,24008832,9991
24,24361381,9991
24,24736726,9992
24,25135740,9993
24,25508104,9993
24,25868153,9992
24,26258183,9993
24,26610516,9993
24,26990246,9992
24,27403302,9992
24,27770122,9992
24,28157986,9992
24,28551787,9993
24,28950538,9993
24,29342798,9993
24,29770046,9994
24,30158631,9994
24,30553141,9995
24,30948994,9995
24,31325115,9995
24,31703114,9995
24,32096025,9995
24,32510264,9995
24,32908381,9995
24,33279753,9996
24,33653758,9996
24,34010879,9996
24,34404097,9997
24,34767166,9997
24,35156793,9997
24,35550188,9997
24,35906311,9997
25,760189,9
25,1119850,432
25,1538296,1081
25,1932142,1535
25,2329447,2396
25,2729996,3459
25,3119907,4558
25,3540221,5992
25,3932904,6890
25,4329198,7052
25,4702684,7863
25,5098277,8406
25,5495786,8544
25,5898655,8950
25,6286092,9061
25,6640148,8973
25,7013058,9390
25,7367734,9709
25,7764963,9701
25,8138125,9973
25,8494313,10132
25,8887825,10155
25,9262687,10284
25,9620046,10293
25,10029238,10311
25,10396573,10307
25,10782638,10279
25,11157180,10244
25,11521409,10172
25,11908759,10126
25,12282040,10061
25,12641667,10007
25,13035520,9958
25,13419599,9928
25,13809621,9899
25,14181256,9894
25,14537231,9885
25,14932445,9890
25,15301943,9898
25,15662315,9912
25,16074743,9922
25,16436932,9944
25,16847902,9953
25,17202839,9970
25,17604481,9981
25,18013157,9990
25,18394998,9994
25,18785437,9998
25,19136225,9999
25,19515141,10000
25,19910290,9998
25,20261669,9997
25,20638046,9995
25,20992470,9993
25,21394803,9992
25,21782544,9988
25,22158566,9989
25,22514795,9989
25,22889851,9988
25,23244376,9988
25,23640912,9990
25,24012881,9991
25,24368076,9991
25,24762874,9994
25,25115251,9994
25,25496508,9994
25,25885632,9993
25,26240879,9993
25,26630407,9993
25,27016209,9993
25,27401727,9993
25,27785380,9993
25,28136277,9993
25,28516813,9995
25,28909547,9995
25,29281972,9995
25,29650454,9995
25,30035086,9995
25,30417607,9995
25,30803737,9995
25,31196281,9995
25,31605802,9996
25,31995650,9996
25,32420597,9996
25,32825817,9996
25,33187649,9997
25,33582612,9996
25,33978786,9996
25,34368624,9996
25,34772586,9996
25,35160648,9996
25,35537548,9996
25,35932616,9997
25,36306452,9997
25,36704313,9997
26,734825,8
26,1116055,350
26,1491892,938
26,1847840,1461
26,2241914,2138
26,2619580,3199
26,3035865,4266
26,3431007,5433
26,3809220,6730
26,4198810,6963
26,4560156,7383
26,4933858,8254
26,5322586,8477
26,5741426,8729
26,6094878,9046
26,6470302,8973
26,6864772,9151
26,7219128,9628
26,7596038,9668
26,7991444,9818
26,8344336,10109
26,8765434,10124
26,9179143,10246
26,9538268,10298
26,9930741,10298
26,10285344,10323
26,10680567,10287
26,11075440,10262
26,11435768,10189
26,11827720,10138
26,12240032,10070
26,12597895,10022
26,12992222,9961
26,13377169,9930
26,13763033,9899
26,14134918,9890
26,14539468,9882
26,14908124,9885
26,15260232,9892
26,15617724,9907
26,16009793,9918
26,16407039,9935
26,16761666,9949
26,17114363,9962
26,17471297,9973
26,17865027,9985
26,18218430,9991
26,18597565,9996
26,18989290,9997
26,19373804,9997
26,19762250,9997
26,20112978,9997
26,20494000,9993
26,20888017,9993
26,21239294,9989
26,21638128,9989
26,22010575,9987
26,22373024,9987
26,22761288,9987
26,23155532,9989
26,23511480,9990
26,23865179,9990
26,24217220,9991
26,24599468,9992
26,24992201,9993
26,25345540,9993
26,25762958,9993
26,26115340,9993
26,26472519,9993
26,26867338,9993
26,27239610,9993
26,27595599,9993
26,27969257,9993
26,28375777,9993
26,28783005,9993
26,29135249,9993
26,29490738,9994
26,29844380,9995
26,30219186,9995
26,30620146,9995
26,30992394,9995
26,31398659,9995
26,31808414,9995
26,32201870,9995
26,32619338,9995
26,33012796,9995
26,33398566,9996
26,33786601,9996
26,34159632,9996
26,34515011,9996
26,34908927,9996
27,724207,0
27,1090294,349
27,1482559,937
27,1835280,1389
27,2215994,2134
27,2609144,3194
27,3027524,4254
27,3440122,5604
27,3815606,6720
27,4193808,6956
27,4597091,7497
27,4972472,8261
27,5358334,8482
27,5732105,8733
27,6089274,9073
27,6481250,8985
27,6856168,9160
27,7213081,9644
27,7584874,9692
27,7938590,9832
27,8337235,10107
27,8709561,10128
27,9070668,10230
27,9461255,10312
27,9856137,10292
27,10233433,10322
27,10606640,10290
27,10969887,10262
27,11356654,10196
27,11709639,10146
27,12065526,10088
27,12463839,10023
27,12858642,9965
27,13256669,9930
27,13649080,9903
27,14033881,9887
27,14425361,9882
27,14835204,9885
27,15213607,9892
27,15609260,9908
27,15991349,9918
27,16379963,9941
27,16772762,9951
27,17149566,9968
27,17563871,9977
27,17969696,9989
27,18376558,9991
27,18731429,9996
27,19087494,9996
27,19458187,9997
27,19815134,9997
27,20214319,9996
27,20589697,9992
27,20995321,9991
27,21357114,9991
27,21708861,9988
27,22067063,9987
27,22459618,9988
27,22834288,9987
27,23190358,9987
27,23606616,9991
27,23977361,9991
27,24381536,9991
27,24774603,9992
27,25171529,9992
27,25567448,9992
27,25971319,9992
27,26381651,9993
27,26771712,9993
27,27129322,9992
27,27522472,9992
27,27897497,9993
27,28272600,9993
27,28673726,9993
27,29065217,9993
27,29460482,9993
27,29834301,9993
27,30234762,9994
27,30606546,9994
27,30971330,9995
27,31363217,9995
27,31733143,9994
27,32109281,9994
27,32504813,9995
27,32878389,9994
27,33233968,9994
27,33627677,9995
27,33990676,9995
27,34379642,9995
27,34754745,9995
27,35130426,9996
27,35526505,9996
27,35899115,9996
27,36295568,9997
27,36711831,9997
27,37109235,9997
27,37481493,9997
27,37834669,9997
27,38193158,9997
27,38584511,9997
27,38970257,9997
28,732005,9
28,1119945,432
28,1510486,1077
28,1920307,1614
28,2303708,2387
28,2676503,3456
28,3098414,4563
28,3491794,5805
28,3888998,6859
28,4267625,7062
28,4662184,7750
28,5055898,8416
28,5450241,8555
28,5855055,8904
28,6221836,9053
28,6615530,8991
28,7016125,9455
28,7391801,9696
28,7786258,9712
28,8157234,10042
28,8550801,10122
28,8927360,10183
28,9343706,10296
28,9696449,10285
28,10052026,10316
28,10447593,10296
28,10829517,10269
28,11218881,10216
28,11570509,10159
28,11946763,10111
28,12301128,10048
28,12695338,9994
28,13079229,9944
28,13481622,9922
28,13855179,9894
28,14241542,9890
28,14637566,9885
28,15017529,9895
28,15412419,9903
28,15800226,9918
28,16198471,9934
28,16593486,9950
28,16947977,9962
28,17342578,9975
28,17716985,9983
28,18072500,9992
28,18446817,9995
28,18799463,9997
28,19217208,9997
28,19572072,9998
28,19926837,9996
28,20321386,9995
28,20696073,9992
28,21053441,9991
28,21445810,9987
28,21833840,9987
28,22196886,9987
28,22550358,9987
28,22948598,9989
28,23342602,9989
28,23717403,9991
28,24076680,9992
28,24469984,9993
28,24855877,9994
28,25241180,9994
28,25647263,9993
28,26035093,9993
28,26428080,9993
28,26800468,9993
28,27198743,9993
28,27591339,9993
28,27969390,9993
28,28362284,9994
28,28736883,9994
28,29094046,9994
28,29487492,9995
28,29870936,9995
28,30261042,9995
28,30636606,9995
28,31038720,9996
28,31447201,9996
28,31800072,9996
28,32199206,9996
28,32570713,9996
28,32928749,9996
28,33303313,9996
28,33697541,9996
28,34052816,9996
28,34449295,9996
28,34852147,9996
28,35241521,9996
28,35674159,9998
28,36054975,9998
29,737035,8
29,1116992,350
29,1497971,1006
29,1909795,1531
29,2307832,2388
29,2707662,3453
29,3117976,4406
29,3496179,5805
29,3888746,6799
29,4242597,6977
29,4640332,7617
29,5013097,8318
29,5398117,8489
29,5786371,8839
29,6201169,9057
29,6563889,8949
29,6950341,9298
29,7309460,9675
29,7683293,9663
29,8081091,9953
29,8498455,10116
29,8890599,10140
29,9285998,10287
29,9684223,10278
29,10077482,10313
29,10494588,10295
29,10912154,10274
29,11321575,10224
29,11724654,10174
29,12137837,10115
29,12494768,10057
29,12890415,10003
29,13284958,9958
29,13683137,9925
29,14081691,9901
29,14495416,9890
29,14889464,9888
29,15241911,9893
29,15600536,9901
29,15994904,9913
29,16399096,9931
29,16788837,9944
29,17204325,9960
29,17611434,9971
29,17997375,9983
29,18397859,9988
29,18784851,9994
29,19143534,9995
29,19517265,9997
29,19911879,9997
29,20457437,9995
29,21016512,9994
29,21513036,9990
29,22033136,9988
29,22555999,9988
29,23100321,9989
29,23614138,9990
29,24036943,9991
29,24450604,9993
29,24851041,9992
29,25341549,9994
29,25860721,9995
29,26399417,9994
29,26880191,9995
29,27306570,9995
29,27807228,9994
29,28224188,9995
29,28729309,9995
29,29142027,9995
29,29633723,9994
29,30138446,9995
29,30677968,9995
29,31195977,9995
29,31697218,9996
29,32196034,9996
29,32700208,9997
29,33238560,9997
29,33896494,9997
29,34496089,9999
29,35022374,9998
29,35542519,9999
29,36052511,9999
29,36569562,9998
29,37045288,9998
30,759944,7
30,1141447,434
30,1546590,1079
30,1933711,1613
30,2348434,2523
30,2745980,3454
30,3139403,4552
30,3545373,5989
30,3931177,6854
30,4283228,7004
30,4640058,7610
30,5033683,8363
30,5428720,8485
30,5786337,8833
30,6179805,9058
30,6544889,8947
30,6931680,9296
30,7304226,9683
30,7660090,9667
30,8032385,9868
30,8387210,10117
30,8749810,10130
30,9139870,10254
30,9546162,10309
30,9910091,10303
30,10283604,10332
30,10639905,10292
30,11034042,10272
30,11407903,10205
30,11763587,10152
30,12158066,10087
30,12542871,10025
30,12931368,9973
30,13323916,9932
30,13704153,9904
30,14077462,9884
30,14496791,9880
30,14891792,9879
30,15283945,9886
30,15638393,9900
30,16012561,9912
30,16366327,9928
30,16743584,9947
30,17137764,9960
30,17490372,9973
30,17888061,9983
30,18273843,9989
30,18661510,9996
30,19033207,9998
30,19387607,9998
30,19745056,9996
30,20136500,9994
30,20520968,9994
30,20908436,9990
30,21282828,9988
30,21640567,9987
30,22035277,9986
30,22429739,9986
30,22783621,9986
30,23137162,9987
30,23492109,9988
30,23888618,9988
30,24260544,9991
30,24639934,9991
30,25031532,9991
30,25390432,9991
30,25785046,9991
30,26158354,9991
30,26547068,9991
30,26908660,9990
30,27260901,9991
30,27639712,9992
30,28032582,9991
30,28385685,9991
30,28764507,9992
30,29157451,9992
30,29541236,9993
30,29930876,9992
30,30322974,9993
30,30704017,9994
30,31102548,9993
30,31492581,9993
30,31888868,9994
30,32282784,9994
30,32639526,9994
30,33035614,9993
30,33428578,9994
30,33786455,9994
30,34179728,9994
30,34562755,9994
30,34951866,9995
30,35303527,9995
30,35660333,9994
30,36033913,9994
30,36386200,9994
30,36742075,9994
30,37116444,9995
30,37522868,9995
30,37936749,9996
30,38360797,9996
30,38746272,9995
31,733540,7
31,1141820,433
31,1535663,1081
31,1952479,1618
31,2346384,2524
31,2761959,3584
31,3205112,4710
31,3580585,6160
31,3974615,6864
31,4348971,7079
31,4761957,7951
31,5160481,8390
31,5552608,8545
31,5927982,8929
31,6284728,9037
31,6656928,8956
31,7021565,9461
31,7409853,9704
31,7782006,9698
31,8140412,10025
31,8533356,10145
31,8906146,10167
31,9266557,10317
31,9659613,10311
31,10062945,10332
31,10454202,10323
31,10850578,10293
31,11263366,10242
31,11656720,10182
31,12040248,10120
31,12428559,10056
31,12783334,10009
31,13158716,9948
31,13555413,9922
31,13949995,9887
31,14347496,9881
31,14740327,9874
31,15118299,9881
31,15489612,9888
31,15864289,9904
31,16243916,9916
31,16638543,9938
31,17064818,9953
31,17450486,9968
31,17866988,9982
31,18262940,9988
31,18636348,9994
31,18990128,9998
31,19388189,9998
31,19761313,9998
31,20119698,9997
31,20513473,9995
31,20888230,9992
31,21285612,9991
31,21659416,9987
31,22068662,9987
31,22470867,9986
31,22884472,9986
31,23259329,9986
31,23639775,9987
31,24045324,9989
31,24409977,9990
31,24783648,9991
31,25183773,9992
31,25573033,9992
31,25950428,9991
31,26354664,9990
31,26717439,9991
31,27092698,9991
31,27492497,9991
31,27906162,9992
31,28273289,9991
31,28656609,9992
31,29019267,9992
31,29388679,9992
31,29780871,9992
31,30158641,9992
31,30555414,9992
31,30949462,9993
31,31347299,9993
31,31741573,9994
31,32138459,9994
31,32511275,9994
31,32862645,9994
31,33243366,9994
31,33638072,9994
31,34061719,9994
31,34449333,9994
31,34802088,9994
31,35160279,9994
31,35555287,9994
31,35951809,9994
31,36350003,9994
31,36741461,9994
31,37138124,9995
32,717216,1
32,1074853,352
32,1492503,1014
32,1892575,1533
32,2305226,2384
32,2704203,3314
32,3096952,4389
32,3492659,5777
32,3893167,6837
32,4303116,7034
32,4703625,7846
32,5094817,8394
32,5469202,8506
32,5827359,8840
32,6220100,9074
32,6606917,8971
32,6995468,9386
32,7386496,9715
32,7769594,9701
32,8137132,10020
32,8531928,10146
32,8909568,10176
32,9301900,10312
32,9659946,10303
32,10035128,10322
32,10428827,10325
32,10806217,10285
32,11200502,10256
32,11603509,10182
32,11991887,10128
32,12385958,10060
32,12741279,10007
32,13141515,9947
32,13562853,9920
32,13949987,9889
32,14325143,9884
32,14701045,9876
32,15093700,9882
32,15447920,9887
32,15818681,9904
32,16179104,9914
32,16585480,9936
32,16948154,9948
32,17302616,9962
32,17658582,9974
32,18053273,9987
32,18431220,9988
32,18826573,9997
32,19199034,9998
32,19563967,9998
32,19952560,9997
32,20323921,9997
32,20685214,9994
32,21096284,9993
32,21491204,9988
32,21847631,9987
32,22222095,9987
32,22620181,9987
32,23011948,9986
32,23406919,9987
32,23805259,9987
32,24201245,9989
32,24606559,9989
32,24969758,9991
32,25343645,9991
32,25704981,9989
32,26097622,9990
32,26490079,9992
32,26868281,9988
32,27243593,9990
32,27642342,9992
32,28054118,9990
32,28449224,9990
32,28825667,9992
32,29219638,9992
32,29602093,9992
32,29991339,9991
32,30365727,9993
32,30720850,9993
32,31116412,9993
32,31468757,9993
32,31831400,9993
32,32201963,9993
32,32605662,9993
32,32996511,9993
32,33368565,9993
32,33756187,9993
32,34144985,9993
32,34510153,9994
32,34907876,9994
32,35302919,9994
32,35679132,9994
32,36094618,9994
32,36448512,9995
32,36803923,9996
32,37199216,9996
32,37582609,9996
32,37991664,9996
32,38390818,9996
32,38806079,9996
32,39201339,9996
32,39609036,9996
32,39993764,9996
32,40403989,9996
32,40808022,9996
32,41198427,9996
32,41564328,9995
33,752459,23
33,1137005,435
33,1511616,1014
33,1893248,1539
33,2280502,2261
33,2635351,3194
33,3011117,4119
33,3362463,5238
33,3716499,6491
33,4072526,6925
33,4445072,7274
33,4820968,8078
33,5223697,8448
33,5613106,8619
33,5994110,9014
33,6384960,9011
33,6737157,9028
33,7096450,9580
33,7487117,9678
33,7873285,9768
33,8281265,10065
33,8632874,10111
33,8996389,10193
33,9387252,10303
33,9782442,10281
33,10160909,10323
33,10531931,10303
33,10893559,10277
33,11301276,10231
33,11653486,10169
33,12012638,10114
33,12427531,10049
33,12783462,9995
33,13184510,9940
33,13590359,9917
33,13946298,9887
33,14321119,9882
33,14715069,9876
33,15091389,9882
33,15446846,9888
33,15851174,9907
33,16241898,9920
33,16613125,9939
33,16992550,9953
33,17387312,9969
33,17739392,9978
33,18095149,9988
33,18490375,9993
33,18875322,9998
33,19262193,9998
33,19633530,9997
33,19988761,9997
33,20341792,9995
33,20721296,9991
33,21116897,9989
33,21490452,9988
33,21855619,9985
33,22241700,9985
33,22621966,9984
33,23012720,9985
33,23385092,9986
33,23738228,9987
33,24093412,9990
33,24446526,9992
33,24820756,9992
33,25228738,9992
33,25634421,9992
33,25989327,9993
33,26341201,9991
33,26694440,9991
33,27075381,9991
33,27466078,9992
33,27819297,9992
33,28195728,9992
33,28590406,9992
33,28967850,9993
33,29319551,9993
33,29696766,9994
33,30093269,9995
33,30445612,9995
33,30820276,9994
33,31218303,9994
33,31569766,9995
33,31946942,9995
33,32345555,9995
33,32761008,9996
33,33117681,9996
33,33511394,9995
33,33872648,9994
33,34240384,9996
33,34590573,9996
33,34947645,9996
33,35322110,9996
33,35716249,9996
33,36115249,9998
33,36487521,9998
33,36849239,9997
33,37238092,9996
33,37612726,9996
33,37993697,9997
33,38387014,9997
33,38782157,9997
33,39148176,9998
33,39512910,9998
34,735519,6
34,1116122,351
34,1470285,1016
34,1895190,1465
34,2284983,2261
34,2663453,3323
34,3076536,4404
34,3470352,5799
34,3889193,6850
34,4285056,7002
34,4659070,7735
34,5053880,8363
34,5429009,8483
34,5784209,8772
34,6137528,9046
34,6503675,8958
34,6868290,9221
34,7281447,9686
34,7661638,9671
34,8037273,9925
34,8429444,10126
34,8805485,10136
34,9199143,10276
34,9554488,10307
34,9949317,10306
34,10329221,10327
34,10750427,10282
34,11140208,10257
34,11542991,10175
34,11932205,10126
34,12331079,10044
34,12745105,9995
34,13136257,9941
34,13522634,9914
34,13913476,9884
34,14282861,9879
34,14642178,9874
34,15035705,9879
34,15429991,9888
34,15806576,9904
34,16177956,9917
34,16540642,9937
34,16929708,9951
34,17302658,9965
34,17658707,9976
34,18053706,9986
34,18429416,9991
34,18786751,9995
34,19180734,9996
34,19573433,9996
34,19970034,9996
34,20366689,9993
34,20762795,9991
34,21137055,9989
34,21502528,9987
34,21867655,9986
34,22261479,9986
34,22642400,9986
34,23049279,9986
34,23453197,9987
34,23848040,9987
34,24243331,9988
34,24638697,9991
34,25034193,9991
34,25386239,9991
34,25744250,9991
34,26136671,9991
34,26525257,9991
34,26907280,9991
34,27281651,9991
34,27640368,9991
34,28032482,9992
34,28407515,9992
34,28765007,9992
34,29157447,9992
34,29540843,9992
34,29948967,9992
34,30302396,9994
34,30658665,9994
34,31053422,9994
34,31427867,9994
34,31793584,9993
34,32200109,9992
34,32566939,9993
34,32948680,9993
34,33322365,9993
34,33684251,9993
34,34079175,9994
34,34468666,9994
34,34851469,9994
34,35241032,9995
34,35617082,9995
34,35992425,9995
34,36386323,9995
34,36745090,9995
34,37139936,9995
34,37542582,9995
34,37933805,9995
34,38330276,9995
34,38744330,9996
34,39139847,9995
35,716159,25
35,1119405,436
35,1522542,1087
35,1912713,1624
35,2304923,2528
35,2720680,3590
35,3117064,4719
35,3520557,5995
35,3907320,6893
35,4283517,7049
35,4657962,7859
35,5074538,8401
35,5432425,8528
35,5831112,8931
35,6240427,9036
35,6598738,8970
35,7013263,9516
35,7433291,9682
35,7826661,9772
35,8220129,10075
35,8598009,10118
35,9012731,10221
35,9408142,10307
35,9783351,10281
35,10180377,10325
35,10583261,10287
35,10948265,10273
35,11306944,10225
35,11681715,10163
35,12073166,10111
35,12446788,10043
35,12845282,9989
35,13238908,9944
35,13618436,9914
35,14010696,9889
35,14384504,9885
35,14741975,9878
35,15135135,9885
35,15520595,9893
35,15909898,9909
35,16281330,9920
35,16639003,9942
35,17033820,9952
35,17419200,9968
35,17809133,9978
35,18199482,9986
35,18595577,9993
35,18990383,9996
35,19342366,9996
35,19720494,9996
35,20116073,9996
35,20523515,9993
35,20888696,9990
35,21282231,9990
35,21658579,9987
35,22053928,9986
35,22430802,9986
35,22827018,9986
35,23243234,9986
35,23660157,9987
35,24053719,9988
35,24427046,9990
35,24782995,9991
35,25136882,9991
35,25501289,9991
35,25888319,9992
35,26261770,9992
35,26617694,9992
35,27009976,9992
35,27386463,9992
35,27745485,9991
35,28139779,9991
35,28524718,9992
35,28909618,9992
35,29305403,9992
35,29685665,9992
35,30056457,9992
35,30454444,9992
35,30823889,9992
35,31188026,9993
35,31598875,9993
35,31992160,9993
35,32387081,9994
35,32764147,9994
35,33159238,9994
35,33557570,9994
35,33952832,9994
35,34341940,9995
35,34721623,9995
35,35114574,9995
35,35499163,9995
35,35889035,9995
35,36281697,9995
35,36660072,9995
35,37052871,9995
35,37406117,9996
35,37783595,9996
35,38177792,9996
35,38572713,9996
35,38952556,9996
35,39364338,9996
36,741980,9
36,1142914,435
36,1541471,1017
36,1937088,1545
36,2353799,2533
36,2789917,3596
36,3190601,4732
36,3601780,6192
36,3994227,6927
36,4392148,7125
36,4785170,7874
36,5162763,8436
36,5535158,8542
36,5890340,8885
36,6266586,9026
36,6641379,8939
36,7022380,9433
36,7411460,9672
36,7784267,9666
36,8150677,9991
36,8538617,10107
36,8911402,10130
36,9270369,10271
36,9661850,10278
36,10047924,10303
36,10455354,10300
36,10865659,10269
36,11265242,10234
36,11620153,10169
36,11994110,10120
36,12393744,10053
36,12785770,10005
36,13162324,9953
36,13514614,9930
36,13865004,9899
36,14266357,9891
36,14638975,9883
36,14989347,9887
36,15404458,9894
36,15761918,9907
36,16116876,9920
36,16491140,9934
36,16865165,9951
36,17264987,9965
36,17616328,9976
36,17990100,9987
36,18395322,9993
36,18784910,9996
36,19141859,9998
36,19515096,9998
36,19867433,9998
36,20249146,9996
36,20645093,9994
36,21050415,9993
36,21414568,9990
36,21814009,9987
36,22185990,9988
36,22579561,9988
36,22951215,9986
36,23307274,9989
36,23658526,9990
36,24026063,9990
36,24434966,9992
36,24826092,9992
36,25185667,9993
36,25582700,9994
36,25976825,9994
36,26370776,9994
36,26751697,9993
36,27144071,9993
36,27537328,9993
36,27909616,9992
36,28286897,9992
36,28639494,9993
36,28992650,9993
36,29388265,9993
36,29742111,9994
36,30121938,9995
36,30513771,9994
36,30866663,9994
36,31250251,9994
36,31642005,9995
36,32023137,9996
36,32415321,9995
36,32808020,9995
36,33186004,9995
36,33600044,9995
36,33975007,9995
36,34370281,9995
36,34762785,9996
36,35124098,9996
36,35497459,9996
36,35891819,9996
36,36268792,9996
36,36662943,9996
37,736589,7
37,1138440,438
37,1556392,1087
37,1957419,1624
37,2371697,2531
37,2767954,3589
37,3180877,4723
37,3577157,5997
37,3951126,6893
37,4349134,7114
37,4743459,7863
37,5118919,8426
37,5536569,8574
37,5937099,8937
37,6303067,9039
37,6665832,8978
37,7056362,9513
37,7474209,9672
37,7870368,9725
37,8262784,10061
37,8647806,10104
37,9036341,10186
37,9410747,10292
37,9789402,10264
37,10183523,10312
37,10608908,10276
37,10993159,10263
37,11366742,10218
37,11723218,10158
37,12116607,10110
37,12490671,10048
37,12850066,9999
37,13241292,9952
37,13626928,9924
37,14036614,9893
37,14427169,9892
37,14801790,9882
37,15204554,9890
37,15607687,9897
37,15973098,9912
37,16388142,9923
37,16743541,9943
37,17159563,9953
37,17513799,9971
37,17910553,9979
37,18304357,9988
37,18701713,9994
37,19095732,9997
37,19469327,9997
37,19850844,9998
37,20221544,9997
37,20628817,9995
37,20991566,9992
37,21368104,9991
37,21762018,9987
37,22115706,9987
37,22468760,9987
37,22846769,9987
37,23241820,9987
37,23605210,9990
37,24016873,9990
37,24410624,9991
37,24791202,9992
37,25184457,9992
37,25607737,9993
37,26006214,9993
37,26370472,9993
37,26766150,9993
37,27159483,9993
37,27555050,9993
37,27949587,9993
37,28326670,9993
37,28724624,9994
37,29118006,9994
37,29492773,9994
37,29890285,9994
37,30263864,9995
37,30674156,9995
37,31035181,9994
37,31429048,9994
37,31790117,9995
37,32162571,9994
37,32557039,9993
37,32929882,9995
37,33323003,9995
37,33700731,9993
37,34094261,9994
37,34448143,9995
37,34833090,9995
37,35223889,9995
37,35648817,9996
37,36036389,9996
37,36413735,9996
37,36811288,9996
37,37221334,9996
37,37627536,9996
37,38015129,9996
37,38385464,9996
37,38766221,9996
37,39160697,9997
37,39550177,9997
38,738813,25
38,1141252,437
38,1526303,1091
38,1894302,1553
38,2275859,2404
38,2662939,3466
38,3059346,4422
38,3437330,5817
38,3830514,6811
38,4209085,7021
38,4614662,7627
38,5006846,8376
38,5398653,8517
38,5787869,8887
38,6207546,9033
38,6629465,8968
38,7019483,9497
38,7420374,9661
38,7788376,9707
38,8183500,10013
38,8560843,10090
38,8954816,10152
38,9353513,10281
38,9745970,10257
38,10161184,10306
38,10544285,10279
38,10932678,10262
38,11318442,10217
38,11706884,10161
38,12084229,10116
38,12455989,10045
38,12850436,9997
38,13279576,9951
38,13664491,9924
38,14035758,9900
38,14394189,9894
38,14785806,9885
38,15159844,9894
38,15518147,9900
38,15931849,9917
38,16295898,9927
38,16684223,9947
38,17056141,9953
38,17416357,9971
38,17832881,9979
38,18230242,9989
38,18602322,9992
38,18996287,9998
38,19393227,9996
38,19766553,9996
38,20161344,9996
38,20539119,9994
38,20931334,9991
38,21316830,9992
38,21704256,9987
38,22056042,9987
38,22437625,9987
38,22831061,9987
38,23202748,9987
38,23558465,9988
38,23953985,9991
38,24342601,9991
38,24724707,9992
38,25140373,9992
38,25516575,9994
38,25923444,9993
38,26316607,9993
38,26682974,9993
38,27035873,9993
38,27391487,9993
38,27744403,9993
38,28119813,9993
38,28522458,9993
38,28893342,9993
38,29299071,9993
38,29664174,9993
38,30059277,9994
38,30457495,9994
38,30850665,9994
38,31244714,9994
38,31641049,9994
38,31996121,9994
38,32373182,9994
38,32767457,9994
38,33141222,9995
38,33540253,9995
38,33954842,9995
38,34318555,9995
38,34716505,9995
38,35077415,9995
38,35435497,9995
38,35849302,9995
38,36200686,9995
38,36559661,9995
38,36974082,9995
38,37331602,9996
38,37727695,9996
38,38140035,9997
38,38516732,9996
38,38910885,9996
38,39275759,9996
38,39668455,9996
38,40039254,9996
38,40435891,9996
38,40809432,9996
38,41201831,9997
38,41581546,9997
38,41972577,9998
38,42333035,9998
39,713324,24
39,1141091,520
39,1536598,1151
39,1980305,1715
39,2368151,2660
39,2761271,3592
39,3119284,4569
39,3512962,5995
39,3897831,6896
39,4283203,7059
39,4660303,7867
39,5060120,8432
39,5469020,8541
39,5854087,8937
39,6243847,9034
39,6654379,8973
39,7015323,9508
39,7428297,9663
39,7821629,9761
39,8244471,10081
39,8635572,10101
39,9033672,10210
39,9412686,10293
39,9779532,10267
39,10140347,10315
39,10532788,10282
39,10912547,10267
39,11305224,10209
39,11720054,10154
39,12118569,10101
39,12492453,10036
39,12897116,9992
39,13288810,9944
39,13661077,9920
39,14037740,9893
39,14432309,9888
39,14856038,9884
39,15239833,9894
39,15627827,9902
39,16017022,9919
39,16386252,9931
39,16781786,9950
39,17136667,9959
39,17531713,9975
39,17908829,9982
39,18287050,9991
39,18682177,9996
39,19095514,9997
39,19511562,9997
39,19909376,9998
39,20286183,9996
39,20682297,9993
39,21099394,9993
39,21493593,9989
39,21878288,9986
39,22262615,9986
39,22636825,9987
39,23033813,9986
39,23425682,9987
39,23801108,9989
39,24221727,9990
39,24616762,9991
39,24993970,9994
39,25386656,9994
39,25759546,9993
39,26121980,9993
39,26513000,9993
39,26896187,9993
39,27284042,9992
39,27674926,9992
39,28088540,9992
39,28495844,9992
39,28927608,9992
39,29328136,9992
39,29717226,9992
39,30093939,9993
39,30464727,9993
39,30814226,9994
39,31191948,9994
39,31579000,9994
39,31936402,9994
39,32306704,9994
39,32641239,9994
39,33006744,9994
39,33345222,9994
39,33717560,9994
39,34073619,9994
39,34424639,9994
39,34787358,9994
39,35120404,9994
39,35451923,9996
39,35805307,9996
39,36142147,9996
39,36493876,9996
39,36858752,9996
39,37201280,9996
39,37554865,9996
39,37914651,9996
39,38267519,9996
39,38638427,9996
39,38993543,9996
39,39357321,9997
39,39706422,9997
39,40081712,9997
39,40434569,9997
39,40816291,9997
40,715008,25
40,1116010,436
40,1512304,1085
40,1910834,1623
40,2304096,2528
40,2705836,3463
40,3072632,4572
40,3487247,5818
40,3864566,6872
40,4240289,7077
40,4645890,7762
40,5031008,8427
40,5424627,8526
40,5805466,8892
40,6200375,9034
40,6591311,8967
40,7011431,9502
40,7404564,9667
40,7782047,9713
40,8176972,10020
40,8529976,10094
40,8920356,10154
40,9300481,10279
40,9662075,10261
40,10029261,10292
40,10382557,10296
40,10741389,10263
40,11113743,10239
40,11507307,10169
40,11884735,10135
40,12240180,10061
40,12645687,10012
40,13034164,9961
40,13404956,9936
40,13763100,9907
40,14133771,9893
40,14507354,9889
40,14888205,9886
40,15259193,9895
40,15624155,9907
40,16010477,9920
40,16405512,9937
40,16783056,9951
40,17153311,9962
40,17508174,9977
40,17865361,9983
40,18258589,9991
40,18643536,9995
40,19029457,9997
40,19404333,9997
40,19760226,9996
40,20154532,9995
40,20507474,9991
40,20895046,9989
40,21281865,9988
40,21670044,9987
40,22055048,9986
40,22432149,9985
40,22829767,9986
40,23239010,9986
40,23593742,9988
40,23968168,9990
40,24364331,9991
40,24761648,9991
40,25135727,9992
40,25532208,9992
40,25909325,9992
40,26302047,9991
40,26666104,9992
40,27054632,9992
40,27424579,9992
40,27802767,9992
40,28194956,9992
40,28548362,9993
40,28906611,9993
40,29299404,9993
40,29676283,9993
40,30051686,9993
40,30403232,9993
40,30759455,9993
40,31112795,9994
40,31465601,9994
40,31844575,9995
40,32236769,9995
40,32626474,9995
40,33011019,9995
40,33404410,9995
40,33782692,9995
40,34175746,9995
40,34549057,9996
40,34910176,9996
40,35304630,9996
40,35699004,9996
40,36095220,9996
40,36489641,9996
40,36865921,9997
40,37260847,9997
40,37621584,9997
40,38010913,9998
40,38416610,9998
40,38810930,9997
40,39218735,9997
40,39627777,9997
41,744061,8
41,1111797,433
41,1510350,1086
41,1919920,1628
41,2339905,2529
41,2731558,3593
41,3128101,4573
41,3502408,6001
41,3916073,6862
41,4274265,7070
41,4667597,7752
41,5058482,8411
41,5508064,8577
41,5919547,8973
41,6299702,9006
41,6672426,8963
41,7061748,9501
41,7460985,9656
41,7854035,9718
41,8230313,10026
41,8584498,10100
41,8991378,10188
41,9377914,10293
41,9772783,10268
41,10170885,10319
41,10569035,10276
41,10992157,10260
41,11376359,10200
41,11750223,10149
41,12105357,10086
41,12500634,10030
41,12874470,9988
41,13251922,9937
41,13625941,9916
41,14010289,9889
41,14399773,9888
41,14771655,9881
41,15126547,9893
41,15521468,9897
41,15876048,9914
41,16252026,9928
41,16668061,9947
41,17030235,9958
41,17416140,9974
41,17770548,9981
41,18154328,9991
41,18564446,9993
41,18921493,9999
41,19317419,9999
41,19727840,9999
41,20086115,9995
41,20478577,9996
41,20852589,9992
41,21235800,9991
41,21628288,9989
41,22035798,9988
41,22398213,9987
41,22793446,9987
41,23170242,9987
41,23579648,9990
41,23937538,9991
41,24334253,9991
41,24710707,9991
41,25107649,9994
41,25503133,9992
41,25878942,9992
41,26275807,9994
41,26668694,9994
41,27064824,9994
41,27458890,9994
41,27832173,9994
41,28230990,9994
41,28646461,9994
41,29009699,9994
41,29398140,9993
41,29781202,9993
41,30170543,9993
41,30565291,9994
41,30957163,9995
41,31354420,9995
41,31709263,9995
41,32109402,9995
41,32483089,9995
41,32876379,9995
41,33254065,9995
41,33670380,9995
41,34071111,9995
41,34480922,9995
41,34877600,9995
41,35274652,9996
41,35667028,9996
41,36033785,9996
42,724002,9
42,1130847,432
42,1523531,1015
42,1876477,1472
42,2253445,2269
42,2648644,3196
42,3039526,4269
42,3419890,5619
42,3813433,6725
42,4191909,6983
42,4586324,7502
42,4968235,8320
42,5377328,8468
42,5731676,8719
42,6091638,9047
42,6483635,8956
42,6858441,9223
42,7256390,9662
42,7650627,9661
42,8031175,9917
42,8418653,10115
42,8793844,10110
42,9173050,10257
42,9563614,10288
42,9938415,10287
42,10336622,10310
42,10731100,10265
42,11089392,10254
42,11461820,10172
42,11856535,10135
42,12255102,10061
42,12651976,10011
42,13047358,9954
42,13461358,9928
42,13813577,9901
42,14191224,9888
42,14585437,9886
42,14968196,9887
42,15356180,9896
42,15709124,9906
42,16065620,9923
42,16481270,9937
42,16844746,9954
42,17259031,9969
42,17650400,9980
42,18029897,9989
42,18425552,9995
42,18837317,9997
42,19236175,9999
42,19607779,9999
42,20011374,9997
42,20404003,9996
42,20771825,9994
42,21151618,9992
42,21551278,9988
42,21972892,9986
42,22358485,9986
42,22750874,9986
42,23130509,9987
42,23524260,9990
42,23917108,9989
42,24315469,9992
42,24730815,9992
42,25086022,9993
42,25481692,9993
42,25846973,9993
42,26212393,9994
42,26606852,9993
42,26968238,9992
42,27355612,9993
42,27730604,9992
42,28109535,9993
42,28502466,9992
42,28855665,9993
42,29210094,9993
42,29584318,9993
42,29969838,9994
42,30359151,9994
42,30751075,9994
42,31107775,9994
42,31480112,9994
42,31834426,9994
42,32192827,9994
42,32565994,9993
42,32972176,9994
42,33358386,9995
42,33754351,9995
42,34153106,9995
42,34550292,9995
42,34971030,9995
42,35377292,9995
42,35731019,9995
42,36087176,9995
42,36481358,9995
42,36866944,9995
42,37258527,9995
42,37648568,9995
42,38024441,9995
42,38401902,9995
43,735603,8
43,1117393,351
43,1514713,1012
43,1890073,1537
43,2305692,2264
43,2687059,3324
43,3077716,4405
43,3475778,5611
43,3869850,6792
43,4264546,6969
43,4620144,7616
43,5013571,8315
43,5378752,8462
43,5743283,8717
43,6095571,9045
43,6494296,8956
43,6867335,9144
43,7220578,9656
43,7623181,9657
43,7992980,9817
43,8345146,10114
43,8744014,10116
43,9116089,10230
43,9473716,10310
43,9869616,10288
43,10262935,10332
43,10643966,10289
43,11013676,10275
43,11378013,10211
43,11766442,10156
43,12158820,10095
43,12535668,10032
43,12910873,9982
43,13304927,9936
43,13681343,9909
43,14080126,9882
43,14473211,9882
43,14870280,9877
43,15264690,9887
43,15662861,9898
43,16057222,9913
43,16438177,9931
43,16846288,9949
43,17242980,9960
43,17619005,9977
43,18014179,9984
43,18377341,9992
43,18763609,9995
43,19138340,9999
43,19493794,9998
43,19868017,9997
43,20221344,9997
43,20597929,9994
43,20992085,9990
43,21379196,9989
43,21766750,9987
43,22159917,9986
43,22549352,9986
43,22932931,9986
43,23332628,9988
43,23701596,9988
43,24118896,9988
43,24516395,9990
43,24888484,9990
43,25261842,9991
43,25642642,9991
43,26025017,9992
43,26425284,9992
43,26784010,9992
43,27137105,9992
43,27497886,9992
43,27888112,9991
43,28262313,9991
43,28640347,9991
43,29012721,9992
43,29399612,9993
43,29788692,9993
43,30158803,9993
43,30513784,9993
43,30866760,9994
43,31219145,9994
43,31598784,9994
43,31994162,9994
43,32420475,9995
43,32811918,9994
43,33178228,9994
43,33534899,9994
43,33929632,9995
43,34302442,9995
43,34679598,9995
43,35055274,9995
43,35454591,9995
43,35848075,9995
43,36242665,9996
43,36596141,9996
43,36970648,9996
43,37375597,9996
43,37762684,9996
43,38137030,9996
43,38491576,9996
43,38868526,9996
43,39221331,9997
44,713243,0
44,1097599,350
44,1496338,1014
44,1888870,1463
44,2251961,2258
44,2640261,3187
44,3013698,4112
44,3368945,5229
44,3743808,6482
44,4097080,6912
44,4452017,7175
44,4804871,7970
44,5178646,8423
44,5581801,8604
44,5975159,8974
44,6352169,8990
44,6746464,9020
44,7118575,9523
44,7496749,9677
44,7870574,9742
44,8254341,10087
44,8640046,10127
44,9014333,10191
44,9369369,10324
44,9773879,10292
44,10161157,10337
44,10557565,10305
44,10951586,10282
44,11310120,10240
44,11701783,10163
44,12075295,10119
44,12431405,10045
44,12805933,9998
44,13214195,9944
44,13578748,9916
44,13972944,9886
44,14327601,9879
44,14721900,9873
44,15097056,9880
44,15452249,9888
44,15825579,9901
44,16181222,9918
44,16642897,9942
44,17050972,9953
44,17486609,9974
44,17907603,9981
44,18337197,9995
44,18722968,9994
44,19086461,9999
44,19446974,9997
44,19796587,9999
44,20165964,9995
44,20571022,9994
44,20948558,9991
44,21266943,9990
44,21594622,9988
44,21928447,9986
44,22224935,9986
44,22527991,9986
44,22840069,9986
44,23152154,9987
44,23466154,9988
44,23755528,9990
44,24069616,9989
44,24380880,9990
44,24674775,9991
44,24990120,9991
44,25287333,9992
44,25619832,9991
44,25903506,9991
44,26231786,9992
44,26557903,9993
44,26908723,9992
44,27269393,9992
44,27617231,9993
44,27963373,9993
44,28276026,9993
44,28589311,9993
44,28898209,9993
44,29240412,9993
44,29590296,9993
44,29919963,9993
44,30264011,9993
44,30591628,9993
44,30904431,9993
44,31223211,9994
44,31703413,9995
44,32030793,9995
44,32337665,9995
44,32667794,9995
44,32988520,9995
44,33337474,9995
44,33649956,9995
44,33965824,9995
44,34276548,9994
44,34588057,9994
44,34924278,9994
44,35301514,9994
44,35654786,9995
44,36012298,9995
44,36388852,9995
44,36741172,9995
44,37100496,9995
44,37456185,9996
44,37807488,9996
44,38161277,9996
44,38501054,9996
44,38850395,9996
44,39214141,9996
44,39562036,9996
44,39913413,9995
44,40277488,9995
44,40625499,9995
44,40994532,9995
45,799860,8
45,1196335,432
45,1588730,1075
45,2015375,1606
45,2402017,2511
45,2820683,3568
45,3231720,4542
45,3605199,5977
45,3983979,6837
45,4377765,7044
45,4757253,7871
45,5153002,8404
45,5541153,8536
45,5943119,8954
45,6334666,9049
45,6722594,8992
45,7110716,9538
45,7503970,9700
45,7880136,9721
45,8232833,10025
45,8606488,10136
45,8960846,10153
45,9312265,10299
45,9664256,10295
45,10084427,10311
45,10436936,10328
45,10816466,10277
45,11167857,10256
45,11561149,10180
45,11917995,10137
45,12291760,10063
45,12723004,10009
45,13120870,9950
45,13506312,9922
45,13899763,9892
45,14274137,9881
45,14631882,9881
45,15005362,9881
45,15404234,9892
45,15813032,9905
45,16168943,9921
45,16545833,9937
45,16940842,9955
45,17313559,9965
45,17669476,9981
45,18062808,9986
45,18437440,9996
45,18797350,9996
45,19188815,10001
45,19563463,9998
45,19921272,9998
45,20313558,9996
45,20666528,9995
45,21045526,9990
45,21435482,9991
45,21813499,9986
45,22164742,9986
45,22539939,9987
45,22918047,9988
45,23290210,9988
45,23664499,9991
45,24048162,9991
45,24420744,9991
45,24798772,9992
45,25191351,9993
45,25590166,9993
45,25965991,9993
45,26357474,9993
45,26724505,9993
45,27090264,9993
45,27483930,9993
45,27860553,9994
45,28255886,9994
45,28652540,9993
45,29025607,9993
45,29419136,9994
45,29797012,9994
45,30214172,9994
45,30606806,9995
45,30964321,9995
45,31337976,9995
45,31741478,9995
45,32143850,9995
45,32550916,9995
45,32947139,9995
45,33330852,9995
45,33717025,9995
45,34101714,9995
45,34493476,9995
45,34849411,9995
45,35221183,9995
45,35592036,9995
45,35925525,9996
45,36279130,9997
45,36649955,9997
45,36985986,9997
45,37346797,9997
45,37725698,9997
45,38089954,9997
45,38427446,9997
45,38784950,9997
45,39156717,9997
45,39516789,9997
45,39877637,9998
45,40220147,9998
45,40600807,9998
45,40979028,9998
46,777737,7
46,1156958,433
46,1576939,1078
46,1970060,1537
46,2349556,2389
46,2752907,3447
46,3147026,4404
46,3528613,5801
46,3930081,6844
46,4335893,7051
46,4746681,7867
46,5156817,8396
46,5510181,8496
46,5864959,8830
46,6240211,9041
46,6588340,8928
46,6970792,9296
46,7335505,9669
46,7705975,9645
46,8037029,9812
46,8381082,10094
46,8721451,10107
46,9073409,10201
46,9438934,10312
46,9781436,10280
46,10142098,10316
46,10471548,10321
46,10826395,10279
46,11174335,10269
46,11538389,10194
46,11899465,10153
46,12259770,10095
46,12592736,10035
46,12943443,10000
46,13285482,9946
46,13620515,9928
46,13946480,9895
46,14303503,9885
46,14649431,9882
46,14965928,9877
46,15296460,9886
46,15611132,9892
46,15980704,9906
46,16295320,9919
46,16631483,9934
46,16957949,9950
46,17296362,9958
46,17609830,9974
46,17960175,9980
46,18282505,9991
46,18637298,9992
46,19003500,9998
46,19336532,9999
46,19647973,9997
46,19959683,9997
46,20273713,9996
46,20584851,9996
46,20896194,9991
46,21320791,9990
46,21710494,9988
46,22079207,9988
46,22426307,9986
46,22788697,9986
46,23131790,9987
46,23458692,9987
46,23792845,9987
46,24110003,9989
46,24464377,9990
46,24802517,9991
46,25145966,9992
46,25489745,9992
46,25842287,9993
46,26149841,9993
46,26453979,9993
46,26786892,9992
46,27125756,9992
46,27484427,9992
46,27858437,9992
46,28227354,9992
46,28569839,9992
46,28921751,9992
46,29306549,9992
46,29663168,9992
46,30015856,9993
46,30366996,9995
46,30711470,9995
46,31027439,9994
46,31396601,9994
46,31750312,9995
46,32093168,9995
46,32441297,9995
46,32794153,9994
46,33116714,9994
46,33445862,9994
46,33810460,9994
46,34153032,9994
46,34511912,9994
46,34856208,9994
46,35168657,9995
46,35492437,9994
46,35843827,9994
46,36208709,9996
46,36545702,9995
46,36859958,9995
46,37231332,9995
46,37568734,9995
46,37904479,9995
46,38262234,9995
46,38610464,9995
46,38926585,9995
46,39278595,9995
46,39646317,9995
46,39990165,9995
46,40341370,9995
46,40696084,9995
46,41041746,9995
46,41360050,9995
47,711294,8
47,1099119,433
47,1493474,1013
47,1874910,1537
47,2281744,2257
47,2654141,3315
47,3037114,4403
47,3446558,5607
47,3835831,6794
47,4219837,6979
47,4571542,7509
47,4948827,8266
47,5299584,8465
47,5696047,8730
47,6077973,9056
47,6471331,8963
47,6876935,9230
47,7264475,9691
47,7653823,9667
47,8013916,9925
47,8410558,10126
47,8830169,10128
47,9199726,10286
47,9591294,10290
47,9947479,10293
47,10300859,10321
47,10673748,10269
47,11050398,10249
47,11446902,10175
47,11799243,10124
47,12197369,10060
47,12550121,10007
47,12926047,9965
47,13301538,9920
47,13694943,9901
47,14051187,9880
47,14425562,9880
47,14832010,9877
47,15222783,9890
47,15595753,9899
47,15994301,9917
47,16367663,9933
47,16762871,9953
47,17163280,9962
47,17557884,9978
47,17951275,9984
47,18345983,9992
47,18721621,9994
47,19119028,9997
47,19491926,9996
47,19890870,9995
47,20287606,9993
47,20676683,9991
47,21056398,9987
47,21471152,9987
47,21877065,9984
47,22243002,9985
47,22638034,9985
47,23017656,9985
47,23427632,9987
47,23848899,9988
47,24242992,9990
47,24657030,9990
47,25012784,9990
47,25410158,9992
47,25839058,9991
47,26204220,9991
47,26595983,9992
47,27015227,9991
47,27408514,9991
47,27835703,9991
47,28220505,9991
47,28594441,9992
47,28949063,9993
47,29346712,9993
47,29722004,9993
47,30118583,9993
47,30492353,9993
47,30898727,9993
47,31262526,9993
47,31662426,9993
47,32076956,9993
47,32471699,9993
47,32877912,9994
47,33263148,9994
47,33655527,9994
47,34017831,9994
47,34392861,9995
47,34780587,9995
47,35198984,9994
47,35593988,9994
47,35969406,9994
47,36365427,9994
47,36759975,9995
47,37144204,9995
47,37534778,9995
47,37930440,9996
48,739524,8
48,1140854,435
48,1534202,1015
48,1928995,1540
48,2326109,2392
48,2721316,3454
48,3130706,4408
48,3496264,5811
48,3890939,6857
48,4307289,7060
48,4701707,7756
48,5105005,8404
48,5492074,8534
48,5870527,8893
48,6248911,9048
48,6617340,8956
48,7015774,9388
48,7390585,9700
48,7782939,9688
48,8158942,10016
48,8554166,10127
48,8907089,10141
48,9283414,10293
48,9677915,10281
48,10031946,10306
48,10442478,10301
48,10805550,10258
48,11200998,10227
48,11594885,10147
48,12108269,10068
48,12626617,10000
48,13093789,9944
48,13506507,9916
48,13931076,9887
48,14330266,9887
48,14719602,9883
48,15122342,9893
48,15514418,9902
48,15904241,9921
48,16403773,9936
48,16826009,9956
48,17232195,9969
48,17620343,9980
48,18016186,9987
48,18396914,9995
48,18786114,9995
48,19163099,9998
48,19555960,9997
48,19929673,9996
48,20328468,9995
48,20719338,9991
48,21105357,9990
48,21494485,9990
48,21868343,9986
48,22271188,9987
48,22638442,9990
48,23029112,9987
48,23410375,9987
48,23804605,9991
48,24199985,9990
48,24591554,9990
48,24946553,9990
48,25302979,9992
48,25654005,9992
48,26029668,9992
48,26411411,9992
48,26804630,9993
48,27201686,9992
48,27595843,9992
48,27949017,9992
48,28305341,9992
48,28696262,9992
48,29081274,9992
48,29449408,9993
48,29803299,9994
48,30159543,9994
48,30571760,9993
48,30925824,9993
48,31284225,9993
48,31699302,9993
48,32058866,9993
48,32464471,9994
48,32823161,9994
48,33180253,9994
48,33593386,9993
48,33945923,9995
48,34304227,9995
48,34656215,9994
48,35029628,9995
48,35437117,9995
48,35843130,9994
48,36199374,9994
48,36550240,9995
48,36925613,9995
48,37290243,9995
48,37683059,9996
48,38084384,9996
48,38474375,9996
48,38844905,9996
48,39222389,9996
48,39617585,9996
48,39986450,9996
48,40345907,9995
48,40738770,9996
48,41118493,9996
48,41518605,9996
48,41927809,9996
49,742462,25
49,1176271,518
49,1564165,1143
49,1994995,1700
49,2378825,2649
49,2792574,3704
49,3190420,4868
49,3583786,6158
49,3974246,6871
49,4357439,7096
49,4728866,7857
49,5086347,8408
49,5480594,8521
49,5875743,8942
49,6251485,9040
49,6630551,8989
49,7042565,9542
49,7437940,9705
49,7791569,9723
49,8173766,10071
49,8587082,10139
49,8994165,10223
49,9377703,10329
49,9756767,10294
49,10153470,10337
49,10565179,10284
49,10970824,10262
49,11334544,10199
49,11688244,10136
49,12064105,10075
49,12457891,10009
49,12811626,9969
49,13193500,9916
49,13587763,9892
49,14004374,9869
49,14402003,9871
49,14814588,9869
49,15213479,9883
49,15584841,9895
49,15990827,9914
49,16376461,9929
49,16750132,9949
49,17108029,9959
49,17480779,9976
49,17875247,9982
49,18262102,9992
49,18652890,9993
49,19065344,9997
49,19458006,9995
49,19832295,9995
49,20190159,9993
49,20584208,9990
49,20968412,9987
49,21413177,9987
49,21806669,9983
49,22202163,9983
49,22592546,9983
49,23017912,9984
49,23425936,9984
49,23807296,9986
49,24187977,9987
49,24582718,9988
49,24966143,9990
49,25391521,9989
49,25793328,9989
49,26184987,9990
49,26581549,9991
49,26945475,9989
49,27295673,9990
49,27648234,9991
49,28056074,9991
49,28425995,9991
49,28767270,9991
49,29129931,9992
49,29474027,9992
49,29787949,9991
49,30142686,9991
49,30502336,9993
49,30834220,9992
49,31187394,9992
49,31540930,9992
49,31893447,9993
49,32255423,9993
49,32605042,9992
49,32970671,9992
49,33339746,9993
49,33692325,9993
49,34045523,9993
49,34397701,9994
49,34757823,9994
49,35113468,9994
49,35481829,9994
49,35837521,9995
49,36191280,9995
49,36545143,9995
49,36921385,9995
49,37288107,9995
49,37653307,9995
49,38052705,9995
49,38405436,9995
49,38779310,9995
49,39174906,9995
49,39527412,9995
50,725268,8
50,1131548,433
50,1526999,1079
50,1942071,1614
50,2337560,2517
50,2777734,3576
50,3176720,4710
50,3571397,6158
50,3960641,6868
50,4337446,7098
50,4732176,7862
50,5112927,8415
50,5505237,8529
50,5881928,8949
50,6277569,9046
50,6650686,8992
50,7048706,9536
50,7445648,9693
50,7837049,9740
50,8232995,10081
50,8630549,10122
50,9035296,10204
50,9423185,10309
50,9815710,10278
50,10191387,10324
50,10586640,10281
50,10991176,10268
50,11382219,10207
50,11773135,10154
50,12130014,10095
50,12523479,10034
50,12876473,9992
50,13233821,9942
50,13628739,9916
50,14035009,9886
50,14424889,9883
50,14819552,9877
50,15213060,9886
50,15585828,9895
50,15959494,9914
50,16362673,9924
50,16733856,9946
50,17130020,9956
50,17522765,9972
50,17896803,9978
50,18257894,9989
50,18629239,9992
50,19040960,9997
50,19408079,9996
50,19797037,9996
50,20236686,9995
50,20629170,9991
50,21050100,9990
50,21443816,9988
50,21835179,9985
50,22214902,9985
50,22607224,9985
50,22959447,9986
50,23367435,9986
50,23731776,9986
50,24090090,9990
50,24463112,9990
50,24857746,9990
50,25235293,9991
50,25628945,9991
50,26035669,9991
50,26401558,9991
50,26795215,9991
50,27185399,9991
50,27550509,9991
50,27942502,9991
50,28338556,9992
50,28734755,9992
50,29130489,9991
50,29525826,9993
50,29941320,9993
50,30335137,9994
50,30710974,9994
50,31111413,9994
50,31482279,9994
50,31836125,9994
50,32236532,9995
50,32628204,9995
50,33014619,9995
50,33423228,9995
50,33818732,9995
50,34233764,9995
50,34627498,9994
50,35012268,9994
50,35399173,9996
50,35772929,9997
50,36132284,9995
50,36523426,9995
50,36898747,9996
50,37260249,9996
50,37650912,9996
50,38049095,9996
50,38425699,9996
50,38795896,9996
50,39194736,9996
50,39609003,9996
50,40015870,9996
50,40402869,9997
51,671620,1
51,1033014,271
51,1386084,858
51,1740375,1321
51,2096600,1894
51,2449556,2779
51,2802701,3700
51,3178085,4704
51,3531007,5975
51,3890083,6833
51,4276311,6990
51,4616964,7618
51,4976799,8321
51,5343850,8470
51,5681177,8733
51,6037172,9053
51,6410403,8971
51,6807620,9164
51,7182932,9676
51,7555379,9670
51,7936552,9824
51,8293491,10105
51,8666254,10118
51,9065135,10228
51,9415554,10312
51,9799151,10282
51,10196153,10332
51,10590337,10285
51,10998618,10272
51,11368449,10212
51,11758154,10150
51,12160255,10087
51,12548811,10021
51,12954492,9976
51,13319786,9931
51,13735683,9900
51,14133812,9880
51,14510720,9881
51,14905909,9875
51,15280728,9887
51,15671750,9897
51,16050447,9914
51,16445183,9930
51,16858868,9948
51,17217520,9961
51,17610282,9974
51,17973203,9982
51,18361708,9990
51,18734701,9992
51,19111133,9996
51,19506397,9995
51,19884099,9995
51,20286698,9992
51,20655918,9992
51,21051175,9988
51,21446588,9988
51,21819842,9985
51,22217848,9985
51,22610551,9985
51,22994620,9985
51,23382653,9985
51,23760027,9987
51,24139745,9989
51,24525221,9989
51,24900386,9990
51,25274616,9990
51,25674381,9990
51,26069732,9990
51,26485335,9992
51,26839269,9992
51,27194211,9991
51,27609122,9991
51,28010243,9991
51,28406307,9993
51,28803311,9993
51,29197110,9992
51,29609884,9994
51,29978110,9993
51,30362380,9992
51,30738984,9994
51,31167664,9994
51,31546598,9993
51,31920988,9993
51,32322411,9995
51,32735847,9993
51,33133511,9993
51,33530634,9995
51,33923069,9995
51,34300068,9995
51,34694254,9995
51,35092097,9995
51,35485257,9995
51,35893499,9995
51,36268688,9995
51,36631478,9995
51,37033227,9995
51,37423183,9995
51,37797960,9996
51,38195544,9996
51,38569247,9996
52,695574,8
52,1098044,433
52,1495533,1076
52,1911146,1613
52,2304666,2382
52,2677808,3441
52,3075315,4550
52,3472447,5791
52,3868584,6839
52,4265442,7046
52,4661619,7869
52,5073823,8403
52,5432361,8511
52,5826193,8903
52,6232316,9046
52,6618973,8993
52,7013227,9470
52,7392765,9697
52,7786296,9743
52,8209292,10085
52,8600665,10123
52,8970983,10204
52,9369836,10310
52,9762795,10281
52,10142432,10322
52,10518664,10284
52,10911496,10260
52,11328484,10190
52,11718881,10135
52,12093537,10086
52,12453271,10014
52,12867555,9966
52,13293110,9920
52,13682280,9896
52,14073761,9877
52,14450252,9879
52,14842990,9876
52,15206706,9888
52,15579814,9899
52,15971365,9916
52,16367917,9931
52,16763486,9951
52,17155484,9960
52,17512313,9976
52,17908431,9983
52,18304028,9989
52,18698918,9993
52,19050876,9997
52,19429685,9997
52,19824025,9994
52,20176970,9993
52,20577099,9992
52,20970683,9987
52,21368364,9986
52,21762640,9984
52,22127171,9984
52,22499353,9984
52,22889788,9984
52,23265521,9984
52,23658803,9986
52,24075149,9988
52,24472539,9989
52,24868348,9988
52,25263586,9991
52,25656530,9991
52,26020243,9990
52,26387466,9989
52,26785566,9990
52,27211402,9990
52,27596641,9990
52,27971787,9990
52,28368557,9991
52,28760713,9990
52,29136488,9991
52,29491809,9991
52,29865854,9991
52,30230628,9991
52,30618056,9991
52,30990806,9991
52,31368539,9992
52,31762739,9991
52,32163469,9991
52,32533461,9992
52,32926781,9993
52,33306058,9993
52,33700833,9993
52,34096657,9994
52,34473612,9993
52,34866489,9993
52,35263600,9994
52,35642106,9994
52,36017369,9994
52,36415120,9994
52,36803171,9994
52,37179788,9994
52,37589286,9995
52,37952824,9995
52,38349639,9995
52,38723452,9995
52,39117468,9995
52,39495292,9995
52,39888501,9995
52,40288727,9995
53,717200,8
53,1119024,433
53,1544601,1076
53,1932123,1607
53,2331282,2381
53,2721918,3441
53,3115480,4391
53,3473054,5789
53,3891098,6833
53,4286213,7038
53,4684921,7744
53,5060077,8401
53,5456622,8507
53,5828301,8903
53,6239506,9062
53,6601276,8968
53,7013732,9471
53,7409157,9704
53,7765612,9714
53,8163755,10021
53,8595321,10127
53,8997754,10185
53,9368359,10314
53,9765366,10281
53,10203001,10327
53,10603564,10282
53,10993327,10259
53,11409388,10186
53,11829179,10134
53,12222339,10061
53,12619200,10012
53,12992244,9958
53,13385901,9924
53,13765062,9895
53,14165626,9879
53,14569745,9879
53,14937040,9877
53,15314722,9890
53,15722985,9903
53,16116689,9917
53,16468149,9936
53,16893863,9952
53,17284259,9964
53,17659729,9978
53,18055533,9985
53,18449285,9989
53,18829142,9995
53,19240358,9997
53,19597237,9994
53,19992117,9994
53,20366595,9994
53,20721609,9989
53,21151811,9988
53,21549495,9989
53,21908945,9985
53,22261818,9985
53,22623448,9985
53,23013473,9985
53,23387272,9987
53,23807583,9989
53,24202444,9988
53,24617990,9991
53,25014046,9990
53,25416952,9990
53,25787550,9990
53,26180903,9990
53,26561932,9990
53,26955963,9990
53,27347314,9991
53,27746664,9991
53,28138460,9991
53,28526297,9993
53,28908188,9993
53,29261100,9993
53,29617904,9993
53,29991242,9993
53,30343464,9993
53,30722123,9994
53,31128949,9994
53,31526115,9994
53,31887619,9994
53,32260803,9994
53,32639055,9994
53,33010445,9994
53,33364261,9994
53,33726925,9994
53,34097090,9994
53,34500472,9994
53,34911203,9994
53,35304900,9995
53,35660339,9995
53,36056184,9995
53,36433829,9995
53,36810615,9996
53,37199379,9996
53,37572105,9996
53,37970404,9996
53,38344694,9996
53,38746922,9996
53,39140359,9996
53,39523920,9996
53,39914071,9996
53,40283632,9996
53,40638923,9997
54,632506,-1
54,975076,273
54,1362887,938
54,1738428,1390
54,2102584,2012
54,2455124,2918
54,2833175,3836
54,3199440,4874
54,3541116,6166
54,3893084,6874
54,4246570,7037
54,4601721,7742
54,4956571,8315
54,5286674,8461
54,5651337,8727
54,6007444,9042
54,6357235,8979
54,6730098,9158
54,7135829,9638
54,7481228,9669
54,7858527,9781
54,8212597,10088
54,8575385,10125
54,8923741,10185
54,9295667,10317
54,9713945,10284
54,10098605,10332
54,10464062,10304
54,10841855,10272
54,11216074,10232
54,11574739,10157
54,11954792,10109
54,12362511,10036
54,12746679,9990
54,13110769,9937
54,13493010,9910
54,13890731,9880
54,14281589,9875
54,14679290,9870
54,15075998,9878
54,15431109,9887
54,15850989,9908
54,16244214,9919
54,16617521,9942
54,16977748,9951
54,17367258,9969
54,17731874,9978
54,18119071,9988
54,18492412,9991
54,18869587,9998
54,19261941,9996
54,19618008,9996
54,19992536,9996
54,20349242,9994
54,20755638,9989
54,21117119,9988
54,21472857,9987
54,21889981,9984
54,22289954,9984
54,22708247,9985
54,23096454,9985
54,23470771,9986
54,23828856,9986
54,24220646,9990
54,24595685,9989
54,24956697,9989
54,25348169,9991
54,25734927,9991
54,26116902,9991
54,26491755,9991
54,26846700,9991
54,27209835,9991
54,27596073,9991
54,27976834,9991
54,28369984,9991
54,28755903,9992
54,29140642,9992
54,29535675,9992
54,29932875,9992
54,30325367,9993
54,30742094,9993
54,31145110,9993
54,31517649,9993
54,31915005,9993
54,32323215,9993
54,32679140,9994
54,33055718,9994
54,33448065,9994
54,33807479,9994
54,34177756,9995
54,34573256,9995
54,34953724,9995
54,35345487,9995
54,35707854,9996
54,36099137,9996
54,36469577,9995
54,36825744,9995
54,37178785,9995
54,37552261,9995
54,37951721,9995
54,38323218,9996
54,38690118,9996
54,39083192,9996
54,39473376,9996
55,740597,7
55,1119604,434
55,1548230,1078
55,1939440,1610
55,2327377,2382
55,2711361,3309
55,3080072,4388
55,3479480,5783
55,3893422,6826
55,4308778,7028
55,4703511,7857
55,5104310,8409
55,5511347,8566
55,5909994,8950
55,6284499,9045
55,6640852,8960
55,7013479,9394
55,7367168,9695
55,7747262,9676
55,8118812,9966
55,8492324,10128
55,8892050,10141
55,9287666,10301
55,9665041,10285
55,10035055,10310
55,10430082,10320
55,10826196,10275
55,11200096,10264
55,11563819,10183
55,11952948,10147
55,12327130,10066
55,12730123,10026
55,13118524,9961
55,13494627,9932
55,13870146,9898
55,14261568,9884
55,14638894,9878
55,14993216,9875
55,15368379,9885
55,15766017,9897
55,16159385,9911
55,16511650,9925
55,16893688,9944
55,17306794,9959
55,17703892,9973
55,18099081,9981
55,18490210,9988
55,18889835,9994
55,19282791,9997
55,19660084,9995
55,20013211,9995
55,20385380,9994
55,20764181,9991
55,21136550,9988
55,21488791,9988
55,21888225,9985
55,22260191,9985
55,22616478,9985
55,22990894,9986
55,23396265,9985
55,23807657,9986
55,24199797,9988
55,24580171,9989
55,24975923,9989
55,25385794,9989
55,25746069,9991
55,26163701,9991
55,26565971,9991
55,26955269,9990
55,27327219,9991
55,27724668,9990
55,28117292,9990
55,28510450,9991
55,28908579,9991
55,29285959,9991
55,29702622,9992
55,30055443,9993
55,30411390,9993
55,30807160,9992
55,31160383,9994
55,31511846,9994
55,31886923,9994
55,32240734,9994
55,32618760,9994
55,33013722,9995
55,33386940,9995
55,33742283,9994
55,34135816,9994
55,34490865,9994
55,34893215,9994
55,35364281,9995
55,35794397,9995
55,36183287,9995
55,36570367,9995
55,36951145,9995
55,37307470,9995
55,37703871,9995
55,38078694,9995
55,38457034,9995
55,38849775,9995
55,39264782,9996
55,39663468,9996
55,40035754,9996
55,40388177,9996
56,691478,7
56,1098695,433
56,1492851,1076
56,1908719,1603
56,2301239,2506
56,2716878,3436
56,3073758,4537
56,3488676,5779
56,3850748,6826
56,4242681,6974
56,4618809,7729
56,5015977,8384
56,5426754,8517
56,5864865,8944
56,6239160,9039
56,6619353,8992
56,7033554,9544
56,7427078,9687
56,7853441,9787
56,8244635,10098
56,8620451,10130
56,9011451,10240
56,9407408,10324
56,9778689,10284
56,10199297,10335
56,10594186,10280
56,10992706,10271
56,11389658,10206
56,11782579,10152
56,12177537,10094
56,12552486,10028
56,12949045,9982
56,13321893,9931
56,13717299,9908
56,14091927,9880
56,14445291,9879
56,14810374,9870
56,15200581,9881
56,15569832,9887
56,15926720,9905
56,16319896,9914
56,16695407,9936
56,17050308,9949
56,17465489,9963
56,17835381,9974
56,18231984,9986
56,18595530,9988
56,18992920,9994
56,19368085,9994
56,19762494,9994
56,20137271,9992
56,20529431,9992
56,20906405,9987
56,21300393,9987
56,21652643,9986
56,22031717,9983
56,22424828,9984
56,22777832,9983
56,23198622,9983
56,23590463,9985
56,23947881,9986
56,24320698,9986
56,24673809,9986
56,25029853,9988
56,25404648,9989
56,25812928,9989
56,26176157,9991
56,26570166,9991
56,26929545,9991
56,27321630,9990
56,27694424,9990
56,28051905,9990
56,28425758,9991
56,28835006,9990
56,29242508,9990
56,29633371,9990
56,29996076,9992
56,30366084,9992
56,30815830,9992
56,31198478,9992
56,31593458,9992
56,32032592,9992
56,32415896,9992
56,32780728,9992
56,33175755,9992
56,33590913,9992
56,33948074,9993
56,34363339,9993
56,34764236,9993
56,35133842,9994
56,35528247,9994
56,35907124,9994
56,36299975,9994
56,36655375,9994
56,37052045,9994
56,37425034,9993
56,37778942,9994
56,38154530,9994
56,38548951,9994
56,38905939,9994
56,39279006,9995
56,39674018,9995
56,40036303,9995
56,40406058,9995
56,40812648,9995
56,41230540,9995
56,41615617,9995
56,42052694,9994
56,42458227,9995
56,42852229,9995
57,718100,8
57,1099164,432
57,1473564,1008
57,1851392,1530
57,2265802,2252
57,2628504,3308
57,3037623,4387
57,3431656,5590
57,3811066,6770
57,4183883,6951
57,4587010,7616
57,4979665,8362
57,5389132,8476
57,5748425,8847
57,6141869,9064
57,6526347,8954
57,6943495,9404
57,7348781,9708
57,7748856,9714
57,8165180,10066
57,8608254,10130
57,9001719,10216
57,9391861,10322
57,9781381,10288
57,10144698,10335
57,10542660,10298
57,10917196,10270
57,11311119,10219
57,11684828,10150
57,12079896,10099
57,12474781,10025
57,12876032,9977
57,13268724,9926
57,13706358,9899
57,14079633,9878
57,14494414,9877
57,14898149,9876
57,15267802,9886
57,15673335,9900
57,16077009,9915
57,16453930,9932
57,16850757,9950
57,17267313,9965
57,17677421,9977
57,18080436,9987
57,18476013,9990
57,18872636,9996
57,19268180,9996
57,19663241,9996
57,20079795,9994
57,20477005,9994
57,20873559,9990
57,21268596,9988
57,21670809,9984
57,22037782,9984
57,22431140,9985
57,22809387,9985
57,23202694,9985
57,23565382,9987
57,23977822,9987
57,24370875,9987
57,24769023,9989
57,25145420,9992
57,25519289,9989
57,25916822,9991
57,26311943,9991
57,26684385,9991
57,27077920,9991
57,27453172,9992
57,27810546,9992
57,28203571,9992
57,28591216,9992
57,28975669,9992
57,29368419,9992
57,29747788,9992
57,30122167,9992
57,30516185,9992
57,30913195,9992
57,31306082,9992
57,31705200,9992
57,32099267,9992
57,32471411,9993
57,32831483,9993
57,33224110,9993
57,33585283,9994
57,33976447,9994
57,34370823,9994
57,34769934,9994
57,35162727,9994
57,35555586,9994
57,35931108,9995
57,36306538,9995
57,36686198,9994
57,37081321,9994
57,37475956,9994
57,37872283,9995
57,38267691,9995
57,38663651,9995
58,716556,0
58,1102093,351
58,1498957,1008
58,1894034,1528
58,2336340,2376
58,2703005,3299
58,3055736,4233
58,3435489,5586
58,3808286,6696
58,4212992,6952
58,4604928,7617
58,4996380,8320
58,5394421,8480
58,5770855,8795
58,6146156,9067
58,6522498,8956
58,6893818,9243
58,7293466,9699
58,7683946,9671
58,8080075,9981
58,8519166,10142
58,8898321,10151
58,9274453,10312
58,9662082,10286
58,10078005,10315
58,10436124,10313
58,10830742,10268
58,11211603,10242
58,11602121,10165
58,11996035,10118
58,12393129,10038
58,12793654,9990
58,13201370,9932
58,13600503,9911
58,13994349,9877
58,14370856,9875
58,14744778,9870
58,15098378,9877
58,15454082,9886
58,15848618,9902
58,16236261,9918
58,16621475,9937
58,16995066,9951
58,17350359,9966
58,17743989,9979
58,18119450,9985
58,18500116,9993
58,18872305,9994
58,19258208,9999
58,19643274,9996
58,20020979,9995
58,20418739,9994
58,20827920,9989
58,21182422,9987
58,21601346,9987
58,21993399,9985
58,22371721,9984
58,22765733,9984
58,23118265,9985
58,23498349,9985
58,23890858,9986
58,24270826,9987
58,24665166,9990
58,25087623,9990
58,25502736,9990
58,25895476,9990
58,26289846,9991
58,26682319,9989
58,27077847,9991
58,27454693,9991
58,27828071,9989
58,28211488,9991
58,28603864,9991
58,28995618,9991
58,29393969,9991
58,29791996,9992
58,30214347,9992
58,30603419,9993
58,30996344,9993
58,31372602,9993
58,31766108,9993
58,32142378,9993
58,32545140,9993
58,32924111,9993
58,33309896,9993
58,33704156,9993
58,34097160,9994
58,34455068,9994
58,34852437,9994
58,35234100,9994
58,35623263,9994
58,35996717,9994
58,36392854,9995
58,36788590,9995
58,37182438,9995
58,37579786,9995
58,37974483,9995
58,38330070,9995
58,38701565,9995
58,39055994,9995
58,39432977,9995
58,39826934,9996
58,40181772,9996
58,40582276,9996
58,40952286,9996
58,41310436,9996
58,41704687,9997
59,734256,6
59,1146831,434
59,1541225,1007
59,1908518,1524
59,2304932,2379
59,2719926,3435
59,3134934,4389
59,3494681,5789
59,3887487,6773
59,4291322,6984
59,4664318,7742
59,5097761,8385
59,5493066,8520
59,5886656,8937
59,6315504,9007
59,6697587,8984
59,7073013,9528
59,7471681,9673
59,7844719,9732
59,8276809,10084
59,8663142,10120
59,9061169,10213
59,9452212,10321
59,9825097,10286
59,10233307,10336
59,10596673,10300
59,10991235,10278
59,11365659,10219
59,11761288,10164
59,12136354,10116
59,12491277,10040
59,12886181,9997
59,13274653,9939
59,13658496,9917
59,14036620,9881
59,14481390,9878
59,14846188,9873
59,15218073,9880
59,15616223,9888
59,16030391,9906
59,16388908,9920
59,16783188,9940
59,17160953,9951
59,17558868,9970
59,17968164,9977
59,18323700,9988
59,18718517,9989
59,19093094,9998
59,19451851,9995
59,19824001,9995
59,20217914,9994
59,20599911,9994
59,20990995,9988
59,21390046,9989
59,21764092,9985
59,22158534,9985
59,22538651,9984
59,22935845,9984
59,23345437,9985
59,23743116,9987
59,24138011,9987
59,24536168,9989
59,24932381,9990
59,25348291,9991
59,25743830,9990
59,26137854,9991
59,26535533,9991
59,26933219,9989
59,27344953,9990
59,27761886,9990
59,28156601,9990
59,28510840,9990
59,28886259,9992
59,29249938,9992
59,29637038,9992
59,29989878,9992
59,30369432,9992
59,30762657,9992
59,31135248,9992
59,31490580,9992
59,31885119,9993
59,32273157,9993
59,32660304,9993
59,33050658,9993
59,33453150,9993
59,33845218,9993
59,34253412,9993
59,34617536,9993
59,35044774,9994
59,35466281,9994
59,35846446,9995
59,36252847,9995
59,36637278,9994
59,37034511,9995
59,37436838,9995
59,37803806,9995
59,38199887,9995
59,38599055,9995
59,38969684,9995
59,39340344,9995
59,39746171,9995
59,40137873,9995
60,715472,-2
60,1076906,350
60,1499569,1007
60,1890040,1524
60,2304398,2375
60,2702051,3299
60,3075521,4384
60,3477949,5781
60,3867952,6771
60,4239492,6957
60,4594584,7623
60,4990084,8322
60,5363216,8465
60,5719356,8732
60,6114258,9056
60,6495369,8951
60,6884701,9241
60,7259137,9667
60,7613511,9657
60,7966639,9827
60,8321042,10112
60,8704881,10121
60,9095469,10235
60,9501830,10312
60,9887333,10290
60,10281158,10335
60,10637788,10281
60,11032597,10269
60,11405012,10213
60,11783923,10150
60,12174599,10096
60,12534687,10026
60,12930621,9984
60,13341533,9930
60,13719814,9905
60,14111766,9878
60,14466596,9878
60,14841409,9872
60,15194320,9882
60,15573267,9887
60,15965688,9908
60,16320229,9918
60,16698975,9940
60,17113607,9952
60,17501239,9969
60,17887391,9978
60,18278424,9987
60,18635801,9992
60,18987345,9995
60,19341336,9997
60,19704592,9996
60,20092785,9996
60,20466236,9994
60,20889108,9991
60,21282396,9990
60,21684803,9986
60,22074167,9985
60,22489161,9985
60,22886821,9985
60,23280224,9985
60,23638470,9988
60,24009436,9988
60,24383917,9989
60,24764911,9992
60,25158314,9991
60,25556599,9992
60,25948230,9992
60,26320956,9992
60,26721525,9993
60,27114128,9993
60,27496713,9992
60,27884666,9992
60,28237641,9992
60,28613265,9993
60,28965965,9992
60,29320337,9993
60,29696369,9993
60,30094717,9993
60,30498992,9993
60,30888572,9994
60,31279901,9994
60,31638018,9994
60,32033410,9994
60,32411143,9996
60,32808088,9995
60,33220787,9995
60,33617989,9995
60,33990874,9995
60,34383487,9995
60,34759624,9995
60,35116053,9995
60,35521708,9996
60,35906876,9996
60,36280243,9996
60,36639260,9996
60,37010233,9997
60,37382269,9996
60,37763468,9996
61,725614,-1
61,1111467,349
61,1504741,1008
61,1901683,1526
61,2296519,2248
61,2695968,3434
61,3110764,4390
61,3526447,5981
61,3922475,6833
61,4304180,6996
61,4668723,7627
61,5034992,8368
61,5424340,8506
61,5821077,8851
61,6214065,9056
61,6605937,8954
61,6962025,9397
61,7361037,9687
61,7739801,9671
61,8132285,9964
61,8505546,10120
61,8900683,10138
61,9296958,10294
61,9690455,10274
61,10086847,10312
61,10482070,10302
61,10853109,10265
61,11211794,10235
61,11607234,10165
61,12009876,10117
61,12399639,10042
61,12795067,10002
61,13151290,9942
61,13617960,9914
61,14060852,9884
61,14427026,9882
61,14795225,9876
61,15217977,9884
61,15622966,9894
61,16025563,9913
61,16424605,9926
61,16803174,9947
61,17220548,9958
61,17608250,9974
61,18016097,9982
61,18378935,9988
61,18794827,9993
61,19151212,9996
61,19549216,9995
61,19925768,9993
61,20322978,9993
61,20731284,9991
61,21090085,9987
61,21503190,9987
61,21855216,9986
61,22212417,9986
61,22605974,9985
61,22990545,9985
61,23403204,9986
61,23793426,9987
61,24152192,9988
61,24523701,9990
61,24877936,9990
61,25295977,9991
61,25693450,9990
61,26116571,9990
61,26503086,9992
61,26876346,9992
61,27235593,9992
61,27651028,9992
61,28048895,9991
61,28429068,9991
61,28835461,9992
61,29236395,9992
61,29626596,9994
61,30015517,9994
61,30400116,9994
61,30798726,9994
61,31176712,9994
61,31551102,9994
61,31946142,9994
61,32328442,9993
61,32714190,9993
61,33108582,9994
61,33502360,9993
61,33876911,9993
61,34254689,9995
61,34648735,9995
61,35013257,9995
61,35404540,9995
61,35796466,9995
61,36198037,9996
61,36608628,9996
61,37018291,9996
61,37381059,9996
61,37798091,9996
61,38214650,9996
61,38608514,9996
61,39016468,9996
61,39379110,9995
62,735084,8
62,1140904,431
62,1534869,1072
62,1951188,1604
62,2354364,2507
62,2765777,3565
62,3182094,4704
62,3597356,5982
62,3956728,6872
62,4353422,7108
62,4741793,7876
62,5117691,8423
62,5533926,8536
62,5887024,8904
62,6244521,9054
62,6636728,8966
62,7012159,9398
62,7396507,9693
62,7786912,9701
62,8184172,10017
62,8557230,10124
62,8952782,10161
62,9332716,10309
62,9727376,10278
62,10138068,10319
62,10494195,10297
62,10888379,10263
62,11265281,10220
62,11678791,10151
62,12044363,10099
62,12429848,10031
62,12804040,9990
62,13159242,9934
62,13555825,9911
62,13928655,9883
62,14310499,9878
62,14683197,9874
62,15064019,9882
62,15452208,9889
62,15829998,9908
62,16242191,9921
62,16647694,9945
62,17049857,9954
62,17410773,9971
62,17825624,9978
62,18183339,9988
62,18576447,9990
62,18929738,9997
62,19308677,9996
62,19703423,9996
62,20084160,9993
62,20472143,9993
62,20889423,9987
62,21307704,9988
62,21699213,9984
62,22065496,9984
62,22432367,9984
62,22826014,9985
62,23182326,9985
62,23555319,9986
62,23950621,9986
62,24327713,9988
62,24721072,9988
62,25082509,9990
62,25469888,9989
62,25847351,9989
62,26265286,9990
62,26657633,9990
62,27043087,9989
62,27432716,9990
62,27826072,9990
62,28203008,9990
62,28579357,9990
62,28975991,9990
62,29350565,9991
62,29740582,9991
62,30116428,9991
62,30517232,9992
62,30909275,9993
62,31286452,9992
62,31679257,9992
62,32064542,9992
62,32452739,9993
62,32827525,9993
62,33226487,9993
62,33637362,9993
62,33989899,9994
62,34390745,9994
62,34764307,9994
62,35160556,9993
62,35534097,9993
62,35887721,9994
62,36246354,9994
62,36650768,9993
62,37046905,9995
62,37429980,9995
62,37783762,9995
62,38138176,9995
62,38542227,9995
62,38931113,9995
62,39325970,9995
62,39677950,9995
62,40046241,9995
62,40433493,9996
62,40815880,9996
62,41208116,9996
62,41580526,9996
62,41972533,9996
62,42389984,9996
63,700358,7
63,1063682,349
63,1437200,938
63,1809167,1387
63,2140189,2008
63,2501168,2914
63,2872275,3830
63,3223919,4877
63,3578871,6169
63,3916958,6877
63,4324440,7050
63,4673428,7760
63,5021938,8375
63,5380538,8486
63,5759886,8791
63,6111000,9057
63,6511428,8952
63,6855605,9239
63,7233502,9665
63,7610650,9653
63,7988748,9871
63,8369578,10127
63,8766860,10129
63,9160839,10269
63,9545012,10291
63,9931680,10292
63,10308601,10319
63,10707892,10267
63,11076021,10247
63,11471292,10175
63,11847795,10127
63,12244100,10059
63,12618515,10007
63,13014048,9951
63,13410361,9923
63,13784538,9891
63,14180021,9881
63,14571954,9880
63,14970684,9882
63,15368013,9892
63,15764837,9906
63,16138806,9920
63,16546845,9939
63,16907741,9953
63,17260448,9965
63,17618061,9977
63,18014860,9986
63,18388125,9991
63,18785570,9995
63,19157579,9996
63,19521776,9996
63,19930188,9995
63,20353873,9993
63,20747213,9990
63,21147967,9988
63,21544453,9987
63,21929696,9986
63,22330047,9985
63,22743825,9987
63,23157453,9987
63,23540802,9987
63,23930036,9988
63,24326964,9990
63,24742267,9990
63,25135154,9990
63,25525182,9990
63,25908452,9992
63,26281583,9991
63,26637463,9991
63,27032085,9991
63,27385417,9992
63,27766426,9989
63,28160686,9991
63,28542143,9992
63,28931801,9992
63,29309208,9992
63,29706112,9993
63,30119061,9993
63,30541657,9993
63,30927895,9994
63,31284615,9995
63,31661858,9994
63,32053368,9994
63,32427638,9994
63,32785653,9994
63,33182145,9994
63,33559021,9995
63,33955775,9994
63,34367376,9994
63,34784658,9994
63,35178871,9994
63,35575510,9994
63,35969364,9995
63,36367599,9995
63,36763653,9995
63,37135483,9995
63,37490151,9996
63,37889765,9996
63,38262163,9996
63,38619885,9996
63,39032731,9996
63,39386282,9996
63,39744749,9996
63,40137759,9996
63,40542363,9997
63,40931109,9997
63,41328003,9997
64,721492,8
64,1098011,351
64,1492229,1005
64,1891458,1525
64,2284694,2383
64,2705031,3435
64,3097960,4544
64,3583677,6166
64,3957293,6872
64,4325584,7111
64,4743648,7994
64,5142960,8437
64,5566782,8575
64,5951677,8992
64,6323374,9024
64,6702812,9040
64,7096179,9540
64,7449169,9687
64,7806554,9742
64,8201283,10059
64,8604540,10126
64,8991561,10185
64,9346691,10309
64,9784757,10276
64,10178416,10319
64,10531694,10281
64,10927747,10251
64,11283314,10206
64,11660112,10133
64,12055575,10075
64,12452108,10013
64,12829463,9966
64,13222144,9921
64,13608715,9900
64,13992718,9875
64,14392954,9876
64,14785526,9874
64,15179793,9886
64,15606667,9898
64,15992473,9917
64,16389184,9931
64,16785516,9950
64,17179845,9964
64,17604972,9976
64,17992518,9985
64,18343569,9990
64,18722000,9993
64,19115372,9997
64,19490080,9993
64,19847622,9993
64,20241168,9993
64,20606076,9989
64,20990701,9985
64,21386009,9986
64,21749345,9984
64,22135872,9982
64,22493527,9982
64,22873261,9983
64,23260487,9984
64,23625951,9984
64,24012039,9986
64,24406223,9988
64,24803615,9988
64,25178065,9989
64,25530266,9990
64,25981195,9990
64,26344421,9992
64,26699410,9991
64,27053370,9990
64,27426153,9991
64,27782495,9990
64,28315903,9990
64,28857688,9991
64,29401077,9992
64,29928487,9992
64,30368189,9992
64,30862818,9993
64,31402233,9993
64,31918732,9993
64,32348350,9993
64,32752907,9993
64,33144276,9993
64,33510072,9994
64,33966901,9994
64,34411642,9994
64,34880261,9995
64,35404015,9995
64,35927948,9995
64,36423770,9995
64,36925741,9997
64,37369140,9996
64,37844811,9996
64,38290392,9996
64,38778566,9996
65,714707,7
65,1116685,436
65,1517306,1016
65,1908053,1534
65,2301984,2261
65,2659524,3315
65,3074502,4245
65,3433345,5607
65,3844506,6777
65,4239659,6949
65,4620748,7621
65,5014430,8356
65,5419210,8466
65,5786110,8838
65,6180151,9044
65,6560676,8939
65,6956516,9391
65,7365351,9677
65,7762788,9664
65,8134903,9966
65,8493375,10124
65,8908014,10143
65,9259900,10292
65,9618564,10289
65,10014006,10308
65,10417544,10326
65,10802616,10279
65,11156252,10269
65,11512455,10191
65,11906756,10150
65,12281698,10087
65,12636587,10033
65,13010805,9984
65,13364788,9936
65,13761131,9912
65,14135620,9885
65,14514835,9880
65,14908962,9874
65,15261005,9882
65,15620223,9889
65,16022047,9908
65,16422244,9921
65,16806460,9941
65,17204646,9954
65,17597158,9969
65,17970584,9979
65,18365426,9986
65,18740510,9990
65,19117794,9996
65,19515648,9995
65,19909678,9994
65,20304377,9994
65,20690299,9991
65,21152344,9989
65,21562554,9987
65,21956127,9985
65,22383363,9984
65,22787603,9985
65,23183048,9985
65,23580022,9987
65,23971188,9987
65,24366552,9989
65,24762838,9989
65,25135337,9989
65,25511383,9990
65,25889470,9989
65,26260076,9989
65,26619643,9989
65,27014241,9989
65,27420820,9989
65,27807035,9989
65,28204123,9990
65,28620248,9990
65,29013843,9990
65,29416053,9991
65,29802428,9991
65,30156105,9991
65,30512980,9991
65,30907316,9991
65,31259545,9993
65,31635997,9993
65,32010606,9993
65,32394665,9992
65,32761127,9993
65,33114764,9993
65,33472511,9992
65,33844820,9992
65,34240281,9993
65,34616679,9994
65,35010728,9993
65,35364755,9994
65,35761044,9994
65,36136370,9995
65,36513078,9996
65,36906749,9996
65,37260586,9996
65,37619515,9996
65,38011788,9996
65,38398878,9996
65,38825619,9996
65,39222219,9996
65,39618047,9996
65,40012744,9996
65,40417753,9996
65,40812404,9996
65,41205879,9996
66,711300,24
66,1120805,519
66,1535973,1140
66,1974623,1689
66,2346147,2632
66,2772316,3681
66,3179810,4854
66,3573587,6312
66,3993248,6890
66,4388317,7172
66,4791664,8090
66,5177347,8432
66,5531272,8582
66,5887625,9002
66,6281114,9031
66,6634204,9005
66,7011336,9551
66,7407195,9692
66,7790126,9746
66,8178873,10067
66,8552987,10140
66,8908521,10194
66,9301591,10323
66,9676866,10289
66,10033883,10326
66,10427452,10321
66,10811457,10271
66,11196612,10250
66,11555039,10173
66,11971678,10118
66,12365044,10044
66,12750853,9998
66,13138058,9942
66,13510320,9917
66,13868757,9884
66,14281107,9874
66,14633928,9874
66,14990099,9876
66,15429655,9885
66,15827173,9902
66,16216833,9917
66,16591686,9938
66,16988631,9950
66,17340872,9964
66,17761635,9978
66,18158401,9986
66,18527619,9992
66,18885634,9995
66,19237107,9998
66,19589322,9996
66,19972240,9996
66,20364247,9996
66,20737736,9993
66,21141991,9991
66,21530520,9988
66,21905491,9987
66,22277677,9987
66,22651473,9986
66,23029792,9986
66,23382424,9987
66,23737325,9988
66,24124827,9988
66,24512617,9989
66,24909337,9992
66,25282295,9992
66,25648502,9992
66,26014446,9992
66,26403979,9993
66,26793921,9991
66,27176621,9991
66,27528459,9992
66,27907751,9992
66,28300907,9991
66,28654036,9991
66,29009571,9992
66,29381568,9992
66,29736621,9992
66,30134568,9994
66,30507614,9994
66,30866545,9994
66,31280772,9994
66,31633713,9994
66,31991298,9995
66,32407547,9995
66,32772304,9995
66,33156503,9995
66,33531388,9995
66,33888855,9995
66,34280990,9995
66,34654849,9994
66,35012746,9994
66,35405873,9995
66,35790002,9995
66,36178775,9995
66,36555815,9995
66,36954486,9995
66,37362376,9995
66,37718976,9995
66,38113799,9996
66,38488618,9997
66,38865814,9997
66,39257303,9997
66,39613440,9997
66,39989829,9997
66,40382230,9997
66,40735244,9997
67,729581,0
67,1089754,350
67,1459293,938
67,1814492,1387
67,2200163,2004
67,2552231,2906
67,2897455,3823
67,3263791,4867
67,3625665,6157
67,3983058,6860
67,4342222,7035
67,4694261,7750
67,5045794,8366
67,5426064,8503
67,5803956,8855
67,6176393,9062
67,6560805,8954
67,6909568,9243
67,7271928,9685
67,7681311,9653
67,8032086,9874
67,8415236,10137
67,8811363,10133
67,9204627,10277
67,9571590,10306
67,9937828,10296
67,10332085,10331
67,10728964,10273
67,11106503,10256
67,11502897,10184
67,11876516,10130
67,12287408,10067
67,12644134,10008
67,13040791,9960
67,13414677,9920
67,13813483,9896
67,14207343,9874
67,14604369,9875
67,15000099,9876
67,15390103,9886
67,15771951,9900
67,16163782,9916
67,16515512,9930
67,16895631,9952
67,17288370,9960
67,17644142,9976
67,18017946,9984
67,18413241,9991
67,18790274,9994
67,19182422,9998
67,19537382,9997
67,19915253,9995
67,20307630,9992
67,20686240,9993
67,21101135,9988
67,21453885,9988
67,21814180,9985
67,22207351,9985
67,22604132,9985
67,22981722,9985
67,23355987,9986
67,23752861,9987
67,24162490,9989
67,24516002,9989
67,24913037,9989
67,25292161,9990
67,25708045,9991
67,26103735,9990
67,26501043,9991
67,26894792,9992
67,27300260,9991
67,27689406,9991
67,28057838,9991
67,28414340,9991
67,28810916,9991
67,29204672,9991
67,29588729,9993
67,29998339,9992
67,30392263,9992
67,30766725,9992
67,31140607,9992
67,31527221,9992
67,31892444,9992
67,32286341,9992
67,32665877,9993
67,33061397,9993
67,33436676,9993
67,33834023,9993
67,34206172,9994
67,34604457,9994
67,35043951,9993
67,35433383,9993
67,35791019,9993
67,36185776,9993
67,36576221,9993
67,36957673,9994
67,37349724,9994
67,37728949,9994
67,38120134,9994
67,38495101,9994
67,38857261,9994
67,39252584,9994
67,39643471,9993
67,40039133,9993
67,40433599,9994
67,40790854,9994
67,41162089,9995
67,41515474,9996
67,41914684,9996
67,42288893,9996
67,42705968,9996
67,43101139,9996
67,43454617,9996
67,43813921,9996
67,44208305,9996
67,44604197,9996
67,44997619,9996
67,45393094,9996
67,45790560,9996
68,736023,8
68,1119462,435
68,1535813,1072
68,1933757,1604
68,2348535,2503
68,2762099,3420
68,3116626,4374
68,3477375,5775
68,3869417,6767
68,4255356,6984
68,4662204,7749
68,5063541,8370
68,5432147,8507
68,5823572,8857
68,6198874,9066
68,6597930,8976
68,6992596,9412
68,7391040,9710
68,7784130,9696
68,8136350,9995
68,8496873,10157
68,8889523,10167
68,9291536,10326
68,9687082,10303
68,10075495,10336
68,10506360,10310
68,10891002,10268
68,11296579,10224
68,11664305,10150
68,12036134,10097
68,12436339,10017
68,12846653,9981
68,13199888,9922
68,13599776,9904
68,13993948,9875
68,14390957,9874
68,14786628,9870
68,15184424,9883
68,15575686,9891
68,15971964,9913
68,16368824,9926
68,16763487,9949
68,17136353,9958
68,17497871,9974
68,17890740,9983
68,18287358,9993
68,18680274,9993
68,19097552,9999
68,19494787,9997
68,19888524,9996
68,20272448,9994
68,20681507,9993
68,21035330,9987
68,21452757,9987
68,21846656,9986
68,22201465,9984
68,22596902,9984
68,22990305,9986
68,23347828,9986
68,23741241,9986
68,24094865,9989
68,24472421,9990
68,24866115,9990
68,25220146,9990
68,25642558,9990
68,26036547,9990
68,26430522,9991
68,26825717,9991
68,27198039,9990
68,27601527,9991
68,27992883,9991
68,28390121,9990
68,28781967,9990
68,29136019,9990
68,29509640,9991
68,29891323,9991
68,30287604,9991
68,30664282,9992
68,31056906,9993
68,31452881,9993
68,31825020,9993
68,32198416,9993
68,32599691,9993
68,32991391,9993
68,33370333,9993
68,33743415,9993
68,34137128,9993
68,34491624,9993
68,34845756,9993
68,35239450,9993
68,35617740,9994
68,35991219,9994
68,36348077,9995
68,36742767,9995
68,37115698,9995
68,37471880,9995
68,37891553,9995
68,38286484,9995
68,38664267,9995
68,39060576,9995
68,39473554,9995
68,39869571,9995
68,40251495,9995
68,40640442,9996
68,41012407,9996
68,41371997,9997
69,714928,8
69,1119867,350
69,1497465,1008
69,1889795,1451
69,2251463,2248
69,2660913,3174
69,3012802,4095
69,3397962,5404
69,3785740,6591
69,4139411,6906
69,4498326,7379
69,4890138,8184
69,5254088,8437
69,5642412,8673
69,6015131,9022
69,6392559,8983
69,6786665,9100
69,7141375,9592
69,7520877,9654
69,7911539,9767
69,8291367,10106
69,8687358,10112
69,9098445,10227
69,9475101,10317
69,9828417,10275
69,10221453,10332
69,10638679,10288
69,10991569,10271
69,11371848,10230
69,11766717,10172
69,12118600,10132
69,12494103,10062
69,12846430,10021
69,13199788,9959
69,13596981,9932
69,13949969,9897
69,14327546,9885
69,14704618,9877
69,15099795,9875
69,15458288,9884
69,15870808,9897
69,16291021,9911
69,16684024,9932
69,17096357,9943
69,17462367,9960
69,17862647,9970
69,18257213,9980
69,18623785,9985
69,18997626,9992
69,19395184,9994
69,19786454,9993
69,20161964,9993
69,20519916,9991
69,20910530,9989
69,21295599,9987
69,21689629,9985
69,22075582,9983
69,22454307,9984
69,22826324,9983
69,23200300,9983
69,23601120,9984
69,23995920,9985
69,24391708,9985
69,24765826,9986
69,25140170,9988
69,25500312,9988
69,25889111,9988
69,26274026,9989
69,26663129,9989
69,27014785,9989
69,27390794,9989
69,27744126,9989
69,28096407,9988
69,28456032,9989
69,28850874,9988
69,29221099,9989
69,29619502,9989
69,29993606,9991
69,30349372,9991
69,30745200,9991
69,31118371,9991
69,31493758,9991
69,31848499,9991
69,32200360,9993
69,32598010,9993
69,32951144,9993
69,33410998,9993
69,33861174,9993
69,34279786,9993
69,34683885,9993
69,35071730,9993
69,35505703,9993
69,35884015,9993
69,36280287,9993
69,36692596,9993
69,37084988,9993
69,37491529,9993
69,37901025,9993
69,38300263,9995
69,38695999,9995
69,39064028,9995
69,39464893,9995
69,39835866,9995
69,40240817,9995
69,40629237,9995
69,41019288,9995
69,41423307,9995
69,41832846,9995
69,42226373,9995
69,42616841,9995
69,43000067,9996
69,43417878,9996
70,731168,6
70,1114249,348
70,1490970,1007
70,1905670,1445
70,2267656,2237
70,2681752,3292
70,3078513,4374
70,3492481,5773
70,3885918,6765
70,4283784,6984
70,4677736,7621
70,5030053,8323
70,5388005,8484
70,5780915,8794
70,6163971,9070
70,6553265,8964
70,6904081,9251
70,7263296,9674
70,7635303,9657
70,7986774,9823
70,8344804,10128
70,8739753,10119
70,9113040,10254
70,9510428,10315
70,9885382,10276
70,10239974,10334
70,10634762,10287
70,11008696,10268
70,11385111,10220
70,11780649,10156
70,12144242,10104
70,12530707,10037
70,12905253,9996
70,13263370,9938
70,13676679,9917
70,14030234,9884
70,14387583,9878
70,14780244,9873
70,15187987,9877
70,15557184,9886
70,15924428,9902
70,16283497,9915
70,16696931,9934
70,17055946,9950
70,17467812,9966
70,17862852,9978
70,18219454,9987
70,18592000,9991
70,18987136,9997
70,19347857,9998
70,19719673,9997
70,20114409,9997
70,20490140,9994
70,20884241,9992
70,21242036,9990
70,21613520,9989
70,21987614,9986
70,22386922,9987
70,22779921,9986
70,23143404,9986
70,23544302,9987
70,23905980,9991
70,24265951,9990
70,24655884,9991
70,25029839,9991
70,25389513,9992
70,25781736,9992
70,26179415,9991
70,26579603,9991
70,26990092,9991
70,27388372,9991
70,27783757,9991
70,28183540,9992
70,28577182,9992
70,28989670,9993
70,29387526,9994
70,29781830,9993
70,30194272,9994
70,30559190,9994
70,30932619,9994
70,31329719,9994
70,31742897,9995
70,32113194,9995
70,32510203,9995
70,32905676,9994
70,33281425,9994
70,33697044,9994
70,34055595,9995
70,34452107,9994
70,34863260,9994
70,35223751,9995
70,35595164,9995
70,35990142,9996
70,36388977,9997
70,36781468,9997
70,37181483,9996
70,37577920,9996
70,37988314,9996
70,38343685,9996
70,38716141,9996
70,39116036,9996
70,39500739,9996
70,39887067,9996
70,40306111,9996
71,716050,7
71,1117976,350
71,1491334,1008
71,1894751,1524
71,2283098,2246
71,2664623,3303
71,3058309,4236
71,3457626,5594
71,3850743,6774
71,4245370,6991
71,4641873,7625
71,5015153,8324
71,5364889,8466
71,5721313,8735
71,6095737,9065
71,6493804,8969
71,6889594,9257
71,7263038,9684
71,7621024,9667
71,8064321,9932
71,8436202,10138
71,8810628,10127
71,9201541,10272
71,9576824,10300
71,9933656,10286
71,10325104,10325
71,10685425,10268
71,11073700,10253
71,11449424,10190
71,11809829,10138
71,12182615,10077
71,12595134,10016
71,12949876,9979
71,13302731,9931
71,13681589,9906
71,14054850,9879
71,14428218,9878
71,14785050,9874
71,15136068,9880
71,15490254,9889
71,15887092,9905
71,16261033,9918
71,16619059,9937
71,16969414,9951
71,17343760,9963
71,17722725,9978
71,18115230,9984
71,18468174,9993
71,18871993,9994
71,19264612,9996
71,19641616,9996
71,20014776,9997
71,20365250,9994
71,20724205,9992
71,21116857,9988
71,21490534,9989
71,21888599,9984
71,22272161,9986
71,22681153,9985
71,23033340,9985
71,23385752,9985
71,23750824,9987
71,24162838,9987
71,24558353,9989
71,24952467,9989
71,25333981,9989
71,25745585,9990
71,26139399,9990
71,26524070,9990
71,26907571,9990
71,27282508,9990
71,27642545,9990
71,28035230,9990
71,28409984,9990
71,28787332,9990
71,29183042,9990
71,29581858,9991
71,29992928,9991
71,30366117,9991
71,30723606,9991
71,31117110,9991
71,31470083,9991
71,31866809,9992
71,32252109,9992
71,32661002,9992
71,33012337,9992
71,33366117,9992
71,33721277,9992
71,34094618,9992
71,34490025,9993
71,34891949,9993
71,35285662,9993
71,35642179,9993
71,36036363,9994
71,36389109,9994
71,36745703,9994
71,37118332,9994
71,37469227,9995
71,37869687,9995
71,38262001,9995
71,38643135,9994
71,39014670,9994
71,39368776,9995
71,39724983,9996
71,40119021,9996
71,40472041,9995
71,40868749,9995
71,41241277,9995
72,752946,7
72,1142679,349
72,1516213,1009
72,1908125,1524
72,2312166,2249
72,2679046,3303
72,3091747,4378
72,3512924,5778
72,3903669,6816
72,4335432,7024
72,4719952,7746
72,5090929,8396
72,5510694,8525
72,5901638,8947
72,6331703,9022
72,6718110,9039
72,7111758,9540
72,7519467,9673
72,7885170,9773
72,8298390,10092
72,8674999,10122
72,9068339,10209
72,9447926,10327
72,9842129,10281
72,10256081,10344
72,10655087,10296
72,11026030,10275
72,11425882,10236
72,11800145,10164
72,12194692,10110
72,12591408,10044
72,12985547,9995
72,13397887,9939
72,13777192,9917
72,14151292,9881
72,14550489,9882
72,14944545,9874
72,15345005,9884
72,15719553,9890
72,16090359,9910
72,16507820,9923
72,16902251,9944
72,17276604,9953
72,17674439,9974
72,18089889,9980
72,18509734,9990
72,18901753,9995
72,19297981,9998
72,19680160,9996
72,20094906,9997
72,20494713,9995
72,20889660,9991
72,21282914,9990
72,21677487,9990
72,22090386,9985
72,22492456,9986
72,22932256,9986
72,23298778,9987
72,23676431,9987
72,24068319,9987
72,24469492,9990
72,24861906,9991
72,25239008,9990
72,25619080,9990
72,25986069,9991
72,26389946,9991
72,26799678,9990
72,27194191,9991
72,27590955,9991
72,27986183,9990
72,28398781,9991
72,28777817,9991
72,29184066,9991
72,29554517,9993
72,29943583,9994
72,30329724,9993
72,30700812,9994
72,31094035,9994
72,31512443,9993
72,31906703,9993
72,32277251,9993
72,32678049,9993
72,33067819,9993
72,33450331,9994
72,33864229,9994
72,34260019,9994
72,34675025,9994
72,35089860,9994
72,35489083,9994
72,35865960,9994
72,36259843,9994
72,36675020,9994
72,37089759,9994
72,37510110,9994
72,37901736,9995
72,38296556,9995
72,38696226,9995
72,39090269,9995
72,39487273,9995
72,39928221,9995
72,40338105,9995
72,40727963,9996
72,41114113,9996
72,41518028,9996
72,41887359,9996
72,42314446,9996
72,42720499,9996
72,43111348,9996
73,723985,8
73,1117000,435
73,1513962,1072
73,1950351,1598
73,2324074,2369
73,2699191,3420
73,3094781,4524
73,3511918,5955
73,3916209,6810
73,4284197,7025
73,4698596,7867
73,5096403,8421
73,5519934,8583
73,5917362,8964
73,6287475,9044
73,6682220,9017
73,7057752,9552
73,7449009,9681
73,7873074,9781
73,8265299,10092
73,8640324,10127
73,9039219,10208
73,9406692,10320
73,9809985,10281
73,10242864,10334
73,10639284,10285
73,11038736,10275
73,11406811,10219
73,11807742,10164
73,12200403,10108
73,12593389,10042
73,12995024,9989
73,13385577,9940
73,13788582,9915
73,14157507,9885
73,14552243,9885
73,14929438,9876
73,15345411,9886
73,15761875,9895
73,16164286,9913
73,16552829,9925
73,16934451,9946
73,17327056,9955
73,17711957,9972
73,18100044,9981
73,18493746,9988
73,18891714,9992
73,19290064,9997
73,19677189,9994
73,20056071,9995
73,20448823,9992
73,20830607,9991
73,21220317,9987
73,21616557,9988
73,21995000,9984
73,22409304,9985
73,22817302,9985
73,23181125,9986
73,23573004,9986
73,23993149,9986
73,24386593,9988
73,24794730,9988
73,25176617,9990
73,25573051,9990
73,25970003,9990
73,26345297,9991
73,26758480,9989
73,27163941,9992
73,27530436,9992
73,27931899,9990
73,28324016,9991
73,28698491,9991
73,29095155,9992
73,29489890,9992
73,29888335,9992
73,30286042,9992
73,30697703,9993
73,31097650,9991
73,31489593,9992
73,31909961,9992
73,32302083,9992
73,32697390,9992
73,33095725,9993
73,33489166,9993
73,33890926,9994
73,34285729,9994
73,34676642,9994
73,35086337,9994
73,35449627,9994
73,35823988,9994
73,36229325,9994
73,36616179,9994
73,37031009,9994
73,37445373,9994
73,37810408,9995
73,38196381,9995
73,38581594,9995
73,38942105,9995
73,39315865,9996
73,39684072,9996
73,40037170,9996
73,40374146,9996
73,40730225,9996
73,41076024,9996
73,41430133,9996
73,41786309,9996
73,42146472,9996
73,42497803,9996
73,42875819,9996
74,745821,8
74,1108370,434
74,1512236,1078
74,1947961,1608
74,2334949,2372
74,2693025,3424
74,3107028,4376
74,3470874,5766
74,3859777,6755
74,4257882,6971
74,4652071,7735
74,5045313,8389
74,5439368,8501
74,5837748,8906
74,6232122,9066
74,6588731,8987
74,6980995,9420
74,7337254,9714
74,7735652,9690
74,8129636,10032
74,8527179,10137
74,8941982,10182
74,9337724,10318
74,9734452,10275
74,10106287,10315
74,10470986,10302
74,10861110,10262
74,11229500,10251
74,11589385,10176
74,11961423,10134
74,12355757,10065
74,12736228,10013
74,13129982,9956
74,13531385,9925
74,13898513,9894
74,14292844,9880
74,14671108,9878
74,15064480,9875
74,15464101,9887
74,15860977,9901
74,16251518,9915
74,16609564,9934
74,17002582,9949
74,17376776,9959
74,17735082,9973
74,18106425,9981
74,18469385,9990
74,18859168,9992
74,19230060,9997
74,19587275,9995
74,19983298,9996
74,20357031,9994
74,20754288,9993
74,21153911,9989
74,21547546,9987
74,21942498,9985
74,22336289,9986
74,22734080,9986
74,23128970,9986
74,23525396,9987
74,23940064,9988
74,24333711,9989
74,24693499,9989
74,25065047,9991
74,25417598,9992
74,25839879,9992
74,26232508,9992
74,26649590,9993
74,27042058,9993
74,27418068,9993
74,27816655,9993
74,28190827,9992
74,28588466,9992
74,28972277,9992
74,29356719,9992
74,29755169,9992
74,30132264,9993
74,30532357,9993
74,30899989,9993
74,31294595,9993
74,31671903,9994
74,32065152,9995
74,32439325,9994
74,32834939,9994
74,33187850,9994
74,33567471,9995
74,33961598,9994
74,34333834,9995
74,34693059,9995
74,35086678,9995
74,35469466,9995
74,35856733,9996
74,36229488,9996
74,36588401,9996
74,36980731,9996
74,37333957,9996
74,37726444,9996
74,38191915,9996
74,38625216,9996
74,39034038,9996
74,39409070,9996
74,39822351,9996
74,40203803,9996
74,40553935,9996
74,40927575,9996
75,713615,-1
75,1076008,350
75,1478824,936
75,1847683,1446
75,2253380,2239
75,2642462,3166
75,3036929,4228
75,3434358,5582
75,3825113,6759
75,4228465,6939
75,4600423,7612
75,5015302,8358
75,5413514,8476
75,5806766,8852
75,6192551,9068
75,6557420,8968
75,6951147,9417
75,7390429,9710
75,7763308,9691
75,8137797,10035
75,8536006,10145
75,8929412,10173
75,9306960,10326
75,9701100,10293
75,10079615,10329
75,10477509,10321
75,10845841,10266
75,11242924,10245
75,11637378,10156
75,12032651,10108
75,12431479,10028
75,12870485,9982
75,13262862,9926
75,13659111,9903
75,14055307,9876
75,14455030,9876
75,14848274,9871
75,15246128,9885
75,15639423,9891
75,16035568,9914
75,16412054,9923
75,16786240,9948
75,17211549,9957
75,17604022,9975
75,17974362,9981
75,18369811,9992
75,18761917,9993
75,19139104,9997
75,19556401,9995
75,19951670,9995
75,20348757,9992
75,20740702,9992
75,21138201,9987
75,21556708,9988
75,21950782,9984
75,22358551,9985
75,22743574,9985
75,23136576,9985
75,23536057,9986
75,23907718,9987
75,24335359,9989
75,24708239,9991
75,25076399,9991
75,25479513,9991
75,25847895,9991
75,26259706,9991
75,26662981,9990
75,27056053,9990
75,27455214,9990
75,27851636,9990
75,28244890,9991
75,28640275,9991
75,29034459,9991
75,29433218,9992
75,29850352,9994
75,30245862,9993
75,30637023,9994
75,31035008,9994
75,31430904,9994
75,31846551,9994
75,32244349,9994
75,32637119,9994
75,33012269,9994
75,33409664,9994
75,33784567,9994
75,34189501,9995
75,34555577,9995
75,34950277,9995
75,35357352,9995
75,35743874,9995
75,36138750,9995
75,36559229,9995
75,36953279,9995
75,37355987,9995
75,37724575,9995
75,38162672,9995
75,38555524,9995
75,38951866,9996
75,39353083,9996
76,713093,9
76,1115227,433
76,1513948,1011
76,1885455,1450
76,2240350,2117
76,2596021,3164
76,3009552,4084
76,3402435,5389
76,3783913,6684
76,4176665,6916
76,4561797,7482
76,4959483,8253
76,5328696,8455
76,5726742,8787
76,6119668,9067
76,6497639,8968
76,6912260,9336
76,7305339,9713
76,7711367,9672
76,8081239,9986
76,8496332,10148
76,8889575,10152
76,9280358,10314
76,9661612,10288
76,10077330,10323
76,10473204,10321
76,10845664,10269
76,11239358,10249
76,11599277,10172
76,11968468,10123
76,12363605,10054
76,12740219,10007
76,13095660,9950
76,13491855,9918
76,13885221,9888
76,14261163,9874
76,14617823,9874
76,14989971,9869
76,15344293,9885
76,15739415,9893
76,16093213,9911
76,16471750,9925
76,16884744,9945
76,17240624,9954
76,17594794,9973
76,17988708,9979
76,18364061,9988
76,18787883,9992
76,19182455,9996
76,19583650,9994
76,19974968,9994
76,20368257,9994
76,20788123,9991
76,21180348,9988
76,21585290,9987
76,21952901,9985
76,22345390,9985
76,22723420,9985
76,23116766,9985
76,23506554,9985
76,23891731,9986
76,24284796,9987
76,24681814,9988
76,25078763,9989
76,25501069,9990
76,25897817,9990
76,26288694,9990
76,26688279,9989
76,27084513,9989
76,27477524,9989
76,27892833,9989
76,28284174,9989
76,28686100,9989
76,29084237,9990
76,29478035,9991
76,29893829,9991
76,30308585,9993
76,30704769,9993
76,31117875,9992
76,31537864,9992
76,31944289,9992
76,32311854,9992
76,32701058,9992
76,33117440,9992
76,33516592,9993
76,33887505,9993
76,34283999,9993
76,34680275,9993
76,35074727,9993
76,35471187,9993
76,35865878,9994
76,36241768,9994
76,36647588,9994
76,37019704,9994
76,37428890,9994
76,37814050,9994
76,38185229,9994
76,38599150,9995
76,38995833,9995
76,39404208,9995
76,39788340,9995
76,40179289,9995
76,40588338,9995
76,40953493,9995
77,694433,8
77,1076610,434
77,1495785,1076
77,1909769,1603
77,2326939,2501
77,2726589,3550
77,3117646,4522
77,3520822,5957
77,3914569,6852
77,4308176,7089
77,4723017,7986
77,5117937,8437
77,5538507,8625
77,5930061,9004
77,6326320,9020
77,6722152,9110
77,7116057,9656
77,7536322,9669
77,7931110,9829
77,8335614,10136
77,8723473,10122
77,9116693,10271
77,9520843,10304
77,9919462,10285
77,10290906,10326
77,10705769,10264
77,11121369,10252
77,11521184,10170
77,11961514,10123
77,12332661,10056
77,12723212,10005
77,13117136,9945
77,13519504,9918
77,13958391,9883
77,14362885,9879
77,14746798,9872
77,15138338,9881
77,15520169,9887
77,15889821,9905
77,16274133,9916
77,16639989,9938
77,17033641,9951
77,17451213,9966
77,17824798,9975
77,18232880,9986
77,18617100,9988
77,19012163,9996
77,19423438,9993
77,19809264,9993
77,20184217,9992
77,20578911,9991
77,20949956,9986
77,21353234,9986
77,21767179,9985
77,22162933,9984
77,22580705,9983
77,22992016,9984
77,23416273,9984
77,23805353,9985
77,24199100,9986
77,24576859,9989
77,24969897,9989
77,25350482,9989
77,25742920,9990
77,26137022,9990
77,26522372,9989
77,26887012,9989
77,27302279,9990
77,27701087,9989
77,28115719,9990
77,28473328,9991
77,28865637,9991
77,29254266,9990
77,29639577,9990
77,30015852,9990
77,30415756,9991
77,30783617,9991
77,31179050,9991
77,31581619,9991
77,31975425,9991
77,32372836,9991
77,32778600,9992
77,33143686,9992
77,33538994,9992
77,33951106,9992
77,34352810,9992
77,34744661,9993
77,35116551,9993
77,35520227,9993
77,35913090,9993
77,36310165,9993
77,36765398,9994
77,37348571,9994
77,37928187,9994
77,38456021,9994
77,38924548,9994
77,39403948,9994
77,39903963,9995
77,40387214,9995
77,40823293,9995
77,41304724,9995
77,41749995,9995
77,42140615,9995
78,891899,23
78,1389802,607
78,1818738,1194
78,2286253,2001
78,2713392,3038
78,3203594,4378
78,3651903,5784
78,4054873,6825
78,4448174,7039
78,4838972,7758
78,5216023,8412
78,5606249,8514
78,5993026,8915
78,6386238,9054
78,6777196,8973
78,7161750,9405
78,7524450,9700
78,7879285,9656
78,8236927,9968
78,8627617,10136
78,8991203,10119
78,9379338,10283
78,9750249,10294
78,10108958,10281
78,10482210,10328
78,10833444,10273
78,11190940,10258
78,11565585,10198
78,11957821,10136
78,12376229,10085
78,12730525,10023
78,13084698,9984
78,13436802,9936
78,13813160,9911
78,14212084,9883
78,14583283,9881
78,14936767,9878
78,15334526,9884
78,15708319,9893
78,16064118,9911
78,16462601,9923
78,16841360,9944
78,17236054,9956
78,17629067,9970
78,18017501,9980
78,18401174,9989
78,18771254,9992
78,19128693,9997
78,19480430,9998
78,19836913,9996
78,20214490,9996
78,20608195,9995
78,20991652,9992
78,21378948,9988
78,21728848,9988
78,22099149,9986
78,22481672,9986
78,22875866,9986
78,23235733,9987
78,23626489,9987
78,24009230,9987
78,24397567,9990
78,24749765,9990
78,25127492,9991
78,25479705,9991
78,25835293,9993
78,26190188,9993
78,26562411,9993
78,26957184,9992
78,27384091,9993
78,27774981,9993
78,28131238,9992
78,28504541,9993
78,28855468,9993
78,29213284,9993
78,29608330,9993
78,29989832,9994
78,30379966,9994
78,30751296,9994
78,31107191,9994
78,31480563,9994
78,31834090,9994
78,32190982,9994
78,32568753,9995
78,32941338,9995
78,33339279,9995
78,33732266,9995
78,34086465,9995
78,34439068,9996
78,34813966,9996
78,35212334,9995
78,35563201,9995
78,35938124,9995
78,36339305,9995
78,36732411,9995
78,37086434,9995
78,37460008,9996
78,37813794,9998
79,767940,25
79,1175390,518
79,1587886,1071
79,1946669,1601
79,2360576,2501
79,2759425,3552
79,3176783,4696
79,3588982,5969
79,3945870,6861
79,4338402,7041
79,4711295,7755
79,5068304,8405
79,5462884,8514
79,5849055,8909
79,6235260,9060
79,6587002,8962
79,6965959,9403
79,7371856,9692
79,7738792,9670
79,8142211,9968
79,8506983,10136
79,8903107,10162
79,9296486,10307
79,9670382,10293
79,10028101,10314
79,10421812,10328
79,10794946,10270
79,11217573,10252
79,11609241,10173
79,12005826,10125
79,12399056,10046
79,12794501,9996
79,13191729,9946
79,13568968,9914
79,13964232,9886
79,14337742,9876
79,14691936,9873
79,15048010,9875
79,15462382,9886
79,15828124,9900
79,16214734,9915
79,16589621,9934
79,16985425,9950
79,17362903,9964
79,17758618,9978
79,18170727,9985
79,18524341,9991
79,18903138,9995
79,19296214,9998
79,19649793,9996
79,20026899,9995
79,20422760,9993
79,20827202,9990
79,21213908,9986
79,21586377,9987
79,21963975,9985
79,22358150,9985
79,22733246,9985
79,23093742,9986
79,23485647,9986
79,23871771,9987
79,24254547,9987
79,24630251,9991
79,25029589,9988
79,25422991,9991
79,25830082,9992
79,26214002,9992
79,26629330,9991
79,26989660,9991
79,27394070,9991
79,27753442,9991
79,28130326,9990
79,28523156,9991
79,28921502,9991
79,29338023,9991
79,29690238,9992
79,30050152,9992
79,30445994,9992
79,30851824,9992
79,31246506,9992
79,31636048,9992
79,32048776,9993
79,32442203,9993
79,32828959,9993
79,33215610,9993
79,33587788,9994
79,33944983,9995
79,34337141,9995
79,34712473,9995
79,35068243,9995
79,35464424,9995
79,35846910,9995
79,36255496,9995
79,36623426,9995
79,37006415,9995
79,37420586,9995
79,37773705,9995
79,38170808,9995
79,38545637,9995
79,38924535,9996
79,39317493,9996
80,712742,8
80,1076553,433
80,1489250,1010
80,1843319,1526
80,2245399,2375
80,2637678,3302
80,3014819,4382
80,3429884,5781
80,3823108,6821
80,4221441,6985
80,4614308,7627
80,4972466,8372
80,5367498,8505
80,5759481,8852
80,6118549,9063
80,6490289,8960
80,6894421,9328
80,7284493,9702
80,7680584,9680
80,8073127,9980
80,8468882,10147
80,8842581,10163
80,9260985,10315
80,9613045,10300
80,9992192,10314
80,10386806,10321
80,10781213,10262
80,11157343,10241
80,11556959,10150
80,11968359,10110
80,12322059,10041
80,12718265,9988
80,13099054,9934
80,13490874,9905
80,13894020,9881
80,14284488,9871
80,14683862,9871
80,15097035,9881
80,15499004,9890
80,15898198,9909
80,16260728,9924
80,16636943,9945
80,17032554,9957
80,17409210,9974
80,17800802,9983
80,18161854,9990
80,18529233,9995
80,18897063,9998
80,19281390,9998
80,19634682,9996
80,20012396,9996
80,20405374,9995
80,20780024,9990
80,21142216,9987
80,21533960,9988
80,21919891,9986
80,22302741,9986
80,22718795,9986
80,23075760,9986
80,23468929,9986
80,23841787,9988
80,24260572,9989
80,24657332,9989
80,25033579,9991
80,25425058,9991
80,25786274,9991
80,26164447,9992
80,26553082,9991
80,26970442,9991
80,27366658,9992
80,27737116,9992
80,28095562,9992
80,28488608,9992
80,28875534,9992
80,29261966,9992
80,29633752,9993
80,29990709,9993
80,30386335,9993
80,30779767,9993
80,31156117,9993
80,31530231,9993
80,31904534,9993
80,32305747,9993
80,32698486,9994
80,33073961,9994
80,33469184,9995
80,33843725,9995
80,34241749,9995
80,34635894,9995
80,35010440,9995
80,35362849,9995
80,35719928,9995
80,36095873,9995
80,36490632,9996
80,36894612,9996
80,37294956,9996
80,37677595,9996
80,38077712,9996
80,38447179,9996
80,38843551,9996
81,738660,9
81,1132651,433
81,1526361,1077
81,1943600,1606
81,2357447,2505
81,2766683,3559
81,3152979,4535
81,3528028,5972
81,3945884,6862
81,4338353,7102
81,4742772,7883
81,5109422,8431
81,5523655,8580
81,5926208,8955
81,6294851,9027
81,6689733,8997
81,7073094,9539
81,7466877,9670
81,7863663,9721
81,8257698,10083
81,8648756,10114
81,9054988,10191
81,9424705,10314
81,9821605,10272
81,10236614,10330
81,10629811,10287
81,11007521,10261
81,11402132,10220
81,11796035,10148
81,12194146,10093
81,12588592,10023
81,12985186,9983
81,13358206,9929
81,13764595,9909
81,14128479,9879
81,14524106,9881
81,14969514,9874
81,15359963,9886
81,15764459,9895
81,16133966,9915
81,16527268,9930
81,16930821,9947
81,17296735,9960
81,17691129,9973
81,18072422,9981
81,18485934,9988
81,18883423,9994
81,19278468,9996
81,19648626,9993
81,20056037,9993
81,20425167,9993
81,20867746,9988
81,21276526,9987
81,21651111,9986
81,22054394,9985
81,22416758,9985
81,22784035,9984
81,23150333,9985
81,23562679,9985
81,23963743,9986
81,24354073,9988
81,24752708,9989
81,25150901,9991
81,25540710,9991
81,25905793,9991
81,26300474,9991
81,26712509,9991
81,27090274,9991
81,27483054,9991
81,27900063,9991
81,28299948,9991
81,28708450,9991
81,29126516,9991
81,29480326,9992
81,29859710,9992
81,30252836,9993
81,30645648,9993
81,31003519,9993
81,31376617,9993
81,31738859,9994
81,32146344,9995
81,32501935,9995
81,32897694,9995
81,33276081,9995
81,33666817,9995
81,34048728,9995
81,34438488,9994
81,34814572,9995
81,35208167,9994
81,35563644,9994
81,35939337,9995
81,36333331,9995
81,36709018,9995
81,37107719,9996
81,37500618,9996
81,37885314,9998
81,38275933,9998
81,38649031,9997
81,39047144,9997
81,39462521,9997
81,39859466,9997
81,40251454,9997
81,40626443,9997
81,41007676,9997
82,757936,7
82,1165024,430
82,1577418,1072
82,1985725,1600
82,2389578,2501
82,2805355,3555
82,3203706,4694
82,3618890,6156
82,4021011,6859
82,4412453,7100
82,4805743,7993
82,5201547,8441
82,5595819,8580
82,6118543,9067
82,6722010,9039
82,7268772,9688
82,7846382,9713
82,8344266,10118
82,8829007,10111
82,9311234,10292
82,9716782,10280
82,10132985,10304
82,10569439,10294
82,11035517,10262
82,11510528,10210
82,11983350,10150
82,12426268,10072
82,12891577,10014
82,13306508,9953
82,13697918,9927
82,14170435,9886
82,14632219,9882
82,15151912,9880
82,15585096,9888
82,15946252,9901
82,16338758,9915
82,16709976,9930
82,17095115,9948
82,17483857,9958
82,17841122,9973
82,18202058,9981
82,18612463,9988
82,18976670,9991
82,19383672,9995
82,19782163,9993
82,20195488,9993
82,20589133,9990
82,20974814,9988
82,21362730,9986
82,21734694,9986
82,22093087,9984
82,22486932,9984
82,22861215,9984
82,23216415,9984
82,23610216,9984
82,23994027,9985
82,24381188,9986
82,24734700,9989
82,25113121,9990
82,25510240,9989
82,25903502,9989
82,26284490,9991
82,26694453,9991
82,27052647,9989
82,27424373,9990
82,27820017,9991
82,28199464,9990
82,28591662,9990
82,28941791,9992
82,29341764,9993
82,29712955,9993
82,30069769,9993
82,30444602,9993
82,30795833,9993
82,31194754,9993
82,31568854,9993
82,31919976,9993
82,32320576,9993
82,32693122,9993
82,33063770,9993
82,33466484,9993
82,33860976,9993
82,34219157,9993
82,34593750,9994
82,35000379,9995
82,35363660,9995
82,35760387,9995
82,36197462,9996
82,36593084,9996
82,36993236,9996
82,37402336,9996
82,37755711,9996
82,38114708,9996
82,38509532,9995
82,38885171,9995
82,39285136,9995
82,39699099,9995
82,40092691,9996
83,714459,24
83,1116033,432
83,1512855,1071
83,1890126,1602
83,2300356,2372
83,2685029,3427
83,3077758,4536
83,3468827,5780
83,3867571,6823
83,4259202,6988
83,4611909,7757
83,5012357,8412
83,5404319,8517
83,5783284,8917
83,6178171,9069
83,6553916,8982
83,6953474,9485
83,7364012,9703
83,7719128,9677
83,8092672,10020
83,8486695,10138
83,8843956,10134
83,9217489,10299
83,9612111,10276
83,10012565,10296
83,10384941,10314
83,10763957,10251
83,11158528,10236
83,11571069,10157
83,11930808,10112
83,12326018,10036
83,12739772,9991
83,13133698,9941
83,13508668,9916
83,13865254,9887
83,14279593,9877
83,14641727,9878
83,15049969,9880
83,15403633,9893
83,15780454,9902
83,16154119,9922
83,16551726,9938
83,16925897,9954
83,17299331,9963
83,17665947,9980
83,18081713,9985
83,18468041,9992
83,18841917,9993
83,19237729,9998
83,19591934,9993
83,19966876,9993
83,20360935,9993
83,20716946,9993
83,21091324,9987
83,21486648,9987
83,21871100,9986
83,22262294,9986
83,22687778,9985
83,23078076,9985
83,23486572,9987
83,23867944,9987
83,24258604,9990
83,24611630,9991
83,24988829,9991
83,25381822,9991
83,25744163,9991
83,26116070,9991
83,26510304,9990
83,26909522,9990
83,27282398,9991
83,27684543,9991
83,28056693,9991
83,28450081,9991
83,28864787,9991
83,29260714,9991
83,29646913,9993
83,30010629,9993
83,30406109,9993
83,30782613,9992
83,31178253,9992
83,31575900,9992
83,31989173,9993
83,32384963,9993
83,32784715,9993
83,33180446,9993
83,33576872,9993
83,33988611,9993
83,34386724,9995
83,34783978,9995
83,35178068,9995
83,35574015,9994
83,35988623,9994
83,36343761,9994
83,36721921,9994
83,37116910,9994
83,37511987,9995
83,37889022,9995
83,38282500,9995
83,38689499,9995
83,39071889,9995
83,39433415,9995
84,653303,1
84,1020106,272
84,1384376,859
84,1728409,1315
84,2074982,1783
84,2394070,2636
84,2753925,3556
84,3097872,4379
84,3482706,5778
84,3850534,6764
84,4190491,6943
84,4542353,7497
84,4895906,8268
84,5265119,8457
84,5628486,8680
84,5980216,9040
84,6331609,9024
84,6680087,9008
84,6995904,9408
84,7309054,9707
84,7667019,9663
84,8064593,9973
84,8449879,10146
84,8808199,10129
84,9162192,10273
84,9525399,10313
84,9876323,10282
84,10227088,10339
84,10577382,10303
84,10890935,10264
84,11252688,10245
84,11598777,10173
84,11930923,10130
84,12334414,10058
84,12694470,10008
84,13037875,9964
84,13396949,9920
84,13746790,9904
84,14125477,9877
84,14481489,9878
84,14829769,9874
84,15180336,9880
84,15492981,9890
84,15798512,9899
84,16136656,9915
84,16468895,9928
84,16822655,9947
84,17140615,9955
84,17497804,9970
84,17847209,9981
84,18203776,9986
84,18561163,9994
84,18919285,9995
84,19257976,9998
84,19584314,9996
84,19959797,9996
84,20317883,9995
84,20670072,9994
84,21026773,9987
84,21411130,9989
84,21785884,9986
84,22150631,9985
84,22505038,9985
84,22849394,9987
84,23195205,9987
84,23602470,9986
84,23945079,9988
84,24324878,9991
84,24718376,9990
84,25096943,9990
84,25481799,9992
84,25849831,9991
84,26201990,9991
84,26579179,9991
84,26951345,9992
84,27351385,9992
84,27702978,9992
84,28086644,9991
84,28480348,9992
84,28877629,9993
84,29253061,9993
84,29598285,9993
84,29978157,9993
84,30355141,9993
84,30730673,9993
84,31154373,9994
84,31547872,9994
84,31937277,9994
84,32315927,9994
84,32708755,9993
84,33082957,9993
84,33458995,9994
84,33852640,9994
84,34209959,9994
84,34606400,9993
84,35000764,9993
84,35396708,9994
84,35749595,9995
84,36102243,9995
84,36462808,9995
84,36856806,9996
84,37230045,9996
84,37628299,9996
84,38001734,9996
84,38401174,9996
84,38792698,9996
84,39166068,9995
84,39544148,9995
84,39935577,9996
84,40299974,9996
84,40691727,9996
84,41081527,9996
85,719596,7
85,1122946,433
85,1518893,1006
85,1896444,1517
85,2289315,2237
85,2641922,3160
85,3000688,4080
85,3392269,5391
85,3775585,6684
85,4162392,6917
85,4515750,7374
85,4929991,8263
85,5288412,8453
85,5662041,8681
85,6016265,9040
85,6396834,8999
85,6813962,9177
85,7213412,9678
85,7609687,9654
85,7986139,9863
85,8379396,10129
85,8765164,10116
85,9143556,10246
85,9495818,10321
85,9852624,10276
85,10230511,10339
85,10624117,10297
85,11001662,10270
85,11395423,10239
85,11801536,10161
85,12170259,10123
85,12541807,10041
85,12940338,9996
85,13329623,9943
85,13702862,9916
85,14104132,9882
85,14495563,9880
85,14894445,9872
85,15287970,9881
85,15640916,9887
85,15999840,9903
85,16394373,9919
85,16775122,9937
85,17142773,9949
85,17494517,9962
85,17849736,9974
85,18204238,9981
85,18577859,9989
85,18981132,9994
85,19373011,9997
85,19754700,9994
85,20143283,9995
85,20516772,9993
85,20893307,9989
85,21267157,9988
85,21640990,9986
85,22002242,9984
85,22417154,9984
85,22811752,9984
85,23227855,9984
85,23645630,9984
85,24042921,9986
85,24420785,9987
85,24813544,9987
85,25227329,9988
85,25584764,9989
85,25978437,9989
85,26350964,9989
85,26703383,9989
85,27122575,9989
85,27494855,9990
85,27850044,9990
85,28203457,9990
85,28599524,9989
85,28964270,9990
85,29350079,9990
85,29724599,9991
85,30150950,9991
85,30540316,9991
85,30896544,9992
85,31288996,9992
85,31683983,9990
85,32043010,9992
85,32436976,9992
85,32852326,9992
85,33254330,9992
85,33620662,9993
85,33999346,9992
85,34391488,9992
85,34754922,9992
85,35163892,9994
85,35515418,9994
85,35910317,9993
85,36338455,9995
85,36727065,9995
85,37106335,9993
85,37498652,9994
85,37911934,9995
85,38293595,9995
85,38689972,9994
85,39105617,9994
85,39496314,9995
85,39873641,9994
85,40227070,9994
85,40598444,9994
85,40962790,9995
85,41380715,9995
85,41779842,9995
85,42167848,9995
85,42542118,9996
86,779178,7
86,1161362,433
86,1556668,1003
86,1931410,1514
86,2346698,2234
86,2725561,3290
86,3119258,4371
86,3516892,5769
86,3930733,6813
86,4326317,6976
86,4703645,7745
86,5097096,8369
86,5472064,8486
86,5826443,8862
86,6221364,9079
86,6606478,8973
86,6993639,9338
86,7368319,9703
86,7722905,9668
86,8120156,9931
86,8498375,10152
86,8895490,10144
86,9303737,10295
86,9662647,10293
86,10080899,10306
86,10478442,10328
86,10851321,10262
86,11245008,10256
86,11646361,10173
86,12013982,10126
86,12429300,10059
86,12785748,10005
86,13201094,9948
86,13606468,9917
86,13996553,9889
86,14367856,9875
86,14771614,9877
86,15160529,9877
86,15576163,9889
86,15954374,9902
86,16323928,9919
86,16684884,9936
86,17075105,9952
86,17431505,9962
86,17827558,9979
86,18222003,9984
86,18586690,9992
86,18977243,9994
86,19345632,9998
86,19724892,9997
86,20121602,9996
86,20514223,9993
86,20934150,9990
86,21326216,9988
86,21683569,9987
86,22057907,9984
86,22450891,9985
86,22829012,9985
86,23222425,9985
86,23625822,9986
86,23997606,9987
86,24371185,9987
86,24770798,9989
86,25180149,9989
86,25531854,9990
86,25934968,9990
86,26328758,9990
86,26724604,9991
86,27118064,9991
86,27513930,9991
86,27908562,9991
86,28302839,9991
86,28663245,9991
86,29054103,9991
86,29430422,9991
86,29828304,9992
86,30222251,9992
86,30630555,9992
86,31017510,9992
86,31427424,9993
86,31787577,9995
86,32181832,9993
86,32555172,9993
86,32950523,9994
86,33303274,9995
86,33663365,9993
86,34045402,9994
86,34429506,9996
86,34808236,9996
86,35201701,9996
86,35587510,9996
86,35974540,9996
86,36346016,9996
86,36704448,9996
86,37096772,9996
86,37470367,9996
86,37827935,9996
86,38220712,9996
86,38605852,9996
86,38995217,9996
86,39367438,9996
86,39778958,9996
87,715798,8
87,1126867,434
87,1543139,1072
87,1960016,1600
87,2351785,2501
87,2766808,3554
87,3163864,4532
87,3556316,5961
87,3942844,6847
87,4350301,7087
87,4742885,7866
87,5123739,8420
87,5538673,8579
87,5923078,8964
87,6288260,9061
87,6684235,9009
87,7063021,9550
87,7455657,9691
87,7849857,9725
87,8248793,10091
87,8642087,10125
87,8996755,10169
87,9366540,10314
87,9724534,10280
87,10099541,10309
87,10475041,10321
87,10846501,10259
87,11245421,10258
87,11616331,10183
87,11981943,10136
87,12390683,10075
87,12742287,10020
87,13100015,9968
87,13494525,9930
87,13867234,9901
87,14267007,9879
87,14640730,9881
87,14996677,9874
87,15390187,9884
87,15764779,9891
87,16119135,9910
87,16472202,9919
87,16844864,9943
87,17255322,9952
87,17642418,9970
87,18020060,9977
87,18411595,9989
87,18783691,9991
87,19142742,9996
87,19535298,9994
87,19920872,9994
87,20309794,9993
87,20686469,9992
87,21080513,9987
87,21494949,9987
87,21845024,9986
87,22242982,9985
87,22619754,9984
87,22974500,9984
87,23346580,9985
87,23743431,9986
87,24099045,9986
87,24483048,9988
87,24871875,9989
87,25243833,9989
87,25598864,9990
87,25974220,9991
87,26347945,9991
87,26720855,9991
87,27101755,9991
87,27473044,9991
87,27844826,9991
87,28245377,9991
87,28617965,9992
87,28975543,9992
87,29368849,9992
87,29745246,9992
87,30100169,9992
87,30514263,9992
87,30869293,9992
87,31263409,9993
87,31638947,9994
87,31993696,9994
87,32345184,9994
87,32719873,9994
87,33120568,9995
87,33513195,9994
87,33899761,9994
87,34288477,9995
87,34661973,9995
87,35019375,9993
87,35433995,9995
87,35787168,9995
87,36144206,9995
87,36557739,9995
87,36919144,9995
87,37307068,9995
87,37658814,9995
87,38037267,9996
87,38391768,9996
87,38744460,9996
87,39123048,9996
87,39516411,9996
87,39870092,9996
87,40265612,9996
87,40637468,9997
88,742811,7
88,1113078,434
88,1507192,1005
88,1880107,1514
88,2274531,2237
88,2647726,3292
88,3051674,4226
88,3415143,5393
88,3774584,6682
88,4176336,6915
88,4541618,7368
88,4900527,8254
88,5302037,8447
88,5668210,8730
88,6066526,9052
88,6457401,8978
88,6832784,9173
88,7191779,9649
88,7561984,9657
88,7987360,9867
88,8378426,10144
88,8771535,10123
88,9151010,10274
88,9544921,10308
88,9958171,10299
88,10358352,10341
88,10750113,10276
88,11146425,10272
88,11499208,10218
88,11853540,10161
88,12215372,10106
88,12605822,10039
88,12990578,9993
88,13377852,9943
88,13749475,9918
88,14126875,9884
88,14499958,9882
88,14873887,9873
88,15230563,9880
88,15625830,9885
88,16008644,9904
88,16395958,9915
88,16769868,9935
88,17147745,9949
88,17541591,9967
88,17935871,9973
88,18333677,9986
88,18708281,9988
88,19063460,9996
88,19437458,9995
88,19834204,9995
88,20210138,9994
88,20604671,9994
88,21010772,9990
88,21376227,9987
88,21791900,9988
88,22145344,9986
88,22546207,9984
88,22957778,9985
88,23382523,9986
88,23774020,9986
88,24169870,9986
88,24574838,9991
88,24959801,9990
88,25333804,9990
88,25731830,9990
88,26148508,9991
88,26545898,9990
88,26958121,9990
88,27353636,9990
88,27727638,9991
88,28083998,9991
88,28478458,9992
88,28851738,9992
88,29214081,9992
88,29605848,9992
88,29988832,9992
88,30377427,9992
88,30750359,9992
88,31104942,9992
88,31499273,9993
88,31874460,9993
88,32230933,9993
88,32655961,9992
88,33049056,9994
88,33459048,9994
88,33873470,9993
88,34236256,9993
88,34627018,9993
88,35012056,9993
88,35399195,9993
88,35774695,9993
88,36174287,9994
88,36594263,9995
88,36991606,9995
88,37355144,9996
88,37749262,9996
88,38126160,9996
88,38521339,9995
88,38873731,9995
88,39275845,9996
88,39653453,9996
88,40028634,9996
88,40422430,9996
88,40832182,9996
88,41190248,9996
88,41583521,9996
88,41955757,9996
89,740790,24
89,1139396,434
89,1524753,1070
89,1912519,1516
89,2283944,2236
89,2642951,3288
89,3034903,4226
89,3409054,5390
89,3788862,6673
89,4183425,6934
89,4584840,7613
89,4994250,8366
89,5390112,8484
89,5767519,8859
89,6158489,9078
89,6524314,8970
89,6910792,9334
89,7284612,9703
89,7643397,9659
89,8013230,9866
89,8366866,10133
89,8727267,10115
89,9139520,10242
89,9491340,10308
89,9890347,10267
89,10284531,10329
89,10661545,10276
89,11035789,10256
89,11387770,10232
89,11744288,10162
89,12095992,10128
89,12470923,10050
89,12869073,10004
89,13263861,9950
89,13641812,9923
89,14038464,9889
89,14409538,9881
89,14784759,9875
89,15185118,9880
89,15579222,9887
89,15995237,9905
89,16391038,9915
89,16788077,9939
89,17183311,9949
89,17581585,9967
89,17995310,9976
89,18390981,9987
89,18786532,9987
89,19181066,9995
89,19545132,9993
89,19931535,9994
89,20284946,9992
89,20661614,9991
89,21055631,9987
89,21409536,9986
89,21786884,9984
89,22180251,9984
89,22543906,9984
89,22908751,9983
89,23262891,9984
89,23620013,9984
89,24012449,9984
89,24387331,9985
89,24749234,9986
89,25141186,9986
89,25549310,9986
89,25934306,9988
89,26324533,9989
89,26704871,9988
89,27097943,9988
89,27470408,9989
89,27867744,9988
89,28241748,9988
89,28599120,9989
89,28991264,9989
89,29346739,9989
89,29733585,9990
89,30121272,9989
89,30491248,9991
89,30889720,9991
89,31241151,9991
89,31598629,9990
89,31992279,9991
89,32365727,9991
89,32745395,9991
89,33137641,9991
89,33490409,9991
89,33892486,9992
89,34284982,9992
89,34640880,9993
89,35036418,9993
89,35388170,9993
89,35749044,9993
89,36122900,9993
89,36527554,9992
89,36892309,9993
89,37297946,9994
89,37686125,9992
89,38079067,9993
89,38472731,9993
89,38910419,9993
89,39309256,9993
89,39692390,9994
89,40058356,9994
89,40457977,9994
89,40851176,9994
89,41225946,9994
89,41599937,9994
89,41994701,9993
89,42392513,9993
89,42789706,9993
89,43183282,9995
90,741783,8
90,1140710,349
90,1494720,1006
90,1893130,1443
90,2285849,2105
90,2645566,3154
90,3035599,4080
90,3391189,5205
90,3766254,6460
90,4123228,6905
90,4529877,7264
90,4893600,8181
90,5287747,8455
90,5686344,8678
90,6055441,9031
90,6410332,9018
90,6767238,9049
90,7142971,9602
90,7548009,9668
90,7957669,9817
90,8346825,10118
90,8727071,10125
90,9119474,10229
90,9493687,10326
90,9913689,10285
90,10308523,10345
90,10708462,10284
90,11120014,10274
90,11492981,10216
90,11889792,10158
90,12242388,10113
90,12599364,10042
90,12994318,9995
90,13367707,9942
90,13729243,9919
90,14122217,9882
90,14530145,9879
90,14914441,9870
90,15309818,9880
90,15704084,9885
90,16099071,9906
90,16494359,9918
90,16892719,9942
90,17285476,9949
90,17644415,9970
90,18037880,9976
90,18389174,9987
90,18746796,9990
90,19119352,9996
90,19494309,9996
90,19892470,9996
90,20285360,9996
90,20672645,9995
90,21057876,9990
90,21411424,9988
90,21787923,9986
90,22180613,9986
90,22545747,9985
90,22931764,9985
90,23304966,9985
90,23682577,9987
90,24043040,9986
90,24438417,9987
90,24815611,9989
90,25207766,9990
90,25625677,9989
90,26015376,9991
90,26389992,9991
90,26746295,9991
90,27139029,9991
90,27525578,9991
90,27915189,9991
90,28287027,9991
90,28642410,9991
90,29035595,9992
90,29389903,9992
90,29768309,9992
90,30182550,9993
90,30543619,9994
90,30935405,9992
90,31310807,9993
90,31709677,9993
90,32120251,9993
90,32492547,9993
90,32891480,9993
90,33284742,9994
90,33661869,9994
90,34057460,9994
90,34421787,9994
90,34809562,9994
90,35186271,9994
90,35570072,9994
90,35961655,9995
90,36373347,9995
90,36790869,9995
90,37186180,9995
90,37571885,9995
90,37952999,9995
90,38309797,9995
90,38706406,9995
90,39100652,9995
90,39497136,9995
90,39893390,9995
90,40288483,9995
90,40686536,9996
90,41079566,9996
91,740931,7
91,1140412,433
91,1543051,1008
91,1912254,1524
91,2308131,2369
91,2704015,3294
91,3078170,4381
91,3506210,5775
91,3912003,6816
91,4307318,7032
91,4723459,7871
91,5118595,8402
91,5503343,8535
91,5891605,8903
91,6262143,9060
91,6662661,9001
91,7075615,9480
91,7429422,9690
91,7847163,9696
91,8200254,10019
91,8556929,10133
91,8950309,10150
91,9324662,10305
91,9686931,10282
91,10077534,10301
91,10452331,10321
91,10850270,10264
91,11243944,10256
91,11642911,10171
91,12040371,10126
91,12449937,10048
91,12849380,10007
91,13220985,9955
91,13577818,9922
91,13993277,9886
91,14388311,9876
91,14745312,9874
91,15117189,9873
91,15481198,9884
91,15869629,9895
91,16273074,9913
91,16667786,9931
91,17055165,9948
91,17486916,9963
91,17869578,9974
91,18264681,9984
91,18640088,9989
91,19040004,9995
91,19428627,9995
91,19829640,9993
91,20224009,9993
91,20641822,9993
91,21039832,9986
91,21450466,9988
91,21848848,9986
91,22243102,9984
91,22597664,9983
91,22991762,9983
91,23346086,9983
91,23723223,9984
91,24116856,9985
91,24486485,9986
91,24847486,9987
91,25199553,9989
91,25558656,9990
91,25953182,9989
91,26346324,9991
91,26722912,9991
91,27096363,9990
91,27450308,9990
91,27849770,9990
91,28219845,9990
91,28588422,9990
91,28974000,9989
91,29346137,9991
91,29702583,9991
91,30095093,9991
91,30481290,9991
91,30869538,9991
91,31241514,9992
91,31602540,9991
91,31994921,9991
91,32368745,9992
91,32767177,9992
91,33142835,9990
91,33540214,9993
91,33951819,9993
91,34346170,9993
91,34725335,9993
91,35116059,9993
91,35484428,9994
91,35848275,9994
91,36242213,9994
91,36642808,9993
91,37020408,9993
91,37386543,9993
91,37745362,9994
91,38141768,9994
91,38525399,9994
91,38909635,9994
91,39324949,9994
91,39683040,9994
91,40075859,9994
91,40450207,9994
91,40857195,9994
91,41245244,9994
91,41638516,9995
91,42039116,9995
91,42449191,9995
91,42873534,9996
92,768533,8
92,1173944,432
92,1567375,1072
92,1986429,1599
92,2398209,2501
92,2801825,3555
92,3221189,4693
92,3607198,5969
92,3988427,6855
92,4380858,7094
92,4783577,7988
92,5222908,8436
92,5608367,8623
92,6011367,9000
92,6398322,9020
92,6801612,9112
92,7222181,9654
92,7607743,9675
92,7986284,9824
92,8364332,10122
92,8742085,10126
92,9142799,10252
92,9553186,10313
92,9953043,10283
92,10322343,10332
92,10762797,10268
92,11158435,10253
92,11552170,10173
92,11974325,10123
92,12368884,10057
92,12744511,10002
92,13143056,9948
92,13553949,9914
92,13950474,9887
92,14322684,9875
92,14720597,9876
92,15098150,9876
92,15492188,9887
92,15879818,9902
92,16282901,9919
92,16678675,9940
92,17075023,9952
92,17448627,9967
92,17857847,9979
92,18259960,9989
92,18677026,9991
92,19075188,9996
92,19447481,9996
92,19861737,9995
92,20267252,9994
92,20655167,9993
92,21053372,9989
92,21428655,9988
92,21804660,9984
92,22232538,9985
92,22620316,9985
92,22990154,9985
92,23367447,9985
92,23737806,9988
92,24162195,9988
92,24571469,9989
92,24972633,9989
92,25343077,9992
92,25741293,9992
92,26115177,9990
92,26516071,9991
92,26905506,9992
92,27301000,9991
92,27674532,9989
92,28074869,9992
92,28447084,9992
92,28876664,9991
92,29286773,9992
92,29678155,9993
92,30077894,9993
92,30448715,9993
92,30855750,9993
92,31268679,9993
92,31675527,9993
92,32072844,9993
92,32451908,9993
92,32836048,9993
92,33221688,9993
92,33615845,9993
92,34011705,9995
92,34408739,9995
92,34803407,9994
92,35220511,9995
92,35614748,9994
92,36043821,9994
92,36448867,9994
92,36856857,9995
92,37242096,9995
92,37608259,9995
92,38008764,9995
92,38397771,9995
92,38800684,9995
92,39196682,9995
93,873149,51
93,1383707,780
93,1904156,1450
93,2409968,2498
93,2930235,3815
93,3376512,5215
93,3799636,6593
93,4206583,6928
93,4598410,7499
93,5021309,8326
93,5411476,8469
93,5787609,8793
93,6181755,9065
93,6556722,8963
93,6952623,9247
93,7353249,9700
93,7767087,9666
93,8163564,9982
93,8558353,10158
93,8955023,10168
93,9346096,10324
93,9727938,10300
93,10137531,10319
93,10490080,10343
93,10872412,10271
93,11265841,10252
93,11667308,10172
93,12054894,10118
93,12428770,10051
93,12784814,9999
93,13159299,9954
93,13511105,9914
93,13867891,9894
93,14242547,9871
93,14634835,9873
93,15054529,9869
93,15407357,9885
93,15763902,9892
93,16114917,9912
93,16490314,9927
93,16894680,9951
93,17286869,9960
93,17670036,9977
93,18056566,9983
93,18431249,9994
93,18785397,9994
93,19178344,9997
93,19556999,9997
93,19953673,9996
93,20346956,9993
93,20723977,9992
93,21136708,9988
93,21489702,9988
93,21869483,9985
93,22274195,9986
93,22673603,9986
93,23037198,9986
93,23451304,9986
93,23827775,9988
93,24204526,9988
93,24574473,9989
93,24929956,9989
93,25281354,9990
93,25665354,9990
93,26054401,9990
93,26408981,9990
93,26786279,9991
93,27177352,9991
93,27531926,9990
93,27889579,9990
93,28260368,9991
93,28614018,9991
93,29013324,9991
93,29386120,9991
93,29740705,9991
93,30114990,9992
93,30510479,9992
93,30872345,9992
93,31296037,9993
93,31693695,9993
93,32057572,9993
93,32452018,9993
93,32852931,9993
93,33242982,9993
93,33614455,9993
93,33990082,9993
93,34369063,9993
93,34795577,9993
93,35189311,9993
93,35576674,9993
93,35931225,9994
93,36305052,9994
93,36717276,9994
93,37086285,9994
93,37471602,9995
93,37893192,9995
93,38285006,9994
93,38675176,9995
93,39060090,9995
93,39454312,9995
93,39849228,9996
93,40245217,9996
93,40641508,9996
93,41015764,9996
93,41411509,9996
93,41787374,9996
93,42181694,9996
93,42577477,9996
93,42953434,9996
93,43394657,9996
93,43765992,9996
94,716905,24
94,1097102,433
94,1470403,1007
94,1830579,1523
94,2242344,2243
94,2629064,3293
94,2999156,4227
94,3369669,5582
94,3763498,6749
94,4180458,6963
94,4583591,7610
94,4972321,8356
94,5366080,8471
94,5742387,8850
94,6136075,9067
94,6493588,8960
94,6897970,9327
94,7264607,9697
94,7661152,9651
94,8033990,9965
94,8429864,10137
94,8827522,10133
94,9201311,10305
94,9607627,10291
94,9972374,10299
94,10387856,10331
94,10748963,10266
94,11149190,10264
94,11557015,10187
94,11950243,10149
94,12323959,10087
94,12682259,10027
94,13095110,9979
94,13470914,9933
94,13848605,9906
94,14219443,9882
94,14584607,9878
94,14991608,9871
94,15344316,9881
94,15701877,9888
94,16094193,9904
94,16471763,9916
94,16824592,9937
94,17176946,9946
94,17552831,9965
94,17953689,9971
94,18322943,9985
94,18680906,9987
94,19074423,9994
94,19426813,9994
94,19784913,9993
94,20196068,9993
94,20589667,9992
94,20974207,9987
94,21366893,9986
94,21744866,9983
94,22142149,9983
94,22530209,9982
94,22929524,9983
94,23327501,9984
94,23726106,9984
94,24098974,9984
94,24492524,9986
94,24872775,9986
94,25283237,9987
94,25681815,9987
94,26074933,9987
94,26469626,9988
94,26827114,9988
94,27231887,9988
94,27626596,9988
94,28010400,9989
94,28389259,9989
94,28808249,9989
94,29181373,9990
94,29586893,9991
94,29952036,9991
94,30348993,9991
94,30741386,9991
94,31115066,9991
94,31472918,9991
94,31889958,9992
94,32305220,9992
94,32701997,9992
94,33125253,9992
94,33532904,9993
94,33937195,9993
94,34349954,9993
94,34763213,9993
94,35180704,9993
94,35595667,9993
94,35967315,9993
94,36318618,9993
94,36680852,9993
94,37049989,9993
94,37420266,9993
94,37798330,9994
94,38183036,9993
94,38523212,9993
94,38895458,9993
95,735493,8
95,1147743,435
95,1535419,1006
95,1930881,1515
95,2325136,2359
95,2720556,3418
95,3147681,4522
95,3532789,5761
95,3886843,6749
95,4246985,6928
95,4640007,7605
95,5013941,8364
95,5411274,8483
95,5785288,8859
95,6188973,9080
95,6558187,8973
95,6949856,9332
95,7326409,9706
95,7720442,9662
95,8095246,9973
95,8492687,10151
95,8864854,10132
95,9221248,10298
95,9614721,10309
95,9970687,10286
95,10346536,10342
95,10739820,10282
95,11093962,10272
95,11492861,10223
95,11865859,10164
95,12243318,10110
95,12636338,10044
95,13013165,9996
95,13412733,9944
95,13803565,9917
95,14186743,9885
95,14574159,9882
95,14947104,9871
95,15314466,9879
95,15679622,9886
95,16081053,9904
95,16474813,9916
95,16846474,9939
95,17264930,9951
95,17658286,9967
95,18010507,9976
95,18370109,9985
95,18739213,9988
95,19093575,9997
95,19514268,9996
95,19921301,9997
95,20309287,9996
95,20686888,9994
95,21052736,9990
95,21411725,9990
95,21806551,9985
95,22190653,9985
95,22575076,9985
95,22990239,9985
95,23346910,9984
95,23762460,9986
95,24167168,9986
95,24553154,9987
95,24928556,9988
95,25304199,9990
95,25707773,9989
95,26094499,9990
95,26493011,9991
95,26887721,9990
95,27307394,9990
95,27705630,9991
95,28117304,9990
95,28514597,9990
95,28909005,9991
95,29305556,9991
95,29682370,9991
95,30056887,9991
95,30474131,9991
95,30867992,9991
95,31244704,9991
95,31638285,9992
95,32032398,9992
95,32409275,9992
95,32803305,9992
95,33187194,9992
95,33578029,9993
95,33946435,9993
95,34304071,9993
95,34702631,9995
95,35115047,9995
95,35496014,9995
95,35889031,9995
95,36307324,9995
95,36713094,9995
95,37119289,9995
95,37494728,9995
95,37900300,9996
95,38309804,9996
95,38704016,9996
95,39116727,9996
95,39515618,9996
95,39888552,9996
96,738988,6
96,1138897,433
96,1540600,1075
96,1929302,1600
96,2347234,2499
96,2743633,3552
96,3158609,4527
96,3589589,6137
96,3976536,6855
96,4392757,7147
96,4789110,8071
96,5199989,8420
96,5598973,8607
96,5972992,9033
96,6389665,9001
96,6789740,9178
96,7200616,9688
96,7597481,9661
96,7971599,9864
96,8370057,10136
96,8742478,10119
96,9140070,10264
96,9540295,10309
96,9930794,10273
96,10326226,10330
96,10723365,10273
96,11095190,10266
96,11451088,10223
96,11865709,10168
96,12230518,10120
96,12616727,10054
96,12990784,10012
96,13347362,9956
96,13741930,9930
96,14094974,9895
96,14471426,9888
96,14865154,9875
96,15250562,9880
96,15636350,9884
96,15989974,9899
96,16370252,9911
96,16763030,9931
96,17135951,9941
96,17492293,9959
96,17906797,9969
96,18278401,9982
96,18665009,9986
96,19074679,9995
96,19473668,9993
96,19846829,9995
96,20253696,9995
96,20644616,9994
96,21038446,9987
96,21432725,9989
96,21844781,9985
96,22199103,9985
96,22610340,9983
96,22972091,9984
96,23367225,9984
96,23741834,9985
96,24094209,9985
96,24449708,9988
96,24845136,9987
96,25230237,9989
96,25641809,9988
96,26041435,9990
96,26409237,9991
96,26805533,9990
96,27199872,9990
96,27594929,9992
96,27972573,9991
96,28377037,9991
96,28765556,9991
96,29161940,9993
96,29576897,9991
96,29970618,9991
96,30346942,9993
96,30742256,9993
96,31136493,9993
96,31512538,9993
96,31864884,9993
96,32251795,9993
96,32639746,9992
96,33039691,9992
96,33431470,9992
96,33825832,9992
96,34254541,9993
96,34639608,9993
96,35053243,9995
96,35428789,9995
96,35823095,9994
96,36177561,9995
96,36574658,9995
96,36950327,9995
96,37347523,9995
96,37740704,9995
96,38114618,9995
96,38493635,9995
96,38887015,9994
96,39250922,9995
96,39636937,9995
96,40011027,9995
96,40371378,9995
97,716944,-2
97,1099349,351
97,1495562,1007
97,1888978,1514
97,2306228,2361
97,2699101,3286
97,3074998,4364
97,3491968,5754
97,3889925,6790
97,4303763,6942
97,4663004,7717
97,5058610,8383
97,5471739,8519
97,5865653,8912
97,6239925,9090
97,6593926,8982
97,6966301,9346
97,7325156,9738
97,7719325,9683
97,8093143,9934
97,8452879,10171
97,8842845,10143
97,9217339,10278
97,9594789,10312
97,9972331,10284
97,10348726,10337
97,10743739,10270
97,11137510,10264
97,11536363,10204
97,11904556,10152
97,12280303,10104
97,12641251,10033
97,13035017,9992
97,13420565,9941
97,13782593,9919
97,14134378,9887
97,14495039,9880
97,14886042,9872
97,15261933,9878
97,15619234,9886
97,16010525,9901
97,16394831,9915
97,16783426,9935
97,17135073,9945
97,17513000,9961
97,17865147,9972
97,18217560,9979
97,18593667,9986
97,18948017,9993
97,19342964,9993
97,19747147,9993
97,20117032,9994
97,20493300,9993
97,20889767,9988
97,21284155,9987
97,21640322,9987
97,22011733,9986
97,22394024,9984
97,22783150,9984
97,23135113,9984
97,23494874,9985
97,23906149,9985
97,24280540,9986
97,24658979,9987
97,25044155,9988
97,25447555,9990
97,25845285,9989
97,26200660,9989
97,26597200,9991
97,26992145,9991
97,27395224,9991
97,27785067,9991
97,28161853,9991
97,28567430,9991
97,28935225,9991
97,29461019,9992
97,29923025,9991
97,30337498,9994
97,30823903,9993
97,31318829,9992
97,31861327,9994
97,32423180,9994
97,32889580,9994
97,33379780,9994
97,33885080,9994
97,34374091,9994
97,34820117,9994
97,35229441,9994
97,35731753,9995
97,36174379,9994
97,36704776,9995
97,37236579,9995
97,37783151,9995
97,38227551,9995
97,38692136,9996
97,39140025,9996
97,39607588,9996
97,40015733,9996
97,40413373,9996
97,40809562,9996
97,41200766,9997
97,41606078,9997
97,41999723,9997
98,737220,6
98,1138998,433
98,1546416,1006
98,1912860,1517
98,2308193,2363
98,2723783,3418
98,3139730,4520
98,3536234,5939
98,3952137,6813
98,4348839,6987
98,4745822,7843
98,5141420,8393
98,5536791,8560
98,5932374,8961
98,6309321,9051
98,6704450,9019
98,7079168,9562
98,7476442,9706
98,7850532,9738
98,8254475,10067
98,8639666,10141
98,9017816,10205
98,9410580,10331
98,9827262,10280
98,10200907,10334
98,10598609,10310
98,10950045,10270
98,11305691,10264
98,11679523,10191
98,12053686,10149
98,12457896,10072
98,12849877,10024
98,13256493,9963
98,13620254,9928
98,14014926,9893
98,14396815,9880
98,14762278,9873
98,15117189,9868
98,15477032,9879
98,15870549,9887
98,16298370,9905
98,16684965,9924
98,17055626,9939
98,17453935,9953
98,17846763,9967
98,18230391,9977
98,18618762,9983
98,19002658,9992
98,19411873,9991
98,19804827,9992
98,20178402,9993
98,20576581,9992
98,20950100,9985
98,21310078,9987
98,21701877,9985
98,22074577,9983
98,22451316,9982
98,22846414,9983
98,23199095,9982
98,23602880,9982
98,23974385,9984
98,24372769,9985
98,24744932,9986
98,25140449,9986
98,25541367,9986
98,25936098,9988
98,26308115,9989
98,26682133,9988
98,27100127,9988
98,27496308,9990
98,27890643,9989
98,28279184,9989
98,28639768,9989
98,29034254,9991
98,29397126,9989
98,29764578,9988
98,30163879,9991
98,30578451,9992
98,30972421,9989
98,31349214,9993
98,31742016,9993
98,32096459,9993
98,32453615,9992
98,32846703,9992
98,33252455,9993
98,33638446,9993
98,33991073,9992
98,34353355,9993
98,34745297,9993
98,35140770,9993
98,35542087,9993
98,35910536,9993
98,36309033,9993
98,36723630,9993
98,37116962,9993
98,37477579,9993
98,37845536,9993
98,38199739,9994
98,38597675,9993
98,38970679,9993
98,39330493,9994
98,39745561,9994
99,735706,7
99,1148979,432
99,1536303,1072
99,1956901,1594
99,2371309,2486
99,2782564,3537
99,3163356,4508
99,3537460,5929
99,3934740,6779
99,4312195,6986
99,4705374,7844
99,5120034,8408
99,5517898,8530
99,5914990,8969
99,6308176,9059
99,6726993,9066
99,7134346,9631
99,7551226,9698
99,7966140,9836
99,8362960,10163
99,8767035,10143
99,9175755,10265
99,9531387,10342
99,9920569,10284
99,10301981,10345
99,10694720,10292
99,11054732,10268
99,11406200,10246
99,11741743,10180
99,12052490,10148
99,12341335,10100
99,12688088,10035
99,13034446,9994
99,13388851,9942
99,13740725,9919
99,14097294,9885
99,14468413,9880
99,14821740,9873
99,15179275,9875
99,15531994,9883
99,15883712,9895
99,16236065,9911
99,16565164,9917
99,16879978,9940
99,17211339,9948
99,17527340,9964
99,17882038,9973
99,18196592,9981
99,18552228,9988
99,18911417,9991
99,19268784,9997
99,19590073,9994
99,19906967,9995
99,20234575,9995
99,20566710,9994
99,20927840,9990
99,21281515,9989
99,21630170,9990
99,21944982,9986
99,22253094,9986
99,22586254,9985
99,22904241,9986
99,23251430,9986
99,23585991,9985
99,23931722,9986
99,24218402,9986
99,24533018,9988
99,24842678,9989
99,25178297,9989
99,25465683,9989
99,25763621,9989
99,26071517,9991
99,26400013,9990
99,26730493,9990
99,27065099,9989
99,27396796,9991
99,27733202,9991
99,28067959,9991
99,28382430,9991
99,28777782,9991
99,29111748,9991
99,29467242,9991
99,29824025,9991
99,30181764,9991
99,30513622,9992
99,30872483,9993
99,31203545,9993
99,31561226,9992
99,31891910,9992
99,32223751,9992
99,32596314,9992
99,32975183,9992
99,33327675,9992
99,33686742,9994
99,34018900,9994
99,34350172,9994
99,34700570,9994
99,35042006,9994
99,35415717,9994
99,35775117,9995
99,36145183,9995
99,36481703,9995
99,36860817,9994
99,37232355,9994
99,37606109,9995
99,37983106,9995
99,38336649,9995
99,38711198,9995
99,39117106,9995
99,39495557,9995
99,39889858,9995
99,40289681,9995
99,40660000,9996
99,41018616,9996
99,41407461,9996
99,41790979,9996
99,42180304,9996
99,42531781,9996
99,42908444,9996
