trial_id,t_ns_since_cmd,position_counts
0,701066,13
0,1094630,414
0,1491449,911
0,1868336,1425
0,2261147,2216
0,2613646,3104
0,2970390,4074
0,3344447,5489
0,3742667,6993
0,4158838,8516
0,4510725,10204
0,4867979,12200
0,5263744,13171
0,5656912,14178
0,6056924,15659
0,6448094,16402
0,6825104,17138
0,7219900,17956
0,7592605,18478
0,7969989,18899
0,8361870,19292
0,8727695,19384
0,9113906,19486
0,9466790,19901
0,9850692,20054
0,10243288,20218
0,10634920,20434
0,11013747,20488
0,11418207,20604
0,11809527,20639
0,12198731,20643
0,12555491,20635
0,12956700,20603
0,13363564,20590
0,13721180,20542
0,14112812,20515
0,14487965,20451
0,14869770,20386
0,15262731,20307
0,15612363,20246
0,15970281,20182
0,16343251,20125
0,16740501,20079
0,17093541,20051
0,17466306,20024
0,17865174,20013
0,18218840,20008
0,18591344,20010
0,18989375,20016
0,19363168,20026
0,19722397,20035
0,20113190,20046
0,20465798,20051
0,20849271,20058
0,21240336,20062
0,21591670,20062
0,21970187,20062
0,22346083,20062
0,22741907,20058
0,23094640,20056
0,23470009,20052
0,23866693,20051
0,24263013,20046
0,24611736,20046
0,24991521,20044
0,25390603,20042
0,25763409,20041
0,26114862,20040
0,26470366,20039
0,26846915,20038
0,27239843,20037
0,27592869,20035
0,27970099,20035
0,28363304,20033
0,28727433,20033
0,29092357,20030
0,29488108,20030
0,29847144,20029
0,30217250,20028
0,30612817,20026
0,30966992,20027
0,31341432,20024
0,31755605,20023
0,32117240,20023
0,32480298,20022
0,32870574,20021
0,33260632,20020
0,33635408,20020
0,34034574,20017
0,34403434,20017
0,34760449,20017
0,35115102,20017
0,35478060,20015
0,35870017,20015
0,36261773,20015
0,36611864,20013
0,36969735,20012
0,37342695,20013
0,37738973,20012
0,38093881,20010
0,38465716,20010
0,38868439,20010
0,39260924,20010
0,39632841,20009
0,40031860,20009
0,40383635,20009
0,40761283,20009
0,41113485,20009
0,41465185,20008
0,41845780,20008
0,42239096,20008
0,42590707,20007
0,42971904,20007
0,43365042,20007
0,43724639,20007
0,44094475,20006
0,44490932,20006
0,44846426,20006
0,45220102,20005
0,45613103,20004
0,45967735,20004
0,46346091,20005
0,46742543,20005
0,47116823,20005
0,47471273,20004
0,47868596,20004
0,48262141,20004
0,48682783,20004
0,49071001,20004
0,49457456,20003
0,49870390,20002
0,50269255,20002
1,709347,9
1,1116770,349
1,1510509,987
1,1906908,1506
1,2303064,2395
1,2704280,3439
1,3116169,4606
1,3531915,6091
1,3949159,7652
1,4341980,9239
1,4718375,11235
1,5114192,12836
1,5508754,13574
1,5885863,14956
1,6279470,16034
1,6653522,16599
1,7011175,17506
1,7404707,18171
1,7779836,18613
1,8175987,19077
1,8549819,19328
1,8908535,19340
1,9317713,19632
1,9684251,19993
1,10080591,20045
1,10446600,20263
1,10815365,20418
1,11201396,20484
1,11611447,20581
1,11968883,20571
1,12361777,20587
1,12736792,20558
1,13092270,20544
1,13466999,20521
1,13863186,20490
1,14216099,20454
1,14591170,20379
1,14989271,20305
1,15383840,20231
1,15756361,20173
1,16140396,20101
1,16530275,20060
1,16884526,20020
1,17238502,19993
1,17590540,19977
1,17967849,19972
1,18363729,19969
1,18715970,19974
1,19091958,19986
1,19466861,19997
1,19860910,20008
1,20219463,20023
1,20620382,20032
1,20990746,20038
1,21384462,20044
1,21764719,20046
1,22156143,20046
1,22528294,20047
1,22883930,20043
1,23237977,20041
1,23591885,20039
1,23971243,20034
1,24362783,20031
1,24716960,20031
1,25094355,20027
1,25489002,20025
1,25883868,20025
1,26259239,20025
1,26613492,20024
1,26989829,20023
1,27383490,20023
1,27737061,20023
1,28112681,20020
1,28464210,20020
1,28876256,20021
1,29237131,20020
1,29588794,20018
1,29990245,20018
1,30380563,20018
1,30755285,20016
1,31180010,20015
1,31576387,20015
1,31990467,20014
1,32403903,20012
1,32778668,20012
1,33188144,20012
1,33571635,20011
1,33988805,20010
1,34381630,20010
1,34758429,20010
1,35155932,20010
1,35509049,20008
1,35884223,20008
1,36236221,20008
1,36588578,20008
1,36968277,20007
1,37360787,20007
1,37713665,20007
1,38092691,20007
1,38486885,20006
1,38848572,20006
1,39213870,20006
1,39609268,20006
1,39992321,20005
1,40415857,20004
1,40782518,20004
1,41159191,20004
1,41552810,20003
1,41956577,20003
1,42326091,20003
1,42736642,20002
1,43091967,20002
1,43468750,20002
1,43866095,20002
1,44238487,20002
1,44593393,20002
1,44989491,20002
1,45381389,20002
1,45761174,20002
1,46134720,20002
1,46485979,20002
1,46852124,20002
1,47239587,20002
1,47613028,20002
1,47991529,20002
2,733839,9
2,1142226,433
2,1556623,1060
2,1954833,1598
2,2394814,2527
2,2763462,3435
2,3161387,4587
2,3553876,5886
2,3921350,7437
2,4329827,9233
2,4794480,11512
2,5213020,12965
2,5599184,13870
2,5991489,15169
2,6367065,16230
2,6759193,16803
2,7125032,17754
2,7510678,18294
2,7884936,18676
2,8261585,19135
2,8613014,19340
2,9009201,19348
2,9370434,19749
2,9778665,19988
2,10140235,20067
2,10532313,20311
2,10904433,20410
2,11263914,20479
2,11655225,20580
2,12029831,20569
2,12429122,20585
2,12800006,20543
2,13156995,20533
2,13530697,20506
2,13881348,20473
2,14237760,20444
2,14612854,20382
2,14990092,20328
2,15369265,20243
2,15764743,20188
2,16161200,20118
2,16533895,20072
2,16886269,20029
2,17264325,19999
2,17659041,19978
2,18011673,19973
2,18386705,19966
2,18740668,19970
2,19122701,19979
2,19511229,19991
2,19865402,20001
2,20247716,20017
2,20640156,20026
2,21068644,20036
2,21454442,20040
2,21831801,20046
2,22227894,20045
2,22636453,20045
2,22990222,20042
2,23367512,20039
2,23760640,20034
2,24127953,20031
2,24516122,20029
2,24888287,20026
2,25287102,20023
2,25661176,20023
2,26088618,20023
2,26471443,20021
2,26885673,20021
2,27244279,20021
2,27658614,20021
2,28011326,20020
2,28379409,20020
2,28740429,20020
2,29138001,20019
2,29489078,20018
2,29864397,20018
2,30265875,20017
2,30657244,20016
2,31031481,20015
2,31433367,20015
2,31806690,20014
2,32203353,20014
2,32577401,20014
2,32974311,20014
2,33387408,20011
2,33782567,20012
2,34168391,20011
2,34555101,20009
2,34907075,20009
2,35283350,20009
2,35678763,20008
2,36052311,20007
2,36458475,20007
2,36825491,20007
2,37226962,20007
2,37638804,20006
2,38032545,20006
2,38407516,20006
2,38762354,20005
2,39122327,20005
2,39489919,20005
2,39886702,20003
2,40263433,20003
2,40657077,20003
2,41010566,20003
2,41365858,20003
2,41740398,20003
2,42147699,20003
2,42556196,20003
2,42950366,20002
2,43307615,20002
2,43680992,20001
2,44091311,20001
2,44452761,20001
2,44850299,20001
2,45264115,20001
2,45656602,20001
2,46032324,20001
2,46429545,20001
2,46804500,20001
2,47160365,20001
2,47576122,20001
2,47974942,20001
3,711781,26
3,1115762,431
3,1493426,1050
3,1886567,1502
3,2264437,2389
3,2658772,3303
3,3011654,4261
3,3389548,5683
3,3803021,7027
3,4190190,8743
3,4579714,10722
3,4968638,12576
3,5367616,13364
3,5738519,14401
3,6091745,15694
3,6493736,16475
3,6864156,17162
3,7227822,18055
3,7619618,18463
3,7989383,18892
3,8369418,19306
3,8765100,19349
3,9159477,19570
3,9578152,19971
3,9971115,20019
3,10347871,20249
3,10754172,20401
3,11117008,20444
3,11469468,20561
3,11844160,20569
3,12226617,20583
3,12593395,20571
3,12973201,20539
3,13369291,20521
3,13764280,20482
3,14135373,20442
3,14535465,20378
3,14907402,20321
3,15262268,20241
3,15615386,20184
3,15968855,20119
3,16345497,20066
3,16738683,20023
3,17093886,19992
3,17469382,19969
3,17862907,19964
3,18227354,19959
3,18616803,19964
3,18989781,19975
3,19367036,19986
3,19718787,19999
3,20113745,20015
3,20470009,20024
3,20843306,20036
3,21241617,20042
3,21596493,20046
3,21969868,20048
3,22368917,20048
3,22741327,20047
3,23090738,20041
3,23493770,20041
3,23887507,20036
3,24265326,20030
3,24659551,20029
3,25030357,20027
3,25393538,20025
3,25782602,20022
3,26155596,20023
3,26554770,20022
3,26927291,20020
3,27283396,20020
3,27646262,20021
3,28011275,20020
3,28365424,20020
3,28718174,20020
3,29092459,20019
3,29497443,20018
3,29890110,20017
3,30286018,20016
3,30681017,20016
3,31080237,20014
3,31471708,20014
3,31844248,20014
3,32226198,20014
3,32616403,20011
3,32971360,20011
3,33389770,20011
3,33785147,20012
3,34159339,20010
3,34564791,20010
3,34928608,20010
3,35285407,20010
3,35678874,20009
3,36032012,20009
3,36389506,20008
3,36781801,20007
3,37155236,20007
3,37533950,20007
3,37885324,20006
3,38240563,20004
3,38592588,20006
3,38968525,20006
3,39365081,20005
3,39716442,20005
3,40093254,20005
3,40495982,20005
3,40893809,20004
3,41264633,20004
3,41657869,20004
3,42046009,20003
3,42433695,20002
3,42806230,20004
3,43213686,20003
3,43572739,20003
3,43934184,20003
3,44332384,20003
3,44742056,20003
3,45092027,20003
3,45473330,20003
3,45867056,20002
3,46232654,20002
3,46599255,20002
3,46992528,20002
3,47355392,20002
3,47746421,20002
3,48121290,20002
3,48496654,20002
4,639165,0
4,1002993,272
4,1359805,851
4,1716989,1303
4,2062511,1903
4,2410403,2663
4,2720166,3443
4,3037887,4432
4,3391638,5506
4,3777637,7241
4,4157527,8763
4,4519908,10482
4,4869460,12231
4,5239058,13182
4,5585613,14045
4,5940337,15368
4,6287680,16161
4,6596135,16623
4,6934795,17388
4,7269484,18098
4,7622101,18483
4,8005915,18930
4,8354990,19271
4,8703895,19323
4,9016653,19357
4,9346027,19738
4,9671395,19969
4,9996904,20019
4,10352766,20247
4,10702908,20396
4,11014507,20431
4,11325677,20540
4,11661838,20588
4,11971610,20580
4,12288633,20599
4,12636987,20572
4,12955632,20551
4,13336050,20530
4,13665104,20484
4,14064223,20443
4,14396220,20366
4,14751398,20301
4,15111706,20223
4,15457446,20163
4,15818778,20108
4,16154050,20056
4,16484844,20019
4,16858137,19987
4,17215446,19968
4,17571758,19960
4,17925061,19960
4,18276600,19960
4,18605390,19970
4,18959854,19983
4,19302216,19996
4,19675210,20009
4,20029666,20023
4,20407211,20033
4,20764823,20039
4,21120942,20046
4,21491263,20049
4,21864880,20049
4,22244687,20049
4,22597911,20048
4,22971666,20043
4,23373280,20040
4,23729731,20037
4,24133681,20031
4,24525079,20029
4,24893885,20028
4,25271166,20023
4,25622263,20023
4,25979026,20023
4,26353478,20020
4,26750346,20020
4,27111978,20020
4,27482529,20020
4,27875861,20020
4,28252095,20019
4,28606638,20019
4,29000314,20017
4,29379581,20016
4,29774325,20016
4,30168923,20014
4,30547187,20014
4,30958531,20014
4,31316384,20014
4,31715602,20013
4,32129096,20012
4,32532826,20012
4,32920893,20012
4,33294673,20010
4,33669738,20009
4,34022377,20009
4,34397210,20009
4,34756172,20008
4,35156117,20008
4,35574854,20007
4,35960149,20005
4,36320574,20005
4,36687716,20005
4,37099713,20005
4,37498311,20005
4,37873028,20005
4,38234874,20004
4,38627427,20004
4,38980503,20004
4,39356260,20003
4,39793860,20002
4,40203885,20001
4,40569394,20001
4,40935888,20001
4,41287999,20001
4,41671162,20001
4,42030851,20001
4,42412710,20001
4,42776902,20001
4,43113411,20001
4,43485170,20000
4,43837610,20000
4,44199067,20000
4,44550930,19999
4,44925096,20000
4,45282900,20000
5,770545,25
5,1176630,514
5,1570965,1054
5,1988299,1598
5,2366953,2528
5,2769185,3441
5,3138396,4590
5,3526499,5880
5,3925451,7438
5,4299286,9227
5,4692517,10984
5,5068795,12733
5,5486278,13592
5,5893798,14782
5,6256058,16056
5,6671623,16613
5,7030450,17512
5,7423072,18239
5,7837967,18676
5,8237281,19133
5,8613647,19337
5,9007230,19366
5,9420945,19746
5,9775478,19990
5,10156526,20064
5,10550294,20332
5,10981675,20411
5,11364063,20503
5,11742187,20570
5,12138581,20564
5,12504718,20580
5,12872522,20537
5,13255505,20532
5,13671780,20491
5,14027167,20461
5,14422206,20401
5,14796618,20345
5,15151516,20256
5,15545932,20195
5,15953389,20122
5,16345255,20064
5,16735986,20020
5,17112107,19987
5,17511124,19964
5,17942829,19957
5,18318880,19955
5,18692307,19961
5,19049818,19972
5,19462795,19986
5,19817032,19999
5,20218548,20014
5,20591234,20026
5,20987332,20034
5,21366490,20038
5,21760230,20046
5,22174498,20043
5,22567231,20043
5,22925095,20043
5,23298355,20039
5,23694027,20033
5,24071772,20032
5,24463578,20029
5,24817374,20025
5,25195375,20022
5,25588580,20022
5,25968462,20018
5,26360036,20017
5,26784926,20018
5,27156492,20017
5,27547627,20017
5,27944684,20018
5,28317477,20018
5,28671905,20017
5,29032249,20016
5,29423179,20016
5,29795346,20015
5,30174496,20014
5,30572179,20014
5,30966854,20011
5,31361055,20011
5,31738130,20011
5,32116053,20011
5,32503748,20010
5,32868324,20010
5,33255084,20009
5,33657455,20008
5,34080210,20008
5,34468469,20008
5,34874768,20006
5,35254490,20006
5,35674573,20006
5,36074040,20005
5,36465459,20004
5,36874133,20005
5,37233658,20005
5,37588565,20004
5,37986241,20003
5,38362792,20004
5,38758536,20003
5,39174584,20003
5,39567388,20003
5,39953332,20003
5,40342843,20001
5,40715006,20001
5,41114079,20001
5,41504980,20000
5,41909887,20000
5,42297590,20001
5,42691589,20001
5,43072135,20000
5,43463326,20000
5,43818250,20001
5,44194261,20001
5,44587037,20001
5,44944966,20001
5,45317392,20001
5,45712401,19999
6,739073,9
6,1101465,430
6,1518600,1057
6,1911846,1599
6,2328041,2393
6,2684828,3442
6,3082856,4592
6,3494935,5881
6,3867429,7239
6,4280936,9227
6,4662722,10986
6,5016020,12580
6,5388758,13358
6,5742547,14388
6,6119147,15680
6,6471363,16378
6,6867459,17129
6,7250455,18027
6,7643414,18438
6,8038697,18938
6,8412673,19290
6,8768180,19336
6,9142983,19497
6,9538962,19944
6,9941213,20011
6,10313984,20211
6,10707721,20401
6,11122557,20441
6,11495904,20554
6,11847309,20570
6,12225106,20581
6,12598751,20568
6,12981603,20539
6,13369345,20524
6,13741175,20479
6,14109569,20433
6,14494910,20363
6,14867119,20298
6,15222674,20220
6,15595571,20152
6,15994476,20088
6,16346741,20043
6,16719872,19999
6,17119622,19974
6,17471321,19960
6,17845319,19954
6,18250366,19955
6,18639550,19966
6,19017513,19978
6,19412220,19989
6,19787449,20005
6,20146507,20020
6,20534999,20032
6,20908953,20039
6,21310390,20046
6,21682021,20047
6,22035500,20047
6,22391970,20047
6,22744215,20046
6,23099802,20041
6,23471478,20037
6,23865422,20034
6,24222258,20029
6,24595642,20027
6,24994122,20025
6,25349095,20022
6,25720389,20021
6,26098276,20020
6,26472278,20019
6,26843409,20019
6,27220885,20019
6,27595254,20018
6,27976602,20018
6,28375569,20018
6,28742301,20018
6,29101476,20018
6,29494108,20017
6,29850472,20017
6,30244549,20016
6,30618361,20016
6,30995891,20015
6,31345390,20015
6,31720279,20013
6,32120334,20013
6,32469867,20013
6,32844657,20012
6,33244692,20011
6,33597712,20010
6,33982039,20009
6,34367211,20009
6,34739913,20008
6,35100192,20007
6,35491882,20007
6,35844487,20007
6,36224594,20006
6,36616772,20006
6,36978719,20006
6,37345213,20005
6,37740019,20005
6,38105956,20005
6,38471658,20004
6,38865824,20004
6,39223065,20004
6,39595571,20004
6,39978662,20003
6,40369932,20003
6,40721640,20003
6,41098586,20003
6,41471797,20003
6,41847684,20002
6,42227042,20002
6,42601690,20002
6,42982889,20001
6,43372645,20001
6,43745941,20001
6,44100836,20001
6,44496927,20000
6,44868194,20000
6,45225604,20000
6,45619635,20000
6,45997467,19999
6,46392557,19999
6,46763812,19999
6,47122531,19999
7,693500,9
7,1074890,429
7,1491061,993
7,1844934,1441
7,2218583,2266
7,2592396,3185
7,2968499,4124
7,3322330,5307
7,3676482,6650
7,4071213,8288
7,4448902,9948
7,4829273,11987
7,5219897,13047
7,5572558,13998
7,5991883,15330
7,6342233,16201
7,6698620,16758
7,7071546,17611
7,7424220,18225
7,7779639,18592
7,8153681,19119
7,8530319,19332
7,8909347,19335
7,9303889,19681
7,9695766,19998
7,10075310,20041
7,10449689,20280
7,10805891,20413
7,11195061,20468
7,11569371,20575
7,11969633,20562
7,12341507,20577
7,12700079,20544
7,13093288,20531
7,13466438,20505
7,13824221,20466
7,14238600,20431
7,14590988,20370
7,15000544,20307
7,15369004,20226
7,15767651,20157
7,16179406,20090
7,16570397,20044
7,16952315,20000
7,17344889,19973
7,17701159,19958
7,18075221,19950
7,18469900,19949
7,18844584,19957
7,19200202,19969
7,19621732,19984
7,20011016,19996
7,20367012,20012
7,20747707,20021
7,21137270,20031
7,21552066,20036
7,21905742,20039
7,22282369,20041
7,22682037,20040
7,23070443,20039
7,23446827,20035
7,23804685,20031
7,24197403,20027
7,24570941,20025
7,24971503,20021
7,25348910,20020
7,25741806,20018
7,26094045,20017
7,26470183,20015
7,26823314,20015
7,27175943,20015
7,27529749,20016
7,27918394,20017
7,28306080,20016
7,28697568,20016
7,29071107,20016
7,29446390,20016
7,29805305,20013
7,30196234,20013
7,30551056,20013
7,30926532,20012
7,31279020,20011
7,31664519,20012
7,32050299,20011
7,32403911,20010
7,32781157,20010
7,33175068,20010
7,33528415,20009
7,33908445,20009
7,34301677,20008
7,34661601,20007
7,35050045,20006
7,35423728,20006
7,35782462,20006
7,36153352,20005
7,36549601,20005
7,36927459,20005
7,37278747,20005
7,37693343,20004
7,38050849,20003
7,38404424,20003
7,38810699,20003
7,39202081,20003
7,39625208,20003
7,40013373,20003
7,40424138,20001
7,40831983,20001
7,41204937,20001
7,41595848,20001
7,41987908,20000
7,42423653,20001
7,42810451,20001
7,43203487,20001
7,43595544,20000
7,43973090,20000
7,44346263,20000
7,44743585,19998
7,45141735,19998
7,45531632,19999
8,652768,0
8,1012194,202
8,1346812,773
8,1678797,1244
8,2011669,1689
8,2333902,2386
8,2625185,3171
8,2931044,3956
8,3253517,4905
8,3594884,6237
8,3931382,7413
8,4263520,8953
8,4595710,10690
8,4940409,12193
8,5296312,13136
8,5620868,13996
8,5976906,15338
8,6356946,16223
8,6714871,16786
8,7063281,17641
8,7421892,18258
8,7771073,18619
8,8127804,19081
8,8487462,19348
8,8872203,19345
8,9213077,19564
8,9566030,19957
8,9925052,20021
8,10287489,20178
8,10631736,20382
8,10961037,20431
8,11321483,20511
8,11652428,20583
8,11986836,20564
8,12327556,20576
8,12697587,20545
8,13070932,20522
8,13447179,20496
8,13822997,20460
8,14203015,20418
8,14598705,20359
8,14971607,20287
8,15349496,20216
8,15723274,20157
8,16075027,20094
8,16461636,20041
8,16847675,20001
8,17228187,19974
8,17587793,19955
8,17979961,19949
8,18342469,19947
8,18728659,19955
8,19102062,19967
8,19462007,19977
8,19841959,19993
8,20233442,20010
8,20628765,20018
8,21023229,20031
8,21418247,20036
8,21816128,20041
8,22229093,20041
8,22585815,20041
8,22982092,20039
8,23357404,20037
8,23751385,20032
8,24127630,20030
8,24526255,20026
8,24917736,20022
8,25302399,20019
8,25687299,20019
8,26067435,20017
8,26480142,20016
8,26832592,20015
8,27207214,20015
8,27604600,20016
8,27958498,20016
8,28351906,20016
8,28730911,20016
8,29124863,20016
8,29500414,20016
8,29852449,20015
8,30205956,20014
8,30587639,20014
8,30981452,20012
8,31378312,20012
8,31751078,20012
8,32126371,20012
8,32482513,20012
8,32874378,20011
8,33248883,20011
8,33649156,20011
8,34046399,20011
8,34424643,20010
8,34812602,20010
8,35165939,20008
8,35547385,20007
8,35943397,20007
8,36357136,20006
8,36732486,20006
8,37123055,20006
8,37489835,20006
8,38011975,20005
8,38532649,20005
8,39059414,20005
8,39607258,20005
8,40122425,20003
8,40666711,20003
8,41181925,20003
8,41681796,20003
8,42132623,20003
8,42622963,20002
8,43136477,20002
8,43655062,20002
8,44147344,20002
8,44648185,20001
8,45173558,20001
9,738322,7
9,1141727,433
9,1540122,1066
9,1954803,1608
9,2349300,2523
9,2742931,3440
9,3117651,4422
9,3475947,5673
9,3844855,7228
9,4247214,8978
9,4641132,10715
9,5033316,12580
9,5413421,13358
9,5807218,14579
9,6213320,15947
9,6598844,16531
9,6993715,17375
9,7370360,18157
9,7783472,18524
9,8138298,19038
9,8535974,19288
9,8906923,19293
9,9265265,19588
9,9659307,19928
9,10032626,19965
9,10390080,20209
9,10804096,20380
9,11189462,20437
9,11583588,20559
9,11970587,20550
9,12349862,20568
9,12742158,20542
9,13115735,20525
9,13474109,20495
9,13867028,20462
9,14243941,20421
9,14638615,20368
9,14990094,20306
9,15348488,20233
9,15721323,20165
9,16121256,20103
9,16518896,20049
9,16911178,20006
9,17265665,19975
9,17658838,19958
9,18014707,19949
9,18369467,19946
9,18740658,19952
9,19114366,19964
9,19495289,19974
9,19870342,19990
9,20265764,20004
9,20641206,20016
9,21033533,20025
9,21409193,20031
9,21761809,20035
9,22115405,20036
9,22474537,20039
9,22880242,20037
9,23270837,20034
9,23661049,20031
9,24057587,20028
9,24432385,20022
9,24831606,20022
9,25230595,20018
9,25621633,20016
9,26013595,20015
9,26367337,20015
9,26719393,20015
9,27098351,20015
9,27493907,20015
9,27845296,20015
9,28228928,20015
9,28624623,20014
9,29013905,20013
9,29392495,20013
9,29782437,20013
9,30191837,20012
9,30574571,20010
9,30931989,20010
9,31330890,20010
9,31740281,20010
9,32093634,20009
9,32472191,20009
9,32876533,20009
9,33272157,20007
9,33668846,20006
9,34037054,20007
9,34413811,20005
9,34805672,20004
9,35325714,20004
9,35850791,20004
9,36359421,20003
9,36830253,20003
9,37304601,20003
9,37798271,20002
9,38283095,20002
9,38668521,20001
9,39043280,20000
9,39500540,20000
9,39928219,20000
9,40383883,20000
9,40815844,20000
9,41255246,19999
9,41709073,19999
9,42082633,19999
9,42414178,19999
9,42737388,19999
9,43157919,19999
9,43599220,19999
9,44011210,19998
9,44470915,19998
9,44932469,19998
9,45298200,19998
9,45649675,19998
9,45983317,19998
9,46317095,19997
10,736459,8
10,1121674,351
10,1493574,926
10,1867406,1445
10,2252540,2140
10,2623401,3184
10,3019260,4268
10,3434613,5486
10,3808729,7034
10,4187778,8508
10,4554845,10191
10,4910248,11993
10,5289989,13153
10,5658732,14008
10,6080846,15677
10,6495545,16376
10,6868006,17002
10,7249686,17942
10,7621517,18388
10,7992495,18783
10,8350708,19210
10,8722225,19329
10,9103521,19380
10,9492801,19845
10,9894471,19982
10,10289546,20140
10,10688943,20363
10,11067851,20405
10,11430772,20504
10,11782965,20562
10,12139028,20548
10,12492262,20564
10,12845662,20529
10,13229905,20520
10,13622259,20483
10,13991714,20453
10,14350411,20397
10,14745662,20337
10,15109315,20256
10,15518337,20190
10,15866550,20130
10,16225828,20073
10,16595767,20026
10,16990916,19988
10,17349067,19967
10,17723236,19950
10,18124646,19949
10,18514842,19948
10,18888009,19958
10,19246940,19971
10,19600259,19983
10,19970394,19996
10,20371312,20013
10,20723337,20022
10,21103826,20032
10,21492817,20036
10,21846316,20042
10,22221864,20042
10,22594746,20041
10,22992139,20038
10,23346141,20037
10,23720535,20031
10,24137128,20028
10,24514028,20024
10,24867178,20023
10,25248734,20018
10,25640110,20018
10,26001913,20017
10,26389388,20015
10,26762489,20015
10,27119690,20014
10,27491116,20014
10,27844404,20014
10,28229185,20014
10,28619460,20015
10,28972665,20014
10,29349583,20014
10,29746228,20013
10,30106976,20012
10,30512652,20011
10,30865897,20011
10,31245389,20011
10,31597174,20010
10,31991060,20010
10,32346935,20010
10,32720179,20009
10,33117800,20008
10,33471932,20007
10,33844082,20007
10,34251026,20007
10,34617492,20006
10,34969965,20005
10,35351312,20005
10,35723273,20005
10,36102725,20003
10,36497163,20003
10,36850088,20003
10,37224927,20003
10,37599005,20003
10,37990796,20003
10,38346162,20003
10,38724515,20003
10,39122043,20002
10,39473969,20001
10,39848483,20002
10,40246133,20002
10,40599468,20001
10,40973915,20001
10,41371516,20001
10,41726458,20001
10,42121659,20001
10,42494617,20001
10,42846231,20001
10,43223990,20000
10,43617990,20000
10,43992231,20000
10,44346373,19999
10,44742606,19999
10,45103871,19999
10,45491474,19999
10,45867390,19998
11,758065,8
11,1160255,433
11,1569935,1003
11,1933211,1535
11,2328960,2410
11,2742730,3458
11,3156674,4442
11,3534660,5887
11,3928367,7450
11,4329312,9232
11,4745353,11245
11,5136455,12727
11,5510949,13580
11,5914383,14972
11,6302608,16057
11,6659768,16603
11,7034341,17474
11,7427986,18134
11,7804341,18554
11,8202593,19013
11,8616534,19277
11,8990636,19283
11,9343111,19584
11,9725572,19951
11,10104291,19991
11,10491195,20260
11,10868271,20398
11,11241385,20461
11,11649438,20557
11,12012157,20546
11,12404796,20560
11,12762991,20529
11,13135325,20511
11,13490584,20480
11,13906719,20444
11,14259069,20407
11,14624746,20342
11,15012810,20275
11,15384494,20207
11,15741378,20144
11,16136489,20086
11,16509932,20038
11,16906373,20001
11,17260380,19978
11,17635296,19963
11,17988747,19960
11,18363057,19956
11,18718712,19965
11,19113782,19976
11,19487981,19987
11,19843667,20001
11,20238510,20015
11,20614681,20025
11,20969258,20032
11,21363005,20039
11,21739840,20043
11,22091862,20043
11,22466252,20042
11,22846758,20041
11,23225466,20037
11,23618325,20033
11,24010097,20030
11,24385648,20027
11,24741340,20024
11,25113021,20022
11,25469372,20020
11,25845839,20019
11,26219635,20018
11,26600759,20018
11,27010582,20016
11,27362236,20017
11,27717988,20018
11,28092078,20017
11,28500179,20017
11,28888165,20017
11,29260333,20016
11,29615194,20015
11,29969225,20015
11,30362586,20015
11,30740059,20014
11,31092253,20013
11,31466505,20012
11,31868376,20011
11,32262792,20011
11,32637786,20010
11,33032764,20010
11,33403930,20009
11,33761483,20009
11,34114030,20008
11,34466780,20008
11,34843024,20007
11,35239266,20007
11,35613207,20007
11,35969804,20006
11,36342843,20006
11,36723702,20006
11,37093946,20006
11,37467916,20006
11,37845235,20006
11,38221224,20005
11,38650853,20005
11,39038693,20003
11,39430823,20003
11,39815564,20003
11,40324193,20003
11,40822592,20003
11,41339002,20002
11,41844455,20002
11,42362818,20002
11,42884129,20002
11,43402529,20002
11,43836756,20002
11,44229598,20002
11,44740077,20001
11,45180105,20001
11,45669294,20001
11,46196136,20000
11,46728602,20000
12,691001,9
12,1072195,348
12,1428811,926
12,1823144,1442
12,2219491,2259
12,2619366,3311
12,3033187,4419
12,3431251,5674
12,3821996,7237
12,4195456,8747
12,4551045,10458
12,4926539,12408
12,5324762,13346
12,5718691,14368
12,6092286,15664
12,6447527,16353
12,6822500,16978
12,7196848,17912
12,7573601,18353
12,7968359,18825
12,8351096,19241
12,8742959,19288
12,9116177,19450
12,9513864,19859
12,9891573,19936
12,10303552,20146
12,10700902,20368
12,11092076,20408
12,11470393,20540
12,11863509,20541
12,12241034,20549
12,12638801,20539
12,13013547,20514
12,13425781,20495
12,13825483,20460
12,14219602,20439
12,14617402,20399
12,15010519,20358
12,15368849,20286
12,15759613,20229
12,16134221,20165
12,16493033,20104
12,16905873,20052
12,17269033,20009
12,17655814,19976
12,18071076,19959
12,18427088,19947
12,18821207,19947
12,19195974,19950
12,19559134,19961
12,19928252,19973
12,20325857,19988
12,20719673,19998
12,21113730,20010
12,21491236,20021
12,21865451,20026
12,22269977,20031
12,22656254,20033
12,23033717,20033
12,23451754,20033
12,23845967,20030
12,24219383,20026
12,24617705,20024
12,25012607,20021
12,25413292,20019
12,25828259,20016
12,26217651,20016
12,26614018,20014
12,26967949,20015
12,27344456,20015
12,27758989,20015
12,28114014,20013
12,28470205,20013
12,28863882,20013
12,29237852,20013
12,29636328,20013
12,30008837,20013
12,30369080,20013
12,30887260,20012
12,31440682,20012
12,31958600,20012
12,32439039,20010
12,32858718,20010
12,33271156,20009
12,33628508,20009
12,33991814,20009
12,34326321,20009
12,34654879,20008
12,34993259,20007
12,35326264,20007
12,35656786,20007
12,35998765,20006
12,36355774,20005
12,36709250,20004
12,37065012,20005
12,37418938,20005
12,37803955,20005
12,38188196,20004
12,38546479,20005
12,38918802,20004
12,39317847,20003
12,39692619,20004
12,40049733,20004
12,40445467,20003
12,40798819,20003
12,41165613,20003
12,41567255,20003
12,41924604,20003
12,42308704,20003
12,42700325,20003
12,43084340,20003
12,43464550,20002
12,43815987,20002
12,44179982,20002
12,44552805,20002
12,44949218,20002
12,45324683,20001
12,45716481,20001
13,736487,26
13,1139798,517
13,1552292,1133
13,1974202,1707
13,2367105,2666
13,2782855,3717
13,3177176,4940
13,3574378,6261
13,3950198,7856
13,4363514,9448
13,4720354,11489
13,5137853,12946
13,5532975,13691
13,5928081,15150
13,6302062,16220
13,6701299,16767
13,7073476,17716
13,7469178,18266
13,7868523,18699
13,8312369,19188
13,8724686,19300
13,9122090,19460
13,9521654,19875
13,9905651,19960
13,10303491,20164
13,10710060,20371
13,11087017,20415
13,11461043,20528
13,11835273,20542
13,12210582,20542
13,12665683,20528
13,13076318,20508
13,13462408,20483
13,13824157,20446
13,14151890,20422
13,14506426,20387
13,14845302,20346
13,15173666,20292
13,15516563,20234
13,15847685,20183
13,16180332,20124
13,16509678,20077
13,16907023,20034
13,17261996,19999
13,17599347,19974
13,17951050,19963
13,18301513,19952
13,18683039,19953
13,19031893,19960
13,19384567,19969
13,19747011,19978
13,20098906,19992
13,20475605,20004
13,20851878,20014
13,21232559,20025
13,21615136,20030
13,21959987,20032
13,22332043,20036
13,22692529,20038
13,23041211,20037
13,23394260,20035
13,23771970,20031
13,24165766,20028
13,24526246,20024
13,24905636,20020
13,25303265,20019
13,25696782,20017
13,26068839,20014
13,26421085,20014
13,26778537,20014
13,27150628,20014
13,27564962,20013
13,27969149,20015
13,28362877,20014
13,28719394,20013
13,29088966,20014
13,29445130,20014
13,29828055,20014
13,30213539,20013
13,30567142,20012
13,30970420,20012
13,31363328,20011
13,31739696,20010
13,32091480,20010
13,32464168,20010
13,32824527,20008
13,33214453,20008
13,33588036,20008
13,33986917,20008
13,34360080,20008
13,34728564,20007
13,35112398,20007
13,35483900,20006
13,35845720,20005
13,36238834,20005
13,36623069,20005
13,37014635,20005
13,37423973,20003
13,37779191,20003
13,38150794,20004
13,38524968,20003
13,38906019,20003
13,39290124,20004
13,39678212,20004
13,40049019,20004
13,40404934,20003
13,40781410,20003
13,41174170,20003
13,41524289,20003
13,41907363,20003
13,42301184,20003
13,42696824,20002
13,43068772,20001
13,43423503,20001
13,43780285,20002
13,44152988,20002
13,44546578,20002
13,44905723,20002
13,45298539,20002
13,45687822,20002
14,693993,9
14,1076102,352
14,1452915,1012
14,1847029,1466
14,2200758,2153
14,2576207,3198
14,2970649,4134
14,3347387,5298
14,3699452,6841
14,4095044,8284
14,4478923,10185
14,4870152,11988
14,5246702,13143
14,5644727,14175
14,6057128,15514
14,6411756,16367
14,6807011,17100
14,7221278,17916
14,7581629,18353
14,7951951,18819
14,8351734,19213
14,8743241,19285
14,9120575,19450
14,9520965,19863
14,9891065,19943
14,10298367,20111
14,10666281,20362
14,11059349,20408
14,11474544,20535
14,11867894,20535
14,12241862,20542
14,12662147,20522
14,13073573,20499
14,13475755,20469
14,13868254,20437
14,14241693,20405
14,14639919,20368
14,14992650,20324
14,15399593,20255
14,15768913,20198
14,16163029,20132
14,16553565,20076
14,16954131,20028
14,17362495,19995
14,17724244,19970
14,18139732,19958
14,18495299,19952
14,18889610,19953
14,19266226,19963
14,19663786,19972
14,20041678,19985
14,20437994,19998
14,20847522,20009
14,21202485,20016
14,21579380,20026
14,21972267,20029
14,22334354,20032
14,22721558,20032
14,23097217,20032
14,23451172,20029
14,23825260,20027
14,24221659,20024
14,24576312,20022
14,24950459,20018
14,25347993,20016
14,25703207,20016
14,26074368,20014
14,26477492,20012
14,26868533,20011
14,27242159,20013
14,27662457,20013
14,28061154,20012
14,28476302,20013
14,28869080,20013
14,29241096,20012
14,29663877,20011
14,30058675,20011
14,30477714,20011
14,30870684,20010
14,31264589,20010
14,31663559,20010
14,32090407,20009
14,32467440,20009
14,32827710,20008
14,33243933,20007
14,33644193,20008
14,34024947,20007
14,34416190,20006
14,34811192,20006
14,35199139,20005
14,35597448,20004
14,35950155,20004
14,36333381,20004
14,36726359,20004
14,37116564,20004
14,37475282,20003
14,37867643,20003
14,38331977,20002
14,38703809,20002
14,39076679,20001
14,39454699,20001
14,39848181,20001
14,40200097,20000
14,40579644,20000
14,40962036,20000
14,41351422,20001
14,41742513,20001
14,42096754,20001
14,42452698,20001
14,42869059,20001
14,43221418,20001
14,43575456,20001
14,43949988,20001
14,44363853,20001
15,743094,10
15,1142601,434
15,1550048,1007
15,1910116,1462
15,2267298,2279
15,2682588,3336
15,3075901,4295
15,3451332,5507
15,3827211,7052
15,4201103,8528
15,4577124,10208
15,4929230,12221
15,5304668,13161
15,5686359,14191
15,6078992,15521
15,6452373,16310
15,6809190,16876
15,7180572,17809
15,7579079,18339
15,7974336,18739
15,8346691,19162
15,8705464,19276
15,9097734,19346
15,9470312,19815
15,9890737,19942
15,10283335,20076
15,10639329,20329
15,11018362,20391
15,11412644,20511
15,11827385,20536
15,12220305,20532
15,12704880,20522
15,13195591,20502
15,13719266,20451
15,14218166,20409
15,14736061,20334
15,15238101,20234
15,15759493,20154
15,16204351,20086
15,16620798,20037
15,17094438,19988
15,17624084,19960
15,18107662,19952
15,18530632,19951
15,18959326,19963
15,19372694,19974
15,19860501,19993
15,20290176,20009
15,20775662,20022
15,21222865,20032
15,21727326,20039
15,22140630,20039
15,22551962,20042
15,22944258,20039
15,23309538,20036
15,23706678,20034
15,24075966,20030
15,24427645,20025
15,24841802,20024
15,25203705,20020
15,25602642,20018
15,25993511,20018
15,26361369,20017
15,26715917,20016
15,27088169,20016
15,27439077,20016
15,27794884,20017
15,28161597,20016
15,28497918,20016
15,28871472,20016
15,29201060,20015
15,29555301,20015
15,29929694,20015
15,30282867,20015
15,30639585,20014
15,30969109,20013
15,31298950,20013
15,31654680,20012
15,32000162,20011
15,32324927,20011
15,32678946,20011
15,33054617,20010
15,33419732,20009
15,33776980,20009
15,34130664,20009
15,34490478,20009
15,34852524,20007
15,35217883,20007
15,35573202,20007
15,35925113,20007
15,36283761,20006
15,36639317,20006
15,36992652,20006
15,37348141,20006
15,37704352,20004
15,38035068,20004
15,38384689,20004
15,38743134,20004
15,39114410,20003
15,39481757,20003
15,39853106,20003
15,40199089,20003
15,40557249,20003
15,40914767,20003
15,41251644,20002
15,41615874,20002
15,41982935,20002
15,42336378,20002
15,42697421,20002
15,43086126,20002
15,43481601,20002
15,43857369,20002
15,44218740,20002
15,44605208,20001
15,45006681,20001
15,45392149,20001
15,45759824,20001
15,46117453,20001
15,46490641,20001
16,715633,2
16,1077033,352
16,1481405,937
16,1848734,1467
16,2251069,2283
16,2660703,3208
16,3012909,4148
16,3397183,5511
16,3786200,7060
16,4212385,8760
16,4606548,10720
16,4994935,12412
16,5392538,13348
16,5787276,14567
16,6181121,15944
16,6583612,16516
16,6971536,17214
16,7354939,18125
16,7765969,18481
16,8140564,18996
16,8536254,19253
16,8931286,19264
16,9309266,19632
16,9723031,19925
16,10080294,19971
16,10475345,20266
16,10889210,20376
16,11250179,20436
16,11617894,20545
16,12014312,20529
16,12388803,20545
16,12741071,20523
16,13116697,20502
16,13493605,20475
16,13889901,20434
16,14280113,20407
16,14640034,20366
16,14994334,20306
16,15390970,20241
16,15784427,20178
16,16159140,20119
16,16536972,20065
16,16930818,20024
16,17286095,19995
16,17679995,19969
16,18055103,19960
16,18409799,19953
16,18783323,19956
16,19138067,19963
16,19492954,19973
16,19867099,19986
16,20279247,20001
16,20681420,20013
16,21089084,20023
16,21454710,20031
16,21846636,20034
16,22215489,20037
16,22574246,20038
16,22931227,20038
16,23286799,20036
16,23679693,20032
16,24054940,20030
16,24412087,20025
16,24804894,20023
16,25179023,20020
16,25586194,20019
16,25974380,20016
16,26370895,20015
16,26765524,20015
16,27179559,20015
16,27578523,20015
16,27951685,20015
16,28350942,20015
16,28762069,20015
16,29113682,20015
16,29490746,20014
16,29884824,20014
16,30257602,20013
16,30625324,20013
16,31013836,20012
16,31391299,20011
16,31784788,20011
16,32136958,20010
16,32492528,20009
16,32865117,20009
16,33267382,20009
16,33638032,20008
16,33991977,20008
16,34387786,20008
16,34741196,20007
16,35115717,20006
16,35512119,20006
16,35864514,20006
16,36247736,20006
16,36635739,20006
16,36995355,20006
16,37390458,20006
16,37763480,20005
16,38118610,20005
16,38494257,20005
16,38887732,20003
16,39251591,20003
16,39615661,20003
16,39989024,20003
16,40391724,20003
16,40786397,20002
16,41183552,20002
16,41580255,20002
16,41974620,20002
16,42395203,20001
16,42783965,20001
16,43136651,20001
16,43493231,20001
16,43864298,20001
16,44248854,20001
16,44638140,20000
16,45002446,20000
16,45401231,20000
16,45786913,20000
17,766938,9
17,1153830,350
17,1526051,1006
17,1953430,1535
17,2340630,2407
17,2750972,3337
17,3130010,4444
17,3523480,5693
17,3876800,7056
17,4233442,8758
17,4626874,10461
17,5004193,12412
17,5399626,13249
17,5771805,14182
17,6128807,15674
17,6543668,16370
17,6917818,17095
17,7324301,17982
17,7713003,18431
17,8131023,18934
17,8525477,19239
17,8920930,19256
17,9298437,19494
17,9671388,19905
17,10069216,19935
17,10448335,20188
17,10843745,20377
17,11255627,20444
17,11650796,20557
17,12039443,20549
17,12421928,20569
17,12815248,20542
17,13191611,20527
17,13591845,20495
17,13989089,20456
17,14387763,20403
17,14819868,20339
17,15223635,20253
17,15585106,20190
17,15984497,20115
17,16360457,20064
17,16733983,20014
17,17128661,19979
17,17523385,19953
17,17901050,19943
17,18273854,19938
17,18669881,19942
17,19022425,19952
17,19378167,19965
17,19753223,19981
17,20151641,19995
17,20523711,20007
17,20878777,20021
17,21274260,20029
17,21645163,20034
17,22004919,20037
17,22418645,20039
17,22770777,20039
17,23144144,20037
17,23523540,20034
17,23904867,20030
17,24317908,20025
17,24710879,20024
17,25072037,20018
17,25443800,20017
17,25843384,20015
17,26254599,20015
17,26647684,20014
17,27024759,20014
17,27419763,20014
17,27772314,20014
17,28149826,20014
17,28543695,20014
17,28918543,20014
17,29320748,20014
17,29695223,20013
17,30092774,20012
17,30505546,20011
17,30918059,20010
17,31319230,20009
17,31711043,20008
17,32128790,20008
17,32523289,20006
17,32899200,20007
17,33300695,20006
17,33670786,20005
17,34047339,20004
17,34443838,20005
17,34840028,20005
17,35232657,20005
17,35629356,20005
17,36025277,20005
17,36420654,20004
17,36815593,20004
17,37216490,20004
17,37606707,20003
17,37986936,20003
17,38375088,20003
17,38751195,20003
17,39105868,20002
17,39500625,20001
17,39855145,20001
17,40237303,20001
17,40629869,20001
17,41026298,20001
17,41419370,20001
17,41774468,20001
17,42171136,20000
17,42564531,20000
17,42953452,20000
17,43340438,20000
17,43753000,20000
17,44130634,20000
17,44523831,20000
17,44952431,20000
17,45339959,19999
17,45750599,20000
17,46129933,19999
17,46522361,19999
17,46876117,19999
17,47233173,19999
18,739471,7
18,1123408,434
18,1538639,1078
18,1953911,1622
18,2354102,2541
18,2746086,3469
18,3141242,4605
18,3536092,5882
18,3887505,7247
18,4266178,8986
18,4659112,10721
18,5011647,12591
18,5410246,13358
18,5783901,14376
18,6141648,15681
18,6518378,16458
18,6909450,17102
18,7268317,17982
18,7684922,18425
18,8087853,18858
18,8454741,19231
18,8849729,19258
18,9225554,19491
18,9618766,19886
18,9991208,19944
18,10390488,20147
18,10742802,20357
18,11107431,20394
18,11471969,20508
18,11824685,20546
18,12205054,20538
18,12578211,20549
18,12950409,20513
18,13328704,20504
18,13721662,20461
18,14082182,20430
18,14492607,20375
18,14846420,20319
18,15202090,20245
18,15575079,20176
18,15971235,20115
18,16326746,20063
18,16699154,20015
18,17112653,19980
18,17496025,19959
18,17869175,19950
18,18226395,19947
18,18619176,19949
18,18995015,19962
18,19393272,19975
18,19762599,19985
18,20119347,19999
18,20474751,20015
18,20869940,20023
18,21248265,20032
18,21638548,20037
18,22041390,20040
18,22430793,20040
18,22782484,20039
18,23153932,20036
18,23535574,20033
18,23907758,20030
18,24268494,20026
18,24658931,20025
18,25042086,20020
18,25447475,20019
18,25805438,20017
18,26159119,20017
18,26513215,20015
18,26865523,20015
18,27222080,20016
18,27596582,20017
18,27948628,20016
18,28332569,20016
18,28725395,20017
18,29121325,20015
18,29516272,20015
18,29891756,20015
18,30268483,20013
18,30662566,20012
18,31064399,20012
18,31495674,20011
18,31900079,20010
18,32311025,20010
18,32703640,20010
18,33118016,20009
18,33499777,20009
18,33889574,20009
18,34246234,20009
18,34618166,20008
18,34971626,20008
18,35327982,20008
18,35720543,20006
18,36087331,20005
18,36472816,20005
18,36846904,20005
18,37224539,20005
18,37616767,20005
18,37992139,20005
18,38388547,20004
18,38740843,20004
18,39127070,20003
18,39513187,20003
18,39865809,20003
18,40246258,20002
18,40637637,20002
18,41013290,20002
18,41408695,20002
18,41762355,20001
18,42122453,20001
18,42492666,20001
18,42844988,20001
18,43202568,20001
18,43574968,20001
18,43969735,20001
18,44332318,20000
18,44724009,20000
18,45121487,20000
18,45516554,20000
18,45929006,19999
18,46294524,20000
18,46685472,20000
18,47098042,19999
19,755548,24
19,1164214,518
19,1577695,1141
19,1972097,1623
19,2331914,2407
19,2721989,3463
19,3128195,4598
19,3518450,6068
19,3929430,7446
19,4291758,9208
19,4681797,10959
19,5086675,12712
19,5478921,13547
19,5869782,14943
19,6266106,16031
19,6660580,16653
19,7035177,17459
19,7411317,18200
19,7805326,18552
19,8184070,19071
19,8578018,19298
19,8978141,19290
19,9369429,19707
19,9765480,19961
19,10162320,20009
19,10534642,20275
19,10888448,20392
19,11264124,20455
19,11636968,20555
19,12012410,20542
19,12366976,20556
19,12741449,20532
19,13139406,20515
19,13532976,20489
19,13907507,20457
19,14263068,20427
19,14615001,20374
19,14991146,20305
19,15394484,20225
19,15806569,20155
19,16204320,20095
19,16581418,20041
19,16974678,19996
19,17392635,19964
19,17783868,19951
19,18138159,19944
19,18513793,19942
19,18865075,19950
19,19244160,19962
19,19636551,19974
19,19990501,19988
19,20368615,20004
19,20762994,20015
19,21129253,20026
19,21537935,20033
19,21928618,20037
19,22305014,20038
19,22658694,20039
19,23011267,20037
19,23367589,20036
19,23775455,20031
19,24139141,20028
19,24514088,20026
19,24869827,20021
19,25263001,20018
19,25620510,20018
19,26125660,20014
19,26634203,20012
19,27117589,20012
19,27626409,20012
19,28171633,20012
19,28701143,20013
19,29195361,20013
19,29709830,20013
19,30174779,20013
19,30676422,20011
19,31133436,20011
19,31612036,20010
19,32145318,20008
19,32635906,20008
19,33173308,20006
19,33701822,20005
19,34152337,20007
19,34542783,20007
19,35012292,20005
19,35433013,20005
19,35903538,20005
19,36425553,20004
19,36929070,20004
19,37447513,20004
19,37968515,20004
19,38391844,20004
19,38792351,20004
19,39259866,20003
19,39701903,20003
19,40196215,20003
19,40715895,20002
19,41235787,20002
19,41735320,20002
19,42183166,20001
19,42677187,20001
19,43189173,20001
19,43640089,20001
19,44020749,20001
19,44504102,20001
19,44909825,20001
19,45376725,20001
19,45787421,20001
20,712394,25
20,1118375,521
20,1534501,1138
20,1930149,1618
20,2323211,2534
20,2705480,3588
20,3116010,4587
20,3478710,6061
20,3889764,7646
20,4286570,9203
20,4661282,11231
20,5055536,12723
20,5471060,13690
20,5890058,15148
20,6283137,16147
20,6660671,16771
20,7053584,17594
20,7442468,18260
20,7810337,18613
20,8184539,19067
20,8581520,19287
20,8970334,19301
20,9346289,19694
20,9743571,19943
20,10150253,20024
20,10540574,20323
20,10931188,20390
20,11306776,20471
20,11679327,20557
20,12076495,20537
20,12478163,20554
20,12843326,20516
20,13217264,20503
20,13602239,20464
20,13975110,20431
20,14367020,20391
20,14744765,20339
20,15138519,20273
20,15535692,20203
20,15926710,20140
20,16280488,20086
20,16644088,20034
20,17032243,19997
20,17387370,19970
20,17785494,19954
20,18157169,19946
20,18532530,19945
20,18887356,19953
20,19280144,19964
20,19636796,19974
20,20010074,19989
20,20364833,20002
20,20724348,20012
20,21095902,20024
20,21506715,20030
20,21866046,20034
20,22259793,20036
20,22637893,20037
20,23033761,20036
20,23437768,20032
20,23828639,20030
20,24219940,20025
20,24616838,20021
20,25020797,20020
20,25439146,20016
20,25884467,20015
20,26262282,20014
20,26659630,20012
20,27033327,20013
20,27386501,20013
20,27783645,20013
20,28159165,20013
20,28555807,20013
20,28928377,20013
20,29291011,20013
20,29679455,20013
20,30058554,20011
20,30465260,20010
20,30822527,20010
20,31180457,20010
20,31581114,20010
20,31988754,20010
20,32343446,20010
20,32721596,20010
20,33114602,20010
20,33476817,20009
20,33842929,20009
20,34246514,20008
20,34637775,20007
20,35032019,20007
20,35435453,20007
20,35822471,20007
20,36180352,20007
20,36554943,20007
20,36949933,20006
20,37364664,20006
20,37721773,20006
20,38095337,20006
20,38492065,20006
20,38884807,20005
20,39258821,20005
20,39616943,20004
20,40010733,20004
20,40383061,20004
20,40782745,20004
20,41154446,20004
20,41534014,20004
20,41927192,20003
20,42279777,20003
20,42639089,20002
20,43031996,20002
20,43405177,20002
20,43823836,20002
20,44176868,20001
20,44532115,20001
20,44883945,20002
20,45259626,20002
20,45614610,20002
20,45968198,20002
20,46341540,20002
20,46739151,20002
20,47094538,20001
20,47478287,20001
20,47869895,20001
21,712288,9
21,1112659,434
21,1512953,1009
21,1908238,1540
21,2307117,2405
21,2701543,3465
21,3126183,4598
21,3513236,5868
21,3906448,7445
21,4286705,9209
21,4723168,11226
21,5126836,12842
21,5515741,13545
21,5906853,14937
21,6285294,16138
21,6677598,16671
21,7051712,17590
21,7450241,18208
21,7822956,18561
21,8179849,19080
21,8572620,19300
21,8947548,19283
21,9304271,19644
21,9698603,19959
21,10083873,19990
21,10474736,20269
21,10898027,20385
21,11265229,20445
21,11658502,20547
21,12088290,20527
21,12474546,20539
21,12886451,20500
21,13305008,20487
21,13699731,20448
21,14054222,20423
21,14428557,20376
21,14822751,20334
21,15180548,20270
21,15575921,20202
21,15945702,20141
21,16305503,20091
21,16678823,20038
21,17082991,20003
21,17468812,19972
21,17848051,19959
21,18261125,19950
21,18613137,19950
21,18989757,19959
21,19385140,19969
21,19739254,19979
21,20126837,19995
21,20515677,20007
21,20885397,20016
21,21243433,20027
21,21635577,20033
21,21989352,20034
21,22367606,20038
21,22762996,20038
21,23138861,20035
21,23532672,20032
21,23929585,20029
21,24304277,20025
21,24697913,20022
21,25085504,20020
21,25468429,20017
21,25827994,20015
21,26206691,20014
21,26600208,20013
21,27009137,20013
21,27391097,20013
21,27781307,20013
21,28148704,20012
21,28532328,20012
21,28903637,20012
21,29271899,20012
21,29634424,20012
21,29987064,20012
21,30364657,20011
21,30736830,20011
21,31121314,20010
21,31510724,20010
21,31883536,20010
21,32241051,20008
21,32638602,20008
21,33009411,20008
21,33365878,20008
21,33779307,20006
21,34136022,20006
21,34532359,20006
21,34884768,20006
21,35271436,20006
21,35661580,20005
21,36030729,20004
21,36428571,20004
21,36802294,20003
21,37156486,20002
21,37509625,20002
21,37862734,20002
21,38243235,20002
21,38637547,20002
21,39090903,20002
21,39452172,20002
21,39827333,20001
21,40224009,20001
21,40634981,20001
21,40988645,20000
21,41364863,20000
21,41760984,20000
21,42120962,20000
21,42489207,20000
22,728888,9
22,1139096,434
22,1530459,1007
22,1907560,1539
22,2304291,2402
22,2715980,3326
22,3091645,4427
22,3465657,5660
22,3840876,7034
22,4195660,8513
22,4569487,10443
22,4972696,12409
22,5383990,13250
22,5736209,14357
22,6156885,15819
22,6550123,16465
22,6911730,17112
22,7300882,18006
22,7678115,18457
22,8093820,18944
22,8506238,19261
22,8865612,19272
22,9255575,19493
22,9609923,19896
22,10014630,19949
22,10409905,20177
22,10814907,20363
22,11176283,20402
22,11571728,20524
22,11969724,20518
22,12342767,20531
22,12759154,20517
22,13156260,20502
22,13527882,20486
22,13885706,20452
22,14278499,20421
22,14633717,20370
22,14989363,20313
22,15360205,20239
22,15713864,20181
22,16092102,20115
22,16444593,20060
22,16967407,19996
22,17477970,19961
22,17962422,19944
22,18484119,19938
22,19004376,19950
22,19508130,19968
22,20003490,19986
22,20451712,20003
22,20865409,20015
22,21243106,20025
22,21712757,20033
22,22210566,20036
22,22732754,20036
22,23248594,20034
22,23679843,20030
22,24165523,20026
22,24594892,20022
22,25083035,20018
22,25644944,20016
22,26225591,20013
22,26744795,20011
22,27265292,20012
22,27729520,20011
22,28162211,20012
22,28591934,20013
22,29026706,20011
22,29458552,20011
22,29839981,20012
22,30186256,20011
22,30552747,20010
22,30893378,20010
22,31260389,20010
22,31617699,20009
22,31981368,20008
22,32351961,20008
22,32729421,20007
22,33107117,20007
22,33475315,20005
22,33829230,20005
22,34180073,20005
22,34543640,20006
22,34894207,20004
22,35270930,20005
22,35622897,20005
22,36001362,20005
22,36379055,20004
22,36754575,20004
22,37156878,20004
22,37522513,20004
22,37877843,20003
22,38234985,20003
22,38592806,20003
22,38989396,20003
22,39364433,20002
22,39737351,20002
22,40132199,20002
22,40485799,20002
22,40839095,20002
22,41216547,20002
22,41572547,20002
22,41968825,20002
22,42343850,20002
22,42758015,20000
22,43154915,20000
22,43538997,20000
22,43930605,20000
22,44340841,20000
22,44695073,20000
22,45070555,20001
22,45466240,20001
22,45828552,20001
22,46215100,20001
22,46589093,20001
22,46945368,20001
22,47318759,20001
22,47713573,20001
22,48070443,19999
23,739670,26
23,1140720,436
23,1533964,1081
23,1930696,1549
23,2282400,2280
23,2638683,3203
23,3012112,4290
23,3385340,5487
23,3767526,7048
23,4180094,8524
23,4531314,10444
23,4932336,12215
23,5305371,13151
23,5685318,14162
23,6081729,15661
23,6471582,16367
23,6849112,17089
23,7220257,17908
23,7602748,18355
23,7969599,18807
23,8365285,19208
23,8725050,19296
23,9098125,19390
23,9490007,19825
23,9869500,19974
23,10264286,20082
23,10618326,20334
23,10992967,20400
23,11386837,20491
23,11743662,20555
23,12096274,20534
23,12467618,20542
23,12866605,20505
23,13220377,20494
23,13601866,20454
23,13990438,20426
23,14364199,20382
23,14725373,20323
23,15120213,20253
23,15492871,20191
23,15846302,20132
23,16222390,20070
23,16624074,20021
23,17012175,19987
23,17381940,19964
23,17746006,19952
23,18134591,19947
23,18510150,19949
23,18905665,19959
23,19281026,19970
23,19647626,19983
23,20032162,19998
23,20385518,20011
23,20762821,20020
23,21113547,20030
23,21467916,20033
23,21842572,20037
23,22237943,20038
23,22603699,20039
23,22968607,20035
23,23362698,20033
23,23721142,20032
23,24092360,20026
23,24488080,20022
23,24843394,20022
23,25218946,20018
23,25630735,20017
23,25992535,20015
23,26346258,20014
23,26724194,20014
23,27095634,20014
23,27471447,20014
23,27848428,20014
23,28219424,20014
23,28608462,20013
23,28997816,20013
23,29367158,20013
23,29721376,20011
23,30093588,20012
23,30491781,20012
23,30848361,20011
23,31263164,20011
23,31634460,20011
23,32014459,20009
23,32386930,20009
23,32743119,20009
23,33136144,20008
23,33508534,20008
23,33864334,20008
23,34217621,20008
23,34602044,20007
23,34998999,20006
23,35383688,20006
23,35762137,20006
23,36113990,20006
23,36466156,20005
23,36848483,20005
23,37241331,20004
23,37601232,20004
23,37968196,20004
23,38363581,20004
23,38719794,20003
23,39093025,20004
23,39488000,20003
23,39862736,20003
23,40217675,20003
23,40599752,20003
23,40967043,20003
23,41341109,20001
23,41723908,20001
23,42092071,20001
23,42467671,20001
23,42844244,20002
23,43217108,20002
23,43618447,20002
23,43993832,20002
23,44386790,20001
23,44762822,20001
23,45115746,20001
23,45491443,20001
23,45847981,20001
23,46238305,20001
23,46616744,20001
24,731470,26
24,1138599,520
24,1553402,1144
24,1951320,1716
24,2389041,2669
24,2779352,3728
24,3180616,4922
24,3594365,6449
24,3990477,7864
24,4364460,9680
24,4760683,11489
24,5159708,12958
24,5550378,13671
24,5906764,15131
24,6304069,16220
24,6697797,16754
24,7073844,17701
24,7473593,18309
24,7893097,18735
24,8283739,19170
24,8656610,19296
24,9053807,19337
24,9448900,19820
24,9851979,19961
24,10239637,20062
24,10611920,20347
24,11010878,20395
24,11428983,20514
24,11834972,20542
24,12200813,20528
24,12596866,20531
24,13009485,20500
24,13404470,20488
24,13778598,20449
24,14181565,20428
24,14553356,20379
24,14949151,20330
24,15329398,20254
24,15723311,20186
24,16138263,20116
24,16530018,20068
24,16888576,20022
24,17260044,19986
24,17656597,19963
24,18052985,19949
24,18448476,19944
24,18857384,19948
24,19217146,19959
24,19611804,19969
24,19989933,19983
24,20382809,19998
24,20738689,20010
24,21155781,20020
24,21550697,20028
24,21960137,20031
24,22343554,20035
24,22735499,20035
24,23112996,20033
24,23486554,20030
24,23877301,20029
24,24259269,20025
24,24652723,20021
24,25032923,20021
24,25404442,20017
24,25778176,20015
24,26170725,20015
24,26573371,20014
24,26975636,20013
24,27343255,20013
24,27760048,20014
24,28158225,20014
24,28552653,20014
24,28949342,20014
24,29349057,20014
24,29758910,20013
24,30154699,20012
24,30548469,20012
24,30929905,20011
24,31322620,20010
24,31699614,20010
24,32094571,20010
24,32509497,20009
24,32883494,20009
24,33278855,20008
24,33631947,20008
24,34009308,20008
24,34404497,20008
24,34756684,20008
24,35113027,20007
24,35486544,20007
24,35881420,20007
24,36259040,20007
24,36611601,20005
24,36990499,20005
24,37362068,20005
24,37737435,20004
24,38116388,20004
24,38510180,20004
24,38907697,20004
24,39279946,20003
24,39678494,20003
24,40054337,20003
24,40445607,20003
24,40801400,20003
24,41176193,20004
24,41570276,20004
24,41927711,20004
24,42301065,20003
24,42695815,20003
24,43053605,20003
24,43447084,20001
24,43851247,20001
24,44236694,20001
24,44611026,20001
24,45009912,20001
24,45403289,20001
24,45798934,20001
24,46208451,20002
24,46596295,20001
24,47014699,20001
24,47405188,20001
25,776974,10
25,1162385,437
25,1575751,1084
25,1990375,1631
25,2389897,2539
25,2829344,3596
25,3223545,4760
25,3617748,6256
25,4045515,7856
25,4454027,9672
25,4845821,11476
25,5201734,12826
25,5573420,13524
25,5926253,14719
25,6327285,16018
25,6699930,16640
25,7097008,17455
25,7492890,18208
25,7885477,18558
25,8264991,19085
25,8643145,19315
25,9041203,19320
25,9451759,19721
25,9844920,19987
25,10220615,20026
25,10574345,20278
25,10947131,20392
25,11303062,20431
25,11676160,20552
25,12080677,20536
25,12470058,20550
25,12822763,20523
25,13177205,20500
25,13551937,20477
25,13925826,20436
25,14309194,20405
25,14679519,20350
25,15075442,20293
25,15448707,20224
25,15803832,20156
25,16201862,20096
25,16575082,20045
25,16989291,19997
25,17387718,19970
25,17740520,19952
25,18097351,19946
25,18468527,19941
25,18820584,19946
25,19180388,19957
25,19571895,19970
25,19947409,19981
25,20302994,19998
25,20676259,20009
25,21076553,20021
25,21468048,20029
25,21841634,20033
25,22200180,20035
25,22591653,20037
25,22967303,20036
25,23377400,20032
25,23739899,20029
25,24100101,20026
25,24489653,20021
25,24862917,20021
25,25221614,20016
25,25616229,20016
25,25989685,20014
25,26389828,20014
25,26760556,20012
25,27116476,20012
25,27512237,20012
25,27886706,20012
25,28242562,20012
25,28635437,20012
25,29020022,20012
25,29413539,20012
25,29801941,20011
25,30200315,20010
25,30594848,20010
25,30948292,20010
25,31303395,20010
25,31676902,20009
25,32062694,20009
25,32449270,20009
25,32802246,20009
25,33178911,20008
25,33573458,20008
25,33945720,20008
25,34302154,20008
25,34698028,20007
25,35059259,20007
25,35446469,20007
25,35821439,20006
25,36201976,20006
25,36593850,20006
25,36946813,20006
25,37301509,20006
25,37676174,20004
25,38077665,20004
25,38469948,20004
25,38844864,20004
25,39199743,20003
25,39595729,20003
25,39991159,20003
25,40366568,20003
25,40738179,20003
25,41094594,20003
25,41448263,20003
25,41801057,20002
25,42180926,20002
25,42574874,20001
25,42946764,20001
25,43304183,20001
25,43697129,20001
25,44061644,20001
25,44451266,20001
25,44845340,20001
25,45202305,20002
25,45593284,20002
25,45947392,20002
25,46305217,20002
25,46677226,20002
25,47058355,20001
26,713589,0
26,1080073,352
26,1518678,1014
26,1888607,1539
26,2303285,2270
26,2681792,3330
26,3074596,4278
26,3426564,5657
26,3847682,7236
26,4243916,8961
26,4637962,10679
26,5012679,12565
26,5408095,13317
26,5803749,14521
26,6199395,15794
26,6555501,16498
26,6947979,17205
26,7326487,18081
26,7721123,18502
26,8137602,19010
26,8556192,19296
26,8950381,19286
26,9348676,19635
26,9743680,19960
26,10135557,19986
26,10502385,20272
26,10888777,20401
26,11282653,20461
26,11678267,20569
26,12104803,20547
26,12505759,20560
26,12894022,20523
26,13286443,20508
26,13715999,20464
26,14075527,20432
26,14484359,20381
26,14847550,20322
26,15261140,20248
26,15617020,20178
26,16013016,20114
26,16384603,20064
26,16742389,20012
26,17134469,19979
26,17531333,19955
26,17911454,19944
26,18302195,19939
26,18678962,19946
26,19074648,19954
26,19462284,19968
26,19826542,19982
26,20219541,19997
26,20579876,20010
26,20974949,20022
26,21366219,20030
26,21740681,20034
26,22116300,20038
26,22530705,20040
26,22888154,20038
26,23283394,20036
26,23709822,20031
26,24100477,20027
26,24526656,20022
26,24885613,20021
26,25256670,20018
26,25640072,20014
26,26012710,20013
26,26408838,20013
26,26784655,20013
26,27179331,20013
26,27577507,20013
26,27946514,20013
26,28303703,20013
26,28683994,20013
26,29072551,20013
26,29428904,20013
26,29806874,20012
26,30200303,20011
26,30603437,20011
26,30968493,20011
26,31321690,20011
26,31681763,20010
26,32054832,20009
26,32462130,20009
26,32829340,20008
26,33217769,20008
26,33597023,20006
26,33991160,20006
26,34431734,20006
26,34805051,20005
26,35199542,20005
26,35597098,20005
26,35989898,20004
26,36374904,20003
26,36768066,20004
26,37157665,20004
26,37532924,20004
26,37927992,20003
26,38301443,20003
26,38657853,20003
26,39052587,20002
26,39427659,20002
26,39829002,20002
26,40226558,20001
26,40617490,20001
26,40992170,20001
26,41386560,20001
26,41784473,20001
26,42180524,20000
26,42577641,19999
26,42951741,19999
26,43343102,19999
26,43705578,19999
26,44079792,19999
27,739136,8
27,1121760,436
27,1537368,1084
27,1936560,1623
27,2349780,2533
27,2765071,3598
27,3184021,4752
27,3578899,6248
27,3995250,7863
27,4393707,9437
27,4786888,11483
27,5182437,12953
27,5595793,13808
27,5993846,15308
27,6389686,16291
27,6806026,16847
27,7184231,17804
27,7576590,18354
27,7992640,18799
27,8390712,19239
27,8784110,19281
27,9140203,19370
27,9512897,19816
27,9866604,19955
27,10243671,20051
27,10638121,20320
27,11012208,20380
27,11411233,20483
27,11808568,20530
27,12223008,20505
27,12595569,20525
27,12948750,20485
27,13351156,20482
27,13724803,20445
27,14120856,20425
27,14514460,20390
27,14889024,20349
27,15286824,20288
27,15661837,20222
27,16082044,20149
27,16473514,20098
27,16846003,20047
27,17204627,20002
27,17596226,19971
27,17949810,19954
27,18327275,19940
27,18721176,19939
27,19084243,19943
27,19473304,19953
27,19866604,19964
27,20221807,19977
27,20576228,19990
27,20949336,20003
27,21326233,20014
27,21699772,20022
27,22085401,20027
27,22471762,20030
27,22824042,20032
27,23201268,20030
27,23596490,20030
27,23948589,20026
27,24327872,20022
27,24721925,20019
27,25085080,20016
27,25491778,20014
27,25848376,20013
27,26246599,20011
27,26619842,20011
27,27045899,20011
27,27436934,20011
27,27847729,20010
27,28244427,20010
27,28615358,20011
27,28991985,20011
27,29391056,20010
27,29783131,20010
27,30150644,20010
27,30515760,20010
27,30910818,20009
27,31310005,20008
27,31700546,20008
27,32109229,20007
27,32493525,20006
27,32886727,20005
27,33287291,20005
27,33681019,20005
27,34089836,20005
27,34451781,20005
27,34845967,20005
27,35201779,20004
27,35575200,20004
27,35949271,20004
27,36328472,20004
27,36701480,20003
27,37099360,20003
27,37492096,20002
27,37865885,20002
27,38224792,20002
27,38595987,20002
27,38948746,20002
27,39329132,20001
27,39723002,20001
27,40150941,20001
27,40536607,20001
27,40928529,20001
27,41304937,20001
27,41722746,20001
27,42117465,20001
27,42492234,20001
27,42844561,20001
27,43201492,20001
27,43596778,20001
27,43969603,20001
27,44332076,19999
28,741163,8
28,1122259,435
28,1518412,1089
28,1915736,1633
28,2317027,2403
28,2684037,3464
28,3110929,4588
28,3501758,6045
28,3894690,7440
28,4291277,9199
28,4689010,11219
28,5090054,12851
28,5480907,13544
28,5849890,14732
28,6206077,15934
28,6598917,16588
28,6995086,17461
28,7395441,18206
28,7786148,18548
28,8165452,19056
28,8579173,19283
28,8973588,19265
28,9329481,19616
28,9702873,19940
28,10101527,19975
28,10513266,20242
28,10890995,20371
28,11267450,20427
28,11639980,20535
28,12015213,20518
28,12418368,20539
28,12814693,20515
28,13227504,20505
28,13622672,20473
28,14017185,20440
28,14415115,20400
28,14813369,20347
28,15227343,20270
28,15639816,20208
28,16014533,20135
28,16395166,20081
28,16766813,20034
28,17123228,19988
28,17516861,19963
28,17890065,19946
28,18244901,19938
28,18599079,19933
28,18951432,19944
28,19340734,19952
28,19725589,19967
28,20112450,19982
28,20496181,19995
28,20847837,20007
28,21207231,20020
28,21599738,20027
28,21972453,20032
28,22328546,20034
28,22702717,20037
28,23112708,20034
28,23477553,20031
28,23874310,20029
28,24269921,20024
28,24643012,20021
28,25051583,20018
28,25419291,20015
28,25819029,20013
28,26232487,20012
28,26623350,20011
28,27016396,20010
28,27418775,20011
28,27814995,20013
28,28228588,20011
28,28642559,20012
28,29018232,20012
28,29391968,20011
28,29764074,20011
28,30122676,20011
28,30515564,20011
28,30891609,20010
28,31292171,20009
28,31666316,20008
28,32074761,20008
28,32436484,20008
28,32826420,20007
28,33208341,20007
28,33600743,20006
28,34017070,20006
28,34417052,20006
28,34793126,20005
28,35201723,20005
28,35603426,20004
28,36015828,20004
28,36414812,20004
28,36791308,20004
28,37184661,20004
28,37604040,20004
28,38016946,20003
28,38416869,20003
28,38813425,20003
28,39206703,20002
28,39599299,20002
28,39952087,20002
28,40332601,20001
28,40706936,20001
28,41113855,20001
28,41497228,20001
28,41891917,20001
28,42247482,20000
28,42620423,20001
28,42999162,19999
28,43390935,19999
28,43753837,19999
28,44141826,19999
28,44515038,19999
28,44889665,20000
28,45270914,20000
28,45665129,20000
29,716610,8
29,1095417,439
29,1494150,1095
29,1887603,1561
29,2268987,2419
29,2658293,3353
29,3054660,4449
29,3433059,5867
29,3826863,7252
29,4226328,8976
29,4620255,10955
29,5021412,12724
29,5412431,13426
29,5785636,14724
29,6184649,15930
29,6576341,16578
29,6950407,17324
29,7306820,18064
29,7680358,18477
29,8099640,18986
29,8495932,19273
29,8892003,19261
29,9308674,19620
29,9680585,19956
29,10074443,19992
29,10474965,20258
29,10869321,20378
29,11267737,20443
29,11660048,20540
29,12035910,20513
29,12430216,20529
29,12827218,20496
29,13203247,20478
29,13620845,20436
29,14035702,20408
29,14435289,20364
29,14826801,20323
29,15203104,20253
29,15595975,20197
29,15973389,20128
29,16370565,20079
29,16750226,20030
29,17157430,19991
29,17558548,19965
29,17952309,19955
29,18328297,19946
29,18721798,19949
29,19095360,19958
29,19495763,19970
29,19870587,19979
29,20271178,19999
29,20682385,20008
29,21098662,20020
29,21498742,20029
29,21904806,20032
29,22265006,20034
29,22682455,20037
29,23074400,20032
29,23475770,20032
29,23869592,20028
29,24287399,20024
29,24680708,20019
29,25097071,20017
29,25497164,20016
29,25890478,20012
29,26306617,20012
29,26699417,20011
29,27075003,20011
29,27474704,20011
29,27868640,20011
29,28271051,20011
29,28658622,20011
29,29034827,20011
29,29431278,20011
29,29845280,20011
29,30203907,20011
29,30596907,20011
29,30972910,20011
29,31369696,20011
29,31746298,20011
29,32152431,20009
29,32512785,20009
29,32870002,20007
29,33267423,20007
29,33679960,20006
29,34097158,20006
29,34515057,20005
29,34907540,20005
29,35283813,20004
29,35677964,20004
29,36030827,20004
29,36415865,20004
29,36805042,20004
29,37203434,20004
29,37575995,20004
29,37971580,20004
29,38326902,20003
29,38699327,20002
29,39064082,20001
29,39474446,20002
29,39868974,20002
29,40242649,20001
29,40639274,20002
29,41054946,20002
29,41473269,20001
29,41870361,20001
29,42248397,20001
29,42668334,20001
29,43072452,20000
29,43472125,20000
29,43871638,20000
29,44273301,19998
29,44639646,19998
29,45037277,19999
29,45409629,19999
29,45807581,19998
29,46194682,19998
29,46590578,19999
30,741686,8
30,1121768,352
30,1498465,1019
30,1891586,1548
30,2288320,2276
30,2664782,3340
30,3080572,4443
30,3494780,5864
30,3891500,7459
30,4307463,8985
30,4663577,10964
30,5055297,12582
30,5441814,13434
30,5834240,14729
30,6246802,16038
30,6645795,16577
30,7017182,17448
30,7446350,18190
30,7814383,18532
30,8186430,18985
30,8564452,19272
30,8952868,19265
30,9370296,19690
30,9785993,19955
30,10183088,19995
30,10559343,20292
30,10958170,20379
30,11369002,20465
30,11765375,20539
30,12138307,20507
30,12509220,20523
30,12891087,20486
30,13283737,20473
30,13663449,20442
30,14035549,20416
30,14410993,20384
30,14810660,20335
30,15204901,20268
30,15621179,20199
30,16012844,20139
30,16387659,20080
30,16790099,20034
30,17159302,19994
30,17532997,19965
30,17911159,19950
30,18305822,19940
30,18709530,19942
30,19119414,19950
30,19515606,19962
30,19914735,19974
30,20307576,19991
30,20719525,20002
30,21102242,20015
30,21497494,20022
30,21892915,20031
30,22287412,20032
30,22684551,20034
30,23083764,20033
30,23499153,20030
30,23904446,20027
30,24265513,20024
30,24663210,20019
30,25035217,20018
30,25409521,20014
30,25811882,20013
30,26211166,20013
30,26600145,20012
30,26994874,20011
30,27413353,20012
30,27806816,20012
30,28163735,20012
30,28556690,20012
30,28936874,20011
30,29333518,20011
30,29747746,20011
30,30139839,20011
30,30520718,20010
30,30913299,20010
30,31309205,20010
30,31689403,20010
30,32057957,20010
30,32471309,20009
30,32871206,20007
30,33284318,20007
30,33644179,20007
30,34038805,20006
30,34412234,20006
30,34809733,20006
30,35187052,20004
30,35585773,20004
30,35994311,20004
30,36346656,20004
30,36723445,20004
30,37118279,20004
30,37494343,20004
30,37891145,20003
30,38305326,20002
30,38663978,20002
30,39055361,20002
30,39409292,20002
30,39810153,20002
30,40202631,20002
30,40601161,20002
30,41016866,20002
30,41411461,20001
30,41790224,20001
30,42181308,20001
30,42547632,20001
30,42915754,20001
30,43310457,20000
30,43688945,19999
30,44084394,19999
30,44497763,19999
30,44889702,19999
30,45264508,19999
30,45619026,19999
30,46014723,19999
30,46387386,19999
30,46787744,19999
30,47162504,19998
30,47560049,19998
30,47936811,19998
30,48343576,19998
31,717196,26
31,1120163,523
31,1541395,1151
31,1955807,1718
31,2356322,2665
31,2769644,3728
31,3165276,4753
31,3539747,6245
31,3933094,7649
31,4289117,9196
31,4661103,10947
31,5014060,12573
31,5371252,13425
31,5764964,14522
31,6139409,15927
31,6566614,16579
31,6956440,17457
31,7356330,18145
31,7748699,18545
31,8142289,19060
31,8539450,19290
31,8935149,19275
31,9313875,19699
31,9709298,19968
31,10098040,20008
31,10476067,20276
31,10848808,20406
31,11232372,20454
31,11621251,20573
31,12016714,20547
31,12393654,20558
31,12788395,20528
31,13159912,20499
31,13558881,20461
31,13975886,20419
31,14372255,20373
31,14743738,20312
31,15099805,20237
31,15496643,20170
31,15871451,20104
31,16267380,20049
31,16661169,20006
31,17036194,19968
31,17415773,19950
31,17809450,19939
31,18233050,19938
31,18638113,19942
31,18995065,19957
31,19390914,19969
31,19764954,19984
31,20118803,19998
31,20478004,20013
31,20870233,20023
31,21249649,20032
31,21641109,20036
31,21993235,20040
31,22371245,20039
31,22764567,20039
31,23139552,20036
31,23549320,20031
31,23913829,20028
31,24312682,20024
31,24704484,20020
31,25099514,20017
31,25477541,20014
31,25850681,20013
31,26247302,20011
31,26642595,20011
31,27037634,20012
31,27436416,20012
31,27829145,20011
31,28234156,20011
31,28603877,20013
31,28974187,20010
31,29349091,20011
31,29743875,20011
31,30100167,20011
31,30500002,20010
31,30871861,20010
31,31268998,20010
31,31643690,20008
31,32035702,20008
31,32391794,20008
31,32765635,20008
31,33117165,20007
31,33474623,20005
31,33869986,20006
31,34244535,20006
31,34597479,20005
31,34972374,20004
31,35375368,20005
31,35767728,20005
31,36162668,20003
31,36560768,20003
31,36959817,20003
31,37372120,20003
31,37765713,20003
31,38139733,20002
31,38538192,20002
31,38911353,20002
31,39266556,20000
31,39662377,20000
31,40057681,20000
31,40433391,20000
31,40811101,20000
31,41212642,20000
31,41619839,20000
31,41973519,20000
31,42355292,20001
31,42744900,20001
31,43110929,20000
31,43484638,20000
31,43868964,20000
31,44244764,19999
31,44638680,19999
32,713763,7
32,1121195,440
32,1519459,1100
32,1951976,1643
32,2348818,2547
32,2753980,3489
32,3122434,4613
32,3518900,6069
32,3933560,7674
32,4346954,9216
32,4721482,11229
32,5125738,12854
32,5519103,13664
32,5933685,15121
32,6324925,16135
32,6699266,16746
32,7101561,17680
32,7492316,18229
32,7850300,18567
32,8245225,19089
32,8637355,19267
32,8999667,19276
32,9395447,19688
32,9793138,19962
32,10183963,20028
32,10575636,20303
32,10933102,20391
32,11326387,20456
32,11720763,20556
32,12118398,20530
32,12471504,20546
32,12826622,20520
32,13221337,20500
32,13596660,20470
32,13950800,20429
32,14324900,20393
32,14677605,20329
32,15039104,20262
32,15432444,20189
32,15827690,20126
32,16222319,20066
32,16578168,20022
32,16974666,19982
32,17348829,19960
32,17753264,19945
32,18143370,19945
32,18535824,19945
32,18931976,19960
32,19325171,19970
32,19702009,19986
32,20099427,19999
32,20470014,20013
32,20828482,20023
32,21221650,20032
32,21573782,20033
32,21953005,20039
32,22347197,20038
32,22722480,20038
32,23132721,20034
32,23492051,20032
32,23891125,20028
32,24303501,20024
32,24657196,20021
32,25035990,20018
32,25428557,20015
32,25806241,20015
32,26205456,20014
32,26610051,20014
32,26976515,20014
32,27369369,20014
32,27754787,20014
32,28161796,20014
32,28563585,20014
32,28962578,20014
32,29324684,20013
32,29677758,20013
32,30033178,20012
32,30408088,20012
32,30804720,20012
32,31158924,20011
32,31553186,20011
32,31930051,20010
32,32325125,20010
32,32699668,20010
32,33119039,20008
32,33517625,20008
32,33929626,20008
32,34283554,20006
32,34658214,20006
32,35056570,20006
32,35451822,20006
32,35825790,20005
32,36178653,20005
32,36534504,20005
32,36932006,20004
32,37324947,20004
32,37721686,20004
32,38120125,20003
32,38516945,20003
32,38910183,20003
32,39304123,20003
32,39661348,20003
32,40056800,20001
32,40430726,20001
32,40828683,20001
32,41221414,20001
32,41597493,20001
32,41975712,20001
32,42369688,20000
32,42760639,20000
32,43161990,20000
32,43554526,19999
32,43911180,19999
32,44303930,20001
32,44677954,20000
32,45036371,20000
32,45428854,19999
33,753246,1
33,1118281,354
33,1509499,1020
33,1918052,1476
33,2297953,2272
33,2698371,3336
33,3094679,4438
33,3507626,5659
33,3859339,7248
33,4289374,8977
33,4673058,10687
33,5049179,12577
33,5446631,13328
33,5797146,14324
33,6179366,15796
33,6569173,16428
33,6931123,17067
33,7303348,17990
33,7696813,18394
33,8094484,18857
33,8468148,19267
33,8862941,19282
33,9236813,19433
33,9592465,19885
33,9967180,19986
33,10322911,20117
33,10717212,20363
33,11094675,20400
33,11488652,20517
33,11892862,20558
33,12277241,20539
33,12656546,20542
33,13072193,20500
33,13465166,20484
33,13858982,20436
33,14259835,20405
33,14610689,20348
33,14965518,20294
33,15318538,20223
33,15671626,20162
33,16048175,20101
33,16421939,20047
33,16796735,20004
33,17178654,19969
33,17571446,19952
33,17969446,19944
33,18363125,19941
33,18717061,19945
33,19073528,19958
33,19467385,19970
33,19840808,19985
33,20237784,20000
33,20590039,20012
33,20968793,20024
33,21360638,20030
33,21713168,20035
33,22071245,20038
33,22463515,20037
33,22859564,20037
33,23256623,20033
33,23608999,20031
33,23987180,20028
33,24338476,20025
33,24691785,20020
33,25048878,20018
33,25424080,20015
33,25817298,20013
33,26185339,20011
33,26570618,20012
33,26965217,20012
33,27318495,20011
33,27670674,20011
33,28072652,20013
33,28467104,20013
33,28858597,20012
33,29259695,20013
33,29654085,20013
33,30015256,20011
33,30388281,20010
33,30782272,20011
33,31196847,20010
33,31568216,20009
33,31931360,20009
33,32317352,20009
33,32671088,20009
33,33051936,20009
33,33446471,20007
33,33817304,20007
33,34174602,20007
33,34548304,20007
33,34932725,20006
33,35297471,20006
33,35672609,20006
33,36072509,20006
33,36464362,20005
33,36818369,20005
33,37193238,20005
33,37550635,20004
33,37968392,20004
33,38361487,20003
33,38737234,20003
33,39094965,20002
33,39488594,20002
33,39863358,20002
33,40264854,20002
33,40655218,20002
33,41053116,20002
33,41425573,20002
33,41802312,20002
33,42220597,20002
33,42612380,20002
33,42970335,20002
33,43363305,20002
33,43760647,20002
33,44161813,20002
34,713337,8
34,1117569,436
34,1516717,1022
34,1888279,1546
34,2281105,2270
34,2658696,3338
34,3052547,4285
34,3411590,5654
34,3804972,7035
34,4184481,8730
34,4618066,10682
34,4992171,12402
34,5389806,13316
34,5783977,14511
34,6177487,15792
34,6556809,16494
34,6955679,17329
34,7354939,18156
34,7755000,18497
34,8115304,18939
34,8492635,19301
34,8886661,19288
34,9281002,19581
34,9657855,19991
34,10074281,20010
34,10438603,20257
34,10830982,20414
34,11240573,20450
34,11639639,20560
34,12013422,20541
34,12409356,20548
34,12783053,20520
34,13196861,20493
34,13560639,20465
34,13950625,20418
34,14368106,20362
34,14762186,20296
34,15135586,20230
34,15535660,20153
34,16048243,20061
34,16603530,20000
34,17126924,19958
34,17623647,19940
34,18114698,19941
34,18590720,19945
34,19059211,19963
34,19435836,19975
34,19790785,19989
34,20141768,20003
34,20576200,20017
34,20971782,20030
34,21373561,20034
34,21809206,20038
34,22284986,20039
34,22763955,20037
34,23258643,20034
34,23756717,20029
34,24219005,20023
34,24651412,20020
34,25053568,20017
34,25519241,20014
34,26012010,20013
34,26426538,20013
34,26811881,20010
34,27183526,20011
34,27587806,20012
34,27942844,20012
34,28316460,20010
34,28692707,20013
34,29050097,20012
34,29410510,20012
34,29802345,20012
34,30168389,20012
34,30525216,20010
34,30906363,20010
34,31257747,20010
34,31614129,20010
34,31967592,20010
34,32353485,20009
34,32762360,20009
34,33156977,20009
34,33535509,20008
34,33930191,20008
34,34334966,20008
34,34695402,20008
34,35049678,20006
34,35409976,20006
34,35804514,20006
34,36198477,20005
34,36553929,20004
34,36931444,20005
34,37310674,20005
34,37704541,20005
34,38095165,20005
34,38490749,20005
34,38882509,20004
34,39237968,20003
34,39594356,20003
34,39966306,20004
34,40351114,20004
34,40719955,20003
34,41093108,20003
34,41471852,20003
34,41865644,20003
34,42217222,20003
34,42594848,20003
34,42991512,20003
34,43390578,20002
34,43783030,20002
34,44155876,20002
34,44513385,20001
34,44884911,20001
34,45240477,20001
34,45593750,20001
34,45966405,20001
34,46369382,20001
34,46759244,20001
34,47132711,20001
34,47490532,19999
34,47842397,19999
34,48222878,19999
34,48617267,20000
35,717112,9
35,1117786,354
35,1470538,949
35,1830183,1477
35,2219289,2151
35,2604743,3209
35,2991526,4149
35,3350015,5285
35,3728987,6841
35,4141900,8517
35,4549579,10418
35,4951420,12394
35,5345083,13214
35,5728527,14301
35,6120105,15630
35,6472441,16332
35,6851360,17056
35,7243885,17905
35,7626678,18400
35,8015988,18797
35,8377504,19253
35,8766764,19297
35,9138320,19382
35,9489616,19833
35,9853061,19987
35,10228115,20075
35,10622809,20336
35,10994235,20400
35,11348830,20463
35,11726572,20567
35,12122203,20543
35,12512546,20559
35,12891887,20522
35,13287742,20510
35,13687483,20467
35,14077341,20434
35,14449340,20380
35,14830785,20314
35,15224956,20242
35,15598265,20176
35,15952540,20114
35,16328031,20050
35,16724530,20001
35,17125290,19967
35,17603345,19939
35,18033867,19935
35,18434200,19932
35,18830946,19945
35,19225781,19954
35,19621439,19973
35,19994264,19984
35,20346312,20002
35,20707184,20011
35,21078243,20026
35,21471739,20029
35,21827267,20034
35,22199829,20035
35,22586173,20038
35,22951657,20034
35,23324651,20032
35,23703621,20029
35,24074610,20027
35,24449583,20019
35,24829202,20017
35,25221768,20014
35,25586719,20012
35,25973676,20010
35,26324844,20010
35,26701082,20010
35,27075467,20010
35,27470026,20010
35,27832892,20010
35,28222055,20010
35,28606744,20011
35,28994045,20011
35,29367742,20011
35,29723475,20011
35,30144047,20011
35,30546797,20010
35,30937300,20010
35,31326804,20009
35,31726976,20009
35,32138241,20008
35,32506174,20008
35,32895564,20008
35,33268373,20007
35,33664099,20006
35,34057457,20006
35,34453325,20006
35,34827979,20006
35,35226019,20006
35,35600948,20005
35,35975085,20004
35,36373683,20004
35,36746738,20004
35,37140717,20004
35,37549383,20004
35,37911309,20004
35,38284264,20003
35,38644588,20003
35,39037212,20003
35,39417621,20002
35,39813072,20002
35,40222761,20002
35,40590166,20002
35,40974314,20002
35,41347579,20002
35,41703685,20002
35,42097243,20002
35,42481974,20002
35,42872478,20002
35,43242501,20002
35,43613648,20001
35,43996776,20001
35,44367925,20001
35,44727328,20001
35,45122941,20001
35,45495151,20001
35,45894413,20001
35,46265650,20000
35,46626708,20000
35,47038291,20000
35,47436563,20000
35,47851664,20000
35,48244918,20000
35,48642844,20000
36,708727,24
36,1137855,522
36,1530335,1150
36,1948364,1711
36,2342764,2664
36,2749105,3597
36,3133716,4738
36,3525792,6036
36,3906729,7644
36,4302116,9420
36,4715912,11467
36,5118635,12939
36,5505559,13642
36,5868156,14907
36,6241931,16120
36,6635680,16646
36,7074372,17707
36,7447199,18279
36,7841849,18676
36,8236148,19135
36,8619972,19322
36,9007989,19342
36,9402814,19780
36,9785545,19990
36,10174603,20043
36,10549637,20339
36,10946710,20402
36,11340087,20478
36,11714878,20556
36,12112020,20529
36,12494447,20541
36,12883606,20500
36,13299199,20489
36,13696313,20451
36,14072263,20425
36,14465572,20376
36,14843191,20319
36,15234310,20248
36,15587532,20186
36,15967261,20112
36,16362442,20061
36,16747060,20010
36,17132487,19970
36,17548087,19949
36,17925506,19940
36,18319750,19932
36,18747576,19940
36,19137721,19952
36,19547602,19966
36,19903292,19977
36,20276326,19997
36,20670660,20006
36,21029591,20018
36,21401697,20025
36,21814137,20032
36,22173687,20033
36,22526150,20036
36,22923144,20034
36,23275710,20032
36,23650316,20029
36,24048954,20027
36,24421379,20019
36,24789397,20019
36,25173520,20016
36,25546625,20013
36,25912027,20012
36,26302348,20012
36,26673829,20010
36,27029464,20010
36,27423751,20010
36,27800191,20010
36,28196282,20010
36,28568749,20010
36,28926925,20010
36,29319554,20010
36,29692017,20010
36,30050120,20010
36,30445718,20010
36,30843254,20010
36,31248563,20009
36,31639616,20009
36,32007302,20008
36,32404083,20008
36,32818910,20007
36,33184837,20006
36,33571311,20005
36,33946597,20005
36,34340234,20004
36,34716910,20004
36,35110782,20004
36,35466453,20004
36,35841334,20004
36,36236576,20004
36,36638109,20002
36,37029055,20002
36,37401130,20002
36,37789200,20002
36,38175120,20002
36,38548114,20002
36,38905873,20002
36,39317920,20002
36,39671172,20001
36,40028352,20001
36,40422416,20001
36,40800194,20000
36,41193472,19999
36,41567775,19999
36,41924476,19999
36,42339839,19999
36,42706801,19999
36,43135365,19999
36,43533300,19999
36,43937793,19999
36,44333219,19999
36,44717705,19998
37,678576,10
37,1081948,435
37,1471469,1015
37,1833367,1470
37,2204152,2145
37,2582886,3204
37,2960012,4144
37,3309135,5282
37,3691030,6841
37,4090049,8514
37,4477200,10163
37,4853106,11980
37,5226778,13129
37,5609787,13945
37,5985006,15297
37,6336944,16203
37,6713217,16735
37,7068974,17699
37,7462202,18266
37,7853982,18668
37,8236518,19129
37,8631876,19311
37,9007846,19340
37,9422848,19839
37,9830565,19991
37,10194991,20083
37,10586540,20344
37,10943261,20402
37,11315861,20487
37,11712934,20570
37,12087903,20546
37,12441473,20559
37,12838099,20524
37,13214619,20506
37,13607477,20469
37,13984945,20431
37,14336211,20385
37,14690095,20322
37,15069724,20249
37,15442217,20179
37,15825154,20112
37,16213948,20053
37,16586269,20015
37,16945253,19971
37,17337749,19951
37,17711584,19937
37,18069644,19936
37,18483014,19933
37,18851900,19951
37,19234825,19959
37,19606619,19976
37,19983831,19990
37,20358682,20008
37,20733714,20017
37,21088430,20028
37,21441369,20032
37,21824402,20038
37,22212909,20038
37,22565901,20040
37,22943292,20034
37,23337846,20034
37,23690941,20030
37,24070336,20026
37,24465018,20021
37,24839861,20021
37,25196368,20015
37,25589554,20014
37,25986266,20012
37,26381187,20012
37,26733358,20011
37,27092530,20011
37,27485874,20011
37,27882019,20011
37,28275409,20011
37,28631608,20011
37,29025314,20010
37,29380523,20010
37,29755457,20010
37,30156042,20010
37,30547100,20008
37,30929426,20008
37,31318641,20008
37,31695387,20007
37,32091277,20006
37,32484351,20006
37,32883220,20006
37,33276018,20005
37,33656213,20005
37,34034167,20005
37,34400011,20005
37,34753408,20005
37,35156368,20004
37,35526466,20004
37,35885244,20004
37,36277409,20004
37,36666002,20004
37,37031605,20004
37,37427047,20003
37,37827652,20003
37,38193363,20002
37,38566424,20001
37,38965126,20001
37,39359627,20001
37,39754697,20001
37,40135149,20001
37,40504683,20001
37,40864630,20000
37,41259735,20000
37,41631766,20000
37,42030410,20000
37,42402015,20000
37,42807293,20000
37,43217318,19999
37,43610859,19999
38,737377,10
38,1140479,438
38,1562850,1094
38,1956109,1636
38,2369426,2539
38,2767206,3472
38,3162854,4589
38,3559623,6046
38,3952516,7653
38,4352733,9427
38,4765795,11469
38,5161999,12828
38,5559746,13637
38,5953161,15102
38,6351458,16199
38,6767849,16834
38,7159205,17697
38,7513986,18264
38,7888218,18602
38,8242978,19065
38,8618957,19306
38,9012839,19285
38,9368077,19639
38,9743355,19984
38,10138153,19995
38,10507593,20231
38,10870633,20393
38,11265085,20436
38,11663532,20548
38,12056489,20531
38,12432061,20541
38,12807573,20518
38,13223029,20497
38,13621522,20469
38,13991446,20430
38,14391877,20389
38,14789571,20341
38,15160775,20274
38,15580871,20201
38,15973094,20131
38,16390062,20071
38,16787646,20028
38,17158973,19987
38,17513402,19964
38,17879373,19947
38,18243885,19941
38,18639928,19938
38,19035618,19950
38,19408439,19957
38,19769173,19973
38,20160196,19985
38,20539781,20001
38,20932063,20012
38,21305951,20023
38,21750765,20033
38,22197880,20035
38,22604558,20038
38,23008472,20034
38,23468289,20033
38,23880729,20029
38,24266249,20027
38,24641421,20021
38,25036360,20021
38,25408705,20016
38,25765686,20016
38,26162165,20014
38,26557069,20014
38,26932334,20012
38,27327292,20012
38,27706238,20013
38,28097307,20014
38,28481974,20013
38,28870363,20013
38,29265003,20012
38,29662767,20011
38,30056156,20010
38,30460135,20011
38,30848756,20011
38,31242169,20011
38,31638910,20011
38,31991229,20010
38,32367026,20010
38,32747590,20009
38,33116714,20009
38,33502323,20009
38,33888811,20008
38,34261692,20008
38,34620517,20007
38,35015360,20007
38,35389153,20006
38,35787564,20006
38,36161062,20006
38,36557510,20005
38,36950071,20005
38,37326701,20005
38,37683702,20005
38,38096701,20005
38,38469825,20004
38,38874178,20004
38,39264628,20004
38,39662857,20004
38,40055483,20004
38,40429735,20004
38,40807828,20004
38,41200474,20004
38,41577455,20003
38,41972174,20003
38,42329560,20003
38,42718685,20003
38,43120722,20003
38,43539739,20002
38,43931934,20002
38,44325599,20002
38,44706246,20002
38,45105665,20001
38,45517641,20001
38,45890348,20001
38,46287282,20001
38,46682832,20001
39,759738,7
39,1122076,438
39,1540754,1092
39,1935123,1634
39,2343703,2409
39,2704770,3478
39,3120984,4440
39,3478265,5853
39,3871931,7242
39,4244542,8735
39,4622337,10675
39,5016483,12393
39,5373104,13308
39,5767348,14305
39,6139883,15636
39,6498151,16411
39,6892793,17060
39,7265644,17901
39,7622590,18393
39,8037693,18793
39,8393906,19247
39,8788749,19285
39,9183433,19434
39,9558539,19885
39,9931009,19983
39,10287310,20109
39,10684570,20373
39,11078719,20396
39,11460526,20510
39,11848696,20549
39,12223912,20525
39,12602619,20532
39,12971683,20492
39,13357144,20481
39,13746556,20437
39,14118730,20412
39,14496765,20362
39,14873527,20319
39,15246897,20247
39,15642145,20187
39,16014095,20126
39,16373123,20067
39,16768833,20026
39,17141524,19986
39,17496750,19960
39,17892843,19946
39,18262969,19942
39,18625635,19939
39,19017361,19950
39,19390865,19959
39,19746588,19974
39,20141054,19987
39,20525612,20002
39,20914835,20011
39,21284664,20023
39,21685075,20029
39,22057699,20032
39,22414756,20034
39,22830401,20035
39,23186626,20032
39,23582778,20030
39,23994384,20027
39,24356789,20023
39,24725744,20019
39,25120884,20018
39,25476300,20014
39,25849372,20014
39,26245882,20012
39,26600334,20012
39,26971702,20012
39,27381289,20011
39,27767684,20011
39,28141450,20012
39,28516785,20011
39,28869843,20011
39,29245874,20012
39,29621339,20012
39,29972996,20011
39,30356334,20010
39,30743526,20010
39,31117499,20010
39,31473670,20010
39,31847130,20009
39,32242344,20009
39,32597828,20009
39,32972134,20007
39,33390551,20007
39,33766310,20007
39,34117793,20007
39,34499414,20006
39,34891970,20005
39,35266600,20005
39,35622622,20004
39,36038203,20004
39,36393486,20004
39,36788338,20004
39,37138645,20004
39,37515775,20004
39,37867711,20003
39,38245688,20003
39,38608980,20003
39,38996161,20003
39,39373514,20002
39,39768731,20002
39,40160259,20002
39,40538964,20002
39,40932528,20002
39,41283606,20002
39,41662457,20001
39,42022924,20001
39,42416485,20000
39,42787490,19999
39,43138010,19999
39,43493904,19999
39,43847698,19999
39,44229898,19999
39,44623780,20000
39,45016956,20000
39,45416886,20000
39,45809367,19999
39,46209301,19999
39,46599443,19999
39,46975315,19998
40,714324,9
40,1119117,437
40,1519493,1086
40,1913680,1544
40,2308444,2397
40,2703048,3468
40,3120301,4588
40,3515202,6047
40,3933828,7652
40,4348661,9435
40,4741842,11216
40,5119909,12840
40,5516180,13647
40,5911112,14905
40,6309668,16114
40,6706932,16731
40,7099852,17689
40,7497846,18253
40,7869787,18660
40,8267577,19122
40,8640381,19301
40,9034476,19297
40,9411885,19765
40,9803852,19970
40,10158161,19999
40,10557942,20293
40,10934766,20383
40,11314945,20454
40,11701040,20554
40,12054989,20535
40,12432520,20550
40,12829814,20516
40,13243390,20498
40,13641954,20460
40,14014446,20425
40,14431945,20380
40,14851729,20334
40,15247102,20260
40,15638680,20202
40,16014074,20128
40,16412383,20077
40,16808336,20026
40,17195437,19987
40,17558751,19958
40,17954578,19944
40,18348048,19934
40,18722845,19936
40,19138287,19946
40,19535803,19956
40,19908493,19969
40,20264414,19986
40,20657782,19997
40,21011896,20009
40,21369924,20019
40,21742892,20028
40,22147672,20030
40,22514554,20034
40,22908479,20032
40,23275895,20031
40,23637556,20030
40,23991576,20029
40,24347443,20022
40,24720200,20021
40,25116338,20017
40,25476145,20014
40,25849461,20011
40,26245276,20010
40,26617973,20010
40,27014641,20010
40,27410875,20010
40,27804532,20010
40,28189325,20010
40,28561538,20010
40,28959022,20011
40,29329182,20010
40,29720194,20010
40,30094746,20010
40,30493052,20010
40,30867587,20009
40,31263334,20009
40,31657408,20008
40,32031188,20008
40,32409536,20007
40,32803452,20006
40,33157435,20006
40,33558416,20006
40,33933702,20006
40,34327542,20005
40,34741114,20005
40,35116506,20005
40,35472481,20005
40,35863580,20004
40,36226930,20004
40,36616637,20004
40,36989537,20004
40,37348089,20004
40,37721514,20004
40,38141188,20003
40,38535309,20003
40,38929399,20002
40,39317068,20002
40,39707276,20002
40,40117467,20002
40,40471794,20002
40,40845111,20001
40,41260214,20001
40,41618333,20001
40,42011986,20001
40,42367570,20001
40,42741780,20001
40,43115823,20001
40,43490682,20001
40,43844207,20001
40,44228118,20000
40,44639013,20000
40,45034855,19999
40,45431240,19999
40,45809377,19998
40,46214271,19998
41,718516,0
41,1084429,354
41,1489395,952
41,1850980,1484
41,2245002,2281
41,2664220,3350
41,3078964,4446
41,3484392,5858
41,3891259,7445
41,4286914,8952
41,4666778,10924
41,5059170,12548
41,5463812,13386
41,5851011,14682
41,6248083,15993
41,6645038,16528
41,7016763,17428
41,7410876,18133
41,7789048,18538
41,8181927,19002
41,8542043,19290
41,8910732,19280
41,9285133,19575
41,9686644,19976
41,10079359,20000
41,10491830,20285
41,10893225,20413
41,11285721,20456
41,11666520,20566
41,12036051,20549
41,12388406,20547
41,12745339,20529
41,13138451,20496
41,13503185,20477
41,13890808,20426
41,14263649,20402
41,14640197,20354
41,14994242,20315
41,15367969,20240
41,15767708,20176
41,16182217,20103
41,16592812,20061
41,16961155,20009
41,17349112,19974
41,17768226,19949
41,18160977,19944
41,18517296,19935
41,18889473,19942
41,19244602,19948
41,19623317,19965
41,20015519,19973
41,20390144,19990
41,20745697,20000
41,21141196,20019
41,21535833,20022
41,21889674,20032
41,22264823,20033
41,22619468,20037
41,23001404,20033
41,23391851,20033
41,23788699,20029
41,24181543,20027
41,24578680,20020
41,24988975,20020
41,25349771,20014
41,25748546,20013
41,26139454,20010
41,26521224,20010
41,26910611,20010
41,27284172,20009
41,27646892,20009
41,28036912,20009
41,28410823,20009
41,28789233,20009
41,29182821,20009
41,29582234,20009
41,29958377,20009
41,30353269,20009
41,30768815,20009
41,31182295,20009
41,31538115,20008
41,31931225,20008
41,32284711,20008
41,32664341,20006
41,33058014,20006
41,33431373,20006
41,33833457,20006
41,34204027,20005
41,34605728,20004
41,35015947,20004
41,35410735,20004
41,35787106,20004
41,36180608,20004
41,36539089,20003
41,36911562,20003
41,37265381,20002
41,37662183,20002
41,38037639,20001
41,38431154,20001
41,38809109,20001
41,39203405,20000
41,39583383,20000
41,39980773,20000
41,40401454,20000
41,40791351,19999
41,41183230,20000
41,41581612,20000
41,41975716,20000
41,42392555,19999
41,42788234,19999
41,43182642,19999
42,722032,1
42,1081110,276
42,1434705,950
42,1832552,1403
42,2184900,2026
42,2545548,2933
42,2894870,3863
42,3269258,4916
42,3625032,6239
42,3977036,7645
42,4340460,9187
42,4695654,10939
42,5069161,12570
42,5423457,13312
42,5793271,14509
42,6173354,15789
42,6556683,16421
42,6905695,17074
42,7289091,18000
42,7684455,18444
42,8099219,18938
42,8506463,19272
42,8870956,19274
42,9264945,19567
42,9688069,19965
42,10080646,19972
42,10468205,20228
42,10847901,20390
42,11262883,20422
42,11620796,20557
42,12034063,20544
42,12387559,20553
42,12747304,20538
42,13141799,20511
42,13517793,20489
42,13910196,20441
42,14285740,20411
42,14642756,20340
42,15040722,20287
42,15416119,20200
42,15817784,20142
42,16192542,20068
42,16609439,20021
42,17003641,19976
42,17375843,19949
42,17826839,19929
42,18230482,19927
42,18628426,19928
42,18999972,19943
42,19420005,19956
42,19815303,19973
42,20189420,19990
42,20599462,20006
42,21003829,20019
42,21396075,20030
42,21792707,20034
42,22188312,20037
42,22585343,20039
42,22983625,20036
42,23353195,20033
42,23750351,20030
42,24127245,20027
42,24529307,20020
42,24894746,20019
42,25290979,20015
42,25696750,20014
42,26065701,20011
42,26444669,20010
42,26854967,20011
42,27274717,20010
42,27664197,20010
42,28066251,20011
42,28441101,20011
42,28862334,20011
42,29267196,20011
42,29650992,20011
42,30022418,20011
42,30421148,20010
42,30851912,20010
42,31254302,20008
42,31650804,20008
42,32042324,20008
42,32419645,20008
42,32853304,20008
42,33251709,20007
42,33629838,20007
42,33999463,20007
42,34417453,20007
42,34814210,20007
42,35186709,20006
42,35587622,20006
42,35962678,20006
42,36353235,20006
42,36756014,20005
42,37126063,20005
42,37522911,20004
42,37896915,20004
42,38293873,20003
42,38667856,20003
42,39062759,20002
42,39471085,20002
42,39903321,20002
42,40293883,20002
42,40669870,20002
42,41063616,20002
42,41495406,20002
42,41897921,20001
42,42297394,20001
42,42669827,20001
42,43064691,20001
42,43473237,20001
42,43877348,20002
42,44249860,20002
42,44650875,20001
42,45021871,20001
42,45419443,20001
42,45828104,20000
42,46232360,19999
42,46648581,19999
42,47043002,19999
42,47437987,19999
42,47845361,19999
42,48251223,19999
42,48652456,19999
42,49044687,20000
42,49420615,20000
42,49816768,19999
43,737567,1
43,1099915,355
43,1492805,1032
43,1923627,1564
43,2307751,2419
43,2723459,3489
43,3143288,4609
43,3554553,5869
43,3924145,7449
43,4305228,9202
43,4720476,10950
43,5077663,12720
43,5471414,13416
43,5844862,14510
43,6240345,15911
43,6618404,16556
43,7014177,17306
43,7388220,18052
43,7740943,18417
43,8098710,18916
43,8492225,19247
43,8845276,19257
43,9222550,19481
43,9615490,19906
43,10005820,19956
43,10393553,20132
43,10764542,20367
43,11161317,20386
43,11555756,20521
43,11964323,20533
43,12348181,20531
43,12761073,20525
43,13120111,20490
43,13514785,20479
43,13889979,20433
43,14285070,20412
43,14663152,20354
43,15061370,20301
43,15474023,20218
43,15867021,20162
43,16244520,20090
43,16640928,20049
43,17014653,19996
43,17410316,19967
43,17810802,19946
43,18202238,19941
43,18575050,19933
43,18958919,19947
43,19356395,19952
43,19744422,19971
43,20117195,19980
43,20469881,20000
43,20845519,20006
43,21206215,20023
43,21596519,20025
43,21985078,20033
43,22366882,20033
43,22740574,20037
43,23097414,20032
43,23516212,20032
43,23921435,20028
43,24291789,20024
43,24679553,20019
43,25097800,20019
43,25490567,20013
43,25867898,20013
43,26224694,20012
43,26618265,20012
43,26996281,20010
43,27389291,20010
43,27762076,20010
43,28121102,20011
43,28513379,20010
43,28865167,20011
43,29246372,20011
43,29659754,20011
43,30061237,20010
43,30472910,20010
43,30879772,20010
43,31289219,20010
43,31657722,20009
43,32015955,20007
43,32409164,20007
43,32764707,20007
43,33161083,20006
43,33540148,20005
43,33927491,20005
43,34328456,20005
43,34721538,20005
43,35077735,20004
43,35471737,20004
43,35847413,20004
43,36265132,20004
43,36659636,20003
43,37040654,20004
43,37435288,20004
43,37845420,20003
43,38200480,20003
43,38596804,20002
43,38973001,20001
43,39388007,20001
43,39742556,20001
43,40139063,20001
43,40512721,20001
43,40866991,20001
43,41224920,20001
43,41618301,20001
43,41993889,20001
43,42388380,20001
43,42774822,20001
43,43164058,20000
43,43548210,20000
43,43940082,20000
43,44349498,20000
44,716397,1
44,1077802,353
44,1482155,944
44,1848790,1474
44,2254385,2271
44,2663053,3337
44,3058081,4290
44,3455570,5649
44,3831860,7231
44,4240448,8948
44,4661801,10916
44,5055485,12542
44,5418882,13282
44,5807415,14475
44,6181716,15881
44,6579949,16449
44,6969818,17171
44,7356140,18077
44,7721894,18446
44,8080878,18869
44,8458888,19291
44,8830053,19296
44,9199273,19507
44,9604501,19939
44,9992592,19988
44,10372239,20157
44,10762342,20396
44,11138427,20406
44,11513049,20520
44,11869074,20561
44,12274705,20543
44,12660140,20552
44,13056216,20508
44,13412703,20496
44,13806933,20448
44,14180195,20420
44,14576752,20369
44,14930522,20325
44,15287320,20261
44,15657277,20196
44,16011805,20135
44,16370771,20075
44,16743905,20026
44,17136837,19982
44,17515361,19955
44,17911212,19933
44,18307146,19929
44,18681319,19926
44,19034540,19939
44,19391138,19945
44,19763236,19962
44,20116716,19976
44,20513749,19993
44,20887889,20003
44,21251727,20017
44,21640838,20024
44,22012996,20030
44,22379269,20031
44,22767460,20033
44,23158138,20032
44,23535997,20030
44,23887748,20026
44,24270458,20023
44,24659349,20018
44,25012655,20016
44,25397198,20011
44,25788278,20011
44,26159516,20010
44,26516583,20010
44,26909442,20009
44,27266326,20009
44,27659679,20009
44,28034228,20009
44,28411831,20009
44,28806205,20009
44,29158636,20009
44,29540468,20010
44,29931720,20010
44,30309529,20009
44,30706093,20009
44,31082941,20009
44,31476664,20007
44,31888293,20006
44,32252066,20006
44,32661984,20006
44,33013316,20006
44,33369243,20006
44,33765336,20006
44,34180241,20006
44,34561594,20005
44,34961957,20005
44,35348857,20005
44,35743742,20005
44,36137986,20005
44,36493402,20004
44,36867999,20005
44,37355024,20004
44,37825747,20003
44,38261913,20004
44,38672302,20004
44,39063088,20004
44,39468508,20003
44,39839101,20003
44,40238594,20003
44,40644348,20002
44,41016296,20001
44,41418363,20001
44,41810773,20001
44,42183049,20001
44,42583372,20000
44,42958431,20000
44,43355823,20000
44,43722131,20000
44,44079111,20000
44,44481428,20000
44,44848036,20000
44,45262845,20000
44,45622094,20000
44,46013922,19999
44,46376566,19999
45,735935,7
45,1096976,437
45,1509723,1083
45,1910610,1618
45,2303643,2391
45,2683671,3463
45,3079992,4576
45,3494950,6031
45,3909610,7640
45,4304564,9183
45,4684899,11189
45,5084151,12699
45,5463970,13500
45,5850089,14884
45,6244239,16001
45,6641061,16631
45,7034297,17454
45,7387793,18166
45,7742126,18571
45,8159275,19030
45,8514978,19333
45,8909008,19299
45,9283628,19578
45,9639676,19978
45,10035506,19979
45,10408176,20218
45,10808595,20371
45,11178656,20393
45,11537585,20532
45,11928482,20536
45,12282586,20534
45,12663144,20530
45,13056232,20496
45,13466655,20485
45,13847282,20438
45,14241151,20418
45,14597090,20372
45,14990386,20326
45,15365823,20258
45,15720629,20202
45,16165727,20107
45,16619127,20057
45,17020206,19999
45,17411268,19971
45,17788530,19943
45,18180920,19934
45,18585226,19925
45,18951996,19934
45,19367245,19943
45,19766017,19957
45,20137266,19969
45,20512792,19989
45,20910701,20000
45,21305427,20015
45,21706629,20022
45,22094964,20029
45,22506224,20032
45,22888561,20033
45,23282899,20031
45,23663544,20029
45,24070751,20027
45,24441245,20020
45,24826697,20019
45,25241362,20015
45,25624069,20013
45,26020188,20010
45,26411963,20010
45,26852281,20009
45,27249586,20008
45,27644720,20008
45,28016923,20009
45,28408234,20009
45,28786668,20009
45,29179884,20009
45,29559901,20009
45,29956215,20009
45,30367219,20008
45,30724947,20008
45,31096157,20006
45,31498041,20005
45,31886944,20005
45,32263849,20005
45,32680057,20005
45,33034460,20005
45,33439428,20005
45,33808981,20005
45,34204426,20004
45,34626271,20003
45,35035252,20003
45,35439508,20003
45,35834338,20002
45,36223526,20002
45,36622372,20002
45,37016608,20002
45,37391433,20002
45,37789935,20002
45,38179697,20002
45,38575269,20001
45,38977221,20001
45,39388542,20001
45,39789234,20001
45,40179962,20001
45,40559758,20001
45,40956978,20001
45,41345019,20001
45,41746270,20000
45,42138520,20000
45,42506173,20000
45,42891364,20000
45,43284095,20000
45,43639677,20001
46,731639,8
46,1117326,438
46,1514409,1088
46,1934269,1626
46,2325520,2528
46,2765838,3592
46,3158711,4739
46,3551783,6028
46,3907348,7424
46,4320325,9173
46,4676617,10920
46,5037004,12548
46,5406705,13287
46,5779410,14485
46,6177806,15896
46,6572723,16470
46,6925894,17193
46,7280414,18017
46,7653655,18419
46,8011064,18815
46,8384154,19241
46,8736374,19313
46,9141920,19441
46,9536041,19890
46,9912944,19977
46,10306226,20105
46,10677382,20359
46,11034946,20405
46,11429940,20514
46,11801603,20583
46,12202000,20558
46,12577451,20567
46,12970123,20514
46,13388784,20498
46,13783054,20442
46,14182480,20413
46,14552351,20355
46,14928361,20298
46,15322342,20224
46,15677213,20163
46,16032184,20099
46,16406669,20041
46,16801759,20000
46,17180899,19960
46,17593411,19938
46,17976744,19929
46,18342224,19928
46,18766711,19933
46,19245639,19949
46,19668288,19967
46,20088339,19982
46,20498835,20002
46,20888251,20009
46,21254777,20023
46,21626768,20029
46,22044929,20033
46,22396688,20033
46,22762702,20036
46,23119119,20030
46,23530967,20030
46,23878121,20025
46,24223340,20023
46,24592932,20016
46,24950556,20016
46,25316540,20012
46,25675933,20012
46,26028616,20010
46,26376767,20009
46,26751189,20009
46,27109959,20009
46,27501686,20009
46,27885250,20009
46,28252089,20009
46,28635963,20009
46,28991377,20010
46,29384402,20010
46,29751862,20010
46,30114215,20010
46,30491591,20009
46,30889978,20009
46,31263019,20008
46,31647719,20008
46,32024119,20008
46,32399774,20008
46,32780297,20007
46,33141186,20006
46,33514164,20006
46,33909033,20006
46,34283101,20006
46,34679792,20006
46,35055703,20006
46,35451064,20006
46,35854437,20005
46,36242490,20004
46,36637169,20004
46,37036025,20004
46,37405777,20003
46,37781047,20003
46,38157017,20003
46,38531414,20003
46,38892005,20004
46,39281056,20004
46,39634373,20004
46,40011804,20003
46,40406243,20003
46,40781046,20003
46,41137842,20002
46,41532162,20001
46,41910711,20001
46,42305649,20001
46,42697592,20001
46,43079335,20001
46,43467400,20001
46,43881002,20001
46,44264090,19999
46,44658451,20000
46,45036213,20000
46,45429207,20000
46,45802081,20000
46,46202325,20000
46,46572285,20000
47,739541,1
47,1118223,354
47,1520006,1019
47,1912930,1543
47,2304199,2269
47,2661125,3203
47,3033416,4137
47,3406293,5460
47,3791675,6831
47,4162328,8505
47,4560781,10414
47,4979241,12393
47,5369572,13217
47,5744639,14302
47,6139603,15633
47,6517996,16413
47,6910172,17067
47,7262931,17912
47,7644469,18407
47,8038111,18801
47,8432123,19254
47,8809032,19285
47,9205390,19434
47,9584279,19928
47,9976378,19982
47,10391860,20153
47,10767326,20387
47,11160241,20399
47,11516475,20510
47,11908935,20540
47,12286140,20523
47,12663462,20524
47,13056645,20486
47,13462550,20479
47,13831907,20433
47,14226866,20409
47,14639915,20358
47,15013252,20315
47,15367280,20245
47,15765600,20179
47,16138649,20111
47,16502197,20059
47,16887805,20012
47,17241104,19978
47,17619905,19949
47,18013232,19940
47,18388567,19932
47,18749462,19934
47,19140653,19943
47,19519639,19957
47,19911740,19969
47,20286630,19987
47,20684660,19998
47,21056750,20013
47,21478553,20019
47,21870294,20030
47,22266773,20030
47,22643189,20034
47,23035698,20032
47,23431184,20031
47,23834925,20027
47,24220998,20025
47,24583798,20019
47,25022279,20018
47,25409241,20014
47,25768350,20011
47,26160596,20009
47,26518291,20009
47,26889277,20009
47,27284234,20009
47,27639576,20009
47,28013351,20009
47,28366146,20008
47,28743548,20008
47,29149568,20008
47,29552121,20008
47,29952302,20008
47,30326792,20008
47,30682300,20008
47,31076271,20008
47,31461476,20006
47,31853576,20006
47,32264604,20006
47,32660285,20004
47,33033781,20004
47,33408737,20004
47,33785791,20003
47,34158899,20003
47,34516199,20003
47,34912050,20002
47,35287018,20002
47,35683381,20001
47,36055894,20001
47,36473216,20001
47,36869803,20001
47,37283171,20000
47,37640109,20000
47,38034717,20000
47,38410007,19999
47,38826903,19999
47,39225152,19999
47,39620174,19999
47,40013347,19999
47,40407721,19999
47,40766392,20000
47,41158147,20000
47,41518271,20000
47,41892463,20000
47,42285167,19999
48,763461,9
48,1160671,437
48,1596000,1089
48,1974619,1545
48,2367385,2397
48,2753196,3465
48,3166429,4583
48,3615452,6237
48,4045030,7859
48,4433753,9664
48,4874005,11734
48,5266928,13045
48,5664876,13790
48,6060286,15300
48,6434087,16209
48,6831331,16844
48,7225725,17815
48,7632400,18358
48,8018682,18728
48,8387569,19177
48,8750344,19297
48,9140724,19327
48,9533777,19830
48,9931407,19976
48,10330755,20103
48,10734508,20353
48,11097138,20390
48,11511814,20490
48,11867640,20559
48,12221734,20531
48,12611594,20547
48,12977471,20507
48,13349850,20496
48,13748883,20457
48,14140812,20423
48,14537723,20368
48,14934318,20308
48,15329598,20237
48,15726733,20164
48,16098867,20103
48,16513405,20043
48,16873022,20004
48,17241132,19965
48,17608830,19946
48,18012857,19933
48,18366539,19932
48,18725965,19933
48,19139158,19951
48,19534642,19963
48,19929790,19977
48,20305359,19992
48,20663943,20006
48,21033620,20015
48,21388075,20027
48,21743168,20032
48,22142372,20037
48,22535686,20036
48,22913045,20037
48,23286166,20033
48,23685767,20032
48,24061846,20027
48,24455749,20022
48,24872879,20018
48,25264916,20015
48,25639923,20013
48,26040508,20011
48,26432247,20010
48,26833982,20010
48,27226019,20010
48,27622808,20010
48,27995425,20010
48,28402865,20010
48,28771330,20012
48,29161404,20011
48,29535963,20011
48,29933344,20011
48,30328563,20010
48,30725752,20009
48,31098144,20009
48,31472883,20009
48,31870822,20008
48,32245300,20008
48,32639561,20007
48,33036092,20007
48,33432585,20006
48,33832382,20006
48,34223719,20006
48,34618580,20006
48,35030315,20006
48,35417925,20006
48,35832517,20006
48,36224391,20006
48,36613237,20006
48,37000324,20006
48,37392740,20006
48,37770819,20005
48,38163605,20005
48,38538031,20005
48,38934535,20005
48,39311203,20004
48,39712289,20004
48,40078704,20004
48,40472739,20004
48,40852800,20004
48,41243961,20004
48,41641870,20004
48,42014047,20004
48,42410599,20004
48,42788088,20003
48,43182079,20002
48,43572116,20002
48,43975488,20001
48,44368110,20001
48,44767374,20001
48,45139623,20002
48,45535122,20001
48,45957843,20001
48,46370433,20002
48,46772791,20001
48,47163548,20001
48,47537633,20001
48,47915043,20001
48,48307686,20001
49,698227,25
49,1104155,439
49,1455998,1020
49,1834182,1545
49,2237665,2402
49,2651534,3471
49,3052015,4433
49,3431599,5849
49,3834739,7447
49,4237695,9193
49,4653191,11200
49,5071992,12825
49,5466840,13631
49,5856242,14893
49,6231345,16102
49,6626704,16629
49,7001057,17569
49,7398965,18205
49,7793498,18607
49,8191239,19132
49,8585508,19312
49,8993694,19310
49,9355959,19780
49,9751511,19991
49,10127311,20048
49,10533808,20305
49,10899451,20385
49,11295381,20464
49,11708888,20549
49,12111984,20521
49,12505524,20535
49,12901643,20491
49,13303791,20484
49,13690879,20441
49,14112620,20419
49,14526996,20363
49,14928795,20323
49,15298017,20241
49,15692292,20176
49,16111820,20098
49,16504048,20057
49,16897975,20002
49,17297283,19968
49,17693177,19941
49,18108026,19935
49,18502166,19927
49,18896266,19939
49,19273384,19945
49,19646368,19962
49,20043953,19973
49,20422895,19993
49,20817004,20003
49,21231624,20019
49,21625863,20024
49,22022701,20031
49,22402833,20033
49,22816504,20033
49,23214411,20030
49,23608585,20027
49,24001120,20024
49,24400989,20019
49,24792586,20017
49,25174102,20015
49,25545074,20012
49,25948917,20013
49,26336547,20010
49,26709605,20010
49,27105002,20010
49,27501220,20010
49,27895675,20010
49,28292570,20010
49,28692152,20011
49,29106071,20010
49,29500718,20010
49,29895728,20010
49,30333083,20009
49,30733150,20009
49,31108201,20008
49,31500507,20008
49,31896628,20006
49,32293302,20006
49,32692431,20006
49,33113951,20005
49,33505252,20004
49,33901504,20004
49,34279512,20004
49,34652108,20004
49,35048743,20004
49,35437057,20004
49,35839636,20004
49,36235499,20004
49,36650192,20004
49,37048909,20003
49,37444158,20003
49,37833646,20003
49,38214284,20003
49,38605294,20002
49,39012662,20001
49,39402089,20001
49,39792838,20001
49,40177023,20001
49,40544328,20001
49,40931941,20001
49,41335256,20001
49,41707989,20000
49,42105534,20000
49,42500880,20000
49,42895394,20000
49,43294283,20000
49,43692286,20001
49,44114376,20001
50,709180,24
50,1116312,522
50,1530629,1146
50,1930140,1618
50,2326512,2526
50,2694319,3595
50,3119380,4746
50,3532293,6234
50,3927169,7851
50,4370673,9655
50,4767644,11717
50,5187153,13108
50,5612915,13922
50,5987324,15447
50,6382742,16245
50,6777717,16934
50,7174352,17907
50,7574801,18412
50,7995148,18888
50,8383744,19298
50,8809665,19301
50,9199849,19584
50,9617007,19985
50,10013613,19993
50,10407026,20235
50,10782439,20385
50,11202067,20413
50,11588692,20548
50,11996099,20533
50,12388757,20546
50,12778405,20519
50,13156008,20493
50,13548418,20472
50,13932141,20431
50,14320724,20396
50,14735973,20339
50,15132584,20286
50,15506225,20206
50,15903402,20148
50,16276969,20075
50,16672247,20029
50,17133495,19978
50,17526322,19950
50,17923493,19934
50,18307645,19929
50,18669105,19927
50,19022776,19940
50,19377427,19949
50,19725423,19964
50,20106459,19976
50,20450614,19993
50,20831230,20004
50,21218698,20017
50,21576929,20024
50,21953495,20030
50,22347242,20031
50,22721207,20034
50,23098011,20031
50,23476190,20030
50,23834731,20027
50,24202147,20023
50,24602049,20018
50,24983686,20017
50,25374675,20013
50,25731194,20012
50,26107100,20010
50,26464296,20010
50,26868400,20009
50,27255953,20009
50,27629872,20009
50,28032603,20009
50,28404323,20009
50,28807595,20009
50,29178519,20009
50,29573705,20009
50,29987777,20009
50,30380462,20009
50,30758191,20009
50,31158535,20009
50,31528393,20009
50,31930141,20009
50,32322875,20008
50,32717632,20006
50,33115477,20005
50,33506235,20005
50,33883557,20005
50,34280464,20005
50,34654320,20005
50,35055189,20005
50,35446787,20005
50,35870192,20004
50,36239841,20004
50,36631109,20004
50,37010603,20003
50,37402906,20003
50,37809671,20003
50,38196334,20003
50,38589044,20003
50,39009595,20003
50,39402354,20003
50,39818859,20003
50,40237079,20002
50,40630450,20001
50,41009090,20001
50,41402094,20001
50,41815073,20000
50,42222608,20000
50,42594917,19999
50,42990794,19999
50,43385168,19999
50,43780338,19999
50,44176855,19999
50,44573628,19999
50,44991817,19999
50,45407433,19999
50,45808280,19999
51,759366,0
51,1121785,353
51,1517461,1017
51,1913137,1467
51,2293768,2140
51,2661218,3201
51,3059358,4276
51,3475424,5638
51,3869103,7229
51,4267068,8719
51,4660597,10654
51,5061538,12545
51,5474757,13376
51,5869233,14668
51,6265430,15877
51,6660824,16527
51,7056663,17309
51,7420711,18163
51,7813069,18564
51,8226714,19086
51,8620301,19334
51,8996147,19303
51,9392382,19650
51,9766176,20000
51,10171014,20001
51,10541940,20266
51,10934546,20387
51,11351630,20446
51,11763462,20560
51,12117798,20535
51,12473489,20545
51,12868213,20514
51,13247639,20484
51,13660642,20463
51,14013053,20424
51,14370732,20399
51,14763700,20357
51,15169701,20317
51,15562307,20244
51,15950350,20192
51,16327245,20118
51,16721549,20076
51,17074680,20024
51,17452268,19988
51,17857876,19954
51,18268401,19943
51,18661539,19932
51,19037404,19939
51,19437851,19944
51,19847802,19959
51,20213462,19969
51,20577180,19986
51,20970382,19993
51,21328133,20010
51,21702132,20015
51,22096392,20025
51,22457062,20026
51,22851343,20030
51,23246172,20030
51,23641909,20028
51,24035548,20024
51,24391985,20022
51,24766966,20016
51,25192061,20016
51,25576537,20011
51,25954588,20010
51,26347748,20009
51,26742775,20009
51,27117907,20008
51,27471779,20008
51,27847022,20008
51,28209061,20008
51,28602020,20008
51,28995142,20008
51,29371471,20008
51,29765208,20009
51,30172804,20009
51,30543849,20008
51,30908401,20008
51,31265386,20007
51,31662414,20007
51,32040813,20006
51,32432185,20005
51,32847843,20005
51,33246996,20005
51,33620852,20005
51,34015314,20005
51,34392521,20005
51,34787023,20005
51,35175478,20005
51,35576672,20005
51,35970931,20004
51,36350540,20004
51,36752833,20004
51,37159528,20003
51,37560545,20002
51,37970336,20002
51,38326860,20001
51,38721487,20001
51,39095645,20001
51,39453665,20001
51,39854703,20001
51,40260311,20001
51,40619437,20001
51,40991916,20001
51,41348493,20001
51,41753271,20001
51,42120058,20000
51,42494077,20000
51,42890662,20000
52,720993,8
52,1082142,438
52,1497340,1086
52,1896159,1618
52,2289069,2390
52,2669178,3460
52,3103486,4576
52,3492868,5832
52,3852142,7431
52,4245275,8950
52,4623939,10926
52,5018026,12705
52,5413335,13395
52,5789500,14685
52,6232070,16005
52,6622000,16633
52,6993403,17449
52,7368821,18156
52,7745745,18560
52,8140169,19015
52,8493444,19305
52,8847842,19291
52,9199744,19507
52,9585022,19957
52,9993547,19981
52,10347225,20152
52,10701319,20369
52,11075218,20395
52,11471705,20511
52,11833582,20548
52,12246469,20539
52,12645351,20537
52,13040919,20495
52,13439244,20483
52,13831051,20437
52,14242471,20411
52,14608012,20356
52,14993068,20311
52,15349721,20240
52,15727159,20173
52,16119985,20106
52,16475088,20059
52,16851860,20003
52,17267494,19969
52,17661910,19944
52,18037503,19934
52,18387398,19928
52,18747991,19932
52,19140088,19941
52,19492726,19954
52,19869967,19967
52,20263385,19986
52,20639992,19995
52,20993907,20009
52,21366372,20019
52,21729956,20027
52,22128946,20030
52,22534520,20032
52,22940040,20031
52,23346117,20030
52,23706869,20025
52,24099482,20023
52,24472991,20018
52,24827379,20016
52,25206758,20011
52,25611561,20010
52,25998972,20009
52,26367236,20009
52,26724600,20007
52,27076535,20007
52,27452687,20008
52,27849298,20008
52,28224523,20008
52,28587064,20008
52,28974573,20009
52,29325760,20008
52,29704770,20008
52,30100730,20008
52,30471705,20008
52,30829881,20008
52,31222784,20008
52,31585125,20007
52,31950373,20007
52,32325445,20007
52,32721803,20007
52,33075483,20006
52,33449649,20006
52,33852996,20005
52,34244616,20005
52,34606822,20005
52,34975777,20004
52,35370435,20004
52,35747290,20003
52,36141782,20003
52,36535477,20004
52,36914363,20004
52,37290654,20003
52,37690687,20003
52,38078624,20003
52,38452704,20003
52,38830908,20002
52,39222016,20002
52,39584394,20001
52,39974140,20001
52,40346605,20001
52,40703444,20001
52,41076876,20001
52,41471982,20001
52,41850139,20001
52,42243443,20001
52,42601576,20001
52,42993942,20001
52,43367836,20000
52,43723031,20000
52,44075348,20000
52,44449768,20000
52,44854187,20000
53,711776,9
53,1072026,436
53,1468623,1087
53,1888354,1622
53,2283041,2395
53,2653610,3471
53,3058403,4590
53,3468795,6046
53,3885667,7655
53,4281947,9197
53,4690760,11207
53,5049897,12713
53,5407946,13408
53,5782847,14701
53,6174671,15908
53,6548750,16486
53,6910986,17321
53,7305019,18142
53,7723680,18543
53,8112372,19003
53,8465788,19286
53,8842432,19267
53,9257749,19564
53,9611467,19948
53,9967867,19976
53,10363392,20185
53,10753151,20378
53,11157457,20409
53,11556256,20540
53,11970793,20518
53,12364642,20523
53,12762971,20495
53,13153619,20470
53,13507540,20456
53,13863724,20418
53,14217096,20398
53,14570324,20353
53,14950961,20311
53,15343832,20235
53,15741279,20184
53,16113950,20110
53,16509316,20068
53,16886029,20015
53,17278897,19984
53,17654008,19955
53,18050685,19947
53,18407561,19938
53,18785307,19941
53,19174499,19949
53,19526976,19960
53,19907797,19971
53,20305434,19990
53,20726897,19999
53,21116989,20013
53,21488754,20020
53,21888355,20029
53,22261616,20029
53,22654186,20033
53,23059401,20030
53,23449381,20030
53,23845865,20024
53,24238034,20024
53,24612340,20018
53,24997895,20018
53,25390082,20011
53,25787053,20012
53,26161234,20010
53,26557207,20010
53,26970134,20010
53,27365936,20010
53,27762475,20010
53,28154518,20010
53,28508944,20010
53,28866285,20010
53,29278793,20009
53,29633254,20009
53,30033107,20009
53,30404463,20007
53,30760868,20007
53,31154006,20007
53,31528918,20007
53,31883839,20007
53,32237313,20006
53,32591418,20006
53,32952016,20006
53,33320817,20006
53,33705874,20005
53,34094311,20005
53,34488832,20004
53,34866158,20004
53,35259601,20004
53,35613775,20004
53,35968693,20003
53,36362002,20003
53,36741679,20003
53,37116026,20002
53,37509875,20002
53,37867241,20002
53,38261195,20002
53,38668423,20002
53,39051893,20001
53,39466760,20001
53,39825850,20001
53,40218612,20001
53,40591025,20001
53,40948209,20001
53,41363783,20001
53,41723588,20001
53,42114681,20001
53,42486555,20001
53,42863334,20001
53,43237578,20001
53,43590243,20001
53,43971915,20001
53,44364523,20000
54,713376,8
54,1143669,436
54,1510968,1012
54,1889303,1535
54,2282612,2259
54,2642997,3193
54,3012516,4273
54,3423980,5453
54,3786323,7027
54,4180346,8727
54,4605090,10662
54,5001190,12379
54,5387947,13293
54,5789561,14479
54,6180455,15884
54,6589129,16463
54,6955732,17317
54,7352544,18158
54,7743702,18512
54,8136677,19026
54,8532192,19318
54,8890249,19299
54,9303117,19584
54,9662319,19988
54,10076808,20013
54,10469551,20280
54,10889905,20391
54,11281346,20431
54,11658843,20553
54,12052003,20530
54,12405224,20534
54,12785291,20506
54,13177326,20481
54,13552773,20457
54,13953569,20423
54,14344745,20390
54,14721972,20339
54,15136529,20279
54,15531028,20214
54,15910782,20146
54,16304089,20086
54,16679810,20036
54,17077087,19994
54,17453641,19961
54,17850025,19942
54,18291000,19932
54,18686249,19932
54,19078888,19943
54,19491443,19955
54,19919231,19969
54,20304198,19988
54,20723335,19999
54,21140407,20013
54,21532636,20020
54,21887661,20029
54,22283188,20029
54,22679366,20032
54,23073944,20031
54,23426940,20029
54,23782015,20027
54,24178673,20022
54,24551106,20018
54,24949022,20016
54,25322477,20011
54,25692867,20011
54,26055866,20009
54,26448224,20009
54,26803942,20009
54,27176795,20009
54,27531515,20008
54,27902485,20009
54,28303227,20009
54,28659322,20009
54,29055191,20009
54,29428922,20009
54,29837546,20009
54,30199176,20008
54,30606825,20008
54,31013507,20008
54,31405084,20008
54,31783585,20006
54,32177282,20006
54,32531310,20006
54,32886203,20006
54,33281550,20005
54,33658029,20005
54,34031020,20005
54,34405157,20004
54,34787135,20004
54,35178371,20004
54,35553745,20004
54,35931429,20004
54,36323495,20003
54,36681838,20003
54,37071444,20003
54,37445245,20003
54,37805726,20003
54,38180089,20002
54,38583617,20002
54,38952944,20002
54,39344316,20001
54,39762997,20001
54,40177025,20001
54,40528411,20001
54,40885158,19999
54,41236887,20000
54,41619320,20000
54,42008788,20000
54,42382448,20000
54,42739743,20000
54,43134169,20000
54,43486254,20000
54,43863492,20000
54,44266441,20000
54,44644151,20000
55,735485,8
55,1145572,436
55,1537639,1079
55,1955679,1613
55,2353246,2520
55,2766042,3588
55,3163353,4571
55,3535563,6024
55,3932347,7635
55,4329814,9177
55,4707949,11178
55,5104063,12682
55,5514973,13484
55,5893117,14870
55,6284606,15980
55,6679395,16612
55,7058409,17578
55,7451650,18226
55,7840748,18576
55,8201593,19101
55,8600245,19346
55,8995161,19318
55,9377087,19730
55,9766255,20009
55,10140372,20041
55,10535813,20282
55,10910490,20393
55,11306723,20452
55,11709378,20556
55,12086050,20535
55,12455619,20543
55,12857862,20501
55,13244768,20485
55,13640258,20457
55,14035084,20426
55,14429690,20393
55,14783053,20348
55,15141052,20298
55,15535260,20222
55,15943988,20152
55,16375455,20083
55,16752125,20032
55,17142562,19989
55,17519010,19957
55,17925360,19939
55,18287585,19929
55,18680226,19927
55,19037490,19939
55,19431387,19948
55,19804539,19962
55,20231008,19980
55,20617981,19992
55,20993996,20008
55,21389099,20015
55,21763675,20026
55,22161190,20030
55,22555658,20030
55,22936274,20030
55,23348711,20030
55,23743051,20026
55,24141581,20024
55,24537083,20019
55,24934753,20017
55,25327893,20011
55,25707871,20011
55,26102068,20010
55,26512931,20009
55,26879527,20007
55,27244932,20008
55,27638035,20008
55,27996139,20008
55,28367346,20008
55,28765017,20009
55,29163279,20009
55,29533791,20009
55,29896428,20009
55,30286579,20009
55,30676282,20008
55,31040178,20008
55,31464731,20008
55,31840394,20007
55,32201597,20006
55,32599773,20006
55,33015912,20006
55,33408547,20004
55,33782470,20004
55,34153641,20005
55,34515726,20004
55,34913329,20003
55,35307354,20004
55,35681236,20005
55,36078844,20005
55,36455765,20003
55,36864814,20003
55,37265988,20003
55,37660119,20003
55,38057513,20003
55,38453492,20003
55,38862923,20002
55,39221050,20001
55,39579507,20001
55,39976476,20001
55,40388998,20001
55,40741085,20000
55,41119399,20000
55,41514208,20000
55,41875808,20000
55,42241044,20000
55,42637169,20000
55,42993551,19999
55,43366438,19999
55,43762564,19999
55,44116493,19999
55,44491375,19999
56,733878,8
56,1137801,435
56,1538433,1079
56,1949841,1611
56,2363077,2379
56,2719049,3316
56,3072788,4264
56,3425668,5437
56,3812536,7011
56,4200736,8484
56,4593033,10383
56,4970127,12354
56,5363973,13171
56,5718345,14072
56,6092667,15426
56,6446191,16218
56,6830154,16924
56,7221343,17922
56,7616136,18389
56,7993232,18840
56,8387072,19271
56,8792336,19353
56,9173294,19480
56,9571512,19926
56,9951864,20025
56,10347095,20181
56,10739597,20388
56,11120838,20395
56,11510241,20506
56,11887252,20550
56,12285866,20537
56,12695896,20534
56,13053885,20487
56,13428780,20477
56,13828480,20431
56,14230293,20413
56,14594394,20359
56,14992409,20323
56,15386481,20249
56,15795109,20185
56,16176950,20117
56,16550504,20064
56,16949221,20007
56,17343663,19976
56,17717081,19948
56,18072549,19937
56,18467997,19926
56,18846477,19931
56,19261140,19938
56,19612528,19952
56,19989883,19963
56,20386650,19984
56,20797878,19992
56,21156630,20010
56,21551640,20015
56,21928420,20027
56,22322038,20027
56,22676071,20031
56,23051336,20030
56,23445736,20030
56,23813157,20024
56,24178177,20024
56,24571343,20017
56,24926058,20016
56,25299362,20011
56,25699986,20010
56,26095234,20010
56,26487744,20009
56,26919143,20008
56,27321095,20008
56,27705339,20008
56,28101195,20008
56,28492671,20008
56,28898381,20009
56,29289307,20009
56,29655660,20009
56,30019701,20009
56,30410859,20009
56,30830321,20009
56,31223320,20008
56,31593608,20007
56,31956961,20007
56,32368542,20006
56,32760238,20006
56,33141761,20005
56,33534762,20004
56,33951860,20005
56,34360807,20005
56,34720712,20003
56,35116428,20003
56,35488096,20004
56,35846551,20004
56,36239057,20003
56,36615210,20003
56,36971956,20003
56,37386024,20002
56,37739989,20002
56,38136238,20002
56,38509468,20002
56,38877926,20001
56,39263086,20001
56,39639752,20001
56,40037751,20000
56,40448059,20000
56,40811716,20000
56,41199246,20001
56,41592637,19999
56,41950610,20000
56,42343537,20000
56,42699604,20000
56,43098826,19999
56,43490674,19999
56,43889152,19999
57,624625,1
57,976057,275
57,1348002,867
57,1694454,1329
57,2049235,1798
57,2345463,2521
57,2658246,3326
57,2943002,4127
57,3254434,5069
57,3572141,6213
57,3878553,7416
57,4191547,8931
57,4580709,10631
57,4931591,12345
57,5288247,13161
57,5649541,14060
57,6002845,15416
57,6373746,16210
57,6733698,16803
57,7085190,17706
57,7437864,18294
57,7793240,18645
57,8166146,19118
57,8534647,19361
57,8874407,19328
57,9227891,19604
57,9582942,19989
57,9935896,20014
57,10287791,20134
57,10628884,20373
57,10977044,20404
57,11335888,20478
57,11689694,20574
57,12044745,20546
57,12435513,20556
57,12822686,20514
57,13179701,20493
57,13563117,20471
57,13946021,20440
57,14300684,20417
57,14677171,20363
57,15070878,20315
57,15425119,20243
57,15800022,20175
57,16201453,20105
57,16602809,20051
57,16975776,19994
57,17370834,19964
57,17758428,19936
57,18143159,19927
57,18551276,19921
57,18937180,19930
57,19326987,19940
57,19728473,19956
57,20099849,19970
57,20496164,19987
57,20871957,20001
57,21265123,20012
57,21642127,20024
57,22040460,20028
57,22450831,20031
57,22850337,20032
57,23244112,20032
57,23649582,20027
57,24045339,20025
57,24417791,20020
57,24812889,20016
57,25224586,20012
57,25624283,20012
57,25997858,20009
57,26391266,20008
57,26771565,20008
57,27162722,20009
57,27584664,20008
57,27974897,20008
57,28347709,20008
57,28747806,20009
57,29144357,20009
57,29546695,20009
57,29932715,20009
57,30347936,20008
57,30745926,20008
57,31141348,20006
57,31528542,20005
57,32014490,20005
57,32558075,20004
57,33051931,20004
57,33473312,20004
57,33967783,20005
57,34465156,20004
57,34986014,20004
57,35416190,20004
57,35900278,20003
57,36359253,20003
57,36846822,20002
57,37340579,20001
57,37861823,20001
57,38376329,20001
57,38881035,20001
57,39328610,20000
57,39796536,20000
57,40318225,20000
57,40840989,20000
57,41340725,19999
57,41838950,19999
57,42366996,19999
58,713048,9
58,1128039,436
58,1518375,1015
58,1889787,1535
58,2286913,2382
58,2723209,3448
58,3124938,4561
58,3514305,6015
58,3906245,7417
58,4287726,9161
58,4699881,10896
58,5066271,12516
58,5449447,13350
58,5822980,14445
58,6184227,15846
58,6621063,16500
58,6989893,17310
58,7351859,18104
58,7720027,18487
58,8121343,18985
58,8493449,19353
58,8888863,19334
58,9287986,19615
58,9680894,19999
58,10031346,20025
58,10429794,20221
58,10784772,20395
58,11139286,20399
58,11511808,20512
58,11883988,20549
58,12265000,20532
58,12639676,20528
58,13030904,20479
58,13431507,20464
58,13805801,20426
58,14178930,20408
58,14533418,20369
58,14885090,20338
58,15243461,20283
58,15636705,20234
58,16009800,20173
58,16365619,20115
58,16719451,20070
58,17101630,20017
58,17489054,19982
58,17843894,19953
58,18220945,19939
58,18614468,19926
58,18989064,19929
58,19347159,19934
58,19756301,19949
58,20121424,19957
58,20513835,19976
58,20865146,19985
58,21224276,19999
58,21597045,20008
58,21993399,20017
58,22390189,20021
58,22783084,20026
58,23140188,20024
58,23534514,20024
58,23884103,20022
58,24243716,20019
58,24616682,20015
58,25010556,20013
58,25369566,20011
58,25742056,20010
58,26104436,20006
58,26494551,20006
58,26897100,20006
58,27292669,20006
58,27788686,20006
58,28350784,20006
58,28880728,20006
58,29401328,20006
58,29862239,20006
58,30256523,20005
58,30650033,20004
58,31022305,20005
58,31420724,20005
58,31792911,20004
58,32211282,20004
58,32604055,20004
58,32994090,20004
58,33393031,20003
58,33786566,20004
58,34184569,20003
58,34553705,20003
58,34907520,20003
58,35265933,20003
58,35682113,20002
58,36089548,20001
58,36451242,20001
58,36846428,20002
58,37222057,20000
58,37617164,20002
58,38015187,20002
58,38388050,20002
58,38791825,20001
58,39210475,20002
58,39622992,20002
58,40012653,20001
58,40395039,20000
58,40793695,20000
58,41171316,20000
58,41564969,20001
58,41931363,20000
58,42328389,20000
58,42751522,20001
58,43149532,20001
58,43522455,20000
58,43911751,20000
58,44286561,20000
58,44681744,19999
58,45110741,19999
59,745844,25
59,1167344,523
59,1585579,1149
59,1968182,1699
59,2392090,2647
59,2792685,3714
59,3184917,4721
59,3549249,6209
59,3958324,7830
59,4365840,9393
59,4748410,11425
59,5127895,12783
59,5487061,13461
59,5837592,14648
59,6190554,15847
59,6544934,16426
59,6894662,17050
59,7260273,18024
59,7631558,18442
59,7978501,18848
59,8323382,19235
59,8638007,19375
59,8996126,19365
59,9347432,19761
59,9722287,20040
59,10076765,20053
59,10427632,20273
59,10845584,20410
59,11153278,20412
59,11488648,20511
59,11819396,20553
59,12154004,20530
59,12469296,20541
59,12821128,20509
59,13154711,20484
59,13492358,20472
59,13842295,20443
59,14159101,20423
59,14538939,20380
59,14887745,20342
59,15250120,20279
59,15601486,20217
59,15953435,20153
59,16310987,20097
59,16646156,20051
59,16981243,20007
59,17313392,19972
59,17645605,19946
59,17983108,19931
59,18333498,19921
59,18688334,19918
59,19039654,19928
59,19393848,19937
59,19757540,19952
59,20132409,19965
59,20488850,19983
59,20840236,19993
59,21193232,20008
59,21554290,20016
59,21930634,20025
59,22280640,20026
59,22682288,20032
59,23031295,20030
59,23428078,20030
59,23805957,20026
59,24188573,20022
59,24581780,20017
59,24953261,20015
59,25306354,20011
59,25663632,20010
59,26078696,20006
59,26431335,20006
59,26789655,20004
59,27181646,20004
59,27564236,20004
59,27954761,20006
59,28326680,20006
59,28685072,20006
59,29078073,20006
59,29451379,20006
59,29824900,20006
59,30206936,20006
59,30581700,20006
59,30977293,20007
59,31350857,20006
59,31706996,20005
59,32102433,20005
59,32474757,20005
59,32874436,20004
59,33246578,20004
59,33648513,20003
59,34059186,20003
59,34413258,20003
59,34797414,20002
59,35187756,20002
59,35582000,20002
59,35955351,20002
59,36350928,20001
59,36727497,20000
59,37142770,20000
59,37493898,20002
59,37896023,20001
59,38307154,20001
59,38662224,20001
59,39035738,20001
59,39432203,20001
59,39786655,20001
59,40160819,20001
59,40578912,20000
59,40937455,19999
59,41331157,19999
59,41749549,19999
59,42149055,19999
59,42562709,19998
59,42955871,19999
60,691893,7
60,1128064,436
60,1489771,1018
60,1864292,1462
60,2227149,2254
60,2619659,3320
60,3033153,4411
60,3431762,5626
60,3804703,7216
60,4207577,8938
60,4617126,10896
60,5032793,12658
60,5433694,13350
60,5806247,14649
60,6207598,15850
60,6571844,16429
60,6931086,17315
60,7312605,18098
60,7685089,18484
60,8051587,18987
60,8450727,19351
60,8864234,19335
60,9221011,19619
60,9615235,20004
60,9988727,20030
60,10346634,20227
60,10739937,20399
60,11120786,20409
60,11536602,20539
60,11927758,20538
60,12303950,20531
60,12702305,20507
60,13133212,20476
60,13513973,20463
60,13906255,20433
60,14286335,20409
60,14660008,20354
60,15054911,20305
60,15431384,20225
60,15830828,20153
60,16242041,20081
60,16637529,20037
60,17008702,19989
60,17365228,19960
60,17718051,19935
60,18104276,19927
60,18492088,19921
60,18885487,19929
60,19242659,19936
60,19615204,19954
60,19968500,19964
60,20345379,19984
60,20745777,19997
60,21137497,20011
60,21510811,20018
60,21864203,20026
60,22219742,20027
60,22592337,20032
60,22987857,20029
60,23343371,20029
60,23716410,20024
60,24135539,20021
60,24490955,20017
60,24883639,20015
60,25240638,20012
60,25614928,20011
60,26020570,20009
60,26390640,20009
60,26782881,20008
60,27139846,20008
60,27512129,20007
60,27907339,20008
60,28264861,20008
60,28637129,20008
60,29030063,20008
60,29430176,20008
60,29807956,20008
60,30219627,20008
60,30594403,20008
60,30988133,20007
60,31347226,20007
60,31739345,20006
60,32100448,20006
60,32470210,20006
60,32882751,20006
60,33240123,20005
60,33634668,20005
60,34008066,20005
60,34362161,20005
60,34716213,20004
60,35101901,20005
60,35489765,20006
60,35851279,20005
60,36240825,20004
60,36613483,20004
60,36965608,20004
60,37346805,20003
60,37740970,20003
60,38137260,20003
60,38511148,20002
60,38865163,20002
60,39262797,20001
60,39634257,20001
60,39989048,20001
60,40345460,20001
60,40720428,20001
60,41120758,20001
60,41512275,20001
60,41907698,20001
60,42305855,20001
60,42701515,20001
60,43121836,20001
60,43509912,20001
60,43884464,20000
60,44241778,20000
60,44633747,19999
61,713951,8
61,1075203,436
61,1472577,1083
61,1868290,1534
61,2247894,2250
61,2614548,3309
61,3016495,4400
61,3430988,5804
61,3823453,7194
61,4204712,8920
61,4621446,10886
61,5014982,12655
61,5410121,13342
61,5783238,14639
61,6183490,15832
61,6573113,16495
61,6947680,17315
61,7305187,18106
61,7676957,18494
61,8032730,18992
61,8431181,19342
61,8803904,19343
61,9204166,19550
61,9573155,19971
61,9926495,20024
61,10285442,20177
61,10699149,20390
61,11050862,20402
61,11408746,20519
61,11802045,20568
61,12184594,20550
61,12576129,20553
61,12970092,20501
61,13348335,20494
61,13719772,20456
61,14071555,20432
61,14430126,20386
61,14824727,20349
61,15201123,20284
61,15606460,20227
61,15972440,20151
61,16369713,20093
61,16746425,20036
61,17154096,19988
61,17554632,19949
61,17947600,19933
61,18305135,19922
61,18678735,19918
61,19071854,19924
61,19447802,19935
61,19802655,19949
61,20164979,19966
61,20551757,19978
61,20927274,19994
61,21283216,20006
61,21675863,20015
61,22052078,20023
61,22407018,20027
61,22781277,20029
61,23188159,20028
61,23575294,20027
61,23948558,20023
61,24303171,20020
61,24655682,20016
61,25051332,20013
61,25433687,20009
61,25804692,20009
61,26202162,20007
61,26595265,20006
61,26972352,20006
61,27389106,20006
61,27780413,20006
61,28169243,20006
61,28551958,20006
61,28917754,20007
61,29308258,20007
61,29676353,20007
61,30030327,20007
61,30411292,20006
61,30804355,20006
61,31184727,20006
61,31574445,20006
61,31927712,20006
61,32285076,20005
61,32676573,20005
61,33049728,20005
61,33407948,20003
61,33780299,20003
61,34164261,20003
61,34552875,20003
61,34904373,20003
61,35282118,20003
61,35677001,20003
61,36028970,20003
61,36408843,20002
61,36801340,20002
61,37273542,20002
61,37783911,20002
61,38300292,20002
61,38799325,20001
61,39299643,20001
61,39819178,20001
61,40358779,20000
61,40808114,20000
61,41210652,20000
61,41675996,20001
61,42188821,20000
61,42669096,19999
61,43132550,19999
61,43649504,19999
61,44097613,19999
62,755990,9
62,1160381,436
62,1557205,1081
62,1948910,1532
62,2327243,2389
62,2727077,3326
62,3135993,4411
62,3518405,5822
62,3909019,7419
62,4304677,8929
62,4705203,10892
62,5094225,12509
62,5457287,13348
62,5850058,14652
62,6261279,15850
62,6640343,16509
62,7032704,17321
62,7396865,18179
62,7782108,18542
62,8157701,18993
62,8517322,19341
62,8887496,19348
62,9240923,19489
62,9642764,19977
62,10014514,20034
62,10410783,20196
62,10785684,20412
62,11178125,20412
62,11541239,20522
62,11931311,20561
62,12305428,20545
62,12727626,20528
62,13118176,20483
62,13495325,20467
62,13888324,20427
62,14281703,20398
62,14657417,20346
62,15011136,20304
62,15393893,20226
62,15783432,20168
62,16135957,20101
62,16514508,20048
62,16908699,20002
62,17281128,19968
62,17637015,19944
62,17990379,19931
62,18374120,19924
62,18762322,19927
62,19116293,19934
62,19495364,19950
62,19887286,19962
62,20241149,19979
62,20619331,19992
62,21016097,20008
62,21423229,20016
62,21786208,20027
62,22181170,20027
62,22557286,20032
62,22951288,20030
62,23338933,20029
62,23722546,20024
62,24137488,20021
62,24493173,20016
62,24888356,20014
62,25282852,20009
62,25662922,20009
62,26031999,20008
62,26419854,20007
62,26811643,20006
62,27221528,20007
62,27619779,20007
62,28013791,20007
62,28437011,20007
62,28810505,20008
62,29201416,20008
62,29582687,20008
62,29972864,20006
62,30391025,20006
62,30783273,20006
62,31138168,20006
62,31515279,20006
62,31907872,20005
62,32284905,20005
62,32684138,20005
62,33076239,20005
62,33470162,20004
62,33866445,20004
62,34238378,20004
62,34619617,20004
62,34991557,20004
62,35376272,20004
62,35764034,20003
62,36157824,20003
62,36513164,20003
62,36887580,20003
62,37281824,20003
62,37636944,20002
62,38011223,20002
62,38395413,20001
62,38782672,20001
62,39136031,20001
62,39490910,20001
62,39886372,20000
62,40259202,20000
62,40616886,20000
62,40990780,20000
62,41404735,20000
62,41786429,20000
62,42181582,20000
62,42578792,19999
62,42972037,19999
62,43391835,19999
62,43785370,19999
63,689673,10
63,1075513,434
63,1491882,1076
63,1891435,1524
63,2288903,2371
63,2661355,3435
63,3076432,4549
63,3491092,5998
63,3888626,7609
63,4287172,9150
63,4677713,11154
63,5074680,12778
63,5471075,13461
63,5847431,14855
63,6240649,15956
63,6634981,16605
63,6990571,17468
63,7382161,18189
63,7745639,18609
63,8141080,19141
63,8550106,19387
63,8988746,19374
63,9377388,19763
63,9739279,20043
63,10141115,20093
63,10567239,20368
63,10963748,20414
63,11345463,20492
63,11802798,20576
63,12319362,20569
63,12756574,20532
63,13248209,20495
63,13705538,20452
63,14135053,20414
63,14530048,20359
63,14872076,20307
63,15240704,20236
63,15586343,20178
63,15899032,20114
63,16234935,20061
63,16566291,20021
63,16923764,19976
63,17275591,19948
63,17637218,19928
63,17991712,19923
63,18341885,19919
63,18695785,19923
63,19031147,19935
63,19393620,19948
63,19743598,19963
63,20117441,19978
63,20448343,19994
63,20809937,20004
63,21178217,20018
63,21529750,20024
63,21890574,20030
63,22244550,20030
63,22571961,20034
63,22928204,20032
63,23281276,20031
63,23634161,20027
63,23997368,20025
63,24348308,20018
63,24703609,20017
63,25059233,20014
63,25435456,20011
63,25819358,20010
63,26163191,20009
63,26581773,20008
63,26986808,20007
63,27335860,20008
63,27711752,20008
63,28086183,20008
63,28468456,20009
63,28865226,20009
63,29236915,20009
63,29590994,20009
63,29957899,20009
63,30345005,20009
63,30718370,20009
63,31135303,20007
63,31533925,20007
63,31947525,20006
63,32340220,20006
63,32716484,20006
63,33070389,20006
63,33422682,20006
63,33809023,20006
63,34194936,20006
63,34554740,20005
63,34925986,20005
63,35319464,20005
63,35694401,20005
63,36057109,20004
63,36446971,20004
63,36830609,20004
63,37230373,20004
63,37595083,20004
63,37990442,20004
63,38381576,20004
63,38757805,20004
63,39158413,20003
63,39569467,20003
63,39926564,20003
63,40322287,20002
63,40696216,20002
63,41052252,20002
63,41427818,20001
63,41828377,20001
63,42219626,20001
63,42591435,20001
63,42947775,20001
63,43323272,20001
63,43714831,20001
63,44090424,20001
63,44444751,20001
63,44806924,20001
63,45194744,20000
63,45548823,20000
64,759615,25
64,1203477,524
64,1578301,1145
64,1991785,1700
64,2387333,2651
64,2785350,3587
64,3175425,4730
64,3574354,6217
64,3968188,7623
64,4381802,9396
64,4740371,11159
64,5160448,12888
64,5578004,13725
64,5969850,15043
64,6366687,16116
64,6761100,16789
64,7161592,17813
64,7555194,18330
64,7925415,18775
64,8328130,19231
64,8699436,19355
64,9094563,19434
64,9491770,19881
64,9864381,20025
64,10261958,20114
64,10635171,20383
64,11036556,20409
64,11448737,20511
64,11841803,20574
64,12219183,20555
64,12616570,20562
64,12988102,20511
64,13347005,20502
64,13738465,20464
64,14112419,20439
64,14469656,20388
64,14875679,20342
64,15238831,20266
64,15636949,20199
64,16029516,20121
64,16405176,20063
64,16781077,20009
64,17194816,19967
64,17558331,19938
64,17949423,19921
64,18345933,19915
64,18741554,19917
64,19135467,19929
64,19537247,19947
64,19947676,19958
64,20345974,19982
64,20741178,19993
64,21134201,20010
64,21493553,20017
64,21887688,20029
64,22257443,20030
64,22661715,20034
64,23070644,20031
64,23427300,20031
64,23821362,20026
64,24195459,20023
64,24551828,20018
64,24926040,20017
64,25328799,20011
64,25697682,20011
64,26097218,20010
64,26491237,20010
64,26863265,20008
64,27237629,20008
64,27637164,20008
64,28031796,20009
64,28448476,20009
64,28842202,20009
64,29219712,20009
64,29637088,20010
64,30047850,20010
64,30452126,20009
64,30845508,20009
64,31240949,20008
64,31636938,20007
64,32033981,20007
64,32450506,20007
64,32843976,20006
64,33222373,20006
64,33635972,20006
64,34057749,20006
64,34437871,20006
64,34807182,20005
64,35209394,20005
64,35608088,20005
64,35970561,20005
64,36373051,20005
64,36749047,20004
64,37146347,20004
64,37546675,20005
64,37920497,20004
64,38303991,20003
64,38702046,20003
64,39081668,20003
64,39440998,20003
64,39805044,20003
64,40150861,20002
64,40510294,20003
64,40864315,20002
64,41215605,20002
64,41571378,20002
64,41903950,20002
64,42239400,20002
64,42573771,20002
64,42930169,20002
64,43290642,20002
64,43656709,20002
65,743102,8
65,1126825,435
65,1520592,1080
65,1914938,1609
65,2334501,2509
65,2730490,3445
65,3126859,4554
65,3521892,6005
65,3922596,7611
65,4337186,9378
65,4727168,11144
65,5104825,12769
65,5476162,13444
65,5872404,14637
65,6229036,15938
65,6622889,16490
65,6985625,17451
65,7372429,18177
65,7746498,18544
65,8123716,19006
65,8474639,19373
65,8871523,19359
65,9225525,19576
65,9600053,20028
65,10007786,20065
65,10418861,20304
65,10858894,20437
65,11231882,20451
65,11624272,20578
65,12021333,20555
65,12415507,20562
65,12768378,20529
65,13124343,20490
65,13519054,20474
65,13896410,20431
65,14315950,20392
65,14712608,20329
65,15126078,20260
65,15540353,20190
65,15916263,20117
65,16315124,20051
65,16711001,20001
65,17124940,19958
65,17520147,19935
65,17872229,19922
65,18250438,19918
65,18643139,19919
65,19030529,19933
65,19416671,19947
65,19808990,19963
65,20186546,19981
65,20560733,19994
65,20913308,20009
65,21317684,20020
65,21705559,20028
65,22083565,20031
65,22498226,20036
65,22872243,20032
65,23227945,20030
65,23624278,20029
65,23990006,20027
65,24354554,20018
65,24748475,20017
65,25102961,20015
65,25475890,20010
65,25873787,20009
65,26231401,20008
65,26626780,20007
65,27021256,20007
65,27415708,20007
65,27772324,20008
65,28168576,20008
65,28540515,20008
65,28893938,20008
65,29248691,20008
65,29621718,20008
65,29989308,20008
65,30374685,20008
65,30748176,20008
65,31103764,20008
65,31497172,20007
65,31871939,20007
65,32230412,20007
65,32622580,20007
65,32986184,20006
65,33351024,20005
65,33725320,20006
65,34125347,20006
65,34520971,20006
65,34916046,20005
65,35323034,20007
65,35714517,20005
65,36083240,20004
65,36477120,20004
65,36853439,20004
65,37230860,20004
65,37622143,20003
65,38023025,20003
65,38417000,20003
65,38810312,20003
65,39190858,20003
65,39586534,20003
65,39986105,20003
65,40353219,20003
65,40725456,20002
65,41124108,20002
65,41477618,20002
65,41850749,20001
65,42227609,20001
65,42623801,20000
65,43049897,19999
65,43438248,20000
65,43835512,20000
65,44231933,20000
65,44626570,19999
65,45022739,19999
65,45415912,19999
65,45791984,19999
66,758701,10
66,1142192,436
66,1534094,1012
66,1890121,1524
66,2288353,2372
66,2703234,3439
66,3107897,4548
66,3518928,6002
66,3932012,7612
66,4350152,9378
66,4744385,11414
66,5142437,12780
66,5534789,13589
66,5930101,14859
66,6287053,16059
66,6680130,16605
66,7054454,17599
66,7455873,18306
66,7866360,18663
66,8243869,19203
66,8637222,19386
66,8991961,19363
66,9346818,19781
66,9741120,20057
66,10126991,20092
66,10538276,20367
66,10931385,20434
66,11313075,20484
66,11701071,20592
66,12120381,20567
66,12535823,20576
66,12931151,20517
66,13334291,20503
66,13701930,20455
66,14122414,20416
66,14514873,20346
66,14889870,20277
66,15287532,20199
66,15660381,20123
66,16055267,20051
66,16472590,20000
66,16865958,19958
66,17242650,19932
66,17638701,19915
66,17990659,19912
66,18346454,19916
66,18721647,19925
66,19104309,19942
66,19470532,19958
66,19844253,19975
66,20221614,19994
66,20616415,20006
66,21001490,20022
66,21395592,20029
66,21786951,20033
66,22161726,20035
66,22555954,20037
66,22930093,20033
66,23286851,20031
66,23680844,20028
66,24033153,20023
66,24432650,20018
66,24811092,20015
66,25186231,20011
66,25579991,20009
66,26002149,20007
66,26393366,20008
66,26762922,20007
66,27123318,20006
66,27513001,20007
66,27866259,20008
66,28244442,20007
66,28658251,20008
66,29011760,20009
66,29367749,20009
66,29761456,20008
66,30139740,20008
66,30533720,20008
66,30914649,20008
66,31339664,20005
66,31746926,20005
66,32185304,20005
66,32586220,20005
66,32974018,20005
66,33371307,20005
66,33764001,20005
66,34144938,20004
66,34535600,20004
66,34909411,20004
66,35266744,20003
66,35660848,20003
66,36034823,20003
66,36434909,20003
66,36810978,20003
66,37209093,20003
66,37577520,20003
66,37993243,20003
66,38372442,20003
66,38775590,20003
66,39143125,20003
66,39536733,20003
66,39927810,20003
66,40285656,20003
66,40680694,20002
66,41035719,20002
66,41451087,20002
66,41845691,20002
66,42221736,20000
66,42638530,20002
66,42991097,20002
66,43351492,20001
66,43745520,20001
66,44141920,20001
66,44535533,20001
66,44932266,20001
66,45313873,20001
66,45706246,20001
67,716136,23
67,1118749,436
67,1472429,1016
67,1857165,1522
67,2248649,2370
67,2662514,3307
67,3019878,4394
67,3435268,5806
67,3839194,7408
67,4246859,9155
67,4663207,11153
67,5042044,12660
67,5415999,13361
67,5786441,14663
67,6181288,15860
67,6539377,16437
67,6919224,17335
67,7313153,18185
67,7724470,18604
67,8142755,19143
67,8538171,19374
67,8918980,19355
67,9311805,19774
67,9722775,20041
67,10079625,20074
67,10474054,20319
67,10859129,20414
67,11243391,20452
67,11597394,20576
67,11974855,20563
67,12326559,20569
67,12700598,20548
67,13106912,20512
67,13519049,20487
67,13915639,20441
67,14291485,20382
67,14686716,20294
67,15101068,20215
67,15493450,20137
67,15869933,20077
67,16227988,20008
67,16619121,19971
67,16994025,19933
67,17348432,19917
67,17742899,19905
67,18122974,19909
67,18512585,19914
67,18868476,19932
67,19245130,19946
67,19596481,19968
67,19954879,19980
67,20327094,20004
67,20721203,20011
67,21078626,20027
67,21472453,20030
67,21854361,20036
67,22221329,20036
67,22575046,20036
67,22982282,20031
67,23368744,20030
67,23741158,20024
67,24099243,20021
67,24472216,20015
67,24837429,20013
67,25222626,20009
67,25577755,20009
67,25950376,20006
67,26324456,20007
67,26721607,20006
67,27080202,20006
67,27474075,20006
67,27860269,20007
67,28247112,20008
67,28619362,20008
67,28973819,20007
67,29324172,20008
67,29700702,20009
67,30100814,20008
67,30492594,20006
67,30871854,20008
67,31284857,20008
67,31637190,20006
67,31994671,20005
67,32346787,20005
67,32720453,20005
67,33077660,20005
67,33470524,20005
67,33836664,20005
67,34200577,20004
67,34594925,20004
67,34956252,20004
67,35328626,20004
67,35722943,20003
67,36079952,20003
67,36472614,20004
67,36855278,20003
67,37222134,20003
67,37573795,20003
67,37954132,20003
67,38328428,20003
67,38700979,20003
67,39079371,20003
67,39473477,20003
67,39837476,20002
67,40223447,20002
67,40574325,20002
67,40951497,20002
67,41326908,20001
67,41733276,20001
67,42122744,20001
67,42492570,20001
67,42854065,20001
67,43241825,20001
67,43615984,20001
67,43973104,20001
67,44326003,20000
67,44699506,20000
67,45101533,19999
67,45494050,20000
67,45890291,19999
67,46287793,19999
67,46690062,19999
67,47101095,19998
67,47495573,19998
67,47870466,19999
67,48264551,19999
67,48619872,19998
67,48996367,19998
67,49389830,19998
68,730386,8
68,1134145,434
68,1528890,1074
68,1945149,1603
68,2340041,2503
68,2755443,3567
68,3173761,4709
68,3567110,6003
68,3944928,7613
68,4345952,9378
68,4756586,11404
68,5154383,12760
68,5548459,13567
68,5945058,15035
68,6338703,16102
68,6732376,16676
68,7110959,17711
68,7505303,18296
68,7899134,18732
68,8276518,19209
68,8670421,19388
68,9049238,19419
68,9441711,19845
68,9816407,20054
68,10173409,20110
68,10567681,20362
68,10941047,20422
68,11348742,20482
68,11715136,20590
68,12132865,20562
68,12527437,20578
68,12901946,20522
68,13298328,20509
68,13695306,20477
68,14089675,20438
68,14486895,20381
68,14880871,20324
68,15256680,20243
68,15652363,20164
68,16050456,20098
68,16445174,20033
68,16859628,19979
68,17238273,19946
68,17632299,19922
68,18012702,19911
68,18401349,19910
68,18775124,19916
68,19130332,19929
68,19503658,19942
68,19857608,19962
68,20255630,19979
68,20651239,19993
68,21056160,20012
68,21445927,20020
68,21837903,20028
68,22200706,20031
68,22572426,20033
68,22979399,20032
68,23337727,20030
68,23695252,20024
68,24093534,20022
68,24504552,20015
68,24858142,20013
68,25235550,20010
68,25629160,20009
68,25999585,20006
68,26359386,20006
68,26732207,20005
68,27131495,20006
68,27527292,20006
68,27901898,20006
68,28299461,20006
68,28693007,20007
68,29071147,20006
68,29461842,20006
68,29843079,20006
68,30256347,20006
68,30651259,20005
68,31046447,20005
68,31421313,20005
68,31773749,20005
68,32130665,20005
68,32503667,20004
68,32856845,20005
68,33240199,20004
68,33631990,20003
68,34049197,20003
68,34445446,20003
68,34843528,20003
68,35236790,20003
68,35630534,20003
68,35993395,20002
68,36381088,20002
68,36753364,20002
68,37109634,20001
68,37506336,20001
68,37899882,20001
68,38276865,20000
68,38651792,20001
68,39050655,20001
68,39446237,20001
68,39838989,20001
68,40236599,20001
68,40630609,19999
68,40994353,19999
68,41374039,19999
68,41735013,19999
68,42131035,19999
69,689095,7
69,1075380,434
69,1486499,1077
69,1899199,1603
69,2300237,2506
69,2740002,3569
69,3135823,4709
69,3527507,6000
69,3881777,7393
69,4236916,8906
69,4631330,10865
69,5009972,12629
69,5402216,13328
69,5775766,14437
69,6138005,15700
69,6529715,16397
69,6925136,17319
69,7327275,18180
69,7736623,18606
69,8135298,19154
69,8527187,19391
69,8879459,19366
69,9257578,19728
69,9651670,20055
69,10027998,20068
69,10382284,20267
69,10734522,20436
69,11090428,20433
69,11463495,20543
69,11838129,20575
69,12237527,20562
69,12631333,20554
69,12992339,20497
69,13360825,20490
69,13713348,20448
69,14094660,20416
69,14490002,20349
69,14904447,20286
69,15303969,20200
69,15695843,20141
69,16092878,20065
69,16467661,20021
69,16840905,19969
69,17239008,19943
69,17634436,19920
69,18029785,19916
69,18425068,19915
69,18865136,19930
69,19237261,19938
69,19610067,19958
69,19973454,19972
69,20360073,19991
69,20736291,20001
69,21090821,20018
69,21485146,20022
69,21839536,20030
69,22217464,20030
69,22632162,20033
69,22991816,20029
69,23380162,20029
69,23746065,20025
69,24136868,20021
69,24526762,20017
69,24880911,20016
69,25236995,20009
69,25631726,20009
69,26010520,20009
69,26414821,20008
69,26779304,20006
69,27177072,20006
69,27553063,20006
69,27961616,20006
69,28361537,20006
69,28755648,20007
69,29132922,20007
69,29525115,20007
69,29879734,20007
69,30258941,20007
69,30652445,20007
69,31031689,20007
69,31423037,20005
69,31775380,20005
69,32134555,20005
69,32526898,20004
69,32901262,20004
69,33278139,20004
69,33629494,20004
69,33992656,20004
69,34359686,20004
69,34712948,20003
69,35112407,20003
69,35485704,20002
69,35837020,20002
69,36238910,20002
69,36630435,20001
69,37007781,20000
69,37402761,20000
69,37775930,20001
69,38137934,20000
69,38530118,20000
69,38923879,20000
69,39326103,20000
69,39717651,19999
69,40091715,20000
69,40485876,20000
69,40858934,19999
69,41216908,19999
69,41631027,19999
69,41996639,19998
69,42384238,19998
69,42755290,19998
69,43111676,19998
69,43506727,19998
70,725751,7
70,1113041,437
70,1504311,1010
70,1880574,1524
70,2297940,2371
70,2693371,3302
70,3072756,4391
70,3467393,5805
70,3880032,7396
70,4318979,9138
70,4719128,11137
70,5111523,12763
70,5526704,13583
70,5943852,15058
70,6355958,16132
70,6754960,16705
70,7110649,17736
70,7504507,18314
70,7886105,18738
70,8280916,19213
70,8673311,19388
70,9050371,19415
70,9443306,19844
70,9823298,20047
70,10254617,20133
70,10650277,20406
70,11048806,20427
70,11443833,20529
70,11814436,20600
70,12174208,20571
70,12568520,20583
70,12971855,20527
70,13359861,20515
70,13753553,20471
70,14129927,20429
70,14524450,20360
70,14877629,20292
70,15235393,20216
70,15609473,20132
70,16010770,20069
70,16380078,20005
70,16774303,19964
70,17133615,19930
70,17504789,19911
70,17899631,19902
70,18254651,19905
70,18650590,19914
70,19050183,19932
70,19443596,19951
70,19884796,19972
70,20257156,19990
70,20652479,20007
70,21048207,20022
70,21444783,20032
70,21843814,20036
70,22258482,20037
70,22651374,20039
70,23048850,20031
70,23441137,20031
70,23795502,20024
70,24153590,20021
70,24545916,20014
70,24920134,20013
70,25318040,20010
70,25694604,20008
70,26101131,20008
70,26505149,20008
70,26900020,20005
70,27274675,20006
70,27627468,20007
70,27993443,20007
70,28360378,20006
70,28753057,20007
70,29119196,20007
70,29485487,20007
70,29878100,20007
70,30237412,20008
70,30620318,20008
70,31015647,20007
70,31380414,20005
70,31773694,20005
70,32133735,20005
70,32505836,20005
70,32898255,20003
70,33255146,20003
70,33649440,20003
70,34025816,20003
70,34399813,20003
70,34761437,20003
70,35182277,20004
70,35576138,20004
70,35998150,20003
70,36383584,20002
70,36785484,20002
70,37156473,20002
70,37545977,20001
70,37919251,20001
70,38320985,20001
70,38695601,20001
70,39093187,20001
70,39483307,20001
70,39877820,20001
70,40237739,20001
70,40629094,20001
70,40991222,20000
70,41358584,20000
70,41731388,20000
70,42128634,20000
70,42480586,20000
70,42857161,20000
71,718308,1
71,1081953,353
71,1481093,1010
71,1890178,1448
71,2265347,2244
71,2641986,3175
71,3036967,4247
71,3433994,5611
71,3829689,7192
71,4229258,8682
71,4621148,10620
71,5014083,12335
71,5379304,13249
71,5787009,14455
71,6180430,15726
71,6558637,16423
71,6952073,17194
71,7305995,18031
71,7681197,18446
71,8033751,18867
71,8396783,19325
71,8784074,19364
71,9137933,19449
71,9515409,19893
71,9866864,20034
71,10263842,20118
71,10666595,20394
71,11034527,20416
71,11442062,20514
71,11830140,20577
71,12180946,20543
71,12537856,20556
71,12952654,20507
71,13306865,20492
71,13704281,20461
71,14081045,20430
71,14474846,20376
71,14889865,20322
71,15263005,20255
71,15620379,20176
71,16013903,20112
71,16378450,20045
71,16765307,20003
71,17136715,19959
71,17495968,19938
71,17869564,19918
71,18262086,19916
71,18621106,19913
71,18993238,19930
71,19397716,19939
71,19763603,19957
71,20115493,19973
71,20513288,19992
71,20868294,20001
71,21262031,20016
71,21638760,20024
71,21991587,20029
71,22377831,20031
71,22764330,20034
71,23137605,20029
71,23493005,20029
71,23866359,20024
71,24262709,20021
71,24619248,20015
71,25034400,20014
71,25396315,20009
71,25782604,20009
71,26137441,20005
71,26516435,20006
71,26910177,20005
71,27264443,20005
71,27639815,20005
71,27991353,20006
71,28378727,20007
71,28761841,20007
71,29115358,20007
71,29494216,20008
71,29889019,20008
71,30262043,20008
71,30617888,20007
71,31012044,20007
71,31376359,20007
71,31741299,20005
71,32136627,20005
71,32491951,20006
71,32866049,20006
71,33260834,20005
71,33643640,20005
71,34035080,20005
71,34396761,20005
71,34781057,20005
71,35161475,20005
71,35515896,20005
71,35866638,20005
71,36240522,20005
71,36620617,20005
71,37014600,20005
71,37380597,20005
71,37768239,20005
71,38138337,20004
71,38495524,20004
71,38890284,20003
71,39262225,20003
71,39619903,20003
71,40036069,20003
71,40394477,20003
71,40783631,20003
71,41136705,20003
71,41513766,20003
71,41867322,20003
71,42261059,20003
71,42638261,20003
71,42991804,20002
71,43375899,20002
71,43762568,20002
71,44116570,20001
71,44497042,20001
71,44889937,20001
71,45242265,20001
71,45620193,20001
71,46016195,20001
71,46380212,20001
71,46744810,20001
71,47138106,20001
71,47496438,20001
71,47869344,20001
71,48265608,20001
72,737933,8
72,1143866,439
72,1562522,1072
72,1954609,1518
72,2308905,2374
72,2729209,3434
72,3140664,4396
72,3499837,5812
72,3912346,7197
72,4266019,8690
72,4644188,10618
72,5036630,12321
72,5399811,13240
72,5786875,14256
72,6161203,15577
72,6518712,16339
72,6932709,17059
72,7285939,17939
72,7642345,18447
72,8057848,18877
72,8431767,19330
72,8809245,19367
72,9161411,19460
72,9560415,19949
72,9958120,20031
72,10367452,20197
72,10761530,20401
72,11123742,20417
72,11520420,20532
72,11891224,20571
72,12244158,20551
72,12621504,20558
72,13018648,20505
72,13415777,20498
72,13787420,20457
72,14140375,20430
72,14498228,20376
72,14892115,20325
72,15265288,20257
72,15623168,20177
72,16016448,20111
72,16398582,20048
72,16786381,20002
72,17162174,19960
72,17516960,19938
72,17869125,19920
72,18265017,19915
72,18641429,19914
72,18994807,19927
72,19381674,19938
72,19767759,19957
72,20121708,19970
72,20497717,19990
72,20891816,19999
72,21245968,20016
72,21621428,20022
72,22017036,20029
72,22384578,20030
72,22746509,20033
72,23140242,20029
72,23497252,20029
72,23869302,20023
72,24245115,20021
72,24644358,20015
72,25039021,20014
72,25417822,20009
72,25810000,20009
72,26161102,20006
72,26520452,20006
72,26890157,20004
72,27243964,20005
72,27621853,20005
72,28016978,20005
72,28381094,20004
72,28766548,20006
72,29139547,20005
72,29495400,20005
72,29870340,20006
72,30264761,20006
72,30627921,20004
72,30997662,20004
72,31400265,20004
72,31788613,20003
72,32160685,20002
72,32517890,20002
72,32911987,20002
72,33333870,20002
72,33712728,20002
72,34103646,20002
72,34528471,20002
72,34895022,20002
72,35288969,20002
72,35686203,20002
72,36061659,20002
72,36457072,20002
72,36835246,20002
72,37223190,20002
72,37581184,20001
72,37958508,20001
72,38359630,20001
72,38767415,20001
72,39121737,20000
72,39496497,20000
72,39889634,20000
72,40244188,20000
72,40620776,20000
72,41016420,20000
72,41381487,19999
72,41770018,20000
72,42163237,20000
72,42521119,19999
72,42914944,19999
73,737775,8
73,1119773,435
73,1535041,1072
73,1954573,1594
73,2351395,2499
73,2763066,3429
73,3117951,4535
73,3536501,5985
73,3933269,7590
73,4327679,9129
73,4721358,10868
73,5099026,12628
73,5513750,13443
73,5896010,14852
73,6283015,15944
73,6658212,16498
73,7014338,17472
73,7408606,18193
73,7761720,18561
73,8140026,19105
73,8553676,19390
73,8910519,19373
73,9304439,19664
73,9657369,20037
73,10013760,20058
73,10386995,20224
73,10761496,20434
73,11141290,20431
73,11511903,20546
73,11874901,20578
73,12265037,20559
73,12659835,20557
73,13057935,20498
73,13470718,20492
73,13827272,20441
73,14226514,20402
73,14638234,20335
73,14992542,20268
73,15390202,20189
73,15763717,20118
73,16170157,20052
73,16558109,20001
73,16953488,19955
73,17352503,19928
73,17761543,19912
73,18119172,19911
73,18512968,19911
73,18894980,19929
73,19282768,19938
73,19657570,19960
73,20011767,19973
73,20365511,19992
73,20741419,20003
73,21138061,20020
73,21490638,20025
73,21879795,20033
73,22264377,20033
73,22658317,20035
73,23034754,20030
73,23427300,20029
73,23783040,20024
73,24161696,20021
73,24556132,20014
73,24953722,20013
73,25351081,20008
73,25745046,20007
73,26140428,20006
73,26511958,20006
73,26875648,20005
73,27263846,20005
73,27657569,20005
73,28015759,20007
73,28409484,20007
73,28802603,20007
73,29180618,20007
73,29574882,20007
73,29950934,20007
73,30305248,20007
73,30657984,20006
73,31014285,20006
73,31386160,20005
73,31739987,20005
73,32139266,20005
73,32511645,20004
73,32876973,20004
73,33266003,20004
73,33636151,20004
73,33993653,20003
73,34389062,20003
73,34763469,20003
73,35160180,20003
73,35555183,20003
73,35931506,20003
73,36327482,20003
73,36703109,20003
73,37100767,20003
73,37493852,20003
73,37887028,20003
73,38284516,20003
73,38657541,20003
73,39015460,20003
73,39408824,20003
73,39782026,20002
73,40138931,20001
73,40558560,20001
73,40953027,20000
73,41349070,20000
73,41761455,20000
73,42117004,20000
73,42491373,20001
73,42876284,20001
73,43263431,20000
73,43657059,20000
73,44014570,20000
73,44389912,20000
73,44785494,20000
73,45159926,20000
74,716316,9
74,1118744,352
74,1480244,1005
74,1894079,1517
74,2286776,2364
74,2708972,3425
74,3101716,4384
74,3479015,5798
74,3871222,7185
74,4243950,8676
74,4603248,10606
74,4994440,12311
74,5380372,13228
74,5765439,14244
74,6138291,15570
74,6500177,16333
74,6893521,17058
74,7244268,17948
74,7624405,18463
74,8016873,18887
74,8394384,19348
74,8796073,19380
74,9183000,19529
74,9559038,19969
74,9932874,20060
74,10284495,20182
74,10683603,20411
74,11033544,20426
74,11389447,20503
74,11743092,20591
74,12116320,20561
74,12476333,20576
74,12848513,20530
74,13242925,20507
74,13600928,20486
74,13976313,20437
74,14379051,20382
74,14765790,20313
74,15140552,20250
74,15516111,20172
74,15872636,20111
74,16221857,20035
74,16621791,19995
74,16974965,19952
74,17356089,19925
74,17743681,19908
74,18097927,19907
74,18475864,19909
74,18867988,19923
74,19222727,19936
74,19610281,19958
74,19996868,19971
74,20375523,19995
74,20763895,20004
74,21117689,20020
74,21473003,20026
74,21845535,20032
74,22220974,20034
74,22603518,20036
74,22977526,20031
74,23378997,20029
74,23748340,20025
74,24160108,20023
74,24567003,20014
74,25000274,20014
74,25398708,20009
74,25788532,20009
74,26142503,20006
74,26497879,20006
74,26871316,20005
74,27222396,20005
74,27600476,20005
74,27996812,20005
74,28360902,20006
74,28746997,20007
74,29118154,20007
74,29476969,20007
74,29892319,20007
74,30243078,20007
74,30602447,20007
74,30995450,20007
74,31377109,20005
74,31766017,20005
74,32138766,20005
74,32496594,20004
74,32848481,20003
74,33222973,20003
74,33621433,20003
74,33973965,20003
74,34359881,20003
74,34749906,20003
74,35163691,20002
74,35517967,20002
74,35936267,20001
74,36348829,20001
74,36753534,20001
74,37171673,20001
74,37587308,20001
74,37994121,20001
74,38385235,20001
74,38748200,20001
74,39184191,20001
74,39571385,20001
74,39981725,20001
74,40384943,20001
74,40745841,20001
74,41100207,20000
75,722192,25
75,1115475,437
75,1491094,1074
75,1888491,1599
75,2302711,2371
75,2685700,3424
75,3075060,4537
75,3469804,5796
75,3826292,7386
75,4240464,8899
75,4613780,10866
75,4991277,12486
75,5384938,13338
75,5762262,14453
75,6134792,15725
75,6489060,16347
75,6845217,17200
75,7261008,18042
75,7613963,18459
75,7971722,18954
75,8386625,19338
75,8782785,19374
75,9157425,19587
75,9557314,20023
75,9973243,20057
75,10387125,20257
75,10743022,20429
75,11139006,20443
75,11512497,20564
75,11874553,20574
75,12296922,20572
75,12719002,20540
75,13099227,20507
75,13495310,20486
75,13913395,20437
75,14307079,20386
75,14709825,20308
75,15099909,20226
75,15491258,20153
75,15890020,20078
75,16261915,20022
75,16615106,19980
75,16992504,19938
75,17385912,19918
75,17744049,19907
75,18116230,19907
75,18468065,19910
75,18824038,19927
75,19220149,19940
75,19592942,19959
75,19948739,19975
75,20323717,19997
75,20727714,20009
75,21119903,20023
75,21490972,20029
75,21866406,20034
75,22242641,20035
75,22615573,20038
75,22970760,20032
75,23365550,20031
75,23742801,20025
75,24134746,20020
75,24511558,20015
75,24870572,20014
75,25263102,20008
75,25641042,20008
75,26035250,20008
75,26409144,20006
75,26804330,20006
75,27229832,20007
75,27616477,20007
75,27990846,20007
75,28344808,20008
75,28708716,20009
75,29094851,20008
75,29468293,20008
75,29824940,20008
75,30200233,20008
75,30594305,20007
75,30949247,20007
75,31322381,20006
75,31728987,20005
75,32117079,20005
75,32491488,20006
75,32890096,20006
75,33262360,20005
75,33658008,20005
75,34055755,20005
75,34448022,20005
75,34846028,20005
75,35240040,20006
75,35615865,20006
75,35994413,20006
75,36387608,20005
75,36805026,20005
75,37197665,20005
75,37571909,20004
75,37972878,20004
75,38365353,20004
75,38743721,20003
75,39137215,20003
75,39510149,20003
75,39866646,20003
75,40262538,20003
75,40635305,20003
75,41032447,20003
75,41407035,20003
75,41761826,20003
75,42115020,20003
75,42469355,20003
75,42828803,20003
75,43199041,20003
75,43571959,20002
75,43971205,20002
75,44365712,20001
75,44727880,20001
75,45093426,20001
75,45447426,20001
75,45835774,20002
75,46220577,20002
75,46636047,20002
75,47036524,20002
75,47435373,20001
75,47827183,20001
75,48199382,20001
75,48594152,20001
76,739818,8
76,1119001,351
76,1515373,1006
76,1915434,1516
76,2309256,2366
76,2729073,3423
76,3124389,4535
76,3535821,5798
76,3891435,7389
76,4306933,9133
76,4705346,10870
76,5101389,12638
76,5492743,13459
76,5870433,14667
76,6242359,15863
76,6628177,16523
76,7016755,17483
76,7410218,18196
76,7790944,18616
76,8181897,19095
76,8556749,19384
76,8956969,19364
76,9353885,19714
76,9745787,20046
76,10119505,20061
76,10514076,20331
76,10892977,20434
76,11262838,20456
76,11629618,20588
76,12016372,20568
76,12388605,20567
76,12746899,20538
76,13139723,20498
76,13514353,20482
76,13870774,20425
76,14265236,20384
76,14647167,20300
76,15036068,20240
76,15429767,20150
76,15808130,20093
76,16181666,20029
76,16534902,19991
76,16888703,19952
76,17242799,19929
76,17626321,19914
76,18013683,19913
76,18367491,19918
76,18747194,19931
76,19138938,19945
76,19492038,19962
76,19869462,19979
76,20264523,19998
76,20639292,20009
76,21037229,20026
76,21430913,20029
76,21807719,20035
76,22222254,20035
76,22575658,20036
76,22978029,20030
76,23387843,20029
76,23747624,20025
76,24119352,20022
76,24514178,20014
76,24871613,20017
76,25244271,20010
76,25650733,20010
76,26038758,20009
76,26429926,20009
76,26787545,20008
76,27181697,20008
76,27544856,20008
76,27934097,20009
76,28328013,20008
76,28682683,20008
76,29075745,20008
76,29429198,20008
76,29790537,20008
76,30161297,20008
76,30554661,20006
76,30935875,20007
76,31328135,20007
76,31728819,20006
76,32120263,20005
76,32514197,20005
76,32869317,20005
76,33285969,20005
76,33683243,20005
76,34057493,20005
76,34453210,20005
76,34854558,20004
76,35244453,20004
76,35627134,20004
76,36013727,20004
76,36388898,20003
76,36743754,20003
76,37118511,20003
76,37491614,20002
76,37870194,20001
76,38242685,20001
76,38627351,20001
76,39014141,20000
76,39367622,20000
76,39744181,20001
76,40138276,20000
76,40511393,20000
76,40872476,20000
76,41264324,20000
76,41627145,20000
76,42018619,20000
76,42391906,20000
76,42788470,20000
76,43160998,20000
77,693983,8
77,1080224,351
77,1474540,1004
77,1871068,1516
77,2272272,2361
77,2690292,3428
77,3079308,4544
77,3493353,5801
77,3847102,7392
77,4265418,9145
77,4658300,10886
77,5038003,12644
77,5431541,13467
77,5827743,14673
77,6257020,16059
77,6658176,16613
77,7034425,17610
77,7428064,18244
77,7779689,18606
77,8159679,19150
77,8549939,19362
77,8916201,19343
77,9304419,19698
77,9675558,20012
77,10032406,20017
77,10405419,20266
77,10799652,20408
77,11163630,20422
77,11532743,20564
77,11937115,20556
77,12326104,20562
77,12700230,20551
77,13055954,20508
77,13426677,20504
77,13778441,20452
77,14180992,20421
77,14554108,20357
77,14918600,20289
77,15306632,20211
77,15682306,20138
77,16078016,20069
77,16453502,20013
77,16842433,19963
77,17240857,19934
77,17614531,19915
77,17970311,19909
77,18321890,19909
77,18676533,19915
77,19053472,19931
77,19405500,19944
77,19780046,19965
77,20178341,19981
77,20530549,19995
77,20914082,20010
77,21302455,20021
77,21654807,20028
77,22033670,20030
77,22425630,20032
77,22781022,20033
77,23156522,20028
77,23551026,20027
77,23917666,20023
77,24302352,20017
77,24686208,20013
77,25076931,20010
77,25454875,20007
77,25847046,20006
77,26223816,20005
77,26617596,20003
77,26970490,20003
77,27343424,20004
77,27699010,20005
77,28055662,20006
77,28427860,20007
77,28779699,20007
77,29159691,20006
77,29531321,20007
77,29916460,20007
77,30303633,20005
77,30654086,20004
77,31032738,20005
77,31405146,20004
77,31779197,20004
77,32157394,20003
77,32539031,20003
77,32939137,20003
77,33331191,20002
77,33700707,20002
77,34056913,20002
77,34452019,20002
77,34825567,20001
77,35182142,20001
77,35573695,20002
77,35950538,20002
77,36306801,20001
77,36696956,20001
77,37078155,20001
77,37470302,20001
77,37843092,20001
77,38242324,20001
77,38615831,20001
77,38969971,20000
77,39322891,20000
77,39677458,20000
77,40032054,20000
77,40405829,20000
77,40801080,19999
77,41161412,19999
77,41534636,19999
77,41935666,19999
77,42324591,19999
77,42698034,19999
77,43054137,19999
77,43427917,19999
77,43781296,19999
77,44158267,19999
78,718987,10
78,1120950,435
78,1538022,1073
78,1935266,1524
78,2312082,2377
78,2711678,3306
78,3078310,4395
78,3503132,5809
78,3895706,7396
78,4307067,8910
78,4662868,10875
78,5055971,12493
78,5431403,13346
78,5811708,14460
78,6184602,15724
78,6562864,16423
78,6952841,17329
78,7346830,18107
78,7723353,18547
78,8118144,19010
78,8502418,19350
78,8916362,19337
78,9307255,19630
78,9682825,20012
78,10078501,20030
78,10503874,20307
78,10893954,20417
78,11263427,20443
78,11619259,20573
78,12014493,20549
78,12390114,20554
78,12796566,20530
78,13161755,20493
78,13515850,20478
78,13909336,20434
78,14284546,20410
78,14640670,20356
78,15034842,20312
78,15389242,20241
78,15764225,20183
78,16117349,20116
78,16480726,20063
78,16868045,20010
78,17243011,19970
78,17600527,19945
78,17993850,19927
78,18368539,19921
78,18726204,19919
78,19099122,19931
78,19502627,19943
78,19892058,19958
78,20285477,19974
78,20642311,19990
78,21035201,20002
78,21387572,20013
78,21753556,20020
78,22142949,20026
78,22528919,20029
78,22890681,20030
78,23286094,20030
78,23685699,20026
78,24062324,20022
78,24461971,20019
78,24847798,20017
78,25222070,20010
78,25604846,20009
78,25993657,20008
78,26346781,20007
78,26726093,20006
78,27150464,20006
78,27686408,20006
78,28224737,20006
78,28706820,20008
78,29198912,20008
78,29676387,20008
78,30139074,20008
78,30596727,20006
78,30975102,20006
78,31363105,20006
78,31807505,20005
78,32254893,20004
78,32733204,20004
78,33197990,20004
78,33676461,20004
78,34140579,20004
78,34572643,20004
78,34972348,20004
78,35476274,20004
78,35968923,20004
78,36361009,20003
78,36824578,20003
78,37235579,20003
78,37700825,20003
78,38120733,20003
78,38542145,20003
78,38979137,20002
78,39407599,20002
78,39794320,20002
78,40212155,20002
78,40642729,20001
78,41017332,20001
78,41411617,20001
79,709608,27
79,1117304,519
79,1531407,1070
79,1887363,1596
79,2302135,2363
79,2656019,3292
79,3012886,4380
79,3425647,5602
79,3779855,7187
79,4199952,8911
79,4590957,10620
79,4974870,12499
79,5364177,13252
79,5716953,14270
79,6097341,15740
79,6491700,16443
79,6887511,17208
79,7261802,18120
79,7656105,18499
79,8034118,19009
79,8429290,19334
79,8804959,19332
79,9200208,19624
79,9612618,19992
79,9971592,20015
79,10387931,20263
79,10779915,20410
79,11177427,20434
79,11574308,20561
79,11970425,20532
79,12364000,20539
79,12736629,20517
79,13092297,20482
79,13467478,20468
79,13869345,20425
79,14258612,20401
79,14633741,20354
79,14989488,20310
79,15340583,20242
79,15715829,20173
79,16119948,20098
79,16533684,20043
79,16929105,19994
79,17306299,19959
79,17703551,19931
79,18115683,19922
79,18509124,19916
79,18897194,19924
79,19283698,19933
79,19679824,19951
79,20061542,19963
79,20426807,19982
79,20833652,19996
79,21240997,20011
79,21634291,20018
79,22002131,20024
79,22364552,20028
79,22717061,20029
79,23094829,20029
79,23487890,20026
79,23864793,20022
79,24264542,20018
79,24657681,20015
79,25034605,20011
79,25427625,20010
79,25784714,20008
79,26160492,20006
79,26572723,20006
79,26927611,20006
79,27323792,20007
79,27739098,20007
79,28096508,20007
79,28489030,20009
79,28872166,20009
79,29263862,20009
79,29634216,20009
79,29989478,20009
79,30367363,20008
79,30758478,20008
79,31115196,20007
79,31509344,20006
79,31885009,20006
79,32238956,20006
79,32591908,20006
79,32969303,20006
79,33363002,20005
79,33716393,20006
79,34097730,20006
79,34492435,20006
79,34874116,20006
79,35259647,20006
79,35624914,20006
79,35991944,20005
79,36385310,20005
79,36738226,20005
79,37092819,20004
79,37468164,20004
79,37854631,20004
79,38242670,20004
79,38658562,20004
79,39054389,20004
79,39452122,20004
79,39854723,20004
79,40221105,20004
79,40592739,20004
79,40967781,20004
79,41362763,20004
79,41717692,20004
79,42093311,20002
79,42468141,20002
79,42853489,20003
79,43260045,20003
79,43613125,20003
79,43969764,20003
79,44363264,20002
79,44737963,20002
79,45125694,20001
79,45513170,20001
79,45908500,20001
79,46292808,20002
79,46680321,20002
79,47060067,20002
79,47446159,20002
80,742159,23
80,1136562,520
80,1550641,1072
80,1911591,1599
80,2320212,2369
80,2677779,3426
80,3084132,4386
80,3455798,5806
80,3858141,7191
80,4253306,8917
80,4625126,10633
80,5035911,12664
80,5449477,13489
80,5868231,14895
80,6262158,16088
80,6651685,16631
80,7066154,17607
80,7446141,18242
80,7813193,18655
80,8197548,19125
80,8536022,19338
80,8918943,19314
80,9283379,19610
80,9617165,19972
80,9974877,19989
80,10320478,20165
80,10750300,20381
80,11141953,20407
80,11520037,20529
80,11942794,20522
80,12350937,20527
80,12732048,20508
80,13094060,20480
80,13443761,20469
80,13808016,20436
80,14132364,20415
80,14486701,20371
80,14818326,20327
80,15175051,20274
80,15502392,20214
80,15813634,20155
80,16146133,20097
80,16459205,20055
80,16771484,20016
80,17083862,19979
80,17397299,19957
80,17713818,19934
80,18060292,19925
80,18394468,19921
80,18712964,19923
80,19023831,19931
80,19372051,19941
80,19690222,19955
80,19999604,19965
80,20310322,19981
80,20624457,19993
80,20959659,20005
80,21273327,20015
80,21624308,20022
80,21949087,20029
80,22294976,20030
80,22643943,20032
80,22964785,20030
80,23318470,20029
80,23671464,20025
80,24019466,20023
80,24330866,20019
80,24646606,20016
80,24959453,20015
80,25279609,20011
80,25628938,20011
80,25936139,20010
80,26256571,20008
80,26604593,20008
80,26962405,20008
80,27263145,20008
80,27577202,20008
80,27923659,20008
80,28248623,20008
80,28567116,20008
80,28917298,20008
80,29247591,20008
80,29559252,20008
80,29877175,20008
80,30186000,20008
80,30559541,20008
80,30973334,20007
80,31326195,20007
80,31677106,20007
80,32033415,20006
80,32362791,20006
80,32728283,20005
80,33062962,20004
80,33377656,20004
80,33713661,20004
80,34063945,20004
80,34376963,20003
80,34742894,20004
80,35117777,20005
80,35460466,20005
80,35777046,20004
80,36128707,20004
80,36486237,20004
80,36841811,20003
80,37208146,20002
80,37522624,20002
80,37835178,20002
80,38171341,20002
80,38522221,20002
80,38887121,20002
80,39258513,20002
80,39604439,20002
80,39961488,20002
80,40317844,20000
80,40679361,20000
80,41028628,20000
80,41352515,20000
80,41713096,20000
80,42059180,19999
80,42373403,19998
80,42691382,19998
80,43024636,19998
80,43354960,19998
80,43703153,19997
80,44029024,19997
80,44378864,19997
80,44735153,19997
80,45087467,19997
80,45443747,19997
81,736579,9
81,1118679,350
81,1495819,1008
81,1888719,1527
81,2281064,2249
81,2679500,3308
81,3080671,4409
81,3494358,5826
81,3889201,7414
81,4305322,9167
81,4704923,11173
81,5113885,12667
81,5472407,13490
81,5865394,14685
81,6239595,15872
81,6598230,16439
81,6990881,17322
81,7387598,18154
81,7782740,18570
81,8198791,19041
81,8557842,19314
81,8948867,19304
81,9394367,19728
81,9787131,19980
81,10178036,20012
81,10537118,20274
81,10908443,20385
81,11301940,20438
81,11686243,20554
81,12075243,20522
81,12493022,20538
81,12907402,20495
81,13305218,20484
81,13683719,20446
81,14078484,20415
81,14494517,20368
81,14887540,20324
81,15284856,20254
81,15659631,20185
81,16052896,20118
81,16432159,20059
81,16846668,20004
81,17240031,19970
81,17597353,19944
81,17990204,19928
81,18386827,19919
81,18782657,19925
81,19224692,19934
81,19596001,19950
81,19989472,19963
81,20387265,19983
81,20780848,19993
81,21134649,20006
81,21494374,20014
81,21886131,20024
81,22280659,20025
81,22697012,20029
81,23080701,20027
81,23450692,20025
81,23842941,20020
81,24218258,20019
81,24618121,20014
81,24989532,20013
81,25353112,20009
81,25742298,20009
81,26116980,20008
81,26512973,20007
81,26907331,20005
81,27280948,20006
81,27681371,20006
81,28051029,20006
81,28407687,20006
81,28803816,20008
81,29202993,20007
81,29595588,20007
81,29990323,20007
81,30355979,20005
81,30722217,20005
81,31115613,20006
81,31491283,20006
81,31885626,20006
81,32238136,20005
81,32600591,20005
81,32991014,20005
81,33389497,20004
81,33795587,20004
81,34160191,20004
81,34556067,20004
81,34953821,20003
81,35375536,20003
81,35765546,20003
81,36136206,20003
81,36491378,20002
81,36885233,20002
81,37263185,20002
81,37637038,20002
81,38032151,20002
81,38431835,20002
81,38806457,20002
81,39244717,20002
81,39618736,20001
81,39990834,20001
81,40387521,20001
81,40784882,20001
81,41176198,20000
81,41555346,20000
81,41926978,20000
81,42340282,20000
81,42741336,20000
81,43114309,20000
81,43476844,20000
81,43867153,20000
81,44240712,19999
81,44639835,19999
81,45032886,19999
81,45408771,19998
81,45802760,19998
81,46176626,19998
82,715069,9
82,1076175,350
82,1470367,1006
82,1869429,1527
82,2262185,2381
82,2681223,3440
82,3075053,4565
82,3513236,6026
82,3910068,7616
82,4304745,9395
82,4722227,11428
82,5116813,12776
82,5490142,13595
82,5888654,14870
82,6263083,16044
82,6659234,16683
82,7076206,17701
82,7489012,18320
82,7886837,18774
82,8281773,19223
82,8678536,19336
82,9051962,19387
82,9406805,19815
82,9782676,20007
82,10177243,20067
82,10550910,20348
82,10974644,20393
82,11369180,20477
82,11763986,20551
82,12158209,20518
82,12554307,20527
82,12949176,20479
82,13345112,20472
82,13741896,20429
82,14133964,20410
82,14490422,20365
82,14887466,20327
82,15260173,20254
82,15660559,20197
82,16051092,20122
82,16425175,20070
82,16784416,20025
82,17155459,19982
82,17508393,19955
82,17888095,19934
82,18280891,19924
82,18678297,19921
82,19051194,19929
82,19403889,19938
82,19762088,19953
82,20155677,19968
82,20529565,19984
82,20885647,19996
82,21259826,20007
82,21628177,20016
82,22011851,20023
82,22383094,20027
82,22740616,20029
82,23134504,20027
82,23507704,20027
82,23867611,20022
82,24260550,20019
82,24687489,20015
82,25078642,20013
82,25452529,20010
82,25864067,20008
82,26260266,20007
82,26669336,20007
82,27031100,20007
82,27404313,20007
82,27761013,20007
82,28155663,20007
82,28548857,20007
82,28947515,20007
82,29346733,20007
82,29739994,20006
82,30112647,20006
82,30511060,20007
82,30886935,20006
82,31399355,20005
82,31903857,20005
82,32324819,20005
82,32816875,20004
82,33261711,20004
82,33679740,20004
82,34054519,20004
82,34468105,20004
82,34962064,20003
82,35482539,20003
82,35983167,20003
82,36522143,20003
82,37044069,20002
82,37633068,20002
82,38075924,20001
82,38460454,20001
82,38962719,20001
82,39411503,20001
82,39797033,20001
82,40203827,20001
82,40613626,20001
82,41011236,20000
82,41404384,20001
82,41783779,20000
82,42174603,20000
82,42550342,20000
82,42946117,20000
82,43321228,20000
83,718689,1
83,1081941,351
83,1476620,1006
83,1891326,1524
83,2293560,2371
83,2703830,3301
83,3062469,4397
83,3454979,5622
83,3829476,7195
83,4249954,8916
83,4650504,10620
83,5030459,12489
83,5442284,13345
83,5828072,14457
83,6187058,15841
83,6609237,16496
83,7007423,17319
83,7381200,18168
83,7767733,18537
83,8168196,19070
83,8574682,19352
83,8976002,19343
83,9381974,19761
83,9766992,20019
83,10123831,20033
83,10498508,20298
83,10892460,20403
83,11312779,20469
83,11706357,20567
83,12080007,20537
83,12474859,20552
83,12827460,20520
83,13185141,20494
83,13580922,20474
83,13994316,20433
83,14371422,20405
83,14732895,20358
83,15109918,20299
83,15496068,20227
83,15870092,20156
83,16268196,20084
83,16668039,20037
83,17057790,19982
83,17453187,19954
83,17808759,19926
83,18204305,19921
83,18578544,19914
83,18942142,19923
83,19329673,19931
83,19702445,19948
83,20060405,19962
83,20452717,19980
83,20828202,19992
83,21185339,20007
83,21579088,20014
83,21966970,20024
83,22350681,20028
83,22723112,20030
83,23080306,20029
83,23473905,20028
83,23848525,20023
83,24204296,20019
83,24598462,20015
83,24982900,20012
83,25391055,20009
83,25748224,20008
83,26142523,20006
83,26514302,20006
83,26868378,20005
83,27287593,20005
83,27643440,20004
83,28037267,20006
83,28393540,20006
83,28807715,20005
83,29186210,20006
83,29580021,20006
83,29978468,20006
83,30375568,20006
83,30745169,20006
83,31120658,20006
83,31475790,20004
83,31869224,20004
83,32244892,20004
83,32598877,20003
83,32987468,20003
83,33371003,20003
83,33722416,20003
83,34081955,20003
83,34477483,20003
83,34870825,20002
83,35269157,20002
83,35685805,20002
83,36081555,20001
83,36473805,20001
83,36849117,20002
83,37207132,20002
83,37577794,20002
83,37947249,20002
83,38331533,20002
83,38704881,20002
83,39101942,20001
83,39474285,20001
83,39828963,20001
83,40186036,20001
84,733949,7
84,1098612,435
84,1513418,1078
84,1925713,1609
84,2326218,2511
84,2742334,3569
84,3139438,4717
84,3553371,6209
84,3977589,7814
84,4366540,9382
84,4721546,11151
84,5118664,12772
84,5489705,13465
84,5843209,14671
84,6220197,15968
84,6614626,16511
84,6992482,17460
84,7387988,18235
84,7828589,18651
84,8199864,19124
84,8574189,19342
84,8936398,19330
84,9345599,19756
84,9739261,20013
84,10095406,20023
84,10490561,20298
84,10863678,20406
84,11267154,20451
84,11636085,20571
84,12033586,20540
84,12429648,20557
84,12823144,20524
84,13181029,20493
84,13573834,20472
84,13937521,20428
84,14326505,20390
84,14698897,20329
84,15075686,20267
84,15470486,20189
84,15842637,20132
84,16198578,20065
84,16552791,20023
84,16935743,19971
84,17342314,19942
84,17741512,19921
84,18137136,19918
84,18537708,19915
84,18936805,19930
84,19303594,19940
84,19678168,19958
84,20052738,19972
84,20447263,19992
84,20801999,20000
84,21179089,20016
84,21571981,20022
84,21948064,20030
84,22324098,20030
84,22698403,20031
84,23095310,20030
84,23489414,20028
84,23885223,20021
84,24297440,20020
84,24655947,20016
84,25017149,20011
84,25409953,20009
84,25824139,20009
84,26222708,20007
84,26594286,20007
84,26956905,20006
84,27342529,20006
84,27697041,20006
84,28075077,20006
84,28488802,20007
84,28843025,20008
84,29204430,20007
84,29596528,20007
84,29993972,20007
84,30389901,20007
84,30785783,20007
84,31199730,20006
84,31593854,20006
84,31969168,20005
84,32324138,20005
84,32675712,20004
84,33056852,20005
84,33451013,20004
84,33845702,20004
84,34221858,20004
84,34616403,20004
84,34992356,20004
84,35386278,20003
84,35759380,20003
84,36117691,20002
84,36512341,20002
84,36886743,20002
84,37286316,20001
84,37698142,20001
84,38055412,20001
84,38450747,20001
84,38821991,20001
84,39180818,20001
84,39575633,20002
84,39956699,20001
84,40365636,20001
84,40719161,20001
84,41075176,20001
84,41446953,20001
84,41812385,20000
84,42202849,20000
84,42581984,20000
84,42973252,20000
84,43363807,19998
84,43739320,19998
84,44100561,19998
84,44490604,19998
84,44844830,19998
84,45221816,19999
85,713956,1
85,1076892,353
85,1492255,1009
85,1887877,1521
85,2322946,2371
85,2700680,3297
85,3104262,4387
85,3495287,5804
85,3890430,7395
85,4306925,9142
85,4701552,11148
85,5100929,12644
85,5493414,13466
85,5888702,14871
85,6288928,16060
85,6677404,16607
85,7057700,17601
85,7450897,18245
85,7822984,18607
85,8182872,19141
85,8579164,19355
85,8960726,19344
85,9347053,19693
85,9718540,20005
85,10074004,20013
85,10426616,20219
85,10800966,20402
85,11199017,20418
85,11550581,20542
85,11942895,20545
85,12327522,20540
85,12719253,20535
85,13098622,20495
85,13492300,20485
85,13886924,20435
85,14291102,20404
85,14678203,20350
85,15055205,20294
85,15451230,20210
85,15846010,20152
85,16222243,20076
85,16618906,20031
85,16992977,19978
85,17387689,19950
85,17762113,19928
85,18117323,19919
85,18512102,19914
85,18889740,19924
85,19306830,19933
85,19699813,19952
85,20055098,19965
85,20427525,19984
85,20823123,19996
85,21192699,20010
85,21553275,20018
85,21957645,20027
85,22343664,20028
85,22718535,20030
85,23095625,20029
85,23447260,20028
85,23801963,20023
85,24179833,20019
85,24551904,20016
85,24938636,20011
85,25326481,20009
85,25701186,20009
85,26098382,20008
85,26494887,20007
85,26910049,20006
85,27327796,20006
85,27700521,20006
85,28097323,20006
85,28490441,20007
85,28865939,20007
85,29287669,20008
85,29680300,20008
85,30057037,20008
85,30453359,20008
85,30824243,20008
85,31182153,20007
85,31575764,20007
85,31957021,20007
85,32346401,20005
85,32698178,20004
85,33054908,20005
85,33428856,20005
85,33801999,20005
85,34200390,20004
85,34552923,20006
85,34938071,20006
85,35304924,20006
85,35677089,20006
85,36056177,20005
85,36452924,20004
85,36846425,20004
85,37222714,20004
85,37618366,20004
85,37993802,20004
85,38386744,20004
85,38739832,20004
85,39099873,20004
85,39493689,20003
85,39889012,20003
85,40285591,20003
85,40702043,20003
85,41098768,20003
85,41493172,20003
85,41890337,20003
85,42283500,20003
85,42700090,20003
85,43096696,20003
85,43491789,20003
85,43867061,20002
85,44287386,20002
85,44677056,20002
86,716410,1
86,1105709,351
86,1495069,1006
86,1888777,1521
86,2286328,2242
86,2680556,3303
86,3085451,4395
86,3475127,5810
86,3889246,7391
86,4284529,9142
86,4725219,11144
86,5109574,12642
86,5491851,13461
86,5871241,14660
86,6248115,15957
86,6637951,16592
86,7034763,17461
86,7412911,18241
86,7823433,18599
86,8224909,19136
86,8596712,19355
86,8989980,19337
86,9346978,19692
86,9740157,20017
86,10119230,20024
86,10491205,20254
86,10847426,20399
86,11243727,20439
86,11637488,20550
86,12033427,20524
86,12435143,20532
86,12823378,20503
86,13202524,20476
86,13599043,20457
86,13969156,20421
86,14327883,20392
86,14721505,20347
86,15103274,20293
86,15493710,20227
86,15863787,20168
86,16242271,20093
86,16637409,20042
86,17031589,19986
86,17448851,19952
86,17844459,19931
86,18200802,19922
86,18574658,19915
86,18946650,19924
86,19350553,19933
86,19743426,19950
86,20139375,19964
86,20533078,19979
86,20889978,19993
86,21286560,20006
86,21684465,20015
86,22103787,20021
86,22492839,20027
86,22867251,20027
86,23262255,20026
86,23635762,20024
86,23990127,20021
86,24345534,20016
86,24740733,20014
86,25117785,20011
86,25504351,20009
86,25892236,20007
86,26287907,20007
86,26661796,20005
86,27036738,20005
86,27427718,20005
86,27785713,20005
86,28164228,20005
86,28556874,20007
86,28946660,20007
86,29323935,20007
86,29728725,20007
86,30107069,20008
86,30497317,20007
86,30867749,20007
86,31265551,20006
86,31637523,20006
86,32033710,20003
86,32416140,20003
86,32802259,20004
86,33162600,20004
86,33538542,20004
86,33928491,20004
86,34284881,20004
86,34655093,20004
86,35010499,20003
86,35410912,20003
86,35787424,20003
86,36179821,20003
86,36595208,20003
86,36948108,20003
86,37325607,20003
86,37720267,20003
86,38083296,20003
86,38475339,20003
86,38846384,20003
86,39244366,20003
86,39638766,20002
86,40031009,20001
86,40431985,20001
86,40847896,20001
86,41244060,20001
86,41637070,20001
86,42010981,20001
86,42389878,20001
86,42786601,20000
86,43186311,20000
86,43575503,20000
86,43969548,20000
86,44327783,20000
86,44742922,20000
86,45139538,20000
87,714691,1
87,1080433,352
87,1476491,1006
87,1891037,1522
87,2285200,2242
87,2683227,3299
87,3076472,4389
87,3492108,5806
87,3889555,7395
87,4282681,9142
87,4683075,10884
87,5078633,12644
87,5475403,13463
87,5891233,14872
87,6281797,15968
87,6647691,16606
87,7032863,17469
87,7386830,18183
87,7784235,18601
87,8187625,19132
87,8574024,19347
87,8954655,19334
87,9348456,19751
87,9764803,20005
87,10158338,20034
87,10531546,20280
87,10887361,20391
87,11282045,20441
87,11659710,20556
87,12076860,20525
87,12475302,20542
87,12890436,20501
87,13283435,20490
87,13680557,20457
87,14054346,20429
87,14426568,20395
87,14781483,20352
87,15136303,20301
87,15487763,20231
87,15868248,20163
87,16262797,20088
87,16661400,20042
87,17033427,19987
87,17427651,19958
87,17803717,19930
87,18200595,19923
87,18576228,19915
87,18970352,19925
87,19384934,19933
87,19740486,19949
87,20113698,19964
87,20510210,19981
87,20890952,19996
87,21285800,20009
87,21680937,20017
87,22051582,20026
87,22405755,20027
87,22761476,20029
87,23134352,20029
87,23488976,20029
87,23866085,20022
87,24259760,20021
87,24624742,20016
87,25013461,20013
87,25386597,20010
87,25789299,20010
87,26179344,20007
87,26553539,20006
87,26930395,20006
87,27322894,20006
87,27681385,20006
87,28073079,20006
87,28446838,20007
87,28805111,20008
87,29177087,20008
87,29543219,20008
87,29930577,20007
87,30305128,20007
87,30700244,20006
87,31092799,20006
87,31471797,20006
87,31892629,20006
87,32282084,20006
87,32669656,20005
87,33056702,20005
87,33428768,20005
87,33784007,20004
87,34179704,20003
87,34553557,20003
87,34954132,20003
87,35327107,20003
87,35724593,20002
87,36139107,20002
87,36534089,20002
87,36907609,20002
87,37302913,20002
87,37665924,20002
87,38031267,20001
87,38384102,20000
87,38742547,20001
87,39136238,20001
87,39510566,19999
87,39866346,19999
87,40261339,20000
87,40643575,20000
87,41031582,19999
88,712576,9
88,1098778,436
88,1491585,1008
88,1891505,1522
88,2285140,2375
88,2699664,3437
88,3096987,4553
88,3510971,5816
88,3873984,7406
88,4282666,8922
88,4636030,10631
88,4991370,12504
88,5406728,13252
88,5759993,14462
88,6158374,15726
88,6536477,16417
88,6934523,17311
88,7344242,18092
88,7697025,18481
88,8078083,18992
88,8472116,19334
88,8869956,19325
88,9241565,19618
88,9638022,19986
88,10014271,20011
88,10407148,20214
88,10761527,20396
88,11139284,20422
88,11530124,20542
88,11911089,20542
88,12307987,20543
88,12739361,20519
88,13117596,20488
88,13511556,20470
88,13887793,20428
88,14269893,20401
88,14658384,20351
88,15014258,20303
88,15405950,20221
88,15780147,20162
88,16161196,20086
88,16556627,20034
88,16970219,19980
88,17364442,19954
88,17739197,19930
88,18210724,19919
88,18722991,19923
88,19294940,19940
88,19877311,19962
88,20400847,19985
88,20913840,20003
88,21408013,20015
88,21791244,20024
88,22198034,20027
88,22584887,20030
88,23024219,20029
88,23487009,20025
88,23941092,20022
88,24408463,20016
88,24870017,20014
88,25321453,20010
88,25778622,20010
88,26196159,20008
88,26573952,20007
88,26925998,20008
88,27355463,20008
88,27767900,20008
88,28232024,20008
88,28678247,20008
88,29148810,20008
88,29611863,20007
88,30054506,20007
88,30448885,20007
88,30859137,20007
88,31227907,20007
88,31548236,20007
88,31891691,20006
88,32216196,20006
88,32550219,20006
88,32909335,20006
88,33241285,20006
88,33569325,20006
88,34043470,20005
88,34444820,20005
88,34829897,20005
88,35169829,20005
88,35480766,20005
88,35792775,20005
88,36138262,20005
88,36464738,20005
88,36805827,20005
88,37137154,20006
88,37467195,20006
88,37853830,20006
88,38196566,20005
88,38568734,20005
88,38933252,20005
88,39282584,20004
88,39615646,20004
88,39960142,20004
88,40305590,20004
88,40640942,20004
88,40971621,20003
88,41326009,20003
88,41678789,20004
88,42039459,20004
88,42392462,20004
88,42762004,20004
88,43099799,20004
88,43483674,20003
88,43838119,20003
88,44206363,20003
88,44585700,20002
88,44964290,20002
88,45315816,20002
88,45682307,20002
88,46040753,20002
88,46407482,20002
88,46751530,20002
88,47106986,20002
88,47476042,20002
88,47837491,20002
88,48186093,20002
88,48565389,20002
89,713935,8
89,1074784,432
89,1492936,1073
89,1886886,1604
89,2303364,2504
89,2698930,3431
89,3071617,4544
89,3468291,5802
89,3844743,7385
89,4238630,8899
89,4602620,10868
89,4990685,12488
89,5362367,13234
89,5719743,14247
89,6092026,15578
89,6445144,16265
89,6829608,17048
89,7221451,18027
89,7618559,18448
89,7991631,18935
89,8387591,19335
89,8785900,19342
89,9159571,19563
89,9561540,19996
89,9969810,20012
89,10366494,20221
89,10763840,20407
89,11156310,20433
89,11566220,20553
89,11935894,20539
89,12324224,20542
89,12698520,20527
89,13092210,20492
89,13446134,20483
89,13841488,20436
89,14229544,20412
89,14603111,20362
89,14990354,20307
89,15383897,20234
89,15760335,20165
89,16155912,20097
89,16534630,20049
89,16904513,19998
89,17260016,19964
89,17628145,19934
89,18009623,19922
89,18363411,19915
89,18720061,19917
89,19092403,19927
89,19445809,19938
89,19822891,19954
89,20218659,19972
89,20580171,19987
89,20988719,20000
89,21342111,20012
89,21698251,20021
89,22092360,20024
89,22467236,20030
89,22822850,20030
89,23201545,20028
89,23604117,20024
89,23994274,20021
89,24366258,20016
89,24760800,20014
89,25155823,20011
89,25564567,20009
89,25948649,20008
89,26342198,20007
89,26718634,20004
89,27133379,20005
89,27488288,20005
89,27842634,20006
89,28237846,20005
89,28628320,20006
89,29012150,20007
89,29383627,20007
89,29743166,20005
89,30160057,20006
89,30567851,20006
89,30971045,20005
89,31365427,20004
89,31762948,20005
89,32154727,20005
89,32507929,20003
89,32906416,20003
89,33278276,20003
89,33636689,20003
89,34031037,20003
89,34405510,20003
89,34762369,20003
89,35155123,20003
89,35529981,20002
89,35931683,20002
89,36342443,20002
89,36697447,20002
89,37072269,20000
89,37466546,20000
89,37823872,20000
89,38215756,20000
89,38604055,20000
89,38968254,20000
89,39363149,19999
89,39721945,19999
89,40119100,19999
89,40490482,19999
89,40888653,19999
89,41263321,19999
89,41658254,19999
89,42033947,19998
89,42434469,19998
90,709598,8
90,1113087,434
90,1528412,1079
90,1923858,1605
90,2365836,2504
90,2757260,3563
90,3158954,4707
90,3572313,6198
90,3997904,7811
90,4384828,9617
90,4800681,11668
90,5196078,12963
90,5609768,13719
90,5978166,15045
90,6341196,16110
90,6736176,16676
90,7094340,17585
90,7467104,18296
90,7863510,18725
90,8259558,19202
90,8654617,19369
90,9053942,19401
90,9448672,19886
90,9860666,20025
90,10216217,20074
90,10589528,20355
90,10993802,20403
90,11381459,20482
90,11755495,20561
90,12111754,20526
90,12505636,20545
90,12879552,20504
90,13256748,20487
90,13609677,20468
90,13974791,20427
90,14365553,20402
90,14734391,20352
90,15089559,20293
90,15484125,20221
90,15858837,20160
90,16218559,20085
90,16612230,20036
90,16994515,19981
90,17384920,19951
90,17757374,19924
90,18156244,19916
90,18550760,19910
90,18954567,19920
90,19320632,19930
90,19713107,19947
90,20123262,19963
90,20510553,19981
90,20901083,19994
90,21278783,20007
90,21673893,20015
90,22048431,20023
90,22448032,20027
90,22859156,20027
90,23215762,20026
90,23589472,20023
90,23992078,20020
90,24360358,20017
90,24713398,20014
90,25090681,20009
90,25466759,20008
90,25864211,20006
90,26258514,20005
90,26653573,20003
90,27049968,20003
90,27424809,20003
90,27823396,20004
90,28238895,20004
90,28611024,20005
90,29008846,20005
90,29402301,20005
90,29778020,20005
90,30175129,20005
90,30548722,20005
90,30960867,20004
90,31361257,20003
90,31754977,20004
90,32132479,20004
90,32547889,20003
90,32900619,20003
90,33298272,20003
90,33671961,20003
90,34028286,20003
90,34443207,20003
90,34800258,20003
90,35195094,20003
90,35611246,20003
90,35995374,20002
90,36385473,20002
90,36779279,20002
90,37156786,20001
90,37549707,20001
90,37927618,20001
90,38322858,20001
90,38734894,20001
90,39091959,20001
90,39466212,20001
90,39859346,20001
90,40218332,20001
90,40594344,20001
90,40994078,20001
90,41385653,20001
90,41754396,20000
90,42111651,19999
90,42484780,19999
91,716827,9
91,1082120,437
91,1502103,1081
91,1893430,1608
91,2322304,2508
91,2703761,3441
91,3079984,4552
91,3484687,5812
91,3845649,7396
91,4242505,9134
91,4659660,11138
91,5074943,12631
91,5429185,13434
91,5829056,14837
91,6225220,15928
91,6618777,16561
91,7011709,17443
91,7388202,18239
91,7763237,18598
91,8136967,19075
91,8514350,19367
91,8915336,19350
91,9307565,19701
91,9684499,20027
91,10077114,20049
91,10489215,20332
91,10887821,20414
91,11282991,20475
91,11661363,20579
91,12033164,20544
91,12386478,20555
91,12745447,20528
91,13137120,20497
91,13520739,20476
91,13907802,20431
91,14282257,20406
91,14639621,20345
91,15033232,20293
91,15407036,20216
91,15763425,20147
91,16178286,20079
91,16548032,20027
91,16932228,19979
91,17323818,19944
91,17703001,19923
91,18097417,19916
91,18503065,19910
91,18894818,19924
91,19284922,19932
91,19681215,19952
91,20077928,19967
91,20487551,19988
91,20886551,19997
91,21241230,20011
91,21619015,20019
91,22014353,20025
91,22406263,20027
91,22784309,20029
91,23177904,20026
91,23533947,20024
91,23886824,20020
91,24262141,20017
91,24627382,20013
91,25016178,20010
91,25387013,20009
91,25744921,20008
91,26114498,20004
91,26519060,20004
91,26940001,20006
91,27330055,20005
91,27704817,20004
91,28101639,20006
91,28523044,20008
91,28909423,20006
91,29285573,20006
91,29682764,20007
91,30055608,20007
91,30454090,20004
91,30830801,20006
91,31223958,20006
91,31641106,20004
91,32032957,20004
91,32386013,20004
91,32766080,20004
91,33157592,20004
91,33520382,20003
91,33907783,20003
91,34281266,20003
91,34658489,20003
91,35010543,20003
91,35363391,20003
91,35742109,20002
91,36135972,20002
91,36504560,20002
91,36868525,20001
91,37261234,20001
91,37616318,20001
91,37990321,20001
91,38386006,20001
91,38744278,20001
91,39115517,20001
91,39521162,20001
91,39909382,20001
91,40281428,20001
91,40641919,20001
91,41014851,20001
91,41409547,20001
91,41785546,20001
91,42180561,20001
92,741485,9
92,1125163,353
92,1520595,1011
92,1922036,1522
92,2306733,2365
92,2723188,3424
92,3120791,4537
92,3519014,5797
92,3918610,7385
92,4305780,9129
92,4722735,11135
92,5118346,12752
92,5559186,13565
92,5957613,15041
92,6326713,16022
92,6702086,16571
92,7098315,17589
92,7471517,18248
92,7826050,18611
92,8208957,19150
92,8600374,19374
92,8997873,19353
92,9383949,19700
92,9749558,20017
92,10129393,20018
92,10491799,20247
92,10845363,20396
92,11222309,20426
92,11616391,20544
92,11974550,20535
92,12345275,20527
92,12698718,20531
92,13056136,20484
92,13450035,20477
92,13824776,20437
92,14179711,20420
92,14530965,20388
92,14917410,20356
92,15304731,20302
92,15656457,20247
92,16033524,20173
92,16429760,20113
92,16782090,20061
92,17160448,20005
92,17552794,19970
92,17916439,19940
92,18303703,19922
92,18678165,19913
92,19035023,19914
92,19411125,19923
92,19804652,19933
92,20159480,19948
92,20534783,19964
92,20940615,19977
92,21305291,19992
92,21697444,20003
92,22075550,20010
92,22428078,20017
92,22780813,20019
92,23162489,20019
92,23534216,20021
92,23918578,20019
92,24305166,20015
92,24680233,20013
92,25034300,20010
92,25429763,20008
92,25802983,20005
92,26159318,20004
92,26553715,20004
92,26937410,20002
92,27325231,20002
92,27700337,20002
92,28061295,20002
92,28451557,20002
92,28823845,20003
92,29189945,20003
92,29595452,20004
92,29983728,20004
92,30368492,20004
92,30760864,20004
92,31124089,20004
92,31513484,20002
92,31919753,20002
92,32306219,20002
92,32658067,20002
92,33045925,20002
92,33430911,20002
92,33825546,20002
92,34200508,20002
92,34615139,20002
92,34973957,20002
92,35368054,20002
92,35745153,20002
92,36144875,20002
92,36555333,20002
92,36951930,20002
92,37325940,20001
92,37677567,20001
92,38034197,20001
92,38409646,20001
92,38802460,20000
92,39160482,20000
92,39538164,20001
92,39937933,20002
92,40324516,20002
92,40698463,20001
92,41059717,20001
92,41431378,20001
92,41825710,20001
92,42191214,20000
92,42557408,20001
92,42951941,20001
92,43322643,20001
92,43678163,20000
92,44034800,19999
92,44428172,20000
92,44801575,20000
92,45159165,19999
92,45556768,19999
92,45940484,19999
93,716989,9
93,1097251,352
93,1485296,940
93,1875837,1451
93,2264753,2239
93,2660587,3167
93,3013498,4096
93,3367536,5230
93,3750928,6789
93,4140910,8456
93,4557523,10357
93,4955482,12315
93,5346951,13133
93,5709334,14050
93,6096478,15405
93,6470393,16245
93,6848640,17045
93,7243040,17940
93,7628382,18453
93,8034629,18878
93,8387182,19297
93,8743578,19367
93,9117547,19455
93,9511755,19885
93,9874220,20005
93,10266245,20087
93,10648202,20357
93,11036865,20384
93,11441249,20487
93,11834155,20531
93,12226893,20504
93,12635169,20520
93,12993511,20476
93,13369402,20470
93,13742441,20436
93,14115355,20415
93,14492804,20384
93,14891791,20356
93,15284570,20312
93,15650374,20265
93,16016853,20198
93,16408456,20139
93,16766872,20087
93,17137837,20033
93,17489992,19995
93,17869471,19957
93,18263597,19937
93,18627656,19921
93,19017079,19921
93,19386233,19922
93,19741533,19931
93,20116563,19945
93,20511408,19958
93,20870413,19971
93,21243188,19986
93,21650299,19998
93,22036220,20008
93,22408962,20014
93,22763431,20019
93,23115720,20020
93,23491237,20021
93,23891051,20020
93,24265331,20017
93,24661948,20014
93,25034346,20012
93,25391552,20009
93,25786555,20008
93,26157579,20005
93,26512013,20004
93,26870895,20002
93,27262589,20001
93,27647339,20002
93,28033283,20002
93,28386290,20002
93,28764523,20002
93,29116647,20003
93,29489839,20003
93,29890114,20003
93,30251832,20004
93,30648117,20004
93,31032647,20004
93,31406657,20004
93,31804601,20003
93,32205329,20003
93,32614089,20003
93,32972864,20002
93,33322667,20002
93,33681653,20002
93,34033658,20002
93,34386185,20002
93,34742020,20002
93,35115499,20002
93,35521807,20002
93,35917510,20002
93,36286843,20004
93,36683975,20002
93,37058778,20002
93,37452602,20002
93,37828369,20002
93,38228733,20002
93,38645412,20002
93,39034215,20002
93,39406350,20002
93,39764107,20002
93,40116684,20002
93,40489659,20002
93,40889570,20002
93,41239939,20002
93,41624339,20002
93,42012317,20001
94,710546,9
94,1117578,435
94,1512082,1010
94,1887339,1525
94,2283916,2246
94,2654627,3170
94,3010566,4098
94,3364017,5232
94,3766264,6785
94,4153607,8447
94,4556308,10351
94,4952143,12316
94,5390028,13223
94,5796769,14431
94,6179227,15694
94,6554587,16380
94,6951818,17307
94,7346666,18179
94,7772055,18601
94,8157385,19083
94,8550853,19365
94,8930492,19344
94,9304361,19704
94,9696978,20019
94,10072423,20016
94,10425772,20215
94,10783925,20401
94,11179719,20414
94,11574283,20544
94,11976194,20521
94,12364650,20522
94,12748446,20507
94,13135253,20467
94,13508463,20459
94,13865449,20411
94,14259076,20395
94,14610827,20362
94,14988527,20340
94,15361318,20286
94,15769771,20237
94,16160428,20162
94,16554572,20112
94,16951782,20050
94,17344237,20011
94,17697898,19968
94,18112928,19946
94,18511018,19926
94,18864642,19924
94,19241180,19924
94,19633502,19933
94,19993467,19940
94,20364731,19960
94,20768246,19969
94,21158735,19985
94,21550135,19994
94,21905577,20004
94,22260427,20011
94,22612116,20017
94,22989125,20018
94,23384643,20020
94,23751592,20020
94,24158682,20016
94,24553733,20013
94,24907818,20011
94,25282500,20008
94,25639968,20007
94,26032818,20002
94,26383747,20002
94,26768377,20002
94,27176534,20002
94,27532742,20000
94,27887429,20001
94,28280987,20002
94,28658234,20003
94,29057556,20003
94,29448883,20003
94,29822704,20003
94,30176133,20003
94,30552865,20003
94,30906686,20003
94,31260001,20003
94,31615234,20003
94,31988900,20003
94,32382669,20003
94,32766548,20003
94,33152962,20002
94,33506698,20001
94,33865288,20001
94,34258183,20001
94,34632578,20002
94,34988817,20002
94,35371261,20001
94,35766547,20002
94,36156566,20002
94,36527932,20002
94,36884816,20002
94,37256628,20001
94,37610084,20002
94,37994324,20002
94,38383219,20001
95,761345,9
95,1172708,436
95,1557723,1010
95,1930290,1519
95,2329304,2367
95,2743569,3427
95,3186743,4536
95,3578619,5990
95,3973039,7593
95,4391387,9369
95,4788660,11409
95,5190351,12766
95,5555262,13576
95,5950248,14854
95,6327327,16042
95,6720420,16582
95,7094105,17458
95,7455388,18249
95,7868720,18663
95,8264474,19196
95,8663694,19361
95,9053735,19366
95,9432622,19769
95,9805876,20022
95,10212544,20043
95,10574598,20297
95,10928452,20406
95,11308105,20446
95,11701700,20559
95,12096039,20522
95,12450479,20531
95,12825064,20512
95,13208727,20477
95,13597445,20454
95,14012142,20419
95,14367131,20392
95,14761475,20351
95,15116379,20311
95,15496430,20236
95,15887331,20181
95,16274186,20103
95,16659679,20051
95,17076951,19995
95,17493740,19958
95,17888311,19932
95,18286023,19920
95,18678460,19912
95,19072749,19922
95,19435409,19930
95,19859408,19945
95,20260714,19961
95,20635286,19977
95,21016371,19992
95,21445252,20005
95,21827470,20014
95,22210188,20020
95,22594714,20025
95,22948679,20025
95,23305792,20025
95,23699205,20022
95,24072944,20020
95,24450841,20015
95,24845270,20014
95,25216647,20010
95,25575909,20008
95,25972707,20006
95,26351977,20004
95,26744554,20004
95,27117897,20004
95,27517490,20004
95,27890825,20005
95,28306667,20005
95,28702073,20006
95,29096296,20007
95,29493279,20007
95,29868520,20006
95,30242725,20006
95,30639429,20005
95,31036359,20005
95,31428906,20004
95,31803440,20004
95,32190788,20004
95,32579294,20004
95,32951871,20004
95,33348110,20003
95,33718878,20002
95,34073515,20003
95,34430508,20003
95,34845481,20003
95,35207821,20003
95,35595436,20003
95,35969578,20002
95,36327019,20001
95,36722346,20002
95,37095605,20002
95,37454938,20002
95,37846619,20002
95,38223801,20001
95,38618721,20001
95,38993007,20001
95,39390706,20001
95,39766870,20000
95,40167503,20000
95,40577857,20001
95,40992174,20000
95,41348920,20000
95,41743000,20001
95,42114496,20001
95,42471053,20001
95,42865782,20001
95,43245256,20000
96,716784,-1
96,1097601,353
96,1495162,1015
96,1893958,1528
96,2307407,2376
96,2705691,3438
96,3119583,4549
96,3513608,6003
96,3932537,7609
96,4346971,9148
96,4702519,11156
96,5096763,12655
96,5470945,13355
96,5826633,14668
96,6221187,15866
96,6606350,16511
96,6993415,17321
96,7367574,18171
96,7790212,18585
96,8186411,19117
96,8607353,19329
96,8997458,19317
96,9368056,19674
96,9741995,19979
96,10121177,19986
96,10494280,20273
96,10888741,20388
96,11283091,20438
96,11663587,20548
96,12060947,20509
96,12473027,20528
96,12847801,20493
96,13243523,20476
96,13639894,20452
96,14010786,20423
96,14386819,20401
96,14742321,20363
96,15095454,20320
96,15448703,20251
96,15824928,20187
96,16198396,20116
96,16583223,20062
96,16970040,20008
96,17323057,19974
96,17699032,19944
96,18073531,19926
96,18468125,19915
96,18828283,19918
96,19218982,19924
96,19605335,19939
96,19989530,19952
96,20363719,19969
96,20722975,19983
96,21116828,19999
96,21489538,20008
96,21846525,20017
96,22197531,20024
96,22583394,20029
96,22973715,20029
96,23369052,20028
96,23744355,20025
96,24137964,20021
96,24510863,20018
96,24878522,20015
96,25266245,20011
96,25640051,20010
96,26055357,20008
96,26409354,20007
96,26809477,20005
96,27220391,20006
96,27601975,20006
96,27990530,20006
96,28342560,20007
96,28699723,20007
96,29074360,20007
96,29467261,20007
96,29829554,20008
96,30203464,20007
96,30605585,20006
96,30993926,20006
96,31368341,20006
96,31765194,20006
96,32136629,20005
96,32488570,20005
96,32848488,20005
96,33222456,20004
96,33585835,20004
96,33983014,20004
96,34349891,20005
96,34744833,20005
96,35117657,20005
96,35469076,20005
96,35828218,20004
96,36232786,20004
96,36608244,20004
96,36991691,20003
96,37345740,20003
96,37722041,20002
96,38115071,20001
96,38490224,20001
96,38844548,20001
96,39198195,20000
96,39582437,20000
96,39969723,20000
96,40322032,20000
96,40702784,20000
96,41094100,20000
96,41447417,20000
96,41825281,20001
96,42223296,20000
96,42620276,19999
96,42992338,19999
96,43344024,19999
97,756668,8
97,1156713,437
97,1561134,1083
97,1953539,1609
97,2373975,2507
97,2812352,3571
97,3208487,4715
97,3600215,6209
97,4014393,7616
97,4393911,9393
97,4790222,11430
97,5195810,12895
97,5601015,13749
97,5996120,15265
97,6398411,16145
97,6787324,16806
97,7191898,17820
97,7581796,18327
97,7951056,18703
97,8308870,19213
97,8703270,19323
97,9097580,19376
97,9495783,19859
97,9893738,19976
97,10286854,20075
97,10681473,20364
97,11055266,20392
97,11431958,20497
97,11826579,20545
97,12216589,20510
97,12599889,20530
97,12993768,20486
97,13372157,20478
97,13770634,20441
97,14171386,20415
97,14536546,20378
97,14922236,20328
97,15309896,20262
97,15702544,20192
97,16097280,20117
97,16494874,20058
97,16910434,20003
97,17309477,19967
97,17701949,19937
97,18077261,19925
97,18451768,19918
97,18805652,19920
97,19169756,19930
97,19555981,19943
97,19907678,19956
97,20286682,19976
97,20700924,19987
97,21055331,20001
97,21411528,20012
97,21804084,20021
97,22189016,20024
97,22576374,20030
97,22929150,20029
97,23310867,20027
97,23702372,20024
97,24075506,20022
97,24434807,20017
97,24825973,20014
97,25218490,20010
97,25599003,20010
97,25997144,20008
97,26390604,20007
97,26784358,20007
97,27172451,20007
97,27558451,20006
97,27950110,20006
97,28306860,20006
97,28680255,20008
97,29044404,20006
97,29436003,20006
97,29805112,20008
97,30170052,20007
97,30581097,20006
97,30992564,20006
97,31349923,20006
97,31745100,20006
97,32121759,20005
97,32513800,20005
97,32888051,20005
97,33249357,20004
97,33637964,20003
97,33991960,20003
97,34351225,20003
97,34724650,20003
97,35118069,20003
97,35499830,20003
97,35894309,20003
97,36307074,20002
97,36704349,20002
97,37097293,20002
97,37493839,20001
97,37847622,20001
97,38205280,20001
97,38619852,20001
97,39019942,20001
97,39443295,20001
97,39826067,19999
97,40202256,19999
97,40558079,19999
97,40951405,19999
97,41330321,19999
97,41722662,19999
97,42096877,19999
97,42515654,19999
98,713376,0
98,1077500,354
98,1472624,1017
98,1888113,1530
98,2282344,2376
98,2697788,3309
98,3077461,4400
98,3470020,5815
98,3886696,7407
98,4287237,9155
98,4703767,11155
98,5098635,12650
98,5469609,13461
98,5866319,14861
98,6264049,15950
98,6641415,16485
98,7015311,17445
98,7385823,18165
98,7760645,18524
98,8141295,19059
98,8515591,19323
98,8889740,19305
98,9262881,19614
98,9661535,19981
98,10095852,19986
98,10471226,20235
98,10864720,20382
98,11264422,20422
98,11655085,20533
98,12016792,20503
98,12391294,20517
98,12784067,20497
98,13205615,20472
98,13598249,20458
98,13968579,20418
98,14325516,20399
98,14718090,20361
98,15075803,20328
98,15470237,20259
98,15862963,20208
98,16218893,20138
98,16572727,20088
98,16936524,20028
98,17321849,19989
98,17697002,19955
98,18075936,19936
98,18468539,19920
98,18822799,19918
98,19179988,19922
98,19576237,19933
98,19974181,19946
98,20370040,19966
98,20762010,19976
98,21142853,19995
98,21550359,20003
98,21959275,20017
98,22365141,20020
98,22717124,20027
98,23074548,20025
98,23467953,20026
98,23844145,20023
98,24199625,20020
98,24594226,20014
98,24973408,20014
98,25363355,20010
98,25739838,20009
98,26095043,20006
98,26488220,20006
98,26864481,20005
98,27262659,20005
98,27640026,20004
98,28038041,20005
98,28447398,20005
98,28799547,20006
98,29181468,20006
98,29571380,20006
98,29935699,20006
98,30305800,20006
98,30697768,20005
98,31053864,20005
98,31426858,20004
98,31820403,20004
98,32179659,20004
98,32570680,20004
98,32957749,20003
98,33326692,20003
98,33716971,20004
98,34086585,20004
98,34451300,20003
98,34844060,20003
98,35197532,20003
98,35572974,20003
98,35935812,20003
98,36323555,20003
98,36698031,20003
98,37053166,20002
98,37468519,20002
98,37821865,20001
98,38176928,20001
98,38550737,20001
98,38955231,20001
98,39363324,20001
98,39718151,20001
98,40075971,20001
98,40468561,20001
98,40842601,20001
98,41197553,20001
98,41549657,20001
98,41936867,20001
98,42323220,20001
98,42676221,20001
98,43051085,20000
99,738616,10
99,1142128,437
99,1539366,1082
99,1954410,1611
99,2370354,2511
99,2791035,3573
99,3183753,4716
99,3583213,6009
99,3972862,7612
99,4370611,9383
99,4766692,11417
99,5160552,12880
99,5579936,13726
99,5973735,15055
99,6367807,16031
99,6724488,16665
99,7119878,17701
99,7518530,18276
99,7893900,18711
99,8290076,19231
99,8704393,19338
99,9098831,19393
99,9473238,19875
99,9869566,19994
99,10243979,20053
99,10602345,20346
99,10994126,20394
99,11368396,20477
99,11767119,20547
99,12142893,20500
99,12537635,20524
99,12955553,20473
99,13349300,20469
99,13727001,20437
99,14129424,20414
99,14502216,20388
99,14871342,20351
99,15264089,20306
99,15621929,20241
99,16015813,20183
99,16387768,20110
99,16785645,20063
99,17143193,20010
99,17519695,19971
99,17913514,19940
99,18325552,19924
99,18682343,19915
99,19076423,19917
99,19462601,19926
99,19873702,19939
99,20288813,19957
99,20682807,19970
99,21078222,19987
99,21495143,19998
99,21868405,20010
99,22225092,20015
99,22620526,20022
99,22993809,20024
99,23350234,20024
99,23767922,20021
99,24161818,20020
99,24580067,20014
99,24971733,20013
99,25346772,20009
99,25701463,20008
99,26100035,20004
99,26486942,20004
99,26898494,20003
99,27303173,20003
99,27707150,20003
99,28118607,20003
99,28523693,20005
99,28914933,20006
99,29304615,20004
99,29681943,20006
99,30076280,20006
99,30465951,20005
99,30829284,20004
99,31221920,20004
99,31578520,20004
99,31972247,20003
99,32346695,20003
99,32727421,20001
99,33138444,20003
99,33496935,20002
99,33891921,20002
99,34285967,20003
99,34684809,20003
99,35077793,20003
99,35441209,20003
99,35831366,20002
99,36201223,20002
99,36556909,20002
99,36955345,20002
99,37326006,20001
99,37681998,20000
99,38077149,20003
99,38492100,20002
99,38873877,20002
99,39267342,20001
99,39643326,20002
99,40035614,20002
99,40464477,20001
99,40847836,20001
99,41223389,20001
99,41621815,20000
99,41994161,20000
99,42347616,20000
99,42702758,20000
99,43098124,20000
99,43486889,20000
99,43871028,19999
99,44264868,20001
99,44643042,20001
99,45020095,19999
99,45421668,19999
99,45829497,19999
