trial_id,t_ns_since_cmd,position_counts
0,780717,421389
0,1162852,421385
0,1556189,421384
0,1933058,421384
0,2321888,421381
0,2740772,421381
0,3143844,421381
0,3549421,421381
0,3935952,421381
0,4346201,421382
0,4752058,421382
0,5236787,421384
0,5638401,421387
0,6007239,421387
0,6402495,421390
0,6790076,421393
0,7163465,421395
0,7556789,421399
0,7935507,421403
0,8288150,421408
0,8676230,421412
0,9008205,421418
0,9361116,421422
0,9701461,421433
0,10093783,421440
0,10469416,421450
0,10853334,421459
0,11224474,421470
0,11582335,421480
0,11953381,421494
0,12348463,421506
0,12727009,421519
0,13078061,421534
0,13485271,421549
0,13858038,421562
0,14209384,421580
0,14613003,421597
0,14981316,421615
0,15335482,421633
0,15714484,421652
0,16108868,421671
0,16460896,421693
0,16862023,421712
0,17385350,421744
0,17801042,421766
0,18193515,421790
0,18585425,421813
0,18982700,421836
0,19333629,421860
0,19733557,421886
0,20108083,421910
0,20505629,421942
0,20929411,421971
0,21324374,422001
0,21738211,422031
0,22170343,422062
0,22603398,422093
0,22968295,422130
0,23360804,422156
0,23737106,422193
0,24131366,422223
0,24518260,422258
0,24902340,422287
0,25295596,422326
0,25672934,422356
0,26104077,422400
0,26495437,422431
0,26890689,422467
0,27260267,422497
0,27638576,422532
0,28030521,422568
0,28427646,422596
0,28807370,422625
0,29175228,422657
0,29559090,422684
0,29925282,422711
0,30378054,422747
0,30755931,422776
0,31149387,422802
0,31512648,422826
0,31906246,422857
0,32300130,422884
0,32700366,422907
0,33086066,422935
0,33461218,422960
0,33883548,422982
0,34254976,423006
0,34632397,423027
0,35002245,423044
0,35357071,423065
0,35714205,423087
0,36106530,423106
0,36459803,423123
0,36840919,423144
0,37251970,423158
0,37612130,423177
0,38002931,423191
0,38376912,423206
0,38736829,423221
0,39128202,423236
0,39513030,423252
0,39900115,423263
0,40272585,423276
0,40629573,423288
0,40983094,423299
0,41335478,423308
0,41713772,423321
0,42085744,423328
0,42493937,423341
0,42880222,423349
0,43232122,423356
0,43589767,423363
0,43982912,423372
0,44356234,423377
0,44711836,423383
0,45087027,423390
0,45498851,423394
0,45861393,423397
0,46255530,423403
0,46609893,423404
0,46994137,423409
0,47381056,423410
0,47777101,423412
0,48149072,423413
0,48516670,423414
0,48901893,423415
0,49293757,423415
0,49652933,423417
0,50044340,423418
0,50398738,423418
0,50754852,423418
0,51107432,423418
0,51493176,423419
0,51878915,423419
0,52230312,423419
0,52607741,423420
0,52959570,423420
0,53336560,423419
0,53731947,423419
0,54084920,423419
0,54470289,423419
0,54885098,423419
0,55254375,423419
0,55631197,423419
0,56046116,423419
0,56399365,423418
0,56755059,423417
0,57106788,423417
0,57492839,423417
0,57880255,423417
0,58231465,423417
0,58610376,423417
0,59002700,423417
0,59355521,423417
0,59712842,423416
0,60084947,423416
0,60458928,423416
0,60859497,423415
0,61252474,423414
0,61607592,423414
0,61981609,423414
0,62333830,423413
0,62720644,423413
0,63110242,423413
0,63513693,423413
0,63900529,423413
0,64291948,423413
0,64697748,423412
0,65108769,423412
0,65461693,423411
0,65879824,423411
0,66269519,423411
0,66679721,423411
0,67053261,423410
0,67441779,423410
0,67859824,423410
0,68235706,423410
0,68632078,423410
0,69023598,423410
0,69399975,423410
0,69753784,423410
0,70109882,423410
0,70493910,423410
0,70881458,423409
0,71293663,423408
0,71654316,423408
0,72044937,423408
0,72421350,423407
0,72775451,423408
0,73149914,423407
0,73512601,423407
0,73899938,423406
0,74252472,423406
0,74609356,423406
0,74982016,423406
0,75334802,423406
0,75713338,423405
0,76106611,423405
0,76461347,423404
0,76880718,423404
0,77232257,423405
0,77589385,423404
0,77982655,423404
0,78366722,423404
0,78760883,423404
0,79129642,423403
0,79494712,423403
0,79905807,423403
0,80318293,423402
0,80677808,423402
0,81065214,423402
0,81423019,423402
0,81795006,423402
0,82149016,423402
0,82514432,423401
0,82900925,423401
0,83272861,423400
0,83629337,423400
0,83983280,423400
0,84335130,423400
0,84711780,423400
0,85086216,423400
0,85491179,423400
0,85878624,423400
0,86252633,423400
0,86607362,423400
0,86963035,423400
0,87334305,423400
0,87738085,423400
0,88129220,423400
0,88513376,423400
0,88898747,423399
0,89252509,423399
0,89629226,423399
0,89981611,423398
0,90335621,423398
0,90730161,423398
0,91111067,423398
0,91516259,423398
0,91903508,423398
0,92293601,423398
0,92652678,423398
0,93046424,423397
0,93418440,423397
0,93774462,423397
0,94126445,423398
0,94489944,423397
0,94864754,423397
0,95251703,423397
1,724243,423397
1,1098165,423398
1,1482606,423398
1,1868111,423398
1,2242417,423400
1,2601679,423402
1,2977879,423402
1,3368276,423405
1,3727735,423408
1,4101295,423409
1,4484250,423413
1,4869861,423417
1,5222003,423421
1,5580896,423425
1,5984241,423431
1,6369168,423440
1,6746819,423445
1,7118496,423454
1,7481320,423463
1,7890694,423473
1,8264079,423483
1,8642728,423495
1,9016314,423505
1,9367911,423517
1,9725907,423529
1,10076430,423542
1,10460434,423558
1,10829795,423571
1,11201529,423588
1,11558171,423602
1,11930415,423621
1,12325940,423637
1,12703561,423653
1,13056600,423671
1,13464578,423691
1,13854489,423712
1,14226102,423731
1,14579888,423752
1,14954056,423772
1,15307630,423793
1,15684927,423818
1,16056785,423840
1,16429279,423867
1,16827875,423889
1,17181314,423913
1,17563810,423940
1,17952432,423966
1,18327363,423990
1,18685065,424019
1,19057270,424047
1,19462514,424078
1,19848795,424107
1,20223473,424136
1,20578910,424163
1,20931115,424194
1,21304872,424226
1,21681931,424258
1,22054626,424287
1,22430182,424325
1,22832851,424362
1,23225717,424393
1,23601197,424423
1,23963720,424461
1,24350963,424491
1,24728853,424527
1,25149339,424562
1,25547437,424592
1,25913569,424622
1,26266503,424650
1,26623891,424680
1,27014553,424707
1,27388191,424735
1,27767101,424763
1,28138353,424791
1,28515670,424816
1,28868796,424841
1,29221316,424865
1,29598834,424891
1,29961544,424918
1,30367796,424941
1,30731490,424966
1,31121148,424989
1,31503640,425013
1,31894019,425033
1,32267229,425053
1,32621111,425071
1,32972688,425091
1,33325242,425108
1,33683965,425126
1,34056600,425144
1,34460812,425163
1,34847984,425179
1,35222237,425194
1,35601052,425208
1,35977546,425225
1,36372381,425241
1,36769357,425254
1,37121520,425267
1,37484974,425279
1,37890901,425293
1,38264666,425304
1,38665104,425315
1,39017513,425326
1,39415852,425336
1,39788097,425345
1,40144255,425355
1,40558804,425364
1,40949998,425372
1,41304612,425378
1,41683314,425386
1,42075498,425389
1,42460061,425396
1,42827035,425401
1,43199375,425404
1,43557909,425407
1,43929191,425412
1,44323646,425413
1,44702200,425415
1,45055498,425417
1,45429919,425417
1,45805250,425417
1,46178499,425418
1,46558214,425419
1,46950595,425419
1,47304118,425420
1,47681651,425420
1,48088973,425420
1,48486037,425420
1,48875224,425420
1,49267079,425421
1,49622985,425421
1,49972216,425421
1,50324501,425421
1,50686154,425421
1,51079156,425421
1,51461039,425421
1,51871095,425421
1,52220919,425421
1,52581319,425420
1,52974118,425420
1,53346229,425420
1,53706304,425420
1,54129115,425419
1,54518925,425419
1,54895356,425419
1,55289081,425419
1,55704502,425419
1,56056102,425419
1,56428975,425418
1,56828020,425418
1,57179205,425418
1,57561479,425418
1,57953614,425418
1,58307100,425417
1,58684339,425417
1,59080025,425417
1,59462845,425416
1,59848036,425416
1,60201307,425416
1,60579050,425415
1,60931187,425415
1,61325194,425415
1,61681764,425414
1,62056234,425414
1,62460410,425414
1,62826665,425413
1,63178201,425413
1,63577031,425413
1,63951329,425413
1,64304781,425413
1,64759395,425412
1,65218654,425412
1,65642270,425412
1,66049480,425410
1,66480334,425411
1,66877473,425411
1,67270894,425410
1,67651778,425409
1,68039007,425409
1,68478198,425410
1,68878609,425409
1,69270282,425409
1,69669045,425409
1,70060207,425408
1,70465748,425408
1,70852558,425408
1,71224617,425408
1,71583608,425408
1,71975508,425408
1,72329307,425408
1,72724884,425407
1,73104295,425407
1,73485632,425407
1,73870641,425407
1,74224501,425406
1,74602653,425406
1,75011957,425406
1,75376607,425406
1,75773572,425406
1,76177624,425406
1,76566463,425406
1,76958787,425406
1,77373083,425406
1,77771754,425404
1,78164390,425404
1,78574704,425404
1,78939580,425404
1,79309850,425404
1,79710532,425404
1,80081942,425404
1,80487689,425403
1,80860274,425403
1,81251083,425403
1,81627347,425403
1,82021815,425403
1,82414309,425403
1,82810519,425402
1,83197783,425402
1,83580760,425403
1,83991547,425402
1,84376984,425402
1,84777561,425402
1,85168647,425402
1,85705355,425402
1,86197813,425402
1,86716749,425402
1,87195311,425402
1,87702564,425401
1,88212577,425401
1,88715765,425401
1,89141775,425401
1,89553341,425401
1,89955286,425401
1,90411746,425401
1,91003934,425400
1,91562439,425400
1,92060951,425400
1,92515337,425400
1,92923652,425400
1,93277570,425400
1,93633843,425400
1,93978558,425401
1,94331849,425400
1,94689704,425400
1,95061318,425400
1,95415128,425400
1,95791666,425400
1,96127574,425399
1,96471641,425399
1,96867895,425399
1,97226706,425398
1,97576831,425399
1,97929598,425400
1,98320462,425399
1,98702865,425399
1,99074064,425399
1,99427079,425399
2,726559,425398
2,1107089,425398
2,1490130,425399
2,1880079,425399
2,2284325,425401
2,2673316,425403
2,3113066,425404
2,3500927,425407
2,3921213,425410
2,4329524,425413
2,4751836,425417
2,5102882,425421
2,5474169,425425
2,5872070,425429
2,6251160,425437
2,6590800,425443
2,6928479,425449
2,7303627,425459
2,7672087,425467
2,8025122,425477
2,8383300,425486
2,8736325,425499
2,9087627,425510
2,9482905,425524
2,9868245,425538
2,10248161,425549
2,10592753,425566
2,10967061,425579
2,11342992,425596
2,11734128,425612
2,12272716,425637
2,12784447,425661
2,13181397,425681
2,13662561,425706
2,14125420,425732
2,14641205,425759
2,15084759,425785
2,15513002,425806
2,15877523,425832
2,16285793,425858
2,16766031,425892
2,17302908,425925
2,17790115,425962
2,18319006,425998
2,18825951,426035
2,19356520,426072
2,19794194,426103
2,20175195,426138
2,20567083,426166
2,20944474,426199
2,21333666,426234
2,21748863,426265
2,22100844,426293
2,22479437,426331
2,22873803,426363
2,23225386,426399
2,23628716,426430
2,23997913,426462
2,24375305,426492
2,24726578,426528
2,25144514,426562
2,25521558,426591
2,25918223,426620
2,26283756,426654
2,26668362,426686
2,27064168,426715
2,27443537,426745
2,27834412,426778
2,28257486,426806
2,28643274,426832
2,29028630,426861
2,29440590,426888
2,29838209,426914
2,30273166,426941
2,30669168,426964
2,31082795,426985
2,31442929,427011
2,31815404,427030
2,32187432,427050
2,32566119,427073
2,32955217,427091
2,33331963,427107
2,33688096,427129
2,34126663,427148
2,34504466,427166
2,34894611,427182
2,35277766,427201
2,35669562,427216
2,36062355,427229
2,36439685,427245
2,36811494,427258
2,37166623,427268
2,37523501,427284
2,37936150,427297
2,38296957,427308
2,38688451,427318
2,39061515,427330
2,39418095,427339
2,39813435,427349
2,40167096,427357
2,40562635,427366
2,40937386,427372
2,41314035,427381
2,41712687,427386
2,42120463,427394
2,42477737,427397
2,42850982,427401
2,43259448,427407
2,43664020,427410
2,44017649,427412
2,44372333,427415
2,44745414,427417
2,45099753,427419
2,45481920,427419
2,45875864,427420
2,46279764,427421
2,46665945,427421
2,47038158,427421
2,47395610,427422
2,47768008,427422
2,48121619,427422
2,48477382,427422
2,48849649,427423
2,49256985,427423
2,49652701,427423
2,50016827,427423
2,50375436,427423
2,50725493,427423
2,51100726,427422
2,51502413,427422
2,51894602,427422
2,52280283,427422
2,52664764,427422
2,53015678,427422
2,53393492,427422
2,53744093,427422
2,54098766,427422
2,54496989,427422
2,54873832,427422
2,55224222,427422
2,55601781,427422
2,55994145,427421
2,56354885,427421
2,56724875,427421
2,57119954,427421
2,57478477,427420
2,57849413,427420
2,58223892,427420
2,58606703,427420
2,58978385,427420
2,59375116,427420
2,59728009,427420
2,60102435,427420
2,60480455,427418
2,60871070,427418
2,61223266,427418
2,61626233,427418
2,61997037,427418
2,62354388,427418
2,62770502,427417
2,63120208,427417
2,63480096,427417
2,63872316,427416
2,64281195,427416
2,64713093,427415
2,65143340,427415
2,65523026,427415
2,65897178,427414
2,66299345,427414
2,66686684,427414
2,67064126,427414
2,67466760,427412
2,67873515,427412
2,68226723,427412
2,68603060,427412
2,68978309,427412
2,69375792,427412
2,69771021,427412
2,70164192,427411
2,70542494,427411
2,70936049,427411
2,71313929,427410
2,71710706,427410
2,72102959,427410
2,72478916,427410
2,72850327,427410
2,73226070,427410
2,73602114,427410
2,73988850,427409
2,74378133,427409
2,74746392,427409
2,75101396,427409
2,75478391,427408
2,75871408,427408
2,76224220,427409
2,76622510,427409
2,76995488,427408
2,77352084,427408
2,77724865,427406
2,78120361,427405
2,78492813,427405
2,78852593,427406
2,79256947,427406
2,79667357,427405
2,80060163,427405
2,80416228,427405
2,80769053,427405
2,81143513,427405
2,81501012,427405
2,81892441,427404
2,82277961,427404
2,82666533,427404
2,83039693,427404
2,83394916,427404
2,83769897,427404
2,84123079,427404
2,84479094,427404
2,84873973,427403
2,85224173,427403
2,85600995,427403
2,85975126,427403
2,86374506,427403
2,86768171,427403
2,87120454,427403
2,87476644,427403
2,87850671,427403
2,88225916,427403
2,88600771,427403
2,88975942,427403
2,89354085,427402
2,89746094,427402
2,90101186,427402
2,90477431,427402
2,90881972,427402
2,91283013,427402
2,91645616,427402
2,91999724,427401
2,92396624,427402
2,92767219,427402
2,93122221,427401
2,93480179,427401
2,93872418,427401
2,94262260,427401
2,94623213,427401
3,714227,427401
3,1121853,427401
3,1514073,427402
3,1898062,427402
3,2305061,427404
3,2657415,427406
3,3024680,427407
3,3409048,427409
3,3782725,427412
3,4137952,427416
3,4510269,427418
3,4897824,427423
3,5287836,427427
3,5680678,427430
3,6036288,427438
3,6429405,427441
3,6784176,427449
3,7171209,427458
3,7533315,427467
3,7898743,427477
3,8285094,427488
3,8659687,427498
3,9014742,427511
3,9410570,427523
3,9782835,427536
3,10140464,427552
3,10535321,427565
3,10918412,427581
3,11311325,427599
3,11698115,427613
3,12077301,427634
3,12470222,427651
3,12843344,427670
3,13241499,427687
3,13594561,427707
3,13969693,427726
3,14343210,427749
3,14718687,427771
3,15095381,427790
3,15468098,427813
3,15875829,427839
3,16267344,427860
3,16639336,427884
3,16996004,427910
3,17410534,427935
3,17786390,427963
3,18181631,427988
3,18534383,428015
3,18899565,428044
3,19286087,428069
3,19636833,428097
3,20013822,428126
3,20386941,428152
3,20747425,428187
3,21120879,428218
3,21493647,428247
3,21900354,428282
3,22287697,428320
3,22678711,428350
3,23035945,428387
3,23428887,428421
3,23803652,428450
3,24159250,428482
3,24512007,428514
3,24898152,428548
3,25285289,428578
3,25637080,428606
3,26015662,428639
3,26407346,428668
3,26782525,428695
3,27143492,428727
3,27545944,428759
3,27937053,428784
3,28326990,428815
3,28719246,428840
3,29098890,428867
3,29493982,428894
3,29920900,428921
3,30310329,428945
3,30704930,428969
3,31119171,428993
3,31502524,429018
3,31902565,429038
3,32263980,429057
3,32615357,429076
3,32970692,429094
3,33345374,429114
3,33740108,429132
3,34097521,429149
3,34473897,429167
3,34879941,429186
3,35285739,429204
3,35679397,429217
3,36035709,429233
3,36408544,429247
3,36782785,429262
3,37180625,429275
3,37533497,429287
3,37899066,429300
3,38287490,429312
3,38683122,429323
3,39077501,429334
3,39471195,429344
3,39847380,429354
3,40244498,429363
3,40643979,429370
3,41059049,429380
3,41501782,429384
3,41921263,429394
3,42312145,429398
3,42699519,429402
3,43074224,429406
3,43416593,429411
3,43770870,429413
3,44123010,429416
3,44452577,429418
3,44790196,429419
3,45142955,429420
3,45494085,429422
3,45848084,429422
3,46208391,429424
3,46565963,429425
3,46922311,429425
3,47290654,429425
3,47644950,429426
3,48001756,429427
3,48379422,429426
3,48731973,429426
3,49093923,429426
3,49466011,429427
3,49867973,429427
3,50215391,429427
3,50586339,429427
3,50985268,429426
3,51347337,429426
3,51756640,429426
3,52118914,429425
3,52512292,429425
3,52898354,429425
3,53287957,429425
3,53680272,429425
3,54057526,429425
3,54435218,429424
3,54829511,429424
3,55199399,429424
3,55563127,429424
3,55951730,429424
3,56304084,429424
3,56679760,429424
3,57035517,429424
3,57387339,429424
3,57740369,429423
3,58096293,429423
3,58470412,429423
3,58843491,429422
3,59220680,429422
3,59594503,429422
3,59974679,429422
3,60346258,429421
3,60719729,429421
3,61099186,429421
3,61492978,429421
3,61846914,429420
3,62247051,429420
3,62618404,429418
3,63016919,429418
3,63386700,429418
3,63741065,429418
3,64095734,429418
3,64471958,429418
3,64877055,429418
3,65283720,429418
3,65636366,429417
3,65995790,429417
3,66407734,429417
3,66762743,429415
3,67120383,429415
3,67512559,429415
3,67898415,429415
3,68283114,429413
3,68658028,429413
3,69014895,429413
3,69407803,429413
3,69784263,429413
3,70138943,429413
3,70490383,429413
3,70843697,429413
3,71226681,429412
3,71617545,429412
3,71995351,429412
3,72388611,429410
3,72763193,429409
3,73118702,429411
3,73470176,429411
3,73844173,429409
3,74221275,429410
3,74593913,429410
3,74972875,429410
3,75368976,429409
3,75773155,429409
3,76149731,429409
3,76544283,429409
3,76936483,429409
3,77307747,429408
3,77680869,429408
3,78074400,429407
3,78427190,429407
3,78780192,429407
3,79146639,429407
3,79532547,429407
3,79915923,429407
3,80284024,429407
3,80638080,429407
3,80993944,429407
3,81365678,429406
3,81720469,429407
3,82119507,429407
3,82510216,429406
3,82895549,429406
3,83304465,429406
3,83659545,429406
3,84013745,429406
3,84364814,429406
3,84718331,429406
3,85097380,429406
3,85489871,429406
3,85844259,429405
3,86219031,429405
3,86592624,429405
3,86991924,429405
3,87343128,429405
3,87717850,429404
3,88096347,429404
3,88469619,429404
3,88843567,429404
3,89220065,429404
3,89592981,429404
3,89971100,429404
3,90364414,429404
3,90763562,429403
3,91117540,429403
3,91489589,429404
3,91842464,429404
3,92243478,429403
3,92615857,429404
3,92993499,429405
3,93348249,429404
3,93742732,429404
3,94098356,429404
3,94493452,429404
3,94897711,429403
3,95286080,429404
3,95677910,429404
3,96034907,429404
3,96406968,429403
3,96762995,429403
3,97118391,429404
3,97491509,429404
3,97843774,429402
3,98241635,429404
3,98594788,429404
4,713388,429403
4,1090607,429403
4,1478022,429403
4,1900759,429405
4,2281190,429405
4,2681527,429407
4,3091529,429409
4,3499065,429411
4,3897912,429413
4,4280958,429418
4,4680801,429420
4,5089254,429423
4,5446737,429427
4,5823544,429434
4,6213579,429438
4,6593954,429448
4,6987502,429455
4,7384743,429462
4,7780732,429475
4,8171418,429485
4,8536383,429495
4,8928992,429510
4,9341413,429523
4,9698855,429533
4,10090940,429551
4,10479668,429562
4,10840999,429576
4,11193390,429594
4,11595103,429611
4,12009133,429629
4,12422541,429649
4,12820798,429666
4,13193321,429685
4,13593469,429707
4,14006884,429727
4,14359594,429746
4,14716755,429768
4,15110381,429792
4,15494859,429814
4,15903695,429838
4,16277342,429863
4,16656331,429886
4,17035137,429912
4,17429863,429937
4,17801630,429965
4,18192703,429988
4,18572300,430019
4,18988404,430050
4,19381673,430076
4,19739125,430109
4,20132698,430136
4,20494023,430165
4,20881459,430193
4,21235844,430224
4,21590657,430253
4,21942503,430283
4,22338602,430320
4,22715642,430351
4,23089748,430388
4,23496521,430424
4,23885879,430460
4,24301625,430497
4,24696770,430527
4,25090258,430562
4,25495818,430596
4,25896077,430631
4,26280001,430658
4,26657967,430691
4,27047682,430718
4,27430774,430749
4,27822761,430774
4,28194976,430807
4,28611173,430831
4,28967328,430860
4,29360475,430884
4,29718300,430908
4,30091773,430931
4,30446675,430956
4,30841889,430979
4,31214261,431000
4,31592681,431023
4,31985357,431043
4,32339112,431062
4,32697361,431083
4,33088229,431102
4,33474544,431124
4,33883284,431143
4,34279516,431162
4,34716291,431181
4,35088868,431198
4,35475013,431213
4,35844660,431229
4,36234761,431243
4,36592070,431257
4,36986038,431272
4,37359214,431286
4,37715988,431295
4,38088278,431308
4,38475875,431319
4,38865010,431330
4,39233929,431339
4,39613486,431349
4,40009700,431357
4,40403165,431366
4,40781732,431374
4,41180557,431382
4,41571694,431387
4,41964349,431394
4,42316666,431399
4,42697283,431404
4,43089493,431409
4,43441086,431412
4,43840121,431414
4,44192083,431420
4,44571694,431420
4,44983876,431421
4,45338518,431423
4,45697231,431425
4,46088514,431425
4,46474381,431425
4,46880650,431426
4,47235154,431426
4,47590752,431427
4,47943151,431427
4,48316870,431427
4,48714639,431429
4,49066513,431428
4,49442452,431427
4,49843201,431429
4,50223463,431428
4,50615337,431427
4,51007737,431427
4,51383082,431427
4,51737089,431427
4,52089316,431427
4,52444877,431427
4,52829267,431427
4,53214349,431427
4,53569194,431427
4,53944579,431427
4,54319018,431427
4,54696575,431426
4,55090701,431426
4,55478960,431426
4,55840681,431425
4,56192188,431424
4,56570705,431425
4,56963682,431425
4,57317339,431424
4,57696630,431424
4,58087713,431424
4,58442490,431424
4,58839896,431423
4,59212756,431422
4,59569485,431424
4,59942856,431423
4,60337590,431422
4,60697435,431423
4,61091447,431423
4,61495908,431421
4,61884675,431421
4,62277358,431421
4,62633820,431421
4,63005983,431421
4,63358551,431421
4,63716644,431421
4,64112574,431421
4,64497166,431421
4,64881384,431420
4,65261527,431420
4,65657656,431420
4,66031952,431420
4,66423681,431420
4,66838884,431419
4,67192003,431419
4,67568055,431418
4,67961648,431418
4,68315944,431418
4,68693773,431418
4,69086776,431418
4,69441769,431416
4,69817075,431417
4,70211588,431417
4,70631407,431415
4,71055302,431416
4,71491507,431416
4,71868147,431416
4,72281371,431413
4,72691382,431414
4,73095422,431415
4,73500655,431412
4,73867129,431413
4,74261610,431413
4,74658822,431413
4,75057725,431412
4,75465797,431413
4,75855515,431412
4,76226456,431412
4,76623494,431412
4,77021130,431412
4,77413603,431411
4,77820820,431410
4,78187134,431410
4,78584808,431410
4,78968706,431410
4,79343965,431410
4,79727471,431410
4,80074322,431410
4,80451827,431410
4,80811110,431409
4,81180181,431410
4,81538982,431410
4,81883115,431409
4,82303315,431409
4,82721160,431409
4,83111719,431407
4,83612462,431407
4,84044918,431408
4,84430412,431408
4,84862725,431407
4,85244399,431407
4,85573002,431407
4,85923358,431407
4,86278966,431406
4,86637932,431406
4,86978863,431407
4,87288322,431407
4,87604907,431406
4,87913290,431406
4,88226499,431406
4,88560227,431406
4,88877937,431406
4,89226064,431406
4,89573030,431406
4,89915555,431406
4,90247217,431406
4,90560092,431406
4,90876748,431405
4,91225758,431405
4,91539405,431405
4,91848816,431405
4,92159932,431405
4,92498622,431405
4,92806678,431405
5,734859,431406
5,1151468,431406
5,1557923,431407
5,1957339,431407
5,2379405,431409
5,2789703,431409
5,3245120,431412
5,3616131,431414
5,3999854,431416
5,4430062,431421
5,4848564,431424
5,5200381,431428
5,5577658,431434
5,5947642,431440
5,6310685,431446
5,6673773,431453
5,7029329,431460
5,7378004,431469
5,7747584,431478
5,8106965,431488
5,8451003,431498
5,8767341,431507
5,9127765,431521
5,9471797,431531
5,9824300,431544
5,10150736,431556
5,10495686,431570
5,10877513,431583
5,11226944,431599
5,11573944,431612
5,11888798,431628
5,12224219,431642
5,12575535,431659
5,12894310,431674
5,13225291,431692
5,13583285,431710
5,13933355,431730
5,14292486,431750
5,14638728,431766
5,14949788,431787
5,15312507,431808
5,15705215,431833
5,16078443,431856
5,16449490,431877
5,16782795,431898
5,17114977,431922
5,17452225,431941
5,17767286,431968
5,18142384,431993
5,18488313,432014
5,18801223,432038
5,19143052,432069
5,19497154,432092
5,19825596,432114
5,20144515,432144
5,20487144,432169
5,20798441,432197
5,21158189,432223
5,21488285,432252
5,21822035,432280
5,22163211,432310
5,22491556,432342
5,22823150,432369
5,23145550,432400
5,23493749,432432
5,23848626,432458
5,24188745,432489
5,24542367,432522
5,24871006,432549
5,25209448,432577
5,25587677,432610
5,25963784,432640
5,26338130,432668
5,26689497,432697
5,27063606,432724
5,27400401,432750
5,27752885,432775
5,28110659,432800
5,28440597,432825
5,28798088,432850
5,29149793,432875
5,29496122,432898
5,29862416,432921
5,30244478,432945
5,30595717,432967
5,30980193,432991
5,31346002,433015
5,31721100,433034
5,32096663,433057
5,32478202,433075
5,32832466,433095
5,33206135,433112
5,33581103,433134
5,33988547,433153
5,34374031,433169
5,34728165,433185
5,35106094,433202
5,35520466,433219
5,35917027,433233
5,36318987,433249
5,36709578,433266
5,37104058,433278
5,37518555,433291
5,37872804,433303
5,38228389,433316
5,38644987,433327
5,39008322,433338
5,39397753,433347
5,39769646,433356
5,40126314,433364
5,40519029,433372
5,40893495,433379
5,41248234,433386
5,41601936,433391
5,41953961,433397
5,42341147,433403
5,42734144,433408
5,43156635,433412
5,43546496,433416
5,43925193,433419
5,44339361,433422
5,44733515,433423
5,45109146,433426
5,45505382,433427
5,45899363,433427
5,46304081,433427
5,46676278,433428
5,47048207,433429
5,47441347,433430
5,47857483,433431
5,48257113,433431
5,48628539,433432
5,49049632,433432
5,49448712,433432
5,49817247,433432
5,50215171,433432
5,50614696,433431
5,50996619,433431
5,51412709,433431
5,51802161,433431
5,52175846,433431
5,52567780,433431
5,52959886,433429
5,53330476,433430
5,53705303,433430
5,54114362,433430
5,54502285,433429
5,54872475,433429
5,55227034,433428
5,55579931,433428
5,55955608,433428
5,56353398,433428
5,56746674,433428
5,57102854,433428
5,57503637,433428
5,57879259,433428
5,58250347,433428
5,58645599,433427
5,59029236,433426
5,59416449,433426
5,59769242,433426
5,60125910,433425
5,60495743,433425
5,60850167,433425
5,61208244,433425
5,61599915,433424
5,61990562,433424
5,62354314,433425
5,62747857,433424
5,63103550,433424
5,63505294,433424
5,63901727,433422
5,64291447,433422
5,64643436,433422
5,65027399,433422
5,65414383,433422
5,65769259,433422
5,66125177,433422
5,66517202,433422
5,66891337,433421
5,67250693,433420
5,67622917,433420
5,67988001,433420
5,68375152,433419
5,68745937,433419
5,69104024,433419
5,69519654,433419
5,69870871,433418
5,70228924,433418
5,70643417,433418
5,71006773,433418
5,71395595,433418
5,71747552,433417
5,72123851,433417
5,72478521,433417
5,72828615,433416
5,73207416,433415
5,73602397,433415
5,73953290,433415
5,74331810,433415
5,74725975,433415
5,75084355,433415
5,75466090,433415
5,75856714,433414
5,76228154,433414
5,76622265,433414
5,77005975,433414
5,77395808,433413
5,77815028,433413
5,78207597,433413
5,78602060,433412
5,78986709,433412
5,79395143,433411
5,79747593,433411
5,80103035,433411
5,80496644,433411
5,80875273,433411
5,81270551,433411
5,81643506,433411
5,82012062,433411
5,82371874,433411
5,82724785,433411
5,83083255,433411
5,83474463,433410
5,83827844,433410
5,84209255,433409
5,84600725,433409
5,84987891,433409
5,85374374,433409
5,85745715,433409
5,86103302,433409
5,86496281,433409
5,86849614,433409
5,87228256,433409
5,87621106,433409
5,88006799,433408
5,88393604,433408
5,88746463,433408
5,89122731,433408
5,89477096,433408
5,89829757,433408
5,90211863,433408
5,90604243,433408
5,91032535,433408
5,91419154,433408
5,91794877,433408
5,92186924,433408
5,92603628,433408
5,92953937,433408
5,93371640,433408
6,735183,433408
6,1119228,433408
6,1491649,433408
6,1896005,433408
6,2281780,433410
6,2677437,433411
6,3036546,433413
6,3409291,433415
6,3784340,433417
6,4161630,433420
6,4555697,433424
6,4968318,433426
6,5320739,433429
6,5697011,433436
6,6093779,433440
6,6490465,433447
6,6897633,433457
6,7286224,433465
6,7700652,433474
6,8085694,433485
6,8471661,433498
6,8877993,433508
6,9282558,433523
6,9633969,433535
6,9991470,433550
6,10385662,433563
6,10759193,433578
6,11115611,433592
6,11467686,433608
6,11820013,433622
6,12196712,433641
6,12592480,433658
6,12983351,433678
6,13364470,433697
6,13715008,433715
6,14076130,433735
6,14473139,433757
6,14875529,433779
6,15263210,433805
6,15654499,433826
6,16011130,433848
6,16384843,433869
6,16738472,433893
6,17096035,433916
6,17466843,433939
6,17821061,433969
6,18243813,433997
6,18635740,434023
6,19011712,434053
6,19407258,434086
6,19964421,434128
6,20509279,434173
6,21039712,434216
6,21545805,434258
6,22065689,434303
6,22584787,434347
6,23085755,434394
6,23533616,434428
6,23924115,434464
6,24325961,434502
6,24849499,434546
6,25333035,434585
6,25739272,434620
6,26210618,434658
6,26658557,434693
6,27129579,434730
6,27558690,434758
6,28041092,434800
6,28491609,434828
6,28905988,434857
6,29384860,434893
6,29912927,434924
6,30423532,434959
6,30933679,434991
6,31439912,435020
6,31953343,435051
6,32365384,435073
6,32794482,435094
6,33180085,435115
6,33689954,435140
6,34123760,435161
6,34523525,435176
6,34918245,435195
6,35300542,435213
6,35700361,435230
6,36098156,435241
6,36489754,435260
6,36874035,435272
6,37259917,435284
6,37633533,435297
6,37989594,435309
6,38340308,435319
6,38715645,435329
6,39074785,435343
6,39465932,435351
6,39852408,435360
6,40242998,435369
6,40616015,435376
6,40971369,435384
6,41364048,435389
6,41738709,435397
6,42096047,435403
6,42493248,435407
6,42894632,435412
6,43281238,435417
6,43635811,435420
6,43989305,435423
6,44342157,435425
6,44693167,435427
6,45075922,435428
6,45468163,435430
6,45821535,435431
6,46217870,435432
6,46592275,435432
6,46969447,435433
6,47322529,435433
6,47714473,435433
6,48075680,435434
6,48468612,435435
6,48850686,435434
6,49239620,435434
6,49614382,435435
6,49969497,435435
6,50320855,435434
6,50693224,435434
6,51093715,435434
6,51446912,435434
6,51821258,435434
6,52218850,435434
6,52572952,435434
6,52945638,435433
6,53321746,435433
6,53694980,435433
6,54071963,435432
6,54445689,435432
6,54818602,435432
6,55196930,435432
6,55568075,435431
6,55970183,435431
6,56322266,435431
6,56694322,435431
6,57094376,435430
6,57448018,435430
6,57829936,435430
6,58217806,435430
6,58569354,435429
6,58948566,435429
6,59350914,435429
6,59737523,435429
6,60116694,435429
6,60506721,435429
6,60891575,435429
6,61277650,435427
6,61630935,435427
6,62016497,435427
6,62407323,435427
6,62780141,435426
6,63137434,435426
6,63531858,435426
6,63893373,435426
6,64279028,435426
6,64651912,435426
6,65010318,435426
6,65381402,435425
6,65735232,435425
6,66095487,435425
6,66489101,435425
6,66871972,435424
6,67238982,435424
6,67588275,435424
6,67948027,435423
6,68320183,435422
6,68714955,435422
6,69074469,435423
6,69488505,435422
6,69850499,435421
6,70237496,435422
6,70590195,435421
6,70966452,435420
6,71317693,435420
6,71692898,435420
6,72091647,435419
6,72443632,435419
6,72817559,435419
6,73220621,435419
6,73614847,435418
6,73991226,435418
6,74384080,435419
6,74760688,435418
6,75115010,435417
6,75466603,435418
6,75818598,435418
6,76197562,435417
6,76589666,435417
6,76949258,435417
6,77321656,435417
6,77718563,435416
6,78073297,435416
6,78447276,435416
6,78854973,435416
6,79238062,435415
6,79619679,435416
6,80011680,435415
6,80382870,435414
6,80734812,435415
6,81092603,435415
6,81465685,435414
6,81828281,435414
6,82216912,435414
6,82568828,435414
6,82954296,435414
6,83340872,435414
6,83714034,435414
6,84077288,435414
6,84489248,435414
6,84854146,435413
6,85261124,435413
6,85613483,435414
6,85969128,435413
6,86322658,435413
6,86693568,435413
6,87092063,435413
6,87446887,435412
6,87820738,435412
6,88221412,435412
6,88612418,435412
6,88991647,435412
6,89385917,435412
6,89758908,435412
6,90115764,435412
6,90511419,435412
6,90889864,435412
6,91279329,435412
6,91653374,435412
6,92009708,435412
6,92361561,435411
6,92713852,435411
6,93071630,435411
6,93446511,435411
6,93818760,435411
6,94194478,435411
6,94568725,435411
6,94947435,435411
6,95322226,435411
6,95694129,435411
6,96074156,435411
6,96468187,435411
6,96821198,435411
6,97241195,435411
6,97592455,435411
7,749788,435411
7,1185969,435410
7,1624310,435411
7,2034699,435413
7,2436240,435413
7,2868720,435416
7,3269039,435417
7,3655692,435418
7,4037749,435421
7,4389668,435424
7,4754752,435425
7,5126491,435428
7,5482497,435434
7,5833789,435439
7,6188156,435443
7,6558733,435451
7,6915133,435459
7,7267129,435466
7,7603141,435475
7,7950200,435484
7,8295775,435494
7,8626623,435503
7,8949276,435512
7,9262083,435523
7,9575975,435534
7,9910543,435548
7,10220727,435559
7,10543494,435572
7,10888493,435585
7,11197474,435597
7,11519772,435614
7,11845221,435627
7,12190483,435645
7,12552109,435662
7,12869710,435677
7,13196102,435695
7,13540106,435711
7,13903898,435730
7,14225410,435751
7,14587632,435768
7,14936289,435791
7,15288605,435810
7,15646164,435827
7,15973216,435847
7,16290017,435870
7,16623018,435894
7,16975471,435916
7,17347806,435937
7,17664242,435963
7,17974682,435983
7,18295788,436003
7,18640691,436030
7,18993588,436056
7,19338468,436080
7,19648586,436103
7,19990696,436133
7,20322531,436160
7,20662251,436190
7,21015089,436217
7,21350736,436245
7,21700715,436272
7,22009442,436298
7,22342974,436330
7,22659007,436356
7,22966227,436383
7,23335817,436422
7,23712354,436453
7,24049170,436479
7,24395552,436511
7,24710122,436537
7,25019023,436564
7,25308108,436588
7,25613169,436613
7,25977382,436643
7,26290814,436669
7,26602784,436692
7,26897664,436715
7,27211911,436741
7,27540803,436767
7,27885714,436789
7,28192510,436812
7,28512173,436836
7,28818742,436860
7,29154039,436883
7,29505913,436907
7,29857222,436930
7,30194700,436948
7,30543741,436971
7,30867438,436993
7,31230328,437014
7,31592106,437034
7,31926123,437052
7,32280953,437074
7,32668049,437091
7,33001446,437110
7,33326075,437125
7,33636565,437143
7,33973041,437156
7,34282879,437172
7,34590841,437188
7,34896493,437198
7,35205275,437212
7,35503581,437227
7,35812968,437239
7,36123259,437250
7,36431906,437261
7,36744625,437273
7,37055134,437286
7,37345410,437295
7,37642214,437303
7,37948690,437315
7,38241580,437324
7,38558288,437332
7,38887646,437340
7,39187541,437349
7,39503772,437358
7,39808141,437364
7,40119558,437369
7,40439319,437377
7,40729722,437385
7,41021135,437390
7,41330443,437394
7,41644658,437401
7,41954287,437406
7,42246343,437410
7,42559861,437413
7,42870752,437417
7,43186076,437421
7,43547453,437423
7,43857251,437427
7,44194594,437428
7,44574834,437434
7,44940233,437434
7,45269439,437434
7,45617185,437435
7,48668704,437438
7,49118453,437439
7,49537353,437437
7,50013730,437440
7,50404062,437439
7,51482043,437439
7,51877374,437437
7,52208805,437437
7,52504591,437437
7,52842066,437437
7,53201336,437437
7,53556141,437436
7,53882601,437436
7,54210540,437436
7,54651151,437436
7,55011587,437436
7,55327795,437436
7,55639515,437436
7,55968238,437436
7,56324238,437436
7,56684354,437436
7,57060901,437436
7,57352590,437435
7,57669858,437435
7,58014192,437435
7,58333119,437435
7,58647032,437435
7,58978245,437435
7,59383293,437434
7,59882805,437434
7,60324163,437433
7,60699330,437433
7,61054040,437433
7,61350817,437433
7,61744689,437432
7,62087539,437432
7,62409161,437431
7,62704337,437431
7,63014969,437432
7,63305105,437431
7,63608236,437430
7,63931562,437431
7,64221268,437430
7,64523028,437428
7,64825717,437428
7,65138275,437429
7,65451312,437429
7,65742916,437429
7,66053247,437428
7,66386774,437428
7,66682810,437428
7,66992538,437428
7,67312504,437427
7,67608708,437427
7,67939481,437427
7,68226140,437427
7,68537183,437427
7,68833253,437426
7,69140356,437426
7,69450502,437426
7,69748683,437426
7,70065135,437425
7,70382991,437425
7,70679614,437425
7,71002802,437425
7,71324979,437424
7,71637782,437423
7,71947810,437423
7,72261120,437423
7,72554406,437423
7,72863967,437423
7,73176943,437422
7,73492709,437422
7,73801900,437422
7,74093072,437422
7,74410959,437422
7,74720583,437422
7,75026444,437421
7,75326237,437420
7,75639919,437420
7,75951905,437420
7,76277207,437420
7,76599690,437420
7,76915838,437420
7,77266649,437420
7,77638628,437420
7,78009000,437420
7,78317574,437419
7,78634513,437419
7,78950352,437419
7,79279466,437419
7,79608632,437419
7,79941216,437419
7,80253656,437419
7,80569960,437418
7,80903131,437417
7,81235409,437417
7,81592531,437417
7,81910561,437417
7,82257549,437417
7,82591980,437417
7,82930222,437417
7,83238675,437417
7,83593627,437417
7,83910054,437417
7,84258967,437417
7,84596817,437417
7,84912697,437417
7,85240465,437415
7,85596068,437416
7,85911840,437416
7,86260946,437416
7,86579406,437416
7,86914974,437415
7,87244178,437415
7,87578216,437414
7,87914591,437414
7,88244715,437414
7,88577931,437414
7,88914813,437414
7,89247296,437414
7,89592925,437413
7,89919178,437414
7,90246406,437414
7,90602546,437413
7,90974382,437413
7,91328341,437413
7,91686960,437414
7,92061920,437412
7,92415525,437413
7,92771728,437414
8,701171,437413
8,1049813,437413
8,1398575,437413
8,1750389,437415
8,2109024,437416
8,2464924,437416
8,2853845,437417
8,3198511,437420
8,3553131,437422
8,3919215,437423
8,4257909,437426
8,4629888,437430
8,4979371,437434
8,5349350,437436
8,5694014,437442
8,6055838,437449
8,6424696,437452
8,6776492,437459
8,7113085,437469
8,7486418,437477
8,7858698,437484
8,8200950,437496
8,8548728,437506
8,8921706,437516
8,9279874,437529
8,9652189,437543
8,10004248,437554
8,10369903,437570
8,10760860,437584
8,11137540,437600
8,11492232,437613
8,11864106,437634
8,12240076,437650
8,12616585,437666
8,12988410,437686
8,13391884,437706
8,13761824,437726
8,14142069,437746
8,14494211,437764
8,14868007,437785
8,15245030,437809
8,15618084,437831
8,15989174,437853
8,16368977,437880
8,16760844,437902
8,17148549,437931
8,17539762,437954
8,17894227,437980
8,18273750,438007
8,18666495,438038
8,19071909,438063
8,19457002,438095
8,19898451,438132
8,20314929,438164
8,20706571,438194
8,21069357,438229
8,21457492,438257
8,21830839,438287
8,22207384,438320
8,22559914,438350
8,22918556,438388
8,23337667,438426
8,23728174,438460
8,24126715,438493
8,24519292,438529
8,24917583,438563
8,25317495,438592
8,25687031,438628
8,26194527,438661
8,26571566,438693
8,26975297,438726
8,27380999,438757
8,27772534,438782
8,28180963,438814
8,28543889,438838
8,28916112,438867
8,29318871,438897
8,29732516,438923
8,30148771,438950
8,30543356,438975
8,30957910,439000
8,31354193,439024
8,31770103,439048
8,32188324,439071
8,32583425,439090
8,32956803,439112
8,33358501,439133
8,33769101,439151
8,34166816,439168
8,34562641,439189
8,34957369,439202
8,35353326,439223
8,35748813,439237
8,36129634,439253
8,36519295,439264
8,36915292,439281
8,37301579,439293
8,37669398,439306
8,38071859,439320
8,38437971,439330
8,38854037,439342
8,39250252,439354
8,39643863,439362
8,40031714,439372
8,40415833,439380
8,40791917,439390
8,41187685,439394
8,41560724,439400
8,41917272,439408
8,42427706,439414
8,42946845,439422
8,43471300,439426
8,43915392,439429
8,44407670,439434
8,44831291,439434
8,45321084,439436
8,45730577,439437
8,46109749,439437
8,46521149,439437
8,46912580,439438
8,47271139,439438
8,47663222,439439
8,48048012,439439
8,48509926,439439
8,49024177,439440
8,49535227,439440
8,50067110,439440
8,50488281,439439
8,50882058,439439
8,51274646,439439
8,51664190,439439
8,52054417,439438
8,52414534,439438
8,52783077,439439
8,53170555,439439
8,53560689,439439
8,53932293,439438
8,54299951,439438
8,54665485,439438
8,55066679,439437
8,55454290,439437
8,55827487,439437
8,56182384,439437
8,56535604,439437
8,56888775,439437
8,57266139,439437
8,57617287,439437
8,57993096,439437
8,58394347,439436
8,58787641,439436
8,59162666,439436
8,59514637,439435
8,59868797,439435
8,60255924,439435
8,60649003,439435
8,61055172,439434
8,61415952,439434
8,61811100,439434
8,62185727,439433
8,62538710,439433
8,62889892,439432
8,63255441,439432
8,63652400,439432
8,64045207,439431
8,64437273,439431
8,64858223,439431
8,65242068,439431
8,65616961,439430
8,66020421,439430
8,66363168,439429
8,66736709,439429
8,67135790,439429
8,67502665,439428
8,67867867,439429
8,68227478,439428
8,68564673,439428
8,68912786,439428
8,69263614,439428
8,69617038,439427
8,69990989,439426
8,70342684,439426
8,70655405,439427
8,70968138,439426
8,71285661,439425
8,71636551,439425
8,71988988,439425
8,72345266,439425
8,72659475,439424
8,73027000,439424
8,73374281,439424
8,73721143,439424
8,74038952,439424
8,74388232,439423
8,74735585,439424
8,75070879,439423
8,75412456,439422
8,75779588,439422
8,76097488,439423
8,76433381,439423
8,76763367,439423
8,77123976,439423
8,77480295,439422
8,77829176,439422
8,78183069,439421
8,78529740,439421
8,78842976,439421
8,79161443,439421
8,79522595,439421
8,79879742,439420
8,80241046,439421
8,80646337,439421
8,81027086,439419
8,81357518,439419
8,81702626,439420
8,82068050,439417
8,82446674,439418
8,82796290,439420
8,83197381,439418
8,83565443,439418
8,83917637,439419
8,84270732,439419
8,84662185,439418
8,84992843,439417
8,85349805,439418
8,85705958,439418
8,86065605,439417
8,86390730,439416
8,86723357,439418
8,87077861,439417
8,87408628,439417
8,87727083,439417
8,88108830,439417
8,88566272,439416
8,88951008,439416
8,89371163,439416
8,89736626,439416
8,90123181,439416
8,90488308,439416
8,90842441,439416
8,91237106,439416
8,91604700,439416
8,91956881,439416
8,92309237,439416
8,92660119,439416
8,92990944,439416
8,93347231,439416
8,93687921,439416
9,700096,439416
9,1058002,439416
9,1412642,439417
9,1745196,439417
9,2096210,439418
9,2456467,439419
9,2808190,439420
9,3160424,439421
9,3515070,439423
9,3893058,439427
9,4251972,439427
9,4605176,439432
9,5022300,439436
9,5398672,439440
9,5783129,439445
9,6151805,439451
9,6506072,439456
9,6883676,439464
9,7254368,439473
9,7659028,439482
9,8040294,439491
9,8410464,439505
9,8806815,439515
9,9180608,439525
9,9533532,439540
9,9891093,439554
9,10283436,439567
9,10647471,439581
9,11036565,439599
9,11429905,439614
9,11790243,439631
9,12182979,439648
9,12576678,439667
9,12965349,439685
9,13338203,439705
9,13732064,439727
9,14147070,439746
9,14519448,439769
9,14917975,439792
9,15334669,439817
9,15729861,439842
9,16128194,439865
9,16501002,439890
9,16899386,439912
9,17271707,439941
9,17697250,439968
9,18083892,439995
9,18498863,440027
9,18897726,440053
9,19272850,440084
9,19698484,440117
9,20085064,440144
9,20463530,440176
9,20857762,440210
9,21249738,440239
9,21661311,440274
9,22042636,440309
9,22422942,440341
9,22814758,440378
9,23209271,440415
9,23605634,440449
9,24025510,440481
9,24397725,440518
9,24794159,440547
9,25165448,440581
9,25564356,440613
9,25940306,440645
9,26313826,440673
9,26714926,440706
9,27104561,440736
9,27498956,440760
9,27898259,440794
9,28290545,440824
9,28710430,440852
9,29111048,440882
9,29499948,440907
9,29900789,440934
9,30272683,440957
9,30657268,440983
9,31040682,441007
9,31435834,441027
9,31816560,441052
9,32208867,441072
9,32599858,441092
9,33003508,441113
9,33394504,441134
9,33815542,441154
9,34208289,441170
9,34585677,441191
9,35000860,441208
9,35398059,441223
9,35771972,441240
9,36166923,441258
9,36563638,441268
9,36936356,441283
9,37329516,441298
9,37707622,441309
9,38103741,441321
9,38498269,441333
9,38899038,441345
9,39290595,441355
9,39697279,441365
9,40057793,441374
9,40452855,441383
9,40832930,441391
9,41222155,441397
9,41577936,441404
9,41957695,441411
9,42360504,441415
9,42735052,441419
9,43123143,441425
9,43543012,441428
9,43931001,441431
9,44305325,441434
9,44688605,441437
9,45076173,441438
9,45429640,441439
9,45793215,441441
9,46183043,441441
9,46554470,441441
9,46911993,441441
9,47306208,441442
9,47690260,441442
9,48077925,441442
9,48449131,441442
9,48829002,441442
9,49207814,441442
9,49577953,441442
9,49976895,441442
9,50389115,441442
9,50744266,441442
9,51115499,441442
9,51511704,441442
9,51889776,441442
9,52283736,441442
9,52649048,441442
9,53072044,441442
9,53454298,441442
9,53830040,441442
9,54227051,441441
9,54650864,441441
9,55035440,441441
9,55410306,441441
9,55766441,441441
9,56159528,441441
9,56533450,441441
9,56890863,441441
9,57314784,441440
9,57715372,441440
9,58076071,441439
9,58429982,441439
9,58784398,441439
9,59139239,441439
9,59492024,441439
9,59867509,441438
9,60241973,441438
9,60617036,441437
9,60997848,441437
9,61387665,441437
9,61745372,441437
9,62118387,441437
9,62534501,441434
9,62888550,441434
9,63243031,441435
9,63617233,441434
9,64012935,441434
9,64389783,441434
9,64788103,441433
9,65182404,441433
9,65553483,441433
9,65911550,441433
9,66305932,441433
9,66688009,441432
9,67076027,441432
9,67430050,441432
9,67784244,441431
9,68158404,441431
9,68512927,441430
9,68888392,441430
9,69240873,441430
9,69657203,441430
9,70015395,441429
9,70410063,441429
9,70827955,441429
9,71220920,441429
9,71579691,441429
9,71953052,441429
9,72350527,441428
9,72765308,441428
9,73159395,441428
9,73532210,441426
9,73889628,441427
9,74303654,441427
9,74688009,441427
9,75055688,441427
9,75430679,441427
9,75788470,441426
9,76180352,441426
9,76554449,441426
9,76921603,441426
9,77284474,441425
9,77648317,441425
9,78038818,441425
9,78410526,441425
9,78807155,441425
9,79199843,441425
9,79574297,441424
9,79932156,441424
9,80326206,441424
9,80701437,441424
9,81055689,441424
9,81417650,441424
9,81788459,441424
9,82180650,441423
9,82531542,441423
9,82890450,441423
9,83283744,441423
9,83669217,441423
9,84035893,441423
9,84430342,441423
9,84786191,441423
9,85181287,441423
9,85552967,441423
9,85910975,441422
9,86285349,441422
9,86687340,441422
9,87057282,441421
9,87452466,441421
9,87832155,441421
9,88227040,441421
9,88650455,441421
9,89033710,441421
9,89408771,441421
9,89764785,441421
9,90179055,441420
9,90532839,441420
9,90888504,441420
9,91240582,441420
9,91615704,441420
9,92012799,441420
9,92385951,441420
9,92744055,441420
9,93136780,441420
9,93490903,441420
9,93872015,441420
9,94262005,441419
9,94616421,441419
9,94994516,441419
9,95388112,441418
9,95747517,441418
9,96117531,441418
9,96513763,441419
9,96889082,441419
9,97243188,441419
9,97648377,441419
9,98038106,441419
9,98409279,441418
9,98766156,441418
9,99138930,441418
9,99493074,441418
10,773998,441418
10,1151919,441418
10,1527486,441418
10,1923205,441420
10,2316398,441420
10,2715381,441421
10,3107675,441422
10,3465711,441424
10,3880804,441426
10,4274894,441430
10,4631705,441432
10,5003835,441437
10,5366180,441441
10,5756633,441445
10,6140298,441450
10,6532016,441456
10,6901770,441464
10,7294696,441471
10,7672183,441482
10,8026524,441490
10,8440813,441501
10,8794221,441513
10,9152068,441525
10,9548611,441538
10,9920547,441550
10,10277898,441566
10,10672233,441578
10,11052234,441597
10,11448286,441613
10,11856889,441629
10,12213237,441649
10,12609534,441666
10,13002525,441682
10,13390046,441704
10,13757424,441726
10,14148316,441744
10,14527934,441767
10,14920225,441786
10,15295193,441808
10,15650750,441829
10,16003171,441851
10,16367155,441879
10,16755435,441901
10,17127932,441923
10,17504847,441948
10,17856133,441974
10,18210174,441998
10,18608730,442028
10,19004206,442058
10,19410517,442087
10,19799506,442121
10,20211228,442155
10,20611129,442184
10,21005954,442217
10,21408877,442253
10,21798634,442285
10,22189135,442317
10,22573249,442354
10,22962983,442384
10,23336644,442421
10,23733199,442453
10,24106145,442484
10,24464217,442519
10,24869375,442550
10,25232267,442580
10,25591232,442613
10,25984945,442644
10,26369915,442677
10,26756135,442709
10,27151192,442736
10,27525401,442765
10,27885289,442790
10,28275124,442821
10,28651456,442848
10,29065752,442874
10,29425952,442901
10,29835537,442927
10,30232814,442950
10,30623587,442975
10,31007469,442998
10,31408299,443021
10,31776139,443046
10,32173269,443063
10,32551762,443088
10,32944373,443110
10,33368995,443128
10,33777668,443149
10,34172175,443168
10,34552440,443185
10,34946468,443204
10,35336355,443222
10,35714877,443235
10,36107647,443250
10,36486154,443266
10,36877495,443279
10,37253262,443290
10,37609404,443306
10,38004119,443315
10,38390905,443328
10,38799068,443340
10,39197471,443354
10,39609780,443363
10,40003920,443373
10,40367848,443381
10,40736126,443388
10,41107966,443394
10,41464911,443402
10,41856480,443408
10,42210364,443413
10,42591400,443418
10,42983657,443423
10,43388846,443429
10,43755202,443430
10,44105834,443432
10,44463740,443436
10,44836118,443437
10,45230032,443437
10,45609068,443440
10,46002273,443441
10,46365754,443441
10,46733221,443442
10,47084775,443443
10,47462975,443444
10,47837570,443444
10,48211631,443444
10,48586907,443444
10,48992046,443444
10,49389887,443444
10,49755969,443444
10,50107620,443444
10,50462108,443444
10,50835910,443444
10,51230849,443444
10,51586864,443444
10,51960524,443443
10,52371872,443443
10,52756265,443443
10,53127919,443443
10,53485844,443443
10,53899535,443443
10,54254375,443443
10,54609667,443442
10,55013523,443442
10,55410026,443443
10,55797692,443440
10,56211543,443441
10,56607712,443441
10,56962671,443441
10,57337616,443441
10,57777823,443441
10,58152497,443441
10,58548501,443440
10,58924939,443439
10,59319793,443440
10,59691407,443440
10,60043083,443439
10,60410717,443439
10,60794636,443439
10,61148268,443439
10,61525835,443439
10,61919290,443439
10,62272544,443438
10,62650070,443438
10,63044493,443438
10,63437904,443438
10,63817249,443436
10,64233284,443436
10,64632312,443436
10,65003462,443436
10,65368628,443436
10,65780093,443436
10,66168968,443436
10,66524831,443435
10,66899650,443435
10,67253163,443434
10,67609734,443434
10,68005521,443433
10,68387564,443433
10,68774232,443432
10,69149134,443432
10,69505207,443432
10,69879058,443432
10,70230263,443432
10,70586832,443431
10,70983040,443431
10,71365744,443432
10,71752478,443430
10,72107313,443430
10,72482622,443431
10,72844319,443431
10,73253958,443430
10,73609736,443430
10,74003790,443430
10,74368406,443429
10,74758105,443429
10,75129655,443429
10,75505180,443428
10,75900361,443428
10,76254290,443428
10,76630198,443428
10,77024584,443428
10,77411491,443428
10,77801327,443428
10,78175398,443426
10,78572243,443426
10,78981359,443426
10,79346726,443426
10,79755761,443426
10,80148718,443426
10,80505634,443426
10,80877537,443424
10,81230739,443425
10,81588035,443426
10,81960467,443424
10,82367680,443425
10,82775144,443424
10,83126800,443423
10,83504947,443423
10,83897743,443425
10,84252261,443423
10,84608030,443423
10,84958863,443423
10,85334779,443423
10,85738054,443423
10,86108407,443423
10,86463669,443423
10,86858804,443423
10,87211253,443423
10,87588049,443423
10,88002250,443423
10,88369465,443422
10,88756013,443422
10,89129224,443422
10,89505282,443421
10,89879336,443421
10,90234601,443421
10,90611860,443422
10,91005799,443422
10,91407983,443421
10,91773456,443421
10,92128815,443421
10,92504254,443421
10,92899024,443421
10,93252183,443422
10,93628269,443422
10,94003481,443422
10,94386833,443421
10,94752528,443421
10,95107361,443421
10,95462117,443421
10,95836476,443421
10,96231883,443421
10,96609336,443420
10,97013470,443420
10,97427443,443421
10,97822755,443420
10,98235072,443420
10,98631305,443420
10,99003822,443420
10,99372012,443420
10,99735185,443420
11,738029,443420
11,1123310,443420
11,1494866,443421
11,1892878,443421
11,2287050,443422
11,2680020,443425
11,3079951,443427
11,3503036,443427
11,3895318,443431
11,4298411,443434
11,4735894,443435
11,5132261,443438
11,5498406,443446
11,5892191,443448
11,6286349,443455
11,6708474,443464
11,7086457,443473
11,7476808,443478
11,7861867,443492
11,8248516,443500
11,8640953,443512
11,9021411,443525
11,9415009,443539
11,9804118,443551
11,10205116,443568
11,10598397,443581
11,10989208,443597
11,11404195,443617
11,11898441,443638
11,12321892,443656
11,12685925,443673
11,13054953,443692
11,13429864,443710
11,13845326,443731
11,14195734,443754
11,14569221,443771
11,14949772,443793
11,15295604,443814
11,15669987,443837
11,16063767,443859
11,16385589,443881
11,16698979,443899
11,17009522,443919
11,17320000,443939
11,17632781,443961
11,17947963,443983
11,18257990,444004
11,18550894,444024
11,18846099,444048
11,19154316,444070
11,19475185,444093
11,19784094,444116
11,20076976,444141
11,20403741,444165
11,20724483,444195
11,21076817,444224
11,21427384,444255
11,21806058,444287
11,22155306,444312
11,22465376,444338
11,22796983,444377
11,23175990,444404
11,23488361,444434
11,23844400,444464
11,24192060,444498
11,24546293,444525
11,24869869,444552
11,25221295,444583
11,25576908,444614
11,25961959,444641
11,26314451,444669
11,26663453,444699
11,27002063,444723
11,27320735,444750
11,27674408,444771
11,27992423,444800
11,28350813,444825
11,28705961,444850
11,29084168,444875
11,29425751,444898
11,29780833,444922
11,30162165,444945
11,30483594,444964
11,30795925,444982
11,31117179,445006
11,31482334,445025
11,31827251,445046
11,32178434,445067
11,32529681,445083
11,32932818,445105
11,33263403,445124
11,33617574,445142
11,33972011,445160
11,34351849,445176
11,34683684,445192
11,35059649,445208
11,35413511,445223
11,35769910,445236
11,36111407,445253
11,36479953,445264
11,36808541,445277
11,37164388,445290
11,37522175,445301
11,37892109,445314
11,38251920,445325
11,38604162,445336
11,38940439,445347
11,39298967,445356
11,39674472,445365
11,40049866,445374
11,40444983,445382
11,40830589,445393
11,41217690,445397
11,41568814,445404
11,41924611,445411
11,42324744,445417
11,42705142,445421
11,43101940,445427
11,43493376,445432
11,43877762,445433
11,44266989,445436
11,44706030,445439
11,45097461,445440
11,45474763,445442
11,45892532,445443
11,46288855,445444
11,46701216,445444
11,47056329,445446
11,47451132,445446
11,47837923,445446
11,48231966,445446
11,48602174,445447
11,49003997,445447
11,49376295,445447
11,49771735,445447
11,50191647,445447
11,50574016,445447
11,50981013,445447
11,51353658,445447
11,51749512,445447
11,52148945,445447
11,52548054,445446
11,52932703,445446
11,53313729,445446
11,53709325,445445
11,54103967,445446
11,54481588,445446
11,54864621,445446
11,55251873,445445
11,55649236,445445
11,56020809,445445
11,56420961,445444
11,56792036,445444
11,57190936,445444
11,57563779,445443
11,57961415,445443
11,58334568,445443
11,58750367,445443
11,59146447,445443
11,59545620,445443
11,59917123,445443
11,60310718,445442
11,60687048,445441
11,61105062,445441
11,61501764,445440
11,61883667,445440
11,62271000,445440
11,62688904,445440
11,63090060,445440
11,63458074,445439
11,63866204,445439
11,64271265,445439
11,64713544,445439
11,65087136,445439
11,65457546,445439
11,65867782,445438
11,66251251,445438
11,66647590,445437
11,67030806,445437
11,67387425,445436
11,67741554,445435
11,68099866,445435
11,68493159,445435
11,68879666,445435
11,69286209,445434
11,69640813,445434
11,70048707,445434
11,70457751,445434
11,70864169,445433
11,71224895,445432
11,71618123,445432
11,71994481,445432
11,72346561,445431
11,72699264,445431
11,73078477,445432
11,73472356,445431
11,73836508,445431
11,74232994,445431
11,74604655,445430
11,75004017,445430
11,75380005,445430
11,75789510,445429
11,76160927,445429
11,76553457,445429
11,76945338,445429
11,77305927,445429
11,77680848,445429
11,78056842,445429
11,78429542,445428
11,78803703,445428
11,79226767,445428
11,79617880,445428
11,79974259,445428
11,80346066,445428
11,80700367,445428
11,81055589,445427
11,81473152,445427
11,81835453,445427
11,82225515,445427
11,82597920,445427
11,82952102,445427
11,83305674,445426
11,83682043,445426
11,84076474,445426
11,84428410,445426
11,84804283,445426
11,85203825,445426
11,85618824,445426
11,85973456,445425
11,86326143,445425
11,86681137,445425
11,87055720,445425
11,87449062,445425
11,87838601,445425
11,88224464,445425
11,88596172,445424
11,88955062,445424
11,89347620,445424
11,89701456,445425
11,90079356,445425
11,90472932,445424
11,90837398,445424
11,91215288,445424
11,91596842,445424
11,91956018,445424
11,92324507,445424
11,92679115,445424
11,93056229,445424
11,93449973,445424
11,93803530,445424
11,94203283,445424
11,94576280,445424
11,94930777,445424
11,95305716,445424
11,95698499,445424
11,96054498,445424
11,96429012,445423
11,96841199,445423
11,97226519,445423
11,97595529,445423
11,97954321,445423
11,98349741,445423
11,98722468,445423
11,99088918,445423
11,99453922,445423
11,99858710,445423
11,100248174,445423
11,100618047,445422
11,100971492,445422
11,101324858,445422
11,101680436,445422
12,741889,445422
12,1141260,445422
12,1497864,445422
12,1892592,445423
12,2287393,445424
12,2663924,445425
12,3062410,445426
12,3445187,445429
12,3831452,445431
12,4251763,445433
12,4642234,445436
12,5035504,445438
12,5421500,445444
12,5807896,445448
12,6181449,445453
12,6540115,445460
12,6933720,445468
12,7310298,445475
12,7690316,445486
12,8099874,445497
12,8496038,445507
12,8868713,445519
12,9223854,445530
12,9622556,445544
12,9993821,445557
12,10348176,445573
12,10750983,445586
12,11139049,445604
12,11519445,445618
12,11890292,445635
12,12244367,445651
12,12611689,445670
12,13015592,445688
12,13381521,445708
12,13768353,445728
12,14140613,445746
12,14495591,445766
12,14848835,445786
12,15221818,445811
12,15621668,445835
12,16016814,445857
12,16400201,445883
12,16791229,445905
12,17161743,445928
12,17516983,445952
12,17871507,445981
12,18264798,446006
12,18642347,446038
12,19038383,446063
12,19434313,446093
12,19811789,446120
12,20182559,446154
12,20563720,446182
12,20938703,446212
12,21330887,446245
12,21724324,446280
12,22128734,446316
12,22520981,446347
12,22889676,446380
12,23264919,446411
12,23643398,446448
12,24035748,446483
12,24420646,446516
12,24808015,446550
12,25207941,446587
12,25605721,446619
12,26014853,446648
12,26379969,446681
12,26769799,446708
12,27141028,446737
12,27497670,446767
12,27911516,446797
12,28266965,446826
12,28683247,446851
12,29035869,446877
12,29400944,446904
12,29787248,446928
12,30142265,446950
12,30539637,446978
12,30931255,446999
12,31284148,447019
12,31664473,447045
12,32059807,447066
12,32460559,447088
12,32870545,447109
12,33224060,447127
12,33601332,447145
12,33996584,447164
12,34399898,447184
12,34768775,447200
12,35163334,447217
12,35538060,447234
12,35932463,447249
12,36307896,447265
12,36708839,447282
12,37132001,447294
12,37497230,447307
12,37868557,447321
12,38242642,447332
12,38622672,447341
12,38997377,447354
12,39383748,447363
12,39746914,447371
12,40142236,447380
12,40538941,447390
12,40932411,447398
12,41305338,447402
12,41662256,447411
12,42035330,447416
12,42401811,447421
12,42808063,447425
12,43160857,447430
12,43540135,447434
12,43930690,447435
12,44285244,447441
12,44642434,447441
12,45035566,447443
12,45419096,447444
12,45808967,447446
12,46183501,447446
12,46546906,447446
12,46935600,447449
12,47306222,447449
12,47660349,447449
12,48014082,447449
12,48400428,447449
12,48785260,447449
12,49139085,447449
12,49517973,447449
12,49910882,447449
12,50265202,447448
12,50641941,447448
12,51038034,447448
12,51435798,447448
12,51828933,447448
12,52206140,447448
12,52601241,447448
12,52995669,447447
12,53400549,447447
12,53766387,447447
12,54118751,447447
12,54475317,447445
12,54846212,447446
12,55242240,447446
12,55599133,447446
12,55972769,447445
12,56378708,447445
12,56766291,447445
12,57138597,447445
12,57495691,447444
12,57868804,447444
12,58222219,447444
12,58618615,447443
12,58972953,447443
12,59346934,447443
12,59743693,447443
12,60096568,447442
12,60484824,447442
12,60871209,447442
12,61242049,447442
12,61597730,447442
12,61972219,447441
12,62346719,447441
12,62725722,447440
12,63121482,447440
12,63496478,447440
12,63890378,447441
12,64244549,447441
12,64622012,447440
12,65014644,447440
12,65378523,447440
12,65746635,447439
12,66141699,447439
12,66538170,447439
12,66931100,447438
12,67285318,447436
12,67641146,447438
12,67993398,447437
12,68348123,447437
12,68768463,447437
12,69161161,447437
12,69536889,447436
12,69889539,447436
12,70244575,447436
12,70609178,447436
12,70975349,447435
12,71385812,447434
12,71745732,447434
12,72096592,447434
12,72495372,447434
12,72868631,447434
12,73222226,447434
12,73599207,447433
12,73972165,447433
12,74346589,447433
12,74751697,447433
12,75142008,447433
12,75539757,447433
12,75931218,447433
12,76284904,447432
12,76642055,447432
12,77036732,447432
12,77421670,447432
12,77808044,447432
12,78180186,447431
12,78540847,447432
12,78932539,447431
12,79307061,447431
12,79662855,447431
12,80035520,447431
12,80398769,447431
12,80786252,447430
12,81138702,447430
12,81516452,447430
12,81910974,447429
12,82263367,447429
12,82644534,447430
12,83038671,447430
12,83434044,447429
12,83812147,447429
12,84186696,447428
12,84594616,447429
12,84953098,447429
12,85304302,447429
12,85661093,447428
12,86015324,447428
12,86381414,447428
12,86767627,447428
12,87139730,447428
12,87498322,447428
12,87869460,447428
12,88222042,447427
12,88599927,447427
12,88974317,447427
12,89346516,447428
12,89746709,447427
12,90141382,447427
12,90538118,447427
12,90933125,447427
12,91285520,447427
12,91661360,447427
12,92013898,447427
12,92381071,447427
12,92766097,447426
12,93140352,447426
12,93497510,447426
12,93912040,447426
12,94273628,447426
12,94666359,447426
12,95037253,447426
12,95401755,447426
12,95788795,447426
12,96139256,447426
12,96518916,447426
12,96912739,447426
12,97286876,447425
12,97644103,447425
12,98036527,447425
12,98420068,447425
12,98810331,447425
12,99202882,447425
12,99584750,447425
12,99993710,447425
12,100349483,447425
12,100725693,447425
12,101119450,447424
12,101473670,447424
12,101847992,447424
12,102243398,447424
12,102599876,447424
13,691040,447424
13,1075564,447424
13,1469300,447424
13,1842678,447425
13,2239627,447425
13,2614897,447427
13,3019685,447428
13,3405875,447429
13,3780936,447432
13,4157464,447433
13,4552025,447438
13,4915431,447440
13,5303497,447446
13,5681897,447449
13,6077519,447455
13,6488103,447462
13,6864056,447469
13,7223170,447478
13,7638074,447489
13,8042657,447500
13,8451588,447511
13,8865598,447524
13,9220623,447536
13,9614963,447549
13,10001335,447565
13,10387568,447579
13,10779239,447593
13,11158020,447611
13,11550188,447626
13,11926948,447640
13,12283629,447662
13,12676923,447679
13,13055403,447699
13,13453330,447720
13,13865273,447738
13,14241835,447760
13,14635347,447780
13,14999131,447801
13,15390039,447826
13,15761160,447847
13,16116735,447868
13,16520160,447895
13,16887124,447918
13,17263553,447946
13,17657707,447975
13,18054801,447998
13,18433643,448029
13,18841509,448060
13,19243165,448085
13,19613255,448113
13,19967010,448146
13,20367107,448175
13,20761047,448208
13,21137395,448237
13,21511905,448273
13,21904437,448304
13,22261900,448334
13,22657300,448370
13,23073783,448407
13,23427442,448438
13,23782313,448469
13,24158940,448506
13,24575160,448542
13,24967117,448571
13,25367194,448605
13,25763819,448640
13,26157256,448672
13,26571780,448701
13,26949397,448733
13,27346508,448764
13,27741871,448791
13,28115973,448820
13,28509125,448845
13,28863512,448870
13,29242659,448899
13,29644880,448926
13,30058807,448953
13,30452396,448978
13,30864721,449000
13,31220014,449023
13,31592162,449047
13,32000036,449070
13,32387157,449088
13,32760195,449109
13,33116406,449127
13,33489218,449144
13,33840875,449161
13,34220841,449181
13,34614275,449197
13,34968867,449215
13,35365215,449231
13,35739428,449245
13,36095143,449261
13,36510198,449276
13,36865061,449288
13,37221006,449301
13,37614254,449315
13,37966274,449326
13,38365059,449335
13,38738043,449348
13,39118183,449360
13,39510552,449368
13,39862842,449377
13,40221079,449386
13,40613331,449393
13,40976346,449402
13,41368925,449408
13,41761099,449415
13,42158848,449421
13,42555548,449426
13,42946453,449431
13,43343746,449435
13,43717253,449437
13,44094283,449440
13,44467985,449443
13,44841472,449444
13,45221409,449444
13,45615501,449445
13,45967342,449446
13,46363833,449446
13,46737705,449448
13,47095204,449448
13,47469974,449448
13,47865212,449450
13,48220021,449450
13,48593828,449449
13,48998706,449450
13,49386925,449450
13,49760778,449450
13,50115876,449450
13,50487557,449450
13,50842814,449449
13,51241618,449449
13,51613628,449449
13,51967510,449449
13,52367318,449448
13,52760911,449449
13,53167647,449449
13,53556342,449448
13,53946375,449448
13,54365315,449448
13,54758725,449447
13,55135396,449447
13,55487389,449447
13,55841138,449447
13,56223279,449446
13,56612523,449446
13,56965959,449446
13,57364934,449446
13,57739890,449446
13,58096605,449446
13,58469023,449446
13,58864819,449446
13,59221052,449445
13,59592476,449445
13,59968488,449445
13,60364571,449445
13,60716361,449443
13,61092298,449443
13,61490649,449444
13,61840326,449443
13,62220202,449443
13,62615026,449443
13,62965536,449442
13,63366355,449441
13,63759365,449443
13,64136289,449442
13,64509660,449441
13,64863148,449441
13,65228145,449441
13,65615332,449440
13,65999329,449440
13,66408455,449440
13,66824944,449440
13,67222704,449439
13,67615489,449439
13,67996296,449439
13,68385578,449437
13,68758979,449437
13,69114170,449438
13,69466641,449438
13,69842371,449437
13,70238839,449437
13,70591394,449437
13,70966158,449437
13,71364655,449437
13,71718174,449436
13,72203426,449436
13,72691006,449436
13,73210973,449436
13,73710826,449436
13,74232302,449435
13,74753082,449435
13,75253859,449435
13,75750212,449434
13,76233161,449434
13,76678772,449434
13,77083065,449434
13,77468125,449434
13,77862212,449434
13,78220581,449434
13,78608726,449434
13,79008186,449433
13,79459638,449433
13,79885473,449433
13,80358633,449432
13,80802876,449432
13,81208673,449432
13,81595102,449432
13,81967632,449432
13,82370665,449432
13,82761404,449432
13,83158851,449432
13,83551600,449431
13,83904666,449431
13,84265737,449431
13,84652649,449431
13,85037241,449431
13,85406059,449430
13,85755831,449430
13,86111935,449430
13,86467046,449429
13,86838991,449429
13,87237529,449429
13,87589863,449429
13,87964902,449429
13,88361802,449429
13,88713939,449429
13,89092894,449429
13,89490440,449429
13,89841150,449428
13,90218590,449429
13,90627562,449428
13,91001309,449428
13,91385086,449428
13,91756851,449428
13,92113567,449428
13,92468083,449428
13,92852171,449428
13,93255113,449428
13,93635691,449428
13,94018586,449428
13,94407061,449428
13,94798104,449428
13,95175366,449427
13,95527744,449426
13,95883248,449427
13,96260167,449427
13,96611951,449427
13,96966011,449427
13,97362036,449427
13,97735502,449427
13,98092894,449427
13,98464297,449427
13,98860803,449427
13,99215958,449427
13,99588755,449427
13,100000426,449427
13,100388581,449427
14,737230,449427
14,1120851,449427
14,1505827,449427
14,1891573,449428
14,2266778,449428
14,2639696,449429
14,3017029,449431
14,3384315,449432
14,3742509,449435
14,4099164,449437
14,4513280,449439
14,4888982,449444
14,5262092,449446
14,5634653,449453
14,5992032,449456
14,6345432,449463
14,6717030,449469
14,7095727,449477
14,7495680,449486
14,7888876,449498
14,8302261,449506
14,8695599,449519
14,9073840,449531
14,9426069,449543
14,9837742,449558
14,10201503,449574
14,10594563,449588
14,10949110,449602
14,11323842,449616
14,11676935,449631
14,12050748,449650
14,12446522,449667
14,12798935,449686
14,13220632,449705
14,13594181,449726
14,13970925,449745
14,14343601,449763
14,14705683,449787
14,15097436,449807
14,15490529,449831
14,15885923,449853
14,16241375,449875
14,16595711,449896
14,16950892,449921
14,17302165,449944
14,17674791,449973
14,18051733,449999
14,18424235,450023
14,18799684,450053
14,19195892,450080
14,19548263,450108
14,19927315,450137
14,20325361,450167
14,20719333,450201
14,21100080,450232
14,21492803,450263
14,21855875,450295
14,22221271,450326
14,22596467,450361
14,22997477,450399
14,23384213,450431
14,23738457,450462
14,24125265,450496
14,24555347,450536
14,24955547,450570
14,25344585,450599
14,25712243,450632
14,26101493,450662
14,26490461,450692
14,26858822,450724
14,27221972,450751
14,27592494,450777
14,27951095,450803
14,28361451,450835
14,28717546,450858
14,29095942,450884
14,29448532,450910
14,29801924,450936
14,30219183,450959
14,30592300,450985
14,30969234,451008
14,31344759,451030
14,31724800,451053
14,32141944,451076
14,32536595,451098
14,32932823,451120
14,33348406,451140
14,33742368,451158
14,34098310,451176
14,34491528,451195
14,34876483,451213
14,35283352,451229
14,35644660,451243
14,36041565,451261
14,36451474,451276
14,36842642,451288
14,37224269,451302
14,37616654,451316
14,37996111,451326
14,38388808,451337
14,38760958,451351
14,39134676,451358
14,39491927,451368
14,39856812,451378
14,40245236,451387
14,40615542,451393
14,40973206,451403
14,41365568,451408
14,41741615,451416
14,42097567,451421
14,42490423,451427
14,42880162,451432
14,43264060,451435
14,43658832,451439
14,44056118,451445
14,44451062,451446
14,44856360,451447
14,45224055,451449
14,45616552,451450
14,45974110,451450
14,46346288,451452
14,46739338,451452
14,47097235,451452
14,47492505,451453
14,47889824,451453
14,48282592,451453
14,48654190,451453
14,49016144,451453
14,49421998,451454
14,49782047,451454
14,50180916,451454
14,50595295,451454
14,50949979,451454
14,51343788,451454
14,51717295,451454
14,52075370,451454
14,52493738,451453
14,52901052,451453
14,53261473,451453
14,53614556,451453
14,53975323,451452
14,54368250,451452
14,54740501,451452
14,55098974,451452
14,55492814,451451
14,55888587,451450
14,56283398,451451
14,56642791,451451
14,57039371,451451
14,57450260,451450
14,57854366,451451
14,58221987,451451
14,58575189,451450
14,58973020,451450
14,59345168,451450
14,59700601,451448
14,60056197,451448
14,60428883,451448
14,60833940,451448
14,61243376,451448
14,61636185,451448
14,62013117,451447
14,62406330,451446
14,62765558,451446
14,63142210,451446
14,63547293,451446
14,63911029,451445
14,64302945,451445
14,64675954,451445
14,65080278,451445
14,65472142,451445
14,65858330,451445
14,66244818,451444
14,66618452,451444
14,67015436,451443
14,67390060,451441
14,67780637,451442
14,68200711,451442
14,68619734,451441
14,69016462,451441
14,69391407,451443
14,69787866,451439
14,70159873,451439
14,70551906,451441
14,70930299,451440
14,71326357,451439
14,71718508,451439
14,72099182,451439
14,72489834,451439
14,72872736,451438
14,73262619,451438
14,73614775,451438
14,74001396,451438
14,74388817,451438
14,74760099,451438
14,75116149,451437
14,75469359,451437
14,75836038,451437
14,76200503,451437
14,76552796,451437
14,76928666,451436
14,77303149,451436
14,77677210,451436
14,78056374,451436
14,78428066,451436
14,78802101,451435
14,79199001,451435
14,79552521,451436
14,79929648,451436
14,80322558,451434
14,80698579,451435
14,81053311,451435
14,81426750,451435
14,81840620,451434
14,82223597,451434
14,82595836,451434
14,82950747,451434
14,83303374,451434
14,83677805,451434
14,84074456,451433
14,84426970,451432
14,84801789,451432
14,85198304,451432
14,85552616,451432
14,85929452,451432
14,86323338,451432
14,86701058,451432
14,87098917,451432
14,87501456,451432
14,87892350,451432
14,88265292,451432
14,88638973,451432
14,89038318,451431
14,89573018,451431
14,90095780,451432
14,90615464,451432
14,91138294,451431
14,91632389,451431
14,92152606,451431
14,92673735,451430
14,93193398,451430
14,93619082,451430
14,94007812,451431
14,94417579,451431
14,94782381,451431
14,95275351,451431
14,95796188,451431
14,96317643,451430
14,96830113,451430
14,97313770,451430
14,97724400,451430
14,98196469,451430
14,98639820,451430
14,99115094,451430
14,99633589,451429
14,100151753,451429
14,100669088,451429
14,101173514,451429
14,101618227,451429
15,742924,451429
15,1122062,451429
15,1496705,451429
15,1889221,451430
15,2260421,451431
15,2619358,451432
15,3011394,451433
15,3376315,451435
15,3742249,451438
15,4094992,451438
15,4472518,451445
15,4843676,451447
15,5239173,451450
15,5622330,451454
15,5990181,451460
15,6344016,451465
15,6750718,451472
15,7141029,451481
15,7540997,451492
15,7931707,451500
15,8285243,451510
15,8663125,451525
15,9055697,451535
15,9432652,451549
15,9810659,451561
15,10184653,451576
15,10557397,451590
15,10936870,451605
15,11309653,451622
15,11686819,451638
15,12080719,451657
15,12474707,451674
15,12845498,451692
15,13234689,451711
15,13622418,451732
15,14013388,451752
15,14395825,451774
15,14783293,451794
15,15157492,451814
15,15513062,451837
15,15864738,451857
15,16241216,451880
15,16596383,451907
15,16990952,451929
15,17343022,451953
15,17745794,451980
15,18139212,452006
15,18493732,452030
15,18846617,452061
15,19243157,452088
15,19618386,452114
15,19968651,452144
15,20343650,452176
15,20744927,452209
15,21138835,452240
15,21493074,452271
15,21867230,452300
15,22233140,452336
15,22623178,452367
15,22990050,452399
15,23343851,452437
15,23742764,452468
15,24092414,452500
15,24473325,452535
15,24865824,452566
15,25241425,452595
15,25618999,452625
15,25969444,452660
15,26342107,452689
15,26741762,452716
15,27092324,452748
15,27471005,452776
15,27842528,452801
15,28218193,452832
15,28601561,452858
15,28972632,452883
15,29347438,452911
15,29748091,452934
15,30137871,452960
15,30498251,452983
15,30872988,453004
15,31268872,453029
15,31664110,453054
15,32066448,453076
15,32479606,453098
15,32867600,453117
15,33247054,453135
15,33589696,453156
15,33982415,453172
15,34340445,453189
15,34713311,453208
15,35106852,453223
15,35458333,453239
15,35815194,453254
15,36190933,453267
15,36523460,453280
15,36845361,453294
15,37209410,453305
15,37561516,453318
15,37932460,453331
15,38283214,453339
15,38634646,453350
15,38942867,453359
15,39254055,453368
15,39597821,453376
15,39948305,453385
15,40303954,453392
15,40632693,453399
15,40965815,453408
15,41326759,453413
15,41663472,453420
15,42002888,453423
15,42314580,453430
15,42636498,453433
15,42990635,453438
15,43345033,453441
15,43698045,453445
15,44028985,453447
15,44357746,453447
15,44731845,453450
15,45069763,453451
15,45393392,453453
15,45743723,453454
15,46126177,453454
15,46476237,453455
15,46826156,453455
15,47170400,453455
15,47482310,453455
15,47834949,453455
15,48152928,453456
15,48508607,453456
15,48815633,453456
15,49128436,453456
15,49443738,453457
15,49778867,453457
15,50131432,453457
15,50446680,453456
15,50801568,453457
15,51135575,453457
15,51489810,453456
15,51847868,453456
15,52200080,453456
15,52555300,453456
15,52908945,453456
15,53264067,453456
15,53643480,453456
15,53991217,453456
15,54344815,453456
15,54705603,453454
15,55059802,453454
15,55395742,453455
15,55726731,453455
15,56100256,453454
15,56456778,453454
15,56820110,453454
15,57167858,453454
15,57545458,453454
15,57899046,453454
15,58251285,453453
15,58628046,453453
15,58981869,453451
15,59350894,453452
15,59744901,453452
15,60094577,453451
15,60472769,453451
15,60864127,453450
15,61239119,453450
15,61597501,453449
15,61967891,453449
15,62344832,453449
15,62739310,453449
15,63115594,453449
15,63470530,453449
15,63843545,453449
15,64218400,453448
15,64614590,453448
15,64967201,453447
15,65342935,453446
15,65738903,453446
15,66091631,453445
15,66471145,453445
15,66864077,453445
15,67216743,453443
15,67611427,453443
15,67996301,453443
15,68403108,453443
15,68760629,453442
15,69113970,453442
15,69472183,453442
15,69849327,453442
15,70244011,453441
15,70635461,453441
15,71009140,453441
15,71370405,453441
15,71769344,453441
15,72161645,453441
15,72558830,453441
15,72952974,453441
15,73377519,453440
15,73771912,453440
15,74162211,453440
15,74564301,453438
15,74962134,453439
15,75329815,453439
15,75723020,453439
15,76137337,453438
15,76491700,453438
15,76846285,453438
15,77222725,453438
15,77615388,453437
15,77970660,453437
15,78345042,453437
15,78742429,453437
15,79096402,453437
15,79471105,453436
15,79874336,453436
15,80268173,453436
15,80642323,453436
15,81062299,453436
15,81460329,453435
15,81828050,453435
15,82224491,453435
15,82617436,453435
15,82988659,453435
15,83351087,453435
15,83732651,453435
15,84125498,453435
15,84542155,453434
15,84928462,453434
15,85283862,453434
15,85658470,453434
15,86008884,453434
15,86374081,453434
15,86748962,453434
15,87139293,453434
15,87494697,453434
15,87865837,453434
15,88220796,453434
15,88595469,453433
15,88969729,453432
15,89344269,453433
15,89740901,453433
15,90113879,453433
15,90470708,453433
15,90843375,453433
15,91238048,453433
15,91597691,453433
15,91998984,453433
15,92374616,453433
15,92761766,453433
15,93134331,453432
15,93491176,453433
15,93842523,453433
15,94217903,453432
15,94622907,453433
15,95011199,453433
15,95394780,453433
15,95786134,453432
15,96159284,453433
15,96514450,453433
15,96866845,453432
15,97217586,453432
15,97597458,453432
15,97992309,453432
15,98342438,453432
15,98739436,453432
15,99117579,453432
15,99471094,453432
15,99847258,453431
15,100241473,453431
15,100598373,453432
15,100970736,453431
15,101376965,453431
15,101763281,453431
15,102137212,453431
16,722249,453431
16,1081619,453432
16,1434382,453432
16,1830293,453432
16,2183136,453432
16,2561939,453435
16,2975191,453436
16,3331140,453437
16,3685163,453440
16,4061792,453442
16,4436291,453446
16,4832850,453448
16,5227750,453454
16,5636830,453456
16,5997746,453464
16,6351438,453469
16,6710258,453477
16,7124744,453485
16,7521589,453496
16,7890762,453504
16,8245442,453512
16,8604714,453527
16,8997557,453538
16,9349653,453549
16,9731347,453564
16,10121984,453577
16,10485663,453592
16,10875893,453607
16,11268887,453624
16,11625292,453641
16,12018922,453656
16,12391833,453674
16,12760556,453693
16,13171232,453712
16,13562666,453733
16,13935251,453753
16,14331182,453772
16,14707306,453795
16,15095499,453818
16,15468018,453838
16,15833916,453861
16,16225563,453887
16,16582466,453909
16,16956664,453933
16,17308003,453955
16,17686196,453985
16,18080449,454009
16,18433334,454038
16,18829763,454064
16,19205312,454091
16,19560326,454123
16,19976737,454151
16,20333221,454184
16,20756056,454216
16,21153671,454248
16,21553663,454282
16,21927966,454317
16,22322601,454348
16,22671061,454383
16,23027846,454414
16,23381862,454446
16,23728528,454479
16,24081799,454510
16,24437000,454540
16,24815947,454571
16,25168321,454601
16,25528573,454631
16,25895746,454659
16,26228899,454683
16,26585070,454713
16,26920147,454737
16,27279845,454766
16,27635365,454792
16,27989960,454819
16,28365210,454845
16,28745597,454875
16,29137573,454899
16,29514857,454927
16,29889880,454951
16,30261962,454973
16,30639386,455000
16,31012635,455023
16,31363588,455043
16,31752074,455067
16,32163703,455087
16,32524450,455111
16,32918269,455130
16,33328851,455150
16,33687350,455166
16,34078823,455185
16,34466911,455203
16,34878030,455220
16,35267867,455236
16,35646278,455253
16,36039079,455270
16,36476855,455284
16,36874548,455300
16,37269048,455311
16,37644461,455325
16,37997283,455334
16,38352968,455349
16,38749745,455357
16,39144322,455370
16,39522446,455379
16,39895588,455388
16,40287028,455398
16,40650683,455404
16,41022254,455414
16,41417061,455417
16,41792198,455426
16,42185411,455431
16,42582236,455436
16,42956956,455440
16,43310096,455446
16,43685503,455446
16,44080578,455449
16,44433557,455454
16,44810996,455454
16,45205802,455454
16,45581713,455457
16,45932129,455457
16,46329886,455457
16,46689966,455458
16,47061046,455458
16,47467890,455458
16,47831632,455458
16,48227843,455459
16,48583268,455459
16,48953429,455459
16,49309952,455459
16,49686954,455459
16,50081187,455459
16,50435488,455459
16,50834203,455459
16,51205746,455459
16,51561559,455459
16,51955547,455459
16,52328234,455458
16,52684642,455458
16,53057976,455458
16,53464491,455458
16,53864800,455457
16,54227846,455457
16,54625299,455457
16,54997676,455457
16,55351096,455457
16,55707475,455457
16,56100001,455456
16,56484514,455455
16,56873163,455455
16,57248371,455455
16,57604263,455455
16,57998809,455455
16,58370840,455455
16,58729963,455454
16,59145275,455454
16,59507563,455454
16,59893979,455453
16,60255208,455453
16,60646938,455453
16,61045864,455453
16,61434528,455451
16,61834703,455451
16,62205698,455451
16,62561983,455451
16,62935797,455450
16,63330568,455451
16,63687317,455450
16,64060964,455449
16,64464325,455451
16,64852983,455450
16,65227334,455449
16,65582866,455448
16,65956186,455448
16,66310216,455448
16,66685382,455447
16,67059740,455447
16,67434488,455448
16,67832666,455447
16,68206449,455446
16,68561370,455446
16,68957153,455446
16,69331410,455446
16,69687786,455446
16,70081197,455446
16,70468376,455446
16,70852435,455445
16,71226101,455445
16,71581618,455444
16,71935055,455444
16,72310075,455444
16,72708912,455444
16,73123149,455443
16,73488072,455443
16,73876722,455443
16,74245895,455443
16,74606262,455442
16,74998223,455442
16,75349586,455442
16,75730454,455441
16,76122316,455441
16,76507273,455441
16,76895444,455441
16,77288784,455441
16,77681497,455440
16,78039932,455440
16,78396274,455440
16,78795979,455439
16,79204726,455440
16,79561136,455440
16,79934038,455439
16,80328702,455439
16,80686969,455439
16,81059224,455439
16,81463679,455438
16,81853347,455438
16,82223932,455438
16,82581392,455438
16,82954636,455437
16,83307292,455437
16,83705650,455437
16,84079555,455437
16,84442117,455437
16,84876597,455437
16,85249651,455437
16,85646046,455437
16,86023034,455437
16,86416961,455436
16,86790382,455436
16,87186722,455436
16,87561159,455436
16,87954546,455436
16,88308251,455436
16,88685388,455435
16,89078548,455435
16,89433009,455435
16,89831874,455436
16,90205903,455436
16,90561105,455435
16,90932476,455435
16,91308267,455435
16,91686230,455434
16,92060697,455434
16,92434025,455434
16,92831853,455434
16,93226114,455434
16,93582786,455434
16,93956407,455434
16,94306911,455434
16,94688196,455434
16,95080993,455434
16,95432654,455434
16,95832637,455434
16,96206295,455434
16,96560968,455434
16,96955512,455433
17,699941,455433
17,1100180,455434
17,1472461,455434
17,1848902,455434
17,2201565,455436
17,2576015,455436
17,2976459,455437
17,3368073,455438
17,3755820,455441
17,4146280,455444
17,4516744,455447
17,4914233,455449
17,5320079,455455
17,5704528,455459
17,6099725,455466
17,6495411,455472
17,6872057,455480
17,7289718,455487
17,7685930,455498
17,8055921,455508
17,8415108,455521
17,8815063,455532
17,9224263,455547
17,9617577,455559
17,9975341,455573
17,10350435,455587
17,10762100,455602
17,11121151,455620
17,11537724,455636
17,11932540,455655
17,12324938,455673
17,12702314,455691
17,13118675,455709
17,13494994,455729
17,13870619,455749
17,14241821,455767
17,14598325,455791
17,14953905,455810
17,15325670,455832
17,15731968,455858
17,16122280,455882
17,16516924,455905
17,16914400,455934
17,17306699,455956
17,17663569,455980
17,18041814,456008
17,18434985,456040
17,18848961,456068
17,19246231,456097
17,19619426,456125
17,19975412,456156
17,20370549,456185
17,20773980,456218
17,21161711,456247
17,21513262,456276
17,21870477,456312
17,22264124,456345
17,22616363,456376
17,22994996,456415
17,23388188,456445
17,23752070,456477
17,24141806,456512
17,24556328,456550
17,24952432,456584
17,25347604,456615
17,25733471,456649
17,26121222,456677
17,26494332,456705
17,26849710,456735
17,27246056,456768
17,27639753,456793
17,28016719,456825
17,28430783,456850
17,28808803,456879
17,29203677,456908
17,29618699,456932
17,29985310,456959
17,30374216,456986
17,30788879,457011
17,31200732,457035
17,31597270,457057
17,31954466,457078
17,32328880,457100
17,32730879,457121
17,33141276,457142
17,33557083,457159
17,33915640,457178
17,34311175,457198
17,34702861,457214
17,35111168,457231
17,35473440,457246
17,35849731,457264
17,36241709,457276
17,36620435,457294
17,37018161,457305
17,37411373,457319
17,37800328,457332
17,38166139,457343
17,38558889,457356
17,38976857,457367
17,39389590,457376
17,39755724,457387
17,40144929,457395
17,40515293,457400
17,40871219,457411
17,41265990,457416
17,41639303,457422
17,41996891,457427
17,42389536,457434
17,42754727,457437
17,43121267,457443
17,43512606,457447
17,43871652,457450
17,44241655,457452
17,44616372,457453
17,44973765,457456
17,45324517,457456
17,45731083,457457
17,46118476,457459
17,46497630,457460
17,46869114,457460
17,47241558,457460
17,47616581,457460
17,47974880,457460
17,48346977,457460
17,48699443,457461
17,49123072,457462
17,49515274,457462
17,49869232,457462
17,50244351,457462
17,50594777,457461
17,50953657,457461
17,51348627,457461
17,51731587,457461
17,52120415,457459
17,52474020,457459
17,52849551,457459
17,53243925,457460
17,53617604,457458
17,53975061,457460
17,54380149,457459
17,54759580,457459
17,55121194,457459
17,55515521,457459
17,55869483,457458
17,56221790,457457
17,56595942,457457
17,56953988,457457
17,57346342,457457
17,57700821,457457
17,58079226,457456
17,58473087,457456
17,58839029,457456
17,59201040,457456
17,59575243,457455
17,59954534,457455
17,60327434,457455
17,60700525,457454
17,61099896,457453
17,61492772,457454
17,61849043,457454
17,62220571,457453
17,62574124,457453
17,62954490,457453
17,63347732,457453
17,63700489,457453
17,64118209,457453
17,64470640,457453
17,64830551,457453
17,65221196,457452
17,65595216,457451
17,65954639,457451
17,66346089,457451
17,66739492,457450
17,67120051,457450
17,67511993,457450
17,67889926,457450
17,68264541,457450
17,68617121,457450
17,68972916,457449
17,69326358,457449
17,69698665,457449
17,70098427,457448
17,70450079,457448
17,70826829,457448
17,71230323,457448
17,71619775,457447
17,71994521,457447
17,72367496,457447
17,72733254,457446
17,73119461,457445
17,73492554,457445
17,73848074,457445
17,74202977,457444
17,74598331,457444
17,74956318,457444
17,75328235,457444
17,75731968,457444
17,76123941,457444
17,76512438,457443
17,76867788,457443
17,77221126,457443
17,77574972,457443
17,77962390,457443
17,78349641,457443
17,78752299,457443
17,79116642,457443
17,79469977,457442
17,79827646,457442
17,80221879,457442
17,80596373,457441
17,80952115,457441
17,81325931,457441
17,81734633,457441
17,82095771,457440
17,82448384,457440
17,82857694,457440
17,83265503,457440
17,83617436,457440
17,83974769,457440
17,84345638,457440
17,84699283,457439
17,85098143,457439
17,85448322,457439
17,85825921,457439
17,86219388,457439
17,86573570,457439
17,86953374,457439
17,87345514,457438
17,87698161,457438
17,88076173,457438
17,88449345,457438
17,88824226,457437
17,89201192,457437
17,89573298,457437
17,89970372,457437
17,90323389,457437
17,90697308,457437
17,91096226,457437
17,91448460,457437
17,91827092,457437
17,92220995,457437
17,92572846,457435
17,92950608,457435
17,93348630,457435
17,93733608,457435
17,94121195,457435
17,94513838,457435
17,94868757,457434
17,95242118,457434
17,95594531,457435
17,95953191,457435
17,96326303,457435
17,96730616,457435
17,97119577,457435
17,97492972,457433
17,97848044,457433
18,721050,457435
18,1117315,457435
18,1499059,457434
18,1850464,457436
18,2207849,457437
18,2581104,457437
18,2956051,457439
18,3331985,457443
18,3705303,457443
18,4090589,457444
18,4504899,457448
18,4897400,457451
18,5294990,457453
18,5692398,457459
18,6084194,457465
18,6458185,457468
18,6834020,457479
18,7230832,457487
18,7625334,457496
18,8010355,457508
18,8400683,457521
18,8789735,457529
18,9153744,457543
18,9522660,457557
18,9916314,457569
18,10294341,457584
18,10690394,457600
18,11112880,457616
18,11500264,457634
18,11872896,457651
18,12250518,457669
18,12644816,457687
18,12997680,457704
18,13375551,457723
18,13726942,457741
18,14112402,457763
18,14499291,457782
18,14851963,457802
18,15209990,457828
18,15603391,457848
18,15955655,457870
18,16333865,457897
18,16731064,457920
18,17115847,457945
18,17502297,457971
18,17895718,458000
18,18272217,458025
18,18644643,458050
18,19001632,458082
18,19400809,458107
18,19792915,458141
18,20169872,458169
18,20546374,458202
18,20935950,458230
18,21314564,458265
18,21708410,458295
18,22081755,458330
18,22460163,458360
18,22834425,458392
18,23230463,458428
18,23604291,458460
18,23958941,458491
18,24333276,458525
18,24727582,458557
18,25114183,458592
18,25502742,458624
18,25916942,458656
18,26295402,458689
18,26692922,458723
18,27117488,458755
18,27501071,458787
18,27917711,458813
18,28293001,458845
18,28686078,458869
18,29052882,458895
18,29425998,458921
18,29812880,458948
18,30210611,458973
18,30601556,458995
18,30956458,459019
18,31336195,459043
18,31729305,459062
18,32122971,459083
18,32502989,459104
18,32896186,459126
18,33272133,459144
18,33647631,459166
18,34041333,459182
18,34417585,459200
18,34791111,459219
18,35179576,459234
18,35566197,459251
18,35957970,459265
18,36356013,459283
18,36748872,459295
18,37134022,459309
18,37521119,459322
18,37893903,459333
18,38253123,459346
18,38651872,459356
18,39022372,459367
18,39418569,459377
18,39792052,459387
18,40193821,459395
18,40604097,459403
18,40958112,459411
18,41334358,459417
18,41730235,459425
18,42135263,459430
18,42501498,459435
18,42916107,459439
18,43272033,459445
18,43686907,459448
18,44043724,459452
18,44435677,459454
18,44809267,459455
18,45169688,459456
18,45605864,459459
18,45997943,459461
18,46376172,459461
18,46747499,459461
18,47111982,459461
18,47498153,459461
18,47871729,459461
18,48230606,459462
18,48626739,459462
18,49000351,459462
18,49355918,459462
18,49728678,459462
18,50081981,459462
18,50480754,459462
18,50851164,459462
18,51210192,459462
18,51600941,459462
18,51957544,459462
18,52334242,459461
18,52727324,459461
18,53112245,459461
18,53512372,459461
18,53898055,459461
18,54295852,459461
18,54691895,459461
18,55082946,459460
18,55481101,459460
18,55874527,459459
18,56239365,459459
18,56629833,459461
18,57000356,459460
18,57354493,459459
18,57749793,459458
18,58112431,459459
18,58502469,459458
18,58895747,459458
18,59252081,459458
18,59645549,459458
18,59999007,459458
18,60352952,459457
18,60726820,459457
18,61079583,459457
18,61499512,459457
18,61852823,459457
18,62210507,459457
18,62604027,459456
18,62980633,459456
18,63397080,459456
18,63792641,459456
18,64188398,459456
18,64581202,459456
18,64977631,459456
18,65334067,459455
18,65727002,459455
18,66112581,459454
18,66499573,459453
18,66875811,459453
18,67271785,459453
18,67624881,459453
18,68000036,459453
18,68353261,459452
18,68707094,459452
18,69081769,459452
18,69479748,459452
18,69874490,459451
18,70252519,459451
18,70645425,459451
18,71020401,459451
18,71397452,459449
18,71788141,459449
18,72155471,459449
18,72541238,459449
18,72914187,459448
18,73273776,459448
18,73687483,459448
18,74043633,459447
18,74439070,459448
18,74853777,459448
18,75208974,459445
18,75604031,459445
18,75978086,459446
18,76333691,459446
18,76705731,459445
18,77112537,459446
18,77509950,459445
18,77894781,459444
18,78250183,459444
18,78602615,459445
18,78955192,459445
18,79331764,459444
18,79729528,459444
18,80136343,459444
18,80510506,459443
18,80895908,459442
18,81252647,459443
18,81627012,459443
18,82018583,459442
18,82376525,459442
18,82750828,459442
18,83153943,459441
18,83520874,459441
18,83873581,459442
18,84229570,459439
18,84624387,459441
18,84997727,459441
18,85355564,459441
18,85751330,459440
18,86134996,459440
18,86521619,459440
18,86894575,459440
18,87249756,459440
18,87602583,459440
18,87955927,459440
18,88332169,459439
18,88728015,459439
18,89080790,459439
18,89458123,459439
18,89850911,459439
18,90208556,459439
18,90601906,459439
18,90997866,459438
18,91353270,459438
18,91706148,459438
18,92114130,459438
18,92504512,459438
18,92895253,459438
18,93251661,459438
18,93645134,459438
18,93998583,459438
18,94355502,459438
18,94726970,459438
18,95080141,459438
18,95500286,459437
18,95853113,459437
18,96208566,459437
19,724456,459437
19,1136216,459437
19,1527035,459437
19,1917311,459437
19,2313825,459438
19,2668608,459442
19,3060625,459443
19,3438145,459444
19,3810684,459445
19,4189535,459448
19,4567823,459452
19,4961231,459455
19,5374409,459459
19,5750121,459465
19,6158222,459472
19,6546966,459476
19,6918471,459488
19,7325329,459492
19,7694555,459505
19,8068122,459512
19,8443585,459525
19,8816477,459537
19,9207778,459548
19,9568162,459561
19,9942888,459576
19,10318884,459590
19,10705813,459604
19,11061131,459618
19,11417975,459636
19,11812037,459653
19,12175558,459667
19,12561723,459688
19,12937086,459707
19,13314164,459725
19,13706293,459744
19,14086936,459768
19,14477937,459785
19,14852072,459809
19,15251254,459831
19,15643883,459855
19,16017330,459876
19,16376247,459902
19,16747680,459923
19,17102535,459953
19,17524159,459980
19,17917471,460006
19,18273929,460031
19,18665273,460061
19,19017779,460087
19,19398640,460113
19,19768206,460142
19,20132564,460174
19,20523519,460207
19,20918414,460237
19,21314727,460271
19,21712832,460305
19,22133501,460341
19,22520820,460372
19,22874555,460404
19,23251573,460442
19,23645252,460474
19,24018282,460506
19,24377469,460541
19,24769731,460573
19,25153157,460605
19,25545198,460640
19,25937387,460669
19,26313652,460697
19,26667375,460727
19,27062287,460757
19,27437362,460784
19,27812031,460811
19,28174910,460841
19,28562264,460866
19,28936255,460891
19,29293941,460918
19,29689120,460942
19,30093504,460972
19,30502410,460994
19,30875803,461017
19,31239602,461042
19,31625324,461062
19,32019899,461085
19,32396624,461104
19,32771165,461123
19,33135769,461144
19,33521777,461163
19,33876204,461179
19,34250109,461198
19,34624463,461211
19,34977683,461233
19,35373711,461247
19,35726630,461263
19,36102240,461277
19,36501891,461292
19,36896770,461306
19,37272654,461320
19,37686628,461331
19,38041823,461344
19,38395561,461354
19,38746992,461364
19,39133286,461375
19,39520087,461385
19,39874544,461392
19,40251927,461402
19,40644777,461410
19,41019664,461416
19,41375291,461422
19,41726909,461429
19,42101367,461435
19,42505307,461441
19,42897354,461447
19,43273138,461451
19,43666976,461453
19,44019350,461456
19,44397211,461459
19,44791074,461461
19,45155618,461462
19,45520219,461465
19,45871348,461465
19,46228232,461465
19,46602211,461465
19,46996918,461466
19,47352959,461466
19,47727291,461466
19,48130486,461466
19,48518649,461466
19,48893145,461466
19,49249252,461466
19,49623777,461466
19,49975604,461466
19,50377753,461466
19,50770484,461466
19,51155109,461466
19,51542618,461466
19,51917623,461465
19,52271593,461465
19,52666254,461466
19,53039669,461466
19,53416093,461466
19,53771368,461465
19,54145459,461465
19,54523525,461465
19,54926415,461465
19,55314415,461464
19,55706947,461464
19,56065355,461465
19,56456649,461464
19,56814698,461463
19,57196967,461463
19,57582487,461463
19,57955124,461462
19,58311920,461462
19,58710844,461462
19,59101767,461462
19,59480433,461461
19,59853758,461461
19,60252020,461461
19,60624964,461461
19,61020950,461460
19,61396643,461460
19,61792584,461459
19,62201935,461458
19,62567288,461458
19,62962089,461458
19,63357074,461458
19,63750118,461458
19,64103737,461457
19,64500146,461457
19,64851137,461457
19,65230628,461456
19,65626252,461455
19,65999553,461455
19,66356508,461455
19,66750371,461454
19,67134832,461454
19,67521927,461454
19,67916824,461453
19,68292181,461453
19,68644964,461453
19,69018074,461453
19,69375244,461452
19,69770136,461452
19,70132088,461450
19,70522102,461450
19,70916133,461450
19,71271880,461450
19,71624238,461450
19,71976170,461450
19,72356312,461450
19,72750257,461449
19,73102920,461449
19,73477204,461449
19,73876223,461448
19,74272261,461448
19,74646264,461448
19,75039762,461447
19,75418586,461447
19,75814445,461447
19,76193417,461447
19,76585606,461446
19,76998853,461446
19,77355980,461446
19,77729479,461445
19,78143322,461445
19,78502547,461445
19,78894640,461445
19,79261717,461445
19,79623726,461445
19,79976706,461445
19,80374361,461443
19,80727118,461443
19,81101935,461444
19,81501783,461444
19,81873779,461442
19,82230074,461443
19,82623662,461443
19,82975519,461443
19,83356901,461442
19,83749159,461444
19,84131487,461442
19,84523322,461440
19,84916611,461442
19,85293791,461442
19,85666108,461440
19,86017980,461441
19,86377690,461441
19,86791043,461441
19,87153855,461441
19,87541224,461441
19,87916528,461441
19,88272647,461440
19,88667677,461440
19,89043413,461440
19,89439697,461440
19,89833359,461440
19,90214577,461440
19,90626105,461440
19,91018382,461440
19,91374731,461440
19,91749370,461440
19,92132463,461440
19,92522434,461440
19,92917961,461439
19,93313353,461439
20,725015,461439
20,1134477,461439
20,1497575,461440
20,1876364,461442
20,2250418,461442
20,2645495,461443
20,3071295,461445
20,3452811,461446
20,3826302,461448
20,4184855,461451
20,4598329,461453
20,4951177,461456
20,5310456,461462
20,5704232,461466
20,6088458,461472
20,6495571,461479
20,6847805,461484
20,7206330,461494
20,7618933,461502
20,7972149,461512
20,8329460,461522
20,8723485,461532
20,9097722,461545
20,9463114,461558
20,9849321,461572
20,10225508,461583
20,10576713,461599
20,10951139,461614
20,11311673,461629
20,11704927,461647
20,12089493,461664
20,12479412,461679
20,12849406,461698
20,13206017,461720
20,13597042,461737
20,13950611,461756
20,14330025,461781
20,14722927,461798
20,15106752,461824
20,15497019,461848
20,15895140,461870
20,16287452,461893
20,16684300,461923
20,17121979,461946
20,17500861,461976
20,17891456,462002
20,18250846,462028
20,18623829,462053
20,19015685,462084
20,19412267,462116
20,19807139,462142
20,20162495,462174
20,20558121,462204
20,20933840,462233
20,21287007,462261
20,21662278,462297
20,22035201,462328
20,22439118,462364
20,22829356,462396
20,23182322,462429
20,23556904,462460
20,23932155,462499
20,24286714,462529
20,24659698,462561
20,25033471,462596
20,25414665,462625
20,25805929,462655
20,26162145,462687
20,26556303,462715
20,26910542,462742
20,27286640,462773
20,27681355,462802
20,28066448,462833
20,28456692,462861
20,28869155,462888
20,29224443,462912
20,29596869,462935
20,29973144,462963
20,30347817,462987
20,30721324,463006
20,31107865,463031
20,31473390,463053
20,31826902,463073
20,32182829,463093
20,32555461,463113
20,32921319,463135
20,33312578,463152
20,33692880,463172
20,34092652,463190
20,34455354,463208
20,34870205,463225
20,35226761,463241
20,35599490,463258
20,35973078,463272
20,36349600,463286
20,36703149,463300
20,37068114,463314
20,37455014,463325
20,37849266,463339
20,38224676,463348
20,38599007,463361
20,38949818,463371
20,39306512,463379
20,39660688,463389
20,40034396,463399
20,40434244,463406
20,40825640,463415
20,41204022,463423
20,41618564,463428
20,41971806,463435
20,42327817,463440
20,42681075,463443
20,43064352,463450
20,43452729,463453
20,43805294,463454
20,44183100,463459
20,44555000,463461
20,44930419,463461
20,45306278,463463
20,45658247,463465
20,46063424,463465
20,46452085,463465
20,46826198,463466
20,47180547,463466
20,47556692,463466
20,47913138,463466
20,48309077,463468
20,48680918,463467
20,49067541,463467
20,49454237,463468
20,49848194,463468
20,50203357,463467
20,50555260,463468
20,50930277,463468
20,51285180,463467
20,51658775,463467
20,52065220,463467
20,52451726,463467
20,52803965,463467
20,53181892,463467
20,53554065,463467
20,53908106,463468
20,54312477,463466
20,54702971,463466
20,55089314,463466
20,55477819,463466
20,55869328,463466
20,56249536,463466
20,56632724,463466
20,57014393,463466
20,57432938,463465
20,57858718,463464
20,58248854,463464
20,58619157,463463
20,58974312,463463
20,59328364,463464
20,59681296,463464
20,60034141,463463
20,60432671,463463
20,60805165,463463
20,61164579,463462
20,61557017,463461
20,61930235,463461
20,62286238,463461
20,62660440,463461
20,63066421,463461
20,63475951,463461
20,63846309,463461
20,64203007,463460
20,64555818,463460
20,64908708,463460
20,65285363,463458
20,65659481,463458
20,66033934,463458
20,66435026,463457
20,66807646,463456
20,67163244,463457
20,67578245,463457
20,67931857,463457
20,68287624,463457
20,68680298,463456
20,69067823,463456
20,69457992,463456
20,69850212,463455
20,70223559,463455
20,70578510,463455
20,70953032,463454
20,71306968,463454
20,71659356,463454
20,72034842,463454
20,72433468,463453
20,72826566,463453
20,73205126,463453
20,73597924,463453
20,73973762,463452
20,74327430,463452
20,74680641,463451
20,75066054,463451
20,75451589,463451
20,75804513,463451
20,76161340,463451
20,76534410,463450
20,76929591,463450
20,77310209,463450
20,77702135,463450
20,78064487,463449
20,78453019,463448
20,78825013,463449
20,79182132,463449
20,79555653,463448
20,79908042,463448
20,80285322,463448
20,80690452,463447
20,81089667,463447
20,81489005,463447
20,81850215,463447
20,82225027,463446
20,82579893,463446
20,82973038,463446
20,83350602,463446
20,83744491,463446
20,84106134,463446
20,84474740,463446
20,84827734,463446
20,85182332,463446
20,85535862,463446
20,85909570,463444
20,86306201,463444
20,86659581,463445
20,87040601,463444
20,87435079,463443
20,87828646,463445
20,88203791,463443
20,88555272,463443
20,88910222,463443
20,89286210,463443
20,89680772,463443
20,90034282,463442
20,90412361,463442
20,90807405,463442
20,91159823,463442
20,91535909,463442
20,91911405,463442
20,92288149,463442
20,92659079,463442
20,93034954,463442
20,93412588,463442
20,93784645,463442
20,94164134,463442
20,94558234,463442
20,94951275,463442
20,95309766,463441
21,692219,463442
21,1073404,463442
21,1488339,463442
21,1840592,463442
21,2198761,463444
21,2593345,463445
21,2977729,463446
21,3367518,463448
21,3757481,463450
21,4136922,463452
21,4508768,463454
21,4861035,463460
21,5219909,463462
21,5611797,463466
21,5975137,463471
21,6363621,463477
21,6714815,463482
21,7071751,463492
21,7467008,463501
21,7839958,463509
21,8206465,463520
21,8592151,463532
21,8979966,463544
21,9366628,463554
21,9759264,463571
21,10136424,463586
21,10561623,463600
21,10979018,463619
21,11365790,463633
21,11757662,463651
21,12134773,463669
21,12486140,463687
21,12861245,463702
21,13217583,463721
21,13570663,463739
21,13977457,463766
21,14365666,463782
21,14760694,463809
21,15135990,463829
21,15531075,463848
21,15884233,463872
21,16240136,463896
21,16633024,463920
21,16997886,463944
21,17383693,463972
21,17781463,464000
21,18159751,464025
21,18532941,464054
21,18909385,464083
21,19285587,464110
21,19658057,464138
21,20035227,464171
21,20402364,464199
21,20778917,464229
21,21157864,464264
21,21548608,464294
21,21907526,464324
21,22286367,464360
21,22681012,464394
21,23072502,464429
21,23467246,464458
21,23841959,464496
21,24197404,464527
21,24569489,464559
21,24943462,464591
21,25348127,464626
21,25739023,464656
21,26114832,464688
21,26509018,464718
21,26884259,464746
21,27240336,464776
21,27632451,464802
21,28019825,464833
21,28410238,464858
21,28821222,464887
21,29196463,464916
21,29571216,464938
21,29980041,464967
21,30363160,464988
21,30714191,465013
21,31073539,465034
21,31487095,465057
21,31839795,465076
21,32208340,465097
21,32571215,465119
21,32974956,465141
21,33364947,465157
21,33759707,465178
21,34156307,465197
21,34555778,465217
21,34985845,465233
21,35363503,465250
21,35717288,465264
21,36094514,465281
21,36507300,465295
21,36863559,465309
21,37261129,465321
21,37635041,465335
21,38033866,465344
21,38409763,465359
21,38803789,465368
21,39198501,465381
21,39593133,465389
21,39998031,465399
21,40386446,465408
21,40778175,465416
21,41157159,465423
21,41528588,465429
21,41884839,465437
21,42281453,465441
21,42659038,465446
21,43057394,465452
21,43467301,465456
21,43818564,465458
21,44196205,465463
21,44590269,465464
21,44973940,465464
21,45365109,465468
21,45778973,465469
21,46135441,465469
21,46528422,465469
21,46882851,465469
21,47260440,465470
21,47655513,465470
21,48015509,465471
21,48383415,465471
21,48737584,465471
21,49093720,465471
21,49467373,465471
21,49829310,465472
21,50220028,465472
21,50592542,465472
21,50974245,465472
21,51362476,465472
21,51717175,465472
21,52074494,465472
21,52467803,465472
21,52862131,465472
21,53237138,465471
21,53590941,465471
21,53977305,465471
21,54361721,465471
21,54717352,465470
21,55092865,465470
21,55445229,465471
21,55820579,465470
21,56225732,465469
21,56614450,465469
21,56999740,465470
21,57382888,465468
21,57759424,465468
21,58112379,465468
21,58464618,465468
21,58842169,465466
21,59206222,465466
21,59596742,465467
21,59999648,465465
21,60364645,465465
21,60759300,465466
21,61133590,465465
21,61485478,465465
21,61840044,465465
21,62195130,465465
21,62569739,465465
21,62978654,465465
21,63366140,465465
21,63734952,465464
21,64093244,465463
21,64465606,465463
21,64817461,465463
21,65198570,465462
21,65569971,465462
21,65944693,465462
21,66345042,465461
21,66716801,465461
21,67071701,465460
21,67464060,465460
21,67839642,465460
21,68197678,465459
21,68591112,465459
21,68977716,465458
21,69365446,465458
21,69736711,465457
21,70092600,465457
21,70444813,465457
21,70818219,465456
21,71219096,465456
21,71611954,465456
21,71995922,465456
21,72386025,465455
21,72779393,465454
21,73157328,465454
21,73532267,465454
21,73927352,465454
21,74298741,465453
21,74659788,465453
21,75050484,465453
21,75405942,465453
21,75776671,465452
21,76136097,465452
21,76528788,465451
21,76903496,465451
21,77258959,465451
21,77612023,465451
21,77974859,465450
21,78361347,465450
21,78736237,465450
21,79092001,465449
21,79465024,465449
21,79818526,465449
21,80204783,465449
21,80592144,465449
21,80943839,465448
21,81364567,465448
21,81758558,465447
21,82114385,465447
21,82488142,465447
21,82851800,465447
21,83242072,465448
21,83612019,465447
21,83981318,465447
21,84363861,465448
21,84735253,465446
21,85092255,465446
21,85465507,465446
21,85818167,465446
21,86219785,465446
21,86612327,465446
21,86996554,465446
21,87384726,465445
21,87778996,465444
21,88177704,465444
21,88570481,465444
21,88944014,465444
21,89341433,465444
21,89693966,465445
21,90070811,465445
21,90464077,465445
21,90817745,465445
21,91196760,465444
21,91589969,465444
21,91943510,465444
21,92325666,465444
21,92717206,465444
21,93072930,465444
21,93467256,465443
21,93841524,465443
21,94197781,465444
21,94570928,465444
21,94943517,465443
21,95322500,465443
21,95696129,465443
21,96073394,465443
21,96468343,465443
22,750246,465444
22,1143250,465444
22,1581478,465444
22,1955061,465445
22,2329343,465446
22,2733819,465447
22,3121042,465448
22,3472728,465449
22,3850324,465454
22,4223951,465454
22,4577158,465456
22,4934770,465463
22,5347544,465464
22,5713542,465468
22,6103535,465474
22,6476076,465482
22,6883270,465487
22,7247568,465498
22,7642880,465505
22,8041283,465516
22,8433277,465528
22,8828430,465540
22,9224916,465551
22,9619985,465566
22,9996614,465577
22,10391723,465593
22,10754175,465608
22,11150054,465624
22,11544064,465642
22,11933469,465658
22,12306721,465677
22,12689752,465694
22,13082604,465717
22,13475214,465736
22,13851775,465757
22,14242961,465776
22,14620552,465801
22,15019165,465824
22,15455664,465847
22,15831468,465870
22,16204360,465895
22,16600124,465917
22,16998601,465945
22,17389992,465969
22,17753102,465998
22,18143452,466027
22,18536985,466058
22,18955666,466085
22,19330572,466114
22,19733992,466146
22,20122798,466175
22,20514272,466208
22,20892076,466238
22,21271195,466271
22,21664381,466303
22,22036224,466336
22,22394554,466368
22,22787069,466407
22,23201948,466439
22,23576384,466470
22,23934072,466506
22,24330523,466540
22,24714645,466573
22,25101250,466610
22,25517648,466642
22,25919006,466677
22,26329164,466706
22,26733334,466738
22,27119486,466765
22,27494133,466796
22,27852385,466822
22,28245111,466849
22,28600747,466877
22,28997257,466907
22,29412610,466931
22,29768294,466960
22,30164135,466984
22,30577295,467010
22,30956904,467034
22,31339095,467055
22,31737402,467078
22,32120724,467099
22,32472734,467116
22,32831516,467136
22,33203797,467157
22,33598262,467175
22,33955978,467192
22,34328589,467211
22,34680512,467227
22,35101608,467245
22,35498299,467261
22,35903767,467277
22,36271482,467290
22,36666294,467305
22,37036671,467320
22,37430404,467331
22,37807721,467346
22,38203307,467357
22,38575870,467367
22,38935370,467380
22,39328293,467388
22,39712170,467400
22,40102869,467408
22,40516228,467415
22,40871229,467425
22,41267765,467430
22,41644959,467436
22,42015344,467442
22,42369515,467447
22,42732420,467452
22,43119021,467456
22,43493008,467459
22,43851043,467462
22,44248018,467467
22,44618363,467468
22,44976173,467469
22,45392372,467472
22,45788072,467472
22,46204514,467472
22,46598713,467473
22,46953959,467473
22,47326394,467474
22,47681107,467474
22,48076759,467474
22,48452582,467475
22,48808545,467476
22,49202903,467475
22,49578425,467475
22,49933750,467476
22,50326759,467474
22,50713342,467474
22,51122687,467474
22,51536322,467475
22,51895053,467474
22,52289576,467474
22,52714769,467474
22,53121217,467474
22,53515861,467474
22,53872704,467474
22,54245511,467473
22,54640830,467473
22,54999558,467472
22,55378018,467472
22,55771486,467472
22,56140839,467471
22,56513515,467471
22,56894210,467472
22,57268014,467471
22,57658541,467469
22,58079285,467471
22,58472602,467470
22,58851360,467469
22,59245393,467469
22,59617904,467469
22,59975195,467468
22,60388667,467468
22,60757193,467468
22,61143521,467468
22,61539528,467467
22,61934141,467467
22,62328409,467466
22,62681429,467466
22,63102467,467466
22,63515405,467464
22,63870842,467464
22,64266523,467464
22,64619260,467464
22,64994230,467464
22,65350862,467463
22,65753117,467463
22,66120373,467462
22,66474597,467462
22,66828528,467463
22,67181428,467463
22,67556039,467461
22,67951622,467461
22,68304967,467461
22,68680182,467459
22,69077991,467459
22,69430495,467460
22,69806365,467460
22,70179374,467458
22,70554417,467458
22,70931419,467459
22,71304132,467457
22,71712350,467457
22,72101161,467457
22,72474751,467457
22,72872035,467456
22,73266068,467456
22,73641585,467456
22,74015943,467456
22,74369950,467455
22,74756204,467455
22,75141712,467455
22,75514179,467455
22,75892059,467455
22,76289711,467455
22,76679601,467454
22,77057399,467454
22,77429034,467454
22,77808548,467453
22,78201866,467453
22,78554623,467453
22,78936062,467453
22,79327197,467453
22,79690347,467452
22,80100001,467452
22,80492805,467452
22,80847769,467452
22,81222150,467452
22,81574730,467452
22,81931455,467452
22,82306068,467452
22,82711993,467451
22,83122934,467451
22,83515488,467451
22,83872050,467451
22,84254998,467450
22,84642793,467450
22,85020761,467450
22,85416479,467450
22,85829403,467450
22,86225993,467450
22,86619661,467450
22,86996470,467449
22,87370748,467449
22,87734440,467449
22,88141569,467449
22,88515168,467449
22,88893643,467449
22,89265678,467447
22,89618636,467448
22,89976976,467448
22,90369645,467448
22,90752623,467448
22,91142257,467448
22,91538054,467448
22,91932784,467447
22,92327593,467446
22,92681181,467447
22,93079722,467446
22,93452991,467446
22,93810027,467446
22,94201255,467446
22,94579548,467446
22,94976012,467446
22,95349553,467446
22,95738413,467446
22,96118451,467446
22,96472448,467446
22,96830778,467446
22,97222998,467446
23,729709,467446
23,1119855,467446
23,1517496,467447
23,1931131,467447
23,2304109,467448
23,2656182,467449
23,3054209,467450
23,3426943,467451
23,3783307,467453
23,4199990,467455
23,4551584,467458
23,4908210,467462
23,5281220,467466
23,5665732,467470
23,6033690,467475
23,6405837,467480
23,6784747,467489
23,7160041,467496
23,7551433,467506
23,7929432,467514
23,8324585,467526
23,8707431,467539
23,9093943,467550
23,9467290,467562
23,9824657,467575
23,10202156,467591
23,10595640,467603
23,10951595,467622
23,11345361,467636
23,11738551,467654
23,12117267,467672
23,12490570,467688
23,12846574,467703
23,13198335,467722
23,13552839,467741
23,13908187,467761
23,14281154,467783
23,14688878,467806
23,15099786,467830
23,15513876,467852
23,15908260,467877
23,16301889,467900
23,16688370,467930
23,17076682,467952
23,17469676,467979
23,17847429,468005
23,18220960,468028
23,18596314,468058
23,18993349,468090
23,19384833,468117
23,19749944,468144
23,20115740,468173
23,20471914,468207
23,20870452,468235
23,21245463,468270
23,21640981,468301
23,22013887,468336
23,22405451,468367
23,22784269,468405
23,23177805,468438
23,23530643,468470
23,23911080,468504
23,24302681,468537
23,24686771,468571
23,25075428,468602
23,25427769,468631
23,25803793,468667
23,26199892,468695
23,26551563,468724
23,26929083,468755
23,27323510,468783
23,27706876,468813
23,28096281,468840
23,28446971,468864
23,28825384,468896
23,29222930,468918
23,29625910,468946
23,29999545,468973
23,30393086,468995
23,30805561,469021
23,31197544,469046
23,31571869,469067
23,31930556,469087
23,32305362,469111
23,32710121,469131
23,33096335,469151
23,33471484,469167
23,33826020,469187
23,34197587,469203
23,34552023,469219
23,34909290,469239
23,35304292,469253
23,35708026,469271
23,36105765,469286
23,36491789,469300
23,36845242,469313
23,37218913,469325
23,37572652,469337
23,37928453,469349
23,38280038,469360
23,38654556,469371
23,39051930,469380
23,39404679,469390
23,39784844,469400
23,40180052,469409
23,40573858,469418
23,40951376,469427
23,41346268,469431
23,41727809,469439
23,42147196,469446
23,42532953,469451
23,42908738,469454
23,43280885,469460
23,43654819,469463
23,44052579,469466
23,44405136,469468
23,44782809,469470
23,45153963,469472
23,45551081,469473
23,45911608,469474
23,46282892,469474
23,46685505,469474
23,47054981,469475
23,47448527,469475
23,47803670,469475
23,48178035,469475
23,48531519,469477
23,48907330,469476
23,49280629,469475
23,49656774,469476
23,50055398,469476
23,50427559,469476
23,50783959,469476
23,51178323,469476
23,51552700,469476
23,51908869,469476
23,52302505,469476
23,52686424,469476
23,53095277,469476
23,53460008,469475
23,53849385,469475
23,54220973,469475
23,54573872,469474
23,54929778,469474
23,55281292,469474
23,55654534,469474
23,56054910,469474
23,56450482,469474
23,56824476,469473
23,57178821,469473
23,57531095,469473
23,57907745,469472
23,58301124,469471
23,58655425,469471
23,59031091,469471
23,59425991,469471
23,59781966,469470
23,60165562,469470
23,60552882,469470
23,60908066,469469
23,61301062,469469
23,61688348,469469
23,62097198,469468
23,62491865,469468
23,62869726,469468
23,63265940,469467
23,63689752,469467
23,64096160,469467
23,64490854,469466
23,64846494,469466
23,65218793,469466
23,65571242,469466
23,65929296,469465
23,66301996,469465
23,66655390,469465
23,67052905,469464
23,67425949,469464
23,67782468,469464
23,68156172,469463
23,68529446,469463
23,68907442,469463
23,69280220,469463
23,69654699,469462
23,70035349,469462
23,70428663,469462
23,70803093,469461
23,71156790,469461
23,71530978,469461
23,71929180,469460
23,72322794,469460
23,72707942,469460
23,73097780,469460
23,73511607,469459
23,73887671,469459
23,74241139,469459
23,74594635,469458
23,74951166,469458
23,75344396,469457
23,75707085,469457
23,76095832,469456
23,76469853,469456
23,76825575,469456
23,77198691,469456
23,77562282,469456
23,77952487,469455
23,78323778,469455
23,78705984,469455
23,79093805,469455
23,79448340,469454
23,79804959,469454
23,80197349,469454
23,80572559,469453
23,80928247,469453
23,81301641,469454
23,81655720,469453
23,82054482,469453
23,82427422,469453
23,82783498,469453
23,83156404,469452
23,83529218,469452
23,83919764,469452
23,84304224,469452
23,84685466,469451
23,85076082,469451
23,85449415,469452
23,85805707,469451
23,86199146,469450
23,86573594,469450
23,86928557,469450
23,87282259,469450
23,87656200,469451
23,88054705,469451
23,88449043,469450
23,88827607,469450
23,89218280,469451
23,89592883,469450
23,89952130,469450
23,90363932,469450
23,90726720,469450
23,91117714,469450
23,91493754,469450
23,91892050,469449
23,92303966,469449
23,92654762,469449
23,93053609,469449
23,93426505,469449
23,93782712,469449
23,94156339,469448
23,94551435,469449
23,94909975,469449
23,95303464,469449
23,95687067,469448
23,96074868,469449
23,96450196,469449
23,96805096,469449
23,97199863,469449
24,734890,469448
24,1126170,469448
24,1525265,469449
24,1937006,469450
24,2311086,469451
24,2663815,469452
24,3062167,469452
24,3465656,469455
24,3835559,469456
24,4248587,469459
24,4602175,469460
24,4957657,469464
24,5310592,469467
24,5694966,469472
24,6084093,469476
24,6477760,469484
24,6854821,469493
24,7249512,469499
24,7624935,469508
24,7978755,469519
24,8374212,469528
24,8766173,469541
24,9122252,469552
24,9496978,469564
24,9874625,469582
24,10272242,469594
24,10663399,469610
24,11064120,469628
24,11466958,469646
24,11862110,469660
24,12233482,469679
24,12623596,469696
24,12999542,469713
24,13398312,469737
24,13812376,469754
24,14187789,469777
24,14580766,469796
24,14939187,469817
24,15309849,469838
24,15663576,469861
24,16063639,469887
24,16457318,469911
24,16832714,469937
24,17207183,469959
24,17558615,469983
24,17915148,470007
24,18289455,470038
24,18662964,470063
24,19046036,470093
24,19435516,470123
24,19790496,470149
24,20163568,470179
24,20537656,470211
24,20936909,470246
24,21331404,470274
24,21716976,470310
24,22104774,470340
24,22500411,470377
24,22880215,470410
24,23248867,470448
24,23644715,470482
24,24040269,470516
24,24416328,470550
24,24832757,470586
24,25226388,470617
24,25604708,470650
24,25999642,470677
24,26393840,470711
24,26766498,470742
24,27184148,470770
24,27555571,470799
24,27938732,470828
24,28307689,470854
24,28661865,470884
24,29082598,470913
24,29496908,470939
24,29853740,470961
24,30204934,470983
24,30559481,471007
24,30917373,471029
24,31310544,471051
24,31694704,471077
24,32103956,471100
24,32497777,471121
24,32876133,471140
24,33271883,471163
24,33693882,471181
24,34104672,471202
24,34497128,471217
24,34853840,471235
24,35226395,471250
24,35578245,471266
24,35948181,471279
24,36331977,471296
24,36715161,471311
24,37124231,471325
24,37476844,471334
24,37831690,471348
24,38185626,471358
24,38537145,471371
24,38913268,471380
24,39310574,471392
24,39693089,471401
24,40084518,471411
24,40476975,471419
24,40853361,471428
24,41206611,471434
24,41558994,471440
24,41935238,471446
24,42288484,471452
24,42661113,471457
24,43058178,471462
24,43413898,471465
24,43810942,471469
24,44208922,471472
24,44601864,471475
24,44959869,471475
24,45350612,471477
24,45714413,471478
24,46102660,471478
24,46477224,471478
24,46829492,471479
24,47202532,471480
24,47558021,471479
24,47913995,471481
24,48285891,471481
24,48692945,471481
24,49100770,471481
24,49452347,471481
24,49811207,471481
24,50203557,471480
24,50577767,471480
24,50933787,471480
24,51297515,471480
24,51698357,471480
24,52063539,471480
24,52456958,471480
24,52834050,471479
24,53226261,471479
24,53602619,471479
24,53959183,471479
24,54352380,471479
24,54736049,471479
24,55124996,471477
24,55519260,471477
24,55898481,471477
24,56309802,471477
24,56664143,471477
24,57040994,471477
24,57435907,471477
24,57811562,471476
24,58163806,471476
24,58559129,471476
24,58915437,471476
24,59290053,471475
24,59691930,471475
24,60069994,471475
24,60457548,471474
24,60832561,471473
24,61226492,471473
24,61600585,471472
24,61956384,471472
24,62308749,471471
24,62662460,471471
24,63062409,471472
24,63437167,471471
24,63833439,471470
24,64206815,471470
24,64561091,471470
24,64915499,471469
24,65288430,471468
24,65694184,471468
24,66101116,471468
24,66458005,471467
24,66852557,471467
24,67206684,471467
24,67580810,471467
24,67936716,471467
24,68332179,471467
24,68717490,471466
24,69106012,471465
24,69476222,471465
24,69832401,471465
24,70206966,471464
24,70603126,471463
24,70956593,471464
24,71309682,471463
24,71663681,471462
24,72039310,471462
24,72432820,471462
24,72790910,471462
24,73160364,471462
24,73536028,471460
24,73916541,471461
24,74288503,471460
24,74661328,471460
24,75039709,471459
24,75419885,471459
24,75817031,471459
24,76205852,471459
24,76580620,471459
24,76937156,471459
24,77308089,471458
24,77660917,471458
24,78083259,471458
24,78434769,471458
24,78789347,471458
24,79161931,471458
24,79556729,471457
24,79913607,471457
24,80286702,471456
24,80690407,471456
24,81100333,471456
24,81453041,471456
24,81809969,471456
24,82181935,471456
24,82535150,471456
24,82932746,471456
24,83307830,471455
24,83668502,471455
24,84058402,471455
24,84411753,471455
24,84789354,471455
24,85182738,471455
24,85556935,471455
24,85912178,471454
24,86311521,471454
24,86663005,471454
24,87039881,471454
24,87413794,471454
24,87810713,471454
24,88160361,471454
24,88535749,471454
24,88915982,471454
24,89310489,471453
24,89695870,471454
24,90081643,471453
24,90455584,471453
24,90809886,471454
24,91180755,471453
24,91535683,471453
24,91913662,471453
24,92305781,471453
24,92660504,471452
24,93057659,471452
24,93431479,471452
24,93787972,471452
24,94161081,471452
24,94557731,471452
24,94912791,471452
24,95286839,471452
24,95693049,471452
24,96105376,471452
24,96498039,471451
24,96854759,471451
24,97225442,471452
24,97580469,471451
24,97938487,471451
25,738743,471453
25,1141643,471452
25,1551637,471451
25,1903667,471453
25,2298631,471453
25,2654179,471453
25,3029251,471457
25,3422459,471458
25,3775739,471458
25,4155006,471460
25,4549364,471464
25,4935447,471465
25,5322999,471470
25,5671646,471475
25,6051767,471478
25,6404268,471484
25,6776341,471492
25,7176950,471500
25,7572863,471508
25,7953637,471520
25,8344306,471531
25,8738353,471540
25,9098224,471552
25,9470660,471568
25,9871594,471579
25,10265114,471595
25,10649736,471610
25,11044404,471625
25,11414206,471641
25,11765593,471655
25,12102628,471673
25,12470497,471689
25,12823535,471707
25,13202251,471724
25,13531549,471742
25,13906168,471762
25,14262694,471780
25,14621507,471801
25,14996722,471823
25,15353818,471843
25,15702565,471864
25,16062199,471887
25,16439448,471910
25,16792042,471934
25,17148537,471958
25,17521664,471984
25,17897387,472011
25,18273196,472036
25,18645428,472065
25,19024659,472094
25,19398096,472120
25,19772444,472152
25,20178166,472184
25,20572615,472214
25,20959079,472247
25,21344885,472276
25,21737179,472313
25,22114063,472343
25,22465703,472376
25,22842470,472408
25,23199011,472446
25,23590319,472478
25,23987574,472513
25,24365239,472547
25,24743195,472582
25,25144092,472612
25,25508927,472643
25,25860887,472670
25,26217405,472700
25,26570625,472728
25,26955086,472759
25,27345173,472789
25,27759560,472818
25,28118538,472848
25,28512215,472877
25,28904021,472902
25,29302786,472932
25,29698891,472960
25,30113585,472982
25,30466813,473007
25,30841727,473028
25,31218705,473052
25,31591611,473074
25,31977174,473097
25,32364669,473118
25,32761658,473140
25,33178842,473161
25,33572622,473179
25,33956900,473200
25,34356075,473216
25,34738337,473232
25,35114688,473250
25,35487450,473263
25,35841348,473278
25,36197834,473295
25,36591857,473308
25,36976966,473323
25,37364147,473334
25,37735550,473349
25,38094191,473361
25,38507105,473372
25,38866651,473384
25,39278350,473396
25,39673084,473404
25,40050958,473414
25,40402059,473423
25,40797215,473428
25,41179401,473438
25,41570303,473444
25,41956511,473449
25,42344984,473455
25,42738129,473460
25,43115488,473464
25,43529069,473468
25,43953543,473471
25,44341790,473474
25,44695122,473475
25,45051649,473476
25,45444683,473476
25,45818122,473478
25,46176959,473478
25,46550305,473478
25,46901180,473479
25,47302086,473479
25,47674125,473480
25,48059880,473480
25,48448566,473480
25,48840130,473481
25,49196788,473481
25,49550217,473481
25,49934092,473481
25,50321046,473481
25,50694327,473480
25,51049343,473480
25,51401525,473480
25,51776164,473480
25,52178078,473480
25,52571098,473480
25,52954686,473480
25,53342870,473479
25,53696629,473479
25,54051222,473479
25,54445291,473479
25,54821176,473479
25,55195652,473478
25,55550294,473478
25,55901986,473478
25,56280048,473477
25,56674747,473477
25,57050351,473477
25,57403225,473477
25,57799997,473477
25,58154859,473477
25,58559149,473476
25,58958846,473476
25,59341355,473475
25,59694360,473475
25,60052437,473475
25,60444564,473475
25,60819760,473474
25,61175081,473474
25,61547999,473473
25,61900993,473473
25,62298864,473472
25,62650911,473472
25,63029987,473472
25,63402555,473472
25,63797793,473470
25,64153847,473470
25,64526250,473470
25,64930965,473470
25,65322526,473470
25,65675635,473470
25,66052963,473469
25,66444522,473469
25,66818499,473469
25,67178316,473468
25,67571726,473468
25,67953789,473468
25,68343376,473468
25,68737456,473467
25,69113653,473467
25,69467150,473467
25,69839862,473467
25,70196049,473466
25,70549193,473466
25,70901188,473466
25,71277889,473466
25,71673253,473465
25,72037132,473465
25,72403989,473464
25,72797684,473464
25,73153474,473464
25,73527489,473464
25,73933638,473464
25,74323370,473462
25,74697163,473462
25,75072230,473463
25,75467318,473463
25,75821216,473462
25,76176907,473462
25,76548795,473462
25,76902466,473461
25,77301795,473461
25,77676195,473461
25,78071718,473461
25,78446056,473461
25,78801273,473461
25,79156093,473459
25,79548597,473459
25,79934261,473459
25,80323320,473459
25,80695076,473459
25,81051310,473459
25,81403613,473459
25,81778722,473459
25,82186005,473459
25,82570514,473458
25,82954912,473458
25,83362070,473458
25,83715171,473457
25,84071469,473457
25,84423291,473457
25,84776788,473457
25,85158147,473457
25,85550981,473457
25,85901228,473457
25,86281448,473457
25,86674266,473457
25,87051199,473456
25,87402849,473456
25,87776515,473456
25,88157726,473456
25,88551451,473456
25,88954502,473455
25,89343881,473455
25,89738009,473455
25,90114557,473455
25,90510412,473455
25,90934133,473455
25,91301566,473454
25,91695725,473453
25,92052073,473453
25,92445973,473455
25,92819034,473454
25,93176273,473453
25,93550263,473454
25,93901522,473454
25,94298737,473453
25,94652728,473453
25,95029727,473455
25,95401841,473453
25,95778014,473453
25,96168165,473453
25,96551812,473453
25,96955371,473453
25,97344483,473453
25,97739492,473453
25,98134374,473453
25,98529674,473453
25,98904523,473453
25,99281105,473453
25,99654285,473453
25,100050843,473453
25,100402387,473453
26,715801,473453
26,1099752,473453
26,1470025,473453
26,1849551,473455
26,2221461,473455
26,2594801,473455
26,2973699,473457
26,3367744,473459
26,3721163,473460
26,4120753,473462
26,4492182,473466
26,4869928,473469
26,5263539,473472
26,5617582,473477
26,5974657,473482
26,6377545,473486
26,6778375,473495
26,7161463,473505
26,7577063,473512
26,7935031,473522
26,8329113,473536
26,8753460,473546
26,9146098,473559
26,9511912,473572
26,9870084,473586
26,10266087,473600
26,10660019,473614
26,11036013,473631
26,11409983,473647
26,11793243,473666
26,12182541,473684
26,12578822,473705
26,12973891,473720
26,13368030,473739
26,13719471,473759
26,14118547,473782
26,14514218,473800
26,14868959,473823
26,15262131,473843
26,15616979,473865
26,15972127,473890
26,16367183,473913
26,16750427,473940
26,17138907,473964
26,17492476,473988
26,17868208,474013
26,18219298,474039
26,18626529,474069
26,19014452,474101
26,19387770,474128
26,19786273,474160
26,20161918,474194
26,20557206,474223
26,20930105,474251
26,21287419,474281
26,21681034,474316
26,22058370,474352
26,22454392,474381
26,22869050,474419
26,23264927,474456
26,23661744,474490
26,24057597,474527
26,24450044,474559
26,24813986,474590
26,25183701,474621
26,25580068,474659
26,25994887,474688
26,26366821,474718
26,26719421,474749
26,27141733,474784
26,27533927,474809
26,27892091,474835
26,28284856,474866
26,28658894,474889
26,29017622,474913
26,29386910,474938
26,29772584,474965
26,30162856,474991
26,30555454,475014
26,30933018,475039
26,31326598,475063
26,31752631,475088
26,32145197,475107
26,32513092,475127
26,32868936,475147
26,33263448,475168
26,33638009,475183
26,33994047,475205
26,34388630,475222
26,34772054,475240
26,35159269,475254
26,35532301,475270
26,35889272,475285
26,36284906,475299
26,36658719,475313
26,37013145,475325
26,37367332,475337
26,37719664,475352
26,38118187,475362
26,38470708,475374
26,38847739,475384
26,39261582,475394
26,39637904,475402
26,40012606,475412
26,40369184,475420
26,40775284,475428
26,41162114,475436
26,41553842,475441
26,41931016,475449
26,42326958,475455
26,42733074,475458
26,43142761,475463
26,43517226,475466
26,43939696,475471
26,44480874,475475
26,44998188,475476
26,45498080,475479
26,45989267,475479
26,46468404,475480
26,46855075,475480
26,47308521,475482
26,47701364,475482
26,48107404,475482
26,48454155,475482
26,48896179,475482
26,49283488,475482
26,49646305,475483
26,50092098,475483
26,50477249,475482
26,50868326,475482
26,51239012,475482
26,51587926,475482
26,51971594,475482
26,52362022,475482
26,52749131,475482
26,53132525,475482
26,53503489,475481
26,53880279,475481
26,54253995,475481
26,54605819,475481
26,54985207,475481
26,55347836,475481
26,55753298,475481
26,56184212,475481
26,56579960,475480
26,56975426,475480
26,57387432,475480
26,57748430,475479
26,58160001,475479
26,58510620,475479
26,58865866,475478
26,59217858,475478
26,59591151,475478
26,59989715,475477
26,60344189,475476
26,60716480,475477
26,61119125,475477
26,61492527,475475
26,61846858,475475
26,62241460,475475
26,62595358,475475
26,62970996,475474
26,63342411,475474
26,63717450,475474
26,64094651,475473
26,64471484,475473
26,64867812,475473
26,65218188,475473
26,65592416,475473
26,65974123,475471
26,66368263,475471
26,66748218,475471
26,67136739,475470
26,67511021,475470
26,67878728,475470
26,68266337,475470
26,68633841,475469
26,68992554,475469
26,69365063,475469
26,69717729,475469
26,70115295,475468
26,70488415,475468
26,70865762,475468
26,71216741,475468
26,71612306,475467
26,71975506,475467
26,72367527,475466
26,72751800,475466
26,73161961,475465
26,73554773,475465
26,73911172,475465
26,74284315,475465
26,74634035,475463
26,74992680,475463
26,75346071,475463
26,75721004,475463
26,76119611,475463
26,76491404,475463
26,76847199,475463
26,77221649,475462
26,77595294,475462
26,77974067,475462
26,78368311,475462
26,78769271,475462
26,79159002,475461
26,79509329,475461
26,79876023,475461
26,80263384,475461
26,80612920,475461
26,80991669,475461
26,81343353,475459
26,81716503,475459
26,82113813,475460
26,82468150,475460
26,82846780,475458
26,83239336,475459
26,83593228,475459
26,83973532,475459
26,84366466,475459
26,84720528,475459
26,85118079,475459
26,85492544,475458
26,85848511,475458
26,86221091,475458
26,86613981,475458
26,86972495,475458
26,87343472,475457
26,87747726,475457
26,88115335,475457
26,88467196,475457
26,88868927,475457
26,89259495,475457
26,89635178,475457
26,90013276,475457
26,90365681,475456
26,90718326,475457
26,91115481,475456
26,91467988,475456
26,91856745,475456
26,92240666,475456
26,92591759,475456
26,92970239,475456
26,93342619,475456
26,93749456,475456
26,94139724,475456
26,94509092,475456
26,94868684,475456
26,95260620,475456
26,95613119,475455
26,95991248,475455
26,96363555,475455
27,740826,475455
27,1149299,475455
27,1520010,475456
27,1913977,475456
27,2303651,475456
27,2680992,475459
27,3080191,475459
27,3474120,475460
27,3852554,475463
27,4247326,475465
27,4625580,475467
27,5015442,475472
27,5388282,475475
27,5745893,475479
27,6139181,475484
27,6512875,475491
27,6868267,475497
27,7222861,475505
27,7584759,475515
27,7983593,475524
27,8349746,475533
27,8703047,475545
27,9053994,475556
27,9430556,475569
27,9831082,475581
27,10225161,475598
27,10610811,475612
27,10999266,475628
27,11391417,475646
27,11792514,475663
27,12199045,475678
27,12554038,475700
27,12951381,475717
27,13304232,475735
27,13685533,475757
27,14076642,475775
27,14448985,475794
27,14806409,475818
27,15200404,475838
27,15583401,475862
27,15971377,475885
27,16324478,475908
27,16702714,475931
27,17052966,475957
27,17427776,475983
27,17805760,476009
27,18187280,476039
27,18585456,476064
27,18956419,476093
27,19350028,476122
27,19727048,476153
27,20119505,476182
27,20494085,476209
27,20852995,476246
27,21241622,476274
27,21627645,476310
27,22015732,476340
27,22387537,476373
27,22747191,476408
27,23142180,476442
27,23512458,476472
27,23867387,476504
27,24221016,476538
27,24604556,476572
27,24993051,476601
27,25346590,476631
27,25701575,476662
27,26054074,476690
27,26427125,476723
27,26828622,476753
27,27222303,476784
27,27604828,476815
27,27992507,476842
27,28345595,476868
27,28701714,476893
27,29075268,476917
27,29450567,476942
27,29810664,476970
27,30202772,476993
27,30588843,477020
27,30975192,477043
27,31349786,477064
27,31704423,477088
27,32128475,477110
27,32515658,477130
27,32869543,477149
27,33220951,477166
27,33606831,477187
27,33993447,477204
27,34366761,477220
27,34727338,477238
27,35119636,477256
27,35491860,477270
27,35850775,477286
27,36244737,477299
27,36625856,477315
27,37013848,477328
27,37387209,477341
27,37744963,477352
27,38116764,477365
27,38491154,477375
27,38848282,477385
27,39220639,477395
27,39581348,477404
27,39972062,477413
27,40345411,477421
27,40703313,477428
27,41078040,477437
27,41431590,477443
27,41839141,477450
27,42225023,477454
27,42609478,477461
27,43013433,477464
27,43364403,477468
27,43723765,477470
27,44095524,477475
27,44448420,477476
27,44809577,477477
27,45203527,477480
27,45585908,477480
27,45974200,477480
27,46323650,477482
27,46703860,477482
27,47055158,477483
27,47427199,477483
27,47829099,477483
27,48222400,477483
27,48603910,477483
27,48991773,477483
27,49345960,477484
27,49700915,477484
27,50073398,477483
27,50427973,477484
27,50805553,477484
27,51198305,477483
27,51551557,477483
27,51954206,477483
27,52324406,477483
27,52683322,477483
27,53056849,477483
27,53452710,477483
27,53807965,477482
27,54179995,477482
27,54587843,477482
27,54974452,477482
27,55344347,477482
27,55699854,477482
27,56065296,477481
27,56433738,477481
27,56828924,477481
27,57202131,477481
27,57556543,477480
27,57950666,477480
27,58302756,477480
27,58683282,477480
27,59075283,477479
27,59427033,477479
27,59806261,477479
27,60178585,477478
27,60582525,477478
27,60970226,477478
27,61323440,477477
27,61701819,477477
27,62052672,477477
27,62426447,477476
27,62838759,477476
27,63232003,477476
27,63640494,477475
27,64015014,477475
27,64362330,477475
27,64714306,477475
27,65064556,477475
27,65416811,477474
27,65777645,477474
27,66128308,477474
27,66497375,477474
27,66851919,477473
27,67206019,477473
27,67559251,477471
27,67914791,477471
27,68253204,477471
27,68613365,477471
27,68965531,477471
27,69314827,477471
27,69689722,477470
27,70049825,477470
27,70444306,477470
27,70799654,477470
27,71174497,477469
27,71568147,477469
27,71924649,477469
27,72298083,477468
27,72696741,477468
27,73054651,477468
27,73428918,477468
27,73830699,477467
27,74202380,477467
27,74556633,477467
27,74954142,477467
27,75327654,477467
27,75680828,477467
27,76055439,477466
27,76446956,477465
27,76808783,477465
27,77201230,477465
27,77554709,477465
27,77932174,477465
27,78303962,477465
27,78703388,477465
27,79054617,477464
27,79442006,477463
27,79809687,477464
27,80179426,477463
27,80554155,477462
27,80955602,477463
27,81349553,477463
27,81727675,477462
27,82119516,477462
27,82471035,477462
27,82849501,477462
27,83242950,477460
27,83627393,477460
27,84017480,477461
27,84409650,477460
27,84792926,477459
27,85202607,477460
27,85556835,477460
27,85932746,477460
27,86327394,477460
27,86682357,477460
27,87057527,477460
27,87452010,477459
27,87808757,477459
27,88203819,477459
27,88588255,477459
27,88973292,477459
27,89345517,477459
27,89719706,477459
27,90080250,477459
27,90471600,477458
27,90829457,477458
27,91203150,477458
27,91606683,477458
27,92015802,477458
27,92367554,477458
27,92723892,477458
27,93075698,477457
27,93429754,477457
27,93807128,477457
27,94180412,477457
27,94554465,477458
27,94930267,477457
27,95305394,477457
27,95703851,477456
28,718900,477456
28,1092646,477456
28,1475913,477457
28,1849574,477458
28,2209721,477459
28,2601403,477459
28,2976386,477461
28,3333396,477463
28,3727686,477464
28,4112717,477466
28,4498664,477467
28,4898170,477471
28,5290516,477475
28,5682750,477479
28,6035571,477485
28,6434798,477492
28,6816400,477499
28,7209611,477506
28,7601204,477517
28,7987384,477526
28,8355514,477537
28,8747283,477547
28,9134278,477563
28,9524339,477576
28,9934292,477589
28,10292520,477606
28,10686975,477618
28,11091958,477635
28,11458598,477652
28,11828608,477667
28,12187666,477685
28,12581936,477703
28,12954207,477720
28,13311834,477740
28,13708036,477760
28,14110064,477782
28,14498439,477801
28,14849880,477822
28,15206074,477848
28,15601086,477868
28,15974418,477889
28,16331894,477917
28,16756942,477942
28,17149541,477969
28,17536997,477995
28,17911741,478020
28,18293556,478050
28,18686349,478079
28,19093715,478106
28,19455878,478136
28,19873403,478168
28,20268663,478200
28,20684282,478229
28,21038255,478263
28,21455567,478292
28,21807982,478323
28,22164567,478355
28,22539351,478391
28,22915782,478423
28,23311399,478460
28,23706045,478492
28,24074586,478523
28,24434159,478556
28,24786911,478593
28,25188539,478622
28,25582331,478657
28,25956392,478685
28,26311074,478715
28,26704568,478747
28,27090580,478779
28,27477753,478807
28,27849062,478834
28,28206463,478860
28,28600570,478890
28,28953528,478915
28,29331134,478939
28,29704213,478963
28,30067468,478990
28,30456004,479011
28,30828433,479032
28,31183845,479055
28,31535960,479077
28,31911246,479098
28,32322156,479123
28,32704168,479142
28,33090055,479161
28,33477119,479180
28,33848855,479198
28,34207346,479214
28,34604090,479232
28,34998211,479250
28,35399803,479266
28,35789303,479282
28,36166021,479300
28,36561266,479314
28,36955606,479328
28,37333683,479342
28,37728240,479352
28,38110938,479366
28,38497016,479374
28,38850787,479385
28,39226973,479392
28,39578873,479404
28,39932562,479411
28,40288502,479419
28,40672227,479429
28,41038279,479435
28,41434562,479442
28,41787420,479450
28,42185677,479454
28,42599600,479460
28,42953355,479465
28,43313549,479468
28,43704457,479471
28,44089201,479475
28,44478309,479476
28,44852137,479477
28,45206521,479480
28,45600918,479480
28,45976970,479480
28,46330933,479481
28,46685340,479482
28,47037647,479482
28,47414464,479482
28,47809353,479483
28,48186407,479483
28,48580866,479483
28,48934835,479484
28,49312775,479484
28,49706683,479482
28,50111958,479483
28,50496697,479483
28,50849123,479483
28,51207581,479482
28,51600047,479482
28,51952120,479483
28,52310749,479482
28,52703957,479482
28,53088190,479483
28,53454299,479481
28,53806384,479481
28,54165067,479482
28,54558802,479482
28,54930991,479481
28,55290339,479481
28,55664374,479481
28,56070124,479481
28,56489515,479479
28,56874665,479481
28,57254016,479479
28,57645984,479479
28,58068017,479479
28,58454775,479479
28,58827708,479478
28,59186900,479478
28,59601363,479478
28,59953432,479477
28,60312709,479477
28,60705693,479477
28,61088495,479477
28,61496257,479477
28,61870664,479476
28,62247796,479477
28,62599408,479476
28,62974852,479476
28,63330124,479476
28,63681754,479475
28,64067378,479474
28,64454408,479474
28,64819704,479474
28,65206646,479474
28,65581108,479474
28,65935728,479474
28,66310694,479474
28,66663875,479474
28,67038614,479473
28,67436364,479472
28,67827786,479473
28,68186838,479471
28,68559467,479471
28,68912781,479471
28,69291163,479471
28,69684927,479471
28,70038983,479470
28,70434048,479470
28,70805914,479470
28,71163372,479469
28,71538663,479469
28,71931927,479469
28,72290010,479468
28,72685108,479467
28,73067471,479468
28,73455341,479468
28,73829402,479468
28,74184451,479467
28,74536087,479468
28,74910670,479468
28,75310508,479467
28,75703811,479466
28,76090537,479466
28,76502375,479466
28,76897598,479466
28,77311206,479466
28,77706169,479466
28,78094239,479465
28,78477084,479466
28,78830315,479465
28,79205223,479464
28,79560914,479465
28,79953841,479465
28,80342233,479464
28,80728068,479464
28,81111992,479464
28,81496956,479464
28,81891626,479464
28,82274729,479463
28,82685710,479463
28,83035917,479462
28,83414754,479462
28,83808040,479463
28,84163198,479463
28,84535784,479463
28,84932357,479462
28,85287529,479462
28,85661293,479461
28,86066905,479461
28,86432261,479461
28,86786863,479461
28,87162920,479461
28,87538242,479461
28,87911600,479461
28,88290969,479461
28,88664036,479461
28,89049855,479460
28,89459146,479459
28,89851041,479460
28,90208572,479459
28,90602071,479458
28,90976489,479461
28,91330169,479459
28,91707748,479457
28,92111747,479459
28,92498864,479459
28,92872405,479456
28,93250377,479459
28,93648170,479457
28,94038633,479456
28,94434921,479457
28,94807765,479457
28,95186370,479457
28,95579770,479457
28,95932157,479458
28,96310441,479457
28,96661712,479457
29,724741,479457
29,1080599,479457
29,1432400,479458
29,1791819,479458
29,2185660,479459
29,2559343,479461
29,2918611,479461
29,3313984,479462
29,3699279,479465
29,4088132,479467
29,4497002,479469
29,4874778,479474
29,5270478,479477
29,5689630,479482
29,6085150,479488
29,6498847,479494
29,6854388,479501
29,7248416,479510
29,7632383,479520
29,8068963,479531
29,8461993,479542
29,8852787,479553
29,9225924,479566
29,9601017,479579
29,9977086,479592
29,10351666,479608
29,10726514,479622
29,11100057,479637
29,11475703,479655
29,11874028,479670
29,12225076,479688
29,12600525,479707
29,13002851,479726
29,13393037,479745
29,13772023,479767
29,14186804,479786
29,14541053,479806
29,14895494,479828
29,15278733,479852
29,15677930,479877
29,16061530,479899
29,16413189,479921
29,16769526,479945
29,17144863,479969
29,17495936,479994
29,17875756,480020
29,18270002,480049
29,18654535,480077
29,19041786,480107
29,19434471,480134
29,19790607,480163
29,20163395,480190
29,20516730,480219
29,20895545,480252
29,21288109,480283
29,21674241,480318
29,22061785,480346
29,22413073,480378
29,22790257,480409
29,23165272,480446
29,23536669,480478
29,23919944,480514
29,24312438,480547
29,24692229,480582
29,25083022,480616
29,25485750,480647
29,25877297,480682
29,26270980,480713
29,26673178,480748
29,27059198,480775
29,27436870,480802
29,27792842,480828
29,28166070,480855
29,28518825,480880
29,28874972,480908
29,29291189,480932
29,29655714,480960
29,30039318,480983
29,30413494,481004
29,30769218,481028
29,31121165,481049
29,31476145,481070
29,31851892,481093
29,32255583,481117
29,32673889,481138
29,33080055,481157
29,33454242,481178
29,33835927,481198
29,34224719,481215
29,34600395,481234
29,35003578,481249
29,35374069,481267
29,35772831,481283
29,36164236,481297
29,36539865,481312
29,36917603,481326
29,37330377,481339
29,37690686,481352
29,38084724,481363
29,38495210,481375
29,38873183,481386
29,39224205,481395
29,39640376,481405
29,39998555,481413
29,40349320,481421
29,40749824,481430
29,41144911,481437
29,41496004,481442
29,41875977,481449
29,42268052,481454
29,42652570,481459
29,43060803,481465
29,43411813,481468
29,43768216,481472
29,44120920,481473
29,44495196,481477
29,44850281,481478
29,45225509,481481
29,45631259,481481
29,46022103,481481
29,46394363,481481
29,46750885,481483
29,47145184,481483
29,47498334,481484
29,47873857,481484
29,48269387,481485
29,48630748,481485
29,48999092,481485
29,49393262,481485
29,49771287,481485
29,50165701,481485
29,50518843,481485
29,50874947,481485
29,51270633,481485
29,51673186,481485
29,52059443,481485
29,52411914,481485
29,52768804,481485
29,53142392,481485
29,53496172,481484
29,53872014,481483
29,54225212,481483
29,54631382,481483
29,55018754,481483
29,55391102,481483
29,55747185,481483
29,56120853,481483
29,56485102,481483
29,56877925,481482
29,57270569,481482
29,57675975,481482
29,58066893,481481
29,58461567,481481
29,58875591,481481
29,59268228,481481
29,59652144,481480
29,60059805,481480
29,60412330,481480
29,60771787,481480
29,61163403,481479
29,61538471,481479
29,61895089,481479
29,62287448,481479
29,62670718,481478
29,63058954,481478
29,63441201,481477
29,63831993,481477
29,64245133,481477
29,64598307,481476
29,64979760,481476
29,65372110,481475
29,65728283,481474
29,66100754,481475
29,66495201,481475
29,66851950,481474
29,67226907,481474
29,67598336,481474
29,67978844,481473
29,68372093,481473
29,68749297,481473
29,69125344,481472
29,69516496,481472
29,69873428,481472
29,70248812,481472
29,70599319,481472
29,70998224,481472
29,71373616,481471
29,71770983,481470
29,72164665,481470
29,72537266,481470
29,72895574,481469
29,73270060,481469
29,73671692,481469
29,74059277,481467
29,74454880,481467
29,74813776,481467
29,75207884,481467
29,75630403,481467
29,76016893,481467
29,76370886,481466
29,76746833,481466
29,77099997,481466
29,77474399,481466
29,77871505,481466
29,78224056,481466
29,78601904,481465
29,78997435,481465
29,79370874,481465
29,79726889,481465
29,80120709,481465
29,80483866,481464
29,80876728,481464
29,81271398,481463
29,81674970,481463
29,82061221,481463
29,82413690,481463
29,82792418,481462
29,83184031,481462
29,83557986,481462
29,83915869,481462
29,84267076,481462
29,84630601,481462
29,84996671,481462
29,85349477,481462
29,85725822,481461
29,86100977,481461
29,86473907,481461
29,86873127,481460
29,87225106,481461
29,87609586,481461
29,87998513,481461
29,88369963,481461
29,88726953,481460
29,89100970,481460
29,89496366,481460
29,89855654,481459
29,90272192,481460
29,90675843,481460
29,91063461,481460
29,91459546,481460
29,91853511,481460
29,92270354,481460
29,92672820,481460
29,93060490,481460
29,93434977,481460
29,93790256,481459
30,855337,481459
30,1240245,481460
30,1616320,481460
30,1991115,481461
30,2348773,481461
30,2715081,481462
30,3080819,481463
30,3417326,481464
30,3769411,481466
30,4132779,481468
30,4483803,481471
30,4811615,481472
30,5168155,481477
30,5520728,481481
30,5879406,481484
30,6240457,481492
30,6611959,481496
30,6985367,481503
30,7326817,481510
30,7699011,481522
30,8083940,481531
30,8449407,481541
30,8801339,481552
30,9158169,481565
30,9530347,481577
30,9926696,481591
30,10311380,481605
30,10681431,481620
30,11038492,481633
30,11442359,481653
30,11834669,481670
30,12232493,481685
30,12604791,481707
30,12999155,481725
30,13376490,481743
30,13768703,481763
30,14128733,481784
30,14502821,481804
30,14898518,481828
30,15312452,481853
30,15707773,481873
30,16071713,481894
30,16448610,481919
30,16810162,481942
30,17166856,481969
30,17561263,481994
30,17913357,482019
30,18290833,482048
30,18689160,482078
30,19113440,482108
30,19502080,482135
30,19900659,482165
30,20293091,482199
30,20665387,482227
30,21037737,482257
30,21435117,482289
30,21810585,482322
30,22167415,482353
30,22539175,482387
30,22935791,482422
30,23314036,482458
30,23706357,482490
30,24071184,482526
30,24458112,482559
30,24831429,482587
30,25209098,482623
30,25602234,482651
30,25957311,482681
30,26311191,482711
30,26685730,482738
30,27039304,482770
30,27435173,482797
30,27810490,482823
30,28167755,482853
30,28562956,482878
30,28936341,482905
30,29293380,482931
30,29688715,482958
30,30072988,482983
30,30456960,483008
30,30830264,483028
30,31210997,483054
30,31602965,483075
30,31965009,483098
30,32358406,483118
30,32729463,483140
30,33132460,483161
30,33520757,483178
30,33913126,483200
30,34314564,483218
30,34707674,483234
30,35103421,483251
30,35501709,483268
30,35898997,483285
30,36290928,483298
30,36664995,483311
30,37038578,483327
30,37436855,483340
30,37788635,483350
30,38163923,483364
30,38560189,483377
30,38913219,483385
30,39292911,483396
30,39685072,483406
30,40038628,483414
30,40435887,483424
30,40820131,483430
30,41228208,483437
30,41601910,483445
30,41976388,483451
30,42357299,483456
30,42750840,483463
30,43145886,483467
30,43540734,483470
30,43936752,483475
30,44312969,483478
30,44705216,483479
30,45069129,483482
30,45477758,483484
30,45832203,483485
30,46208994,483484
30,46600967,483486
30,46955576,483486
30,47310490,483486
30,47663413,483486
30,48039156,483487
30,48435691,483487
30,48808730,483487
30,49165885,483487
30,49559504,483487
30,49912248,483487
30,50294586,483487
30,50688249,483486
30,51114196,483486
30,51499533,483486
30,51874128,483486
30,52230734,483486
30,52621721,483486
30,52998680,483486
30,53356055,483485
30,53747497,483485
30,54124541,483485
30,54479586,483484
30,54895533,483486
30,55255853,483485
30,55666703,483484
30,56069324,483484
30,56435902,483484
30,56788053,483483
30,57186684,483483
30,57540147,483483
30,57912468,483483
30,58291098,483482
30,58664923,483482
30,59038145,483482
30,59450722,483480
30,59813176,483481
30,60208497,483481
30,60603749,483480
30,60977904,483479
30,61333156,483481
30,61707220,483479
30,62070586,483479
30,62461094,483479
30,62854095,483479
30,63229437,483478
30,63603195,483478
30,63954676,483478
30,64312128,483478
30,64717132,483478
30,65111056,483477
30,65500854,483477
30,65898754,483475
30,66313978,483476
30,66708231,483477
30,67111322,483475
30,67497521,483475
30,67851881,483475
30,68207380,483474
30,68560050,483473
30,68913753,483474
30,69290031,483474
30,69685014,483473
30,70040404,483473
30,70455937,483472
30,70809270,483473
30,71169688,483472
30,71537976,483472
30,71932884,483471
30,72313042,483471
30,72704405,483471
30,73071637,483471
30,73439784,483471
30,73832528,483470
30,74209288,483470
30,74603551,483470
30,74957118,483469
30,75313113,483468
30,75704320,483468
30,76092736,483469
30,76501912,483469
30,76897625,483469
30,77314669,483469
30,77707365,483467
30,78100181,483467
30,78478715,483467
30,78849831,483467
30,79205559,483467
30,79558754,483467
30,79911696,483467
30,80288242,483466
30,80662371,483465
30,81036008,483465
30,81412572,483465
30,81787241,483465
30,82162870,483465
30,82538028,483465
30,82910459,483465
30,83321495,483465
30,83706577,483465
30,84068772,483464
30,84458424,483464
30,84854957,483463
30,85251949,483463
30,85649619,483463
30,86039926,483463
30,86414233,483463
30,86790021,483462
30,87165733,483463
30,87540628,483463
30,87916237,483462
30,88313017,483462
30,88708454,483461
30,89124989,483461
30,89503957,483462
30,89899271,483462
30,90290396,483462
30,90663996,483463
30,91039781,483463
30,91434830,483461
30,91809017,483462
30,92165709,483462
30,92538379,483462
30,92934407,483461
30,93311500,483462
30,93684176,483461
30,94072025,483460
30,94463251,483461
30,94831034,483461
30,95189111,483461
30,95604823,483461
30,95999090,483461
30,96356417,483461
30,96728747,483460
31,718537,483460
31,1097559,483461
31,1452871,483461
31,1810074,483462
31,2202815,483463
31,2588810,483465
31,2955975,483465
31,3346438,483466
31,3702908,483467
31,4077178,483471
31,4431836,483472
31,4806885,483476
31,5159827,483480
31,5565666,483486
31,5954527,483490
31,6325371,483496
31,6703203,483505
31,7097530,483512
31,7450201,483519
31,7830685,483529
31,8225518,483542
31,8621194,483552
31,9014500,483564
31,9396415,483579
31,9807359,483592
31,10201062,483606
31,10585874,483624
31,10982625,483636
31,11368835,483656
31,11747079,483671
31,12121925,483690
31,12518205,483707
31,12889454,483725
31,13247029,483745
31,13639684,483763
31,13992027,483782
31,14368868,483801
31,14724869,483820
31,15127556,483845
31,15497904,483866
31,15872869,483892
31,16242602,483916
31,16750997,483951
31,17279400,483986
31,17803327,484020
31,18299806,484055
31,18823748,484093
31,19339304,484132
31,19822300,484171
31,20266515,484205
31,20671168,484231
31,21130901,484274
31,21644835,484316
31,22150282,484361
31,22593749,484397
31,23066717,484444
31,23516169,484484
31,23963350,484520
31,24350037,484553
31,24725825,484587
31,25120014,484620
31,25517187,484651
31,25987525,484694
31,26432703,484726
31,26921083,484767
31,27331230,484798
31,27837366,484836
31,28246115,484865
31,28659620,484897
31,29057988,484920
31,29431659,484943
31,29815344,484972
31,30204927,484996
31,30608972,485022
31,30998990,485044
31,31395312,485068
31,31785801,485091
31,32178456,485112
31,32564705,485134
31,32950412,485151
31,33306588,485170
31,33682506,485190
31,34033582,485205
31,34411891,485225
31,34808754,485245
31,35202459,485259
31,35584412,485277
31,35970668,485291
31,36324143,485303
31,36703703,485316
31,37054184,485331
31,37426842,485342
31,37831071,485356
31,38224972,485367
31,38607646,485378
31,38993424,485389
31,39366032,485398
31,39723805,485409
31,40095632,485418
31,40470265,485425
31,40853195,485433
31,41252541,485441
31,41641744,485447
31,42036693,485454
31,42430601,485459
31,42808550,485464
31,43201904,485467
31,43584531,485474
31,43972498,485474
31,44324683,485478
31,44701593,485479
31,45076400,485481
31,45448826,485482
31,45808069,485483
31,46202938,485483
31,46584015,485485
31,46973178,485485
31,47324222,485485
31,47702570,485486
31,48055424,485486
31,48406061,485486
31,48784781,485486
31,49180088,485487
31,49531280,485487
31,49908252,485487
31,50303624,485487
31,50657433,485487
31,51031300,485487
31,51407327,485486
31,51809769,485486
31,52203932,485486
31,52603643,485486
31,52973407,485486
31,53328153,485484
31,53680847,485485
31,54030732,485485
31,54406913,485485
31,54784647,485484
31,55158886,485484
31,55534476,485484
31,55949028,485484
31,56305928,485482
31,56660297,485482
31,57034142,485483
31,57428456,485483
31,57787482,485482
31,58180886,485482
31,58563030,485482
31,58953000,485482
31,59326788,485481
31,59682925,485482
31,60097203,485482
31,60451567,485480
31,60805951,485480
31,61157377,485480
31,61540991,485480
31,61935844,485480
31,62326793,485480
31,62704540,485478
31,63120183,485478
31,63472341,485478
31,63829189,485478
31,64219755,485478
31,64604294,485477
31,65013952,485477
31,65397656,485476
31,65788169,485477
31,66181417,485476
31,66534773,485475
31,66914905,485476
31,67305495,485475
31,67660549,485475
31,68032783,485475
31,68429527,485475
31,68788583,485474
31,69159408,485474
31,69532412,485474
31,69910695,485473
31,70284480,485472
31,70659959,485473
31,71034490,485472
31,71406851,485471
31,71784337,485472
31,72179248,485472
31,72531913,485470
31,72932649,485470
31,73307226,485470
31,73660405,485470
31,74033957,485470
31,74431033,485470
31,74787514,485470
31,75178258,485468
31,75561669,485468
31,75953200,485469
31,76327858,485469
31,76681583,485468
31,77031580,485468
31,77406831,485468
31,77807090,485468
31,78156595,485468
31,78536008,485468
31,78932140,485468
31,79305012,485467
31,79661091,485466
31,80054594,485466
31,80406201,485467
31,80785321,485466
31,81177449,485466
31,81532238,485468
31,81906990,485465
31,82303088,485465
31,82658769,485467
31,83032061,485465
31,83406205,485465
31,83805233,485465
31,84156509,485465
31,84530805,485465
31,84913977,485465
31,85314755,485465
31,85704697,485465
31,86098287,485464
31,86450907,485464
31,86807940,485464
31,87200824,485464
31,87583710,485463
31,87953863,485464
31,88305733,485464
31,88658125,485464
31,89034843,485464
31,89436421,485464
31,89829178,485463
31,90203741,485464
31,90605602,485464
31,90974786,485464
31,91367796,485464
31,91722998,485464
31,92098815,485464
31,92448445,485463
31,92804792,485463
31,93157914,485463
31,93531437,485463
31,93929092,485462
31,94282937,485462
31,94658421,485462
31,95052894,485463
31,95406810,485463
31,95784640,485463
31,96178685,485463
31,96530703,485463
31,96915772,485462
31,97308850,485462
31,97705412,485462
32,739491,485462
32,1134766,485462
32,1520124,485463
32,1930631,485463
32,2309477,485464
32,2703457,485464
32,3085634,485468
32,3453552,485469
32,3827647,485470
32,4204717,485473
32,4556726,485475
32,4907286,485477
32,5285441,485483
32,5657119,485486
32,6032205,485494
32,6453188,485498
32,6803551,485507
32,7160522,485512
32,7532394,485523
32,7927880,485533
32,8289838,485543
32,8682720,485554
32,9035132,485565
32,9413702,485579
32,9806013,485591
32,10161747,485605
32,10537153,485620
32,10906837,485636
32,11305810,485651
32,11672853,485670
32,12068112,485687
32,12454231,485701
32,12805751,485722
32,13160480,485740
32,13555893,485759
32,13906962,485777
32,14292727,485799
32,14681724,485819
32,15031918,485839
32,15409729,485861
32,15803484,485886
32,16181967,485909
32,16533472,485931
32,16907794,485958
32,17284712,485981
32,17658201,486005
32,18033034,486033
32,18430233,486059
32,18783599,486085
32,19161078,486116
32,19554127,486144
32,19908198,486171
32,20283716,486204
32,20678727,486233
32,21033113,486267
32,21450403,486296
32,21803069,486328
32,22160987,486358
32,22555841,486395
32,22935327,486434
32,23351860,486469
32,23745507,486500
32,24124201,486537
32,24513953,486567
32,24872239,486597
32,25255378,486632
32,25639683,486661
32,26012824,486688
32,26371881,486721
32,26765334,486749
32,27137677,486775
32,27499542,486808
32,27893866,486837
32,28309393,486867
32,28702131,486894
32,29068037,486917
32,29455686,486946
32,29850483,486974
32,30247892,486996
32,30624215,487022
32,31020417,487043
32,31390882,487069
32,31786279,487090
32,32161112,487113
32,32537531,487131
32,32932470,487150
32,33286969,487171
32,33682780,487188
32,34035571,487206
32,34435247,487224
32,34808887,487242
32,35203004,487258
32,35557234,487273
32,35949420,487287
32,36312037,487304
32,36705565,487318
32,37123522,487331
32,37515702,487344
32,37889110,487356
32,38250269,487368
32,38655740,487379
32,39015237,487391
32,39413358,487401
32,39808469,487410
32,40204072,487421
32,40598983,487428
32,40953331,487435
32,41307705,487442
32,41682666,487448
32,42036165,487456
32,42433619,487460
32,42806783,487464
32,43162320,487469
32,43555018,487472
32,43930600,487476
32,44286280,487478
32,44659973,487480
32,45067694,487481
32,45453941,487483
32,45804721,487483
32,46185829,487486
32,46578959,487486
32,46952393,487486
32,47308378,487486
32,47702274,487486
32,48087379,487486
32,48475511,487486
32,48847846,487486
32,49205213,487487
32,49596817,487487
32,49952330,487488
32,50331100,487488
32,50745098,487488
32,51106830,487487
32,51495408,487487
32,51846655,487487
32,52204258,487487
32,52599440,487486
32,52973454,487486
32,53350724,487486
32,53742447,487486
32,54248314,487486
32,54754203,487486
32,55276922,487486
32,55759872,487485
32,56277608,487484
32,56756367,487484
32,57279136,487483
32,57724229,487483
32,58148129,487484
32,58631170,487484
32,59143348,487484
32,59677105,487483
32,60210210,487482
32,60722376,487482
32,61231581,487482
32,61662736,487482
32,62077115,487482
32,62458242,487481
32,62944331,487481
32,63427594,487481
32,63946946,487480
32,64450930,487480
32,64980819,487479
32,65392850,487478
32,65883218,487478
32,66405250,487478
32,66827375,487478
32,67304822,487478
32,67815721,487478
32,68321892,487477
32,68768010,487477
32,69177187,487477
32,69584384,487477
32,69973919,487476
32,70352491,487476
32,70743616,487475
32,71122706,487475
32,71512035,487475
32,71871064,487474
32,72249995,487475
32,72640793,487474
32,73063834,487474
32,73452700,487474
32,73823733,487473
32,74183966,487473
32,74578226,487472
32,74952629,487473
32,75310199,487471
32,75701182,487471
32,76090498,487472
32,76472767,487471
32,76844923,487470
32,77204162,487470
32,77617857,487470
32,77969606,487470
32,78329936,487469
32,78723380,487469
32,79106949,487469
32,79514791,487469
32,79869833,487468
32,80273400,487469
32,80638436,487469
32,80989930,487468
32,81350382,487468
32,81742985,487469
32,82119505,487468
32,82470367,487467
32,82823954,487467
32,83201151,487468
32,83552085,487467
32,83907267,487466
32,84283890,487467
32,84677949,487467
32,85031134,487467
32,85431588,487467
32,85807449,487467
32,86160696,487467
32,86535336,487467
32,86932243,487466
32,87321546,487466
32,87700816,487466
32,88089262,487466
32,88452751,487466
32,88828124,487466
32,89244936,487466
32,89595492,487465
32,89961123,487465
32,90354363,487465
32,90723967,487465
32,91085157,487465
32,91472632,487464
32,91845354,487465
32,92203693,487465
32,92596160,487465
32,92970569,487465
32,93327984,487465
32,93678304,487465
32,94032321,487464
32,94409216,487464
32,94780955,487464
33,749712,487464
33,1126552,487464
33,1552509,487464
33,1943608,487465
33,2312968,487467
33,2667839,487467
33,3062953,487469
33,3433737,487471
33,3791129,487473
33,4167318,487475
33,4572658,487479
33,4959936,487480
33,5373941,487485
33,5751012,487490
33,6145736,487498
33,6550448,487502
33,6914257,487512
33,7267459,487519
33,7645159,487528
33,7998153,487538
33,8370454,487549
33,8749852,487559
33,9123098,487572
33,9524339,487585
33,9913507,487600
33,10289337,487613
33,10647979,487628
33,11040926,487643
33,11414314,487657
33,11773045,487675
33,12166096,487691
33,12551772,487711
33,12959347,487726
33,13313757,487747
33,13731665,487769
33,14124180,487786
33,14496133,487810
33,14896416,487833
33,15290776,487854
33,15668022,487877
33,16060220,487900
33,16414771,487923
33,16803872,487950
33,17189801,487972
33,17569052,488002
33,17964918,488026
33,18354592,488057
33,18750309,488085
33,19121217,488113
33,19495006,488141
33,19893054,488172
33,20266806,488200
33,20623006,488228
33,20995552,488263
33,21390778,488292
33,21768652,488323
33,22120971,488360
33,22525790,488391
33,22918471,488427
33,23311818,488460
33,23668553,488495
33,24041989,488526
33,24416351,488560
33,24772006,488590
33,25144771,488619
33,25497582,488654
33,25897105,488683
33,26266548,488710
33,26626024,488742
33,27020173,488772
33,27394742,488797
33,27750567,488828
33,28145004,488856
33,28498730,488882
33,28875865,488910
33,29287926,488936
33,29647133,488963
33,30040898,488987
33,30412647,489008
33,30768872,489032
33,31122765,489053
33,31495311,489078
33,31895699,489097
33,32248913,489116
33,32624499,489140
33,33019138,489158
33,33370718,489175
33,33751033,489198
33,34145571,489214
33,34496656,489229
33,34874483,489248
33,35270899,489265
33,35625075,489278
33,35999110,489295
33,36393122,489310
33,36771228,489324
33,37166272,489335
33,37549628,489352
33,37938294,489364
33,38350173,489374
33,38709111,489387
33,39108061,489397
33,39527142,489408
33,39915098,489418
33,40266330,489424
33,40644805,489432
33,41026520,489441
33,41413165,489449
33,41778282,489452
33,42164890,489461
33,42547220,489465
33,42934487,489470
33,43308158,489473
33,43685814,489478
33,44036667,489479
33,44390643,489481
33,44753588,489484
33,45165114,489486
33,45529273,489486
33,45918715,489488
33,46289672,489489
33,46645247,489490
33,46995202,489490
33,47369595,489491
33,47771720,489491
33,48166207,489492
33,48549266,489492
33,48938856,489492
33,49331894,489492
33,49709112,489492
33,50088462,489492
33,50479675,489492
33,50894111,489491
33,51245874,489491
33,51622764,489491
33,52017920,489491
33,52369955,489491
33,52747371,489491
33,53143464,489490
33,53494368,489489
33,53891289,489489
33,54266241,489489
33,54622282,489489
33,54995667,489489
33,55392258,489488
33,55773319,489488
33,56166527,489488
33,56547523,489488
33,56936814,489487
33,57291472,489487
33,57646049,489487
33,57996647,489487
33,58371430,489486
33,58772976,489486
33,59144693,489486
33,59496115,489486
33,59895932,489485
33,60269160,489485
33,60625438,489485
33,61019146,489485
33,61373871,489484
33,61750323,489484
33,62144830,489484
33,62526103,489483
33,62915151,489483
33,63266802,489483
33,63624564,489483
33,63995868,489481
33,64369924,489481
33,64770210,489481
33,65130216,489481
33,65528025,489481
33,65922750,489480
33,66309537,489480
33,66670241,489480
33,67061353,489479
33,67411888,489479
33,67792952,489479
33,68185644,489479
33,68570495,489478
33,68958957,489478
33,69310923,489478
33,69687724,489478
33,70041803,489476
33,70390374,489476
33,70749813,489476
33,71122023,489476
33,71526470,489476
33,71914734,489476
33,72287179,489476
33,72647678,489476
33,73018268,489476
33,73370294,489475
33,73768878,489475
33,74122591,489475
33,74494423,489475
33,74917388,489474
33,75312093,489474
33,75663837,489474
33,76018261,489474
33,76374768,489474
33,76746673,489474
33,77119938,489474
33,77526461,489473
33,77918006,489473
33,78291657,489473
33,78646039,489473
33,78999587,489472
33,79373708,489472
33,79771025,489472
33,80119864,489472
33,80495763,489472
33,80895208,489472
33,81246937,489472
33,81625180,489471
33,82016905,489471
33,82369710,489471
33,82750019,489471
33,83144429,489470
33,83495140,489470
33,83874370,489470
33,84265979,489470
33,84623410,489470
33,84995527,489470
33,85390528,489470
33,85748733,489470
33,86120828,489470
33,86525015,489470
33,86892769,489470
33,87244906,489469
33,87641976,489469
33,87996335,489469
33,88368917,489469
33,88762109,489469
33,89125957,489469
33,89498120,489469
33,89903916,489469
33,90287920,489469
33,90667599,489469
33,91039244,489468
33,91390543,489467
33,91748175,489468
33,92121609,489468
33,92524823,489468
33,92913456,489468
33,93286369,489468
33,93642342,489467
33,93996867,489467
33,94369681,489467
33,94773480,489467
33,95188143,489467
33,95582387,489467
33,95943048,489467
33,96340411,489466
33,96720210,489466
33,97080191,489466
33,97435851,489466
33,97789624,489466
33,98142319,489466
33,98495531,489466
33,98874699,489466
34,736720,489466
34,1120485,489466
34,1491067,489466
34,1875668,489467
34,2263315,489468
34,2616187,489468
34,2980202,489469
34,3378477,489472
34,3752994,489474
34,4144576,489475
34,4515620,489479
34,4880524,489482
34,5264381,489483
34,5637378,489489
34,6018028,489495
34,6409896,489500
34,6761810,489508
34,7142811,489515
34,7534303,489525
34,7912839,489533
34,8264687,489542
34,8616407,489553
34,8977810,489566
34,9395859,489578
34,9789102,489592
34,10185630,489608
34,10574199,489624
34,10953505,489638
34,11329057,489656
34,11741462,489672
34,12121575,489689
34,12516356,489708
34,12878699,489727
34,13268838,489744
34,13662596,489765
34,14068137,489788
34,14454831,489810
34,14854830,489830
34,15225162,489853
34,15599872,489877
34,15998415,489901
34,16391529,489923
34,16765705,489948
34,17122475,489975
34,17516811,489999
34,17897002,490029
34,18285337,490053
34,18686386,490083
34,19077674,490115
34,19450184,490143
34,19824099,490174
34,20220924,490203
34,20574107,490232
34,20951362,490260
34,21323913,490296
34,21699712,490324
34,22080594,490361
34,22475255,490390
34,22858923,490428
34,23246122,490461
34,23598015,490490
34,23955301,490522
34,24327620,490555
34,24698976,490589
34,25097931,490618
34,25454747,490650
34,25828676,490685
34,26224183,490713
34,26598055,490742
34,26954835,490774
34,27348191,490801
34,27723766,490828
34,28080621,490857
34,28474457,490883
34,28854071,490911
34,29245533,490935
34,29617087,490959
34,29975276,490987
34,30367661,491009
34,30741209,491031
34,31099568,491053
34,31449569,491073
34,31823775,491099
34,32222557,491118
34,32573643,491137
34,32953238,491160
34,33328971,491177
34,33702182,491195
34,34093050,491215
34,34471555,491232
34,34861455,491249
34,35248400,491267
34,35663125,491284
34,36065162,491299
34,36454438,491312
34,36826052,491327
34,37224243,491341
34,37598963,491352
34,37967166,491366
34,38360486,491377
34,38724524,491388
34,39080822,491397
34,39475831,491409
34,39858259,491417
34,40245382,491426
34,40618212,491435
34,40975648,491440
34,41390046,491447
34,41743887,491455
34,42120685,491460
34,42513669,491464
34,42878560,491471
34,43264729,491474
34,43640069,491478
34,44000399,491481
34,44392922,491484
34,44767540,491486
34,45183691,491487
34,45535213,491487
34,45902275,491488
34,46306371,491489
34,46679860,491489
34,47065484,491489
34,47471811,491489
34,47826018,491489
34,48226175,491489
34,48617431,491490
34,48976729,491490
34,49369825,491490
34,49722078,491491
34,50102179,491492
34,50495280,491491
34,50859922,491491
34,51249890,491491
34,51619986,491491
34,51975039,491491
34,52328310,491491
34,52700881,491491
34,53078230,491490
34,53451366,491490
34,53825759,491490
34,54223320,491490
34,54596413,491490
34,54953858,491489
34,55348417,491489
34,55721733,491489
34,56077804,491489
34,56453298,491489
34,56856799,491489
34,57245943,491489
34,57617526,491488
34,57973681,491488
34,58326847,491488
34,58700623,491488
34,59114476,491487
34,59499511,491487
34,59882765,491487
34,60267148,491485
34,60660173,491486
34,61040518,491486
34,61411622,491486
34,61775227,491485
34,62167184,491485
34,62550845,491484
34,62934841,491484
34,63348024,491484
34,63723293,491483
34,64078102,491484
34,64474231,491484
34,64879036,491483
34,65244024,491482
34,65596979,491482
34,65956666,491482
34,66329771,491482
34,66723357,491482
34,67100662,491482
34,67493125,491482
34,67857249,491480
34,68246423,491480
34,68616977,491480
34,68974732,491480
34,69346957,491480
34,69700066,491480
34,70077859,491480
34,70450592,491480
34,70824943,491480
34,71345481,491480
34,71773553,491480
34,72264523,491480
34,72760632,491479
34,73265453,491479
34,73774079,491479
34,74246201,491478
34,74666637,491478
34,75054566,491478
34,75416951,491477
34,75767614,491477
34,76201597,491477
34,76667211,491476
34,77106785,491476
34,77516743,491477
34,77895848,491476
34,78220683,491476
34,78569870,491476
34,78891503,491475
34,79268252,491474
34,79610334,491474
34,79929075,491475
34,80280783,491474
34,80650711,491474
34,81000065,491474
34,81351098,491474
34,81704972,491474
34,82067875,491473
34,82432103,491473
34,82790813,491473
34,83144223,491473
34,83494051,491473
34,83856577,491472
34,84197883,491472
34,84590710,491472
34,84946965,491472
34,85306526,491472
34,85660689,491471
34,86027790,491471
34,86406261,491472
34,86776151,491471
34,87157384,491471
34,87510493,491471
34,87871726,491471
34,88220189,491471
34,88577378,491471
34,88931721,491471
34,89284549,491471
34,89674576,491470
34,90018061,491470
34,90362103,491470
34,90722571,491470
34,91079182,491470
34,91430830,491470
34,91784922,491470
34,92147075,491469
34,92527001,491469
34,92896690,491469
34,93248031,491468
34,93608355,491468
34,93956683,491468
34,94307537,491468
34,94668315,491468
34,95025717,491468
34,95402120,491469
34,95754522,491467
34,96113141,491469
34,96469362,491469
34,96823928,491467
34,97226496,491467
35,716654,491467
35,1104280,491468
35,1498176,491467
35,1905109,491468
35,2293044,491470
35,2704186,491470
35,3058002,491471
35,3433252,491473
35,3835159,491476
35,4226932,491478
35,4599291,491481
35,4958186,491482
35,5350214,491489
35,5726473,491492
35,6101243,491498
35,6453766,491504
35,6807401,491511
35,7205199,491519
35,7576742,491527
35,7934934,491537
35,8326709,491547
35,8703104,491559
35,9058307,491571
35,9430451,491584
35,9806443,491596
35,10206406,491612
35,10578915,491624
35,10955128,491640
35,11320882,491657
35,11708519,491672
35,12099299,491692
35,12475366,491708
35,12859522,491728
35,13257594,491749
35,13643895,491769
35,14023620,491786
35,14417485,491809
35,14804873,491832
35,15205876,491855
35,15618285,491876
35,15977363,491901
35,16393164,491925
35,16745292,491948
35,17102032,491970
35,17453380,491997
35,17837219,492024
35,18227192,492049
35,18597097,492079
35,18978099,492107
35,19348899,492131
35,19699805,492161
35,20058009,492189
35,20432160,492222
35,20835382,492255
35,21226007,492286
35,21599241,492316
35,21953943,492347
35,22307921,492377
35,22679722,492415
35,23104860,492450
35,23498967,492488
35,23900850,492520
35,24283870,492555
35,24662903,492589
35,25085253,492625
35,25478723,492653
35,25859887,492687
35,26267777,492714
35,26621263,492746
35,26975498,492770
35,27325821,492800
35,27701973,492826
35,28058926,492855
35,28453297,492880
35,28835768,492911
35,29225734,492933
35,29599907,492958
35,29954882,492983
35,30306892,493008
35,30729141,493033
35,31122103,493055
35,31495274,493076
35,31858100,493098
35,32246328,493120
35,32598702,493137
35,32982841,493159
35,33392585,493180
35,33812350,493200
35,34211260,493218
35,34602371,493238
35,35021089,493256
35,35411080,493272
35,35802548,493288
35,36208582,493304
35,36600335,493317
35,36958202,493331
35,37350341,493344
35,37735051,493360
35,38146520,493370
35,38570862,493384
35,38956871,493395
35,39372947,493406
35,39765870,493413
35,40143208,493423
35,40494394,493430
35,40858081,493439
35,41269189,493446
35,41681926,493453
35,42080817,493458
35,42474194,493465
35,42858950,493469
35,43246679,493474
35,43621202,493477
35,43998271,493481
35,44392052,493482
35,44745144,493485
35,45102042,493487
35,45518281,493489
35,45894728,493489
35,46290199,493491
35,46683202,493491
35,47058665,493492
35,47452429,493492
35,47813728,493492
35,48207027,493492
35,48601209,493492
35,48956481,493492
35,49350571,493493
35,49704427,493493
35,50081236,493493
35,50475090,493493
35,50840885,493493
35,51247353,493493
35,51640603,493493
35,52017529,493492
35,52390431,493492
35,52764615,493492
35,53141752,493492
35,53493231,493492
35,53859347,493492
35,54246899,493492
35,54620413,493492
35,54997534,493492
35,55349354,493492
35,55702171,493492
35,56060222,493491
35,56431437,493491
35,56838892,493491
35,57224785,493491
35,57597963,493490
35,57954819,493490
35,58305782,493490
35,58680528,493490
35,59082681,493490
35,59496129,493490
35,59874557,493489
35,60250079,493489
35,60661394,493489
35,61023621,493488
35,61396525,493488
35,61784992,493488
35,62175905,493488
35,62560050,493488
35,62955461,493487
35,63329770,493487
35,63703347,493487
35,64057494,493487
35,64453257,493487
35,64805084,493486
35,65204044,493486
35,65576713,493486
35,65933043,493486
35,66306786,493485
35,66702770,493485
35,67061866,493485
35,67432695,493484
35,67837450,493483
35,68226537,493483
35,68601101,493484
35,68955697,493483
35,69308131,493483
35,69681425,493483
35,70080564,493483
35,70476061,493483
35,70860198,493482
35,71267671,493482
35,71684221,493482
35,72080773,493481
35,72432371,493481
35,72806175,493481
35,73204140,493481
35,73557230,493481
35,73935974,493480
35,74328909,493480
35,74701532,493480
35,75057475,493480
35,75452237,493480
35,75806749,493480
35,76205383,493478
35,76580573,493478
35,76956749,493478
35,77350550,493478
35,77702744,493478
35,78081238,493478
35,78473352,493478
35,78859569,493477
35,79247378,493477
35,79601117,493477
35,79976992,493477
35,80370770,493476
35,80724195,493476
35,81100609,493476
35,81453554,493475
35,81807404,493475
35,82228387,493475
35,82622993,493475
35,82997039,493474
35,83349793,493474
35,83703430,493474
35,84069916,493474
35,84477268,493474
35,84879542,493474
35,85248323,493474
35,85599489,493473
35,85964185,493473
35,86375114,493473
35,86766908,493473
35,87141529,493472
35,87495955,493472
35,87857949,493472
35,88244506,493472
35,88620414,493471
35,88997653,493472
35,89351032,493471
35,89703833,493471
35,90059009,493470
35,90432108,493471
35,90844417,493470
35,91224905,493470
35,91598982,493471
35,91958948,493471
35,92349984,493469
35,92704933,493470
35,93080288,493471
35,93433441,493469
35,93808511,493470
35,94207130,493470
35,94598538,493469
36,705590,493469
36,1062608,493469
36,1437159,493471
36,1858327,493472
36,2249055,493471
36,2626940,493474
36,3020085,493474
36,3394139,493477
36,3749920,493477
36,4102377,493481
36,4491793,493482
36,4877443,493486
36,5290210,493490
36,5647511,493495
36,6041430,493499
36,6417996,493508
36,6813279,493513
36,7227880,493524
36,7585510,493532
36,7978686,493543
36,8354786,493553
36,8731038,493565
36,9124737,493576
36,9490531,493590
36,9878658,493603
36,10247904,493616
36,10624840,493630
36,10997751,493647
36,11372180,493660
36,11728653,493677
36,12091972,493694
36,12488425,493714
36,12876224,493735
36,13270449,493752
36,13624916,493770
36,13978783,493790
36,14350421,493809
36,14729229,493831
36,15124249,493855
36,15553938,493880
36,15939735,493905
36,16339462,493928
36,16731199,493955
36,17125500,493980
36,17523205,494011
36,17920964,494040
36,18331328,494065
36,18707877,494091
36,19062143,494122
36,19468549,494148
36,19832725,494175
36,20187115,494208
36,20582359,494237
36,20957079,494265
36,21311368,494296
36,21707221,494329
36,22080270,494360
36,22436365,494396
36,22834799,494428
36,23204046,494460
36,23561474,494492
36,23934479,494528
36,24329559,494559
36,24686263,494591
36,25059870,494625
36,25467371,494660
36,25851313,494690
36,26226193,494717
36,26584684,494753
36,26998296,494779
36,27352478,494805
36,27731481,494839
36,28124257,494865
36,28488286,494894
36,28895212,494919
36,29248688,494943
36,29629582,494970
36,30021428,494997
36,30419294,495017
36,30792139,495046
36,31185204,495066
36,31561708,495088
36,31935817,495110
36,32330657,495130
36,32686590,495151
36,33080202,495167
36,33433402,495186
36,33832551,495208
36,34204093,495221
36,34561269,495241
36,34958211,495259
36,35331127,495274
36,35687089,495288
36,36062224,495306
36,36481813,495320
36,36879992,495335
36,37289913,495348
36,37651579,495362
36,38047844,495374
36,38470312,495385
36,38855754,495396
36,39228482,495406
36,39583127,495417
36,40009295,495427
36,40416510,495436
36,40812098,495444
36,41209389,495450
36,41582797,495455
36,41936038,495463
36,42311702,495467
36,42714028,495472
36,43103881,495478
36,43488196,495481
36,43895752,495483
36,44246587,495488
36,44625646,495491
36,45021835,495491
36,45419483,495492
36,45790130,495493
36,46147098,495493
36,46545551,495493
36,46954604,495495
36,47329931,495496
36,47687222,495495
36,48080363,495496
36,48434043,495497
36,48836376,495497
36,49229075,495497
36,49626884,495498
36,50042910,495497
36,50436913,495497
36,50832407,495497
36,51208746,495497
36,51561877,495497
36,51935957,495497
36,52329792,495496
36,52687641,495496
36,53059397,495495
36,53463589,495495
36,53853077,495495
36,54225947,495495
36,54581295,495495
36,54956226,495494
36,55335478,495494
36,55728125,495494
36,56080716,495493
36,56433525,495493
36,56832805,495493
36,57204768,495493
36,57563457,495492
36,57956339,495492
36,58329150,495492
36,58685658,495492
36,59059419,495492
36,59466091,495492
36,59856381,495492
36,60230136,495491
36,60640473,495491
36,61000633,495491
36,61396000,495490
36,61749784,495490
36,62105209,495490
36,62489157,495489
36,62873008,495489
36,63226386,495489
36,63604552,495488
36,63997582,495488
36,64362644,495488
36,64751721,495488
36,65123036,495488
36,65487081,495488
36,65851443,495487
36,66204122,495487
36,66561619,495487
36,66935011,495487
36,67329622,495486
36,67705324,495485
36,68111750,495485
36,68538186,495483
36,68916079,495485
36,69269018,495484
36,69646709,495483
36,70040287,495483
36,70391771,495484
36,70773733,495482
36,71168014,495482
36,71589851,495482
36,71998129,495481
36,72352373,495481
36,72708864,495481
36,73109918,495481
36,73504727,495481
36,73881311,495481
36,74271478,495481
36,74648352,495480
36,75026715,495480
36,75418532,495480
36,75792203,495480
36,76185280,495480
36,76561665,495479
36,76956467,495479
36,77331179,495478
36,77686865,495478
36,78081557,495478
36,78435786,495478
36,78833394,495478
36,79226622,495478
36,79582616,495478
36,79936766,495477
36,80308213,495477
36,80686150,495477
36,81059816,495476
36,81434002,495476
36,81836882,495476
36,82230084,495476
36,82626437,495476
36,82999980,495476
36,83397565,495476
36,83768951,495476
36,84124161,495475
36,84487510,495474
36,84867594,495474
36,85274129,495474
36,85672284,495474
36,86061768,495474
36,86436937,495474
36,86833745,495474
36,87226072,495474
36,87607597,495474
36,87977125,495474
36,88340825,495473
36,88731358,495473
36,89123172,495473
36,89507955,495473
36,89893780,495473
36,90267541,495472
36,90628596,495472
36,90999907,495472
36,91353365,495472
36,91709238,495471
36,92124722,495472
36,92488417,495473
36,92875130,495471
36,93246978,495471
36,93604091,495472
36,93954822,495470
36,94330839,495470
36,94687034,495471
36,95079945,495471
36,95434170,495471
36,95835826,495470
36,96225874,495472
36,96584314,495469
36,96977682,495469
36,97330088,495470
36,97689413,495470
36,98061623,495469
37,721225,495470
37,1120765,495470
37,1494470,495470
37,1894360,495471
37,2299231,495473
37,2673165,495473
37,3058151,495474
37,3412145,495475
37,3789525,495477
37,4184354,495479
37,4537101,495482
37,4921157,495486
37,5312021,495490
37,5710953,495494
37,6098394,495501
37,6473289,495507
37,6850569,495515
37,7268068,495522
37,7632333,495533
37,8028888,495543
37,8394274,495554
37,8789862,495565
37,9185962,495578
37,9589900,495593
37,9996937,495607
37,10394465,495623
37,10789571,495639
37,11185335,495657
37,11569090,495673
37,11961980,495692
37,12372150,495708
37,12748769,495729
37,13140024,495746
37,13497275,495766
37,13894362,495787
37,14286838,495807
37,14665851,495828
37,15041237,495854
37,15434888,495873
37,15812369,495897
37,16250332,495923
37,16630987,495950
37,17017700,495974
37,17390266,495998
37,17746625,496023
37,18121121,496050
37,18493260,496078
37,18875242,496104
37,19247105,496137
37,19652883,496166
37,20043713,496196
37,20413795,496229
37,20811188,496258
37,21187619,496293
37,21581941,496323
37,21953258,496353
37,22314579,496383
37,22700946,496420
37,23059170,496451
37,23437926,496484
37,23814420,496519
37,24210498,496556
37,24629280,496591
37,25015803,496622
37,25391471,496652
37,25747653,496686
37,26140493,496716
37,26514039,496744
37,26875780,496776
37,27269108,496803
37,27654742,496834
37,28039850,496859
37,28414136,496885
37,28769301,496914
37,29160637,496938
37,29536636,496963
37,29895203,496990
37,30289723,497013
37,30673438,497039
37,31060575,497059
37,31433208,497082
37,31790833,497106
37,32205638,497128
37,32600753,497149
37,33017018,497170
37,33369210,497186
37,33726905,497204
37,34131104,497224
37,34516619,497243
37,34894163,497258
37,35286104,497278
37,35670672,497292
37,36036634,497306
37,36390258,497321
37,36746546,497333
37,37097941,497347
37,37473190,497359
37,37877205,497372
37,38266199,497384
37,38651025,497395
37,39051064,497404
37,39414927,497416
37,39812854,497425
37,40208991,497432
37,40600698,497442
37,40996817,497447
37,41347616,497455
37,41727240,497462
37,42119208,497467
37,42493978,497472
37,42853392,497477
37,43247473,497481
37,43650457,497483
37,44019665,497488
37,44412512,497490
37,44788468,497491
37,45142527,497493
37,45492567,497494
37,45849498,497494
37,46222565,497495
37,46596445,497496
37,46994412,497496
37,47348339,497497
37,47723296,497497
37,48119204,497497
37,48493474,497498
37,48874758,497498
37,49245460,497498
37,49596641,497498
37,49998395,497498
37,50393420,497498
37,50789669,497498
37,51183543,497498
37,51536134,497497
37,51892445,497497
37,52267501,497497
37,52632420,497497
37,53022422,497497
37,53392499,497496
37,53747538,497496
37,54140927,497496
37,54514184,497496
37,54870016,497496
37,55223211,497496
37,55598111,497495
37,55995686,497495
37,56367683,497495
37,56725379,497494
37,57118456,497494
37,57493893,497494
37,57859067,497494
37,58243967,497494
37,58597515,497494
37,58995317,497494
37,59367581,497494
37,59726292,497494
37,60097564,497493
37,60471892,497491
37,60850286,497494
37,61226601,497492
37,61631272,497491
37,61999867,497492
37,62391845,497492
37,62747469,497491
37,63130028,497491
37,63536778,497492
37,63895383,497490
37,64288429,497490
37,64672017,497490
37,65061344,497490
37,65458234,497489
37,65849259,497489
37,66245013,497489
37,66596999,497489
37,66994855,497489
37,67369307,497489
37,67726137,497488
37,68120139,497488
37,68493062,497488
37,68865850,497487
37,69223477,497486
37,69626578,497486
37,70019846,497486
37,70392253,497486
37,70747761,497486
37,71099803,497486
37,71474610,497486
37,71871011,497485
37,72221666,497485
37,72597480,497484
37,72996325,497484
37,73349442,497483
37,73729040,497483
37,74120480,497483
37,74499087,497483
37,74892969,497483
37,75246877,497483
37,75636359,497481
37,76022923,497481
37,76434320,497481
37,76788637,497481
37,77141243,497481
37,77494442,497481
37,77854171,497481
37,78224315,497480
37,78597049,497480
37,78995161,497480
37,79347082,497479
37,79725328,497479
37,80118174,497479
37,80492662,497479
37,80870734,497479
37,81242947,497478
37,81596584,497478
37,82009354,497478
37,82369791,497478
37,82723751,497478
37,83098447,497477
37,83493655,497477
37,83853426,497477
37,84245267,497477
37,84630960,497476
37,85021988,497476
37,85390870,497476
37,85746592,497475
37,86099154,497475
37,86471330,497475
37,86885884,497475
37,87249850,497474
37,87654087,497474
37,88040497,497474
37,88410073,497474
37,88768455,497474
37,89162923,497474
37,89536083,497474
37,89892843,497474
37,90287826,497474
37,90669790,497474
37,91057762,497473
37,91433126,497473
37,91789286,497473
37,92182241,497473
37,92557972,497472
37,92916679,497472
37,93309523,497472
37,93684300,497472
37,94035552,497472
37,94390247,497472
37,94772345,497472
37,95165089,497472
37,95540302,497472
37,95935988,497471
37,96328797,497471
38,728866,497471
38,1103851,497472
38,1479466,497472
38,1876105,497472
38,2270471,497474
38,2647006,497474
38,3018857,497476
38,3372534,497478
38,3732872,497479
38,4124876,497481
38,4478633,497483
38,4878679,497488
38,5270032,497490
38,5647132,497495
38,6039223,497500
38,6392480,497506
38,6754075,497513
38,7167876,497523
38,7584842,497532
38,7978392,497542
38,8363082,497553
38,8752619,497566
38,9143634,497578
38,9506999,497589
38,9875287,497606
38,10271572,497618
38,10647777,497636
38,11042559,497650
38,11416723,497666
38,11792858,497684
38,12186237,497702
38,12549645,497721
38,12938881,497738
38,13317146,497760
38,13712077,497782
38,14102045,497800
38,14476492,497825
38,14906103,497848
38,15293349,497869
38,15666275,497890
38,16018423,497914
38,16373259,497936
38,16727875,497960
38,17103923,497988
38,17526230,498016
38,17925736,498043
38,18328252,498075
38,18744679,498100
38,19108603,498130
38,19480204,498158
38,19871932,498188
38,20219921,498219
38,20628555,498248
38,20978497,498279
38,21397812,498317
38,21796748,498346
38,22158747,498379
38,22462939,498405
38,22786755,498432
38,23071700,498461
38,23390390,498490
38,23750718,498519
38,24102867,498552
38,24454116,498583
38,24817425,498613
38,25167060,498641
38,25529916,498673
38,25872585,498704
38,26246183,498730
38,26603914,498757
38,26959373,498786
38,27297914,498812
38,27668727,498841
38,28021374,498867
38,28375847,498894
38,28756648,498918
38,29106406,498944
38,29459727,498968
38,29821708,498993
38,30195205,499016
38,30554199,499038
38,30902510,499061
38,31255215,499080
38,31633514,499101
38,32000453,499121
38,32362182,499142
38,32766322,499162
38,33117455,499180
38,33493325,499201
38,33868045,499218
38,34245563,499233
38,34621015,499254
38,35024009,499271
38,35417374,499286
38,35794754,499300
38,36188811,499317
38,36589898,499330
38,36978132,499346
38,37352881,499357
38,37730510,499372
38,38123303,499381
38,38518725,499395
38,38899476,499404
38,39292595,499414
38,39691201,499426
38,40083083,499433
38,40510376,499444
38,40901450,499452
38,41289077,499457
38,41687496,499463
38,42040209,499469
38,42397700,499474
38,42793342,499478
38,43187242,499484
38,43564599,499487
38,43976412,499489
38,44349961,499492
38,44752082,499495
38,45142948,499496
38,45529284,499497
38,45916121,499498
38,46288206,499498
38,46646228,499500
38,47039352,499500
38,47393274,499500
38,47772345,499500
38,48165786,499500
38,48527688,499500
38,48893562,499501
38,49247069,499501
38,49602836,499501
38,49975732,499500
38,50371634,499500
38,50731462,499501
38,51123346,499501
38,51505639,499501
38,51894636,499499
38,52267526,499500
38,52622725,499500
38,52978069,499500
38,53350635,499500
38,53752392,499499
38,54147552,499500
38,54531268,499498
38,54923066,499498
38,55311055,499499
38,55688432,499498
38,56094435,499497
38,56476361,499498
38,56876895,499498
38,57289172,499497
38,57645141,499497
38,57997679,499497
38,58371311,499497
38,58727840,499497
38,59123116,499496
38,59504862,499496
38,59893130,499496
38,60245864,499494
38,60603051,499494
38,60975739,499495
38,61352137,499494
38,61753662,499494
38,62146130,499494
38,62512019,499494
38,62886389,499493
38,63271270,499493
38,63644912,499493
38,63998225,499493
38,64350796,499493
38,64730356,499493
38,65124496,499491
38,65476887,499491
38,65877127,499491
38,66270623,499491
38,66667078,499491
38,67061291,499491
38,67413445,499490
38,67790840,499490
38,68142444,499490
38,68509458,499489
38,68918055,499489
38,69329743,499489
38,69689852,499488
38,70082937,499487
38,70510374,499487
38,70897362,499487
38,71291056,499487
38,71687501,499487
38,72038204,499486
38,72392109,499486
38,72751235,499484
38,73144284,499485
38,73530140,499484
38,73917835,499485
38,74311187,499484
38,74689486,499484
38,75082605,499483
38,75475426,499483
38,75876628,499483
38,76292706,499483
38,76690869,499483
38,77084011,499482
38,77477770,499482
38,77875686,499481
38,78270824,499480
38,78645190,499480
38,78997871,499480
38,79370657,499480
38,79748198,499480
38,80122343,499480
38,80487793,499480
38,80898013,499479
38,81292316,499479
38,81688011,499478
38,82086367,499478
38,82479197,499478
38,82873501,499477
38,83250448,499477
38,83645963,499477
38,84000359,499478
38,84375291,499478
38,84793058,499477
38,85187813,499477
38,85550822,499477
38,85935184,499477
38,86312805,499477
38,86689609,499477
38,87089030,499477
38,87512180,499477
38,87897684,499477
38,88289956,499477
38,88667938,499477
38,89037637,499477
38,89395303,499476
38,89751552,499476
38,90144880,499476
38,90526371,499476
38,90916174,499476
38,91290697,499476
38,91646797,499475
38,92082560,499475
38,92463900,499475
38,92833183,499475
38,93228512,499475
38,93624493,499475
38,93998583,499475
38,94353622,499474
38,94773016,499474
38,95167885,499474
38,95549661,499474
38,95937467,499474
38,96289532,499474
38,96668819,499474
39,718227,499474
39,1107880,499474
39,1494739,499474
39,1885688,499475
39,2245849,499475
39,2645130,499477
39,3031287,499478
39,3431135,499480
39,3825231,499481
39,4181040,499484
39,4574645,499487
39,4948837,499489
39,5305633,499493
39,5657169,499497
39,6031590,499501
39,6449759,499508
39,6816119,499516
39,7206176,499523
39,7597240,499533
39,7955977,499544
39,8350905,499555
39,8744503,499567
39,9145976,499582
39,9556670,499595
39,9952789,499607
39,10350825,499626
39,10740329,499640
39,11111183,499654
39,11494033,499672
39,11888243,499688
39,12269149,499708
39,12679221,499724
39,13033233,499745
39,13452797,499765
39,13866441,499785
39,14244423,499806
39,14642159,499829
39,15042392,499850
39,15409290,499876
39,15781359,499897
39,16159082,499921
39,16533558,499947
39,16927171,499971
39,17284855,499995
39,17657813,500023
39,18061491,500054
39,18450462,500078
39,18823070,500106
39,19180922,500133
39,19533423,500162
39,19906675,500193
39,20309104,500222
39,20683381,500255
39,21088508,500283
39,21474281,500318
39,21888920,500355
39,22269348,500388
39,22658949,500422
39,23030902,500460
39,23430067,500491
39,23804205,500521
39,24159969,500559
39,24554312,500591
39,24926775,500621
39,25284305,500655
39,25679998,500689
39,26061481,500719
39,26449156,500748
39,26825203,500777
39,27179931,500805
39,27531272,500831
39,27906937,500862
39,28285783,500891
39,28657152,500912
39,29032734,500942
39,29428780,500966
39,29781638,500989
39,30163136,501015
39,30556679,501042
39,30950045,501063
39,31338737,501087
39,31724030,501109
39,32105852,501131
39,32493807,501149
39,32868314,501170
39,33245489,501191
39,33642320,501210
39,34033217,501232
39,34428955,501249
39,34803765,501263
39,35158761,501279
39,35532477,501297
39,35906858,501309
39,36287889,501326
39,36681378,501339
39,37065255,501352
39,37455652,501365
39,37845331,501379
39,38223536,501390
39,38595990,501400
39,38948234,501410
39,39316398,501419
39,39699743,501429
39,40084297,501439
39,40495865,501446
39,40888260,501456
39,41266385,501463
39,41660683,501469
39,42060992,501475
39,42454528,501481
39,42846769,501484
39,43199722,501489
39,43555744,501492
39,43929728,501494
39,44286391,501498
39,44678471,501500
39,45030826,501500
39,45451576,501502
39,45803210,501502
39,46160184,501504
39,46532373,501504
39,46926744,501504
39,47285967,501505
39,47658493,501505
39,48062228,501505
39,48451204,501505
39,48823552,501505
39,49201538,501505
39,49594618,501505
39,49950846,501505
39,50325002,501505
39,50677402,501504
39,51031969,501504
39,51449651,501504
39,51801941,501504
39,52159171,501504
39,52532496,501504
39,52928547,501504
39,53283104,501504
39,53659996,501502
39,54067907,501502
39,54453268,501502
39,54846785,501502
39,55235234,501502
39,55595940,501502
39,55946887,501502
39,56307452,501501
39,56700640,501501
39,57087697,501500
39,57476266,501500
39,57867692,501499
39,58244379,501499
39,58619141,501499
39,59014656,501499
39,59387647,501499
39,59744542,501498
39,60143127,501498
39,60555004,501498
39,60905935,501498
39,61284283,501497
39,61677371,501497
39,62030753,501497
39,62408056,501496
39,62802046,501496
39,63159024,501494
39,63546469,501494
39,63932048,501495
39,64328651,501495
39,64701632,501494
39,65108608,501494
39,65470489,501493
39,65823796,501493
39,66181688,501493
39,66554024,501493
39,66908937,501492
39,67307506,501491
39,67681237,501491
39,68086572,501490
39,68495311,501490
39,68888994,501490
39,69305983,501490
39,69700148,501490
39,70085398,501487
39,70469829,501489
39,70844984,501488
39,71204739,501487
39,71596967,501487
39,71971360,501488
39,72347883,501486
39,72742733,501485
39,73111255,501487
39,73494106,501484
39,73869972,501484
39,74263940,501485
39,74713439,501484
39,75116092,501484
39,75497083,501484
39,75866729,501484
39,76226027,501484
39,76639044,501484
39,76995571,501482
39,77393337,501482
39,77805992,501482
39,78203291,501482
39,78574923,501482
39,78926731,501482
39,79286783,501482
39,79673529,501482
39,80081739,501482
39,80474876,501482
39,80868271,501481
39,81248736,501481
39,81642383,501481
39,82063784,501481
39,82472629,501481
39,83025323,501480
39,83592369,501480
39,84034425,501480
39,84565096,501479
39,84995477,501478
39,85469382,501478
39,85995858,501478
39,86506177,501478
39,87008504,501478
39,87473039,501478
39,87941303,501478
39,88446016,501478
39,88888322,501478
39,89404455,501478
39,89869899,501478
39,90338868,501478
39,90790823,501477
39,91251186,501476
39,91704327,501476
39,92120917,501477
39,92610205,501477
39,93143596,501477
39,93625944,501476
39,94069172,501476
39,94461283,501476
39,94848240,501476
39,95337445,501476
39,95741777,501476
39,96178660,501476
40,758481,501476
40,1158182,501476
40,1531036,501476
40,1923707,501476
40,2279732,501477
40,2655424,501479
40,3058535,501480
40,3446102,501482
40,3817775,501482
40,4176382,501484
40,4550177,501488
40,4942945,501491
40,5321408,501493
40,5716303,501499
40,6078750,501503
40,6464680,501509
40,6838859,501515
40,7217578,501526
40,7593131,501532
40,7968841,501542
40,8343243,501552
40,8717537,501565
40,9111956,501576
40,9508093,501592
40,9902126,501603
40,10262971,501619
40,10632463,501634
40,11007467,501650
40,11405916,501667
40,11798207,501685
40,12175118,501701
40,12566294,501721
40,12942221,501738
40,13322086,501757
40,13715323,501777
40,14078757,501799
40,14464391,501817
40,14858640,501842
40,15244139,501867
40,15632125,501888
40,16004456,501916
40,16426113,501941
40,16818820,501966
40,17196790,501991
40,17588540,502016
40,17963362,502041
40,18318942,502068
40,18682574,502095
40,19097441,502130
40,19467644,502156
40,19842712,502185
40,20218570,502217
40,20613264,502252
40,21036677,502286
40,21430036,502316
40,21820946,502351
40,22197287,502385
40,22571268,502421
40,22967046,502455
40,23341886,502494
40,23742929,502528
40,24153139,502559
40,24528875,502597
40,24924629,502630
40,25321745,502664
40,25718955,502695
40,26118686,502727
40,26527258,502760
40,26903893,502788
40,27352848,502824
40,27748228,502855
40,28169030,502886
40,28603514,502921
40,29094579,502951
40,29479332,502977
40,29891949,503006
40,30338582,503034
40,30739936,503057
40,31121388,503081
40,31489254,503099
40,31826933,503120
40,32178625,503141
40,32509052,503159
40,32884040,503178
40,33240315,503197
40,33599154,503213
40,33984475,503230
40,34322818,503246
40,34676484,503263
40,35037900,503278
40,35417043,503293
40,35758570,503308
40,36114246,503321
40,36456584,503334
40,36825839,503348
40,37187887,503360
40,37561245,503372
40,37914163,503384
40,38297614,503396
40,38666891,503406
40,39053784,503419
40,39439846,503428
40,39816045,503436
40,40173706,503443
40,40526382,503451
40,40900292,503459
40,41259550,503465
40,41653330,503473
40,42035922,503477
40,42426366,503483
40,42819334,503487
40,43207763,503491
40,43593125,503494
40,43968225,503498
40,44361534,503499
40,44719206,503500
40,45109470,503503
40,45509010,503503
40,45901573,503503
40,46279494,503503
40,46674360,503504
40,47034932,503504
40,47423155,503504
40,47818221,503504
40,48173052,503505
40,48525691,503505
40,48881667,503505
40,49257226,503505
40,49630126,503505
40,50006876,503505
40,50403184,503505
40,50756197,503503
40,51134826,503504
40,51526572,503503
40,51901689,503503
40,52256276,503504
40,52629640,503504
40,53034597,503503
40,53443367,503502
40,53817544,503503
40,54197311,503503
40,54568461,503501
40,54921666,503502
40,55277881,503502
40,55630474,503501
40,56005231,503501
40,56406840,503501
40,56800395,503501
40,57175806,503500
40,57580471,503500
40,57969611,503500
40,58363746,503500
40,58754625,503500
40,59132864,503500
40,59527680,503500
40,59879620,503499
40,60258424,503499
40,60653856,503499
40,61057371,503498
40,61444233,503498
40,61816803,503498
40,62193514,503497
40,62548088,503497
40,62899566,503497
40,63256170,503497
40,63630945,503496
40,64034847,503496
40,64424053,503496
40,64796470,503496
40,65154840,503494
40,65526726,503495
40,65879400,503495
40,66255897,503492
40,66654138,503492
40,67062721,503493
40,67434860,503492
40,67821695,503492
40,68217444,503492
40,68594344,503491
40,68988289,503491
40,69360609,503491
40,69713246,503491
40,70080273,503490
40,70464035,503490
40,70839308,503490
40,71194317,503490
40,71546773,503489
40,71922577,503490
40,72277362,503490
40,72629835,503490
40,73005797,503490
40,73401037,503489
40,73754330,503487
40,74131959,503487
40,74526648,503487
40,74883231,503488
40,75266999,503487
40,75667171,503486
40,76044095,503486
40,76424123,503486
40,76777109,503486
40,77135700,503486
40,77525839,503486
40,77900945,503485
40,78258261,503484
40,78630909,503484
40,79037033,503484
40,79425666,503484
40,79817313,503484
40,80174203,503484
40,80526866,503484
40,80878936,503484
40,81256601,503484
40,81665858,503484
40,82169322,503483
40,82618694,503483
40,83073160,503483
40,83568277,503483
40,84122603,503482
40,84603106,503482
40,85140849,503482
40,85625119,503482
40,86152181,503481
40,86571738,503481
40,86973762,503481
40,87370238,503481
40,87828281,503481
40,88321056,503481
40,88810990,503479
40,89319153,503479
40,89832557,503479
40,90357520,503479
40,90874915,503479
40,91396767,503479
40,91863568,503479
40,92354276,503479
40,92875331,503479
40,93399664,503478
40,93858679,503478
41,845461,503478
41,1274098,503478
41,1695965,503478
41,2083118,503479
41,2501054,503480
41,2894305,503482
41,3290128,503482
41,3682414,503485
41,4055683,503487
41,4434531,503488
41,4806924,503490
41,5214771,503497
41,5603659,503499
41,5995687,503503
41,6372095,503510
41,6745265,503515
41,7097191,503523
41,7458811,503531
41,7848680,503541
41,8241082,503551
41,8619193,503562
41,8992187,503574
41,9348577,503585
41,9701612,503598
41,10075484,503611
41,10432372,503629
41,10824350,503641
41,11199740,503659
41,11597564,503676
41,11969961,503691
41,12330078,503709
41,12725603,503726
41,13099880,503745
41,13469036,503766
41,13850106,503784
41,14236035,503808
41,14621851,503826
41,14992199,503847
41,15351052,503871
41,15742325,503893
41,16120449,503914
41,16499070,503941
41,16891017,503965
41,17256676,503991
41,17641581,504017
41,18013072,504041
41,18373095,504070
41,18764948,504099
41,19116549,504125
41,19497244,504155
41,19888316,504183
41,20396066,504228
41,20924881,504271
41,21428658,504313
41,21942316,504358
41,22442908,504399
41,22920816,504444
41,23422791,504492
41,23851030,504527
41,24270576,504564
41,24743049,504610
41,25276701,504651
41,25823085,504698
41,26324207,504739
41,26862362,504777
41,27369350,504817
41,27814268,504849
41,28225865,504878
41,28604425,504908
41,29091521,504942
41,29593480,504976
41,30133283,505014
41,30654439,505046
41,31155901,505077
41,31695642,505109
41,32163070,505134
41,32609709,505156
41,32997615,505175
41,33484033,505200
41,33915181,505221
41,34341544,505239
41,34708101,505259
41,35100485,505275
41,35496454,505292
41,35890397,505305
41,36258249,505322
41,36624247,505335
41,37014142,505348
41,37374754,505363
41,37769552,505376
41,38182610,505389
41,38580971,505399
41,38954464,505410
41,39352714,505420
41,39745185,505429
41,40118328,505438
41,40507832,505447
41,40894005,505452
41,41293419,505462
41,41701094,505467
41,42076630,505472
41,42434859,505479
41,42827389,505483
41,43209951,505487
41,43598720,505492
41,43970314,505495
41,44327390,505497
41,44679505,505500
41,45055610,505501
41,45451750,505501
41,45803655,505502
41,46178558,505503
41,46574747,505503
41,46928640,505504
41,47307842,505504
41,47700159,505504
41,48054775,505505
41,48431443,505505
41,48827367,505505
41,49180664,505506
41,49580337,505506
41,49953002,505505
41,50309249,505505
41,50699323,505505
41,51074734,505505
41,51435564,505505
41,51817616,505505
41,52213773,505504
41,52619949,505504
41,52991581,505504
41,53371774,505504
41,53744553,505504
41,54095480,505504
41,54454823,505504
41,54826132,505503
41,55231535,505503
41,55599236,505503
41,55950182,505503
41,56305894,505502
41,56700666,505502
41,57053731,505502
41,57429423,505501
41,57804286,505500
41,58199233,505500
41,58603982,505500
41,58995563,505500
41,59371355,505500
41,59722725,505500
41,60097926,505500
41,60456161,505499
41,60847221,505498
41,61198991,505498
41,61599473,505498
41,61995899,505498
41,62349999,505498
41,62703024,505498
41,63054687,505498
41,63434471,505497
41,63827976,505497
41,64208837,505496
41,64610309,505495
41,64993215,505495
41,65369454,505495
41,65721393,505495
41,66096043,505495
41,66452146,505495
41,66804609,505495
41,67208103,505494
41,67595261,505494
41,67970551,505494
41,68327314,505494
41,68699419,505493
41,69053716,505493
41,69458431,505493
41,69828710,505492
41,70213325,505491
41,70601811,505492
41,70991169,505492
41,71351710,505492
41,71723341,505492
41,72074545,505491
41,72434171,505490
41,72825524,505490
41,73198937,505489
41,73598812,505489
41,73949482,505489
41,74327021,505489
41,74680343,505489
41,75053444,505489
41,75451575,505488
41,75812577,505488
41,76239685,505488
41,76623964,505488
41,77012348,505486
41,77392527,505486
41,77785117,505486
41,78161785,505486
41,78576242,505486
41,78928984,505486
41,79304727,505486
41,79701651,505486
41,80052964,505485
41,80434980,505485
41,80828784,505484
41,81178004,505484
41,81577290,505484
41,81951120,505484
41,82305929,505484
41,82678293,505484
41,83075326,505484
41,83429888,505484
41,83802827,505484
41,84210343,505484
41,84618526,505484
41,84970670,505483
41,85341102,505483
41,85702934,505483
41,86057448,505483
41,86453018,505483
41,86806151,505482
41,87181475,505482
41,87575740,505482
41,87928476,505482
41,88309897,505482
41,88710235,505482
41,89099583,505482
41,89473540,505482
41,89825346,505482
41,90210450,505482
41,90596581,505482
41,90949572,505482
41,91307885,505481
41,91678858,505481
41,92054307,505481
41,92470101,505481
41,92846130,505481
41,93208568,505480
41,93598059,505480
41,93992378,505480
41,94349223,505480
41,94704028,505480
41,95056657,505480
41,95434360,505480
41,95828900,505480
41,96199668,505480
41,96598810,505480
42,718386,505480
42,1102964,505480
42,1475485,505480
42,1869177,505481
42,2267156,505481
42,2641386,505482
42,3041211,505483
42,3415148,505485
42,3765157,505487
42,4121156,505489
42,4495901,505492
42,4869269,505496
42,5271342,505500
42,5662809,505503
42,6020973,505508
42,6395013,505513
42,6748853,505521
42,7104264,505529
42,7498453,505538
42,7884085,505548
42,8272306,505558
42,8642375,505570
42,8997915,505580
42,9373063,505595
42,9748529,505608
42,10124840,505622
42,10538974,505636
42,10905411,505654
42,11290963,505669
42,11661298,505684
42,12019278,505701
42,12371189,505718
42,12723131,505733
42,13103244,505755
42,13474705,505772
42,13879935,505793
42,14266461,505813
42,14628091,505837
42,15019617,505857
42,15395166,505879
42,15769355,505902
42,16126229,505926
42,16518815,505948
42,16882851,505975
42,17269595,506000
42,17639748,506023
42,17999747,506049
42,18371011,506074
42,18725321,506101
42,19124923,506132
42,19496756,506160
42,19879869,506190
42,20268676,506220
42,20619474,506250
42,20974153,506276
42,21352384,506312
42,21725532,506343
42,22102906,506373
42,22476191,506409
42,22847906,506442
42,23227612,506474
42,23597715,506507
42,23996308,506541
42,24372914,506571
42,24722473,506605
42,25102496,506636
42,25473856,506668
42,25847355,506701
42,26248584,506735
42,26642692,506764
42,27007704,506792
42,27374232,506818
42,27726086,506845
42,28102368,506875
42,28493539,506900
42,28868249,506929
42,29265673,506953
42,29619872,506977
42,29999530,507003
42,30390485,507026
42,30764566,507049
42,31122896,507069
42,31473253,507092
42,31877659,507114
42,32264858,507137
42,32666045,507156
42,33016667,507176
42,33367825,507193
42,33723173,507212
42,34100206,507231
42,34472543,507247
42,34850428,507264
42,35271648,507283
42,35665551,507297
42,36021443,507311
42,36390565,507324
42,36744566,507339
42,37100086,507349
42,37473440,507364
42,37868843,507379
42,38293055,507391
42,38695362,507403
42,39085053,507413
42,39476834,507423
42,39883185,507435
42,40267285,507440
42,40644086,507450
42,40998254,507457
42,41372275,507461
42,41748951,507471
42,42125273,507475
42,42539373,507481
42,42903862,507484
42,43289768,507490
42,43660426,507491
42,44020732,507497
42,44412950,507497
42,44785788,507499
42,45145446,507501
42,45561236,507502
42,45920009,507503
42,46309674,507504
42,46682249,507505
42,47038962,507505
42,47390852,507505
42,47764533,507505
42,48120451,507505
42,48474461,507506
42,48869270,507506
42,49289965,507507
42,49662995,507506
42,50017465,507506
42,50369407,507506
42,50723527,507506
42,51115993,507506
42,51477829,507506
42,51848839,507505
42,52246689,507505
42,52619167,507505
42,52978479,507505
42,53373097,507505
42,53747871,507505
42,54102891,507505
42,54475767,507504
42,54881571,507503
42,55267120,507504
42,55640080,507504
42,55998102,507503
42,56348838,507504
42,56722911,507504
42,57123081,507501
42,57474364,507502
42,57849220,507504
42,58246071,507502
42,58598857,507501
42,58975350,507503
42,59369516,507503
42,59744697,507501
42,60103142,507501
42,60495995,507501
42,60868711,507500
42,61266999,507499
42,61619959,507500
42,61975115,507500
42,62356132,507500
42,62744410,507500
42,63101310,507500
42,63497931,507499
42,63878982,507498
42,64267208,507498
42,64655637,507498
42,65025101,507498
42,65419908,507498
42,65812053,507498
42,66207690,507497
42,66601390,507497
42,66997274,507497
42,67371492,507497
42,67723585,507496
42,68121993,507496
42,68474894,507496
42,68848260,507496
42,69246126,507496
42,69599250,507496
42,69975205,507495
42,70348699,507494
42,70745950,507494
42,71104713,507494
42,71519894,507494
42,71922670,507494
42,72309954,507494
42,72706094,507494
42,73065229,507493
42,73459144,507492
42,73882793,507492
42,74271544,507491
42,74641433,507491
42,74999746,507491
42,75408919,507490
42,75770691,507490
42,76165953,507490
42,76561210,507490
42,76937897,507490
42,77350854,507490
42,77723108,507489
42,78102099,507488
42,78473924,507488
42,78849164,507488
42,79246301,507487
42,79599068,507487
42,79976444,507487
42,80368865,507487
42,80722773,507487
42,81102303,507487
42,81494329,507487
42,81867841,507487
42,82271630,507486
42,82711196,507486
42,83104523,507485
42,83496381,507485
42,83884623,507486
42,84271114,507485
42,84662595,507484
42,85042575,507485
42,85436486,507485
42,85886191,507485
42,86268541,507485
42,86621101,507485
42,86987154,507484
42,87372802,507484
42,87724638,507484
42,88103477,507484
42,88498029,507484
42,88879228,507484
42,89266975,507484
42,89640922,507484
42,89997377,507483
42,90464847,507483
42,90918499,507483
42,91408318,507483
42,91944865,507483
42,92448801,507483
42,92986003,507483
42,93468235,507482
42,93912230,507482
42,94300918,507482
42,94688459,507482
42,95165820,507482
43,860938,507482
43,1304043,507482
43,1698003,507483
43,2184581,507484
43,2634317,507486
43,3146274,507487
43,3665080,507488
43,4186087,507492
43,4612014,507496
43,5021475,507498
43,5426325,507504
43,5822845,507506
43,6211183,507513
43,6589822,507518
43,6966075,507527
43,7317871,507533
43,7669476,507544
43,8071407,507554
43,8464571,507564
43,8844750,507576
43,9216200,507590
43,9611514,507602
43,9987226,507616
43,10387343,507632
43,10778979,507647
43,11173559,507662
43,11543988,507678
43,11899556,507693
43,12274288,507711
43,12653035,507729
43,13051402,507750
43,13441539,507766
43,13821476,507788
43,14213883,507806
43,14588212,507827
43,14945834,507849
43,15338922,507872
43,15722504,507895
43,16110936,507917
43,16514140,507944
43,16904984,507972
43,17295793,507995
43,17648208,508022
43,18046830,508048
43,18398404,508073
43,18776860,508098
43,19148949,508129
43,19525120,508156
43,19904239,508184
43,20297346,508217
43,20680316,508251
43,21072396,508280
43,21465478,508316
43,21838943,508345
43,22190654,508379
43,22564991,508408
43,22924133,508442
43,23275187,508474
43,23650132,508510
43,24049284,508542
43,24421867,508574
43,24776931,508606
43,25172508,508637
43,25543319,508669
43,25902759,508697
43,26297789,508729
43,26668681,508763
43,27066978,508790
43,27441086,508816
43,27798138,508844
43,28169712,508873
43,28543759,508898
43,28920273,508924
43,29274207,508948
43,29647433,508977
43,30044859,509000
43,30408279,509027
43,30820380,509052
43,31211786,509074
43,31587100,509094
43,31942237,509115
43,32293869,509134
43,32669995,509157
43,33065328,509175
43,33418874,509193
43,33776126,509210
43,34152068,509230
43,34549254,509248
43,34966784,509264
43,35316203,509279
43,35679129,509295
43,36069269,509310
43,36422870,509324
43,36798101,509337
43,37169676,509350
43,37523066,509365
43,37923707,509377
43,38295256,509388
43,38647039,509399
43,39045335,509409
43,39419572,509419
43,39775373,509428
43,40169272,509438
43,40553584,509447
43,40944057,509454
43,41314629,509461
43,41669235,509468
43,42072151,509476
43,42463887,509482
43,42840428,509484
43,43192662,509490
43,43567340,509493
43,43924220,509495
43,44274506,509497
43,44647957,509502
43,45047821,509503
43,45399854,509503
43,45777022,509505
43,46172475,509507
43,46524598,509507
43,46900056,509509
43,47296670,509509
43,47646778,509509
43,48046241,509509
43,48419255,509509
43,48781943,509509
43,49173488,509509
43,49546144,509509
43,49902161,509509
43,50276926,509509
43,50681175,509509
43,51066895,509508
43,51439925,509508
43,51795107,509508
43,52147653,509508
43,52524043,509508
43,52925885,509508
43,53297186,509508
43,53651691,509508
43,54046490,509508
43,54407508,509507
43,54777069,509507
43,55149151,509507
43,55544948,509507
43,55901319,509507
43,56274466,509507
43,56669401,509507
43,57065155,509506
43,57418907,509506
43,57796820,509506
43,58148129,509506
43,58522493,509505
43,58924296,509505
43,59273917,509505
43,59648852,509504
43,60045906,509504
43,60398038,509504
43,60774148,509503
43,61169199,509503
43,61522529,509503
43,61929266,509503
43,62295564,509503
43,62668909,509502
43,63196336,509502
43,63767370,509501
43,64293562,509501
43,64831816,509500
43,65371976,509500
43,65876584,509500
43,66373789,509499
43,66822869,509499
43,67222608,509499
43,67725284,509498
43,68232537,509498
43,68697263,509498
43,69167054,509497
43,69702401,509497
43,70186730,509497
43,70701084,509496
43,71132646,509496
43,71534787,509496
43,72021517,509495
43,72518884,509495
43,73001461,509495
43,73497806,509493
43,74021180,509493
43,74542184,509493
43,74972031,509493
43,75461041,509493
43,75959483,509492
43,76402757,509492
43,76896610,509492
43,77325519,509492
43,77739508,509492
43,78121858,509491
43,78487422,509490
43,78889884,509490
43,79298725,509490
43,79683024,509490
43,80071993,509490
43,80462066,509489
43,80822152,509489
43,81194835,509489
43,81543808,509489
43,81918584,509489
43,82279291,509489
43,82669415,509489
43,83090757,509488
43,83440979,509488
43,83797280,509488
43,84148657,509488
43,84523694,509488
43,84920810,509487
43,85294299,509486
43,85648343,509487
43,86050298,509487
43,86423666,509486
43,86776681,509486
43,87151058,509486
43,87527328,509485
43,87902145,509485
43,88273519,509485
43,88669117,509485
43,89066652,509485
43,89422206,509485
43,89799972,509485
43,90193757,509485
43,90567750,509484
43,90925484,509484
43,91319770,509485
43,91697825,509484
43,92089393,509484
43,92440799,509484
43,92822711,509484
44,722441,509484
44,1116806,509484
44,1477444,509485
44,1829568,509486
44,2186512,509486
44,2559725,509488
44,2953582,509490
44,3337231,509489
44,3729733,509491
44,4091856,509494
44,4480039,509495
44,4851631,509499
44,5230099,509504
44,5583017,509507
44,5933210,509512
44,6312857,509520
44,6705481,509526
44,7078691,509533
44,7476803,509543
44,7829736,509550
44,8185691,509560
44,8559518,509572
44,8954681,509583
44,9309623,509594
44,9684063,509608
44,10079202,509624
44,10506506,509638
44,10894572,509653
44,11251551,509666
44,11623069,509683
44,11976125,509698
44,12331770,509715
44,12694118,509736
44,13090575,509753
44,13475979,509771
44,13855990,509791
44,14214261,509813
44,14581871,509832
44,14936672,509853
44,15311162,509877
44,15706689,509898
44,16093198,509924
44,16476474,509946
44,16827470,509969
44,17209370,509997
44,17601554,510023
44,17955564,510048
44,18332654,510072
44,18689925,510105
44,19090832,510128
44,19455087,510158
44,19807177,510184
44,20184787,510217
44,20579802,510244
44,20931510,510274
44,21322233,510308
44,21705558,510338
44,22077223,510373
44,22475437,510405
44,22826644,510436
44,23207208,510473
44,23599007,510504
44,23951260,510535
44,24308970,510568
44,24681183,510602
44,25078402,510638
44,25484072,510668
44,25849279,510696
44,26210487,510729
44,26625687,510759
44,26977870,510787
44,27355187,510814
44,27728986,510845
44,28090131,510872
44,28482338,510899
44,28873431,510926
44,29226699,510950
44,29583990,510974
44,29977737,511001
44,30355449,511027
44,30749622,511046
44,31113476,511070
44,31498449,511090
44,31871255,511114
44,32248793,511134
44,32601498,511152
44,32975510,511173
44,33330627,511191
44,33683808,511208
44,34057659,511229
44,34454415,511245
44,34808301,511260
44,35185883,511280
44,35558683,511296
44,35933270,511308
44,36312855,511325
44,36715103,511341
44,37111373,511353
44,37496661,511367
44,37870924,511379
44,38248625,511390
44,38600179,511398
44,38954229,511412
44,39313615,511421
44,39707539,511429
44,40091655,511441
44,40478854,511448
44,40852231,511454
44,41210155,511463
44,41624734,511468
44,41998284,511475
44,42376900,511479
44,42769246,511486
44,43168258,511489
44,43561548,511493
44,43932023,511496
44,44332908,511499
44,44684634,511500
44,45066291,511503
44,45482668,511504
44,45873202,511504
44,46229127,511507
44,46581851,511507
44,46934653,511507
44,47310561,511507
44,47703285,511507
44,48058345,511508
44,48438086,511508
44,48830762,511509
44,49186899,511509
44,49559768,511509
44,49955731,511510
44,50312420,511510
44,50686420,511510
44,51056407,511510
44,51434167,511510
44,51809112,511512
44,52185663,511510
44,52579978,511510
44,52931675,511510
44,53314669,511510
44,53687712,511509
44,54090515,511509
44,54476574,511509
44,54830233,511509
44,55187075,511509
44,55558601,511509
44,55953836,511509
44,56310703,511508
44,56684486,511508
44,57079800,511508
44,57498262,511508
44,57850515,511507
44,58209089,511507
44,58579995,511507
44,58933254,511507
44,59333003,511507
44,59686393,511507
44,60061580,511505
44,60460708,511505
44,60841128,511505
44,61231806,511505
44,61624794,511505
44,61994575,511505
44,62353963,511505
44,62704727,511504
44,63079146,511503
44,63477626,511503
44,63828484,511503
44,64188559,511503
44,64579813,511503
44,64953667,511503
44,65312292,511502
44,65684592,511502
44,66056945,511502
44,66455500,511502
44,66807673,511502
44,67184807,511501
44,67580028,511501
44,67932390,511501
44,68310654,511501
44,68703759,511501
44,69111779,511500
44,69503451,511500
44,69894575,511499
44,70249790,511498
44,70604621,511497
44,70956807,511498
44,71312694,511498
44,71684074,511498
44,72078171,511498
44,72500914,511497
44,72853316,511496
44,73207924,511496
44,73561683,511496
44,73931562,511496
44,74333403,511496
44,74692420,511496
44,75094166,511494
44,75479778,511495
44,75872693,511495
44,76229914,511495
44,76622569,511494
44,76997196,511494
44,77352086,511494
44,77725566,511493
44,78110602,511493
44,78496771,511494
44,78851114,511494
44,79206293,511492
44,79557820,511493
44,79933585,511493
44,80334428,511492
44,80729062,511492
44,81113420,511492
44,81499011,511492
44,81851266,511492
44,82208720,511492
44,82579985,511491
44,82932653,511491
44,83313978,511491
44,83705246,511491
44,84058763,511491
44,84457605,511491
44,84840212,511489
44,85236336,511489
44,85602791,511489
44,85954315,511489
44,86313226,511489
44,86685765,511489
44,87080160,511489
44,87499711,511489
44,87849759,511488
44,88206388,511488
44,88579236,511488
44,88932663,511488
44,89331665,511488
44,89683797,511488
44,90056676,511488
44,90456456,511488
44,90808101,511488
44,91186374,511488
44,91563161,511487
44,91935059,511487
44,92311121,511487
44,92685717,511487
44,93103408,511487
44,93500259,511487
44,93850300,511487
44,94207156,511486
44,94561592,511485
44,94932897,511486
44,95331627,511486
44,95686439,511486
44,96059057,511485
44,96456489,511486
44,96809928,511485
45,721600,511484
45,1121213,511487
45,1474968,511487
45,1872102,511487
45,2246377,511487
45,2601345,511489
45,2974022,511491
45,3490398,511493
45,4038904,511496
45,4573791,511500
45,5096167,511506
45,5618312,511511
45,6139298,511520
45,6673224,511528
45,7090657,511537
45,7485280,511547
45,7877937,511554
45,8356332,511570
45,8869700,511585
45,9367567,511600
45,9867888,511621
45,10313626,511635
45,10804675,511656
45,11325622,511678
45,11824039,511699
45,12328442,511724
45,12845358,511747
45,13294641,511767
45,13762181,511795
45,14297167,511822
45,14782676,511852
45,15235292,511875
45,15637145,511899
45,16022618,511925
45,16416282,511949
45,16799010,511974
45,17188118,511999
45,17568886,512027
45,17961247,512056
45,18371211,512082
45,18748333,512108
45,19100072,512139
45,19496035,512170
45,20052564,512210
45,20437272,512240
45,20814321,512274
45,21187900,512303
45,21567207,512337
45,21987453,512371
45,22351130,512404
45,22731626,512438
45,23124351,512471
45,23477191,512503
45,23875663,512537
45,24266576,512569
45,24625687,512605
45,25020904,512632
45,25373024,512664
45,25748530,512694
45,26102417,512722
45,26476513,512755
45,26875573,512784
45,27225037,512811
45,27603360,512840
45,27997775,512867
45,28373045,512894
45,28728869,512921
45,29121903,512946
45,29495626,512975
45,29895128,512997
45,30286841,513023
45,30667331,513049
45,31064716,513070
45,31439743,513094
45,31840912,513117
45,32249789,513136
45,32625261,513158
45,33020424,513178
45,33371100,513195
45,33748996,513213
45,34101993,513232
45,34508728,513249
45,34917607,513273
45,35332857,513287
45,35691580,513304
45,36083305,513322
45,36495529,513335
45,36917519,513351
45,37311590,513363
45,37686455,513375
45,38040298,513384
45,38415498,513398
45,38772924,513409
45,39175156,513419
45,39577264,513430
45,39940711,513440
45,40336330,513447
45,40750216,513456
45,41122221,513462
45,41473816,513468
45,41875227,513475
45,42245658,513480
45,42604589,513487
45,43018818,513489
45,43369609,513494
45,43729769,513497
45,44143466,513500
45,44504838,513503
45,44916731,513504
45,45269284,513507
45,45624279,513507
45,45986077,513507
45,46370943,513510
45,46726570,513509
45,47098968,513509
45,47473115,513510
45,47875038,513511
45,48227055,513511
45,48602139,513511
45,48997567,513511
45,49351269,513511
45,49729068,513511
45,50123025,513511
45,50473358,513511
45,50874165,513511
45,51246027,513511
45,51625777,513510
45,52018135,513510
45,52372280,513510
45,52728763,513510
45,53123101,513510
45,53496095,513510
45,53893741,513510
45,54266891,513510
45,54625072,513509
45,55018868,513509
45,55391107,513509
45,55749440,513509
45,56101665,513508
45,56473823,513508
45,56872515,513508
45,57226201,513508
45,57602653,513508
45,57973913,513508
45,58369396,513508
45,58724359,513508
45,59097983,513507
45,59495404,513507
45,59894742,513507
45,60247554,513507
45,60625167,513506
45,60976609,513506
45,61351119,513505
45,61750461,513505
45,62160906,513505
45,62527537,513505
45,62916698,513504
45,63276851,513504
45,63645603,513504
45,63996175,513504
45,64349981,513503
45,64729293,513503
45,65121787,513503
45,65473148,513502
45,65850626,513502
45,66248237,513502
45,66604833,513502
45,66981080,513501
45,67372240,513501
45,67727807,513501
45,68099811,513501
45,68494481,513500
45,68903963,513499
45,69308412,513499
45,69684112,513498
45,70055353,513498
45,70435597,513498
45,70812497,513498
45,71164721,513498
45,71529579,513497
45,71915382,513497
45,72286221,513497
45,72646116,513497
45,73020555,513496
45,73415984,513496
45,73834087,513496
45,74227349,513495
45,74603816,513495
45,74996003,513495
45,75350464,513495
45,75725168,513494
45,76121527,513494
45,76477469,513494
45,76873554,513494
45,77247034,513494
45,77624955,513494
45,78016907,513494
45,78371764,513493
45,78748659,513493
45,79100192,513492
45,79475274,513492
45,79873197,513492
45,80224683,513492
45,80602634,513492
45,80996317,513492
45,81349967,513492
45,81726654,513491
45,82121940,513491
45,82475985,513490
45,82896206,513490
45,83246979,513490
45,83609322,513490
45,83979610,513490
45,84374283,513490
45,84731162,513490
45,85123349,513490
45,85508833,513490
45,85918592,513490
45,86308875,513489
45,86667613,513489
45,87039264,513489
45,87426787,513489
45,87814026,513489
45,88209832,513489
45,88624107,513489
45,88997321,513489
45,89350005,513489
45,89749734,513489
45,90142936,513489
45,90527975,513489
45,90916429,513489
45,91288350,513489
45,91645355,513489
45,92039745,513489
45,92413554,513488
45,92769545,513488
45,93123320,513488
45,93475090,513488
45,93877186,513488
45,94282096,513488
45,94670142,513488
45,95063852,513488
45,95439861,513488
45,95838048,513488
45,96248060,513488
45,96623716,513488
45,96978704,513488
45,97353698,513488
45,97729497,513488
46,710327,513488
46,1093782,513488
46,1485526,513488
46,1861106,513489
46,2238440,513490
46,2631653,513492
46,2996723,513492
46,3384558,513495
46,3778971,513496
46,4158858,513500
46,4532073,513502
46,4906359,513505
46,5302977,513509
46,5694357,513514
46,6072132,513521
46,6484438,513526
46,6839364,513533
46,7198184,513543
46,7592152,513551
46,7998341,513562
46,8387077,513573
46,8776629,513585
46,9134827,513595
46,9507897,513607
46,9882524,513620
46,10281091,513636
46,10676384,513651
46,11071091,513666
46,11445854,513681
46,11817585,513700
46,12197308,513716
46,12590865,513735
46,12971801,513753
46,13347469,513772
46,13757557,513795
46,14201326,513816
46,14576540,513838
46,14988658,513862
46,15410165,513885
46,15837103,513910
46,16212665,513933
46,16563720,513960
46,17006622,513985
46,17401796,514016
46,17795654,514039
46,18149958,514063
46,18515512,514090
46,18867863,514117
46,19241754,514143
46,19581131,514169
46,19928727,514198
46,20281515,514225
46,20685652,514258
46,21097469,514293
46,21531710,514327
46,21953890,514366
46,22349109,514398
46,22704187,514430
46,23080826,514467
46,23473060,514500
46,23824018,514530
46,24178918,514562
46,24536122,514593
46,24884231,514624
46,25254396,514652
46,25608229,514684
46,25958561,514714
46,26313998,514737
46,26630834,514767
46,26957067,514790
46,27291949,514813
46,27604724,514836
46,27916818,514862
46,28293059,514890
46,28647449,514915
46,28958528,514939
46,29318430,514966
46,29690063,514990
46,30064364,515012
46,30398437,515032
46,30727355,515056
46,31081539,515078
46,31454609,515097
46,31823713,515119
46,32177152,515139
46,32773053,515171
46,33178677,515195
46,33562947,515213
46,33954889,515232
46,34417943,515254
46,34838327,515270
46,35267451,515290
46,35676177,515308
46,36070921,515322
46,36439636,515339
46,36838729,515351
46,37183533,515363
46,37559883,515377
46,37958448,515390
46,38380497,515401
46,38740290,515412
46,39092078,515422
46,39433799,515430
46,39809321,515440
46,40205672,515450
46,40684267,515458
46,41173317,515470
46,41579403,515476
46,41959787,515480
46,42466773,515490
46,42953874,515494
46,43406101,515499
46,43862593,515503
46,44276105,515505
46,44691263,515509
46,45060775,515511
46,45442529,515511
46,45826684,515511
46,46205926,515514
46,46591836,515514
46,46981689,515514
46,47331723,515514
46,47669746,515514
46,48047370,515514
46,48393331,515514
46,48752456,515515
46,49076769,515514
46,49433231,515514
46,49758621,515515
46,50091951,515515
46,50424437,515513
46,50794990,515514
46,51197797,515514
46,51575650,515514
46,52098940,515514
46,52447820,515514
46,52782298,515514
46,53096925,515513
46,53448044,515513
46,53813268,515513
46,54126248,515512
46,54436151,515512
46,54770872,515512
46,55081329,515512
46,55409818,515511
46,55744706,515511
46,56055884,515511
46,56366970,515511
46,56670094,515510
46,56967991,515510
46,57278175,515510
46,57591855,515510
46,57902835,515509
46,58197465,515509
46,58530620,515509
46,58865849,515509
46,59183989,515508
46,59497853,515507
46,59805589,515508
46,60146841,515508
46,60457569,515508
46,60788576,515506
46,61134139,515507
46,61479301,515508
46,61789478,515508
46,62109151,515507
46,62462810,515506
46,62816145,515506
46,63174738,515506
46,63583588,515504
46,63947830,515504
46,64304508,515505
46,64637784,515505
46,64997124,515504
46,65369571,515504
46,65742242,515504
46,66117176,515504
46,66479438,515504
46,66853416,515504
46,67232761,515504
46,67604566,515504
46,67989426,515504
46,68342579,515503
46,68735956,515503
46,69091658,515503
46,69483738,515502
46,69858977,515502
46,70217427,515502
46,70591720,515502
46,70997269,515501
46,71403757,515501
46,71776645,515501
46,72152721,515501
46,72526664,515501
46,72878467,515501
46,73236675,515500
46,73609354,515499
46,73993067,515499
46,74386667,515500
46,74783948,515498
46,75177384,515498
46,75591544,515499
46,75995647,515498
46,76387381,515498
46,76805440,515498
46,77200252,515498
46,77594979,515497
46,78000877,515497
46,78364923,515497
46,78781391,515497
46,79186424,515497
46,79598345,515495
46,80006455,515495
46,80409924,515496
46,80807938,515495
46,81199992,515495
46,81594183,515495
46,82000852,515495
46,82365180,515495
46,82760899,515494
46,83141743,515494
46,83535116,515494
46,83933756,515494
46,84371281,515494
46,84761939,515494
46,85163616,515494
46,85547872,515494
46,85955364,515494
46,86349373,515494
46,86720586,515494
46,87117723,515494
46,87512204,515493
46,87886093,515493
46,88290472,515492
46,88665094,515492
46,89037177,515492
46,89428743,515492
46,89825234,515492
46,90224083,515492
46,90620895,515492
46,91042854,515491
46,91442879,515491
46,91847433,515491
46,92245458,515491
46,92618769,515491
46,93024556,515492
46,93412221,515492
46,93782976,515491
46,94181043,515491
46,94597940,515491
46,95007637,515491
46,95410183,515490
46,95804396,515490
46,96201660,515491
46,96596307,515490
46,97009853,515490
46,97410417,515490
46,97803752,515490
46,98201627,515490
46,98598168,515490
46,99007331,515490
47,759052,515490
47,1153797,515489
47,1558145,515491
47,1950890,515492
47,2390494,515492
47,2763076,515495
47,3168161,515495
47,3532915,515496
47,3927745,515500
47,4331361,515502
47,4739696,515507
47,5151745,515511
47,5596509,515515
47,6005303,515522
47,6448726,515528
47,6843288,515537
47,7240078,515546
47,7625638,515555
47,7999952,515564
47,8373143,515574
47,8764224,515585
47,9131704,515597
47,9471407,515608
47,9822794,515620
47,10183639,515635
47,10542946,515648
47,10912450,515662
47,11285811,515680
47,11688560,515696
47,12046075,515712
47,12398926,515728
47,12774433,515746
47,13134503,515762
47,13481455,515782
47,13834162,515800
47,14207313,515822
47,14589786,515843
47,14963751,515862
47,15350255,515888
47,15737470,515908
47,16088417,515935
47,16507390,515957
47,16861506,515980
47,17240061,516007
47,17634542,516033
47,18028340,516058
47,18406745,516088
47,18803772,516118
47,19202365,516145
47,19591062,516176
47,19967531,516206
47,20343889,516237
47,20758334,516267
47,21147351,516300
47,21528628,516330
47,21881378,516360
47,22239955,516395
47,22633058,516427
47,23006419,516460
47,23365208,516496
47,23779724,516531
47,24188632,516563
47,24555726,516600
47,24948784,516633
47,25363755,516668
47,25759371,516699
47,26146323,516731
47,26529758,516761
47,26944740,516792
47,27305360,516819
47,27697478,516851
47,28101201,516882
47,28490310,516911
47,28880330,516937
47,29263364,516964
47,29666029,516988
47,30035619,517015
47,30426313,517041
47,30825966,517063
47,31216861,517086
47,31610683,517109
47,31965633,517129
47,32343603,517150
47,32737828,517172
47,33144106,517193
47,33511507,517212
47,33924596,517230
47,34279491,517250
47,34673100,517266
47,35032899,517282
47,35425809,517299
47,35837551,517315
47,36247292,517332
47,36642437,517347
47,37035631,517363
47,37426420,517374
47,37797082,517386
47,38164124,517399
47,38551005,517410
47,38927898,517419
47,39322086,517431
47,39739247,517440
47,40155478,517451
47,40552578,517459
47,40929935,517466
47,41320144,517473
47,41694003,517480
47,42052716,517485
47,42452267,517492
47,42863152,517494
47,43239171,517500
47,43632423,517504
47,43985732,517505
47,44363002,517510
47,44758193,517511
47,45143587,517511
47,45527885,517514
47,45880196,517514
47,46237695,517514
47,46630695,517516
47,47004826,517517
47,47382927,517516
47,47735790,517516
47,48087808,517517
47,48485338,517517
47,48859341,517517
47,49236272,517517
47,49588789,517518
47,49984288,517518
47,50346120,517518
47,50738257,517518
47,51145209,517518
47,51530571,517518
47,51924092,517517
47,52279754,517517
47,52653219,517517
47,53004740,517517
47,53361705,517515
47,53736417,517516
47,54090323,517516
47,54490462,517515
47,54860998,517514
47,55238383,517517
47,55635072,517514
47,56027274,517513
47,56383878,517515
47,56778903,517514
47,57163164,517512
47,57549517,517512
47,57922437,517512
47,58278969,517512
47,58693864,517512
47,59050652,517512
47,59447722,517512
47,59859351,517511
47,60246251,517511
47,60634261,517511
47,61006173,517511
47,61366321,517510
47,61757714,517510
47,62141213,517510
47,62529584,517509
47,62882172,517509
47,63258202,517509
47,63654164,517509
47,64036050,517509
47,64428376,517508
47,64840053,517508
47,65238701,517507
47,65653338,517507
47,66007730,517507
47,66362628,517507
47,66735589,517506
47,67089313,517505
47,67485786,517506
47,67837390,517505
47,68214808,517504
47,68588651,517505
47,68983465,517505
47,69340483,517504
47,69713247,517504
47,70108751,517504
47,70506560,517504
47,70879557,517503
47,71236783,517503
47,71588417,517502
47,71961606,517502
47,72368106,517502
47,72757398,517502
47,73141163,517502
47,73528653,517502
47,73879388,517502
47,74257141,517502
47,74610699,517501
47,74962523,517501
47,75339260,517501
47,75734311,517500
47,76087935,517500
47,76487020,517500
47,76858873,517500
47,77238464,517499
47,77634616,517499
47,78027532,517499
47,78403784,517499
47,78755900,517499
47,79139232,517498
47,79527386,517498
47,79880229,517498
47,80235561,517497
47,80588864,517497
47,80962861,517497
47,81339402,517496
47,81734834,517497
47,82086523,517497
47,82484345,517496
47,82839386,517496
47,83217158,517496
47,83630296,517496
47,83984547,517495
47,84354028,517495
47,84739199,517495
47,85147196,517495
47,85508306,517495
47,85861962,517495
47,86239203,517495
47,86630074,517494
47,87005347,517494
47,87360990,517494
47,87716197,517494
47,88132740,517494
47,88528085,517494
47,88900937,517494
47,89260943,517494
47,89652398,517494
47,90027035,517494
47,90383675,517494
47,90776627,517494
47,91161369,517494
47,91546769,517494
47,91921979,517494
47,92278723,517494
47,92630659,517493
47,92983989,517493
47,93342163,517493
47,93735005,517493
47,94108380,517494
47,94532588,517494
47,94945523,517493
47,95305825,517493
47,95693542,517493
47,96069485,517493
47,96424768,517493
47,96840511,517493
47,97236888,517493
47,97591913,517493
47,97964860,517493
47,98362537,517493
47,98737315,517493
47,99141162,517493
47,99528924,517492
47,99901030,517492
47,100258824,517492
48,720254,517492
48,1088802,517492
48,1495965,517493
48,1849800,517493
48,2205791,517494
48,2557916,517495
48,2933611,517497
48,3308705,517499
48,3682398,517501
48,4057147,517503
48,4461112,517505
48,4852718,517512
48,5229316,517512
48,5621773,517520
48,5998204,517524
48,6394285,517531
48,6766171,517537
48,7131565,517547
48,7519076,517555
48,7906539,517567
48,8291302,517577
48,8705345,517588
48,9059343,517600
48,9455807,517612
48,9827691,517625
48,10208007,517643
48,10608113,517655
48,10994703,517672
48,11374846,517688
48,11787670,517703
48,12149269,517723
48,12540380,517742
48,12931590,517758
48,13310563,517780
48,13704843,517797
48,14056059,517817
48,14455818,517836
48,14807070,517861
48,15209657,517886
48,15602050,517906
48,15976486,517929
48,16332744,517953
48,16725682,517977
48,17112387,518003
48,17520938,518033
48,17910526,518055
48,18294556,518084
48,18704519,518113
48,19090403,518143
48,19480308,518174
48,19871844,518204
48,20228708,518237
48,20643918,518265
48,20997610,518293
48,21353276,518330
48,21769970,518364
48,22165062,518401
48,22558979,518434
48,22931829,518466
48,23310149,518501
48,23704645,518532
48,24056407,518569
48,24479013,518605
48,24871372,518633
48,25247147,518664
48,25600206,518694
48,25954158,518724
48,26314543,518750
48,26705992,518785
48,27112690,518814
48,27502368,518846
48,27892336,518874
48,28269775,518904
48,28683073,518932
48,29090841,518961
48,29499806,518989
48,29890060,519012
48,30268457,519039
48,30660672,519062
48,31020610,519083
48,31395994,519108
48,31791015,519131
48,32205591,519152
48,32609668,519172
48,32995337,519194
48,33397593,519213
48,33770773,519230
48,34148576,519249
48,34514469,519263
48,34869473,519281
48,35236777,519297
48,35642169,519314
48,36015455,519328
48,36394295,519344
48,36765031,519357
48,37131983,519371
48,37541707,519384
48,37932843,519397
48,38311374,519409
48,38703756,519418
48,39056937,519430
48,39437166,519439
48,39834844,519448
48,40236916,519458
48,40606170,519467
48,40997026,519472
48,41353658,519479
48,41725702,519485
48,42111808,519489
48,42499041,519497
48,42890269,519501
48,43246109,519505
48,43619392,519507
48,43972634,519510
48,44351972,519514
48,44744791,519515
48,45108616,519516
48,45494830,519517
48,45890215,519518
48,46246043,519518
48,46596802,519518
48,46951754,519519
48,47308585,519520
48,47681039,519520
48,48077234,519520
48,48499853,519520
48,48893536,519520
48,49270259,519520
48,49663158,519520
48,50022779,519520
48,50415450,519520
48,50809264,519520
48,51207729,519520
48,51601715,519520
48,51955461,519519
48,52332294,519519
48,52747031,519518
48,53111649,519518
48,53498185,519518
48,53848868,519518
48,54228787,519517
48,54624075,519517
48,55016038,519517
48,55396135,519517
48,55769891,519516
48,56168787,519516
48,56578792,519516
48,56942234,519514
48,57331751,519513
48,57703028,519516
48,58057012,519514
48,58478582,519513
48,58872135,519513
48,59236439,519513
48,59604178,519513
48,59996818,519513
48,60353658,519513
48,60730026,519513
48,61156476,519512
48,61537770,519512
48,61893470,519512
48,62247156,519512
48,62622038,519512
48,62974542,519511
48,63331606,519510
48,63702640,519510
48,64055011,519510
48,64454305,519510
48,64806231,519510
48,65184966,519509
48,65580607,519509
48,65951319,519509
48,66308670,519508
48,66681984,519508
48,67054976,519508
48,67431847,519507
48,67805958,519507
48,68203666,519507
48,68555631,519505
48,68931458,519505
48,69328119,519506
48,69680526,519506
48,70055572,519505
48,70458183,519506
48,70851719,519505
48,71227632,519505
48,71622152,519504
48,71977357,519504
48,72353448,519504
48,72744830,519504
48,73111299,519504
48,73499895,519503
48,73872637,519504
48,74250466,519503
48,74643658,519503
48,75021960,519503
48,75417785,519502
48,75828525,519502
48,76185045,519502
48,76576679,519502
48,76951778,519502
48,77309597,519501
48,77704052,519501
48,78076595,519501
48,78495977,519501
48,78848331,519501
48,79205522,519501
48,79577316,519499
48,79931058,519499
48,80333572,519499
48,80723881,519499
48,81121607,519499
48,81522608,519499
48,81914214,519499
48,82269471,519498
48,82647145,519497
48,83043300,519497
48,83422750,519497
48,83811267,519497
48,84204860,519497
48,84581703,519497
48,84976274,519497
48,85352795,519496
48,85748241,519496
48,86133048,519497
48,86516693,519497
48,86891067,519497
48,87246379,519497
48,87600334,519496
48,87952289,519495
48,88309764,519494
48,88683935,519496
48,89057254,519495
48,89432767,519494
48,89807711,519495
48,90183364,519495
48,90556928,519495
48,90931984,519493
48,91310041,519495
48,91703358,519494
48,92057633,519493
48,92457845,519493
48,92831845,519495
48,93227765,519493
48,93602061,519492
48,93998037,519495
48,94374388,519493
49,769352,519492
49,1152594,519494
49,1545249,519496
49,1955073,519495
49,2336943,519495
49,2688808,519497
49,3044844,519499
49,3396313,519499
49,3771738,519501
49,4172329,519506
49,4563723,519508
49,4948715,519512
49,5336123,519519
49,5709042,519520
49,6064683,519527
49,6437513,519533
49,6812285,519541
49,7191095,519548
49,7542547,519556
49,7894369,519566
49,8274832,519577
49,8667496,519587
49,9046338,519601
49,9438564,519613
49,9810198,519625
49,10173208,519641
49,10578379,519653
49,10954664,519670
49,11318572,519686
49,11720744,519702
49,12110159,519722
49,12506486,519740
49,12930454,519759
49,13292753,519776
49,13645768,519798
49,14047110,519818
49,14439164,519839
49,14813710,519861
49,15171683,519880
49,15543747,519902
49,15895841,519927
49,16296404,519950
49,16668242,519973
49,17022559,519995
49,17397071,520025
49,17773724,520049
49,18148660,520074
49,18521379,520105
49,18930273,520135
49,19320496,520161
49,19692271,520192
49,20088447,520219
49,20461829,520249
49,20814634,520277
49,21171828,520310
49,21564358,520342
49,21952771,520377
49,22336070,520407
49,22709738,520440
49,23064948,520472
49,23438601,520509
49,23815946,520540
49,24191146,520577
49,24604720,520608
49,24970579,520643
49,25361740,520673
49,25750671,520708
49,26127399,520736
49,26499211,520765
49,26857635,520796
49,27257608,520829
49,27666618,520854
49,28020436,520882
49,28395800,520912
49,28790896,520938
49,29148257,520963
49,29520040,520991
49,29916421,521018
49,30339986,521043
49,30752755,521066
49,31113023,521090
49,31507866,521112
49,31931005,521132
49,32314770,521155
49,32675769,521173
49,33068843,521195
49,33462914,521216
49,33856495,521233
49,34233836,521252
49,34611848,521268
49,35009494,521288
49,35397088,521302
49,35773424,521318
49,36159514,521333
49,36546591,521349
49,36950803,521363
49,37340495,521376
49,37732326,521390
49,38108731,521399
49,38483884,521412
49,38860898,521422
49,39236702,521430
49,39610740,521441
49,40006721,521450
49,40418020,521458
49,40771841,521465
49,41152796,521474
49,41542835,521481
49,41896196,521485
49,42297732,521492
49,42691162,521496
49,43067453,521501
49,43460861,521506
49,43836628,521507
49,44190195,521511
49,44564393,521513
49,44950694,521516
49,45339453,521516
49,45732249,521517
49,46088311,521518
49,46462190,521519
49,46815192,521519
49,47193199,521520
49,47585760,521522
49,47947994,521521
49,48335516,521520
49,48708742,521520
49,49066450,521520
49,49459431,521520
49,49834180,521520
49,50190890,521520
49,50562514,521519
49,50916117,521519
49,51314479,521519
49,51686907,521519
49,52046925,521519
49,52440033,521519
49,52812014,521519
49,53170675,521519
49,53566491,521519
49,53950384,521518
49,54340417,521518
49,54710884,521517
49,55066954,521517
49,55460734,521517
49,55812624,521517
49,56191759,521517
49,56608456,521517
49,57009416,521517
49,57420523,521516
49,57814945,521516
49,58191819,521515
49,58587667,521515
49,58968916,521515
49,59365180,521515
49,59756242,521514
49,60156445,521514
49,60542545,521514
49,60926305,521513
49,61313025,521513
49,61667824,521513
49,62043125,521512
49,62416793,521512
49,62791743,521512
49,63152932,521512
49,63545182,521512
49,63930204,521512
49,64320282,521511
49,64689968,521511
49,65046578,521510
49,65457898,521510
49,65812220,521509
49,66171137,521509
49,66565244,521508
49,66972101,521508
49,67357540,521508
49,67748629,521508
49,68113644,521508
49,68484311,521508
49,68879239,521507
49,69251279,521507
49,69604068,521507
49,69966940,521506
49,70355116,521506
49,70750513,521505
49,71132160,521504
49,71541082,521505
49,71895995,521504
49,72294087,521503
49,72666013,521503
49,73043865,521505
49,73396423,521503
49,73790232,521502
49,74149419,521502
49,74545564,521502
49,74951455,521502
49,75339065,521502
49,75753018,521502
49,76112011,521501
49,76505455,521500
49,76916749,521500
49,77313370,521500
49,77688224,521500
49,78045733,521499
49,78420642,521499
49,78773184,521499
49,79149681,521500
49,79545188,521499
49,79897203,521498
49,80295533,521498
49,80666515,521498
49,81024000,521498
49,81417181,521498
49,81772066,521498
49,82148547,521498
49,82542299,521497
49,82926180,521497
49,83335060,521497
49,83699223,521497
49,84086299,521497
49,84469171,521496
49,84856382,521496
49,85215974,521496
49,85583835,521496
49,85949910,521495
49,86338031,521495
49,86732083,521496
49,87109090,521496
49,87480467,521495
49,87833588,521495
49,88190092,521495
49,88544309,521495
49,88899434,521495
49,89297188,521495
49,89668156,521494
49,90025671,521494
49,90397352,521494
49,90794268,521494
49,91150742,521494
49,91544347,521494
49,91915731,521494
49,92293505,521494
49,92645337,521494
50,743631,521494
50,1143220,521493
50,1495932,521495
50,1893661,521495
50,2267192,521495
50,2647238,521499
50,3040768,521501
50,3391815,521501
50,3750908,521504
50,4146248,521507
50,4531858,521510
50,4917384,521513
50,5311622,521517
50,5689442,521523
50,6063100,521528
50,6455774,521536
50,6833239,521544
50,7226407,521551
50,7604409,521562
50,7999395,521572
50,8392874,521582
50,8751071,521594
50,9145552,521608
50,9549910,521620
50,9938187,521634
50,10310002,521647
50,10667078,521662
50,11059695,521678
50,11434855,521693
50,11789706,521708
50,12164711,521724
50,12549900,521744
50,12915045,521759
50,13288206,521779
50,13647546,521800
50,14041610,521822
50,14447694,521843
50,14843950,521866
50,15228125,521890
50,15626103,521911
50,16016566,521936
50,16394542,521959
50,16751758,521981
50,17144686,522008
50,17529735,522034
50,17893663,522059
50,18245582,522086
50,18646524,522118
50,19040678,522145
50,19413272,522171
50,19771718,522201
50,20165552,522233
50,20549455,522265
50,20958024,522299
50,21356366,522335
50,21770678,522367
50,22184108,522400
50,22567858,522434
50,22957795,522467
50,23308914,522499
50,23664514,522530
50,24017314,522562
50,24391182,522594
50,24751218,522628
50,25166623,522664
50,25573111,522701
50,25963240,522728
50,26334878,522760
50,26769043,522796
50,27166592,522825
50,27569396,522855
50,27956599,522882
50,28330663,522907
50,28687802,522934
50,29082101,522960
50,29455014,522985
50,29811881,523009
50,30207065,523033
50,30569202,523056
50,30956062,523080
50,31331213,523102
50,31707504,523123
50,32059805,523142
50,32413840,523163
50,32808685,523184
50,33185183,523203
50,33572447,523225
50,33963060,523244
50,34400341,523261
50,34769157,523278
50,35143076,523294
50,35497799,523310
50,35897582,523325
50,36290005,523340
50,36665450,523355
50,37037806,523366
50,37393031,523380
50,37750161,523392
50,38142017,523405
50,38530930,523415
50,38926166,523427
50,39339108,523437
50,39733312,523447
50,40141093,523456
50,40515149,523465
50,40913588,523474
50,41286293,523479
50,41642516,523484
50,41994968,523492
50,42369686,523497
50,42747632,523502
50,43119684,523504
50,43493958,523509
50,43901105,523511
50,44289942,523516
50,44665549,523516
50,45019348,523518
50,45371958,523520
50,45747546,523520
50,46142655,523521
50,46496317,523522
50,46919452,523522
50,47359044,523522
50,47749445,523523
50,48144293,523523
50,48571388,523523
50,48955669,523523
50,49330086,523523
50,49685779,523523
50,50060150,523523
50,50433069,523522
50,50788312,523522
50,51163900,523522
50,51516357,523522
50,51919620,523522
50,52291166,523521
50,52687869,523521
50,53080823,523521
50,53454764,523521
50,53812235,523521
50,54183237,523521
50,54549486,523520
50,54955373,523519
50,55329864,523519
50,55706437,523519
50,56079201,523518
50,56456044,523518
50,56852192,523518
50,57203152,523517
50,57574193,523517
50,57956462,523517
50,58328717,523516
50,58711262,523516
50,59059540,523514
50,59413162,523514
50,59773390,523514
50,60163311,523514
50,60528144,523514
50,60916247,523514
50,61308478,523513
50,61666698,523513
50,62061515,523512
50,62413582,523511
50,62801695,523511
50,63189950,523511
50,63577572,523510
50,63959339,523509
50,64353833,523509
50,64748603,523509
50,65140622,523509
50,65497627,523509
50,65895525,523509
50,66268621,523509
50,66624343,523507
50,67019244,523506
50,67391066,523506
50,67750895,523506
50,68165191,523506
50,68525945,523506
50,68916444,523505
50,69310235,523505
50,69687044,523505
50,70061200,523505
50,70413045,523505
50,70769148,523504
50,71143176,523504
50,71495038,523503
50,71894195,523503
50,72288192,523503
50,72665074,523502
50,73058977,523502
50,73432731,523503
50,73789527,523503
50,74143247,523502
50,74495988,523502
50,74894969,523502
50,75289601,523502
50,75665682,523501
50,76039071,523501
50,76393867,523501
50,76748739,523501
50,77122035,523500
50,77496019,523500
50,77894179,523500
50,78247288,523500
50,78623904,523500
50,79016666,523500
50,79369834,523500
50,79750380,523500
50,80144306,523499
50,80498855,523499
50,80896982,523499
50,81269220,523499
50,81624605,523498
50,82039515,523498
50,82390515,523498
50,82747566,523498
50,83120013,523498
50,83526366,523498
50,83937713,523498
50,84328784,523498
50,84688215,523498
50,85082066,523498
50,85474369,523498
50,85851530,523497
50,86223834,523497
50,86587823,523496
50,86970772,523497
50,87351393,523497
50,87720315,523497
50,88081399,523497
50,88432852,523497
50,88789763,523497
50,89163316,523497
50,89574026,523497
50,89982012,523496
50,90370882,523496
50,90748713,523496
50,91144249,523496
50,91549972,523496
50,91928703,523496
50,92280601,523496
50,92655443,523496
50,93026676,523496
50,93378882,523496
50,93750709,523496
50,94103148,523496
50,94462061,523496
50,94810180,523495
50,95161183,523495
51,652034,523495
51,974433,523495
51,1311666,523495
51,1646553,523497
51,1992128,523498
51,2345472,523498
51,2680895,523499
51,3014164,523501
51,3323867,523504
51,3681715,523506
51,3991441,523507
51,4322733,523510
51,4660481,523515
51,4990520,523516
51,5322151,523522
51,5660952,523525
51,5973996,523530
51,6288256,523536
51,6645284,523542
51,7017333,523550
51,7348941,523556
51,7667461,523566
51,8017114,523572
51,8350012,523583
51,8691785,523594
51,9023338,523603
51,9374869,523616
51,9731861,523628
51,10088068,523643
51,10445150,523654
51,10799628,523668
51,11183781,523685
51,11545290,523698
51,11902055,523715
51,12232156,523732
51,12606897,523748
51,12972175,523770
51,13358481,523787
51,13734228,523805
51,14091527,523827
51,14428271,523845
51,14819247,523868
51,15208332,523890
51,15554719,523912
51,15931335,523931
51,16306436,523956
51,16696984,523983
51,17063770,524007
51,17432459,524028
51,17796591,524060
51,18190953,524082
51,18564542,524108
51,18921271,524140
51,19315267,524167
51,19696360,524197
51,20085002,524226
51,20460027,524256
51,20825637,524288
51,21217554,524325
51,21606705,524354
51,21983144,524386
51,22355456,524421
51,22734096,524453
51,23106389,524485
51,23480198,524523
51,23881697,524556
51,24271169,524589
51,24625595,524619
51,25022691,524648
51,25395842,524682
51,25772538,524713
51,26123376,524742
51,26477991,524768
51,26856388,524804
51,27249204,524829
51,27604891,524854
51,28007992,524887
51,28399265,524912
51,28756620,524940
51,29150142,524971
51,29545922,524993
51,29924131,525020
51,30338354,525047
51,30735868,525068
51,31106742,525093
51,31500957,525115
51,31879948,525136
51,32272589,525157
51,32637345,525179
51,33048264,525199
51,33438752,525217
51,33818173,525239
51,34214199,525256
51,34636301,525275
51,35047941,525293
51,35466888,525310
51,35857358,525326
51,36274032,525339
51,36635005,525356
51,37023960,525368
51,37409121,525381
51,37795697,525395
51,38173200,525406
51,38566422,525416
51,38945041,525429
51,39330610,525438
51,39705190,525448
51,40070635,525457
51,40466176,525466
51,40881162,525475
51,41275549,525481
51,41676829,525489
51,42066310,525495
51,42419874,525498
51,42773912,525503
51,43126617,525507
51,43479770,525511
51,43857319,525513
51,44251647,525516
51,44605093,525519
51,44981475,525520
51,45404071,525521
51,45794484,525522
51,46165777,525523
51,46521055,525523
51,46877205,525524
51,47228329,525524
51,47624451,525524
51,47999721,525524
51,48353738,525524
51,48731324,525524
51,49102992,525524
51,49478009,525525
51,49881909,525525
51,50273093,525525
51,50660072,525525
51,51047813,525525
51,51467385,525525
51,51879418,525525
51,52270573,525525
51,52660340,525524
51,53069183,525524
51,53458919,525524
51,53820017,525523
51,54193050,525523
51,54588919,525523
51,54961639,525522
51,55354612,525522
51,55730721,525522
51,56126381,525522
51,56480151,525520
51,56856632,525520
51,57229868,525520
51,57604294,525519
51,57986075,525519
51,58377137,525518
51,58732297,525518
51,59106067,525518
51,59478766,525516
51,59878083,525516
51,60271922,525517
51,60625170,525516
51,61027776,525516
51,61445056,525515
51,61822276,525515
51,62216813,525513
51,62604621,525513
51,63004371,525513
51,63396911,525513
51,63764501,525513
51,64128587,525512
51,64523979,525512
51,64879199,525512
51,65274654,525512
51,65679379,525510
51,66064556,525510
51,66418284,525510
51,66776883,525508
51,67167741,525508
51,67542899,525510
51,67900119,525508
51,68272571,525507
51,68626284,525508
51,69023443,525508
51,69395963,525506
51,69753451,525506
51,70104103,525506
51,70479055,525506
51,70878299,525505
51,71228599,525505
51,71604365,525505
51,72004842,525504
51,72396536,525504
51,72776952,525504
51,73168138,525504
51,73542121,525504
51,73898396,525504
51,74271472,525504
51,74624452,525503
51,75026128,525503
51,75395523,525503
51,75753939,525503
51,76150090,525503
51,76523008,525503
51,76879431,525502
51,77271162,525502
51,77625177,525502
51,78002002,525501
51,78354824,525500
51,78732932,525500
51,79105914,525501
51,79479249,525501
51,79855967,525500
51,80251828,525500
51,80604585,525500
51,81002214,525500
51,81374728,525500
51,81730782,525500
51,82105545,525500
51,82499704,525500
51,82860979,525500
51,83252202,525500
51,83625454,525500
51,84027032,525500
51,84399420,525499
51,84774507,525499
51,85126681,525499
51,85491719,525499
51,85879340,525499
51,86276414,525500
51,86678349,525500
51,87066324,525499
51,87420414,525499
51,87787215,525499
51,88150936,525498
51,88547445,525498
51,88964125,525498
51,89358670,525498
51,89734068,525498
51,90127385,525498
51,90480248,525499
51,90856384,525499
51,91250609,525498
51,91605795,525499
51,92003914,525499
51,92377945,525499
51,92733863,525498
51,93105953,525499
51,93500284,525499
51,93882698,525498
51,94273999,525498
51,94625613,525498
51,95003529,525499
51,95398736,525498
51,95776789,525498
51,96169665,525498
51,96521446,525497
51,96879234,525497
51,97277605,525498
51,97676302,525497
51,98067122,525497
51,98470535,525498
51,98858304,525498
51,99231580,525498
51,99604008,525498
51,100003726,525498
51,100374577,525498
51,100732656,525498
52,723441,525497
52,1101667,525497
52,1478837,525498
52,1851753,525499
52,2228506,525500
52,2602762,525502
52,2975883,525503
52,3379242,525505
52,3772129,525509
52,4134029,525510
52,4502083,525513
52,4854475,525519
52,5227298,525521
52,5601353,525526
52,5979065,525530
52,6354521,525540
52,6749346,525543
52,7104257,525553
52,7511204,525561
52,7896752,525571
52,8273174,525580
52,8666779,525592
52,9019622,525602
52,9376472,525616
52,9770995,525628
52,10133320,525642
52,10498122,525654
52,10860642,525670
52,11272909,525687
52,11664535,525702
52,12018352,525718
52,12395078,525735
52,12769205,525753
52,13154820,525770
52,13518960,525790
52,13871892,525807
52,14231797,525830
52,14623734,525850
52,14976655,525870
52,15354022,525890
52,15850496,525925
52,16372126,525955
52,16896653,525989
52,17389566,526026
52,17908914,526059
52,18437317,526099
52,18949414,526132
52,19379654,526166
52,19778050,526196
52,20182924,526226
52,20659056,526265
52,21154799,526307
52,21655451,526351
52,22085713,526385
52,22571720,526432
52,23000295,526468
52,23406420,526505
52,23793223,526536
52,24177514,526574
52,24656908,526619
52,25110199,526653
52,25603761,526696
52,26117806,526736
52,26618893,526779
52,27118798,526817
52,27668779,526861
52,28111480,526891
52,28531176,526919
52,28918242,526945
52,29389046,526979
52,29840177,527008
52,30265424,527032
52,30631639,527057
52,31000152,527078
52,31381726,527098
52,31772442,527125
52,32177211,527146
52,32565697,527168
52,32961104,527192
52,33376240,527212
52,33769996,527229
52,34154193,527250
52,34577781,527270
52,34961814,527288
52,35375164,527304
52,35726820,527319
52,36100950,527336
52,36504432,527350
52,36898093,527363
52,37273861,527377
52,37666581,527389
52,38032013,527398
52,38399587,527412
52,38790922,527424
52,39181177,527432
52,39560779,527444
52,39938929,527451
52,40296921,527459
52,40708761,527468
52,41067598,527477
52,41459999,527483
52,41873212,527490
52,42232297,527496
52,42601387,527500
52,42995448,527506
52,43375950,527508
52,43769017,527513
52,44122170,527515
52,44517208,527519
52,44891791,527520
52,45269399,527521
52,45621226,527521
52,45973889,527522
52,46353797,527524
52,46724362,527524
52,47099483,527525
52,47524569,527526
52,47914542,527524
52,48272353,527526
52,48664488,527526
52,49037271,527526
52,49395157,527525
52,49766599,527526
52,50121724,527526
52,50520363,527525
52,50911798,527525
52,51309439,527525
52,51668673,527523
52,52062953,527524
52,52420343,527525
52,52792551,527524
52,53199625,527523
52,53586948,527523
52,53980008,527523
52,54377656,527522
52,54771472,527522
52,55122889,527523
52,55501086,527523
52,55894887,527522
52,56274053,527522
52,56667307,527522
52,57019254,527522
52,57395841,527521
52,57750080,527521
52,58101744,527521
52,58513182,527520
52,58874985,527520
52,59229411,527520
52,59603381,527520
52,60000195,527520
52,60354447,527518
52,60735293,527518
52,61139140,527518
52,61503201,527518
52,61896396,527518
52,62282690,527517
52,62666686,527517
52,63020828,527516
52,63378101,527516
52,63769918,527515
52,64161289,527515
52,64520955,527514
52,64873590,527514
52,65231376,527514
52,65624474,527514
52,65977155,527514
52,66355482,527513
52,66748632,527512
52,67101801,527513
52,67479316,527511
52,67852109,527511
52,68251002,527511
52,68601594,527511
52,68977140,527510
52,69380342,527510
52,69771521,527510
52,70135369,527510
52,70502816,527510
52,70895956,527510
52,71271168,527509
52,71624183,527509
52,71979206,527509
52,72355486,527509
52,72749907,527508
52,73104115,527508
52,73479153,527508
52,73873462,527507
52,74231073,527507
52,74605184,527507
52,74999319,527507
52,75376528,527507
52,75772483,527507
52,76176576,527506
52,76561130,527506
52,76935356,527506
52,77291762,527506
52,77666505,527506
52,78018543,527506
52,78374430,527506
52,78728042,527505
52,79101614,527504
52,79498670,527504
52,79873373,527504
52,80229882,527504
52,80604605,527504
52,80997641,527504
52,81355389,527504
52,81771240,527504
52,82136453,527504
52,82533204,527504
52,82898594,527503
52,83293867,527503
52,83666035,527503
52,84018868,527503
52,84375481,527503
52,84772022,527503
52,85175808,527502
52,85561302,527502
52,85914853,527502
52,86283670,527502
52,86667810,527502
52,87061058,527502
52,87438651,527502
52,87790142,527502
52,88175866,527502
52,88560808,527501
52,88935497,527501
52,89292347,527502
52,89643696,527502
52,89997973,527501
52,90357525,527501
52,90730045,527501
52,91124218,527501
52,91528001,527501
52,91896084,527501
52,92271810,527501
52,92666430,527500
52,93018917,527500
52,93379627,527500
52,93772029,527501
52,94176761,527501
52,94566030,527501
52,94963683,527501
52,95377427,527501
53,708865,527500
53,1071028,527500
53,1466500,527501
53,1838933,527501
53,2216867,527502
53,2610860,527505
53,2963185,527507
53,3360087,527507
53,3735470,527511
53,4160047,527515
53,4559348,527515
53,4944855,527522
53,5320752,527526
53,5715981,527528
53,6113568,527536
53,6506038,527545
53,6860308,527549
53,7221152,527559
53,7611247,527569
53,7998108,527577
53,8382089,527589
53,8756468,527599
53,9111931,527611
53,9461472,527622
53,9829427,527637
53,10218426,527650
53,10610484,527667
53,10995677,527681
53,11359696,527696
53,11711865,527712
53,12071742,527726
53,12462806,527746
53,12837305,527763
53,13196200,527779
53,13566460,527802
53,13962154,527824
53,14359169,527842
53,14752532,527865
53,15135066,527886
53,15505165,527906
53,15857508,527928
53,16216404,527954
53,16608372,527978
53,16995110,528004
53,17386938,528029
53,17779743,528059
53,18160446,528083
53,18531739,528110
53,18926251,528139
53,19298975,528165
53,19655993,528196
53,20053712,528228
53,20464277,528258
53,20838185,528285
53,21215829,528319
53,21610906,528349
53,21962643,528384
53,22363515,528419
53,22758540,528452
53,23133919,528487
53,23529007,528520
53,23931024,528556
53,24321846,528592
53,24713524,528621
53,25072242,528653
53,25444145,528686
53,25840363,528716
53,26215698,528749
53,26609569,528778
53,26962040,528805
53,27338023,528832
53,27713794,528862
53,28093397,528889
53,28465963,528914
53,28820896,528945
53,29238201,528971
53,29631907,528995
53,30019584,529024
53,30402803,529045
53,30776822,529068
53,31130142,529090
53,31485316,529110
53,31838529,529131
53,32194453,529151
53,32567641,529174
53,32942479,529192
53,33341025,529213
53,33733212,529231
53,34124169,529248
53,34505267,529267
53,34858193,529283
53,35238201,529299
53,35629916,529315
53,35994759,529332
53,36402443,529344
53,36776493,529360
53,37153584,529372
53,37525312,529384
53,37879097,529395
53,38235987,529407
53,38607826,529418
53,38983365,529428
53,39365724,529439
53,39758289,529449
53,40114421,529456
53,40508302,529465
53,40902560,529473
53,41260415,529480
53,41673333,529486
53,42038637,529492
53,42422860,529498
53,42800820,529503
53,43215465,529508
53,43610177,529511
53,43962948,529514
53,44360231,529518
53,44733394,529519
53,45110076,529520
53,45468645,529523
53,45859878,529524
53,46217586,529525
53,46589395,529527
53,46941289,529527
53,47340800,529527
53,47714499,529527
53,48069587,529527
53,48462370,529527
53,48837776,529527
53,49193592,529527
53,49566648,529527
53,49963593,529527
53,50364690,529527
53,50736834,529527
53,51092397,529527
53,51484899,529527
53,51838581,529527
53,52218514,529525
53,52609787,529525
53,52995742,529525
53,53380853,529525
53,53775909,529524
53,54156362,529524
53,54532241,529524
53,54927724,529524
53,55300346,529522
53,55693660,529523
53,56071696,529522
53,56464486,529522
53,56816761,529521
53,57196052,529521
53,57589699,529521
53,57953191,529520
53,58322344,529521
53,58713489,529521
53,59067647,529520
53,59443265,529520
53,59838112,529520
53,60215488,529520
53,60568633,529519
53,60963351,529519
53,61384068,529519
53,61734536,529519
53,62090242,529519
53,62445126,529519
53,62816344,529519
53,63204061,529518
53,63593217,529517
53,63997979,529517
53,64407957,529517
53,64800186,529516
53,65216377,529516
53,65612064,529516
53,66015001,529516
53,66381400,529515
53,66754540,529515
53,67112875,529515
53,67506492,529514
53,67880179,529514
53,68239172,529514
53,68631028,529514
53,69013891,529514
53,69423190,529514
53,69774758,529514
53,70132537,529513
53,70484245,529513
53,70837864,529513
53,71214061,529513
53,71566084,529513
53,71942556,529512
53,72342027,529511
53,72737052,529511
53,73113031,529511
53,73506748,529511
53,73861117,529511
53,74217340,529511
53,74610191,529511
53,74996380,529511
53,75361698,529511
53,75712774,529510
53,76071529,529510
53,76442825,529511
53,76838967,529509
53,77217605,529509
53,77610121,529509
53,77976212,529509
53,78339769,529508
53,78692637,529509
53,79090231,529509
53,79441984,529508
53,79816406,529508
53,80216178,529508
53,80587855,529508
53,80940793,529507
53,81339814,529507
53,81690885,529507
53,82078432,529507
53,82465784,529507
53,82816316,529506
53,83198424,529507
53,83590394,529506
53,83943380,529506
53,84475088,529506
53,85029492,529506
53,85547895,529506
53,86079349,529506
53,86627046,529505
53,87134344,529505
53,87646293,529505
53,88095438,529505
53,88491961,529505
53,88995579,529505
53,89481968,529504
53,90016834,529504
53,90501057,529504
53,90950627,529504
53,91351348,529504
53,91736929,529504
53,92114155,529504
53,92504818,529504
53,92857518,529504
53,93215536,529504
53,93608191,529504
53,93996109,529504
53,94482053,529504
53,95039383,529503
53,95541475,529503
53,96078013,529503
53,96495278,529503
53,96873303,529503
53,97265813,529503
53,97635767,529503
53,98033146,529503
53,98425656,529503
53,98819817,529503
53,99217639,529502
53,99613322,529502
53,100003319,529502
53,100381433,529502
54,734238,529502
54,1120431,529502
54,1492125,529503
54,1869293,529503
54,2265863,529504
54,2657484,529506
54,3032431,529508
54,3426268,529509
54,3780206,529511
54,4163350,529514
54,4555995,529517
54,4911031,529521
54,5283325,529525
54,5679508,529530
54,6056614,529535
54,6446668,529542
54,6827269,529548
54,7204182,529557
54,7596405,529566
54,7951446,529574
54,8304570,529584
54,8655145,529595
54,9036719,529607
54,9429774,529618
54,9783334,529633
54,10178295,529646
54,10552182,529659
54,10911170,529677
54,11302509,529691
54,11676457,529707
54,12033956,529723
54,12405956,529741
54,12779721,529760
54,13170673,529778
54,13554246,529796
54,13950452,529817
54,14343894,529837
54,14696789,529856
54,15085687,529880
54,15475207,529904
54,15869188,529924
54,16245113,529951
54,16638012,529973
54,16997493,529998
54,17371689,530025
54,17763865,530053
54,18180502,530082
54,18575794,530107
54,18952732,530138
54,19348120,530164
54,19721314,530192
54,20076565,530223
54,20493643,530252
54,20855770,530286
54,21263118,530315
54,21618306,530350
54,22014970,530384
54,22428281,530416
54,22780520,530451
54,23180132,530486
54,23552740,530516
54,23908161,530548
54,24281147,530583
54,24676912,530614
54,25032929,530644
54,25407132,530678
54,25802617,530714
54,26224465,530746
54,26618027,530774
54,26994472,530805
54,27387442,530834
54,27768012,530865
54,28156870,530889
54,28532809,530921
54,28929134,530946
54,29283503,530970
54,29658114,530998
54,30056050,531026
54,30449223,531048
54,30801803,531071
54,31188511,531096
54,31572599,531117
54,31954551,531139
54,32365862,531159
54,32718075,531177
54,33077981,531199
54,33470906,531217
54,33831895,531236
54,34218366,531251
54,34571592,531268
54,34929362,531284
54,35280074,531300
54,35680181,531318
54,36055623,531331
54,36406546,531347
54,36779930,531360
54,37184780,531375
54,37584272,531388
54,37974047,531401
54,38364029,531410
54,38717019,531421
54,39076260,531434
54,39448406,531441
54,39833327,531452
54,40198615,531459
54,40549299,531469
54,40909059,531473
54,41283097,531482
54,41673825,531489
54,42034499,531494
54,42407154,531500
54,42780439,531505
54,43157209,531510
54,43530686,531514
54,43908505,531516
54,44279848,531519
54,44653443,531521
54,45051528,531522
54,45405251,531524
54,45777809,531525
54,46178049,531525
54,46528647,531527
54,46904948,531527
54,47299447,531528
54,47653087,531528
54,48036206,531530
54,48427999,531529
54,48782089,531528
54,49158028,531528
54,49533374,531528
54,49907816,531529
54,50278066,531528
54,50654403,531528
54,51053282,531528
54,51404896,531527
54,51781337,531527
54,52177287,531527
54,52530750,531526
54,52908858,531526
54,53297962,531526
54,53653356,531526
54,54033760,531525
54,54425045,531525
54,54787033,531525
54,55156260,531525
54,55548089,531525
54,55908919,531525
54,56278616,531524
54,56673910,531524
54,57051395,531523
54,57404110,531523
54,57798300,531523
54,58196296,531522
54,58569374,531522
54,58927321,531521
54,59282283,531520
54,59652476,531520
54,60053789,531519
54,60405692,531519
54,60777780,531519
54,61179120,531519
54,61558937,531519
54,61948621,531519
54,62301058,531518
54,62652968,531518
54,63031142,531518
54,63406558,531518
54,63778820,531517
54,64159726,531517
54,64533707,531517
54,64907773,531517
54,65281847,531517
54,65656956,531516
54,66056867,531516
54,66446743,531516
54,66800628,531516
54,67180370,531514
54,67535158,531514
54,67929274,531514
54,68302494,531514
54,68657381,531512
54,69034352,531513
54,69427533,531513
54,69779654,531513
54,70179383,531513
54,70553428,531512
54,70908506,531512
54,71282068,531512
54,71678091,531512
54,72033796,531511
54,72403675,531511
54,72800356,531511
54,73197738,531511
54,73570919,531510
54,73930612,531510
54,74282282,531510
54,74657357,531510
54,75054783,531510
54,75406537,531510
54,75781844,531510
54,76178473,531509
54,76550660,531509
54,76909947,531509
54,77302145,531509
54,77653079,531509
54,78032401,531508
54,78406061,531509
54,78789883,531508
54,79160446,531508
54,79551840,531508
54,79928451,531508
54,80280276,531507
54,80653764,531507
54,81056370,531508
54,81468622,531508
54,81834582,531507
54,82223599,531506
54,82616219,531507
54,82992772,531506
54,83345430,531508
54,83699562,531506
54,84075290,531507
54,84426933,531507
54,84778844,531507
54,85154963,531507
54,85562511,531507
54,85953825,531506
54,86325689,531506
54,86675272,531506
54,87055539,531506
54,87407493,531506
54,87799737,531506
54,88177345,531505
54,88530701,531507
54,88929294,531505
54,89281305,531506
54,89671941,531506
54,90073128,531505
54,90426755,531506
54,90780819,531506
54,91179740,531505
54,91554447,531505
54,91910968,531505
54,92301633,531504
54,92676771,531504
54,93043157,531504
54,93433956,531504
54,93821202,531504
54,94198138,531504
54,94551459,531504
54,94929195,531504
54,95287100,531504
54,95682682,531504
54,96059609,531503
54,96474563,531503
54,96887299,531503
54,97291419,531504
54,97689065,531504
55,744352,531503
55,1123986,531503
55,1480114,531505
55,1851077,531504
55,2204862,531505
55,2582353,531509
55,2954753,531510
55,3329864,531510
55,3717624,531513
55,4101344,531517
55,4461305,531517
55,4831103,531523
55,5224992,531527
55,5601992,531532
55,5955129,531538
55,6350250,531544
55,6754851,531553
55,7146676,531559
55,7501404,531568
55,7873565,531578
55,8246105,531586
55,8605237,531596
55,8979029,531609
55,9329324,531622
55,9748875,531632
55,10102362,531647
55,10459253,531661
55,10851678,531675
55,11224668,531690
55,11601582,531707
55,12006331,531725
55,12413341,531741
55,12769222,531757
55,13121988,531776
55,13477664,531793
55,13829304,531811
55,14205127,531833
55,14601999,531852
55,14954581,531873
55,15328922,531896
55,15730505,531921
55,16146639,531946
55,16543093,531970
55,16914650,531992
55,17271185,532017
55,17625510,532041
55,17975564,532065
55,18329009,532092
55,18705599,532119
55,19103171,532148
55,19459092,532175
55,19829368,532208
55,20224367,532233
55,20607335,532269
55,20998532,532294
55,21349205,532325
55,21727382,532356
55,22078807,532387
55,22478939,532423
55,22850092,532455
55,23203889,532487
55,23583114,532522
55,23966204,532554
55,24332563,532591
55,24752477,532625
55,25167005,532655
55,25521057,532686
55,25875473,532721
55,26269682,532748
55,26647924,532783
55,27041756,532810
55,27428667,532841
55,27823893,532871
55,28228468,532901
55,28583131,532925
55,28957417,532951
55,29351553,532983
55,29748850,533005
55,30120715,533028
55,30480472,533054
55,30875102,533078
55,31247549,533097
55,31604191,533121
55,32020836,533146
55,32416552,533164
55,32766779,533185
55,33142151,533204
55,33498515,533222
55,33850732,533240
55,34204672,533257
55,34581840,533277
55,34954605,533292
55,35331344,533309
55,35738981,533325
55,36104701,533339
55,36478365,533352
55,36830161,533369
55,37225743,533379
55,37606966,533394
55,37997353,533405
55,38351673,533418
55,38773940,533429
55,39164913,533439
55,39541462,533449
55,39915247,533459
55,40289348,533466
55,40647490,533475
55,41020405,533481
55,41384952,533488
55,41750060,533494
55,42142727,533501
55,42521720,533505
55,42957334,533512
55,43335390,533514
55,43729746,533520
55,44122537,533521
55,44500375,533524
55,44851624,533527
55,45226295,533527
55,45582892,533529
55,45956347,533529
55,46330214,533530
55,46706684,533531
55,47080071,533531
55,47456779,533531
55,47831767,533531
55,48204790,533531
55,48605607,533531
55,49124403,533532
55,49646253,533532
55,50139957,533532
55,50637866,533532
55,51138009,533532
55,51659863,533531
55,52104474,533531
55,52533848,533531
55,52943969,533529
55,53350871,533529
55,53829363,533529
55,54323846,533529
55,54825139,533529
55,55346794,533529
55,55865079,533527
55,56292386,533527
55,56696208,533527
55,57104436,533526
55,57502050,533526
55,57873637,533526
55,58223684,533526
55,58583219,533524
55,58975441,533524
55,59350452,533525
55,59758865,533524
55,60146359,533524
55,60523444,533524
55,60917086,533523
55,61311780,533523
55,61719371,533523
55,62106651,533522
55,62477546,533522
55,62831495,533522
55,63207559,533521
55,63602759,533520
55,63956199,533520
55,64330963,533520
55,64726313,533520
55,65082276,533519
55,65456207,533519
55,65852686,533519
55,66208123,533518
55,66582726,533518
55,66977480,533518
55,67332365,533518
55,67707476,533517
55,68102634,533517
55,68457357,533517
55,68829125,533517
55,69225412,533516
55,69601458,533516
55,69952958,533516
55,70349707,533515
55,70731036,533515
55,71124039,533515
55,71481373,533514
55,71853048,533513
55,72206601,533513
55,72584590,533513
55,72953227,533513
55,73328684,533513
55,73725730,533513
55,74103995,533513
55,74459387,533512
55,74851524,533512
55,75223743,533512
55,75584327,533511
55,75979878,533511
55,76349200,533511
55,76748986,533511
55,77121050,533510
55,77490580,533510
55,77874978,533510
55,78246079,533510
55,78602554,533510
55,78954587,533510
55,79328757,533510
55,79725799,533510
55,80077631,533510
55,80455139,533510
55,80850792,533508
55,81202799,533509
55,81586129,533509
55,81979428,533509
55,82329335,533509
55,82708100,533509
55,83100789,533509
55,83456728,533508
55,83829862,533508
55,84223911,533508
55,84580944,533508
55,84954996,533508
55,85348823,533508
55,85736346,533508
55,86124574,533508
55,86503435,533508
55,86895197,533508
55,87249594,533508
55,87624296,533507
55,88033361,533507
55,88484323,533507
55,88866026,533507
55,89250214,533506
55,89646645,533506
55,90019442,533507
55,90387373,533507
55,90748581,533507
55,91099939,533507
55,91456806,533507
55,91828721,533507
55,92204087,533506
55,92587423,533506
55,92976240,533506
55,93351330,533506
55,93751545,533506
55,94165706,533506
55,94523866,533506
55,94917303,533506
55,95295107,533506
55,95667132,533507
55,96064709,533507
55,96457310,533507
55,96832366,533505
55,97206527,533505
55,97606461,533505
55,98000410,533505
55,98385242,533505
55,98773067,533505
55,99164170,533505
55,99541472,533505
55,99914900,533505
55,100267574,533507
55,100624396,533506
55,100976093,533505
55,101345775,533505
55,101750376,533505
55,102099999,533505
55,102456137,533505
55,102830250,533505
55,103225393,533504
55,103585163,533504
55,103957076,533504
55,104350703,533504
55,104750829,533504
55,105125333,533504
55,105521302,533504
55,105895733,533504
56,768886,533504
56,1160344,533504
56,1533527,533505
56,1913743,533506
56,2290919,533507
56,2686124,533509
56,3057435,533511
56,3490852,533512
56,3872717,533516
56,4264759,533519
56,4637940,533521
56,4995782,533526
56,5387612,533531
56,5754291,533536
56,6139499,533541
56,6532199,533549
56,6889952,533555
56,7241676,533563
56,7594430,533570
56,7976726,533583
56,8366179,533592
56,8753469,533605
56,9139452,533617
56,9514090,533628
56,9891419,533643
56,10285713,533656
56,10635556,533672
56,10995138,533686
56,11389924,533701
56,11771884,533719
56,12162541,533737
56,12553288,533752
56,12933678,533772
56,13328769,533790
56,13720811,533809
56,14118407,533829
56,14470177,533849
56,14826502,533870
56,15200472,533892
56,15595492,533915
56,15951124,533938
56,16326014,533961
56,16720000,533987
56,17117084,534012
56,17490083,534036
56,17846643,534058
56,18199880,534084
56,18583525,534118
56,18953325,534141
56,19325046,534170
56,19699746,534202
56,20102366,534234
56,20495486,534262
56,20892497,534297
56,21287448,534330
56,21681001,534361
56,22040617,534393
56,22416208,534429
56,22811576,534466
56,23224399,534504
56,23639931,534535
56,23995378,534570
56,24388815,534603
56,24753674,534632
56,25118758,534661
56,25473971,534691
56,25869569,534726
56,26241912,534755
56,26595781,534781
56,26973249,534810
56,27326137,534842
56,27721032,534868
56,28107591,534899
56,28492756,534927
56,28848130,534950
56,29220363,534974
56,29595227,535003
56,29978570,535026
56,30347967,535046
56,30700374,535074
56,31099485,535095
56,31494718,535119
56,31891867,535143
56,32285912,535161
56,32639392,535181
56,33017099,535203
56,33409510,535222
56,33794550,535241
56,34186042,535264
56,34598364,535280
56,34996806,535296
56,35387619,535315
56,35776679,535331
56,36166275,535345
56,36538412,535360
56,36937835,535374
56,37347380,535387
56,37721075,535400
56,38119260,535412
56,38491040,535423
56,38847895,535431
56,39201171,535443
56,39595585,535451
56,39972192,535461
56,40326187,535469
56,40698883,535478
56,41098799,535485
56,41492543,535491
56,41870823,535499
56,42267740,535505
56,42672467,535509
56,43059253,535514
56,43453199,535521
56,43849657,535521
56,44243292,535526
56,44617185,535527
56,44994504,535530
56,45391977,535529
56,45808944,535532
56,46199108,535532
56,46573909,535532
56,46973586,535532
56,47345462,535532
56,47700012,535533
56,48098863,535533
56,48472230,535533
56,48832380,535533
56,49222494,535533
56,49597190,535533
56,49952073,535533
56,50326327,535533
56,50722074,535533
56,51119627,535533
56,51490947,535532
56,51849011,535531
56,52264182,535532
56,52627803,535532
56,53020120,535530
56,53389904,535530
56,53757676,535531
56,54140529,535530
56,54533798,535529
56,54912566,535531
56,55288995,535530
56,55686257,535529
56,56059038,535529
56,56450631,535528
56,56829406,535528
56,57224248,535527
56,57617081,535527
56,57996574,535527
56,58390806,535527
56,58787893,535526
56,59181626,535526
56,59537688,535526
56,59929268,535525
56,60288472,535525
56,60662382,535525
56,61054252,535525
56,61413806,535524
56,61788189,535524
56,62184933,535524
56,62595137,535523
56,62955930,535523
56,63349757,535523
56,63721319,535522
56,64121363,535521
56,64516516,535521
56,64911527,535521
56,65310581,535519
56,65720992,535519
56,66118774,535519
56,66492657,535519
56,66848859,535519
56,67292175,535519
56,67696721,535518
56,68106718,535518
56,68506133,535518
56,68900505,535518
56,69261692,535517
56,69629253,535516
56,70037159,535516
56,70407418,535516
56,70790021,535516
56,71126565,535514
56,71478986,535515
56,71818066,535515
56,72205669,535515
56,72557432,535514
56,72927774,535514
56,73264831,535514
56,73637975,535514
56,73996316,535513
56,74348950,535513
56,74707205,535513
56,75076993,535513
56,75424187,535512
56,75742799,535512
56,76069332,535512
56,76389248,535512
56,76757865,535512
56,77125291,535512
56,77478831,535512
56,77913009,535512
56,78303829,535512
56,78657885,535512
56,79014515,535511
56,79368415,535511
56,79719842,535511
56,80077304,535511
56,80425503,535511
56,80771291,535510
56,81087294,535510
56,81509030,535511
56,81932701,535510
56,82319627,535510
56,82710948,535510
56,83158916,535510
56,83538950,535509
56,83965925,535510
56,84330477,535510
56,84675231,535509
56,85082498,535509
56,85511145,535509
56,85934200,535509
56,86400501,535509
56,86817739,535509
56,87276256,535509
56,87678976,535509
56,88019530,535508
56,88369639,535508
56,88721615,535508
56,89060853,535508
56,89418092,535508
56,89779120,535509
56,90123572,535508
56,90476582,535508
56,90842474,535508
56,91183354,535508
56,91519441,535508
56,91870992,535508
56,92224604,535508
56,92577681,535508
56,92935412,535507
56,93296706,535507
56,93651912,535507
56,94028683,535507
56,94381223,535507
56,94745098,535507
56,95089925,535508
56,95441846,535508
56,95819431,535507
56,96201115,535507
56,96596727,535508
56,96953549,535507
56,97345428,535507
56,97722164,535507
56,98122431,535507
56,98489587,535507
56,98848273,535507
56,99243285,535506
56,99616997,535507
56,99973429,535507
56,100336084,535507
56,100731450,535507
56,101126596,535506
56,101517601,535506
56,101917157,535505
56,102291785,535505
57,778974,535505
57,1179614,535506
57,1576694,535506
57,1991245,535507
57,2386444,535509
57,2785323,535510
57,3183724,535512
57,3573583,535513
57,3972597,535519
57,4367565,535519
57,4765976,535525
57,5156811,535529
57,5553656,535533
57,5947277,535538
57,6342852,535547
57,6745528,535552
57,7114373,535560
57,7510861,535571
57,7909184,535578
57,8286865,535589
57,8663117,535601
57,9052192,535614
57,9453300,535624
57,9823950,535641
57,10216709,535652
57,10627660,535670
57,11036536,535684
57,11429270,535702
57,11838620,535718
57,12219460,535735
57,12630361,535756
57,13045971,535775
57,13441832,535795
57,13877076,535817
57,14284690,535838
57,14704317,535862
57,15115531,535885
57,15511157,535909
57,15916386,535930
57,16283338,535957
57,16697408,535983
57,17095355,536009
57,17492841,536034
57,17866804,536062
57,18264256,536087
57,18652179,536119
57,19034046,536147
57,19430750,536177
57,19804085,536207
57,20217606,536239
57,20629815,536274
57,21040270,536302
57,21430705,536337
57,21812049,536373
57,22221768,536408
57,22630074,536442
57,23036987,536483
57,23444116,536516
57,23849547,536548
57,24220208,536586
57,24594419,536620
57,24991724,536649
57,25387961,536683
57,25762719,536717
57,26159217,536748
57,26580944,536781
57,26972204,536811
57,27346557,536841
57,27746031,536871
57,28138808,536899
57,28513394,536929
57,28932588,536957
57,29310350,536983
57,29682690,537006
57,30058315,537032
57,30457808,537059
57,30884849,537083
57,31286385,537107
57,31696459,537131
57,32093509,537155
57,32509202,537175
57,32895380,537196
57,33279900,537215
57,33639602,537234
57,34018227,537252
57,34414694,537272
57,34783003,537289
57,35137313,537304
57,35493184,537317
57,35819452,537332
57,36160157,537343
57,36487677,537359
57,36866045,537369
57,37194501,537384
57,37561330,537395
57,37907525,537406
57,38252266,537418
57,38605667,537428
57,38982132,537439
57,39403006,537450
57,39783989,537460
57,40144567,537467
57,40453644,537474
57,40771026,537482
57,41101144,537487
57,41432472,537494
57,41751966,537499
57,42103596,537504
57,42435004,537509
57,42773146,537514
57,43127340,537517
57,43460848,537520
57,43840108,537523
57,44192392,537527
57,44551536,537528
57,44883810,537529
57,45213820,537531
57,45587997,537531
57,45966651,537531
57,46317453,537532
57,46662064,537534
57,47016064,537534
57,47381887,537534
57,47738010,537534
57,48093159,537535
57,48467197,537535
57,48824760,537535
57,49160243,537535
57,49529959,537535
57,49892769,537535
57,50265886,537535
57,50627427,537535
57,50974145,537535
57,51327246,537535
57,51705682,537534
57,52105474,537533
57,52459725,537533
57,52834899,537533
57,53230405,537532
57,53605467,537532
57,54001583,537533
57,54376286,537532
57,54754540,537531
57,55125815,537532
57,55480765,537532
57,55837392,537530
57,56210588,537531
57,56605715,537531
57,57004016,537529
57,57377138,537528
57,57734684,537529
57,58085039,537529
57,58458638,537527
57,58857864,537527
57,59208552,537528
57,59595625,537526
57,59984455,537526
57,60334257,537527
57,60715002,537526
57,61105371,537526
57,61459256,537526
57,61842841,537526
57,62234697,537525
57,62606087,537525
57,63005489,537525
57,63376589,537524
57,63737857,537523
57,64131807,537523
57,64480369,537523
57,64840362,537522
57,65212766,537521
57,65584991,537521
57,65986399,537521
57,66401721,537521
57,66755793,537521
57,67110200,537520
57,67462117,537520
57,67835980,537519
57,68232096,537519
57,68583817,537518
57,68981353,537518
57,69356165,537517
57,69712159,537516
57,70084722,537517
57,70480287,537517
57,70849515,537517
57,71236303,537517
57,71605836,537517
57,72001877,537516
57,72376811,537516
57,72733709,537516
57,73089049,537515
57,73464290,537515
57,73860790,537514
57,74210114,537514
57,74585251,537514
57,74985065,537514
57,75338020,537514
57,75711626,537514
57,76083565,537513
57,76481255,537513
57,76837923,537512
57,77211485,537512
57,77584958,537512
57,77982305,537512
57,78355929,537512
57,78713939,537512
57,79085797,537512
57,79459117,537512
57,79858643,537512
57,80208744,537512
57,80584893,537511
57,80981554,537511
57,81333654,537511
57,81713057,537510
57,82105950,537510
57,82480659,537510
57,82837242,537510
57,83240039,537510
57,83640732,537510
57,84012270,537510
57,84423002,537510
57,84778326,537510
57,85129646,537509
57,85483881,537509
57,85839829,537509
57,86209615,537509
57,86605351,537509
57,87004571,537509
57,87380570,537509
57,87735348,537509
57,88088124,537509
57,88462023,537509
57,88839647,537509
57,89212675,537509
57,89585177,537509
57,89982400,537509
57,90355370,537509
57,90715596,537508
57,91109114,537508
57,91483613,537508
57,91838346,537508
57,92212937,537508
57,92587907,537508
57,92982291,537508
57,93356314,537509
57,93736669,537508
57,94130245,537508
57,94494129,537508
57,94884152,537508
57,95277374,537508
57,95639587,537508
57,96027594,537507
57,96378211,537507
57,96754089,537508
57,97110240,537508
57,97485119,537508
57,97839529,537508
57,98231664,537508
57,98585372,537509
57,98985004,537508
57,99356417,537508
57,99717041,537509
57,100088691,537507
57,100480604,537507
57,100839249,537508
57,101212996,537508
57,101605618,537507
57,101985601,537507
57,102339054,537508
57,102714313,537508
57,103087145,537507
57,103459684,537508
57,103837297,537508
57,104209989,537508
57,104584584,537508
57,104986368,537507
57,105379384,537507
58,720221,537507
58,1077676,537507
58,1430267,537509
58,1827342,537509
58,2200504,537510
58,2559064,537512
58,2952010,537513
58,3326075,537513
58,3681774,537516
58,4040982,537520
58,4443179,537521
58,4810157,537525
58,5158402,537530
58,5538915,537534
58,5933660,537539
58,6305206,537545
58,6664009,537553
58,7057126,537562
58,7409383,537569
58,7808762,537577
58,8182990,537589
58,8558787,537601
58,8910945,537609
58,9307683,537623
58,9681848,537637
58,10033902,537649
58,10408253,537664
58,10811355,537680
58,11205431,537695
58,11580404,537710
58,11932570,537725
58,12307675,537743
58,12684712,537759
58,13046648,537776
58,13411041,537796
58,13808063,537815
58,14179917,537834
58,14540111,537858
58,14934828,537879
58,15304716,537898
58,15663950,537924
58,16059008,537944
58,16431517,537971
58,16829546,537992
58,17203740,538018
58,17560371,538042
58,17911366,538066
58,18286678,538095
58,18682739,538123
58,19033514,538148
58,19407737,538180
58,19806796,538208
58,20158038,538237
58,20535677,538268
58,20929736,538298
58,21305306,538328
58,21666091,538362
58,22059241,538393
58,22432985,538428
58,22814279,538461
58,23204039,538493
58,23559975,538525
58,23912378,538557
58,24282914,538594
58,24669999,538623
58,25037612,538655
58,25412710,538690
58,25811035,538725
58,26203883,538753
58,26579736,538783
58,26931282,538811
58,27303714,538842
58,27684645,538869
58,28033969,538897
58,28408378,538925
58,28831026,538950
58,29183305,538975
58,29539224,539003
58,29932030,539026
58,30307675,539050
58,30661784,539073
58,31033145,539098
58,31407391,539118
58,31805463,539139
58,32162427,539165
58,32559441,539183
58,32912622,539203
58,33288319,539225
58,33684412,539241
58,34036947,539258
58,34409322,539278
58,34806050,539294
58,35158644,539308
58,35540684,539326
58,35932975,539341
58,36309138,539355
58,36663295,539367
58,37065529,539385
58,37431471,539396
58,37830298,539410
58,38202652,539421
58,38557708,539431
58,38908853,539441
58,39288081,539452
58,39684221,539462
58,40035832,539469
58,40407822,539479
58,40807218,539485
58,41158119,539491
58,41536178,539500
58,41908029,539504
58,42283163,539509
58,42660818,539515
58,43033096,539521
58,43407001,539523
58,43813946,539528
58,44203713,539530
58,44578267,539532
58,44954107,539533
58,45306518,539535
58,45663053,539536
58,46036982,539536
58,46428336,539536
58,46830757,539538
58,47200644,539537
58,47558130,539537
58,47912563,539538
58,48291996,539538
58,48686687,539537
58,49060588,539538
58,49465628,539539
58,49849364,539538
58,50222079,539537
58,50580753,539538
58,50931268,539537
58,51303980,539536
58,51661600,539536
58,52035359,539538
58,52407387,539535
58,52808553,539535
58,53183559,539537
58,53536098,539536
58,53911294,539534
58,54286903,539534
58,54682542,539534
58,55037158,539534
58,55411416,539533
58,55808477,539533
58,56159641,539533
58,56538171,539533
58,56930936,539531
58,57306862,539531
58,57662554,539531
58,58058796,539531
58,58412836,539529
58,58791228,539529
58,59183295,539530
58,59541536,539528
58,59911209,539528
58,60306530,539528
58,60665653,539527
58,61049455,539526
58,61443087,539527
58,61833906,539526
58,62204319,539525
58,62560500,539525
58,62933231,539525
58,63286942,539523
58,63685949,539523
58,64056815,539523
58,64430168,539523
58,64810662,539523
58,65203640,539523
58,65582124,539523
58,65955603,539522
58,66308570,539521
58,66663215,539521
58,67055844,539521
58,67430575,539520
58,67850598,539520
58,68247108,539520
58,68601239,539520
58,68977103,539519
58,69369037,539519
58,69727859,539519
58,70101983,539519
58,70497576,539518
58,70849048,539518
58,71202527,539518
58,71582048,539518
58,71984883,539518
58,72348727,539518
58,72707360,539518
58,73099888,539517
58,73482678,539518
58,73871993,539518
58,74247981,539517
58,74641409,539517
58,74999488,539517
58,75374262,539517
58,75765730,539517
58,76120370,539516
58,76509212,539516
58,76897493,539516
58,77309573,539516
58,77665853,539516
58,78037217,539516
58,78443820,539516
58,78832213,539516
58,79202626,539516
58,79561575,539516
58,79933856,539516
58,80330623,539516
58,80726901,539516
58,81120222,539516
58,81501646,539515
58,81875343,539515
58,82270150,539515
58,82684305,539515
58,83035385,539515
58,83409899,539515
58,83807748,539514
58,84159656,539514
58,84538551,539514
58,84941354,539514
58,85306869,539514
58,85663355,539514
58,86055646,539514
58,86409580,539514
58,86808298,539514
58,87180745,539512
58,87539129,539512
58,87912626,539513
58,88295221,539512
58,88666747,539512
58,89037599,539514
58,89433519,539512
58,89831520,539512
58,90204253,539512
58,90559210,539512
58,90931799,539512
58,91284261,539512
58,91664513,539511
58,92060275,539511
58,92464420,539511
58,92854000,539510
58,93246215,539510
58,93600564,539510
58,93952992,539510
58,94305530,539510
58,94662065,539510
58,95036023,539511
58,95430195,539511
58,95852071,539510
58,96256046,539510
58,96627822,539510
58,97020930,539510
58,97433143,539510
58,97830786,539510
58,98245047,539509
58,98602601,539509
58,98974282,539509
58,99331768,539509
58,99726927,539509
58,100101344,539509
58,100499305,539509
58,100873880,539509
59,762826,539509
59,1165836,539509
59,1558119,539509
59,1913116,539509
59,2285883,539510
59,2660582,539513
59,3016253,539514
59,3410400,539515
59,3786783,539520
59,4184024,539522
59,4599646,539523
59,4955668,539531
59,5349621,539533
59,5722615,539535
59,6082267,539544
59,6474904,539550
59,6839317,539556
59,7226355,539567
59,7618027,539574
59,7978978,539584
59,8388231,539596
59,8787219,539607
59,9204918,539620
59,9555887,539631
59,9914089,539643
59,10309416,539658
59,10680243,539673
59,11060318,539690
59,11455796,539705
59,11820751,539720
59,12185183,539739
59,12577726,539755
59,12933561,539775
59,13309370,539795
59,13701408,539812
59,14058983,539833
59,14453708,539855
59,14837056,539878
59,15225912,539899
59,15604507,539924
59,15996178,539945
59,16370412,539968
59,16726318,539991
59,17100733,540019
59,17479378,540041
59,17866959,540066
59,18223627,540092
59,18610433,540121
59,18981794,540147
59,19375230,540179
59,19767123,540211
59,20161627,540238
59,20512632,540268
59,20893022,540302
59,21286120,540331
59,21639348,540362
59,22017160,540398
59,22410573,540430
59,22766136,540464
59,23164258,540498
59,23553892,540536
59,23934942,540567
59,24307041,540597
59,24679080,540629
59,25059021,540662
59,25453087,540697
59,25853804,540731
59,26227931,540759
59,26623497,540794
59,27017028,540820
59,27388587,540851
59,27762513,540878
59,28162328,540906
59,28514456,540933
59,28891396,540961
59,29286885,540984
59,29638676,541012
59,30040396,541040
59,30432803,541063
59,30784185,541084
59,31164622,541109
59,31557814,541131
59,31934347,541152
59,32351270,541176
59,32756299,541198
59,33163410,541217
59,33558205,541237
59,33912312,541255
59,34288114,541273
59,34682382,541289
59,35059741,541307
59,35452362,541322
59,35837468,541338
59,36225967,541352
59,36621234,541367
59,37030325,541381
59,37411310,541394
59,37785101,541407
59,38185830,541420
59,38578052,541430
59,38955833,541443
59,39348994,541451
59,39701794,541460
59,40080067,541470
59,40472470,541477
59,40862097,541486
59,41263822,541494
59,41659868,541498
59,42017284,541506
59,42413177,541511
59,42812938,541516
59,43207951,541521
59,43600817,541525
59,43981519,541526
59,44375448,541531
59,44763991,541533
59,45161842,541533
59,45513286,541535
59,45914493,541536
59,46307917,541536
59,46681262,541538
59,47040811,541538
59,47433388,541538
59,47816552,541539
59,48205559,541539
59,48599581,541539
59,48978682,541539
59,49353128,541539
59,49747810,541539
59,50163546,541540
59,50577298,541540
59,50932310,541540
59,51286132,541540
59,51638627,541539
59,52019869,541539
59,52411379,541538
59,52763363,541538
59,53164000,541538
59,53557515,541538
59,53912215,541536
59,54265359,541536
59,54662270,541537
59,55016559,541536
59,55389894,541536
59,55785277,541536
59,56183777,541535
59,56600005,541534
59,56977260,541534
59,57387136,541534
59,57746605,541534
59,58143233,541533
59,58514519,541533
59,58912059,541532
59,59263759,541532
59,59638433,541532
59,60037333,541531
59,60388431,541531
59,60763897,541531
59,61163065,541531
59,61516283,541531
59,61892173,541531
59,62265200,541530
59,62639179,541529
59,63017912,541529
59,63410344,541529
59,63763975,541528
59,64141694,541528
59,64537458,541528
59,64893259,541528
59,65265219,541528
59,65639278,541528
59,66018639,541527
59,66390993,541527
59,66774917,541526
59,67163252,541526
59,67558091,541525
59,67912593,541525
59,68284606,541525
59,68638255,541524
59,69018718,541524
59,69409866,541524
59,69762777,541524
59,70163843,541523
59,70557207,541523
59,70912820,541523
59,71266168,541522
59,71661665,541522
59,72016962,541522
59,72389132,541521
59,72784394,541521
59,73184539,541520
59,73577195,541520
59,73934209,541520
59,74286360,541519
59,74638272,541519
59,75038146,541519
59,75413242,541518
59,75817278,541518
59,76204949,541518
59,76597965,541517
59,76956429,541518
59,77351092,541517
59,77704034,541517
59,78058894,541516
59,78431393,541516
59,78783781,541516
59,79183749,541516
59,79559134,541516
59,79911648,541516
59,80263716,541516
59,80638287,541515
59,81046687,541515
59,81435096,541515
59,81816281,541515
59,82202549,541514
59,82577884,541514
59,82932123,541514
59,83283477,541514
59,83660446,541514
59,84015298,541514
59,84409109,541514
59,84763895,541513
59,85186321,541514
59,85599849,541514
59,85954929,541513
59,86307784,541513
59,86661213,541513
59,87017957,541513
59,87390776,541513
59,87785611,541513
59,88163482,541513
59,88556776,541513
59,88913194,541513
59,89286491,541513
59,89640510,541512
59,90017838,541512
59,90389004,541512
59,90799821,541512
59,91163432,541512
59,91559054,541512
59,91934138,541512
59,92306708,541512
59,92659660,541512
59,93017505,541512
59,93410924,541512
59,93785358,541512
59,94186631,541512
59,94578609,541512
59,94954470,541512
60,724323,541512
60,1080957,541512
60,1480118,541512
60,1872110,541513
60,2250127,541515
60,2666040,541516
60,3017415,541517
60,3374801,541520
60,3789977,541522
60,4152330,541525
60,4539379,541528
60,4914529,541531
60,5273633,541535
60,5688855,541542
60,6081636,541546
60,6479781,541554
60,6853902,541562
60,7250639,541570
60,7621254,541578
60,7976868,541588
60,8332693,541598
60,8703869,541609
60,9102874,541620
60,9480006,541634
60,9874977,541646
60,10239926,541659
60,10604180,541674
60,10997122,541689
60,11377313,541704
60,11768673,541721
60,12134884,541739
60,12544420,541758
60,12941407,541779
60,13355466,541795
60,13748701,541817
60,14100862,541836
60,14499038,541856
60,14851415,541876
60,15210149,541900
60,15603301,541921
60,15977430,541941
60,16335736,541968
60,16728152,541989
60,17102806,542020
60,17501943,542043
60,17893098,542071
60,18273868,542100
60,18664904,542126
60,19027283,542153
60,19417685,542183
60,19810096,542212
60,20171290,542241
60,20569055,542272
60,20978317,542306
60,21355201,542341
60,21748378,542370
60,22100569,542403
60,22478066,542433
60,22832633,542464
60,23207588,542504
60,23580832,542534
60,23956743,542567
60,24332999,542603
60,24728654,542635
60,25081660,542669
60,25478361,542698
60,25830975,542728
60,26208795,542760
60,26603908,542789
60,26977920,542818
60,27332796,542845
60,27707523,542876
60,28102118,542902
60,28504822,542932
60,28892506,542960
60,29291511,542986
60,29642417,543007
60,29996436,543031
60,30351863,543056
60,30703122,543078
60,31078251,543102
60,31476650,543124
60,31828044,543145
60,32205552,543166
60,32599822,543188
60,32974662,543207
60,33334012,543227
60,33725828,543246
60,34101348,543267
60,34509046,543285
60,34916274,543302
60,35291688,543317
60,35664088,543334
60,36017496,543347
60,36394247,543362
60,36747462,543374
60,37099446,543387
60,37479628,543401
60,37899116,543414
60,38291475,543426
60,38684254,543437
60,39058439,543447
60,39416628,543456
60,39809258,543465
60,40194205,543477
60,40601641,543482
60,40954109,543490
60,41333952,543498
60,41724514,543503
60,42079421,543509
60,42479780,543516
60,42863896,543519
60,43250877,543523
60,43623840,543528
60,43975060,543530
60,44333546,543532
60,44726277,543535
60,45100271,543537
60,45501946,543537
60,45894438,543539
60,46269861,543540
60,46624595,543540
60,46997229,543540
60,47352898,543541
60,47705395,543542
60,48078685,543542
60,48479294,543542
60,48873791,543542
60,49248696,543541
60,49601075,543541
60,49954514,543541
60,50332798,543541
60,50726209,543541
60,51078327,543541
60,51480204,543541
60,51850641,543540
60,52206468,543539
60,52579957,543540
60,52953955,543539
60,53330204,543538
60,53704014,543538
60,54079869,543539
60,54476965,543537
60,54831306,543537
60,55208476,543537
60,55581302,543537
60,55955972,543536
60,56332700,543536
60,56725556,543537
60,57080737,543536
60,57499820,543536
60,57851126,543535
60,58207496,543535
60,58590526,543535
60,58978472,543535
60,59396511,543534
60,59788846,543534
60,60154660,543534
60,60518727,543533
60,60913648,543533
60,61273964,543533
60,61643555,543533
60,61997296,543533
60,62353473,543532
60,62747381,543532
60,63131807,543531
60,63519217,543531
60,63891623,543531
60,64247351,543531
60,64601153,543530
60,64953427,543529
60,65331327,543529
60,65726951,543529
60,66099089,543530
60,66511270,543530
60,66874202,543530
60,67227859,543528
60,67581582,543528
60,67955103,543527
60,68353855,543527
60,68747085,543527
60,69100613,543527
60,69479558,543527
60,69874983,543526
60,70251147,543526
60,70645250,543526
60,70998309,543525
60,71354053,543525
60,71728052,543525
60,72080421,543524
60,72497240,543524
60,72851539,543524
60,73205569,543524
60,73579084,543523
60,73975643,543523
60,74331095,543523
60,74703355,543523
60,75100651,543523
60,75496980,543523
60,75870376,543522
60,76227584,543521
60,76579908,543521
60,76952996,543521
60,77355768,543521
60,77747105,543521
60,78135459,543521
60,78523474,543521
60,78916207,543520
60,79291388,543519
60,79665197,543519
60,80016403,543519
60,80375032,543519
60,80769494,543519
60,81152530,543519
60,81540716,543519
60,81915088,543518
60,82281277,543518
60,82689477,543518
60,83079687,543518
60,83457274,543519
60,83850613,543518
60,84207799,543518
60,84580782,543518
60,84953641,543518
60,85331052,543518
60,85704436,543518
60,86078430,543517
60,86479250,543517
60,86872709,543517
60,87227740,543515
60,87581252,543516
60,87955923,543516
60,88332868,543516
60,88714254,543516
60,89080587,543516
60,89500792,543516
60,89916900,543516
60,90295860,543516
60,90673862,543516
60,91066908,543516
60,91434876,543515
60,91790916,543514
60,92170352,543515
60,92564104,543515
60,92979469,543515
60,93374663,543515
60,93725656,543515
60,94099978,543515
60,94500202,543515
60,94894699,543515
60,95290122,543515
60,95641811,543515
60,95996617,543515
60,96352921,543515
60,96705687,543514
61,725242,543515
61,1124308,543515
61,1476604,543515
61,1857870,543516
61,2250276,543517
61,2604669,543518
61,3004422,543520
61,3374999,543521
61,3731814,543525
61,4104545,543526
61,4497925,543531
61,4877895,543533
61,5269701,543539
61,5622607,543542
61,6022163,543549
61,6415255,543554
61,6774010,543563
61,7145400,543569
61,7519170,543577
61,7899797,543589
61,8290889,543599
61,8674766,543610
61,9064531,543623
61,9463235,543636
61,9888026,543649
61,10251997,543664
61,10655152,543681
61,11044089,543695
61,11438238,543712
61,11814141,543728
61,12213184,543747
61,12603522,543765
61,13022576,543787
61,13438612,543806
61,13814595,543827
61,14214214,543847
61,14601684,543870
61,15019884,543889
61,15375685,543912
61,15730713,543933
61,16125030,543957
61,16498389,543981
61,16855856,544007
61,17259642,544035
61,17659125,544060
61,18019512,544084
61,18372795,544110
61,18751456,544140
61,19143695,544165
61,19518150,544193
61,19875959,544221
61,20227000,544249
61,20602321,544282
61,21001070,544316
61,21395082,544346
61,21772662,544379
61,22164903,544411
61,22519280,544442
61,22897456,544478
61,23290838,544511
61,23674804,544550
61,24061496,544580
61,24435037,544611
61,24792406,544643
61,25143584,544673
61,25497979,544701
61,25854286,544733
61,26226037,544767
61,26621943,544797
61,27020715,544823
61,27371768,544853
61,27751417,544882
61,28146506,544909
61,28520438,544935
61,28877174,544965
61,29270142,544988
61,29655545,545017
61,30066039,545043
61,30455972,545066
61,30818990,545088
61,31191255,545112
61,31585795,545137
61,31980902,545157
61,32352382,545176
61,32729178,545199
61,33103201,545219
61,33476424,545235
61,33853400,545255
61,34259311,545278
61,34658621,545291
61,35022131,545311
61,35436339,545326
61,35816966,545342
61,36210090,545357
61,36603825,545373
61,37001674,545385
61,37376091,545400
61,37773289,545412
61,38145760,545422
61,38498740,545432
61,38875289,545444
61,39228746,545454
61,39624206,545465
61,40020427,545473
61,40396585,545482
61,40751222,545487
61,41134008,545497
61,41521735,545502
61,41875076,545509
61,42248302,545513
61,42601671,545518
61,42998433,545523
61,43372883,545527
61,43728514,545529
61,44102579,545533
61,44475648,545537
61,44853082,545537
61,45226120,545538
61,45623224,545541
61,46044153,545541
61,46436662,545541
61,46794374,545542
61,47165040,545543
61,47517867,545543
61,47877276,545543
61,48269600,545543
61,48654817,545543
61,49044302,545543
61,49437126,545543
61,49815089,545543
61,50207971,545543
61,50585568,545543
61,51000020,545543
61,51353809,545543
61,51730922,545543
61,52123026,545543
61,52476569,545542
61,52856139,545542
61,53248338,545542
61,53601446,545540
61,54000948,545541
61,54372562,545541
61,54728661,545540
61,55102134,545540
61,55497487,545540
61,55853098,545540
61,56227217,545538
61,56621547,545538
61,57022442,545538
61,57418553,545537
61,57814578,545537
61,58212764,545537
61,58645331,545537
61,59020572,545537
61,59396610,545536
61,59750023,545536
61,60103786,545536
61,60481176,545536
61,60876313,545535
61,61229527,545535
61,61602105,545534
61,61999601,545534
61,62352595,545534
61,62731067,545534
61,63122622,545534
61,63477497,545534
61,63855014,545533
61,64226982,545532
61,64623051,545533
61,65030527,545533
61,65438248,545533
61,65791580,545532
61,66144889,545532
61,66519711,545532
61,66874492,545531
61,67226783,545531
61,67602208,545530
61,68002382,545530
61,68396262,545530
61,68752999,545529
61,69124691,545529
61,69478750,545529
61,69857265,545529
61,70249491,545529
61,70601823,545529
61,71002890,545529
61,71373249,545528
61,71730105,545527
61,72125150,545527
61,72499270,545527
61,72855714,545526
61,73228164,545525
61,73624238,545526
61,74023855,545526
61,74417460,545526
61,74793818,545526
61,75165138,545526
61,75517794,545525
61,75873842,545524
61,76228128,545525
61,76601406,545524
61,77000694,545523
61,77352094,545524
61,77728167,545524
61,78123441,545524
61,78475855,545523
61,78857130,545522
61,79250420,545522
61,79624675,545522
61,80022556,545522
61,80416686,545522
61,80791555,545522
61,81142768,545522
61,81498535,545521
61,81875201,545521
61,82235825,545521
61,82625204,545521
61,83001808,545520
61,83443940,545520
61,83813387,545520
61,84190565,545520
61,84585947,545520
61,84977956,545520
61,85352131,545520
61,85728901,545520
61,86123323,545520
61,86477105,545520
61,86853790,545519
61,87248209,545519
61,87601972,545519
61,87998846,545518
61,88371996,545518
61,88728558,545518
61,89110962,545518
61,89498540,545518
61,89858138,545518
61,90250744,545518
61,90624302,545517
61,91021979,545517
61,91394613,545517
61,91751550,545517
61,92143711,545516
61,92518653,545516
61,92877490,545517
61,93249554,545517
61,93603118,545516
61,94002769,545516
61,94374359,545517
61,94729145,545515
61,95123498,545515
61,95476729,545516
61,95857838,545517
62,724499,545516
62,1106029,545516
62,1501343,545518
62,1896319,545518
62,2250821,545519
62,2645590,545519
62,3031946,545522
62,3418853,545524
62,3812830,545527
62,4191709,545530
62,4588190,545533
62,4997374,545535
62,5396720,545541
62,5771977,545546
62,6145487,545551
62,6500486,545558
62,6896416,545566
62,7275146,545575
62,7667951,545583
62,8051870,545593
62,8440439,545605
62,8837043,545614
62,9230544,545627
62,9624887,545640
62,9999503,545655
62,10397161,545668
62,10801090,545686
62,11211074,545703
62,11602671,545718
62,11979150,545736
62,12395177,545754
62,12748249,545769
62,13105051,545790
62,13499786,545808
62,13877432,545829
62,14271306,545848
62,14621838,545868
62,14997234,545891
62,15398683,545912
62,15769698,545935
62,16125819,545959
62,16530280,545982
62,16915798,546010
62,17293325,546034
62,17664594,546058
62,18028783,546086
62,18416192,546112
62,18790587,546137
62,19151034,546168
62,19542611,546195
62,19916542,546225
62,20273307,546254
62,20685817,546286
62,21049222,546319
62,21439192,546350
62,21814619,546385
62,22208594,546421
62,22623088,546451
62,22999650,546491
62,23397833,546524
62,23812489,546556
62,24167334,546593
62,24583146,546624
62,24940038,546657
62,25332675,546688
62,25687209,546718
62,26080101,546751
62,26460402,546783
62,26853417,546811
62,27228738,546840
62,27604610,546869
62,27997901,546901
62,28395895,546925
62,28748706,546953
62,29105833,546976
62,29479052,547001
62,29854087,547029
62,30252192,547055
62,30645721,547078
62,31000074,547099
62,31375037,547122
62,31726861,547142
62,32107415,547165
62,32500555,547187
62,32896908,547206
62,33270130,547225
62,33624052,547242
62,34000142,547263
62,34399602,547278
62,34769033,547294
62,35136158,547312
62,35522030,547327
62,35915817,547344
62,36291361,547359
62,36645118,547372
62,37032612,547387
62,37420147,547399
62,37811956,547412
62,38188187,547423
62,38539076,547433
62,38894314,547443
62,39271346,547454
62,39624208,547461
62,39979295,547473
62,40377930,547480
62,40757426,547489
62,41170649,547496
62,41563476,547502
62,41916421,547508
62,42294612,547514
62,42688624,547519
62,43065436,547522
62,43439862,547527
62,43809400,547531
62,44187266,547532
62,44540695,547535
62,44893195,547537
62,45248947,547538
62,45602243,547539
62,45975512,547541
62,46375412,547541
62,46728325,547541
62,47104870,547541
62,47500488,547542
62,47872047,547542
62,48230606,547542
62,48624834,547542
62,48998071,547543
62,49397095,547543
62,49772350,547544
62,50168352,547544
62,50563533,547544
62,50938136,547544
62,51292310,547544
62,51686687,547543
62,52063673,547543
62,52455352,547543
62,52814596,547543
62,53186866,547542
62,53541287,547542
62,53892976,547542
62,54250888,547543
62,54623162,547542
62,54996694,547542
62,55396467,547542
62,55748640,547541
62,56103833,547539
62,56477121,547540
62,56872885,547540
62,57230905,547540
62,57602521,547539
62,58010078,547539
62,58395859,547538
62,58770219,547537
62,59138836,547537
62,59500577,547538
62,59892975,547536
62,60252294,547536
62,60624085,547536
62,60997702,547536
62,61377538,547536
62,61747244,547536
62,62106662,547537
62,62500026,547535
62,62874722,547535
62,63230327,547535
62,63621628,547535
62,64016978,547534
62,64398180,547534
62,64811505,547534
62,65166556,547534
62,65520425,547533
62,65871675,547533
62,66248965,547533
62,66602532,547532
62,66976343,547532
62,67375606,547531
62,67791143,547531
62,68146146,547531
62,68499199,547531
62,68852813,547531
62,69228932,547531
62,69623499,547531
62,69997935,547531
62,70397327,547530
62,70812572,547530
62,71167427,547529
62,71563108,547528
62,71917556,547528
62,72293440,547528
62,72686580,547528
62,73049238,547528
62,73416641,547528
62,73771486,547527
62,74168137,547527
62,74541946,547527
62,74894606,547527
62,75251386,547527
62,75624396,547526
62,75977035,547526
62,76375183,547525
62,76737508,547525
62,77108431,547525
62,77498819,547525
62,77851162,547525
62,78229504,547523
62,78623546,547524
62,78997969,547524
62,79396771,547523
62,79769342,547522
62,80125263,547523
62,80519122,547523
62,80893720,547522
62,81250591,547521
62,81604856,547521
62,81997334,547521
62,82397224,547521
62,82802364,547521
62,83192352,547522
62,83563320,547521
62,83960809,547521
62,84374849,547521
62,84727815,547521
62,85104387,547521
62,85497896,547521
62,85852052,547520
62,86228183,547520
62,86623755,547520
62,86977494,547520
62,87396989,547520
62,87814471,547520
62,88219383,547520
62,88604212,547520
62,89000115,547520
62,89398952,547520
62,89811983,547519
62,90167619,547519
62,90562736,547518
62,90916266,547519
62,91293249,547519
62,91686853,547518
62,92052889,547519
62,92441284,547519
62,92818767,547518
62,93193196,547518
62,93587254,547518
62,93997618,547517
62,94397464,547517
62,94792258,547518
62,95166860,547517
62,95540245,547517
62,95894234,547517
62,96250910,547518
62,96644664,547517
62,97030262,547517
62,97418160,547517
62,97812964,547517
62,98188500,547517
63,720634,547517
63,1080718,547517
63,1479827,547518
63,1891358,547519
63,2268914,547520
63,2641733,547522
63,3015790,547524
63,3373721,547524
63,3788257,547526
63,4160483,547531
63,4545490,547532
63,4955837,547537
63,5353516,547542
63,5725898,547545
63,6079655,547552
63,6457521,547558
63,6828505,547565
63,7206025,547574
63,7581904,547584
63,7976382,547592
63,8331996,547603
63,8703594,547616
63,9067737,547627
63,9458923,547639
63,9831003,547654
63,10227266,547667
63,10600038,547679
63,10951583,547694
63,11309255,547710
63,11682759,547726
63,12077990,547743
63,12477384,547761
63,12872679,547781
63,13257183,547799
63,13644085,547819
63,14018574,547839
63,14374846,547858
63,14768356,547880
63,15154871,547907
63,15542592,547926
63,15932944,547951
63,16310789,547972
63,16683695,547997
63,17057090,548022
63,17454662,548045
63,17809540,548071
63,18185332,548100
63,18579453,548123
63,18934369,548154
63,19311759,548184
63,19690881,548211
63,20099594,548244
63,20479434,548277
63,20896735,548307
63,21281773,548338
63,21636444,548370
63,22010091,548399
63,22360062,548431
63,22711191,548465
63,23064736,548495
63,23416932,548526
63,23774187,548553
63,24112941,548586
63,24459205,548616
63,24790561,548643
63,25134660,548672
63,25477122,548704
63,25831835,548732
63,26190131,548761
63,26565771,548791
63,26919812,548817
63,27266014,548845
63,27634872,548872
63,27989679,548900
63,28366303,548929
63,28740014,548953
63,29124523,548978
63,29469678,549002
63,29843974,549025
63,30198476,549050
63,30579467,549075
63,30953131,549095
63,31333194,549121
63,31748613,549146
63,32148050,549166
63,32539559,549189
63,32944966,549209
63,33334771,549230
63,33725442,549248
63,34109313,549268
63,34497273,549283
63,34872829,549301
63,35228017,549319
63,35621669,549332
63,35975179,549349
63,36350628,549362
63,36703506,549375
63,37101360,549390
63,37480164,549405
63,37892679,549415
63,38249618,549429
63,38643156,549439
63,39018354,549450
63,39373363,549460
63,39767271,549469
63,40144018,549480
63,40540582,549486
63,40953508,549495
63,41311817,549501
63,41705590,549506
63,42090740,549514
63,42476634,549520
63,42849155,549524
63,43208487,549529
63,43599299,549533
63,43951532,549535
63,44309925,549537
63,44681335,549540
63,45056699,549543
63,45454920,549543
63,45807947,549543
63,46184160,549546
63,46578617,549546
63,46933494,549545
63,47309163,549546
63,47702036,549547
63,48055814,549547
63,48437323,549547
63,48829489,549548
63,49184455,549549
63,49559113,549547
63,49932601,549548
63,50311725,549548
63,50683191,549548
63,51055447,549547
63,51436781,549547
63,51808212,549547
63,52184203,549547
63,52580015,549548
63,52933125,549548
63,53309156,549546
63,53705699,549546
63,54109917,549546
63,54476232,549545
63,54826897,549545
63,55185240,549545
63,55577992,549545
63,55952181,549544
63,56308488,549544
63,56683721,549544
63,57108740,549544
63,57480574,549543
63,57893468,549543
63,58272491,549543
63,58668050,549541
63,59078434,549541
63,59478066,549542
63,59849313,549541
63,60206057,549541
63,60565413,549541
63,60956482,549541
63,61332080,549539
63,61746470,549539
63,62116268,549539
63,62498528,549538
63,62892425,549537
63,63273640,549537
63,63646301,549537
63,64042061,549537
63,64455539,549536
63,64870405,549536
63,65228858,549535
63,65620443,549535
63,65973845,549535
63,66352078,549535
63,66767135,549534
63,67129756,549534
63,67517183,549533
63,67891065,549533
63,68248131,549532
63,68641272,549532
63,68994161,549532
63,69372142,549532
63,69723797,549532
63,70076747,549531
63,70479293,549531
63,70872891,549530
63,71227489,549530
63,71621746,549530
63,71975792,549529
63,72332864,549528
63,72702095,549528
63,73055604,549528
63,73456500,549528
63,73830061,549528
63,74185679,549528
63,74579565,549527
63,74954633,549527
63,75310449,549526
63,75704260,549526
63,76076699,549526
63,76475836,549525
63,76827974,549525
63,77205487,549525
63,77579219,549525
63,77932285,549525
63,78329582,549525
63,78683008,549525
63,79056679,549525
63,79454459,549525
63,79807292,549525
63,80183458,549524
63,80577553,549524
63,80942128,549524
63,81314010,549523
63,81705188,549523
63,82058274,549523
63,82434566,549523
63,82830717,549523
63,83184649,549523
63,83558374,549523
63,83954477,549523
63,84308492,549523
63,84690986,549523
63,85092272,549522
63,85456802,549522
63,85850408,549522
63,86205811,549522
63,86578922,549522
63,86931496,549522
63,87312061,549522
63,87682226,549522
63,88057658,549522
63,88476818,549522
63,88892858,549522
63,89266972,549522
63,89642295,549522
63,89994451,549521
63,90352921,549521
63,90724134,549521
63,91077339,549521
63,91475274,549521
63,91827537,549521
63,92206366,549521
63,92598767,549521
63,92972188,549521
63,93330286,549520
63,93681803,549521
63,94059285,549521
63,94457395,549521
63,94871423,549520
63,95226612,549520
63,95581088,549520
63,95975007,549520
63,96352402,549520
63,96746483,549520
63,97132412,549521
63,97520292,549520
63,97918054,549519
63,98309379,549520
63,98705255,549519
63,99110731,549519
63,99475759,549519
63,99828995,549520
63,100185416,549519
63,100578827,549518
63,100952828,549520
63,101308671,549519
63,101683303,549518
63,102077713,549519
63,102498837,549519
63,102914548,549518
64,763106,549518
64,1124971,549519
64,1520301,549520
64,1914902,549520
64,2300929,549520
64,2687711,549522
64,3060449,549523
64,3427221,549524
64,3789072,549527
64,4141863,549530
64,4500463,549532
64,4903002,549537
64,5290131,549541
64,5666575,549546
64,6039609,549550
64,6393349,549557
64,6791321,549564
64,7162703,549571
64,7519733,549580
64,7912862,549591
64,8286860,549599
64,8643852,549612
64,9037786,549624
64,9423900,549638
64,9810232,549648
64,10183721,549663
64,10544199,549678
64,10936219,549692
64,11310138,549707
64,11666847,549725
64,12059462,549741
64,12445939,549760
64,12831821,549777
64,13205056,549792
64,13562401,549815
64,13954976,549834
64,14330258,549852
64,14685659,549875
64,15081105,549896
64,15461781,549921
64,15853594,549944
64,16269308,549970
64,16667015,549993
64,17041631,550019
64,17442868,550043
64,17813229,550072
64,18207350,550096
64,18602894,550128
64,18996262,550157
64,19391597,550190
64,19810003,550217
64,20162776,550245
64,20517887,550274
64,20891544,550302
64,21245682,550336
64,21625546,550369
64,21997477,550399
64,22371422,550435
64,22748748,550468
64,23121657,550499
64,23498228,550535
64,23893963,550566
64,24248759,550598
64,24621916,550633
64,25015968,550663
64,25393683,550696
64,25794539,550731
64,26206532,550761
64,26572188,550792
64,26959484,550821
64,27329061,550847
64,27708976,550880
64,28100069,550906
64,28462535,550936
64,28854529,550965
64,29275743,550989
64,29666334,551015
64,30059487,551039
64,30422064,551066
64,30788871,551089
64,31162169,551110
64,31518296,551133
64,31890613,551151
64,32245255,551174
64,32628678,551194
64,33019349,551214
64,33425695,551238
64,33835472,551259
64,34230125,551276
64,34644059,551293
64,35017202,551310
64,35369995,551326
64,35768703,551341
64,36141176,551357
64,36501128,551372
64,36893411,551383
64,37266702,551397
64,37623065,551411
64,38037936,551423
64,38391325,551436
64,38789162,551445
64,39164988,551456
64,39518962,551466
64,39913172,551474
64,40288406,551484
64,40644149,551490
64,41039153,551499
64,41423442,551505
64,41807886,551512
64,42183916,551518
64,42538869,551525
64,42891262,551527
64,43245897,551532
64,43625796,551535
64,43995813,551539
64,44369855,551540
64,44769390,551542
64,45143189,551543
64,45497620,551543
64,45893202,551545
64,46269425,551546
64,46624343,551546
64,46995505,551546
64,47391196,551548
64,47811367,551548
64,48205100,551548
64,48582681,551549
64,48980046,551549
64,49392543,551549
64,49800055,551549
64,50164453,551549
64,50519150,551549
64,50923904,551549
64,51290744,551548
64,51707930,551548
64,52100008,551548
64,52471434,551548
64,52836209,551548
64,53229133,551548
64,53643270,551548
64,53994212,551548
64,54368956,551548
64,54771809,551548
64,55160652,551547
64,55541176,551546
64,55957704,551546
64,56356016,551546
64,56769968,551546
64,57162652,551545
64,57519389,551545
64,57893575,551545
64,58244321,551545
64,58620759,551545
64,59017162,551545
64,59372251,551544
64,59772544,551543
64,60143791,551543
64,60496488,551543
64,60870747,551543
64,61265177,551542
64,61621787,551541
64,61995701,551541
64,62390489,551540
64,62786879,551540
64,63161738,551540
64,63518726,551540
64,63890666,551539
64,64244951,551539
64,64621197,551539
64,64994514,551538
64,65369200,551538
64,65771195,551538
64,66143808,551536
64,66498620,551536
64,66892181,551536
64,67247060,551536
64,67623662,551536
64,68017541,551535
64,68391254,551535
64,68789622,551535
64,69141750,551535
64,69520556,551533
64,69914274,551533
64,70288554,551533
64,70644311,551533
64,71037399,551531
64,71390431,551532
64,71791923,551532
64,72183854,551532
64,72539111,551531
64,72890697,551530
64,73244789,551530
64,73622088,551530
64,74015527,551529
64,74369103,551529
64,74759204,551529
64,75142953,551528
64,75497223,551528
64,75872184,551528
64,76266482,551528
64,76644796,551528
64,77046783,551528
64,77444579,551526
64,77809151,551526
64,78163753,551526
64,78519690,551526
64,78893500,551526
64,79244721,551526
64,79622751,551526
64,79998034,551526
64,80371520,551525
64,80770883,551525
64,81142103,551525
64,81497353,551525
64,81872087,551524
64,82264755,551524
64,82621962,551524
64,82994781,551524
64,83390353,551524
64,83789267,551525
64,84142266,551525
64,84517768,551524
64,84871472,551524
64,85246740,551523
64,85641601,551523
64,85994392,551523
64,86368636,551523
64,86768375,551523
64,87121978,551523
64,87497429,551522
64,87892033,551523
64,88245197,551523
64,88622836,551523
64,89017854,551523
64,89370235,551522
64,89747641,551522
64,90141817,551522
64,90498090,551523
64,90870075,551523
64,91245366,551523
64,91622694,551523
64,91994078,551522
64,92390095,551522
64,92769344,551522
64,93162607,551522
64,93519082,551523
64,93891545,551523
64,94245550,551522
64,94623374,551522
64,95015719,551522
64,95369052,551522
64,95790968,551522
64,96205316,551522
64,96564164,551522
64,96953822,551522
64,97307962,551522
64,97664385,551522
64,98013577,551522
64,98388866,551522
64,98798891,551522
64,99186080,551522
64,99581271,551522
65,690775,551522
65,1087218,551522
65,1448760,551522
65,1799631,551524
65,2158160,551524
65,2551374,551525
65,2903861,551527
65,3283127,551528
65,3678178,551531
65,4081761,551533
65,4470243,551537
65,4865109,551541
65,5218934,551545
65,5570513,551549
65,5946296,551554
65,6301829,551562
65,6653751,551567
65,7050481,551576
65,7448742,551585
65,7844688,551594
65,8199043,551602
65,8551959,551615
65,8904245,551624
65,9282911,551637
65,9656511,551649
65,10031581,551664
65,10449348,551679
65,10862719,551692
65,11219502,551710
65,11613713,551724
65,11988930,551740
65,12349145,551760
65,12740910,551776
65,13122196,551796
65,13494770,551814
65,13884723,551833
65,14242689,551853
65,14634253,551875
65,14992332,551896
65,15371282,551919
65,15764625,551943
65,16200527,551969
65,16598034,551995
65,16987739,552019
65,17365688,552047
65,17763956,552074
65,18156184,552099
65,18530428,552126
65,18905969,552156
65,19283913,552183
65,19655207,552210
65,20029326,552243
65,20433624,552274
65,20825430,552304
65,21201210,552339
65,21595512,552370
65,21970206,552400
65,22325994,552437
65,22719462,552468
65,23082479,552502
65,23463268,552537
65,23866004,552576
65,24261844,552610
65,24667302,552642
65,25067588,552676
65,25448678,552711
65,25863846,552741
65,26221274,552773
65,26615984,552802
65,26992273,552834
65,27390021,552866
65,27780385,552893
65,28155718,552924
65,28550698,552952
65,28904323,552976
65,29281963,553001
65,29675988,553028
65,30051840,553055
65,30472546,553080
65,30866063,553103
65,31245774,553126
65,31619267,553147
65,31989991,553168
65,32368974,553190
65,32763228,553211
65,33159568,553230
65,33553297,553251
65,33949184,553271
65,34366352,553290
65,34765846,553309
65,35180244,553328
65,35573354,553342
65,35947574,553357
65,36305566,553373
65,36720132,553389
65,37118012,553403
65,37508451,553416
65,37882882,553426
65,38240514,553436
65,38617042,553451
65,39037739,553460
65,39429793,553471
65,39840571,553481
65,40197171,553486
65,40548420,553496
65,40902738,553504
65,41278132,553511
65,41652772,553516
65,42048914,553524
65,42448108,553529
65,42798301,553533
65,43156360,553539
65,43532981,553541
65,43925929,553543
65,44282905,553545
65,44656239,553548
65,45051106,553550
65,45467966,553550
65,45817960,553551
65,46175292,553552
65,46529891,553552
65,46901661,553552
65,47301792,553553
65,47653029,553553
65,48037458,553553
65,48435530,553553
65,48824073,553553
65,49198270,553553
65,49549128,553553
65,49904362,553553
65,50281286,553554
65,50654313,553554
65,51050394,553554
65,51449554,553553
65,51822993,553553
65,52176870,553552
65,52529569,553552
65,52904777,553552
65,53303568,553552
65,53699077,553552
65,54082519,553552
65,54471891,553552
65,54865347,553551
65,55242925,553551
65,55637968,553550
65,56051694,553550
65,56445961,553549
65,56822127,553549
65,57178597,553548
65,57549529,553547
65,57903708,553547
65,58283900,553547
65,58676988,553546
65,59028315,553546
65,59429262,553546
65,59801396,553546
65,60155806,553545
65,60529881,553545
65,60924071,553544
65,61282340,553544
65,61654119,553544
65,62048969,553544
65,62469271,553543
65,62820331,553543
65,63176412,553542
65,63550377,553542
65,63902298,553542
65,64302981,553542
65,64697280,553541
65,65080230,553540
65,65470156,553540
65,65864803,553540
65,66240282,553540
65,66594102,553540
65,66967851,553540
65,67324387,553539
65,67697055,553538
65,68049561,553538
65,68448532,553538
65,68802433,553538
65,69156577,553538
65,69529394,553537
65,69903544,553537
65,70303569,553537
65,70697363,553536
65,71049154,553536
65,71427103,553536
65,71789590,553535
65,72177555,553535
65,72560022,553535
65,72947790,553535
65,73301795,553534
65,73674431,553534
65,74028777,553534
65,74428057,553533
65,74800911,553533
65,75156467,553533
65,75530002,553533
65,75927596,553532
65,76285048,553532
65,76653424,553531
65,77068663,553530
65,77426826,553530
65,77778037,553531
65,78209738,553531
65,78608224,553531
65,79021658,553530
65,79406064,553530
65,79752803,553529
65,80126604,553529
65,80481186,553529
65,80850923,553529
65,81185333,553529
65,81553525,553528
65,81886190,553528
65,82226758,553528
65,82574408,553528
65,82929069,553528
65,83286646,553528
65,83636217,553528
65,83994995,553528
65,84332312,553527
65,84703854,553527
65,85036448,553527
65,85398461,553527
65,85771280,553527
65,86149501,553527
65,86524726,553527
65,86898400,553526
65,87274930,553526
65,87646760,553526
65,88041957,553526
65,88427589,553526
65,88783487,553526
65,89179393,553526
65,89571262,553526
65,89947724,553525
65,90304613,553525
65,90678970,553526
65,91081528,553526
65,91467382,553525
65,91844912,553525
65,92220470,553525
65,92613699,553525
65,92967786,553525
65,93326083,553524
65,93695936,553525
65,94049350,553525
65,94470015,553524
65,94865464,553524
65,95219719,553524
65,95589193,553524
65,95947848,553524
65,96311623,553524
65,96697856,553524
66,744472,553524
66,1099781,553524
66,1452666,553524
66,1812798,553525
66,2205446,553526
66,2612825,553527
66,2976775,553530
66,3349953,553531
66,3706262,553533
66,4098228,553536
66,4472745,553538
66,4831950,553542
66,5225827,553545
66,5608670,553551
66,5998351,553556
66,6393188,553562
66,6774391,553572
66,7162590,553577
66,7514897,553588
66,7894727,553597
66,8291528,553608
66,8684077,553620
66,9078158,553632
66,9430918,553643
66,9809136,553657
66,10205004,553672
66,10555912,553686
66,10977443,553704
66,11371505,553718
66,11747853,553738
66,12143750,553752
66,12542635,553771
66,12933444,553791
66,13310151,553808
66,13683622,553828
66,14058329,553848
66,14433086,553870
66,14809437,553892
66,15205399,553913
66,15577205,553936
66,15976533,553959
66,16349746,553981
66,16704122,554003
66,17059940,554032
66,17452949,554055
66,17810826,554079
66,18205382,554109
66,18608895,554140
66,18996981,554166
66,19351346,554194
66,19705509,554223
66,20078877,554251
66,20432454,554280
66,20809537,554312
66,21202557,554343
66,21577556,554375
66,21975688,554407
66,22329085,554440
66,22696395,554471
66,23067451,554508
66,23454589,554541
66,23831970,554576
66,24223420,554607
66,24610804,554644
66,25000421,554679
66,25393800,554712
66,25773492,554746
66,26166371,554777
66,26578768,554811
66,26996416,554839
66,27350849,554866
66,27706916,554892
66,28078385,554919
66,28431055,554946
66,28810964,554972
66,29202791,554997
66,29556449,555026
66,29976989,555053
66,30369026,555074
66,30725003,555098
66,31099382,555121
66,31452132,555141
66,31808007,555162
66,32182216,555187
66,32577134,555208
66,32975209,555226
66,33347831,555245
66,33705262,555265
66,34123629,555283
66,34517447,555301
66,34893689,555318
66,35288233,555334
66,35651615,555349
66,36018319,555366
66,36417677,555380
66,36810427,555395
66,37184983,555409
66,37578675,555421
66,37955781,555434
66,38348882,555444
66,38728052,555455
66,39120596,555465
66,39495840,555475
66,39851992,555484
66,40243343,555491
66,40628631,555501
66,41015185,555507
66,41390340,555514
66,41745356,555520
66,42098617,555525
66,42452606,555529
66,42833642,555535
66,43203917,555539
66,43577432,555543
66,43977801,555545
66,44348758,555549
66,44706981,555550
66,45099532,555552
66,45473510,555552
66,45830858,555555
66,46211612,555555
66,46611576,555555
66,46995983,555556
66,47381251,555555
66,47791774,555555
66,48182282,555556
66,48556545,555556
66,48958159,555556
66,49349246,555556
66,49726951,555556
66,50118250,555555
66,50494301,555555
66,50850644,555555
66,51203471,555554
66,51556369,555553
66,51935365,555553
66,52328430,555553
66,52682577,555553
66,53055988,555553
66,53431924,555552
66,53808116,555552
66,54183319,555552
66,54577677,555552
66,54954176,555552
66,55306988,555551
66,55683179,555551
66,56077540,555551
66,56431839,555550
66,56807958,555550
66,57204585,555550
66,57557797,555550
66,57956200,555550
66,58330021,555549
66,58683969,555549
66,59056513,555549
66,59455236,555548
66,59850490,555547
66,60225343,555547
66,60575928,555547
66,60976975,555547
66,61350807,555546
66,61703915,555546
66,62054880,555546
66,62431486,555544
66,62828038,555544
66,63180365,555544
66,63555504,555544
66,63954110,555544
66,64306420,555544
66,64683647,555543
66,65056125,555543
66,65430317,555542
66,65807640,555542
66,66181454,555542
66,66556005,555542
66,66936637,555541
66,67326517,555541
66,67685524,555541
66,68057843,555540
66,68432303,555539
66,68830237,555539
66,69182112,555539
66,69556868,555538
66,69956591,555538
66,70357137,555538
66,70725545,555538
66,71086893,555537
66,71473064,555538
66,71831940,555537
66,72203381,555535
66,72554640,555535
66,72932795,555536
66,73327377,555536
66,73682283,555536
66,74056212,555536
66,74450859,555535
66,74828320,555534
66,75181594,555534
66,75575916,555534
66,75974243,555534
66,76347036,555534
66,76703953,555533
66,77056350,555533
66,77429766,555533
66,77832099,555533
66,78205114,555533
66,78556422,555533
66,78954367,555533
66,79307817,555531
66,79682451,555531
66,80054882,555531
66,80433650,555531
66,80809339,555531
66,81183208,555531
66,81578134,555531
66,81976407,555530
66,82349164,555531
66,82703063,555528
66,83055198,555530
66,83431338,555530
66,83831350,555529
66,84223230,555528
66,84609812,555528
66,84996215,555529
66,85371065,555528
66,85724869,555528
66,86077176,555528
66,86431248,555528
66,86808109,555528
66,87201312,555528
66,87556162,555528
66,87933981,555528
66,88328160,555528
66,88685443,555528
66,89058100,555528
66,89454001,555528
66,89809523,555527
66,90183166,555527
66,90576751,555527
66,90954639,555527
66,91307642,555527
66,91705342,555527
66,92055742,555527
66,92430078,555527
66,92809611,555526
66,93204497,555526
66,93554848,555526
66,93956391,555526
66,94338800,555526
66,94729181,555526
66,95120181,555526
67,742259,555526
67,1104133,555526
67,1474116,555526
67,1830339,555527
67,2205525,555529
67,2578654,555529
67,2955248,555531
67,3328981,555533
67,3691783,555535
67,4080880,555538
67,4453585,555541
67,4809811,555544
67,5162691,555548
67,5516968,555552
67,5894001,555559
67,6289099,555563
67,6641516,555570
67,7019311,555579
67,7411623,555587
67,7790687,555596
67,8182847,555607
67,8538237,555616
67,8914127,555626
67,9266865,555642
67,9663422,555654
67,10062645,555667
67,10474123,555682
67,10830698,555698
67,11183217,555711
67,11558720,555727
67,11913346,555744
67,12285871,555758
67,12641313,555778
67,13058101,555795
67,13410757,555813
67,13767003,555832
67,14138568,555854
67,14513346,555873
67,14895665,555897
67,15288335,555918
67,15662759,555943
67,16060388,555966
67,16432502,555988
67,16789116,556015
67,17180814,556038
67,17535240,556064
67,17919275,556091
67,18326675,556115
67,18693805,556147
67,19103772,556177
67,19483938,556206
67,19883062,556238
67,20271663,556270
67,20674653,556301
67,21032732,556330
67,21385378,556358
67,21760531,556394
67,22148208,556425
67,22526739,556456
67,22879055,556489
67,23211190,556523
67,23580988,556554
67,23944437,556584
67,24290708,556618
67,24684861,556647
67,25022055,556677
67,25374414,556709
67,25743114,556739
67,26113000,556767
67,26466677,556798
67,26827532,556825
67,27177050,556851
67,27549216,556884
67,27928189,556911
67,28302850,556936
67,28688052,556961
67,29030744,556989
67,29405522,557016
67,29783265,557040
67,30154249,557065
67,30508186,557086
67,30915466,557112
67,31286285,557133
67,31639951,557158
67,32038741,557177
67,32412168,557197
67,32767337,557219
67,33161989,557238
67,33536365,557255
67,33891862,557273
67,34285268,557293
67,34660683,557310
67,35083781,557329
67,35473687,557344
67,35829728,557359
67,36203412,557371
67,36576283,557387
67,36959980,557400
67,37330740,557414
67,37728117,557428
67,38125201,557439
67,38494628,557448
67,38857148,557458
67,39227384,557470
67,39622958,557480
67,40038176,557488
67,40390897,557497
67,40767028,557504
67,41140911,557511
67,41516353,557516
67,41894203,557525
67,42267046,557529
67,42638714,557535
67,43037718,557540
67,43391114,557543
67,43766628,557546
67,44141109,557549
67,44514902,557552
67,44893188,557553
67,45296607,557553
67,45694777,557555
67,46081146,557556
67,46473911,557556
67,46828991,557556
67,47202069,557558
67,47576919,557558
67,47968910,557558
67,48332737,557558
67,48726786,557559
67,49099619,557559
67,49454730,557559
67,49809294,557559
67,50180642,557559
67,50536326,557559
67,50894398,557558
67,51288291,557558
67,51640373,557558
67,52039234,557558
67,52432235,557557
67,52787032,557557
67,53139802,557557
67,53514666,557556
67,53911625,557556
67,54264403,557556
67,54639178,557556
67,55038948,557555
67,55431849,557555
67,55809762,557555
67,56202883,557554
67,56580442,557553
67,56935063,557553
67,57284331,557553
67,57639304,557553
67,58038748,557552
67,58431927,557552
67,58789341,557552
67,59180947,557551
67,59534594,557551
67,59894255,557551
67,60288441,557550
67,60661779,557549
67,61083178,557549
67,61475336,557549
67,61832132,557549
67,62205207,557548
67,62557753,557548
67,62915060,557547
67,63286845,557547
67,63639829,557546
67,64039838,557546
67,64410023,557545
67,64768366,557545
67,65163393,557545
67,65537178,557545
67,65892530,557545
67,66287773,557543
67,66640968,557543
67,67015460,557543
67,67389159,557542
67,67786834,557542
67,68139672,557543
67,68513447,557542
67,68914019,557542
67,69317224,557541
67,69704921,557541
67,70082702,557541
67,70473866,557540
67,70851593,557539
67,71203314,557539
67,71589190,557539
67,71980312,557539
67,72350369,557538
67,72714261,557538
67,73102156,557538
67,73477654,557538
67,73874769,557538
67,74285502,557537
67,74639902,557536
67,75037420,557536
67,75410436,557536
67,75790264,557535
67,76192932,557535
67,76578767,557535
67,76934678,557535
67,77306714,557535
67,77691801,557535
67,78080160,557535
67,78431735,557534
67,78788153,557533
67,79139696,557534
67,79513745,557533
67,79912970,557533
67,80265576,557533
67,80640000,557532
67,81038562,557532
67,81391115,557532
67,81768927,557532
67,82161752,557531
67,82514230,557531
67,82891278,557531
67,83263817,557531
67,83640584,557531
67,84041086,557531
67,84432791,557531
67,84789793,557530
67,85183789,557530
67,85536541,557530
67,85914031,557530
67,86308031,557530
67,86693473,557530
67,87083178,557530
67,87472729,557530
67,87851723,557530
67,88204797,557530
67,88555353,557529
67,88911889,557529
67,89286263,557529
67,89638643,557529
67,90017671,557529
67,90412439,557529
67,90766200,557529
67,91140233,557529
67,91534112,557529
67,91893117,557528
67,92289522,557528
67,92661323,557528
67,93078442,557528
67,93443809,557528
67,93831233,557528
68,746218,557528
68,1112029,557528
68,1500685,557528
68,1883997,557529
68,2278558,557530
68,2684792,557533
68,3039384,557533
68,3437513,557535
68,3831284,557540
68,4209864,557540
68,4603144,557545
68,4979005,557550
68,5332624,557553
68,5705564,557556
68,6092916,557564
68,6477139,557570
68,6829858,557576
68,7186671,557585
68,7538749,557592
68,7912806,557603
68,8295307,557611
68,8687246,557624
68,9093459,557636
68,9481732,557647
68,9874040,557661
68,10252222,557676
68,10649567,557691
68,11061366,557706
68,11439130,557724
68,11829721,557739
68,12208712,557755
68,12581367,557775
68,12957285,557792
68,13335047,557810
68,13728367,557831
68,14111908,557852
68,14479897,557871
68,14872315,557891
68,15228553,557913
68,15580261,557934
68,15935320,557956
68,16291652,557982
68,16685795,558005
68,17038336,558031
68,17435705,558054
68,17788751,558084
68,18185786,558108
68,18537880,558135
68,18912910,558164
68,19315375,558196
68,19708183,558223
68,20091207,558255
68,20481078,558284
68,20875993,558316
68,21270113,558348
68,21623510,558377
68,21977162,558409
68,22334706,558444
68,22738883,558477
68,23133087,558514
68,23503558,558546
68,23879570,558585
68,24291738,558619
68,24685664,558652
68,25039325,558682
68,25417743,558716
68,25811268,558743
68,26198918,558781
68,26581024,558807
68,26934342,558835
68,27312547,558867
68,27704899,558894
68,28090966,558922
68,28477270,558949
68,28830165,558975
68,29186052,558999
68,29559952,559022
68,29913933,559047
68,30295336,559073
68,30685958,559095
68,31038319,559121
68,31438544,559143
68,31810922,559162
68,32186866,559186
68,32582769,559206
68,32936301,559224
68,33292900,559245
68,33684810,559265
68,34059356,559284
68,34478766,559301
68,34832466,559317
68,35186947,559334
68,35603690,559349
68,35978396,559364
68,36354517,559380
68,36727823,559391
68,37091480,559405
68,37479317,559419
68,37830553,559432
68,38207463,559441
68,38581278,559453
68,38933230,559464
68,39290302,559473
68,39685194,559483
68,40038092,559492
68,40414677,559499
68,40811327,559508
68,41187384,559516
68,41538794,559521
68,41914279,559529
68,42311274,559535
68,42665942,559539
68,43060377,559545
68,43437462,559547
68,43832378,559551
68,44207283,559553
68,44560558,559555
68,44914104,559556
68,45290171,559559
68,45684183,559560
68,46049411,559560
68,46437936,559561
68,46809438,559562
68,47165971,559561
68,47539342,559562
68,47933013,559563
68,48290166,559563
68,48662444,559563
68,49058225,559563
68,49476815,559563
68,49829923,559563
68,50196326,559562
68,50583371,559562
68,50954178,559562
68,51311349,559561
68,51662075,559560
68,52037673,559561
68,52439797,559561
68,52832012,559560
68,53208220,559559
68,53580852,559561
68,53935082,559559
68,54293710,559558
68,54685549,559558
68,55037565,559558
68,55416303,559556
68,55809980,559556
68,56187515,559557
68,56541004,559557
68,56914584,559556
68,57291975,559556
68,57684957,559556
68,58058112,559555
68,58438817,559553
68,58830305,559553
68,59186414,559553
68,59560606,559553
68,59913889,559552
68,60290178,559552
68,60684988,559550
68,61036201,559551
68,61438375,559551
68,61810986,559550
68,62164907,559550
68,62538310,559550
68,62935145,559550
68,63293589,559548
68,63685346,559548
68,64060131,559548
68,64478814,559548
68,64874800,559547
68,65228493,559547
68,65581274,559546
68,65955555,559546
68,66311913,559545
68,66705719,559545
68,67092525,559545
68,67477971,559544
68,67852504,559543
68,68207425,559543
68,68559325,559543
68,68912151,559542
68,69290072,559542
68,69663463,559542
68,70047600,559541
68,70414539,559541
68,70787751,559541
68,71186568,559541
68,71538515,559539
68,71912212,559540
68,72311475,559540
68,72663333,559538
68,73036962,559539
68,73435959,559538
68,73796161,559538
68,74188235,559538
68,74581856,559538
68,74954388,559537
68,75310327,559537
68,75685937,559536
68,76037267,559536
68,76436196,559536
68,76809427,559536
68,77164776,559536
68,77541399,559536
68,77935094,559536
68,78290836,559536
68,78663227,559536
68,79058948,559535
68,79480031,559535
68,79894214,559535
68,80248354,559534
68,80601539,559534
68,80955415,559534
68,81312065,559534
68,81684799,559534
68,82036845,559533
68,82435047,559534
68,82789187,559534
68,83164589,559533
68,83537380,559534
68,83912338,559532
68,84289066,559532
68,84663005,559532
68,85037231,559533
68,85415522,559532
68,85790500,559532
68,86186770,559532
68,86538938,559532
68,86914987,559532
68,87311421,559532
68,87664368,559532
68,88037677,559532
68,88435235,559532
68,88789050,559532
68,89166909,559532
68,89560083,559532
68,89915290,559532
68,90292380,559532
68,90685942,559531
68,91038633,559531
68,91414153,559530
68,91809559,559531
68,92188003,559531
68,92580239,559531
68,92933900,559531
68,93311755,559531
68,93683609,559531
68,94082722,559531
68,94478997,559531
68,94873731,559531
68,95250887,559531
68,95647436,559530
68,96058166,559530
69,720652,559531
69,1103448,559531
69,1479971,559531
69,1883246,559532
69,2261247,559534
69,2645960,559534
69,2997330,559535
69,3376339,559538
69,3771275,559541
69,4143288,559543
69,4502000,559546
69,4875668,559549
69,5259472,559554
69,5648365,559559
69,6039171,559565
69,6396003,559569
69,6748349,559577
69,7122059,559583
69,7477433,559592
69,7851565,559601
69,8225613,559613
69,8602147,559623
69,8976482,559635
69,9352491,559647
69,9725910,559660
69,10080438,559672
69,10458257,559687
69,10850967,559702
69,11205192,559718
69,11606137,559732
69,11979011,559750
69,12354271,559768
69,12749622,559784
69,13104051,559803
69,13460539,559822
69,13853730,559840
69,14226922,559864
69,14623950,559884
69,14977673,559904
69,15354683,559927
69,15749367,559952
69,16124590,559974
69,16478860,559996
69,16850820,560020
69,17206246,560049
69,17603084,560073
69,17977054,560096
69,18354470,560128
69,18748006,560153
69,19100287,560179
69,19458402,560208
69,19829440,560240
69,20204695,560269
69,20583806,560302
69,20986727,560331
69,21358140,560364
69,21749405,560395
69,22122399,560425
69,22479043,560457
69,22851684,560490
69,23226073,560527
69,23607119,560563
69,23998996,560594
69,24354946,560626
69,24750771,560661
69,25126670,560692
69,25500674,560728
69,25904515,560756
69,26281934,560791
69,26666302,560818
69,27040598,560846
69,27396967,560875
69,27792411,560903
69,28165077,560930
69,28522165,560958
69,28916618,560984
69,29296033,561013
69,29690480,561039
69,30082784,561062
69,30458270,561087
69,30853550,561111
69,31257190,561136
69,31644765,561158
69,32001204,561181
69,32419958,561204
69,32812045,561224
69,33185568,561240
69,33541757,561262
69,33940952,561282
69,34354693,561300
69,34768390,561316
69,35123608,561332
69,35480795,561349
69,35874036,561362
69,36260384,561379
69,36649294,561392
69,37018041,561405
69,37377711,561418
69,37770940,561431
69,38145867,561441
69,38500324,561453
69,38894609,561465
69,39260106,561474
69,39646290,561483
69,40040008,561493
69,40395585,561501
69,40746746,561508
69,41102700,561514
69,41480106,561523
69,41874498,561529
69,42261578,561534
69,42651507,561538
69,43038531,561545
69,43399156,561546
69,43789692,561551
69,44141478,561553
69,44509427,561556
69,44892353,561557
69,45277214,561559
69,45666302,561559
69,46017892,561560
69,46376089,561561
69,46748325,561561
69,47100967,561561
69,47457079,561562
69,47831701,561562
69,48226077,561562
69,48643302,561562
69,49016102,561562
69,49395954,561562
69,49768837,561562
69,50130758,561562
69,50521962,561562
69,50893138,561562
69,51257702,561561
69,51644322,561561
69,52019081,561561
69,52373620,561561
69,52725800,561561
69,53078761,561560
69,53456466,561560
69,53829964,561559
69,54206506,561558
69,54583406,561558
69,54958965,561558
69,55353459,561558
69,55706181,561558
69,56080392,561557
69,56459870,561557
69,56853828,561556
69,57228628,561556
69,57606065,561556
69,57999351,561556
69,58355272,561555
69,58725980,561554
69,59078647,561554
69,59456852,561554
69,59851578,561554
69,60206043,561554
69,60605001,561553
69,60976021,561553
69,61334690,561552
69,61704874,561552
69,62099542,561552
69,62457086,561551
69,62829855,561550
69,63224812,561550
69,63604752,561549
69,63996952,561549
69,64353633,561549
69,64703929,561549
69,65079033,561548
69,65482325,561548
69,65863091,561548
69,66263928,561547
69,66626667,561546
69,67019497,561546
69,67375209,561546
69,67747625,561546
69,68100681,561546
69,68467853,561546
69,68855788,561545
69,69228327,561544
69,69625478,561544
69,69998515,561544
69,70354648,561544
69,70708490,561544
69,71121747,561543
69,71477619,561543
69,71833631,561543
69,72204528,561542
69,72604309,561542
69,72997457,561542
69,73374200,561540
69,73778733,561541
69,74165932,561541
69,74541075,561540
69,74893634,561540
69,75256659,561541
69,75643440,561539
69,76019313,561539
69,76398514,561539
69,76789468,561539
69,77165098,561539
69,77521511,561538
69,77917507,561538
69,78297719,561538
69,78691011,561537
69,79102859,561538
69,79457586,561538
69,79832794,561537
69,80226521,561537
69,80645910,561537
69,81041105,561537
69,81396116,561537
69,81747576,561537
69,82122724,561537
69,82477671,561536
69,82830279,561536
69,83203901,561536
69,83602447,561536
69,83954753,561536
69,84333429,561536
69,84747126,561536
69,85100311,561536
69,85457378,561536
69,85829749,561535
69,86204284,561535
69,86581424,561535
69,86954450,561535
69,87353870,561535
69,87706525,561535
69,88079770,561534
69,88457139,561534
69,88829645,561533
69,89207283,561532
69,89606279,561532
69,89998278,561533
69,90355371,561534
69,90750384,561533
69,91121484,561533
69,91502137,561533
69,91894451,561533
69,92259049,561533
69,92659044,561533
69,93020471,561533
69,93374253,561533
69,93749048,561533
69,94099980,561533
69,94458050,561533
69,94830611,561532
69,95225961,561531
69,95622917,561533
69,95997313,561533
70,722120,561530
70,1080360,561532
70,1435020,561533
70,1849319,561533
70,2273598,561533
70,2652181,561535
70,3024480,561537
70,3422002,561540
70,3834915,561542
70,4227670,561545
70,4584528,561548
70,4958272,561552
70,5332471,561556
70,5689151,561561
70,6081288,561566
70,6455641,561573
70,6853351,561579
70,7226787,561587
70,7585214,561597
70,7976871,561605
70,8330454,561614
70,8708143,561627
70,9101731,561639
70,9487215,561652
70,9876817,561665
70,10271108,561680
70,10626228,561691
70,10999146,561709
70,11372575,561722
70,11729282,561736
70,12082531,561753
70,12436385,561772
70,12859641,561791
70,13250663,561809
70,13625783,561829
70,14021134,561847
70,14392926,561867
70,14750814,561890
70,15146021,561909
70,15522617,561936
70,15921083,561961
70,16311842,561984
70,16687937,562010
70,17084352,562035
70,17489680,562061
70,17876521,562090
70,18269147,562116
70,18647357,562145
70,19025879,562169
70,19391217,562198
70,19782428,562230
70,20166361,562260
70,20525418,562288
70,20899750,562322
70,21296429,562356
70,21688222,562386
70,22081594,562418
70,22434244,562453
70,22810875,562488
70,23187955,562520
70,23584185,562555
70,23975915,562587
70,24355198,562623
70,24709783,562651
70,25082103,562683
70,25438768,562715
70,25811387,562748
70,26217943,562780
70,26609781,562809
70,26978876,562838
70,27330240,562864
70,27690231,562891
70,28062314,562922
70,28457907,562952
70,28856659,562977
70,29227803,563002
70,29583984,563029
70,29977991,563054
70,30351338,563077
70,30708339,563099
70,31080299,563121
70,31433681,563146
70,31833266,563166
70,32183885,563187
70,32561799,563208
70,32976670,563228
70,33329309,563245
70,33687845,563265
70,34081537,563282
70,34433825,563299
70,34816320,563316
70,35208344,563333
70,35584226,563350
70,35979774,563365
70,36353454,563378
70,36710432,563395
70,37125090,563408
70,37486643,563420
70,37898101,563434
70,38290197,563446
70,38650154,563455
70,39025731,563467
70,39399645,563477
70,39790201,563485
70,40149302,563495
70,40530369,563504
70,40914895,563512
70,41272817,563518
70,41688754,563525
70,42082726,563532
70,42435280,563537
70,42812485,563541
70,43196906,563545
70,43586707,563551
70,43977045,563553
70,44331911,563555
70,44686918,563557
70,45059649,563557
70,45455159,563559
70,45833967,563559
70,46227832,563561
70,46582903,563562
70,46934824,563561
70,47310815,563561
70,47687982,563562
70,48059705,563562
70,48434401,563562
70,48832901,563562
70,49185536,563563
70,49564112,563562
70,49957833,563562
70,50331736,563562
70,50693196,563562
70,51084153,563562
70,51454061,563562
70,51853081,563562
70,52226708,563562
70,52582114,563562
70,52931531,563560
70,53308981,563560
70,53706593,563560
70,54058123,563560
70,54433677,563560
70,54832681,563560
70,55186003,563560
70,55561418,563559
70,55957904,563559
70,56309097,563559
70,56687358,563557
70,57082009,563557
70,57434153,563557
70,57814346,563557
70,58205183,563557
70,58563109,563557
70,58936533,563556
70,59329814,563556
70,59689003,563556
70,60083280,563556
70,60489079,563555
70,60874140,563555
70,61225062,563554
70,61582931,563554
70,61934742,563553
70,62309750,563553
70,62688584,563553
70,63082083,563553
70,63434499,563553
70,63832498,563553
70,64186081,563551
70,64561409,563551
70,64933970,563551
70,65329677,563550
70,65686458,563550
70,66060149,563550
70,66455560,563549
70,66852124,563549
70,67237181,563548
70,67630408,563548
70,68000535,563549
70,68395829,563546
70,68752052,563547
70,69125009,563547
70,69489802,563547
70,69878844,563547
70,70246718,563547
70,70606128,563547
70,70998737,563546
70,71351254,563546
70,71730777,563545
70,72124200,563545
70,72508713,563544
70,72896396,563544
70,73269132,563544
70,73624923,563543
70,74027693,563543
70,74393017,563543
70,74749853,563542
70,75101531,563542
70,75453857,563542
70,75834465,563542
70,76228422,563540
70,76583372,563540
70,76936614,563542
70,77308628,563541
70,77687773,563540
70,78081455,563540
70,78433808,563540
70,78834778,563539
70,79206881,563539
70,79562308,563540
70,79956757,563539
70,80332075,563538
70,80685102,563538
70,81059286,563538
70,81455405,563538
70,81854467,563537
70,82271022,563538
70,82625493,563537
70,82999875,563537
70,83394637,563537
70,83750722,563536
70,84124774,563536
70,84488166,563537
70,84875469,563536
70,85248001,563536
70,85605174,563536
70,85998025,563536
70,86372883,563536
70,86728346,563536
70,87080816,563536
70,87434448,563536
70,87811622,563536
70,88186405,563536
70,88582797,563535
70,88937647,563535
70,89331012,563535
70,89689563,563535
70,90082054,563535
70,90457253,563535
70,90835221,563535
70,91238768,563534
70,91607751,563535
70,91999263,563535
70,92352752,563535
70,92709605,563534
70,93082247,563535
70,93437835,563534
70,93813431,563534
71,740602,563534
71,1123638,563535
71,1495718,563535
71,1847103,563536
71,2247542,563536
71,2621080,563540
71,2976378,563541
71,3368953,563541
71,3752937,563544
71,4143092,563546
71,4514211,563548
71,4899283,563553
71,5288444,563558
71,5641036,563561
71,5996196,563567
71,6349796,563573
71,6724378,563580
71,7079192,563587
71,7452850,563597
71,7825539,563606
71,8205301,563616
71,8599355,563627
71,8974740,563638
71,9369361,563650
71,9742563,563662
71,10100802,563677
71,10495226,563691
71,10878253,563705
71,11264940,563721
71,11639507,563734
71,11999669,563754
71,12392497,563771
71,12786004,563790
71,13165457,563808
71,13561581,563827
71,13953460,563847
71,14326612,563868
71,14701888,563887
71,15078665,563911
71,15450862,563933
71,15827148,563955
71,16226868,563979
71,16600125,564004
71,17017979,564031
71,17412342,564055
71,17788185,564080
71,18141875,564109
71,18536415,564135
71,18902117,564163
71,19289150,564194
71,19666621,564221
71,20039523,564253
71,20427833,564280
71,20792516,564311
71,21183390,564343
71,21576699,564378
71,21974800,564410
71,22330090,564445
71,22722428,564477
71,23081469,564509
71,23475166,564541
71,23827014,564575
71,24226131,564613
71,24619903,564644
71,24977075,564673
71,25372391,564709
71,25766234,564739
71,26122113,564771
71,26516412,564801
71,26900166,564835
71,27289506,564861
71,27681692,564893
71,28057801,564920
71,28425887,564946
71,28788074,564975
71,29188788,565003
71,29600177,565031
71,29997624,565054
71,30392393,565080
71,30785383,565104
71,31143117,565128
71,31538506,565148
71,31917212,565171
71,32307266,565193
71,32687426,565215
71,33077680,565232
71,33453234,565255
71,33846363,565275
71,34247013,565291
71,34619065,565308
71,34973671,565324
71,35324065,565338
71,35702132,565355
71,36099631,565371
71,36470956,565383
71,36825447,565399
71,37222593,565411
71,37596120,565422
71,37953726,565435
71,38346674,565447
71,38722480,565459
71,39078124,565467
71,39451046,565479
71,39847875,565490
71,40254496,565497
71,40638832,565505
71,41016076,565513
71,41388353,565520
71,41744360,565525
71,42102326,565533
71,42494171,565538
71,42882028,565542
71,43267784,565546
71,43638712,565550
71,44009684,565553
71,44390623,565557
71,44763290,565559
71,45124676,565559
71,45535016,565561
71,45898479,565563
71,46287714,565563
71,46637455,565564
71,46995210,565564
71,47369355,565565
71,47720880,565565
71,48078361,565565
71,48451285,565565
71,48846529,565565
71,49244059,565566
71,49626927,565565
71,50022112,565565
71,50392427,565565
71,50786756,565565
71,51142288,565564
71,51517426,565564
71,51913488,565565
71,52291406,565564
71,52697249,565564
71,53060628,565564
71,53454023,565563
71,53824980,565563
71,54225235,565563
71,54599448,565563
71,54954102,565562
71,55347569,565562
71,55704029,565561
71,56077470,565561
71,56452048,565561
71,56825380,565561
71,57202056,565560
71,57576570,565560
71,57970908,565560
71,58327626,565560
71,58704224,565559
71,59080705,565559
71,59471540,565559
71,59846938,565557
71,60223627,565557
71,60577220,565557
71,60954583,565557
71,61346044,565555
71,61703618,565556
71,62078704,565556
71,62472210,565555
71,62826309,565555
71,63222873,565555
71,63598747,565555
71,63954368,565554
71,64348445,565554
71,64721674,565554
71,65080691,565554
71,65453921,565553
71,65850619,565553
71,66227193,565552
71,66619003,565551
71,66976780,565551
71,67369105,565551
71,67741758,565551
71,68112639,565551
71,68472990,565550
71,68825523,565550
71,69227217,565549
71,69596959,565549
71,69953185,565549
71,70326684,565549
71,70699618,565547
71,71077612,565547
71,71450793,565546
71,71846228,565546
71,72248093,565546
71,72617820,565546
71,72982376,565546
71,73371516,565546
71,73743840,565546
71,74098931,565546
71,74452917,565545
71,74826155,565545
71,75224045,565544
71,75576814,565543
71,75954832,565543
71,76357003,565543
71,76746804,565543
71,77122335,565543
71,77516558,565544
71,77900054,565542
71,78286678,565543
71,78639688,565543
71,78994964,565542
71,79367686,565542
71,79724638,565542
71,80077544,565541
71,80450214,565540
71,80847948,565540
71,81243375,565540
71,81617441,565540
71,81973165,565540
71,82325832,565540
71,82701613,565540
71,83103159,565540
71,83495424,565540
71,83881550,565539
71,84245961,565539
71,84598059,565539
71,84954881,565539
71,85348214,565538
71,85702171,565538
71,86081108,565539
71,86474092,565539
71,86828174,565539
71,87206202,565539
71,87598509,565539
71,87974751,565539
71,88326142,565538
71,88701054,565538
71,89101291,565538
71,89493438,565538
71,89845795,565538
71,90223926,565538
71,90575055,565538
71,90952213,565537
71,91348117,565537
71,91701409,565537
71,92099516,565537
71,92472842,565537
71,92824654,565537
71,93206938,565537
71,93598346,565537
71,93954027,565537
71,94328860,565537
71,94723596,565537
71,95078686,565537
71,95451386,565537
71,95846236,565536
71,96244790,565536
72,719160,565536
72,1101954,565536
72,1496148,565536
72,1880025,565538
72,2266665,565539
72,2642702,565539
72,3002092,565542
72,3393199,565543
72,3779434,565546
72,4168329,565548
72,4544177,565550
72,4949213,565554
72,5328396,565559
72,5724531,565562
72,6081247,565569
72,6453613,565576
72,6832291,565583
72,7207241,565591
72,7578855,565600
72,7958174,565611
72,8330214,565619
72,8705904,565634
72,9082653,565642
72,9455486,565656
72,9851816,565669
72,10228531,565683
72,10641385,565696
72,10998906,565712
72,11394502,565728
72,11790246,565743
72,12171100,565760
72,12541984,565778
72,12932232,565795
72,13288076,565813
72,13640994,565834
72,14020494,565854
72,14413159,565874
72,14786622,565893
72,15145046,565919
72,15537323,565938
72,15924718,565964
72,16309627,565987
72,16687256,566012
72,17082502,566039
72,17476644,566063
72,17848047,566090
72,18247733,566119
72,18619884,566143
72,18988920,566170
72,19355105,566202
72,19724032,566230
72,20102895,566262
72,20498384,566290
72,20883355,566325
72,21270679,566352
72,21644965,566390
72,22041016,566419
72,22419322,566457
72,22812157,566495
72,23227393,566527
72,23602262,566560
72,23997623,566593
72,24350792,566625
72,24705377,566654
72,25081652,566688
72,25475732,566719
72,25849385,566754
72,26249009,566785
72,26643864,566815
72,27018809,566844
72,27413403,566876
72,27790497,566904
72,28191090,566936
72,28610097,566965
72,29000099,566989
72,29391736,567013
72,29766779,567041
72,30147864,567067
72,30561028,567091
72,30957372,567116
72,31351112,567139
72,31705699,567160
72,32081927,567179
72,32452655,567204
72,32848722,567222
72,33248321,567242
72,33601989,567260
72,33998884,567281
72,34392547,567296
72,34767268,567314
72,35144097,567330
72,35496407,567347
72,35881614,567363
72,36269237,567377
72,36640565,567391
72,36997921,567404
72,37393616,567417
72,37746927,567430
72,38122078,567442
72,38499618,567454
72,38904316,567467
72,39290627,567477
72,39664446,567484
72,40064093,567496
72,40473919,567503
72,40846897,567511
72,41250023,567518
72,41642598,567527
72,41998539,567531
72,42373031,567538
72,42757327,567543
72,43125055,567547
72,43495529,567549
72,43880538,567554
72,44267504,567557
72,44620143,567558
72,44998343,567561
72,45391677,567562
72,45744707,567564
72,46102391,567564
72,46495281,567565
72,46880668,567565
72,47247499,567565
72,47601763,567567
72,47955046,567567
72,48349235,567567
72,48723847,567567
72,49079330,567567
72,49452390,567567
72,49848471,567567
72,50248423,567567
72,50663474,567567
72,51020895,567567
72,51391332,567567
72,51745631,567566
72,52101993,567566
72,52494010,567566
72,52889465,567566
72,53247990,567566
72,53643663,567566
72,54000514,567564
72,54392802,567564
72,54768152,567564
72,55123118,567564
72,55515349,567564
72,55901773,567564
72,56287949,567564
72,56662026,567563
72,57019742,567563
72,57411894,567563
72,57786222,567561
72,58143695,567561
72,58536725,567561
72,58918976,567561
72,59314481,567561
72,59723394,567560
72,60100848,567559
72,60453069,567560
72,60826573,567559
72,61204135,567558
72,61576682,567558
72,61954454,567559
72,62328818,567557
72,62701691,567556
72,63083946,567557
72,63456690,567557
72,63829176,567555
72,64227047,567556
72,64601599,567556
72,64954196,567554
72,65328238,567554
72,65723938,567554
72,66081582,567554
72,66475118,567553
72,66872439,567554
72,67249926,567554
72,67620589,567553
72,67978241,567552
72,68393454,567552
72,68747203,567552
72,69103376,567552
72,69496079,567552
72,69881040,567552
72,70289291,567551
72,70663668,567551
72,71042597,567551
72,71410139,567551
72,71766902,567550
72,72122510,567550
72,72474898,567548
72,72827371,567549
72,73206331,567548
72,73599533,567548
72,73957326,567548
72,74327881,567548
72,74704989,567548
72,75103651,567548
72,75497192,567547
72,75847903,567547
72,76248819,567546
72,76631344,567546
72,77001466,567546
72,77390000,567546
72,77768036,567546
72,78125447,567546
72,78517918,567546
72,78900986,567545
72,79290173,567545
72,79688352,567545
72,80081052,567545
72,80452949,567545
72,80826769,567545
72,81225703,567544
72,81598428,567544
72,81955146,567544
72,82329187,567543
72,82723332,567543
72,83080173,567543
72,83453927,567543
72,83847485,567542
72,84244915,567542
72,84619663,567542
72,84975972,567542
72,85328648,567542
72,85702205,567542
72,86103506,567540
72,86498068,567541
72,86882749,567541
72,87270819,567541
72,87643915,567540
72,87997560,567540
72,88414297,567540
72,88766831,567540
72,89123104,567540
72,89539235,567540
72,89900593,567540
72,90289788,567540
72,90664917,567540
72,91027503,567540
72,91413546,567540
72,91787272,567540
72,92143081,567540
72,92494460,567539
72,92848952,567539
72,93227486,567539
72,93619992,567539
72,93997493,567539
72,94348925,567539
72,94702307,567539
72,95080066,567539
72,95473451,567539
72,95828704,567539
72,96230060,567538
72,96601255,567538
72,96957205,567538
72,97349811,567537
72,97725343,567538
73,741653,567538
73,1097860,567538
73,1475026,567538
73,1848587,567539
73,2223295,567539
73,2623862,567542
73,2995137,567542
73,3367678,567544
73,3750656,567546
73,4117598,567547
73,4474745,567552
73,4869129,567554
73,5244428,567558
73,5598964,567563
73,5994244,567569
73,6367184,567576
73,6767748,567583
73,7139848,567590
73,7495785,567597
73,7848487,567607
73,8223338,567617
73,8622470,567629
73,9014725,567640
73,9397658,567652
73,9787587,567664
73,10183177,567680
73,10537560,567693
73,10931413,567706
73,11286232,567720
73,11643010,567738
73,12035809,567753
73,12417414,567771
73,12807796,567788
73,13168118,567807
73,13538388,567826
73,13930499,567846
73,14304990,567864
73,14661459,567884
73,15013918,567904
73,15366459,567929
73,15765297,567950
73,16129187,567972
73,16519402,567998
73,16910372,568022
73,17263903,568046
73,17621369,568070
73,18014628,568099
73,18401363,568128
73,18808235,568154
73,19159590,568182
73,19540299,568211
73,19932503,568239
73,20286362,568268
73,20643890,568296
73,21037415,568330
73,21421773,568366
73,21831390,568401
73,22221503,568431
73,22601390,568470
73,22994332,568501
73,23348391,568534
73,23725807,568570
73,24118335,568602
73,24494587,568634
73,24847187,568663
73,25222097,568698
73,25620964,568728
73,25972182,568758
73,26346105,568789
73,26745008,568820
73,27127338,568849
73,27517551,568883
73,27909948,568911
73,28263033,568937
73,28640538,568964
73,28993930,568988
73,29345970,569016
73,29764459,569039
73,30118002,569065
73,30475562,569089
73,30868816,569111
73,31220688,569133
73,31607374,569157
73,31997744,569176
73,32370208,569199
73,32772075,569220
73,33162329,569240
73,33558818,569261
73,33934692,569279
73,34308803,569295
73,34680669,569312
73,35037090,569330
73,35433673,569345
73,35809911,569363
73,36206155,569380
73,36620972,569394
73,37014098,569407
73,37367933,569421
73,37767553,569432
73,38160909,569445
73,38517012,569457
73,38910852,569466
73,39285208,569477
73,39641345,569485
73,40044584,569495
73,40421416,569504
73,40810015,569511
73,41186047,569519
73,41585085,569527
73,41981222,569533
73,42371434,569539
73,42768697,569543
73,43158855,569548
73,43515607,569553
73,43889515,569555
73,44244063,569560
73,44620224,569561
73,45026759,569563
73,45437149,569564
73,45831781,569566
73,46241420,569566
73,46598589,569567
73,46970812,569568
73,47366952,569569
73,47789859,569570
73,48181669,569569
73,48537358,569569
73,48911011,569569
73,49264223,569570
73,49619800,569570
73,49972008,569570
73,50346158,569569
73,50743342,569569
73,51096141,569569
73,51483401,569569
73,51871701,569569
73,52241316,569569
73,52600453,569568
73,52994918,569568
73,53345289,569568
73,53722068,569567
73,54096946,569567
73,54471685,569567
73,54846153,569566
73,55220381,569566
73,55617816,569566
73,55971057,569565
73,56345805,569565
73,56748382,569564
73,57141111,569564
73,57516107,569564
73,57910096,569564
73,58266548,569563
73,58641753,569563
73,59033513,569563
73,59419392,569563
73,59807854,569562
73,60160275,569562
73,60516174,569562
73,60889355,569561
73,61243596,569561
73,61620030,569561
73,62012467,569561
73,62366937,569560
73,62766106,569560
73,63140355,569559
73,63496133,569558
73,63878265,569559
73,64266418,569558
73,64663839,569558
73,65034911,569558
73,65397642,569556
73,65788176,569556
73,66161577,569555
73,66517407,569557
73,66912245,569555
73,67306925,569554
73,67662852,569554
73,68055796,569554
73,68417921,569554
73,68808872,569554
73,69186615,569554
73,69563404,569552
73,69936341,569552
73,70310583,569552
73,70680967,569552
73,71034293,569551
73,71399148,569551
73,71786413,569551
73,72158677,569549
73,72514283,569550
73,72868318,569550
73,73220327,569549
73,73596862,569549
73,73992577,569549
73,74345268,569548
73,74744999,569547
73,75127718,569547
73,75517803,569547
73,75909625,569547
73,76284955,569547
73,76660243,569547
73,77014142,569547
73,77365990,569547
73,77747303,569546
73,78141028,569546
73,78515968,569546
73,78868013,569546
73,79223180,569545
73,79599105,569545
73,79969708,569545
73,80346724,569545
73,80743280,569545
73,81118836,569545
73,81473541,569545
73,81847473,569544
73,82221949,569544
73,82598634,569544
73,82971449,569544
73,83345966,569544
73,83722101,569544
73,84095193,569544
73,84494411,569544
73,84845989,569544
73,85220337,569544
73,85623873,569544
73,86015486,569544
73,86369228,569543
73,86748941,569543
73,87140957,569543
73,87515076,569542
73,87876763,569542
73,88265877,569542
73,88643686,569542
73,89034849,569542
73,89420540,569541
73,89808122,569542
73,90181116,569542
73,90535429,569541
73,90888394,569541
73,91240773,569541
73,91600686,569541
73,91971490,569541
73,92345649,569541
73,92744850,569541
73,93095532,569541
73,93472874,569541
73,93847570,569541
73,94220360,569541
73,94597512,569541
73,94971339,569541
73,95344641,569540
73,95743802,569540
74,740493,569540
74,1121873,569541
74,1496010,569541
74,1849247,569541
74,2246323,569543
74,2619219,569544
74,3007348,569546
74,3392809,569547
74,3787482,569549
74,4163470,569553
74,4560667,569555
74,4977102,569562
74,5370584,569564
74,5743419,569568
74,6100632,569574
74,6494949,569582
74,6848443,569587
74,7225002,569596
74,7577385,569605
74,7953972,569613
74,8326585,569625
74,8700311,569634
74,9079311,569646
74,9472632,569658
74,9825971,569671
74,10205745,569683
74,10598595,569698
74,10954761,569713
74,11327552,569728
74,11723057,569745
74,12102365,569762
74,12494961,569779
74,12845940,569795
74,13245191,569815
74,13618060,569835
74,13998073,569854
74,14391176,569876
74,14744620,569895
74,15121783,569918
74,15517558,569941
74,15914153,569964
74,16290366,569988
74,16685202,570014
74,17101288,570042
74,17494095,570065
74,17878168,570093
74,18267190,570121
74,18618509,570148
74,18995722,570173
74,19349708,570201
74,19722759,570229
74,20078345,570257
74,20452170,570289
74,20846778,570324
74,21245871,570352
74,21620153,570382
74,21975644,570413
74,22327987,570445
74,22703221,570481
74,23080587,570512
74,23453039,570546
74,23826201,570581
74,24223350,570611
74,24598614,570642
74,24955466,570680
74,25329429,570710
74,25724471,570739
74,26101205,570774
74,26493376,570802
74,26879709,570834
74,27246945,570861
74,27607569,570893
74,28018118,570922
74,28410539,570947
74,28785029,570974
74,29142057,570998
74,29492762,571021
74,29847397,571045
74,30243511,571073
74,30617703,571095
74,30994543,571117
74,31347734,571138
74,31700757,571160
74,32100316,571181
74,32492800,571206
74,32879757,571229
74,33269496,571246
74,33641417,571262
74,33996906,571281
74,34390485,571299
74,34744159,571314
74,35121402,571332
74,35492428,571346
74,35846724,571364
74,36244986,571377
74,36620371,571391
74,36995164,571406
74,37391117,571420
74,37744279,571432
74,38099560,571443
74,38452514,571455
74,38834545,571465
74,39203128,571476
74,39574845,571486
74,39954021,571496
74,40349145,571503
74,40702437,571511
74,41078371,571520
74,41474568,571527
74,41827449,571532
74,42209347,571540
74,42597909,571544
74,42954785,571547
74,43326884,571552
74,43723550,571556
74,44100950,571558
74,44495293,571561
74,44848271,571563
74,45250280,571565
74,45639300,571565
74,45993770,571566
74,46349214,571567
74,46702625,571567
74,47078405,571567
74,47450530,571569
74,47826152,571569
74,48226721,571569
74,48597757,571569
74,48956220,571570
74,49348911,571570
74,49721706,571570
74,50100855,571572
74,50494107,571572
74,50847960,571571
74,51246188,571571
74,51631242,571571
74,52019949,571571
74,52391470,571570
74,52742565,571570
74,53099515,571571
74,53493070,571570
74,53879435,571569
74,54266811,571570
74,54640269,571570
74,54997205,571569
74,55411882,571569
74,55765615,571569
74,56122687,571569
74,56514436,571567
74,56898877,571567
74,57286715,571567
74,57642608,571567
74,58017896,571567
74,58413246,571567
74,58790910,571567
74,59188073,571566
74,59597187,571566
74,59953235,571566
74,60328638,571564
74,60721168,571564
74,61100657,571564
74,61497069,571563
74,61897866,571562
74,62266553,571562
74,62630302,571562
74,63019300,571562
74,63391376,571562
74,63742596,571562
74,64098533,571562
74,64452329,571561
74,64825965,571561
74,65225924,571561
74,65620045,571559
74,65996984,571558
74,66390704,571558
74,66764782,571558
74,67121906,571558
74,67494813,571558
74,67846550,571558
74,68248281,571558
74,68619199,571558
74,68977136,571556
74,69370911,571556
74,69725553,571555
74,70102029,571554
74,70494633,571554
74,70849131,571554
74,71226870,571554
74,71617614,571554
74,71998287,571553
74,72411659,571553
74,72766283,571552
74,73124592,571552
74,73515511,571553
74,73899981,571553
74,74286350,571552
74,74638321,571551
74,75016997,571552
74,75420402,571550
74,75790161,571550
74,76182416,571550
74,76539418,571550
74,76921810,571550
74,77308705,571550
74,77725052,571549
74,78080981,571549
74,78453485,571549
74,78849571,571548
74,79225690,571548
74,79618596,571548
74,79995373,571548
74,80350287,571548
74,80751673,571547
74,81142352,571547
74,81513478,571547
74,81880340,571547
74,82291303,571546
74,82686150,571547
74,83098561,571546
74,83451891,571546
74,83828221,571546
74,84225998,571546
74,84599808,571546
74,84955165,571545
74,85350003,571545
74,85723037,571545
74,86078192,571545
74,86451904,571544
74,86867968,571544
74,87247122,571545
74,87620462,571545
74,87974708,571544
74,88329236,571544
74,88704514,571544
74,89101976,571544
74,89493879,571544
74,89849386,571544
74,90244909,571544
74,90620208,571543
74,90995108,571543
74,91350078,571543
74,91704216,571543
74,92099289,571543
74,92474427,571543
74,92828863,571543
74,93226243,571543
74,93596747,571543
74,93954978,571543
74,94349162,571543
74,94722831,571542
74,95081632,571542
74,95454568,571542
74,95848161,571542
75,742728,571543
75,1122791,571543
75,1500770,571543
75,1896797,571543
75,2289119,571545
75,2663043,571546
75,3036702,571548
75,3451024,571550
75,3810931,571551
75,4163837,571555
75,4543484,571557
75,4934926,571560
75,5290288,571566
75,5684033,571569
75,6037277,571574
75,6415912,571580
75,6810807,571589
75,7184264,571596
75,7561561,571604
75,7935443,571613
75,8311426,571623
75,8707776,571634
75,9100554,571646
75,9480856,571660
75,9873703,571671
75,10249874,571687
75,10645936,571702
75,11060841,571718
75,11440233,571733
75,11830633,571750
75,12181870,571766
75,12560015,571783
75,12913514,571798
75,13289625,571820
75,13684082,571838
75,14048435,571859
75,14440243,571879
75,14833208,571902
75,15240229,571923
75,15603289,571948
75,15978303,571968
75,16333051,571992
75,16727210,572018
75,17100937,572040
75,17485565,572068
75,17870864,572092
75,18253184,572119
75,18649918,572151
75,19040289,572177
75,19418415,572207
75,19829579,572237
75,20184299,572269
75,20580827,572298
75,20955540,572327
75,21311872,572362
75,21705418,572393
75,22080060,572423
75,22437452,572461
75,22830275,572492
75,23214278,572530
75,23601801,572562
75,23976030,572593
75,24331124,572624
75,24683520,572655
75,25037197,572685
75,25424149,572720
75,25810768,572750
75,26163125,572779
75,26563375,572812
75,26957077,572839
75,27311922,572871
75,27707000,572897
75,28069215,572928
75,28458803,572952
75,28830906,572979
75,29185208,573009
75,29582079,573032
75,29966153,573061
75,30376030,573087
75,30773694,573112
75,31184682,573136
75,31604824,573163
75,31999307,573180
75,32373601,573204
75,32773022,573226
75,33181830,573249
75,33602144,573264
75,33954009,573284
75,34331466,573301
75,34683270,573316
75,35036837,573335
75,35434524,573351
75,35786838,573366
75,36162327,573380
75,36563953,573397
75,36956161,573411
75,37335042,573424
75,37728912,573439
75,38114119,573450
75,38502357,573461
75,38878047,573472
75,39275350,573484
75,39685672,573492
75,40038994,573502
75,40414522,573508
75,40809201,573517
75,41165784,573524
75,41565809,573531
75,41934657,573538
75,42315002,573545
75,42706249,573549
75,43100221,573554
75,43459117,573557
75,43849386,573561
75,44216539,573563
75,44582786,573565
75,44977196,573567
75,45333162,573569
75,45726000,573569
75,46078467,573570
75,46438110,573570
75,46830910,573572
75,47217160,573572
75,47584519,573572
75,47975109,573573
75,48332350,573574
75,48727599,573573
75,49101177,573574
75,49456046,573574
75,49833167,573574
75,50235783,573572
75,50604943,573572
75,50995531,573573
75,51352879,573571
75,51726936,573572
75,52086263,573572
75,52493835,573572
75,52853373,573571
75,53215874,573571
75,53602275,573571
75,53976613,573571
75,54331581,573570
75,54683275,573570
75,55037323,573570
75,55413688,573569
75,55809580,573569
75,56162008,573569
75,56538404,573569
75,56934049,573569
75,57290199,573568
75,57662021,573568
75,58037527,573567
75,58440795,573566
75,58833107,573566
75,59239168,573566
75,59603170,573565
75,59956405,573565
75,60332725,573565
75,60725235,573565
75,61081950,573564
75,61436929,573563
75,61839610,573563
75,62221044,573562
75,62581707,573561
75,62932712,573561
75,63290440,573561
75,63683129,573561
75,64056656,573561
75,64415322,573561
75,64808139,573561
75,65183045,573560
75,65579856,573560
75,65952840,573559
75,66312352,573559
75,66705252,573559
75,67078770,573558
75,67435961,573557
75,67808278,573557
75,68160689,573557
75,68560740,573557
75,68912745,573557
75,69291670,573557
75,69684242,573556
75,70037979,573556
75,70415850,573556
75,70809339,573556
75,71161802,573555
75,71544607,573555
75,71936336,573555
75,72333632,573554
75,72728329,573554
75,73081118,573554
75,73437604,573554
75,73830233,573554
75,74200586,573552
75,74562867,573553
75,74957483,573553
75,75332948,573553
75,75684361,573552
75,76048225,573552
75,76437557,573552
75,76831033,573552
75,77238779,573552
75,77622334,573552
75,77978249,573552
75,78352763,573551
75,78705224,573550
75,79059580,573550
75,79415230,573552
75,79786898,573550
75,80183247,573550
75,80585269,573550
75,80977885,573550
75,81354754,573550
75,81746172,573550
75,82121815,573550
75,82477548,573550
75,82849891,573550
75,83217354,573550
75,83603246,573549
75,83975103,573549
75,84331286,573548
75,84682421,573548
75,85036725,573549
75,85416385,573549
75,85820684,573548
75,86188147,573548
75,86581612,573548
75,86953001,573548
75,87312702,573548
75,87703710,573548
75,88057116,573546
75,88436151,573546
75,88829758,573546
75,89181827,573546
75,89561264,573547
75,89954226,573547
75,90332830,573546
75,90726776,573546
75,91079305,573546
75,91459321,573546
75,91851154,573546
75,92215541,573546
75,92584454,573545
75,92974398,573545
75,93330406,573545
75,93704555,573545
75,94060857,573545
75,94437281,573545
75,94831948,573545
75,95250730,573545
75,95646728,573545
75,96058144,573545
75,96417297,573545
75,96812213,573544
75,97183431,573544
75,97603586,573544
76,717764,573544
76,1098312,573544
76,1472106,573544
76,1836516,573545
76,2243120,573545
76,2606801,573547
76,3015607,573550
76,3408427,573551
76,3782795,573553
76,4182370,573557
76,4553832,573559
76,4912975,573562
76,5306830,573566
76,5661569,573571
76,6057480,573577
76,6450750,573583
76,6806502,573590
76,7182706,573599
76,7574601,573604
76,7932189,573616
76,8325819,573624
76,8678958,573636
76,9059614,573646
76,9451212,573659
76,9803008,573669
76,10183376,573686
76,10597123,573699
76,10955304,573715
76,11358298,573733
76,11745050,573749
76,12123031,573767
76,12516483,573787
76,12930019,573803
76,13304349,573821
76,13658119,573840
76,14056727,573861
76,14450075,573883
76,14837827,573907
76,15243511,573930
76,15653666,573954
76,16061805,573977
76,16454185,574002
76,16841976,574027
76,17226019,574052
76,17595596,574079
76,17953713,574107
76,18349381,574131
76,18722210,574160
76,19078109,574184
76,19473025,574217
76,19855252,574247
76,20245618,574277
76,20623790,574309
76,21020569,574344
76,21428650,574373
76,21782162,574403
76,22159155,574436
76,22554472,574471
76,22930157,574504
76,23283109,574536
76,23658858,574573
76,24033956,574604
76,24408406,574637
76,24782832,574671
76,25179513,574701
76,25533794,574733
76,25911826,574765
76,26304138,574795
76,26658036,574823
76,27050225,574853
76,27411863,574882
76,27786048,574912
76,28203566,574941
76,28597244,574968
76,28974397,574998
76,29366283,575020
76,29719964,575046
76,30100789,575072
76,30494053,575095
76,30900268,575121
76,31262837,575142
76,31614407,575163
76,31994638,575185
76,32370569,575206
76,32745042,575224
76,33123334,575246
76,33511527,575264
76,33880607,575284
76,34242498,575299
76,34595244,575317
76,34953084,575335
76,35356473,575349
76,35721259,575364
76,36077279,575380
76,36470505,575394
76,36838384,575407
76,37206641,575420
76,37598531,575433
76,37973446,575448
76,38369709,575456
76,38763891,575470
76,39161655,575480
76,39553368,575490
76,39930570,575498
76,40286887,575508
76,40679850,575514
76,41057267,575522
76,41451572,575530
76,41837552,575536
76,42225072,575542
76,42638522,575548
76,42993877,575552
76,43386911,575556
76,43764100,575560
76,44122553,575562
76,44517268,575564
76,44930508,575568
76,45303279,575569
76,45657533,575569
76,46034553,575571
76,46428163,575572
76,46782991,575572
76,47178623,575572
76,47553068,575572
76,47911041,575575
76,48306579,575574
76,48678572,575574
76,49035264,575574
76,49428165,575574
76,49783110,575574
76,50159153,575574
76,50531852,575574
76,50931192,575574
76,51335486,575574
76,51701110,575574
76,52055685,575574
76,52448616,575574
76,52802063,575574
76,53182916,575573
76,53597661,575573
76,53952792,575573
76,54346648,575573
76,54698111,575572
76,55079303,575572
76,55470443,575572
76,55854251,575572
76,56244601,575570
76,56622590,575570
76,57018561,575570
76,57430476,575570
76,57833617,575570
76,58200671,575570
76,58556302,575570
76,58952916,575569
76,59334878,575569
76,59720795,575568
76,60100515,575568
76,60494852,575568
76,60874313,575567
76,61264371,575566
76,61680170,575566
76,62035797,575566
76,62432228,575565
76,62802370,575565
76,63224049,575565
76,63616998,575564
76,63973875,575564
76,64369322,575564
76,64765954,575563
76,65161266,575563
76,65556435,575563
76,65930802,575563
76,66284245,575562
76,66659898,575561
76,67055546,575561
76,67406383,575560
76,67782393,575560
76,68180529,575560
76,68553374,575559
76,68910286,575558
76,69303264,575559
76,69658066,575559
76,70037676,575558
76,70430858,575557
76,70806086,575557
76,71205676,575556
76,71576037,575556
76,71932906,575556
76,72325619,575556
76,72677438,575556
76,73035096,575556
76,73406944,575556
76,73784150,575555
76,74182362,575555
76,74575798,575554
76,74931503,575554
76,75314937,575554
76,75702429,575552
76,76077845,575552
76,76470559,575554
76,76837355,575552
76,77225160,575552
76,77594072,575552
76,77972968,575552
76,78366471,575552
76,78719645,575551
76,79076707,575551
76,79450037,575551
76,79802921,575551
76,80200551,575550
76,80594388,575550
76,80973117,575551
76,81329111,575550
76,81701146,575550
76,82057083,575550
76,82453071,575550
76,82837133,575549
76,83223088,575549
76,83604402,575549
76,83995935,575549
76,84372695,575548
76,84768603,575548
76,85180315,575548
76,85556734,575548
76,85951915,575548
76,86302584,575548
76,86658069,575548
76,87037092,575548
76,87429109,575547
76,87781608,575547
76,88161069,575547
76,88555716,575547
76,88909694,575547
76,89283501,575547
76,89680981,575547
76,90076718,575547
76,90449918,575547
76,90803821,575547
76,91183165,575547
76,91575853,575547
76,91932825,575546
76,92304431,575546
76,92658547,575546
76,93035208,575547
76,93427056,575547
76,93783156,575546
76,94180179,575546
76,94553413,575546
76,94912386,575546
76,95305239,575546
76,95677777,575545
76,96037060,575545
76,96430418,575545
76,96803025,575545
76,97224414,575545
76,97618505,575546
76,97973837,575546
76,98368010,575546
76,98763281,575545
76,99123806,575545
77,718185,575545
77,1124365,575546
77,1516215,575546
77,1868964,575547
77,2244999,575548
77,2618744,575548
77,2976643,575551
77,3349653,575554
77,3722460,575553
77,4100677,575557
77,4476012,575559
77,4850942,575564
77,5247139,575567
77,5642325,575573
77,5997277,575578
77,6368360,575583
77,6742500,575590
77,7123699,575599
77,7528227,575609
77,7939806,575617
77,8327004,575628
77,8702211,575637
77,9064890,575649
77,9457631,575664
77,9869813,575678
77,10291710,575692
77,10683917,575707
77,11060424,575722
77,11459127,575740
77,11849959,575754
77,12245562,575772
77,12596957,575790
77,12976610,575808
77,13347094,575825
77,13723545,575848
77,14123664,575868
77,14516416,575889
77,14901465,575913
77,15291005,575931
77,15662562,575955
77,16018615,575980
77,16431784,576002
77,16785595,576026
77,17142996,576055
77,17537917,576078
77,17903085,576104
77,18271086,576129
77,18639260,576154
77,18999233,576185
77,19393193,576212
77,19764156,576239
77,20123177,576273
77,20516732,576302
77,20900557,576337
77,21289919,576365
77,21681808,576400
77,22059661,576430
77,22411851,576463
77,22764100,576494
77,23141399,576527
77,23493614,576557
77,23847082,576595
77,24248164,576626
77,24652475,576661
77,25043571,576698
77,25436065,576730
77,25833225,576760
77,26224623,576794
77,26598794,576821
77,26974299,576848
77,27349488,576880
77,27722294,576906
77,28101127,576936
77,28519000,576966
77,28940154,576994
77,29333879,577024
77,29744888,577046
77,30103845,577074
77,30496389,577096
77,30846812,577118
77,31224450,577141
77,31609689,577165
77,31996513,577187
77,32410676,577208
77,32765269,577227
77,33168153,577246
77,33537506,577266
77,33899960,577288
77,34285643,577304
77,34658358,577320
77,35014769,577338
77,35367573,577352
77,35720001,577366
77,36104321,577384
77,36495281,577398
77,36850431,577409
77,37227746,577426
77,37620164,577436
77,37976421,577448
77,38345563,577460
77,38741706,577470
77,39123251,577480
77,39512618,577491
77,39869672,577500
77,40271160,577508
77,40661376,577516
77,41017453,577522
77,41368861,577529
77,41719313,577537
77,42101065,577544
77,42492366,577547
77,42845300,577553
77,43247086,577556
77,43639746,577561
77,44015782,577564
77,44391018,577567
77,44743945,577567
77,45099415,577570
77,45471299,577570
77,45865609,577573
77,46264266,577573
77,46640186,577573
77,46995548,577574
77,47349657,577574
77,47722944,577574
77,48120329,577575
77,48473858,577575
77,48858020,577575
77,49248139,577575
77,49640830,577576
77,50019127,577576
77,50434587,577576
77,50833953,577576
77,51257552,577576
77,51651268,577575
77,52046646,577575
77,52440986,577575
77,52892795,577574
77,53289338,577574
77,53663543,577574
77,54070351,577574
77,54462616,577574
77,54849009,577574
77,55245154,577573
77,55610731,577572
77,55998597,577572
77,56369065,577572
77,56724538,577572
77,57099267,577572
77,57496630,577572
77,57906031,577572
77,58270237,577571
77,58660312,577571
77,59019122,577571
77,59391100,577571
77,59743209,577569
77,60100493,577570
77,60493529,577569
77,60868825,577568
77,61268515,577568
77,61663855,577568
77,62040479,577568
77,62432757,577567
77,62827993,577567
77,63188433,577567
77,63581366,577566
77,63994577,577565
77,64350999,577565
77,64744102,577565
77,65123480,577564
77,65536450,577564
77,65902439,577564
77,66288279,577564
77,66662620,577563
77,67018376,577563
77,67409857,577562
77,67783891,577562
77,68138834,577561
77,68492665,577561
77,68844483,577561
77,69225817,577561
77,69620075,577560
77,69975283,577560
77,70348522,577560
77,70743698,577559
77,71099299,577559
77,71471837,577559
77,71845359,577558
77,72221913,577557
77,72598892,577557
77,72997563,577557
77,73371387,577556
77,73765936,577556
77,74121170,577556
77,74494538,577555
77,74847256,577554
77,75245755,577555
77,75638484,577555
77,76016561,577555
77,76366966,577554
77,76742324,577555
77,77097970,577554
77,77471130,577554
77,77867035,577554
77,78284894,577553
77,78638745,577553
77,78994509,577553
77,79346558,577553
77,79730672,577553
77,80125332,577552
77,80536181,577552
77,80900091,577552
77,81287751,577552
77,81660527,577552
77,82037619,577552
77,82411142,577552
77,82786069,577552
77,83140226,577551
77,83495204,577551
77,83846711,577551
77,84247914,577551
77,84639751,577550
77,84994269,577550
77,85347209,577550
77,85743616,577550
77,86099388,577550
77,86471650,577550
77,86845691,577550
77,87244394,577549
77,87596479,577549
77,87973455,577549
77,88347562,577549
77,88720797,577549
77,89097816,577549
77,89493263,577549
77,89845638,577548
77,90243235,577548
77,90617966,577548
77,90974291,577548
77,91349804,577548
77,91742344,577548
77,92099367,577548
77,92474382,577548
77,92867344,577548
77,93266958,577548
77,93639969,577548
77,93996128,577548
77,94388809,577548
77,94765821,577548
77,95120441,577549
77,95471762,577549
77,95845660,577548
77,96245919,577548
77,96640954,577548
77,97027194,577548
77,97435143,577548
77,97787566,577548
77,98142345,577548
77,98534469,577547
77,98919874,577547
77,99329350,577548
77,99685774,577549
77,100077480,577547
77,100435329,577547
77,100811593,577547
77,101204189,577547
77,101617014,577547
77,101976507,577548
77,102348289,577548
77,102743967,577547
77,103102684,577547
77,103473715,577547
77,103858787,577547
77,104247082,577547
77,104639231,577547
77,104997530,577547
77,105370721,577547
78,718521,577547
78,1122341,577547
78,1514452,577547
78,1893139,577549
78,2288948,577549
78,2701030,577552
78,3122289,577552
78,3515846,577555
78,3891598,577558
78,4288328,577561
78,4686847,577563
78,5099332,577569
78,5492763,577571
78,5871238,577577
78,6263595,577584
78,6640671,577590
78,6995989,577595
78,7391741,577604
78,7795963,577614
78,8187077,577624
78,8600138,577637
78,8998153,577648
78,9411819,577660
78,9775514,577674
78,10183369,577687
78,10537288,577702
78,10939730,577718
78,11350406,577735
78,11753410,577750
78,12120232,577766
78,12474549,577783
78,12830381,577800
78,13201131,577818
78,13597806,577838
78,13955710,577857
78,14326424,577875
78,14724304,577900
78,15124912,577922
78,15494096,577943
78,15850291,577963
78,16232842,577991
78,16621819,578013
78,16995090,578039
78,17387949,578063
78,17756533,578091
78,18119278,578116
78,18474139,578139
78,18831729,578172
78,19222282,578198
78,19574998,578225
78,19953854,578257
78,20346941,578287
78,20720573,578319
78,21122718,578348
78,21525877,578383
78,21913521,578418
78,22304457,578448
78,22663400,578481
78,23043717,578519
78,23435231,578553
78,23831468,578586
78,24202899,578618
78,24575993,578652
78,24976482,578687
78,25368237,578718
78,25757536,578753
78,26143243,578779
78,26515676,578809
78,26891532,578842
78,27285993,578868
78,27638232,578895
78,27994895,578925
78,28390600,578953
78,28776687,578979
78,29186538,579011
78,29578748,579037
78,29975905,579061
78,30350811,579087
78,30755782,579112
78,31122616,579134
78,31514128,579158
78,31890680,579181
78,32285476,579201
78,32663006,579222
78,33059631,579246
78,33476379,579262
78,33892491,579285
78,34286880,579303
78,34641178,579317
78,34996698,579333
78,35391237,579354
78,35795765,579368
78,36180646,579383
78,36540593,579399
78,36917401,579413
78,37310334,579427
78,37721755,579440
78,38118686,579452
78,38492435,579461
78,38849937,579475
78,39244377,579483
78,39617485,579493
78,39978565,579503
78,40391533,579513
78,40805226,579519
78,41162074,579527
78,41535546,579534
78,41913323,579541
78,42289614,579546
78,42684725,579552
78,43097531,579556
78,43453143,579559
78,43849837,579562
78,44221409,579565
78,44577428,579567
78,44954910,579569
78,45345945,579572
78,45710035,579571
78,46124285,579572
78,46513885,579576
78,46890583,579576
78,47244342,579575
78,47595882,579575
78,47952924,579576
78,48328342,579577
78,48722672,579576
78,49120765,579577
78,49491863,579578
78,49848831,579577
78,50202405,579577
78,50574298,579578
78,50974068,579578
78,51325686,579577
78,51700480,579576
78,52097419,579577
78,52450707,579577
78,52831133,579576
78,53221138,579576
78,53597129,579576
78,53951859,579576
78,54328247,579575
78,54702506,579575
78,55099938,579575
78,55472395,579574
78,55849826,579574
78,56244633,579574
78,56596341,579574
78,56974655,579573
78,57368625,579573
78,57744083,579573
78,58143923,579573
78,58515956,579572
78,58870496,579573
78,59264600,579571
78,59620258,579570
78,59995322,579570
78,60388618,579570
78,60774644,579569
78,61161773,579569
78,61514639,579570
78,61893614,579568
78,62286643,579568
78,62639275,579568
78,63016632,579568
78,63409408,579567
78,63792634,579567
78,64179596,579567
78,64551166,579566
78,64913758,579566
78,65306260,579566
78,65681986,579566
78,66041459,579566
78,66434794,579565
78,66848934,579565
78,67243269,579564
78,67617031,579564
78,67996137,579564
78,68390943,579564
78,68809476,579563
78,69202254,579563
78,69574563,579563
78,69981547,579561
78,70390332,579561
78,70752660,579562
78,71163088,579560
78,71561344,579560
78,71973502,579560
78,72328648,579560
78,72722293,579559
78,73098091,579559
78,73450064,579559
78,73827701,579559
78,74220846,579559
78,74578390,579559
78,74953396,579559
78,75349234,579559
78,75757317,579557
78,76119532,579557
78,76493932,579557
78,76850920,579557
78,77244662,579556
78,77598887,579556
78,77996004,579556
78,78389685,579556
78,78755130,579555
78,79143066,579555
78,79534484,579555
78,79912244,579555
78,80310652,579554
78,80721877,579555
78,81118239,579554
78,81492329,579553
78,81848981,579553
78,82221923,579553
78,82575106,579553
78,82973682,579553
78,83325252,579553
78,83699498,579553
78,84099516,579552
78,84512872,579552
78,84891138,579551
78,85284693,579551
78,85637595,579553
78,85993933,579552
78,86345862,579551
78,86719882,579551
78,87122238,579551
78,87515263,579551
78,87890080,579551
78,88243660,579551
78,88597081,579551
78,88986088,579551
78,89368490,579551
78,89721365,579551
78,90100091,579551
78,90515493,579551
78,90869592,579551
78,91224252,579551
78,91576910,579550
78,91952636,579550
78,92348679,579550
78,92700146,579550
78,93095659,579550
78,93472666,579551
78,93828880,579550
78,94209925,579549
78,94596931,579551
78,94956245,579549
78,95327141,579549
78,95721425,579549
78,96118644,579551
78,96493239,579548
78,96848176,579549
78,97201464,579549
78,97575698,579549
78,97955413,579549
78,98328102,579549
78,98703650,579549
78,99101696,579548
78,99498644,579548
78,99893653,579548
78,100286509,579549
78,100702455,579549
78,101098861,579549
78,101450921,579549
78,101829510,579548
79,740304,579548
79,1100170,579549
79,1495666,579550
79,1891312,579551
79,2269394,579553
79,2661940,579553
79,3015398,579555
79,3397448,579557
79,3789528,579557
79,4169278,579561
79,4563330,579565
79,4954960,579567
79,5332007,579572
79,5702581,579577
79,6076686,579583
79,6475884,579588
79,6829511,579595
79,7206499,579606
79,7600009,579610
79,7973677,579623
79,8353901,579632
79,8725645,579643
79,9077018,579655
79,9477798,579669
79,9872051,579682
79,10268656,579697
79,10664504,579711
79,11061203,579727
79,11465236,579744
79,11874850,579761
79,12267123,579779
79,12620127,579795
79,12973874,579810
79,13329500,579831
79,13724617,579851
79,14076970,579867
79,14478698,579892
79,14871038,579912
79,15237770,579935
79,15621928,579955
79,15998606,579981
79,16395783,580003
79,16768467,580025
79,17134406,580052
79,17518508,580077
79,17891443,580100
79,18247130,580126
79,18600277,580154
79,18974196,580181
79,19332488,580210
79,19725714,580239
79,20099984,580272
79,20476848,580297
79,20871902,580328
79,21228203,580362
79,21620463,580392
79,21975522,580423
79,22351505,580460
79,22744379,580492
79,23100394,580522
79,23498068,580559
79,23890671,580590
79,24247162,580623
79,24598174,580653
79,24973426,580689
79,25357223,580718
79,25727447,580753
79,26135147,580783
79,26499329,580814
79,26893114,580843
79,27269283,580874
79,27663553,580903
79,28015266,580927
79,28393314,580958
79,28787035,580983
79,29170099,581010
79,29537312,581035
79,29913027,581059
79,30288945,581085
79,30666517,581108
79,31061269,581132
79,31454526,581153
79,31827679,581177
79,32203693,581198
79,32581364,581220
79,32975199,581239
79,33351352,581259
79,33747833,581278
79,34132373,581298
79,34518729,581314
79,34891093,581332
79,35246892,581348
79,35655237,581363
79,36018810,581380
79,36437064,581396
79,36830138,581408
79,37205720,581423
79,37600831,581435
79,37952716,581447
79,38330262,581458
79,38702473,581471
79,39078229,581481
79,39507293,581493
79,39893152,581501
79,40267216,581510
79,40618562,581516
79,40973928,581523
79,41328869,581532
79,41701681,581538
79,42098670,581542
79,42479432,581550
79,42871346,581554
79,43227342,581558
79,43599701,581561
79,43953697,581565
79,44353305,581568
79,44723338,581570
79,45077752,581573
79,45476191,581573
79,45888900,581574
79,46268805,581576
79,46661493,581577
79,47015070,581577
79,47376871,581577
79,47769855,581577
79,48165578,581577
79,48560095,581577
79,48953981,581577
79,49332247,581577
79,49724969,581577
79,50077302,581578
79,50475765,581578
79,50870441,581578
79,51227453,581578
79,51622152,581578
79,51975004,581578
79,52329524,581577
79,52704656,581577
79,53077899,581577
79,53475289,581575
79,53826926,581575
79,54204792,581575
79,54600487,581576
79,54952551,581575
79,55332339,581575
79,55721784,581575
79,56075856,581575
79,56473376,581575
79,56848120,581573
79,57205242,581573
79,57577384,581573
79,57972018,581573
79,58332768,581573
79,58703454,581573
79,59096727,581572
79,59508618,581572
79,59872797,581572
79,60267839,581572
79,60640679,581570
79,60995300,581570
79,61349099,581570
79,61703622,581570
79,62076253,581569
79,62475552,581569
79,62826413,581569
79,63215472,581569
79,63600914,581568
79,63974736,581568
79,64328633,581567
79,64702632,581566
79,65097478,581566
79,65496605,581566
79,65868096,581566
79,66225087,581566
79,66575789,581566
79,66950955,581565
79,67350012,581565
79,67701297,581564
79,68075150,581564
79,68476215,581563
79,68869956,581563
79,69247736,581562
79,69640251,581562
79,69994427,581562
79,70373161,581562
79,70764329,581562
79,71130183,581561
79,71500992,581560
79,71891631,581560
79,72267515,581560
79,72619160,581560
79,72971277,581559
79,73329501,581559
79,73702022,581558
79,74096022,581558
79,74499044,581558
79,74891981,581558
79,75247186,581558
79,75642349,581557
79,75995208,581557
79,76370772,581557
79,76725677,581557
79,77130676,581557
79,77516594,581556
79,77890909,581557
79,78244984,581555
79,78597732,581556
79,78971979,581557
79,79329663,581555
79,79703527,581555
79,80097945,581555
79,80499705,581555
79,80890852,581554
79,81270596,581554
79,81642478,581554
79,81996344,581554
79,82351426,581553
79,82704088,581553
79,83079886,581554
79,83486122,581554
79,83870785,581554
79,84246597,581553
79,84598351,581553
79,84973470,581553
79,85331204,581553
79,85725526,581553
79,86131246,581553
79,86516428,581553
79,86891119,581553
79,87278171,581553
79,87662753,581552
79,88037041,581552
79,88392451,581553
79,88786724,581553
79,89171208,581552
79,89561475,581552
79,89973917,581553
79,90329984,581552
79,90701884,581551
79,91098466,581552
79,91521700,581552
79,91913584,581551
79,92269180,581551
79,92643367,581551
79,93060329,581551
79,93454878,581551
79,93850603,581551
79,94225754,581551
79,94581036,581551
79,94975731,581551
79,95352446,581551
79,95748070,581552
79,96131230,581552
79,96538922,581551
79,96891468,581551
79,97249154,581551
79,97642761,581551
79,98015288,581551
79,98374132,581551
79,98767146,581551
79,99150374,581551
79,99540373,581551
79,99918705,581551
79,100309570,581551
79,100726340,581551
79,101099649,581551
79,101495190,581551
79,101893420,581551
80,767805,581550
80,1147563,581550
80,1543791,581550
80,1916675,581552
80,2313960,581553
80,2711269,581554
80,3102532,581556
80,3490263,581558
80,3876662,581560
80,4276722,581564
80,4667213,581566
80,5038853,581569
80,5437489,581575
80,5813077,581580
80,6218514,581585
80,6606346,581592
80,6977114,581599
80,7331673,581605
80,7687935,581614
80,8060200,581627
80,8424485,581637
80,8813042,581647
80,9185226,581658
80,9542183,581673
80,9936650,581684
80,10310510,581697
80,10667925,581712
80,11086075,581730
80,11488105,581744
80,11877448,581761
80,12254646,581779
80,12651806,581798
80,13062440,581815
80,13434939,581835
80,13833829,581856
80,14230065,581874
80,14605523,581898
80,14999647,581918
80,15372636,581937
80,15732794,581962
80,16127886,581984
80,16509734,582007
80,16875890,582032
80,17269860,582057
80,17625654,582084
80,18025830,582110
80,18435553,582140
80,18813135,582169
80,19228337,582197
80,19583110,582224
80,19935758,582253
80,20290160,582280
80,20665642,582314
80,21039266,582342
80,21413498,582378
80,21836253,582413
80,22228172,582443
80,22607011,582483
80,22979110,582513
80,23355086,582545
80,23730897,582581
80,24126086,582613
80,24491147,582643
80,24854796,582674
80,25206519,582706
80,25564643,582739
80,25957218,582769
80,26331839,582796
80,26689846,582830
80,27104188,582858
80,27467745,582891
80,27857583,582919
80,28227389,582945
80,28605555,582974
80,28999721,583000
80,29352236,583024
80,29708641,583046
80,30061953,583073
80,30424559,583095
80,30793234,583118
80,31185572,583144
80,31562856,583166
80,31955453,583187
80,32309798,583206
80,32701925,583229
80,33085329,583246
80,33472340,583268
80,33835360,583287
80,34207552,583303
80,34584556,583322
80,34978395,583339
80,35330674,583353
80,35711151,583370
80,36106335,583384
80,36501628,583402
80,36875022,583415
80,37269436,583429
80,37652132,583442
80,38041825,583453
80,38413581,583467
80,38814442,583479
80,39208137,583487
80,39604795,583498
80,39957742,583508
80,40311171,583514
80,40665553,583522
80,41039570,583531
80,41433894,583539
80,41834089,583545
80,42229716,583551
80,42626009,583555
80,43018641,583561
80,43374462,583566
80,43731444,583567
80,44101380,583571
80,44464213,583573
80,44855339,583576
80,45229436,583576
80,45583424,583579
80,45934228,583579
80,46309815,583579
80,46667924,583581
80,47061657,583581
80,47434656,583580
80,47834418,583584
80,48247360,583582
80,48606471,583582
80,48999056,583583
80,49350863,583584
80,49731270,583582
80,50125770,583582
80,50509305,583582
80,50895252,583582
80,51309725,583581
80,51666495,583582
80,52038901,583581
80,52433616,583580
80,52814032,583581
80,53207464,583580
80,53564019,583581
80,53936876,583580
80,54300716,583579
80,54690733,583579
80,55061691,583579
80,55413164,583579
80,55814405,583577
80,56208002,583579
80,56591775,583578
80,56982306,583577
80,57361808,583577
80,57759158,583577
80,58128506,583577
80,58523420,583576
80,58944262,583576
80,59311946,583576
80,59667712,583574
80,60062200,583574
80,60412710,583574
80,60813429,583574
80,61208174,583572
80,61561592,583572
80,61912896,583572
80,62288747,583572
80,62687032,583572
80,63081243,583572
80,63434679,583572
80,63812806,583572
80,64228979,583570
80,64583137,583570
80,64935496,583570
80,65290758,583570
80,65668588,583569
80,66061845,583568
80,66415586,583568
80,66814059,583568
80,67208173,583568
80,67583373,583567
80,67957163,583567
80,68310498,583567
80,68666987,583567
80,69038829,583565
80,69436129,583565
80,69813623,583565
80,70206858,583564
80,70562992,583564
80,70934901,583564
80,71287900,583564
80,71687615,583564
80,72058900,583564
80,72413565,583563
80,72811763,583563
80,73163317,583563
80,73573475,583563
80,73962563,583563
80,74352234,583563
80,74708501,583563
80,75060761,583562
80,75414003,583562
80,75813936,583561
80,76205047,583560
80,76563004,583559
80,76959530,583560
80,77331134,583560
80,77687476,583560
80,78038912,583560
80,78427297,583560
80,78815349,583559
80,79226517,583559
80,79584661,583559
80,79977684,583558
80,80332220,583557
80,80717968,583558
80,81104976,583558
80,81487319,583557
80,81876277,583557
80,82253095,583557
80,82645073,583557
80,83061111,583557
80,83413405,583557
80,83810889,583557
80,84184937,583556
80,84540255,583556
80,84912698,583556
80,85310010,583556
80,85665759,583556
80,86038483,583556
80,86433132,583555
80,86831353,583554
80,87206409,583555
80,87563766,583555
80,87957463,583555
80,88331769,583554
80,88709122,583555
80,89103109,583555
80,89466565,583554
80,89856145,583554
80,90229903,583554
80,90647454,583554
80,91038549,583554
80,91414444,583554
80,91812667,583554
80,92207385,583553
80,92584644,583553
80,92978164,583553
80,93351939,583553
80,93709412,583553
80,94123093,583553
80,94487265,583553
81,765853,583553
81,1144761,583554
81,1543258,583554
81,1916191,583555
81,2270676,583556
81,2646104,583557
81,3040570,583561
81,3401751,583561
81,3772034,583564
81,4168275,583567
81,4570065,583569
81,4959213,583572
81,5315115,583579
81,5711217,583580
81,6124937,583589
81,6484262,583594
81,6873842,583601
81,7231218,583608
81,7606452,583619
81,7999174,583625
81,8367861,583637
81,8732219,583648
81,9150008,583660
81,9545645,583673
81,9939358,583686
81,10336216,583702
81,10730812,583714
81,11083605,583730
81,11438476,583744
81,11812834,583760
81,12165342,583778
81,12562523,583794
81,12937658,583812
81,13293571,583831
81,13707702,583851
81,14061747,583870
81,14443410,583891
81,14835174,583911
81,15198761,583935
81,15586445,583956
81,15960471,583980
81,16357322,584003
81,16755102,584030
81,17144968,584056
81,17542780,584081
81,17897022,584107
81,18273129,584135
81,18665311,584161
81,19042748,584189
81,19420406,584218
81,19794250,584250
81,20199992,584278
81,20563126,584310
81,20917886,584336
81,21273281,584368
81,21665192,584403
81,22042990,584433
81,22398628,584463
81,22770846,584502
81,23145097,584535
81,23543328,584569
81,23959215,584606
81,24334324,584639
81,24687051,584669
81,25040822,584698
81,25421149,584728
81,25811042,584763
81,26166337,584789
81,26544407,584819
81,26937510,584850
81,27314981,584879
81,27710430,584910
81,28084052,584939
81,28439575,584963
81,28812527,584989
81,29167185,585018
81,29564227,585040
81,29938488,585066
81,30294945,585090
81,30690780,585112
81,31061177,585134
81,31419562,585158
81,31814894,585178
81,32196699,585201
81,32596715,585221
81,32961548,585243
81,33365186,585264
81,33772380,585284
81,34198314,585304
81,34585042,585321
81,34959091,585337
81,35313439,585352
81,35665053,585368
81,36043840,585384
81,36440837,585401
81,36834196,585415
81,37201631,585426
81,37565957,585440
81,37958880,585453
81,38337462,585465
81,38731446,585475
81,39127297,585485
81,39522802,585498
81,39917979,585506
81,40274396,585516
81,40688384,585523
81,41042586,585531
81,41399531,585538
81,41792614,585544
81,42146695,585549
81,42545676,585555
81,42915879,585561
81,43274384,585565
81,43645861,585568
81,44020626,585572
81,44418982,585574
81,44812601,585576
81,45197801,585578
81,45586472,585580
81,45957190,585580
81,46313795,585582
81,46667703,585582
81,47020822,585582
81,47397337,585583
81,47791194,585583
81,48153021,585584
81,48525889,585584
81,48913912,585585
81,49269910,585585
81,49647608,585585
81,50040872,585585
81,50397093,585585
81,50770275,585585
81,51142552,585584
81,51542646,585584
81,51894428,585584
81,52272068,585584
81,52645702,585584
81,53018144,585584
81,53396680,585584
81,53771228,585584
81,54142483,585584
81,54543316,585583
81,54938457,585583
81,55314501,585583
81,55686857,585581
81,56039676,585581
81,56406188,585583
81,56791719,585582
81,57186082,585581
81,57563248,585581
81,57935815,585580
81,58293364,585579
81,58687899,585579
81,59062115,585579
81,59418439,585578
81,59810735,585577
81,60197154,585578
81,60583929,585577
81,60957896,585577
81,61313158,585577
81,61666330,585577
81,62042641,585576
81,62397370,585576
81,62791864,585576
81,63143715,585576
81,63521008,585575
81,63894345,585575
81,64271977,585575
81,64643328,585574
81,65018137,585574
81,65398303,585574
81,65769083,585573
81,66142910,585573
81,66542063,585573
81,66892768,585573
81,67270176,585572
81,67645350,585572
81,68017887,585571
81,68395660,585570
81,68789068,585569
81,69142749,585569
81,69541191,585569
81,69913626,585568
81,70271070,585568
81,70646713,585568
81,71041490,585568
81,71395744,585567
81,71770494,585567
81,72163949,585566
81,72584637,585565
81,72955834,585565
81,73337568,585565
81,73708927,585564
81,74059889,585564
81,74419169,585564
81,74812304,585563
81,75197998,585563
81,75583414,585563
81,75957716,585561
81,76311357,585561
81,76663927,585561
81,77018244,585561
81,77394043,585560
81,77767906,585560
81,78143012,585560
81,78545158,585560
81,78936568,585560
81,79380819,585559
81,79836280,585558
81,80374411,585558
81,80887967,585558
81,81393227,585558
81,81899343,585557
81,82382122,585557
81,82865160,585557
81,83361769,585557
81,83811694,585557
81,84218209,585557
81,84609841,585557
81,85098592,585556
81,85621664,585556
81,86137662,585555
81,86641216,585555
81,87163353,585555
81,87682014,585555
81,88107984,585555
81,88518965,585555
81,88897826,585555
81,89370592,585555
81,89889509,585555
81,90390552,585555
82,955735,585555
82,1389552,585555
82,1782054,585556
82,2273482,585558
82,2787247,585560
82,3275736,585562
82,3788645,585565
82,4292386,585568
82,4815465,585573
82,5261077,585577
82,5644073,585582
82,6019479,585587
82,6408321,585594
82,6792037,585601
82,7176681,585609
82,7569684,585618
82,7950945,585628
82,8345913,585638
82,8757626,585650
82,9133395,585660
82,9484098,585673
82,9862068,585685
82,10234474,585700
82,10609104,585711
82,10988003,585727
82,11380961,585742
82,11733479,585758
82,12136191,585774
82,12547687,585792
82,12927046,585811
82,13317472,585829
82,13672023,585848
82,14052051,585869
82,14443780,585889
82,14832078,585912
82,15220936,585935
82,15633721,585956
82,15990784,585980
82,16403368,586003
82,16757354,586029
82,17169844,586051
82,17553082,586078
82,17936838,586104
82,18303629,586134
82,18692412,586159
82,19054212,586186
82,19423598,586213
82,19787709,586243
82,20174141,586273
82,20546051,586301
82,20902769,586329
82,21255440,586359
82,21608494,586388
82,21987785,586424
82,22380159,586455
82,22733690,586486
82,23136816,586522
82,23509703,586554
82,23906348,586590
82,24279250,586622
82,24654005,586654
82,25011104,586692
82,25402348,586720
82,25754914,586750
82,26153436,586785
82,26530158,586813
82,26885771,586842
82,27257202,586869
82,27609344,586897
82,27986568,586925
82,28381631,586953
82,28734816,586982
82,29152086,587006
82,29505518,587031
82,29860529,587055
82,30234683,587081
82,30611304,587105
82,30991940,587130
82,31404367,587151
82,31758892,587176
82,32154646,587197
82,32548974,587219
82,32947070,587238
82,33297758,587258
82,33649668,587275
82,34009205,587293
82,34358362,587310
82,34736567,587328
82,35136817,587343
82,35528568,587362
82,35885184,587378
82,36257389,587390
82,36629438,587406
82,36990934,587421
82,37383127,587433
82,37736363,587446
82,38115502,587458
82,38508319,587470
82,38863233,587480
82,39237630,587490
82,39630155,587501
82,40009497,587510
82,40401690,587520
82,40779161,587528
82,41156391,587534
82,41549986,587542
82,41914571,587549
82,42305206,587554
82,42694374,587559
82,43072743,587565
82,43468844,587570
82,43881230,587571
82,44255076,587576
82,44607552,587578
82,45012257,587581
82,45384998,587583
82,45789562,587584
82,46199880,587584
82,46592066,587585
82,46947179,587586
82,47325762,587586
82,47718193,587586
82,48133192,587587
82,48483975,587587
82,48862102,587587
82,49235569,587588
82,49609624,587588
82,49985740,587588
82,50359004,587587
82,50735101,587587
82,51110076,587587
82,51488715,587587
82,51875853,587586
82,52236055,587586
82,52612234,587586
82,53008553,587585
82,53359576,587585
82,53736757,587585
82,54130905,587584
82,54481826,587583
82,54861242,587583
82,55252387,587583
82,55605995,587582
82,55989147,587582
82,56379761,587582
82,56732326,587582
82,57111502,587580
82,57506241,587580
82,57862404,587580
82,58246393,587580
82,58630246,587579
82,58987578,587579
82,59356161,587579
82,59755863,587578
82,60150612,587578
82,60524082,587578
82,60883574,587578
82,61236352,587577
82,61606648,587576
82,62007535,587576
82,62360912,587575
82,62731359,587575
82,63131227,587575
82,63481558,587574
82,63860958,587574
82,64234748,587573
82,64606570,587573
82,64994621,587574
82,65378819,587572
82,65739713,587572
82,66131083,587572
82,66503769,587571
82,66880653,587571
82,67235340,587571
82,67607032,587570
82,68005989,587569
82,68359890,587569
82,68732144,587569
82,69128193,587569
82,69482910,587569
82,69858844,587569
82,70252404,587569
82,70607505,587568
82,70989242,587568
82,71381227,587568
82,71735827,587567
82,72132813,587567
82,72506070,587567
82,72860892,587567
82,73230904,587567
82,73627205,587567
82,73987848,587566
82,74358687,587566
82,74753615,587566
82,75150902,587565
82,75524581,587565
82,75880447,587565
82,76232830,587565
82,76606792,587564
82,76984729,587565
82,77356978,587564
82,77731742,587564
82,78151239,587563
82,78509246,587563
82,78860812,587563
82,79236043,587563
82,79609825,587563
82,79986602,587563
82,80359380,587562
82,80734451,587562
82,81110922,587562
82,81482320,587562
82,81879941,587562
82,82236398,587562
82,82608838,587562
82,82991188,587562
82,83359760,587562
82,83733684,587561
82,84133922,587561
82,84545398,587561
82,84901244,587561
82,85257956,587561
82,85609781,587561
82,85987130,587561
82,86383006,587561
82,86735495,587560
82,87112208,587560
82,87504766,587560
82,87859834,587560
82,88237726,587560
82,88631236,587560
82,89021682,587560
82,89405432,587560
82,89819475,587560
82,90177172,587560
82,90569629,587560
82,90943733,587559
82,91295815,587559
82,91654001,587559
82,92009443,587559
82,92360781,587559
82,92737166,587559
82,93133946,587559
82,93485263,587559
82,93862955,587558
82,94237345,587559
82,94633192,587559
82,94987895,587558
82,95362456,587558
82,95756011,587558
82,96153527,587558
82,96526656,587558
82,96884398,587558
82,97276270,587558
82,97650834,587558
82,98008281,587558
82,98358834,587558
82,98733745,587558
82,99130927,587558
82,99482212,587558
82,99863781,587558
82,100255612,587558
83,740214,587558
83,1142751,587558
83,1536535,587558
83,1892818,587558
83,2265064,587560
83,2639925,587562
83,2996747,587563
83,3391202,587567
83,3793810,587567
83,4184411,587570
83,4572499,587574
83,4933165,587577
83,5333252,587582
83,5740325,587587
83,6120118,587594
83,6469007,587597
83,6869830,587606
83,7242855,587613
83,7594175,587620
83,7970710,587631
83,8367083,587642
83,8719234,587653
83,9116262,587664
83,9491159,587676
83,9847749,587688
83,10223085,587703
83,10619047,587717
83,10973580,587731
83,11357835,587746
83,11744203,587763
83,12141004,587781
83,12512028,587795
83,12867581,587813
83,13223265,587832
83,13607689,587851
83,13997562,587873
83,14389914,587894
83,14741048,587914
83,15139091,587934
83,15511254,587960
83,15871876,587980
83,16263607,588005
83,16637577,588030
83,16995272,588053
83,17394748,588080
83,17794092,588108
83,18203189,588133
83,18559763,588163
83,18954272,588194
83,19368125,588223
83,19743867,588253
83,20139434,588282
83,20491780,588312
83,20849167,588341
83,21241861,588373
83,21616879,588405
83,21974323,588436
83,22357301,588472
83,22746360,588503
83,23120893,588542
83,23520684,588576
83,23935612,588613
83,24348056,588649
83,24740749,588680
83,25139560,588714
83,25495016,588746
83,25891814,588778
83,26285781,588808
83,26638801,588835
83,26994683,588864
83,27390333,588894
83,27774147,588926
83,28160235,588953
83,28533536,588978
83,28888725,589005
83,29241878,589029
83,29615899,589054
83,29973846,589081
83,30388709,589104
83,30740709,589130
83,31137398,589150
83,31534050,589176
83,31909961,589197
83,32261558,589216
83,32636355,589236
83,32997292,589259
83,33390634,589277
83,33778150,589294
83,34161901,589315
83,34535329,589330
83,34891126,589346
83,35283578,589365
83,35671069,589380
83,36061646,589396
83,36451245,589410
83,36833882,589427
83,37222146,589438
83,37595572,589450
83,37985139,589464
83,38368170,589475
83,38720981,589485
83,39139853,589497
83,39490916,589506
83,39847406,589513
83,40219650,589524
83,40593622,589531
83,40971596,589539
83,41344629,589545
83,41741410,589553
83,42164250,589559
83,42557532,589565
83,42933792,589569
83,43330583,589574
83,43742232,589578
83,44140547,589580
83,44511842,589582
83,44870420,589584
83,45287166,589585
83,45682097,589586
83,46059352,589588
83,46457296,589589
83,46870650,589589
83,47263576,589591
83,47637919,589591
83,47993496,589591
83,48346018,589591
83,48721067,589591
83,49118798,589591
83,49470414,589591
83,49853338,589591
83,50245133,589590
83,50660497,589590
83,51036999,589590
83,51432853,589589
83,51794133,589589
83,52181674,589589
83,52535085,589589
83,52911594,589589
83,53329556,589589
83,53721907,589588
83,54118336,589588
83,54494626,589587
83,54850042,589587
83,55242396,589587
83,55617684,589586
83,55990506,589586
83,56350398,589586
83,56743489,589585
83,57139338,589585
83,57516216,589585
83,57911687,589585
83,58282474,589583
83,58637121,589583
83,58993808,589583
83,59368149,589581
83,59764156,589581
83,60162913,589581
83,60533722,589581
83,60891593,589580
83,61283884,589580
83,61659888,589579
83,62045499,589578
83,62432555,589578
83,62830757,589578
83,63242505,589578
83,63595204,589577
83,63974737,589577
83,64367238,589577
83,64719874,589576
83,65098256,589576
83,65491252,589575
83,65849185,589575
83,66243755,589574
83,66618196,589574
83,66974895,589574
83,67347630,589574
83,67742601,589574
83,68141741,589573
83,68533880,589573
83,68890348,589571
83,69287055,589572
83,69660068,589571
83,70036981,589570
83,70408696,589570
83,70773484,589570
83,71139660,589570
83,71532829,589569
83,71889299,589569
83,72242721,589569
83,72616105,589569
83,72972568,589569
83,73346210,589568
83,73741243,589568
83,74137352,589568
83,74513433,589567
83,74868115,589567
83,75240233,589568
83,75595408,589567
83,75992847,589566
83,76346166,589566
83,76725663,589566
83,77122136,589566
83,77494766,589565
83,77848376,589565
83,78242570,589565
83,78598218,589564
83,78973626,589564
83,79367058,589564
83,79741062,589564
83,80140332,589564
83,80493774,589563
83,80850312,589563
83,81243574,589563
83,81631026,589563
83,81997982,589563
83,82387712,589563
83,82742571,589563
83,83140260,589563
83,83532728,589563
83,83901255,589563
83,84285531,589563
83,84658441,589562
83,85015925,589562
83,85366767,589562
83,85720043,589561
83,86151308,589561
83,86538468,589562
83,86912244,589562
83,87303974,589562
83,87657609,589562
83,88040264,589561
83,88429982,589561
83,88793691,589561
83,89162850,589561
83,89556755,589562
83,89931723,589562
83,90282246,589562
83,90638648,589562
83,90996046,589562
83,91368178,589561
83,91720225,589561
83,92121121,589561
83,92513995,589561
83,92890937,589560
83,93287272,589560
83,93660663,589560
83,94017901,589560
83,94391324,589560
83,94797242,589560
83,95181492,589560
83,95553838,589559
83,95912428,589559
83,96306216,589559
83,96679278,589559
83,97036342,589559
83,97430875,589559
83,97813400,589559
83,98204839,589559
84,738488,589559
84,1143477,589559
84,1537667,589560
84,1912564,589562
84,2264770,589562
84,2620250,589564
84,3014555,589564
84,3387784,589567
84,3742395,589568
84,4142486,589571
84,4536578,589576
84,4915519,589579
84,5286538,589583
84,5661505,589587
84,6037913,589594
84,6411998,589599
84,6815619,589606
84,7181533,589614
84,7555131,589623
84,7933698,589631
84,8317262,589643
84,8705771,589654
84,9082026,589665
84,9476782,589679
84,9870493,589691
84,10264339,589703
84,10616999,589719
84,11019498,589736
84,11409964,589749
84,11795249,589766
84,12215320,589785
84,12606645,589804
84,12996989,589820
84,13370513,589843
84,13765316,589860
84,14163970,589881
84,14555539,589902
84,14911963,589925
84,15308125,589945
84,15681573,589969
84,16037856,589990
84,16451899,590018
84,16814703,590044
84,17202668,590066
84,17576896,590091
84,17931573,590116
84,18285606,590141
84,18638297,590168
84,19015372,590192
84,19368619,590224
84,19763006,590251
84,20160015,590283
84,20534890,590313
84,20890998,590343
84,21263141,590372
84,21617828,590404
84,21996558,590438
84,22389448,590470
84,22742499,590506
84,23143615,590540
84,23537421,590576
84,23914016,590608
84,24287048,590638
84,24641417,590675
84,25038994,590705
84,25410933,590735
84,25764310,590770
84,26164955,590799
84,26554720,590832
84,26956227,590864
84,27349633,590896
84,27763955,590927
84,28161061,590953
84,28534112,590979
84,28891216,591008
84,29285947,591031
84,29658659,591055
84,30017323,591082
84,30409652,591103
84,30794397,591131
84,31182761,591152
84,31554509,591172
84,31912467,591194
84,32262643,591216
84,32628228,591236
84,33018969,591255
84,33388836,591276
84,33742125,591297
84,34141128,591312
84,34513940,591329
84,34870432,591348
84,35264318,591363
84,35638602,591378
84,35995479,591394
84,36378907,591410
84,36765657,591422
84,37164662,591437
84,37557717,591451
84,37932551,591463
84,38307707,591475
84,38660776,591486
84,39016479,591496
84,39391044,591503
84,39741792,591515
84,40160680,591524
84,40513906,591530
84,40868097,591537
84,41242122,591546
84,41617100,591551
84,41994837,591556
84,42367036,591566
84,42741131,591569
84,43118110,591572
84,43492190,591578
84,43891663,591581
84,44284112,591583
84,44659208,591586
84,45014340,591590
84,45366664,591589
84,45741992,591589
84,46138585,591591
84,46492069,591591
84,46869073,591592
84,47265829,591592
84,47619169,591593
84,47995893,591593
84,48387983,591593
84,48764130,591593
84,49160445,591593
84,49512869,591594
84,49871638,591594
84,50264065,591593
84,50637788,591591
84,50993985,591592
84,51367770,591592
84,51761640,591592
84,52160815,591592
84,52555329,591593
84,52911845,591591
84,53304937,591592
84,53657739,591592
84,54015233,591591
84,54366573,591591
84,54740733,591591
84,55142634,591590
84,55514375,591590
84,55869817,591589
84,56253133,591589
84,56618263,591588
84,57004804,591588
84,57393348,591588
84,57762492,591589
84,58159825,591587
84,58535764,591587
84,58891599,591587
84,59244304,591586
84,59618600,591586
84,60026031,591586
84,60435119,591586
84,60829315,591585
84,61179799,591584
84,61555535,591584
84,61913230,591583
84,62306196,591582
84,62678643,591582
84,63036034,591582
84,63388466,591581
84,63742824,591581
84,64118287,591581
84,64514093,591581
84,64867911,591580
84,65241445,591579
84,65637985,591579
84,66082629,591578
84,66542730,591577
84,66932367,591577
84,67341961,591576
84,67720092,591575
84,68137070,591575
84,68544553,591576
84,68946453,591574
84,69337582,591574
84,69712704,591574
84,70107450,591574
84,70519773,591572
84,70921206,591572
84,71289398,591572
84,71684069,591572
84,72065482,591571
84,72455715,591571
84,72864402,591571
84,73246644,591570
84,73641035,591570
84,74041905,591570
84,74414370,591569
84,74820319,591569
84,75186682,591568
84,75579484,591568
84,75981621,591568
84,76351139,591567
84,76766403,591567
84,77168569,591567
84,77580860,591567
84,77979462,591566
84,78395403,591566
84,78768529,591566
84,79167601,591566
84,79560014,591566
84,79959807,591565
84,80336653,591564
84,80703151,591564
84,81126230,591564
84,81524369,591564
84,81938321,591564
84,82329383,591564
84,82704768,591564
84,83108311,591564
84,83475543,591563
84,83872163,591563
84,84266121,591563
84,84664721,591563
84,85071881,591562
84,85457925,591563
84,85844815,591563
84,86245858,591563
84,86642599,591563
84,87059158,591562
84,87454537,591562
84,87851799,591562
84,88251031,591562
84,88623500,591562
84,89002481,591562
84,89415273,591562
84,89822138,591562
84,90186299,591562
84,90579579,591562
84,90983651,591562
84,91349880,591562
84,91767796,591561
84,92166727,591561
85,717332,591562
85,1079772,591562
85,1472471,591562
85,1863986,591563
85,2250118,591564
85,2619471,591566
85,3015454,591568
85,3410115,591570
85,3804195,591573
85,4182772,591574
85,4553325,591579
85,4950796,591583
85,5325238,591587
85,5742031,591592
85,6145880,591599
85,6520349,591605
85,6889482,591613
85,7262892,591620
85,7664170,591631
85,8056195,591640
85,8450202,591652
85,8857169,591663
85,9221607,591677
85,9616454,591688
85,10016427,591704
85,10411150,591717
85,10804330,591733
85,11220914,591750
85,11615668,591766
85,12014249,591781
85,12402440,591801
85,12804562,591820
85,13220662,591840
85,13617070,591863
85,14013863,591880
85,14390610,591902
85,14803305,591924
85,15200175,591949
85,15614586,591970
85,15972523,591996
85,16365361,592018
85,16741456,592044
85,17143348,592068
85,17517988,592096
85,17934576,592123
85,18327817,592154
85,18742016,592184
85,19140828,592211
85,19514949,592240
85,19915691,592272
85,20285052,592303
85,20679619,592337
85,21078068,592366
85,21450856,592401
85,21860114,592429
85,22223633,592465
85,22616478,592497
85,22993803,592534
85,23388143,592566
85,23760794,592600
85,24159405,592637
85,24573052,592674
85,24970533,592703
85,25344292,592738
85,25740495,592769
85,26119134,592801
85,26513160,592829
85,26894546,592861
85,27260668,592888
85,27639703,592915
85,28039031,592945
85,28430579,592977
85,28824284,593004
85,29221872,593029
85,29616564,593056
85,30015607,593084
85,30386029,593107
85,30762136,593130
85,31145544,593156
85,31533474,593179
85,31929172,593200
85,32323799,593224
85,32721210,593245
85,33116738,593264
85,33490789,593286
85,33876707,593303
85,34241553,593320
85,34617167,593339
85,35134038,593362
85,35672289,593385
85,36192436,593404
85,36709956,593423
85,37211728,593442
85,37731899,593459
85,38253887,593474
85,38720719,593488
85,39103661,593498
85,39564337,593511
85,40086664,593523
85,40531111,593532
85,41044404,593544
85,41563082,593553
85,42065372,593561
85,42566114,593570
85,43034309,593574
85,43432312,593578
85,43938301,593584
85,44363253,593586
85,44883270,593590
85,45393579,593591
85,45861968,593591
85,46353845,593595
85,46799279,593595
85,47206397,593594
85,47572970,593595
85,47971052,593596
85,48382386,593595
85,48735086,593595
85,49091716,593596
85,49443158,593596
85,49817040,593596
85,50224721,593596
85,50611895,593596
85,50991466,593596
85,51385693,593595
85,51759949,593595
85,52115256,593595
85,52467554,593595
85,52820603,593593
85,53220324,593593
85,53609817,593594
85,53965839,593593
85,54322275,593593
85,54672731,593593
85,55052458,593593
85,55447462,593592
85,55801226,593592
85,56199799,593592
85,56568837,593590
85,56925870,593590
85,57298175,593590
85,57692982,593590
85,58051172,593589
85,58422916,593589
85,58818500,593589
85,59235784,593589
85,59610861,593587
85,59987073,593587
85,60339294,593587
85,60716287,593586
85,61074946,593586
85,61465213,593586
85,61849464,593585
85,62236136,593585
85,62609538,593585
85,62966892,593585
85,63317805,593583
85,63683976,593583
85,64076327,593583
85,64468771,593583
85,64883656,593581
85,65260256,593581
85,65633768,593581
85,65991327,593581
85,66383470,593580
85,66757726,593580
85,67114684,593580
85,67465722,593580
85,67848235,593579
85,68237387,593578
85,68608529,593578
85,68978708,593577
85,69363338,593577
85,69734074,593577
85,70091911,593577
85,70441361,593576
85,70795068,593576
85,71194302,593576
85,71566155,593574
85,71937861,593574
85,72323047,593573
85,72693775,593573
85,73049785,593573
85,73423643,593573
85,73819639,593573
85,74220576,593573
85,74608461,593572
85,74986812,593572
85,75359050,593572
85,75716304,593572
85,76071523,593571
85,76424711,593571
85,76795982,593570
85,77193585,593570
85,77546368,593570
85,77924797,593569
85,78297110,593569
85,78671256,593569
85,79050294,593569
85,79421741,593569
85,79816907,593568
85,80214724,593568
85,80567251,593568
85,80951826,593568
85,81339406,593568
85,81714817,593568
85,82070360,593568
85,82422448,593567
85,82797291,593567
85,83198587,593567
85,83547567,593567
85,83927579,593567
85,84318144,593567
85,84672161,593567
85,85052835,593567
85,85447406,593567
85,85801801,593567
85,86219520,593567
85,86611496,593567
85,86968929,593567
85,87342209,593567
85,87707211,593567
85,88117340,593567
85,88509058,593567
85,88872532,593567
85,89240543,593567
85,89634538,593567
85,89992828,593567
85,90364970,593567
85,90717777,593566
85,91077711,593566
85,91446239,593566
85,91798423,593566
85,92199054,593566
85,92570556,593566
85,92937746,593566
85,93323455,593566
85,93695975,593566
85,94050936,593566
85,94424868,593566
85,94820151,593566
85,95221625,593566
85,95614446,593566
85,95990790,593565
85,96365069,593565
85,96718963,593566
85,97117168,593565
85,97488558,593566
85,97852679,593566
85,98240999,593566
85,98614933,593565
85,98969727,593565
85,99362429,593565
85,99715185,593565
85,100094471,593565
85,100488236,593565
85,100874451,593566
85,101260138,593565
85,101634460,593564
85,101990459,593565
85,102384345,593565
85,102737694,593565
85,103114824,593564
85,103508466,593565
85,103871477,593564
85,104237878,593564
85,104611283,593564
85,104969869,593564
85,105362240,593564
85,105728494,593564
85,106099734,593564
85,106490831,593563
86,741729,593563
86,1118181,593563
86,1491872,593564
86,1891272,593565
86,2309100,593566
86,2727953,593567
86,3118911,593570
86,3512707,593570
86,3921820,593574
86,4309918,593576
86,4704094,593579
86,5080684,593584
86,5474144,593589
86,5869709,593592
86,6242726,593599
86,6618571,593606
86,7012696,593610
86,7366593,593620
86,7742834,593630
86,8139292,593640
86,8511465,593650
86,8916058,593663
86,9307625,593674
86,9683309,593688
86,10079126,593700
86,10452305,593717
86,10864288,593732
86,11244063,593746
86,11620849,593764
86,12016431,593779
86,12389201,593795
86,12765617,593816
86,13160866,593834
86,13587469,593855
86,13976820,593875
86,14368252,593895
86,14743505,593915
86,15116778,593938
86,15512826,593963
86,15931646,593984
86,16305489,594011
86,16682748,594033
86,17055568,594058
86,17419976,594083
86,17836573,594114
86,18237211,594138
86,18601671,594168
86,18993688,594196
86,19369102,594227
86,19768147,594258
86,20158857,594288
86,20545051,594320
86,20929775,594349
86,21306922,594379
86,21662783,594415
86,22055954,594444
86,22431282,594477
86,22810171,594514
86,23202467,594546
86,23563295,594582
86,23971317,594614
86,24326922,594648
86,24729641,594685
86,25139486,594715
86,25510451,594750
86,25913065,594783
86,26304131,594811
86,26661152,594840
86,27011646,594868
86,27385130,594896
86,27765798,594926
86,28158558,594953
86,28533690,594980
86,28889535,595005
86,29239599,595031
86,29637090,595059
86,30011232,595082
86,30366394,595105
86,30748815,595130
86,31138464,595153
86,31490167,595176
86,31911314,595201
86,32327261,595221
86,32681961,595242
86,33056710,595260
86,33427422,595280
86,33807291,595297
86,34157270,595314
86,34510534,595333
86,34909963,595350
86,35293215,595367
86,35686883,595383
86,36057364,595398
86,36449997,595413
86,36829029,595428
86,37222843,595440
86,37585910,595453
86,37952214,595464
86,38303979,595475
86,38660955,595484
86,39012003,595496
86,39366299,595506
86,39742795,595516
86,40135876,595525
86,40510146,595534
86,40907191,595542
86,41259253,595547
86,41619994,595556
86,42014509,595560
86,42386235,595565
86,42765844,595570
86,43158080,595577
86,43511401,595579
86,43909625,595583
86,44280964,595587
86,44659021,595587
86,45009693,595590
86,45364280,595591
86,45742347,595592
86,46114427,595594
86,46488030,595595
86,46893287,595596
86,47264612,595596
86,47618650,595596
86,47991487,595597
86,48388333,595598
86,48746131,595598
86,49138698,595598
86,49509973,595598
86,49911159,595598
86,50281349,595597
86,50638538,595597
86,50989998,595597
86,51363740,595597
86,51761822,595596
86,52124025,595596
86,52510896,595596
86,52914301,595595
86,53302548,595596
86,53663229,595596
86,54057302,595595
86,54429590,595595
86,54785617,595595
86,55139012,595594
86,55491387,595593
86,55867935,595593
86,56261092,595593
86,56616306,595593
86,56991596,595592
86,57370390,595592
86,57744845,595591
86,58118171,595591
86,58491794,595590
86,58874654,595590
86,59240799,595590
86,59617642,595589
86,60011803,595589
86,60364294,595589
86,60742123,595588
86,61115186,595588
86,61488932,595587
86,61908605,595587
86,62302581,595587
86,62659055,595587
86,63030640,595587
86,63462865,595587
86,64043372,595585
86,64606307,595585
86,65018291,595585
86,65410857,595583
86,65813898,595582
86,66222702,595582
86,66610433,595583
86,66977940,595582
86,67312424,595581
86,67663415,595581
86,68016235,595581
86,68348109,595580
86,68708228,595580
86,69059307,595580
86,69411281,595579
86,69767079,595579
86,70120855,595578
86,70473398,595578
86,70814379,595577
86,71162490,595577
86,71514893,595577
86,71875762,595577
86,72228128,595577
86,72589614,595576
86,72962504,595576
86,73322112,595576
86,73677734,595575
86,74026694,595575
86,74401392,595575
86,74756875,595575
86,75110759,595575
86,75483488,595574
86,75867083,595574
86,76258327,595574
86,76641068,595573
86,77012201,595573
86,77367215,595573
86,77743045,595573
86,78115283,595572
86,78490421,595572
86,78908451,595572
86,79261784,595571
86,79618674,595571
86,79990261,595571
86,80386901,595571
86,80743525,595571
86,81114758,595570
86,81511984,595571
86,81910553,595571
86,82304693,595570
86,82714363,595570
86,83111467,595570
86,83492936,595568
86,83867705,595568
86,84240292,595569
86,84639976,595569
86,85055452,595569
86,85408263,595569
86,85765760,595569
86,86158112,595569
86,86512808,595569
86,86910669,595569
86,87284603,595569
86,87661636,595569
86,88054322,595569
86,88430187,595568
86,88785485,595568
86,89138521,595568
86,89491736,595568
86,89913569,595568
86,90326429,595568
86,90684114,595568
86,91075307,595568
86,91429896,595568
86,91806105,595568
86,92158784,595568
86,92512057,595568
86,92888793,595567
86,93243066,595567
86,93618159,595567
86,94013569,595567
86,94367709,595567
86,94742997,595567
86,95118131,595567
86,95490076,595567
86,95888390,595567
86,96263507,595567
86,96619253,595566
86,97033221,595566
86,97387522,595567
86,97744685,595567
86,98157426,595566
87,766381,595567
87,1128156,595567
87,1501955,595567
87,1882399,595568
87,2272372,595569
87,2669856,595570
87,3041939,595572
87,3459017,595575
87,3856642,595577
87,4229479,595579
87,4632250,595584
87,5025988,595587
87,5413055,595591
87,5795988,595596
87,6163991,595602
87,6537097,595609
87,6935635,595617
87,7329249,595625
87,7710287,595635
87,8099520,595643
87,8475704,595654
87,8833067,595667
87,9235561,595676
87,9610686,595690
87,9997784,595702
87,10371783,595716
87,10734709,595729
87,11125701,595744
87,11503972,595761
87,11882321,595776
87,12271802,595791
87,12667830,595813
87,13081677,595829
87,13435534,595847
87,13794800,595868
87,14188582,595889
87,14558635,595911
87,14978611,595933
87,15371675,595955
87,15753083,595978
87,16147595,596002
87,16537841,596026
87,16940226,596053
87,17329558,596075
87,17688614,596105
87,18080192,596129
87,18433878,596155
87,18791464,596181
87,19183817,596210
87,19537173,596239
87,19912664,596268
87,20287682,596295
87,20662975,596328
87,21057778,596357
87,21412447,596388
87,21795025,596423
87,22186989,596458
87,22589952,596490
87,22977122,596528
87,23371627,596558
87,23730252,596594
87,24122865,596626
87,24476986,596658
87,24854931,596693
87,25256097,596723
87,25642383,596757
87,26040808,596791
87,26433302,596821
87,26790044,596848
87,27162191,596881
87,27557502,596908
87,27943413,596939
87,28313438,596964
87,28690266,596989
87,29059781,597016
87,29413045,597040
87,29812667,597066
87,30186585,597094
87,30590267,597121
87,30977318,597141
87,31329801,597164
87,31705561,597186
87,32080453,597207
87,32433869,597226
87,32796943,597250
87,33208511,597271
87,33627114,597291
87,34030633,597309
87,34418778,597330
87,34792260,597346
87,35187195,597362
87,35557982,597380
87,35958426,597393
87,36330367,597408
87,36691619,597424
87,37082150,597437
87,37453631,597449
87,37814656,597464
87,38208206,597474
87,38588776,597487
87,38975794,597498
87,39351439,597507
87,39708617,597517
87,40101148,597527
87,40476186,597535
87,40832966,597543
87,41226484,597550
87,41609964,597558
87,41995841,597563
87,42372728,597569
87,42727767,597574
87,43124596,597582
87,43499773,597582
87,43897795,597588
87,44286646,597590
87,44664291,597592
87,45035681,597593
87,45434039,597596
87,45788882,597596
87,46160470,597596
87,46557526,597597
87,46974523,597598
87,47328076,597599
87,47686367,597600
87,48078346,597601
87,48452876,597601
87,48813077,597601
87,49215655,597601
87,49590300,597601
87,49976117,597601
87,50349122,597601
87,50706352,597601
87,51057307,597601
87,51411014,597600
87,51789587,597600
87,52182101,597600
87,52535260,597600
87,52943917,597600
87,53348796,597599
87,53729457,597599
87,54131097,597599
87,54506117,597599
87,54886881,597598
87,55258381,597598
87,55633388,597598
87,56026892,597598
87,56434773,597597
87,56792171,597597
87,57164319,597597
87,57587284,597596
87,57981064,597596
87,58372664,597596
87,58761456,597595
87,59129632,597593
87,59527167,597594
87,59917062,597594
87,60291254,597593
87,60688837,597593
87,61081961,597593
87,61476665,597591
87,61836169,597591
87,62229830,597591
87,62632710,597590
87,62999154,597590
87,63393255,597590
87,63754848,597589
87,64121670,597589
87,64477879,597589
87,64873330,597589
87,65252852,597588
87,65673440,597588
87,66060066,597587
87,66435768,597587
87,66835073,597587
87,67204774,597586
87,67561695,597585
87,67964491,597585
87,68358022,597585
87,68734883,597584
87,69146439,597584
87,69541511,597584
87,69918268,597582
87,70310689,597582
87,70691785,597581
87,71083607,597581
87,71456418,597581
87,71815980,597581
87,72207922,597580
87,72591517,597580
87,72980390,597580
87,73393772,597579
87,73803468,597579
87,74172006,597578
87,74560836,597577
87,74937423,597577
87,75329762,597576
87,75688812,597576
87,76061048,597576
87,76455666,597576
87,76816447,597575
87,77186748,597575
87,77601466,597575
87,78002592,597575
87,78397832,597573
87,78819602,597574
87,79213843,597574
87,79593824,597573
87,79960895,597572
87,80352290,597573
87,80775670,597572
87,81169460,597572
87,81539778,597572
87,81940343,597572
87,82342281,597571
87,82710876,597571
87,83103640,597571
87,83476450,597571
87,83857576,597571
87,84229531,597571
87,84616994,597570
87,84999910,597570
87,85373252,597570
87,85770905,597570
87,86185198,597570
87,86560864,597570
87,86958196,597569
87,87373748,597569
87,87733731,597570
87,88123415,597570
87,88502806,597570
87,88901460,597570
87,89310428,597570
87,89715774,597569
87,90108621,597569
87,90483452,597569
87,90879976,597569
87,91256514,597569
87,91633209,597569
87,92023269,597569
87,92439861,597569
87,92839157,597569
87,93210893,597569
87,93633280,597569
87,94028258,597569
87,94394239,597568
87,94796546,597568
88,725647,597569
88,1111605,597569
88,1482539,597569
88,1876501,597569
88,2267279,597570
88,2654020,597573
88,3047858,597574
88,3441443,597576
88,3834705,597579
88,4198082,597581
88,4590735,597583
88,4971737,597588
88,5360183,597592
88,5752289,597596
88,6133866,597603
88,6531831,597610
88,6918052,597617
88,7318358,597627
88,7731787,597637
88,8133719,597646
88,8528947,597657
88,8917691,597671
88,9315505,597682
88,9710072,597696
88,10091024,597709
88,10483278,597723
88,10878783,597738
88,11259391,597752
88,11632955,597770
88,12008738,597785
88,12392034,597800
88,12753935,597820
88,13148899,597839
88,13564896,597861
88,13980393,597882
88,14385157,597904
88,14823575,597926
88,15216299,597951
88,15588969,597971
88,15976880,597992
88,16342407,598018
88,16715404,598040
88,17091718,598066
88,17485048,598092
88,17880732,598122
88,18282265,598149
88,18670998,598178
88,19046200,598206
88,19439255,598233
88,19815017,598266
88,20212997,598298
88,20605450,598327
88,20973388,598356
88,21338560,598387
88,21730574,598422
88,22088350,598454
88,22459052,598486
88,22834937,598519
88,23192337,598555
88,23585127,598586
88,23975236,598624
88,24359803,598656
88,24750875,598688
88,25131127,598723
88,25544151,598756
88,25941104,598786
88,26317686,598821
88,26708561,598846
88,27099259,598881
88,27483238,598912
88,27876104,598940
88,28255559,598970
88,28652897,598999
88,29068239,599023
88,29461580,599050
88,29855144,599077
88,30214047,599103
88,30610489,599128
88,31011203,599152
88,31386891,599173
88,31752096,599196
88,32156113,599219
88,32545250,599240
88,32918376,599259
88,33316024,599279
88,33689502,599299
88,34086425,599317
88,34480430,599334
88,34857314,599355
88,35275698,599372
88,35667255,599388
88,36055674,599404
88,36443105,599417
88,36837016,599433
88,37228434,599446
88,37634168,599461
88,38034257,599473
88,38402755,599485
88,38796949,599496
88,39175177,599508
88,39568865,599517
88,39973272,599528
88,40338056,599537
88,40751423,599544
88,41113563,599551
88,41523427,599560
88,41917532,599566
88,42336964,599572
88,42730212,599578
88,43112670,599583
88,43503794,599587
88,43879955,599590
88,44275961,599593
88,44712349,599597
88,45107462,599598
88,45502435,599598
88,45901333,599601
88,46294865,599601
88,46687698,599601
88,47063237,599603
88,47465118,599603
88,47858959,599603
88,48257595,599603
88,48652047,599604
88,49047756,599604
88,49440554,599604
88,49813107,599602
88,50174029,599604
88,50569322,599602
88,50940626,599602
88,51359984,599603
88,51763027,599602
88,52139823,599601
88,52510987,599601
88,52875345,599602
88,53234962,599601
88,53606284,599601
88,54010557,599601
88,54403837,599600
88,54793372,599600
88,55171657,599600
88,55542847,599600
88,55917887,599600
88,56293641,599598
88,56667175,599598
88,57043859,599598
88,57437381,599598
88,57793195,599598
88,58196475,599598
88,58569980,599597
88,58976268,599596
88,59342080,599596
88,59733896,599596
88,60113042,599596
88,60503380,599596
88,60880347,599596
88,61284596,599595
88,61663363,599595
88,62050860,599595
88,62461624,599595
88,62855770,599594
88,63238497,599594
88,63628281,599594
88,64009511,599592
88,64400165,599593
88,64792911,599592
88,65172413,599592
88,65585842,599592
88,65991772,599591
88,66357394,599591
88,66838086,599590
88,67376231,599590
88,67944398,599590
88,68519581,599588
88,69004974,599588
88,69404851,599588
88,69761743,599588
88,70215945,599586
88,70668486,599587
88,71109738,599585
88,71482176,599584
88,71866928,599585
88,72241151,599584
88,72610575,599584
88,72940541,599584
88,73295277,599584
88,73649424,599583
88,74008787,599583
88,74361865,599583
88,74708856,599581
88,75072160,599581
88,75444406,599582
88,75852229,599581
88,76403412,599579
88,76942974,599581
88,77446048,599579
88,77874812,599579
88,78273749,599581
88,78616662,599578
88,78977198,599578
88,79340343,599578
88,79693345,599578
88,80051375,599578
88,80400436,599578
88,80758842,599578
88,81118540,599578
88,81529822,599577
88,81901680,599576
88,82266740,599576
88,82613794,599576
88,82977778,599575
88,83349967,599576
88,83703638,599576
88,84067048,599575
88,84452862,599575
88,84827843,599576
88,85188978,599576
88,85577391,599574
88,85962989,599575
88,86350559,599574
88,86703752,599573
88,87106741,599573
88,87503407,599573
88,87896276,599573
88,88257910,599572
88,88632209,599573
88,89044310,599573
88,89441629,599572
88,89835357,599572
88,90212382,599572
88,90605991,599572
88,91001331,599571
88,91384276,599571
88,91771801,599571
88,92171618,599571
88,92564685,599571
88,92976308,599571
88,93358966,599571
88,93752916,599571
88,94156045,599571
88,94523726,599571
89,711522,599571
89,1097349,599571
89,1493332,599571
89,1894410,599572
89,2263148,599573
89,2671798,599574
89,3035727,599576
89,3431883,599579
89,3832817,599581
89,4200811,599583
89,4618294,599589
89,5016142,599590
89,5388264,599595
89,5801380,599600
89,6162265,599607
89,6555860,599612
89,6962367,599620
89,7330056,599630
89,7747250,599639
89,8139732,599648
89,8535350,599661
89,8912060,599672
89,9303640,599682
89,9671892,599695
89,10035138,599708
89,10430070,599721
89,10811894,599738
89,11247776,599757
89,11650400,599772
89,12035691,599791
89,12429510,599809
89,12808554,599827
89,13244100,599846
89,13618309,599867
89,13996011,599886
89,14387485,599905
89,14746509,599927
89,15140154,599950
89,15534248,599970
89,15891030,599995
89,16284907,600023
89,16716159,600048
89,17097441,600071
89,17481576,600101
89,17873374,600129
89,18265056,600154
89,18650795,600180
89,19014446,600211
89,19387379,600237
89,19765202,600269
89,20159896,600298
89,20533713,600327
89,20891620,600356
89,21265404,600391
89,21669504,600425
89,22057175,600456
89,22435354,600493
89,22848249,600530
89,23248032,600565
89,23650976,600599
89,24017006,600637
89,24410034,600668
89,24787328,600701
89,25179816,600732
89,25536640,600762
89,25916333,600794
89,26306256,600823
89,26702453,600862
89,27142725,600892
89,27556792,600924
89,27951156,600956
89,28346191,600982
89,28749966,601011
89,29138949,601040
89,29556350,601066
89,29957988,601091
89,30325229,601115
89,30741611,601141
89,31140526,601166
89,31534590,601186
89,31911605,601211
89,32305698,601231
89,32693426,601253
89,33075949,601274
89,33491874,601296
89,33896416,601313
89,34265582,601334
89,34672305,601350
89,35037735,601368
89,35430885,601386
89,35828559,601402
89,36242074,601417
89,36617023,601431
89,37037637,601447
89,37429933,601457
89,37788460,601470
89,38182226,601483
89,38558089,601492
89,38953406,601505
89,39367968,601517
89,39749764,601525
89,40140424,601536
89,40534114,601543
89,40913969,601552
89,41309666,601558
89,41687702,601565
89,42057269,601571
89,42447059,601576
89,42874501,601582
89,43268570,601586
89,43670634,601591
89,44035377,601595
89,44430833,601596
89,44812923,601598
89,45179550,601599
89,45580880,601601
89,45975567,601601
89,46348160,601602
89,46745366,601603
89,47137739,601603
89,47515136,601604
89,47910370,601605
89,48284399,601605
89,48689135,601605
89,49059404,601605
89,49453173,601606
89,49826320,601606
89,50221127,601605
89,50595395,601605
89,50999643,601604
89,51390489,601604
89,51768176,601604
89,52160175,601604
89,52534900,601604
89,52933737,601604
89,53308591,601604
89,53710023,601604
89,54084802,601603
89,54617192,601602
89,55231040,601601
89,55777018,601601
89,56301527,601601
89,56840401,601600
89,57337948,601600
89,57841330,601600
89,58354621,601599
89,58832776,601599
89,59334340,601598
89,59834665,601598
89,60244953,601598
89,60637457,601597
89,61125536,601597
89,61554472,601596
89,62052336,601596
89,62569751,601596
89,63063713,601595
89,63513869,601595
89,63982934,601595
89,64431607,601594
89,64840842,601594
89,65223803,601593
89,65593610,601593
89,65993085,601593
89,66362915,601592
89,66729554,601592
89,67125384,601591
89,67493371,601591
89,67890221,601590
89,68266598,601590
89,68669732,601590
89,69076284,601589
89,69471561,601589
89,69845560,601589
89,70229733,601589
89,70598329,601587
89,70969506,601587
89,71344837,601587
89,71741217,601587
89,72093458,601587
89,72468856,601586
89,72848970,601586
89,73221104,601586
89,73618741,601585
89,73991923,601585
89,74345692,601585
89,74723478,601583
89,75158136,601583
89,75565377,601584
89,76035686,601583
89,76487635,601583
89,76869010,601583
89,77258061,601583
89,77644422,601583
89,78023238,601583
89,78375308,601582
89,78730854,601582
89,79100910,601582
89,79454061,601582
89,79840659,601581
89,80215874,601581
89,80595704,601580
89,80981240,601580
89,81329406,601579
89,81675918,601580
89,82063148,601579
89,82424165,601579
89,82773108,601579
89,83131917,601579
89,83504861,601579
89,83865579,601578
89,84237704,601578
89,84588620,601578
89,84986478,601577
89,85343685,601577
89,85711801,601576
89,86117077,601576
89,86491599,601576
89,86852468,601576
89,87244816,601576
89,87651591,601576
89,88014973,601576
89,88389222,601576
89,88788761,601576
89,89179544,601576
89,89560327,601575
89,89956323,601575
89,90367585,601575
89,90764990,601575
89,91136909,601575
89,91495902,601575
89,91870052,601574
89,92265263,601574
89,92671899,601574
89,93041292,601574
89,93443632,601574
89,93810468,601574
89,94201786,601574
89,94617143,601574
89,95037483,601574
89,95430623,601574
89,95813288,601574
89,96275696,601574
89,96821077,601574
89,97524794,601573
90,841864,601573
90,1217931,601573
90,1575066,601573
90,1942753,601574
90,2319590,601575
90,2670176,601575
90,3022403,601577
90,3415515,601578
90,3793431,601580
90,4146094,601583
90,4495489,601584
90,4849442,601589
90,5206647,601591
90,5532612,601595
90,5864049,601598
90,6183875,601604
90,6535018,601609
90,6846776,601614
90,7161991,601621
90,7530026,601629
90,7872034,601638
90,8233905,601645
90,8603462,601656
90,8989429,601671
90,9373250,601680
90,9734144,601692
90,10091797,601706
90,10447452,601718
90,10834581,601731
90,11177466,601745
90,11527999,601759
90,11858201,601771
90,12200130,601787
90,12548527,601802
90,12906037,601820
90,13258908,601837
90,13629473,601855
90,13982491,601876
90,14346602,601894
90,14827761,601926
90,15456547,601961
90,16049873,601997
90,16531997,602025
90,17010710,602057
90,17508091,602089
90,17895046,602112
90,18312764,602147
90,18748356,602177
90,19187628,602211
90,19582589,602239
90,19997695,602275
90,20454767,602311
90,20898711,602348
90,21336960,602382
90,21804776,602421
90,22269512,602466
90,22772441,602507
90,23262968,602558
90,23858446,602607
90,24403932,602653
90,24900126,602699
90,25382341,602740
90,25857564,602777
90,26313743,602815
90,26684791,602845
90,27129681,602878
90,27521547,602909
90,27982015,602947
90,28447712,602977
90,28841054,603003
90,29281605,603039
90,29734776,603067
90,30202668,603099
90,30598967,603124
90,31001390,603149
90,31478382,603181
90,32080760,603214
90,32613960,603242
90,33109344,603270
90,33625174,603296
90,34067396,603316
90,34548939,603341
90,34960162,603358
90,35452900,603380
90,35898434,603398
90,36281336,603414
90,36668607,603428
90,37052428,603444
90,37437019,603455
90,37811114,603468
90,38166925,603483
90,38559898,603491
90,38934324,603503
90,39295730,603514
90,39703776,603522
90,40070924,603533
90,40461597,603543
90,40854421,603550
90,41249936,603559
90,41643089,603565
90,41999018,603570
90,42415379,603577
90,42769324,603583
90,43143864,603588
90,43498090,603592
90,43894589,603596
90,44249726,603597
90,44642350,603599
90,45015673,603602
90,45437431,603604
90,45848566,603604
90,46214349,603605
90,46599538,603606
90,46951634,603607
90,47333521,603607
90,47729095,603608
90,48143449,603608
90,48507661,603608
90,48915723,603608
90,49311175,603608
90,49660503,603608
90,50045593,603608
90,50433314,603608
90,50806419,603608
90,51170181,603608
90,51561300,603607
90,51934828,603607
90,52290703,603607
90,52644350,603607
90,53018140,603606
90,53413991,603606
90,53788951,603605
90,54144958,603605
90,54539775,603605
90,54891542,603605
90,55247990,603605
90,55621569,603604
90,56000053,603604
90,56395299,603604
90,56790783,603604
90,57183019,603604
90,57560118,603604
90,57914577,603602
90,58268521,603602
90,58641726,603602
90,58995840,603602
90,59418045,603602
90,59810841,603601
90,60163848,603600
90,60541034,603599
90,60935338,603600
90,61309913,603599
90,61662165,603599
90,62017336,603599
90,62396968,603598
90,62789024,603598
90,63147023,603598
90,63569611,603598
90,63974738,603596
90,64340260,603596
90,64730051,603596
90,65144581,603595
90,65499103,603595
90,65872412,603595
90,66270969,603594
90,66664031,603594
90,67049535,603594
90,67435732,603593
90,67786567,603592
90,68167162,603592
90,68563752,603592
90,68962077,603591
90,69357742,603591
90,69757393,603590
90,70128155,603589
90,70512462,603591
90,70864294,603589
90,71259241,603588
90,71629794,603588
90,71985321,603588
90,72368829,603587
90,72751155,603587
90,73106653,603587
90,73463856,603587
90,73815925,603587
90,74149948,603586
90,74481527,603585
90,74817090,603585
90,75147333,603585
90,75527647,603585
90,75877954,603585
90,76241618,603585
90,76616366,603583
90,77011066,603582
90,77387287,603583
90,77759908,603582
90,78137392,603583
90,78512102,603582
90,78863794,603582
90,79271052,603582
90,79645042,603581
90,80049187,603581
90,80435741,603581
90,80809174,603581
90,81164374,603581
90,81516572,603580
90,81871758,603580
90,82248877,603580
90,82641482,603580
90,83018341,603580
90,83426559,603579
90,83845162,603579
90,84210044,603580
90,84587455,603580
90,84961659,603580
90,85353773,603580
90,85747353,603579
90,86143659,603579
90,86497174,603579
90,86871730,603578
90,87249373,603578
90,87642130,603578
90,88017230,603578
90,88393412,603578
90,88743885,603578
90,89124154,603578
90,89517711,603578
90,89868567,603578
90,90249653,603578
90,90644164,603578
90,90994182,603578
90,91392668,603578
90,91765031,603578
90,92122148,603578
90,92496809,603578
90,92891318,603578
90,93246471,603578
90,93618925,603578
90,94015248,603577
90,94418864,603577
90,94789451,603577
90,95146453,603577
90,95538533,603577
90,95913103,603577
90,96281398,603577
90,96643859,603576
90,96996141,603576
90,97396227,603576
90,97768275,603576
90,98124803,603576
90,98520370,603576
90,98893314,603576
90,99248264,603576
90,99621135,603577
90,99995030,603577
90,100372283,603576
90,100747403,603576
90,101144350,603576
90,101496703,603576
90,101871844,603576
90,102247226,603576
90,102621050,603576
90,102995859,603576
90,103392811,603576
90,103746603,603576
90,104122000,603576
90,104516566,603575
90,104870842,603575
90,105248188,603575
90,105642143,603575
91,755574,603574
91,1151521,603574
91,1525094,603576
91,1879569,603576
91,2232912,603576
91,2586926,603577
91,2965967,603578
91,3336489,603580
91,3714656,603582
91,4107764,603586
91,4481105,603587
91,4838185,603589
91,5210831,603593
91,5564779,603599
91,6037155,603604
91,6427348,603611
91,6840599,603618
91,7233229,603628
91,7619767,603635
91,8007967,603644
91,8377988,603655
91,8734592,603666
91,9129562,603676
91,9503738,603688
91,9858668,603702
91,10211080,603712
91,10585854,603728
91,10988969,603742
91,11380596,603758
91,11756981,603776
91,12150209,603792
91,12524254,603808
91,12880337,603828
91,13276717,603845
91,13659495,603863
91,14023860,603884
91,14378156,603901
91,14744705,603924
91,15131885,603947
91,15502225,603967
91,15865288,603992
91,16257666,604015
91,16640485,604041
91,17029035,604061
91,17406430,604092
91,17781739,604113
91,18153663,604139
91,18528387,604169
91,18920740,604197
91,19273880,604224
91,19658749,604254
91,20029888,604284
91,20403551,604312
91,20779673,604345
91,21152794,604375
91,21527578,604406
91,21900879,604441
91,22277971,604471
91,22673468,604511
91,23067321,604542
91,23442197,604579
91,23839775,604614
91,24233061,604646
91,24631752,604681
91,25028131,604716
91,25421936,604752
91,25817646,604781
91,26210436,604809
91,26566849,604843
91,26944937,604871
91,27315353,604897
91,27694818,604929
91,28088564,604961
91,28481561,604985
91,28842141,605011
91,29232893,605038
91,29585663,605064
91,29985669,605092
91,30378421,605116
91,30754715,605138
91,31107758,605159
91,31460137,605181
91,31837233,605201
91,32191370,605222
91,32584656,605245
91,32988223,605267
91,33359131,605284
91,33714575,605302
91,34109264,605325
91,34483054,605339
91,34860172,605359
91,35254451,605374
91,35620336,605391
91,35984796,605405
91,36378449,605421
91,36735395,605435
91,37106909,605445
91,37461253,605459
91,37816112,605471
91,38191121,605485
91,38585944,605496
91,39014036,605508
91,39400744,605518
91,39756811,605526
91,40130432,605537
91,40526314,605545
91,40901874,605555
91,41294499,605561
91,41658463,605569
91,42029461,605573
91,42420448,605580
91,42774928,605584
91,43149269,605587
91,43502867,605593
91,43862433,605595
91,44253836,605599
91,44641448,605601
91,45030970,605602
91,45420557,605605
91,45854038,605606
91,46257946,605607
91,46641261,605608
91,47028630,605609
91,47404567,605609
91,47803863,605610
91,48210692,605610
91,48577683,605610
91,48963752,605611
91,49334515,605611
91,49694822,605611
91,50066438,605610
91,50459657,605610
91,50816972,605610
91,51188742,605610
91,51585358,605609
91,51982277,605609
91,52355560,605609
91,52711600,605609
91,53064909,605609
91,53438360,605608
91,53837345,605609
91,54189745,605607
91,54562867,605607
91,54965889,605607
91,55338568,605607
91,55691648,605607
91,56066209,605607
91,56439998,605607
91,56817169,605606
91,57202376,605606
91,57590545,605605
91,57981521,605605
91,58336194,605605
91,58711972,605605
91,59063801,605605
91,59439889,605604
91,59836584,605604
91,60188742,605604
91,60564246,605604
91,60960390,605603
91,61314582,605602
91,61691163,605602
91,62085243,605602
91,62552770,605601
91,63118500,605601
91,63551218,605599
91,63979391,605599
91,64384229,605599
91,64847699,605599
91,65277776,605599
91,65680630,605598
91,66145475,605597
91,66696205,605597
91,67211329,605596
91,67718083,605595
91,68224999,605594
91,68730346,605594
91,69172622,605594
91,69575902,605594
91,69966638,605593
91,70337749,605592
91,70830625,605592
91,71346862,605591
91,71855189,605590
91,72366580,605590
91,72872152,605590
91,73278516,605589
91,73670547,605589
91,74075444,605589
91,74467846,605588
91,74857713,605588
91,75237847,605588
91,75622190,605588
91,76005014,605588
91,76354866,605587
91,76736224,605587
91,77127540,605586
91,77483034,605586
91,77857327,605586
91,78214426,605585
91,78616912,605585
91,78982841,605585
91,79334848,605585
91,79719584,605585
91,80111718,605585
91,80523398,605585
91,80883833,605584
91,81277523,605583
91,81658980,605583
91,82045847,605582
91,82402970,605582
91,82779897,605582
91,83173344,605582
91,83584077,605582
91,83985675,605582
91,84355742,605582
91,84712969,605582
91,85063042,605581
91,85438588,605581
91,85845445,605581
91,86232047,605580
91,86618282,605580
91,87027367,605579
91,87378264,605579
91,87734352,605579
91,88085752,605579
91,88437345,605579
91,88816657,605579
91,89202220,605578
91,89568552,605577
91,89941641,605578
91,90317416,605578
91,90713467,605578
91,91106966,605578
91,91461012,605578
91,91840578,605578
91,92232354,605578
91,92615934,605578
91,93004143,605578
91,93355236,605578
91,93713564,605578
91,94086404,605577
91,94437878,605577
92,746889,605577
92,1122560,605578
92,1498329,605578
92,1851027,605579
92,2245661,605579
92,2600781,605581
92,2982871,605581
92,3368573,605583
92,3746470,605584
92,4101803,605588
92,4498583,605589
92,4874327,605594
92,5266189,605599
92,5623690,605604
92,5998075,605609
92,6346736,605613
92,6746859,605621
92,7119807,605628
92,7477517,605637
92,7869391,605646
92,8243939,605655
92,8602243,605666
92,8997916,605676
92,9368400,605690
92,9767748,605702
92,10140778,605715
92,10496570,605730
92,10849995,605743
92,11222341,605758
92,11600519,605773
92,11973201,605789
92,12348495,605805
92,12723379,605825
92,13098597,605840
92,13475020,605860
92,13868788,605879
92,14223097,605899
92,14604924,605920
92,14994476,605941
92,15348938,605963
92,15728059,605986
92,16122111,606009
92,16498225,606034
92,16850497,606060
92,17243188,606082
92,17624331,606111
92,18014474,606136
92,18406085,606164
92,18797753,606195
92,19186338,606222
92,19540595,606248
92,19913394,606276
92,20267489,606304
92,20645306,606340
92,21014441,606367
92,21401173,606398
92,21766543,606428
92,22160146,606465
92,22517671,606496
92,22889923,606529
92,23243484,606562
92,23598874,606593
92,23971801,606630
92,24346961,606661
92,24745416,606693
92,25122527,606728
92,25496424,606757
92,25849398,606788
92,26221753,606822
92,26598919,606850
92,26986567,606882
92,27403337,606915
92,27810201,606940
92,28162902,606967
92,28518699,606994
92,28869325,607017
92,29222489,607043
92,29605233,607071
92,29997878,607094
92,30350762,607118
92,30726735,607144
92,31122568,607165
92,31496843,607187
92,31850066,607208
92,32244533,607232
92,32620072,607251
92,32974261,607271
92,33347427,607293
92,33748405,607315
92,34164092,607334
92,34560564,607351
92,34910985,607368
92,35265519,607383
92,35642885,607397
92,35994176,607411
92,36348576,607429
92,36771899,607443
92,37164353,607455
92,37542626,607470
92,37914676,607481
92,38289386,607492
92,38665798,607504
92,39015544,607514
92,39368848,607523
92,39767256,607533
92,40122516,607540
92,40499986,607551
92,40913940,607558
92,41264440,607565
92,41625970,607573
92,42018813,607578
92,42368799,607586
92,42781459,607589
92,43165386,607593
92,43562740,607597
92,43938126,607601
92,44330143,607603
92,44724442,607607
92,45096850,607607
92,45473974,607607
92,45868819,607609
92,46221410,607610
92,46598204,607610
92,46995114,607611
92,47347264,607612
92,47727555,607612
92,48121820,607612
92,48497892,607612
92,48851539,607612
92,49246863,607612
92,49601720,607612
92,49976607,607613
92,50347523,607613
92,50733431,607613
92,51099333,607613
92,51477137,607613
92,51848992,607611
92,52222412,607611
92,52603064,607611
92,52997379,607611
92,53346356,607611
92,53746293,607611
92,54119240,607611
92,54474198,607610
92,54848694,607610
92,55243667,607610
92,55600025,607610
92,55974217,607609
92,56368115,607609
92,56766317,607609
92,57138899,607608
92,57496050,607608
92,57847364,607608
92,58221484,607608
92,58624362,607606
92,59018476,607607
92,59405106,607607
92,59790971,607605
92,60162827,607605
92,60519244,607605
92,60868711,607603
92,61221281,607603
92,61602329,607603
92,61991909,607603
92,62351344,607602
92,62729272,607602
92,63122422,607601
92,63478304,607601
92,63850889,607601
92,64244013,607600
92,64602468,607600
92,64995081,607599
92,65372047,607599
92,65752684,607598
92,66142808,607597
92,66507875,607597
92,66873606,607597
92,67223139,607595
92,67600238,607595
92,67996168,607596
92,68347480,607596
92,68749115,607595
92,69121575,607595
92,69477868,607594
92,69851658,607593
92,70246254,607593
92,70603938,607593
92,70998343,607593
92,71370314,607592
92,71770091,607592
92,72164518,607592
92,72542286,607592
92,72915327,607591
92,73267377,607591
92,73623867,607590
92,74016447,607589
92,74401851,607589
92,74820533,607589
92,75207342,607589
92,75622489,607589
92,75974342,607588
92,76350227,607588
92,76746911,607588
92,77100374,607588
92,77476458,607588
92,77871192,607588
92,78223999,607587
92,78601891,607587
92,78995088,607587
92,79349832,607587
92,79724959,607586
92,80119219,607586
92,80477983,607586
92,80852605,607585
92,81247257,607585
92,81603986,607585
92,81974750,607585
92,82348903,607585
92,82727631,607585
92,83100263,607585
92,83477561,607585
92,83848741,607585
92,84223367,607585
92,84602677,607585
92,84994962,607584
92,85348096,607584
92,85747773,607584
92,86120105,607584
92,86476690,607584
92,86850013,607584
92,87243866,607584
92,87601467,607584
92,87974408,607584
92,88369506,607584
92,88771562,607584
92,89144001,607584
92,89497597,607582
92,89851540,607583
92,90225514,607583
92,90634949,607583
92,90998869,607583
92,91401678,607583
92,91810912,607581
92,92165107,607583
92,92518759,607583
92,92935212,607582
92,93286737,607582
92,93644187,607582
92,94038839,607581
92,94423664,607581
92,94809937,607582
92,95164037,607581
92,95539385,607581
92,95912411,607581
92,96265917,607582
92,96623567,607580
92,97018215,607581
92,97371157,607581
92,97752343,607580
92,98142593,607579
92,98509505,607580
92,98871964,607580
92,99225551,607580
92,99600279,607580
92,99995768,607580
92,100350045,607580
92,100749138,607580
92,101123064,607580
92,101477860,607579
92,101851266,607579
92,102245898,607579
92,102602324,607580
92,102996573,607580
93,738581,607579
93,1095933,607579
93,1492116,607580
93,1890316,607580
93,2260544,607582
93,2627645,607584
93,3038493,607583
93,3434232,607586
93,3828225,607588
93,4220268,607590
93,4573399,607591
93,4973145,607598
93,5367000,607600
93,5743445,607604
93,6138454,607610
93,6511789,607617
93,6865020,607622
93,7218533,607629
93,7571394,607638
93,7949539,607645
93,8343071,607657
93,8719701,607666
93,9072640,607678
93,9467569,607690
93,9849011,607704
93,10242427,607716
93,10595728,607730
93,10973036,607746
93,11365755,607760
93,11751720,607779
93,12141419,607797
93,12530431,607814
93,12907309,607831
93,13263805,607853
93,13666389,607868
93,14033100,607889
93,14386550,607909
93,14741770,607926
93,15114535,607948
93,15468245,607969
93,15823213,607993
93,16197067,608016
93,16571482,608041
93,16949755,608064
93,17323014,608091
93,17700263,608115
93,18072718,608141
93,18457696,608170
93,18826417,608196
93,19198075,608225
93,19572772,608256
93,19969951,608284
93,20324970,608313
93,20702277,608347
93,21093461,608374
93,21447025,608406
93,21827915,608441
93,22220200,608470
93,22594867,608509
93,22992454,608542
93,23365435,608574
93,23721663,608608
93,24136305,608643
93,24488591,608674
93,24846418,608708
93,25242055,608740
93,25623401,608776
93,26013611,608808
93,26407896,608837
93,26764703,608867
93,27159366,608896
93,27555326,608928
93,27970570,608955
93,28345259,608986
93,28725539,609012
93,29094070,609038
93,29448298,609063
93,29832639,609091
93,30222617,609117
93,30624405,609140
93,30991722,609163
93,31343489,609183
93,31715996,609208
93,32096609,609229
93,32470202,609249
93,32825089,609268
93,33200555,609291
93,33571681,609309
93,33951238,609330
93,34345076,609348
93,34699619,609363
93,35075506,609383
93,35471245,609396
93,35859403,609412
93,36244021,609429
93,36647966,609444
93,37033010,609457
93,37385275,609470
93,37743458,609483
93,38136038,609494
93,38579662,609508
93,38956474,609519
93,39347035,609529
93,39744069,609540
93,40136893,609548
93,40511577,609555
93,40867057,609564
93,41281984,609570
93,41647665,609578
93,42035513,609583
93,42444622,609590
93,42829858,609595
93,43219792,609600
93,43573151,609602
93,43971107,609607
93,44345434,609608
93,44699851,609609
93,45075079,609613
93,45469250,609614
93,45826619,609614
93,46199504,609614
93,46592441,609615
93,46971893,609615
93,47363845,609615
93,47743925,609615
93,48137080,609615
93,48488634,609615
93,48847823,609615
93,49241298,609616
93,49626776,609616
93,50036169,609616
93,50432143,609616
93,50846282,609616
93,51241443,609616
93,51624892,609616
93,52033467,609616
93,52385429,609615
93,52742140,609615
93,53136857,609615
93,53511911,609615
93,53866746,609615
93,54219920,609615
93,54594072,609613
93,54992883,609613
93,55385981,609613
93,55763536,609612
93,56155205,609612
93,56529908,609612
93,56889285,609611
93,57286498,609610
93,57665557,609610
93,58057447,609610
93,58467754,609610
93,58825638,609610
93,59200179,609609
93,59593175,609609
93,59980132,609608
93,60366322,609608
93,60741464,609608
93,61093036,609608
93,61447124,609607
93,61824384,609607
93,62196841,609606
93,62571587,609606
93,62975644,609605
93,63346021,609605
93,63742793,609604
93,64136508,609604
93,64511224,609603
93,64867001,609603
93,65241902,609603
93,65593284,609601
93,65992173,609601
93,66346969,609602
93,66754086,609601
93,67138061,609601
93,67532477,609600
93,67887043,609600
93,68241691,609600
93,68624863,609599
93,69033676,609599
93,69385975,609598
93,69740917,609598
93,70094523,609596
93,70447598,609596
93,70822888,609597
93,71217146,609596
93,71571149,609595
93,71949547,609596
93,72342640,609595
93,72700316,609594
93,73073011,609593
93,73447470,609594
93,73844962,609593
93,74199370,609593
93,74571587,609593
93,74968743,609593
93,75322810,609592
93,75700758,609592
93,76072064,609591
93,76446876,609591
93,76824863,609591
93,77200513,609590
93,77573734,609590
93,77971356,609589
93,78387672,609589
93,78742010,609589
93,79091626,609589
93,79469548,609589
93,79825571,609589
93,80219888,609588
93,80594639,609588
93,80994359,609588
93,81365927,609588
93,81719975,609588
93,82073674,609587
93,82447070,609587
93,82845663,609587
93,83239336,609586
93,83626038,609586
93,84023781,609586
93,84385500,609586
93,84741767,609586
93,85093068,609586
93,85446969,609586
93,85824163,609586
93,86217225,609586
93,86570856,609586
93,86951874,609586
93,87345134,609586
93,87701426,609585
93,88074152,609585
93,88448384,609585
93,88847393,609585
93,89239187,609585
93,89624423,609585
93,90014728,609585
93,90416905,609585
93,90783845,609585
93,91177651,609584
93,91536417,609584
93,91910836,609584
93,92305898,609584
93,92701071,609584
93,93074940,609584
93,93449205,609584
93,93827181,609584
93,94198094,609584
93,94572049,609584
93,94972639,609584
93,95345568,609584
93,95700216,609584
93,96095504,609584
93,96469745,609584
93,96824217,609583
93,97198248,609583
93,97593180,609583
93,97996484,609583
93,98389673,609583
93,98765396,609583
93,99136075,609583
93,99489547,609583
93,99848784,609582
93,100241103,609582
93,100624840,609583
93,101035932,609583
93,101431176,609582
93,101845954,609582
94,731645,609582
94,1093159,609582
94,1484387,609583
94,1862431,609583
94,2219222,609583
94,2632020,609586
94,2995998,609586
94,3384500,609589
94,3777369,609592
94,4154287,609592
94,4547812,609596
94,4922968,609600
94,5322920,609603
94,5736552,609608
94,6114691,609615
94,6517922,609619
94,6909273,609627
94,7300535,609637
94,7695949,609647
94,8092885,609656
94,8487584,609667
94,8861794,609678
94,9238846,609690
94,9632474,609703
94,9995638,609715
94,10385929,609730
94,10777865,609744
94,11137109,609759
94,11526582,609775
94,11894285,609791
94,12257243,609806
94,12609700,609822
94,12994871,609844
94,13384248,609859
94,13735476,609877
94,14091318,609898
94,14443893,609917
94,14817796,609936
94,15172207,609958
94,15568954,609983
94,15942656,610006
94,16321506,610030
94,16697143,610053
94,17094497,610080
94,17489852,610107
94,17881167,610132
94,18238993,610162
94,18634342,610188
94,19016179,610219
94,19424121,610246
94,19820435,610278
94,20196462,610310
94,20589004,610339
94,20943612,610369
94,21323474,610405
94,21717090,610433
94,22091178,610466
94,22445422,610503
94,22909633,610544
94,23322930,610581
94,23714340,610614
94,24093152,610647
94,24485031,610681
94,24838710,610713
94,25196633,610742
94,25591580,610777
94,25973496,610807
94,26358826,610840
94,26711317,610868
94,27092468,610897
94,27483060,610928
94,27858336,610955
94,28219491,610983
94,28591492,611009
94,28941377,611038
94,29342538,611063
94,29715389,611088
94,30071778,611114
94,30486554,611138
94,30854117,611164
94,31240080,611186
94,31609082,611206
94,31972003,611231
94,32363690,611247
94,32735897,611267
94,33091105,611285
94,33445572,611305
94,33796405,611322
94,34176008,611344
94,34568112,611360
94,34920201,611374
94,35301000,611393
94,35743640,611410
94,36123264,611427
94,36512492,611440
94,36886496,611457
94,37282390,611471
94,37691859,611483
94,38046841,611494
94,38422962,611507
94,38818951,611517
94,39196210,611528
94,39591488,611538
94,39944010,611547
94,40341337,611555
94,40712794,611562
94,41067585,611570
94,41423763,611574
94,41799030,611583
94,42196666,611587
94,42590268,611592
94,42944673,611596
94,43319554,611601
94,43690756,611604
94,44047824,611605
94,44423860,611611
94,44795775,611611
94,45174485,611611
94,45547841,611615
94,45919579,611616
94,46299188,611616
94,46692721,611616
94,47069834,611617
94,47421730,611617
94,47796802,611618
94,48192504,611618
94,48544203,611619
94,48918802,611619
94,49320137,611619
94,49715169,611619
94,50092069,611619
94,50444454,611618
94,50797380,611618
94,51175765,611618
94,51564963,611618
94,51919295,611618
94,52299872,611617
94,52693168,611617
94,53049110,611617
94,53421609,611616
94,53814605,611616
94,54175487,611616
94,54567676,611615
94,54945936,611615
94,55362260,611614
94,55756359,611614
94,56110535,611614
94,56485466,611614
94,56838871,611614
94,57193283,611614
94,57544933,611613
94,57918835,611613
94,58320681,611612
94,58693245,611612
94,59047841,611612
94,59421754,611612
94,59806612,611612
94,60193979,611611
94,60567027,611611
94,60918370,611610
94,61301017,611610
94,61695382,611609
94,62070755,611608
94,62422570,611608
94,62798921,611608
94,63196683,611607
94,63586796,611607
94,63970761,611606
94,64361354,611606
94,64714769,611605
94,65090746,611605
94,65442831,611604
94,65797595,611604
94,66184261,611604
94,66570422,611603
94,66941669,611603
94,67341160,611603
94,67693070,611600
94,68053194,611601
94,68429402,611601
94,68816047,611601
94,69173795,611600
94,69545998,611600
94,69942098,611599
94,70319697,611598
94,70672037,611598
94,71050286,611598
94,71422121,611598
94,71794852,611597
94,72176513,611597
94,72547485,611596
94,72919342,611596
94,73321604,611596
94,73693837,611595
94,74048951,611595
94,74424122,611594
94,74794397,611594
94,75174680,611594
94,75590924,611594
94,75942764,611592
94,76344954,611592
94,76714937,611592
94,77070639,611592
94,77464386,611592
94,77817089,611592
94,78193861,611592
94,78558285,611591
94,78944130,611591
94,79345009,611591
94,79715802,611591
94,80090630,611591
94,80444050,611589
94,80797617,611589
94,81174517,611589
94,81568413,611589
94,81920839,611589
94,82298208,611589
94,82694883,611589
94,83052311,611589
94,83433143,611588
94,83822790,611588
94,84197756,611588
94,84591507,611587
94,84940824,611586
94,85318617,611586
94,85694419,611586
94,86069830,611586
94,86423018,611586
94,86799565,611586
94,87174891,611586
94,87569815,611586
94,87923934,611586
94,88340441,611586
94,88693515,611586
94,89049181,611586
94,89421491,611585
94,89817411,611585
94,90174366,611585
94,90568699,611585
94,90943073,611586
94,91340012,611586
94,91712790,611585
94,92091736,611585
94,92463267,611585
94,92837880,611585
94,93196161,611585
94,93589171,611585
94,93977527,611585
94,94367164,611585
94,94737845,611583
94,95133156,611585
94,95509070,611585
94,95905415,611585
94,96323248,611585
94,96716000,611585
95,743610,611584
95,1119812,611584
95,1485221,611585
95,1852303,611586
95,2267631,611586
95,2649236,611588
95,3036841,611590
95,3392700,611591
95,3792960,611594
95,4204391,611598
95,4598745,611599
95,4972781,611603
95,5325053,611605
95,5703357,611611
95,6068136,611616
95,6433813,611621
95,6808987,611628
95,7204223,611636
95,7603894,611644
95,7994862,611654
95,8350455,611665
95,8746105,611677
95,9118917,611687
95,9483933,611699
95,9879865,611714
95,10248190,611727
95,10643381,611741
95,11021638,611758
95,11432958,611773
95,11830580,611790
95,12224980,611807
95,12600185,611825
95,13013204,611843
95,13390467,611863
95,13768411,611882
95,14138645,611901
95,14503644,611923
95,14892762,611943
95,15269857,611967
95,15668695,611990
95,16077156,612012
95,16430514,612035
95,16806388,612061
95,17201031,612085
95,17579748,612113
95,17972464,612139
95,18325894,612164
95,18707482,612195
95,19100906,612221
95,19506405,612253
95,19894180,612283
95,20286332,612310
95,20641207,612345
95,21041240,612378
95,21452273,612412
95,21873925,612450
95,22264234,612479
95,22643002,612515
95,23037982,612554
95,23432025,612586
95,23831444,612620
95,24202371,612654
95,24578616,612687
95,24930364,612716
95,25303756,612752
95,25707049,612783
95,26099415,612816
95,26483121,612850
95,26892119,612880
95,27245160,612906
95,27597972,612933
95,27952596,612961
95,28326481,612987
95,28703272,613016
95,29105120,613047
95,29505220,613074
95,29892133,613097
95,30247838,613122
95,30634688,613144
95,30997349,613170
95,31389982,613192
95,31745275,613212
95,32100293,613233
95,32488104,613256
95,32892871,613278
95,33270802,613297
95,33647650,613315
95,34036508,613335
95,34440120,613354
95,34829096,613373
95,35222435,613389
95,35601461,613406
95,35995478,613421
95,36350279,613435
95,36726068,613450
95,37120989,613462
95,37505522,613477
95,37890353,613488
95,38242629,613499
95,38622475,613511
95,39016302,613523
95,39391103,613531
95,39747543,613543
95,40141640,613550
95,40504712,613558
95,40895535,613567
95,41267507,613574
95,41647035,613581
95,42036131,613587
95,42390707,613591
95,42771975,613597
95,43165696,613601
95,43579168,613606
95,43929707,613611
95,44303328,613612
95,44701864,613613
95,45054150,613616
95,45428412,613617
95,45829049,613617
95,46222043,613620
95,46600862,613620
95,46993874,613620
95,47367894,613620
95,47721755,613622
95,48077263,613623
95,48427355,613622
95,48806075,613622
95,49201685,613622
95,49556061,613622
95,49929548,613620
95,50305182,613620
95,50681009,613620
95,51053729,613620
95,51429254,613620
95,51811592,613620
95,52203305,613620
95,52581731,613620
95,52953300,613620
95,53308598,613620
95,53705624,613619
95,54099990,613619
95,54494315,613618
95,54852259,613618
95,55243047,613618
95,55602083,613617
95,55994634,613617
95,56370837,613617
95,56725450,613616
95,57098783,613616
95,57455151,613616
95,57850159,613616
95,58251319,613616
95,58643614,613615
95,59034325,613614
95,59386926,613614
95,59746868,613612
95,60117455,613612
95,60482957,613612
95,60893597,613612
95,61290383,613612
95,61704454,613611
95,62098149,613611
95,62485160,613610
95,62874298,613610
95,63245398,613609
95,63643140,613609
95,64018209,613608
95,64417560,613608
95,64831097,613606
95,65221972,613606
95,65602572,613606
95,65996046,613606
95,66390714,613604
95,66770292,613604
95,67143293,613605
95,67537162,613604
95,67933057,613604
95,68303850,613604
95,68684151,613602
95,69079534,613601
95,69482215,613601
95,69850360,613601
95,70245902,613600
95,70621717,613600
95,71016191,613600
95,71370796,613600
95,71723434,613600
95,72097018,613600
95,72449074,613599
95,72849644,613598
95,73223963,613597
95,73579518,613597
95,73973639,613598
95,74348854,613597
95,74704665,613597
95,75096923,613597
95,75482739,613597
95,75889530,613597
95,76246572,613597
95,76601154,613597
95,76994658,613596
95,77370750,613595
95,77767896,613594
95,78138153,613595
95,78503287,613595
95,78924288,613595
95,79307256,613595
95,79684185,613595
95,80075050,613593
95,80429853,613593
95,80807128,613594
95,81199965,613593
95,81578434,613593
95,81971456,613593
95,82335182,613593
95,82703217,613593
95,83054172,613592
95,83428823,613592
95,83819520,613592
95,84202633,613592
95,84578830,613592
95,84931066,613592
95,85305552,613592
95,85682835,613591
95,86073590,613591
95,86427126,613591
95,86827130,613591
95,87203222,613591
95,87558394,613591
95,87953237,613591
95,88324077,613591
95,88683316,613590
95,89078632,613590
95,89452618,613590
95,89851492,613590
95,90222131,613590
95,90577421,613590
95,90931521,613590
95,91302161,613590
95,91700759,613590
95,92053107,613589
95,92429432,613589
95,92827913,613589
95,93201778,613589
95,93555845,613589
95,93950860,613589
95,94303636,613589
95,94679372,613589
95,95072745,613589
95,95429718,613589
95,95808171,613589
95,96182191,613589
95,96556094,613588
95,96930137,613588
95,97304152,613588
95,97705106,613588
95,98095283,613588
95,98452919,613588
95,98828469,613588
95,99201439,613589
95,99580719,613588
95,99952037,613588
95,100306028,613588
95,100683451,613588
95,101073341,613587
95,101428345,613587
95,101828623,613587
95,102201130,613587
95,102557069,613587
95,102939579,613588
95,103328132,613588
95,103682824,613588
95,104055657,613587
95,104448622,613587
95,104847549,613587
96,709087,613587
96,1075243,613587
96,1467114,613587
96,1850064,613588
96,2238771,613589
96,2612098,613590
96,2967433,613591
96,3317690,613594
96,3691039,613595
96,4072175,613597
96,4467422,613601
96,4820307,613603
96,5216879,613607
96,5587633,613611
96,5946280,613617
96,6341936,613622
96,6714657,613629
96,7071694,613636
96,7465410,613644
96,7850482,613656
96,8237565,613662
96,8587876,613674
96,8964727,613684
96,9318002,613696
96,9671231,613707
96,10048065,613723
96,10419895,613735
96,10795220,613748
96,11198456,613766
96,11571947,613783
96,11988472,613800
96,12381549,613817
96,12754699,613834
96,13113946,613853
96,13507214,613874
96,13888700,613892
96,14259357,613914
96,14638549,613934
96,15007369,613953
96,15361315,613974
96,15715258,613996
96,16073551,614019
96,16463597,614043
96,16848885,614071
96,17234402,614095
96,17590144,614120
96,17968908,614143
96,18369769,614177
96,18780225,614206
96,19201133,614235
96,19569241,614263
96,19928021,614295
96,20318538,614321
96,20693871,614352
96,21050961,614388
96,21489731,614421
96,21876477,614452
96,22277836,614490
96,22635890,614525
96,23034587,614561
96,23443654,614594
96,23796733,614624
96,24174647,614661
96,24576615,614691
96,24969056,614727
96,25362863,614757
96,25712328,614787
96,26072400,614820
96,26465396,614848
96,26816115,614878
96,27196155,614907
96,27569730,614940
96,27966586,614964
96,28319965,614993
96,28669724,615019
96,29046867,615046
96,29421074,615073
96,29796004,615100
96,30213205,615124
96,30567832,615146
96,30923759,615169
96,31293891,615192
96,31692012,615214
96,32047235,615235
96,32421703,615258
96,32795720,615277
96,33192897,615296
96,33546031,615316
96,33945831,615334
96,34297944,615350
96,34671575,615370
96,35069761,615385
96,35423032,615400
96,35796935,615416
96,36193196,615432
96,36566414,615443
96,36923064,615458
96,37296140,615472
96,37670013,615483
96,38046890,615495
96,38441853,615508
96,38795429,615517
96,39175947,615528
96,39570652,615538
96,39947687,615548
96,40361879,615555
96,40711246,615565
96,41074490,615571
96,41463858,615577
96,41816168,615586
96,42197722,615590
96,42610775,615595
96,42967142,615600
96,43320034,615606
96,43671312,615607
96,44048342,615611
96,44419256,615614
96,44794134,615616
96,45218319,615616
96,45611218,615618
96,45977382,615619
96,46363693,615619
96,46735948,615620
96,47091598,615621
96,47463873,615622
96,47815594,615622
96,48247755,615623
96,48634717,615623
96,48986968,615623
96,49362624,615623
96,49714764,615623
96,50071565,615623
96,50463119,615623
96,50846066,615623
96,51237458,615623
96,51610634,615622
96,51967384,615622
96,52358627,615622
96,52732600,615622
96,53089985,615621
96,53464085,615621
96,53816135,615621
96,54216858,615621
96,54568872,615620
96,54924439,615620
96,55296285,615620
96,55670234,615620
96,56070725,615620
96,56422998,615619
96,56795716,615618
96,57174214,615618
96,57547639,615618
96,57925190,615618
96,58318577,615618
96,58670285,615618
96,59051221,615616
96,59444024,615616
96,59798997,615616
96,60196070,615616
96,60569774,615614
96,60926191,615614
96,61298135,615614
96,61693509,615614
96,62071764,615614
96,62464888,615613
96,62815529,615613
96,63217384,615613
96,63589121,615612
96,63945504,615611
96,64298371,615610
96,64672013,615610
96,65068691,615610
96,65419618,615610
96,65804026,615610
96,66197136,615609
96,66568552,615608
96,66923989,615608
96,67297739,615608
96,67672435,615607
96,68047995,615607
96,68421098,615606
96,68794459,615605
96,69172122,615605
96,69548324,615605
96,69954570,615604
96,70339262,615603
96,70690257,615603
96,71071750,615603
96,71466098,615601
96,71823642,615602
96,72196305,615602
96,72611702,615601
96,72965477,615601
96,73317724,615601
96,73672218,615600
96,74046907,615600
96,74442320,615599
96,74795468,615599
96,75171889,615597
96,75566775,615597
96,75921827,615597
96,76295800,615597
96,76691581,615596
96,77046798,615596
96,77420032,615597
96,77816223,615597
96,78196155,615596
96,78569095,615596
96,78966500,615596
96,79318637,615595
96,79673787,615595
96,80050661,615595
96,80423238,615595
96,80795001,615595
96,81195166,615594
96,81567741,615594
96,81924078,615594
96,82296219,615594
96,82672566,615594
96,83046940,615594
96,83420023,615593
96,83794689,615593
96,84172354,615593
96,84545265,615593
96,84945116,615593
96,85294870,615594
96,85669351,615593
96,86069199,615593
96,86419922,615593
96,86793917,615593
96,87197048,615593
96,87589774,615592
96,87966007,615592
96,88319226,615592
96,88671706,615592
96,89052754,615592
96,89444754,615592
96,89794339,615592
96,90175966,615591
96,90565444,615591
96,90945605,615591
96,91299512,615591
96,91693837,615591
96,92050102,615591
96,92421700,615591
96,92815925,615591
96,93196031,615591
96,93590629,615591
96,93955816,615591
96,94342013,615591
96,94714679,615591
96,95070008,615591
96,95424273,615591
96,95805530,615591
96,96193137,615591
96,96567206,615591
96,96923936,615591
96,97295410,615591
96,97691567,615591
96,98046208,615591
96,98419472,615591
96,98816669,615591
96,99233481,615591
96,99587478,615591
96,99944994,615591
96,100296681,615589
96,100670368,615590
96,101071234,615590
96,101466093,615590
96,101852206,615589
96,102240046,615590
96,102611143,615590
96,102967857,615589
96,103319416,615589
96,103670038,615589
96,104047652,615589
96,104440497,615589
96,104799137,615589
96,105176315,615589
96,105568518,615589
97,723780,615589
97,1078201,615589
97,1430923,615589
97,1789774,615589
97,2139536,615591
97,2494226,615593
97,2895465,615593
97,3264676,615595
97,3620890,615597
97,3995219,615599
97,4368268,615602
97,4750408,615606
97,5145254,615609
97,5517924,615615
97,5936386,615617
97,6309174,615623
97,6685141,615631
97,7057397,615635
97,7409735,615643
97,7769187,615653
97,8118535,615662
97,8496615,615671
97,8893669,615683
97,9268014,615696
97,9622087,615705
97,10018265,615718
97,10390545,615733
97,10748363,615744
97,11120515,615763
97,11493298,615775
97,11871066,615793
97,12254557,615811
97,12644680,615827
97,13002186,615847
97,13391762,615866
97,13744949,615883
97,14118401,615900
97,14494249,615925
97,14896717,615945
97,15310284,615969
97,15666450,615991
97,16081043,616014
97,16435401,616036
97,16790468,616060
97,17142134,616085
97,17494250,616111
97,17891481,616137
97,18267931,616162
97,18623719,616188
97,18997151,616218
97,19391290,616246
97,19770956,616276
97,20163713,616305
97,20517985,616338
97,20912852,616368
97,21267166,616398
97,21664261,616428
97,22017034,616460
97,22367647,616496
97,22769095,616528
97,23139395,616561
97,23491898,616597
97,23892120,616630
97,24264112,616660
97,24620090,616692
97,24996178,616727
97,25369018,616757
97,25746472,616786
97,26119368,616821
97,26513997,616854
97,26917528,616883
97,27290095,616910
97,27645068,616942
97,28039485,616971
97,28413748,616997
97,28770932,617028
97,29162067,617053
97,29545703,617081
97,29936083,617104
97,30309001,617127
97,30663941,617151
97,31017882,617170
97,31372231,617193
97,31748545,617217
97,32144078,617238
97,32493192,617256
97,32869857,617280
97,33266906,617299
97,33622215,617315
97,33994478,617337
97,34390518,617353
97,34768080,617370
97,35121353,617388
97,35516397,617405
97,35900248,617420
97,36307685,617434
97,36663478,617450
97,37024623,617462
97,37411992,617475
97,37771255,617487
97,38164236,617500
97,38550320,617511
97,38937431,617522
97,39308905,617532
97,39686214,617541
97,40039817,617547
97,40388704,617557
97,40767143,617568
97,41140369,617572
97,41494098,617579
97,41869677,617587
97,42242934,617593
97,42621277,617596
97,42994479,617601
97,43367259,617607
97,43745449,617609
97,44118190,617612
97,44492976,617616
97,44896457,617616
97,45309367,617618
97,45664108,617620
97,46016801,617621
97,46370805,617622
97,46748090,617622
97,47142073,617622
97,47495076,617622
97,47885624,617622
97,48272030,617624
97,48651972,617623
97,49037215,617625
97,49387219,617625
97,49760263,617624
97,50110622,617624
97,50504324,617623
97,50876986,617623
97,51230062,617623
97,51572811,617623
97,51941979,617623
97,52292700,617623
97,52648128,617623
97,52979206,617623
97,53317255,617623
97,53652637,617623
97,54005307,617622
97,54358663,617622
97,54702595,617622
97,55074237,617622
97,55427162,617621
97,55804275,617621
97,56180961,617621
97,56564861,617620
97,56928311,617620
97,57282167,617620
97,57637060,617619
97,58011616,617618
97,58384475,617618
97,58767599,617618
97,59122566,617618
97,59511706,617618
97,59906304,617618
97,60270157,617617
97,60667136,617615
97,61079234,617615
97,61434222,617615
97,61791995,617615
97,62186309,617614
97,62574949,617614
97,62957381,617613
97,63310330,617613
97,63688793,617613
97,64079005,617613
97,64453760,617612
97,64813868,617611
97,65209641,617611
97,65592328,617610
97,65955894,617609
97,66310214,617610
97,66665495,617610
97,67018667,617608
97,67369490,617608
97,67748148,617608
97,68140832,617607
97,68494956,617607
97,68894450,617607
97,69266483,617607
97,69621942,617606
97,69995984,617605
97,70390678,617605
97,70750659,617605
97,71145113,617605
97,71518481,617604
97,71916958,617604
97,72289767,617604
97,72644425,617603
97,73040369,617603
97,73412142,617603
97,73768694,617602
97,74121721,617602
97,74495041,617602
97,74895651,617602
97,75289852,617601
97,75665389,617601
97,76018181,617601
97,76372773,617601
97,76750038,617600
97,77141850,617600
97,77495503,617599
97,77872424,617599
97,78246181,617599
97,78622830,617599
97,78995355,617597
97,79369946,617597
97,79768351,617597
97,80120168,617596
97,80496639,617597
97,80872237,617597
97,81245023,617596
97,81624570,617596
97,82017140,617596
97,82370605,617596
97,82748071,617595
97,83141927,617595
97,83509142,617595
97,83917126,617595
97,84312611,617595
97,84687600,617595
97,85081522,617595
97,85432760,617595
97,85792314,617594
97,86162005,617594
97,86518153,617594
97,86918785,617594
97,87289010,617594
97,87646151,617594
97,88039145,617593
97,88411427,617593
97,88769317,617593
97,89120983,617593
97,89494362,617593
97,89894257,617593
97,90286503,617592
97,90665112,617592
97,91017950,617592
97,91370236,617592
97,91748066,617592
97,92121669,617592
97,92494753,617592
97,92875016,617592
97,93269803,617592
97,93645801,617592
97,94041636,617592
97,94414864,617591
97,94769856,617591
97,95164669,617591
97,95548247,617592
98,721959,617591
98,1102578,617592
98,1479462,617592
98,1872082,617593
98,2258018,617594
98,2644689,617595
98,3044612,617597
98,3435201,617600
98,3808734,617601
98,4185899,617603
98,4584391,617608
98,4977392,617610
98,5351706,617615
98,5724284,617620
98,6079195,617624
98,6433774,617630
98,6806781,617637
98,7183121,617644
98,7562714,617653
98,7955474,617662
98,8333645,617673
98,8747310,617684
98,9098088,617694
98,9455911,617706
98,9807717,617718
98,10181846,617732
98,10578475,617745
98,10953287,617759
98,11320726,617776
98,11707035,617790
98,12087846,617809
98,12482317,617828
98,12874454,617845
98,13280659,617865
98,13669708,617888
98,14059423,617906
98,14436932,617927
98,14830181,617948
98,15181378,617969
98,15559992,617991
98,15952671,618015
98,16331309,618039
98,16726422,618062
98,17078153,618086
98,17455769,618111
98,17807705,618135
98,18182020,618165
98,18582701,618194
98,18976114,618219
98,19330961,618248
98,19704261,618273
98,20057721,618302
98,20438859,618334
98,20832933,618367
98,21258312,618401
98,21644355,618431
98,21998425,618463
98,22374133,618497
98,22765801,618530
98,23120709,618563
98,23499523,618599
98,23892460,618629
98,24278654,618667
98,24668503,618705
98,25080725,618739
98,25479472,618769
98,25872067,618805
98,26259879,618833
98,26622052,618861
98,26978010,618894
98,27372694,618921
98,27745414,618947
98,28100129,618975
98,28455895,619001
98,28808008,619027
98,29183206,619057
98,29584455,619084
98,29999679,619111
98,30397164,619134
98,30772871,619161
98,31168299,619186
98,31559533,619208
98,31934733,619229
98,32311745,619253
98,32705624,619271
98,33058945,619290
98,33436920,619311
98,33809634,619327
98,34182178,619346
98,34583210,619366
98,34976249,619381
98,35352860,619399
98,35735846,619416
98,36150926,619433
98,36525248,619447
98,36891234,619460
98,37276149,619474
98,37667518,619489
98,38078041,619499
98,38434863,619511
98,38808742,619523
98,39203486,619533
98,39601183,619543
98,39994693,619553
98,40397223,619562
98,40790186,619571
98,41181947,619578
98,41561926,619586
98,41977873,619592
98,42373982,619597
98,42748478,619601
98,43141277,619607
98,43520140,619610
98,43912054,619613
98,44276601,619616
98,44668726,619619
98,45059944,619621
98,45455031,619622
98,45808846,619623
98,46184804,619624
98,46580063,619626
98,46934616,619625
98,47312465,619627
98,47703958,619626
98,48058484,619626
98,48434191,619626
98,48828179,619628
98,49182434,619628
98,49558435,619628
98,49980977,619628
98,50372655,619628
98,50723084,619627
98,51077868,619627
98,51459510,619627
98,51850646,619626
98,52204165,619625
98,52603577,619627
98,52976798,619626
98,53332990,619626
98,53704531,619626
98,54059362,619627
98,54434536,619624
98,54806520,619624
98,55181504,619624
98,55583222,619624
98,55975731,619624
98,56353350,619623
98,56726195,619623
98,57077648,619623
98,57438092,619622
98,57830580,619622
98,58202923,619622
98,58603201,619622
98,58975023,619621
98,59341144,619620
98,59729089,619620
98,60100278,619620
98,60464913,619619
98,60851621,619619
98,61203301,619619
98,61582853,619619
98,61975165,619618
98,62352854,619617
98,62746074,619617
98,63098610,619615
98,63478281,619615
98,63873139,619615
98,64255233,619615
98,64643520,619615
98,64997412,619614
98,65373185,619614
98,65724311,619614
98,66079423,619614
98,66447953,619614
98,66811132,619613
98,67204653,619612
98,67601615,619612
98,67975686,619612
98,68329596,619611
98,68683188,619611
98,69057255,619611
98,69432955,619610
98,69806721,619608
98,70182352,619609
98,70578603,619609
98,70952407,619608
98,71309741,619608
98,71681332,619608
98,72078664,619607
98,72433206,619606
98,72806167,619606
98,73202596,619606
98,73603523,619605
98,73976644,619605
98,74333294,619605
98,74724314,619605
98,75078837,619605
98,75457044,619604
98,75870786,619604
98,76234663,619604
98,76622651,619604
98,76976368,619604
98,77353012,619602
98,77746581,619602
98,78100496,619602
98,78477667,619602
98,78869831,619601
98,79254791,619601
98,79641821,619600
98,80018013,619599
98,80372741,619600
98,80726368,619600
98,81079682,619599
98,81434780,619598
98,81810111,619599
98,82181112,619599
98,82559070,619599
98,82932467,619598
98,83318052,619598
98,83705916,619598
98,84056443,619598
98,84447575,619597
98,84812309,619597
98,85182876,619597
98,85582567,619597
98,85956347,619597
98,86309982,619597
98,86705663,619597
98,87077978,619597
98,87435747,619597
98,87828393,619596
98,88202986,619596
98,88602070,619596
98,88978104,619595
98,89373819,619595
98,89766307,619595
98,90142617,619595
98,90497079,619595
98,90870703,619595
98,91237944,619596
98,91623412,619596
98,91975878,619596
98,92351559,619596
98,92703277,619595
98,93058707,619595
98,93433176,619595
98,93827986,619595
98,94183456,619594
98,94561135,619594
98,94955691,619594
98,95313701,619594
98,95682965,619595
98,96057116,619595
98,96437104,619594
98,96810369,619594
98,97205574,619594
98,97583514,619594
98,97975277,619594
99,723620,619594
99,1123825,619595
99,1478998,619596
99,1880284,619596
99,2249635,619597
99,2604814,619598
99,2999552,619600
99,3374135,619601
99,3729274,619602
99,4101820,619607
99,4476798,619610
99,4854591,619611
99,5226025,619616
99,5623408,619622
99,5978133,619627
99,6350265,619633
99,6749426,619640
99,7103397,619647
99,7475297,619656
99,7877254,619664
99,8298961,619677
99,8737856,619686
99,9117269,619697
99,9483716,619712
99,9869380,619724
99,10244988,619738
99,10636458,619752
99,11024762,619768
99,11407154,619783
99,11754542,619797
99,12105983,619813
99,12460079,619828
99,12820721,619845
99,13174098,619864
99,13549874,619884
99,13895756,619900
99,14252567,619916
99,14606259,619941
99,14965612,619961
99,15340461,619981
99,15722561,620007
99,16096056,620028
99,16471109,620050
99,16844097,620076
99,17217201,620101
99,17595439,620123
99,17966722,620152
99,18362713,620178
99,18725169,620205
99,19096399,620236
99,19470331,620264
99,19876625,620296
99,20270038,620324
99,20627258,620357
99,21016239,620386
99,21369884,620417
99,21751580,620448
99,22120874,620478
99,22477071,620515
99,22876208,620548
99,23247843,620579
99,23603306,620608
99,23989138,620645
99,24573738,620701
99,25197775,620755
99,25731386,620798
99,26258463,620840
99,26781431,620881
99,27266995,620915
99,27721723,620950
99,28101657,620978
99,28466830,621009
99,28859355,621034
99,29209100,621059
99,29588323,621088
99,30056780,621119
99,30461391,621143
99,30881095,621169
99,31285319,621191
99,31730995,621221
99,32225131,621248
99,32683794,621275
99,33135152,621297
99,33533077,621314
99,33994601,621339
99,34407187,621356
99,34789163,621375
99,35194221,621394
99,35589301,621410
99,35991487,621425
99,36352658,621440
99,36754080,621453
99,37123112,621468
99,37478658,621482
99,37876450,621494
99,38267230,621504
99,38645426,621518
99,39017665,621527
99,39369877,621537
99,39726595,621546
99,40101684,621555
99,40494893,621563
99,40897981,621572
99,41291520,621580
99,41667007,621585
99,42063178,621592
99,42461745,621599
99,42873526,621602
99,43246627,621607
99,43622241,621613
99,43977679,621615
99,44352346,621617
99,44728751,621621
99,45100964,621622
99,45473710,621623
99,45871542,621624
99,46224347,621626
99,46605004,621626
99,46995927,621627
99,47349240,621627
99,47727748,621627
99,48119935,621627
99,48475094,621627
99,48871079,621627
99,49244503,621627
99,49600388,621627
99,49972676,621627
99,50368305,621627
99,50725388,621627
99,51098346,621628
99,51494016,621628
99,51895354,621628
99,52268324,621628
99,52626337,621628
99,52994793,621628
99,53348554,621628
99,53747916,621628
99,54099731,621628
99,54472765,621628
99,54871315,621627
99,55268135,621627
99,55744824,621626
99,56217648,621626
99,56640025,621626
99,57022480,621624
99,57578684,621624
99,58092461,621624
99,58590478,621623
99,59045470,621623
99,59436184,621623
99,59854507,621622
99,60245430,621622
99,60669398,621621
99,61050176,621620
99,61423662,621620
99,61780896,621620
99,62149637,621620
99,62481563,621619
99,62954438,621619
99,63385765,621618
99,63752383,621618
99,64138181,621618
99,64526899,621617
99,64909969,621617
99,65280616,621615
99,65656816,621615
99,66045610,621615
99,66436991,621614
99,66815256,621614
99,67210938,621614
99,67624681,621613
99,67973644,621613
99,68348081,621612
99,68754213,621612
99,69124355,621611
99,69475135,621610
99,69872639,621610
99,70245993,621610
99,70601380,621610
99,70973918,621610
99,71367881,621609
99,71724886,621609
99,72098583,621608
99,72491873,621608
99,72889424,621608
99,73264465,621607
99,73623056,621607
99,73975948,621607
99,74351566,621604
99,74747196,621604
99,75100546,621604
99,75476421,621605
99,75873323,621604
99,76224042,621604
99,76599806,621604
99,76996659,621604
99,77372596,621602
99,77726868,621602
99,78120646,621603
99,78472268,621602
99,78871842,621602
99,79242967,621602
99,79623861,621602
99,79973017,621601
99,80367704,621601
99,80727130,621601
99,81097897,621601
99,81494023,621601
99,81870455,621601
99,82222046,621601
99,82618975,621600
99,82973929,621600
99,83345764,621600
99,83723764,621600
99,84117593,621600
99,84470853,621600
99,84873654,621600
99,85274213,621600
99,85664566,621600
99,86013984,621599
99,86366546,621599
99,86729676,621599
99,87143784,621599
99,87496004,621599
99,87917251,621599
99,88310901,621599
99,88665772,621599
99,89018501,621598
99,89389721,621598
99,89746229,621598
99,90102733,621598
99,90472735,621598
99,90872176,621598
99,91245146,621598
99,91601875,621598
99,91995890,621598
99,92347693,621598
99,92726565,621598
99,93122035,621597
99,93473232,621597
99,93872419,621597
99,94246077,621597
99,94600538,621597
99,94974261,621597
99,95348829,621597
99,95744792,621597
99,96105284,621596
99,96496530,621596
99,96872727,621596
99,97226669,621596
99,97603788,621596
99,97971953,621596
99,98347288,621596
