trial_id,t_ns_since_cmd,position_counts
0,712887,582968
0,1122850,582493
0,1537632,581880
0,1963361,581275
0,2349233,580354
0,2763868,579418
0,3120018,578148
0,3536452,576708
0,3937322,575085
0,4330700,573537
0,4721820,571514
0,5120202,569310
0,5517178,567205
0,5921821,564643
0,6286609,562214
0,6683567,559238
0,7062400,556150
0,7451298,553303
0,7867017,549753
0,8265627,545978
0,8636637,542499
0,9016883,538467
0,9410736,534205
0,9807679,530186
0,10186035,525439
0,10597799,520716
0,11016588,515627
0,11408879,510836
0,11762548,506142
0,12119157,501400
0,12512620,495418
0,12921035,489386
0,13308902,483404
0,13698747,477607
0,14081090,471060
0,14491670,465272
0,14845204,458115
0,15243562,451991
0,15617061,445539
0,15974231,438009
0,16370149,431317
0,16742627,424353
0,17102117,416389
0,17516483,408030
0,17920878,399642
0,18332726,390916
0,18744134,382082
0,19141603,373016
0,19557113,363740
0,19957856,354315
0,20382301,345807
0,20765592,336045
0,21141729,325970
0,21535635,317770
0,21921861,308956
0,22307087,300760
0,22698271,291672
0,23081812,282827
0,23493142,275105
0,23845733,266320
0,24242203,259074
0,24616859,251764
0,24972488,244703
0,25345749,236721
0,25721508,229882
0,26100471,223286
0,26494997,215802
0,26877993,208656
0,27292162,201515
0,27683837,195674
0,28061701,188899
0,28456571,182529
0,28869513,177147
0,29263252,170900
0,29618874,165942
0,30014439,160205
0,30411839,154607
0,30831075,149554
0,31224977,144283
0,31618128,139944
0,32017224,135461
0,32411980,130812
0,32807455,126412
0,33203103,122894
0,33598130,118906
0,33996215,115027
0,34410395,111414
0,34804732,108486
0,35161289,105765
0,35532942,103131
0,35896939,100295
0,36284954,97997
0,36657929,95878
0,37017171,93675
0,37430572,91935
0,37804894,90109
0,38207183,88451
0,38599216,87016
0,39016853,85775
0,39412016,84872
0,39807202,83992
0,40204746,83316
0,40597209,82925
0,40973795,82650
0,41371179,82548
0,41764673,82593
0,42142387,82336
0,42536859,82158
0,42939286,82133
0,43312220,81963
0,43720599,81943
0,44100144,81895
0,44493950,81895
0,44899210,81953
0,45318935,81980
0,45708508,82035
0,46120106,82058
0,46515582,82114
0,46921373,82161
0,47306284,82205
0,47701381,82240
0,48120082,82277
0,48514476,82312
0,48921255,82349
0,49306056,82383
0,49705388,82410
0,50122232,82441
0,50515479,82465
0,50920483,82494
0,51308787,82521
0,51718081,82543
0,52080280,82569
0,52473168,82592
0,52870181,82612
0,53242889,82632
0,53638324,82648
0,54017954,82669
0,54411480,82686
0,54808052,82704
0,55209098,82719
0,55598431,82732
0,56018331,82747
0,56412583,82754
0,56806259,82765
0,57207636,82774
0,57596128,82786
0,57974367,82802
0,58346858,82813
0,58721064,82823
0,59099998,82833
0,59496096,82843
0,59922416,82852
0,60310876,82861
0,60705714,82869
0,61122354,82876
0,61516835,82886
0,61921605,82895
0,62309071,82906
0,62708495,82912
0,63121563,82919
0,63516735,82927
0,63919677,82937
0,64311781,82950
0,64702649,82976
0,65120255,83016
0,65513476,83058
0,65921120,83109
0,66307332,83159
0,66705990,83201
0,67119856,83237
0,67514033,83256
0,67866607,83268
0,68244880,83273
0,68639380,83269
0,69015468,83258
0,69408373,83243
0,69764198,83226
0,70138705,83205
0,70565847,83183
0,70977587,83162
0,71369972,83144
0,71786607,83126
0,72183467,83114
0,72582475,83106
0,72975192,83098
0,73346621,83092
0,73721746,83090
0,74119139,83086
0,74512961,83084
0,74901533,83081
0,75265986,83080
0,75659979,83079
0,76038513,83077
0,76433285,83075
0,76837462,83073
0,77224436,83070
0,77616675,83067
0,77973711,83064
0,78367908,83060
0,78741136,83058
0,79097776,83053
0,79514085,83049
0,79918488,83047
0,80306211,83041
0,80679911,83040
0,81036402,83038
0,81410019,83035
0,81761848,83033
0,82123344,83032
0,82515567,83029
0,82919564,83028
0,83308065,83025
0,83701880,83024
0,84119983,83022
0,84513444,83021
0,84868821,83020
0,85242971,83020
0,85595608,83018
0,85971978,83017
0,86366550,83015
0,86721269,83014
0,87098245,83013
0,87491760,83012
0,87844079,83011
0,88222803,83011
0,88617942,83010
0,89018277,83009
0,89411487,83007
0,89805007,83007
0,90160707,83007
0,90556937,83005
0,90937503,83004
0,91324223,83005
0,91686247,83004
0,92059988,83004
0,92455050,83003
0,92866247,83003
0,93266861,83003
0,93637647,83002
0,93996091,83002
0,94389989,83002
0,94765374,83002
0,95173930,83002
0,95536034,83002
0,95942335,83001
0,96309343,83001
0,96704303,83001
0,97117446,82999
0,97469916,82999
0,97848197,82999
0,98247470,82999
0,98616441,82998
0,98974579,82998
0,99366223,82998
0,99739980,82999
0,100099634,82999
0,100492349,82998
0,100843921,82999
0,101231088,83000
0,101618511,82998
0,101993805,82998
0,102387205,82998
0,102741254,82998
0,103119307,82998
0,103512301,82998
0,103865056,82998
0,104250084,82998
0,104639993,82999
0,105015584,82998
0,105411653,82999
0,105827616,82999
0,106223214,82998
0,106618148,82997
0,106992918,82997
0,107370389,82998
0,107765133,82998
0,108141036,82998
0,108537311,82998
0,108938054,82997
0,109303747,82997
0,109659163,82997
0,110017676,82997
0,110409366,82997
0,110783621,82997
0,111141656,82998
0,111514155,82997
0,111919631,82998
0,112308508,82997
0,112684047,82997
0,113054607,82997
0,113449142,82996
0,113808998,82996
0,114184132,82996
0,114580567,82995
0,114997376,82995
0,115390352,82994
0,115764181,82995
0,116163129,82995
0,116535581,82995
0,116940774,82995
0,117332086,82995
1,716311,582987
1,1121107,582573
1,1519122,581983
1,1889027,581484
1,2247423,580690
1,2663157,579655
1,3056503,578595
1,3415507,577403
1,3785541,575884
1,4189852,574189
1,4624491,572273
1,4992355,570416
1,5369251,568106
1,5764787,565924
1,6148210,563273
1,6537400,560375
1,6930012,557699
1,7309841,554536
1,7725776,551102
1,8152158,547390
1,8539352,543488
1,8955009,539467
1,9369348,535297
1,9764569,531346
1,10117402,526601
1,10519888,522477
1,10890896,517575
1,11310100,512196
1,11706074,506761
1,12118174,502060
1,12515572,496140
1,12888780,490782
1,13246375,484882
1,13639743,479224
1,14015192,472598
1,14432095,466048
1,14847014,458913
1,15245822,451913
1,15659661,445445
1,16013252,438854
1,16370191,431234
1,16785564,424265
1,17149372,416307
1,17558988,407956
1,17955294,399568
1,18373940,390839
1,18766160,383154
1,19172892,374070
1,19559089,364861
1,19958468,355461
1,20372319,345770
1,20763973,337260
1,21150284,327212
1,21540911,318901
1,21909153,311178
1,22268914,301974
1,22682568,292800
1,23061895,285139
1,23438538,277362
1,23806672,268584
1,24208794,260237
1,24597556,252937
1,24982436,244862
1,25395414,236896
1,25785179,230048
1,26171005,222496
1,26560183,215954
1,26933967,208806
1,27311149,202519
1,27685164,196651
1,28058868,189892
1,28456368,183443
1,28867998,178060
1,29227020,171775
1,29620045,166771
1,29992130,161795
1,30350839,156055
1,30749134,151583
1,31119782,146387
1,31537967,141232
1,31933956,137236
1,32329809,132619
1,32734710,127998
1,33118391,123814
1,33516456,120330
1,33889291,116863
1,34267871,113105
1,34661518,109647
1,35034891,106881
1,35414152,104228
1,35787778,101307
1,36189695,98627
1,36577327,96476
1,36975061,94205
1,37368660,92188
1,37763144,90564
1,38151463,88853
1,38536372,87547
1,38929707,86224
1,39307149,85128
1,39746007,84207
1,40117027,83555
1,40497344,83042
1,40891591,82760
1,41268393,82598
1,41660971,82629
1,42057009,82508
1,42433588,82214
1,42829921,82196
1,43248980,82065
1,43619962,81986
1,44014632,81965
1,44413703,81923
1,44785611,81993
1,45191323,82019
1,45581539,82070
1,45970746,82109
1,46369462,82142
1,46763659,82199
1,47150909,82241
1,47516413,82281
1,47909230,82312
1,48265891,82341
1,48660817,82369
1,49033565,82397
1,49398519,82432
1,49807129,82461
1,50202182,82495
1,50618486,82518
1,50971056,82542
1,51352133,82567
1,51745953,82588
1,52120307,82615
1,52515938,82640
1,52912438,82662
1,53286593,82687
1,53678999,82704
1,54035758,82719
1,54412656,82734
1,54808650,82746
1,55194030,82757
1,55575287,82768
1,55934378,82778
1,56309312,82785
1,56706371,82793
1,57117225,82797
1,57503484,82799
1,57892593,82804
1,58264979,82809
1,58660774,82820
1,59076547,82825
1,59434610,82827
1,59828684,82830
1,60244709,82826
1,60615565,82823
1,60969096,82824
1,61370135,82830
1,61762918,82837
1,62150302,82845
1,62517595,82853
1,62911368,82861
1,63310056,82870
1,63680943,82881
1,64079832,82893
1,64495231,82901
1,64867572,82907
1,65223386,82913
1,65617955,82917
1,65971103,82924
1,66348973,82928
1,66741909,82934
1,67095878,82939
1,67473408,82947
1,67868206,82957
1,68223068,82977
1,68596934,83012
1,68991656,83056
1,69372952,83108
1,69766209,83153
1,70151689,83199
1,70537952,83233
1,70911719,83262
1,71307381,83281
1,71705432,83286
1,72095583,83285
1,72492107,83278
1,72848567,83261
1,73245810,83243
1,73620194,83222
1,74027092,83201
1,74392466,83179
1,74786497,83162
1,75172022,83143
1,75557212,83127
1,75998021,83115
1,76368958,83107
1,76763970,83100
1,77155290,83095
1,77517316,83094
1,77912085,83089
1,78308818,83088
1,78687847,83087
1,79083953,83085
1,79492765,83083
1,79866670,83081
1,80223620,83080
1,80617320,83077
1,80971202,83075
1,81348287,83071
1,81742276,83069
1,82106802,83066
1,82474426,83062
1,82865978,83058
1,83224034,83057
1,83594594,83052
1,83969935,83048
1,84371549,83045
1,84766620,83042
1,85151463,83039
1,85537051,83038
1,85910897,83036
1,86310009,83032
1,86720442,83031
1,87096009,83031
1,87472761,83028
1,87870446,83027
1,88266396,83026
1,88661973,83026
1,89035994,83024
1,89435235,83023
1,89827598,83021
1,90225187,83021
1,90597191,83020
1,90971417,83019
1,91348275,83018
1,91721927,83016
1,92094836,83015
1,92494497,83013
1,92867169,83012
1,93225345,83012
1,93622594,83011
1,93994253,83009
1,94392244,83009
1,94763200,83008
1,95115775,83008
1,95518729,83007
1,95890674,83007
1,96288609,83007
1,96683889,83007
1,97061416,83007
1,97436752,83007
1,97830640,83007
1,98254699,83007
1,98642357,83007
1,99015317,83006
1,99412770,83005
1,99786568,83005
1,100192104,83005
1,100555518,83003
1,100934317,83003
1,101308440,83003
1,101680591,83003
1,102075372,83003
1,102430337,83003
1,102809176,83002
1,103207303,83002
1,103617825,83002
1,103970561,83002
1,104348316,83002
1,104742469,83002
1,105095586,83002
1,105492751,83001
1,105865897,83001
1,106225912,83001
1,106611023,83001
1,106996321,83002
1,107393144,83003
1,107766206,83003
1,108191245,83003
1,108577398,83003
1,108991758,83002
1,109349120,83002
1,109741489,83002
1,110118692,83001
1,110517662,83000
1,110889669,83000
1,111288137,82998
1,111683791,82998
1,112060386,82998
1,112438125,82998
1,112826621,82999
1,113245524,82999
1,113640888,82999
1,114013148,82999
1,114368955,82999
1,114765304,83000
1,115148331,83000
1,115536057,82999
2,746229,582984
2,1117803,582653
2,1489771,582064
2,1847224,581494
2,2264830,580712
2,2660871,579674
2,3075938,578436
2,3489773,577261
2,3847358,575716
2,4261874,574213
2,4614411,572560
2,4973057,570445
2,5365712,568433
2,5785647,565649
2,6201682,562952
2,6593260,560399
2,6971382,557333
2,7365540,554558
2,7751705,551131
2,8138562,547418
2,8534523,544010
2,8927448,539992
2,9326567,535863
2,9731914,531961
2,10098941,527234
2,10493011,523099
2,10889464,518249
2,11282861,512931
2,11676618,507481
2,12095443,502118
2,12490572,496976
2,12869046,490841
2,13264712,484942
2,13661190,478441
2,14074731,472655
2,14470218,466104
2,14846693,458975
2,15262021,452835
2,15625263,445497
2,16037004,437964
2,16428670,431264
2,16805550,423312
2,17198007,416339
2,17572788,409017
2,17927651,400680
2,18322636,393041
2,18698301,384312
2,19100676,375228
2,19492733,367241
2,19867633,357803
2,20262195,349428
2,20658923,339706
2,21053633,329687
2,21472018,320027
2,21867358,311173
2,22263038,303163
2,22642415,293877
2,23055820,285147
2,23449645,276231
2,23848605,268551
2,24239073,260191
2,24614271,252852
2,24974098,245760
2,25366092,237812
2,25770326,229952
2,26158523,222398
2,26572689,215858
2,26930152,208703
2,27322245,202424
2,27676948,196561
2,28074978,189808
2,28468795,184144
2,28845386,177994
2,29240792,172483
2,29593398,167427
2,29974900,161749
2,30367402,156016
2,30794604,150910
2,31194200,145658
2,31608503,140559
2,32004613,136566
2,32375661,131866
2,32794147,127257
2,33193449,123169
2,33575706,119758
2,33941762,116326
2,34299051,113063
2,34689599,109648
2,35073774,106901
2,35427585,104252
2,35798196,101340
2,36161800,99324
2,36495742,97120
2,36856898,95063
2,37227414,93220
2,37555764,91524
2,37907430,89956
2,38304808,88509
2,38681190,87073
2,39048067,85969
2,39418448,85041
2,39785565,84241
2,40133453,83585
2,40465275,83113
2,40842136,82798
2,41193578,82613
2,41545757,82572
2,41868554,82603
2,42214967,82366
2,42570628,82215
2,42920610,82208
2,43235499,82077
2,43585597,82005
2,43897324,81996
2,44210057,81939
2,44518614,81929
2,44877718,81978
2,45171129,81996
2,45466188,82028
2,45778596,82063
2,46087174,82089
2,46399643,82122
2,46716686,82169
2,47003623,82214
2,47315292,82252
2,47627453,82288
2,47931356,82316
2,48264758,82347
2,48593779,82375
2,48907250,82401
2,49230642,82428
2,49543653,82451
2,49900808,82472
2,50237081,82489
2,50571539,82510
2,50926856,82532
2,51285804,82555
2,51636938,82575
2,51987599,82595
2,52337729,82612
2,52651077,82627
2,52974459,82645
2,53322701,82660
2,53669806,82673
2,53989723,82684
2,54336022,82689
2,54652034,82693
2,54967249,82700
2,55317215,82704
2,55675775,82714
2,56024571,82721
2,56336560,82731
2,56653158,82744
2,57016083,82757
2,57362209,82770
2,57739803,82785
2,58085672,82796
2,58397200,82804
2,58717582,82814
2,59053134,82826
2,59425271,82835
2,59797411,82843
2,60147715,82853
2,60482415,82862
2,60801065,82871
2,61154473,82881
2,61519991,82889
2,61838915,82898
2,62166071,82903
2,62483458,82911
2,62840893,82918
2,63198778,82926
2,63555819,82926
2,63924177,82929
2,64271927,82930
2,64586366,82931
2,64903818,82934
2,65265207,82937
2,65610307,82943
2,65960968,82945
2,66271626,82948
2,66582897,82954
2,66894875,82955
2,67206875,82956
2,67541979,82958
2,67856199,82963
2,68168870,82969
2,68483781,82982
2,68839806,83004
2,69190056,83034
2,69547267,83072
2,69902955,83111
2,70258838,83148
2,70591957,83185
2,70949795,83219
2,71302396,83247
2,71659157,83268
2,72019656,83278
2,72373874,83281
2,72752621,83280
2,73097869,83269
2,73451000,83256
2,73807642,83240
2,74160322,83225
2,74507094,83205
2,74850302,83186
2,75202965,83168
2,75559733,83152
2,75914772,83138
2,76288119,83124
2,76626099,83114
2,76977353,83106
2,77353730,83100
2,77719583,83095
2,78067072,83092
2,78443984,83089
2,78804256,83087
2,79199125,83085
2,79571114,83082
2,79928390,83082
2,80323981,83079
2,80696360,83077
2,81096494,83075
2,81469079,83071
2,81826670,83069
2,82219610,83065
2,82595249,83060
2,82991843,83058
2,83365103,83055
2,83733112,83051
2,84130260,83048
2,84492485,83044
2,84890034,83039
2,85297836,83038
2,85701744,83036
2,86076779,83033
2,86470457,83031
2,86869034,83029
2,87260955,83028
2,87622981,83027
2,88025159,83024
2,88433182,83024
2,88826801,83023
2,89199278,83021
2,89593496,83020
2,89970865,83020
2,90365043,83016
2,90728230,83016
2,91094467,83014
2,91469531,83013
2,91868301,83012
2,92261456,83011
2,92621548,83010
2,93020714,83010
2,93392702,83008
2,93800733,83008
2,94199881,83007
2,94577539,83006
2,94977838,83005
2,95349365,83005
2,95751237,83004
2,96162531,83004
2,96560485,83004
2,96937111,83004
2,97332357,83004
2,97705802,83003
2,98104809,83003
2,98474350,83002
2,98874967,83002
2,99241456,83002
2,99638384,83002
2,100033396,83002
2,100450230,83002
2,100824924,83002
2,101220496,83000
2,101614904,83000
2,101990847,83000
2,102387078,83000
2,102774859,83000
2,103134972,83000
2,103490360,83000
2,103844653,83001
2,104239608,83001
2,104592910,83001
2,104972672,83001
2,105366909,83001
2,105772389,83001
2,106142038,83001
2,106537899,83001
2,106930214,83001
2,107301075,83001
2,107676108,83000
2,108074033,83000
2,108481194,82999
2,108849270,82999
2,109220561,82999
2,109616661,83000
2,110013409,83000
2,110389348,83000
2,110782980,83000
2,111175860,83000
2,111553845,82999
2,111930996,82999
2,112324781,82999
2,112698954,82999
2,113096455,82998
2,113467892,82996
2,113825730,82999
2,114219417,82998
2,114593257,82998
2,114950399,82998
2,115344764,82999
2,115727526,82999
2,116126055,82998
2,116534452,82998
2,116928594,82998
2,117302303,82997
2,117675518,82996
2,118074046,82997
2,118467381,82995
2,118825177,82995
2,119199213,82993
2,119593743,82994
2,119969654,82994
2,120429930,82994
2,120932103,82993
2,121475563,82992
2,121960072,82993
2,122450017,82993
3,716542,582987
3,1117734,582577
3,1537573,581931
3,1929616,581434
3,2281940,580729
3,2661456,579697
3,3057736,578620
3,3444212,577287
3,3833803,575745
3,4242412,574016
3,4661668,572078
3,5054928,569919
3,5468651,567564
3,5889067,565037
3,6281080,562632
3,6660533,559675
3,7056529,556588
3,7472148,553354
3,7865583,550250
3,8242767,546480
3,8639180,543028
3,9033489,539005
3,9421684,535347
3,9805951,530806
3,10181510,526051
3,10582169,521339
3,10994051,516970
3,11417362,510843
3,11829653,505482
3,12240530,500686
3,12596912,494612
3,12991199,489346
3,13343093,484147
3,13742249,477565
3,14136689,471813
3,14494575,465209
3,14889998,458055
3,15307286,451030
3,15700517,443562
3,16120542,436073
3,16536510,428238
3,16950733,421315
3,17309016,413168
3,17706719,404844
3,18119320,396281
3,18536313,387595
3,18951482,378588
3,19344854,369539
3,19763354,360135
3,20158074,351849
3,20515014,343313
3,20887807,333435
3,21282762,324686
3,21661431,315471
3,22054373,307772
3,22420101,299511
3,22783848,291627
3,23136123,283919
3,23494381,275081
3,23908391,267389
3,24261705,260100
3,24640105,251774
3,25046019,243763
3,25471086,235757
3,25848869,228079
3,26247556,221451
3,26620834,214077
3,27014596,207841
3,27418601,200751
3,27807001,194084
3,28203588,187326
3,28618388,181111
3,29012237,175652
3,29396165,169542
3,29784196,164652
3,30178747,158832
3,30559976,153439
3,30978209,148350
3,31365581,143698
3,31743489,138870
3,32136394,134892
3,32514579,130174
3,32909612,125769
3,33303309,122267
3,33680799,118332
3,34075254,114471
3,34492372,111339
3,34866647,108469
3,35218512,105779
3,35616394,102778
3,35991326,100331
3,36354720,97737
3,36768470,95352
3,37161470,93223
3,37557482,91521
3,37951744,89737
3,38348265,88133
3,38745321,86740
3,39160946,85557
3,39589153,84576
3,39992843,83766
3,40397682,83182
3,40804823,82850
3,41157408,82650
3,41516887,82600
3,41930915,82584
3,42331012,82295
3,42751877,82244
3,43137902,82138
3,43518761,82015
3,43908848,81994
3,44281572,81934
3,44639055,81972
3,45054253,82009
3,45417763,82055
3,45804124,82098
3,46156631,82132
3,46515136,82181
3,46886281,82231
3,47239673,82271
3,47601533,82306
3,47972933,82336
3,48367695,82362
3,48744507,82392
3,49136814,82416
3,49529063,82436
3,49912327,82458
3,50325072,82482
3,50686092,82509
3,51080213,82539
3,51493679,82559
3,51867645,82581
3,52261558,82595
3,52617271,82609
3,52991619,82625
3,53343770,82638
3,53741688,82654
3,54157766,82666
3,54514620,82685
3,54912900,82705
3,55284323,82722
3,55682258,82741
3,56060739,82756
3,56463525,82768
3,56865816,82778
3,57220238,82790
3,57597718,82801
3,57991018,82815
3,58346347,82824
3,58745761,82833
3,59137903,82842
3,59495861,82851
3,59890904,82859
3,60265354,82868
3,60661390,82872
3,61066666,82879
3,61444623,82887
3,61804896,82893
3,62183958,82899
3,62558074,82909
3,62956524,82919
3,63344771,82923
3,63743456,82925
3,64158585,82927
3,64517553,82931
3,64909704,82934
3,65303882,82934
3,65682527,82937
3,66079501,82938
3,66494180,82938
3,66867333,82938
3,67260545,82941
3,67639574,82948
3,68033967,82956
3,68451741,82971
3,68844428,82995
3,69218487,83037
3,69622778,83088
3,70014572,83131
3,70400360,83173
3,70766500,83217
3,71160077,83249
3,71556705,83269
3,71953670,83283
3,72344078,83284
3,72743289,83279
3,73159846,83266
3,73556524,83248
3,73965271,83228
3,74324333,83207
3,74683775,83189
3,75054191,83167
3,75456912,83149
3,75866583,83133
3,76260103,83120
3,76637449,83112
3,76991281,83104
3,77343979,83098
3,77741496,83095
3,78136582,83092
3,78491435,83089
3,78845192,83087
3,79241574,83085
3,79615678,83083
3,79970912,83081
3,80364328,83080
3,80767684,83077
3,81161160,83075
3,81558097,83072
3,81950951,83068
3,82368129,83066
3,82742936,83062
3,83139237,83058
3,83554874,83056
3,83952640,83051
3,84368272,83048
3,84764696,83046
3,85159504,83042
3,85568494,83039
3,85952604,83038
3,86369146,83033
3,86763062,83033
3,87135608,83032
3,87492852,83030
3,87886992,83029
3,88260817,83027
3,88618589,83026
3,89011933,83024
3,89397219,83022
3,89785462,83021
3,90157431,83021
3,90513391,83020
3,90906883,83019
3,91292989,83019
3,91686739,83017
3,92058704,83016
3,92458341,83014
3,92870038,83013
3,93262754,83013
3,93640742,83012
3,94034666,83011
3,94417428,83011
3,94807553,83011
3,95181409,83010
3,95580182,83010
3,95991265,83010
3,96346288,83008
3,96764886,83008
3,97156356,83008
3,97516184,83008
3,97888248,83007
3,98281479,83007
3,98670754,83007
3,99055169,83007
3,99461409,83006
3,99844976,83005
3,100240190,83005
3,100596231,83005
3,100991058,83005
3,101364021,83005
3,101761984,83005
3,102136842,83005
3,102493126,83003
3,102888753,83003
3,103264299,83004
3,103661408,83003
3,104055730,83002
3,104457326,83002
3,104844377,83002
3,105220075,83002
3,105618751,83002
3,106009821,83001
3,106397190,83001
3,106784689,83001
3,107157459,83001
3,107516128,83001
3,107909041,83001
3,108283022,83001
3,108640462,83001
3,109054946,83001
3,109457336,83001
3,109865301,83001
3,110230126,83001
3,110640120,83001
3,111032900,83001
3,111396180,83001
3,111762247,83001
3,112114434,83001
3,112470497,83001
3,112844191,83001
3,113238850,83001
3,113622765,83000
3,114014783,83000
3,114418819,82999
3,114786446,82998
3,115177125,82998
3,115556184,82996
3,115955303,82998
3,116365743,82999
3,116762138,82997
3,117115632,82997
3,117491535,82997
3,117844914,82998
3,118219378,82997
3,118619231,82997
3,119015298,82998
4,739540,582993
4,1104624,582658
4,1496216,582008
4,1916593,581440
4,2306246,580619
4,2721620,579567
4,3146697,578303
4,3540340,576927
4,3955012,575329
4,4347980,573794
4,4721716,572080
4,5078862,569918
4,5493928,567868
4,5857838,565356
4,6250372,562979
4,6618957,560427
4,6978395,557351
4,7393496,554170
4,7784026,551153
4,8141833,547915
4,8519701,544015
4,8915053,539990
4,9327676,535864
4,9742535,531952
4,10098842,527215
4,10514982,523073
4,10878445,518226
4,11267978,513585
4,11637457,508777
4,11999165,503449
4,12414341,497680
4,12807634,491527
4,13206452,486379
4,13600883,480079
4,13997017,473391
4,14410835,467727
4,14767790,460707
4,15161703,453632
4,15577054,446370
4,16006957,438836
4,16412607,431200
4,16806003,423255
4,17203012,415239
4,17619577,406894
4,18036383,398454
4,18430099,390833
4,18804353,382003
4,19203040,372943
4,19617607,364853
4,19974800,355440
4,20389470,345737
4,20788904,335978
4,21181462,327160
4,21576177,318858
4,21931733,310056
4,22325355,301965
4,22678988,293893
4,23061388,285158
4,23453267,276258
4,23862639,268553
4,24225617,260195
4,24640713,251829
4,25023361,244802
4,25408540,237835
4,25767794,229986
4,26185950,222423
4,26577116,214982
4,26997906,207833
4,27423443,200763
4,27808598,194936
4,28183770,188180
4,28576261,182644
4,28933222,176459
4,29327921,171009
4,29721398,165355
4,30101719,160322
4,30472443,155375
4,30828515,150924
4,31224514,145702
4,31617058,140598
4,32015390,136062
4,32432068,131399
4,32824951,126835
4,33246873,122782
4,33637779,119349
4,34016358,115428
4,34414699,111795
4,34825521,108484
4,35224016,105781
4,35618393,102785
4,35994558,100332
4,36410833,97426
4,36804184,95344
4,37182851,93208
4,37577211,91503
4,37951169,89924
4,38325039,88286
4,38701090,87034
4,39080151,85787
4,39475443,84879
4,39860890,83999
4,40246285,83396
4,40620962,82934
4,41029044,82687
4,41418455,82567
4,41785854,82613
4,42181805,82378
4,42555185,82103
4,42933960,82079
4,43327561,81933
4,43722108,81905
4,44098258,81901
4,44492966,81905
4,44858611,81982
4,45247134,82018
4,45617718,82071
4,45976884,82118
4,46349743,82165
4,46744678,82218
4,47123023,82259
4,47516375,82298
4,47900254,82335
4,48287479,82377
4,48700992,82408
4,49056642,82441
4,49450337,82462
4,49827789,82489
4,50224952,82511
4,50617491,82538
4,50997095,82561
4,51370681,82584
4,51763261,82602
4,52133656,82622
4,52494032,82638
4,52898198,82657
4,53290565,82674
4,53679184,82692
4,54077509,82709
4,54472745,82718
4,54825815,82725
4,55224254,82734
4,55616910,82739
4,55977440,82751
4,56419427,82762
4,56807126,82775
4,57186188,82788
4,57559016,82803
4,57954508,82814
4,58325918,82825
4,58680709,82833
4,59079345,82843
4,59451742,82850
4,59804536,82858
4,60202257,82867
4,60577432,82874
4,60978086,82881
4,61347707,82885
4,61743085,82889
4,62122010,82897
4,62514474,82899
4,62879009,82906
4,63245214,82911
4,63639534,82917
4,63998500,82924
4,64370190,82930
4,64787299,82934
4,65193128,82940
4,65557958,82945
4,65954044,82947
4,66348863,82953
4,66720639,82959
4,67077786,82966
4,67471348,82981
4,67860277,83015
4,68244855,83054
4,68618955,83103
4,69017233,83145
4,69393567,83191
4,69782729,83222
4,70140067,83249
4,70518040,83268
4,71035404,83277
4,71529984,83273
4,72060660,83259
4,72552698,83236
4,73051219,83209
4,73567362,83184
4,74045821,83161
4,74475190,83144
4,74871262,83128
4,75362210,83114
4,75897370,83103
4,76403581,83096
4,76940759,83092
4,77423201,83089
4,77937658,83086
4,78365491,83084
4,78777701,83079
4,79186076,83079
4,79653824,83076
4,80179420,83072
4,80697297,83069
4,81196587,83063
4,81640293,83059
4,82115998,83055
4,82637737,83049
4,83152940,83046
4,83575889,83042
4,84070007,83039
4,84496217,83036
4,84913306,83033
4,85308623,83030
4,85722178,83030
4,86079166,83029
4,86470493,83027
4,86824028,83025
4,87203506,83024
4,87615352,83024
4,87971256,83021
4,88323137,83020
4,88676765,83020
4,89063181,83020
4,89452868,83017
4,89860849,83017
4,90226273,83016
4,90618618,83014
4,90976371,83013
4,91350722,83012
4,91740070,83011
4,92119577,83010
4,92528513,83008
4,92901309,83008
4,93284012,83006
4,93643512,83006
4,94017524,83005
4,94412296,83005
4,94822418,83004
4,95224743,83004
4,95611784,83004
4,95996166,83004
4,96411101,83004
4,96825651,83004
4,97244589,83004
4,97641109,83002
4,98016923,83003
4,98410094,83003
4,98827104,83003
4,99223408,83003
4,99601470,83003
4,99997535,83002
4,100364838,83002
4,100722848,83002
4,101117069,83002
4,101468352,83002
4,101853019,83002
4,102244286,83003
4,102617801,83003
4,102974632,83003
4,103369075,83003
4,103744607,83003
4,104153697,83003
4,104512131,83003
4,104876638,83002
4,105260932,83002
4,105635989,83002
4,105996959,83002
4,106410505,83002
4,106801302,83002
4,107180327,83002
4,107573040,83002
4,107931105,83002
4,108324674,83002
4,108697134,83002
4,109054425,83002
4,109426828,83001
4,109822406,83001
4,110220199,83001
4,110592535,83001
4,110951716,83001
4,111328026,83001
4,111723803,83001
4,112121003,83001
4,112492201,83001
4,112853486,83002
4,113244832,83002
4,113635883,83002
4,114016336,83002
4,114393128,83002
4,114797960,83002
4,115160014,83002
4,115553995,83002
4,115930940,83002
4,116325374,83000
4,116676680,83000
4,117066367,83000
4,117451838,83000
4,117824137,82999
4,118225756,82999
4,118619589,82999
4,118996844,82999
4,119409751,82999
4,119768803,82999
4,120161615,82999
4,120574239,82999
4,120932231,82999
4,121326779,82999
5,735487,582970
5,1140011,582491
5,1535325,581919
5,1912192,581333
5,2305584,580590
5,2677834,579684
5,3036073,578452
5,3428426,577263
5,3812881,575731
5,4199453,574239
5,4572760,572585
5,4928983,570463
5,5344392,568452
5,5724908,565987
5,6117403,563326
5,6509991,560790
5,6888860,557731
5,7282813,554566
5,7676179,551588
5,8054970,547900
5,8447905,544506
5,8811205,540993
5,9178236,537437
5,9530098,533645
5,9887178,529012
5,10302995,524840
5,10654966,520699
5,11011634,515616
5,11406402,510820
5,11794149,505454
5,12200179,499938
5,12596876,493822
5,13015212,487867
5,13431275,481733
5,13832418,475869
5,14218257,469373
5,14598745,462525
5,15012226,455414
5,15407548,449215
5,15790470,441678
5,16179438,435132
5,16553531,428251
5,16908004,420349
5,17323186,413187
5,17677446,405891
5,18037622,397401
5,18451148,388708
5,18846770,379760
5,19263405,370708
5,19694518,361337
5,20079770,351880
5,20517415,342118
5,20887638,333474
5,21281560,323532
5,21681072,314464
5,22076829,305576
5,22490722,296173
5,22889578,288558
5,23282695,279625
5,23637827,271879
5,24014797,264363
5,24387627,256053
5,24793363,248757
5,25178814,240867
5,25573260,233844
5,25954104,226236
5,26344075,218626
5,26722545,211402
5,27137708,205101
5,27530340,198219
5,27909986,191539
5,28301652,185728
5,28676680,180341
5,29036968,174041
5,29429858,168830
5,29814628,163923
5,30201154,158100
5,30594359,152793
5,31003577,147681
5,31390922,143049
5,31820571,137726
5,32230741,133114
5,32616524,128998
5,33024790,124708
5,33386515,121272
5,33729059,117810
5,34107889,113989
5,34502058,110914
5,34876182,108076
5,35250850,105016
5,35622553,102425
5,36093625,99012
5,36501408,96833
5,36948309,94257
5,37321850,92479
5,37682432,90827
5,38040021,89303
5,38393574,87942
5,38759407,86730
5,39088035,85818
5,39398633,85035
5,39710496,84350
5,40031483,83675
5,40384931,83180
5,40741964,82853
5,41095182,82657
5,41512809,82603
5,41875793,82612
5,42215049,82275
5,42574583,82029
5,42949605,82022
5,43305374,81916
5,43671115,81861
5,44011703,81897
5,44357981,81894
5,44675222,81949
5,45049787,82021
5,45381763,82070
5,45742447,82118
5,46116766,82157
5,46473300,82185
5,46893434,82234
5,47243945,82266
5,47585931,82295
5,47903074,82323
5,48255183,82346
5,48610265,82366
5,48965523,82386
5,49302753,82408
5,49657899,82427
5,50012820,82446
5,50364562,82459
5,50716834,82478
5,51079308,82495
5,51405995,82514
5,51762937,82537
5,52118192,82563
5,52471987,82587
5,52816662,82614
5,53181278,82634
5,53569660,82654
5,53922295,82671
5,54264993,82687
5,54617239,82703
5,54980236,82718
5,55347562,82732
5,55706300,82746
5,56067482,82758
5,56414541,82770
5,56783288,82782
5,57128779,82792
5,57482888,82805
5,57859009,82815
5,58232397,82833
5,58607066,82843
5,58984760,82853
5,59356187,82860
5,59760327,82870
5,60158665,82874
5,60530818,82883
5,60879759,82889
5,61232545,82898
5,61614542,82905
5,62011964,82913
5,62407093,82917
5,62773511,82919
5,63174052,82924
5,63522915,82930
5,63909780,82935
5,64324150,82935
5,64721162,82935
5,65138781,82935
5,65531129,82937
5,65887902,82942
5,66282227,82946
5,66676044,82951
5,67044859,82963
5,67428064,82974
5,67811599,82998
5,68200303,83028
5,68576533,83071
5,68983186,83112
5,69344079,83161
5,69737325,83205
5,70138012,83236
5,70508587,83261
5,70865943,83281
5,71260037,83287
5,71634229,83287
5,71993270,83279
5,72391785,83267
5,72795503,83247
5,73180835,83228
5,73575585,83205
5,73954922,83185
5,74348888,83162
5,74760715,83143
5,75157556,83130
5,75533842,83118
5,75929104,83106
5,76303824,83101
5,76701131,83096
5,77096602,83090
5,77491752,83089
5,77898369,83087
5,78285058,83086
5,78679944,83083
5,79075476,83080
5,79470485,83079
5,79890345,83077
5,80282365,83074
5,80684200,83071
5,81079384,83067
5,81474795,83064
5,81868909,83059
5,82240939,83058
5,82635252,83054
5,82994219,83049
5,83386849,83047
5,83793655,83044
5,84181471,83039
5,84575893,83039
5,84961146,83036
5,85366851,83033
5,85792027,83031
5,86182196,83029
5,86572625,83028
5,86934513,83027
5,87304155,83026
5,87700563,83023
5,88076125,83023
5,88469828,83021
5,88888698,83019
5,89303250,83019
5,89700309,83017
5,90077427,83015
5,90473259,83015
5,90890023,83015
5,91284820,83012
5,91686562,83012
5,92075272,83012
5,92484849,83011
5,92887552,83011
5,93281715,83011
5,93645328,83011
5,94021682,83008
5,94415836,83008
5,94794355,83009
5,95177975,83009
5,95531942,83006
5,95915168,83006
5,96308926,83006
5,96697748,83006
5,97074302,83006
5,97468911,83006
5,97889340,83005
5,98288743,83004
5,98678870,83004
5,99104189,83004
5,99494051,83004
5,99897306,83004
5,100268724,83004
5,100661957,83004
5,101034115,83004
5,101428717,83004
5,101819497,83004
5,102206918,83003
5,102586097,83002
5,102973258,83002
5,103387877,83002
5,103790330,83002
5,104178132,83002
5,104569323,83001
5,104929814,83001
5,105321859,83000
5,105674107,83000
5,106033373,83000
5,106405531,83000
5,106757278,83000
5,107155397,83000
5,107528154,83000
5,107885000,83000
5,108235786,83000
5,108610321,83000
5,109017987,83000
5,109407387,83000
5,109791585,83000
5,110180849,83000
5,110574712,83000
5,110954482,83000
5,111325165,83001
5,111715069,83001
5,112072279,83002
5,112429346,83002
5,112811765,83002
5,113200420,83001
5,113574295,82999
5,113971728,82999
5,114390191,82997
5,114788301,82997
5,115177888,82996
5,115550658,82996
5,115907856,82996
5,116282269,82996
5,116686675,82996
5,117076697,82996
5,117469965,82998
5,117864233,82998
5,118236076,82997
5,118634213,82997
6,716644,582994
6,1094691,582653
6,1527396,581981
6,1890637,581404
6,2286537,580719
6,2692247,579660
6,3063650,578414
6,3477288,577104
6,3890730,575514
6,4287128,573759
6,4684337,572056
6,5057274,569900
6,5483274,567550
6,5869432,565349
6,6241374,562601
6,6641076,560024
6,7013094,556952
6,7421896,554165
6,7784488,550686
6,8179051,547420
6,8540483,543500
6,8979476,539481
6,9367262,535321
6,9766373,530780
6,10160237,526620
6,10538135,521906
6,10930777,517597
6,11324795,512229
6,11724696,506795
6,12116171,502092
6,12492801,496178
6,12891432,490073
6,13305880,484151
6,13725226,477565
6,14117949,471003
6,14514878,465206
6,14910591,458053
6,15303963,451926
6,15660168,444523
6,16057709,437939
6,16440013,430233
6,16831541,423294
6,17203051,415278
6,17601201,406935
6,18013159,398495
6,18439965,389796
6,18826090,382052
6,19179813,374116
6,19555800,364908
6,19950494,356662
6,20324519,348236
6,20685060,338506
6,21079065,329715
6,21466322,320061
6,21847436,311236
6,22264316,302015
6,22700400,292874
6,23080716,285244
6,23471251,276298
6,23869844,267529
6,24265059,259190
6,24661478,251804
6,25034198,243801
6,25443047,236805
6,25805239,229024
6,26202936,221443
6,26638813,214036
6,27011235,207787
6,27387456,200705
6,27784546,194875
6,28157292,188954
6,28514847,182593
6,28930055,177191
6,29282254,171698
6,29640232,165996
6,30031940,160998
6,30418151,155324
6,30812441,150244
6,31220823,145655
6,31583938,141158
6,31964780,136577
6,32345686,132506
6,32722847,127864
6,33115336,124214
6,33493585,120313
6,33890960,116382
6,34284267,113121
6,34662818,109700
6,35056645,106936
6,35461053,103913
6,35830888,101031
6,36224183,98694
6,36619403,96232
6,37015647,93986
6,37440758,91980
6,37827192,90143
6,38239791,88479
6,38638990,87214
6,39013425,85932
6,39417215,84887
6,39804715,84113
6,40179493,83485
6,40534045,83000
6,40928917,82734
6,41303645,82594
6,41660905,82607
6,42034266,82535
6,42386628,82130
6,42788156,82052
6,43162952,81990
6,43556048,81866
6,43952789,81891
6,44331596,81868
6,44728837,81909
6,45095857,81979
6,45459757,82033
6,45852325,82091
6,46243641,82141
6,46639897,82187
6,47033171,82242
6,47398246,82293
6,47806121,82339
6,48199385,82368
6,48579979,82392
6,48990814,82414
6,49387272,82437
6,49763701,82457
6,50157010,82476
6,50514757,82491
6,50910644,82511
6,51283847,82527
6,51638624,82544
6,52011822,82563
6,52365792,82581
6,52764091,82598
6,53136588,82616
6,53505742,82635
6,53887091,82658
6,54261622,82681
6,54617276,82708
6,55015356,82729
6,55388767,82749
6,55787483,82765
6,56160890,82785
6,56569387,82797
6,56931485,82812
6,57324649,82824
6,57682343,82835
6,58056009,82844
6,58460078,82853
6,58853946,82861
6,59240734,82871
6,59641923,82878
6,60034183,82881
6,60439843,82886
6,60828268,82889
6,61225111,82895
6,61640454,82897
6,62034610,82902
6,62438544,82909
6,62823721,82914
6,63178500,82917
6,63533722,82924
6,63886427,82928
6,64240925,82931
6,64622331,82934
6,65014761,82934
6,65443085,82933
6,65828457,82931
6,66222868,82930
6,66619209,82933
6,67010719,82934
6,67365546,82939
6,67765514,82944
6,68137041,82947
6,68495127,82953
6,68909387,82959
6,69306636,82966
6,69683575,82987
6,70077330,83016
6,70464757,83056
6,70845109,83102
6,71260636,83142
6,71619014,83186
6,72022249,83218
6,72423115,83246
6,72782971,83262
6,73135543,83271
6,73513644,83273
6,73928183,83267
6,74282411,83255
6,74638481,83239
6,75032368,83221
6,75419441,83198
6,75831710,83177
6,76227213,83156
6,76640352,83140
6,77034565,83125
6,77443213,83110
6,77805244,83103
6,78179817,83094
6,78535240,83089
6,78953481,83085
6,79351330,83081
6,79744076,83079
6,80116923,83079
6,80515630,83079
6,80899639,83076
6,81286139,83075
6,81660992,83073
6,82056219,83071
6,82438238,83069
6,82825699,83068
6,83225104,83064
6,83618369,83060
6,84014023,83057
6,84438402,83053
6,84824987,83049
6,85180189,83046
6,85534049,83044
6,85927917,83039
6,86304081,83037
6,86684989,83036
6,87077432,83032
6,87473717,83030
6,87867381,83030
6,88242710,83026
6,88619437,83025
6,89011501,83024
6,89386408,83023
6,89782780,83021
6,90135727,83021
6,90516467,83019
6,90920924,83018
6,91285549,83017
6,91681546,83015
6,92053363,83016
6,92419167,83013
6,92806025,83012
6,93177848,83012
6,93534490,83012
6,93928982,83011
6,94281596,83010
6,94660092,83010
6,95053249,83009
6,95444925,83007
6,95826169,83007
6,96220321,83007
6,96606803,83005
6,97013474,83005
6,97441502,83005
6,97829679,83005
6,98225055,83005
6,98620478,83004
6,99015096,83004
6,99419535,83004
6,99786349,83003
6,100180049,83003
6,100556850,83002
6,100951925,83002
6,101348006,83002
6,101741098,83002
6,102114509,83003
6,102494683,83003
6,102890324,83003
6,103261255,83003
6,103619747,83002
6,104015189,83002
6,104386081,83002
6,104785706,83002
6,105158452,83002
6,105523016,83002
6,105908550,83001
6,106282536,83000
6,106639046,83000
6,107033934,82999
6,107416412,82999
6,107803715,82999
6,108157702,82999
6,108535106,82999
6,108978071,82999
6,109367723,82998
6,109767298,82998
6,110161443,82999
6,110535784,82999
6,110928085,82999
6,111282918,82999
6,111659436,82999
6,112052621,82997
6,112441601,82997
6,112826585,82997
6,113219423,82998
6,113582957,82997
6,113951643,82997
6,114328036,82997
6,114723263,82996
6,115136909,82996
6,115496273,82998
6,115887584,82997
6,116260694,82997
6,116618859,82997
6,117012510,82998
6,117386140,82998
7,732267,582985
7,1142517,582573
7,1533633,581983
7,1917205,581406
7,2302249,580739
7,2655748,579800
7,3054367,578568
7,3432503,577476
7,3805074,575947
7,4199784,574214
7,4593675,572575
7,4997830,570467
7,5386458,568466
7,5738274,566326
7,6099870,563678
7,6492039,561151
7,6867765,558110
7,7263699,555387
7,7637368,552477
7,7992339,548836
7,8387864,545475
7,8758342,541988
7,9115664,538474
7,9466924,534780
7,9845236,530201
7,10244343,525447
7,10638318,521333
7,11058633,516328
7,11452281,510867
7,11842498,505509
7,12239839,500718
7,12616640,495429
7,12976666,489378
7,13370035,483401
7,13782850,477603
7,14140056,471031
7,14533754,465236
7,14918681,458085
7,15305159,451952
7,15684653,444551
7,16072091,437967
7,16446631,431270
7,16808735,423329
7,17206705,415306
7,17618123,406951
7,18014142,399598
7,18406646,390869
7,18801016,383176
7,19161368,374086
7,19553896,366054
7,19935411,356637
7,20326054,346978
7,20738144,338469
7,21093749,329681
7,21467560,320014
7,21863551,311150
7,22260726,303132
7,22634964,294941
7,23014222,286205
7,23408965,277284
7,23805428,269554
7,24185029,261141
7,24580383,252788
7,24993072,244726
7,25383928,237772
7,25744932,230888
7,26119252,223337
7,26534478,215839
7,26939025,208694
7,27324792,202417
7,27700893,195735
7,28129052,188974
7,28513748,183384
7,28916501,177220
7,29303963,171729
7,29654099,166731
7,30014040,161030
7,30430956,155353
7,30820702,150917
7,31184340,146347
7,31557261,141177
7,31937161,137153
7,32321249,133088
7,32674601,128970
7,33031785,125194
7,33404701,121266
7,33778935,117807
7,34165793,113990
7,34576972,110492
7,34973143,107676
7,35367854,104626
7,35751525,101689
7,36142095,99307
7,36511289,97096
7,36862841,94756
7,37261648,92929
7,37616990,91243
7,38013867,89473
7,38410247,87910
7,38800489,86700
7,39181316,85521
7,39581291,84554
7,39993778,83748
7,40437307,83179
7,40804592,82857
7,41186127,82651
7,41574843,82634
7,41993126,82581
7,42407534,82280
7,42760743,82217
7,43117298,82147
7,43510505,82032
7,43892540,82023
7,44280888,81968
7,44634862,81975
7,45011598,82022
7,45365684,82063
7,45717450,82111
7,46097487,82151
7,46491387,82171
7,46867344,82210
7,47263522,82245
7,47680474,82289
7,48076356,82321
7,48491775,82351
7,48914684,82379
7,49301947,82408
7,49654436,82435
7,50036988,82466
7,50452870,82494
7,50842969,82517
7,51219879,82547
7,51615446,82569
7,51971575,82592
7,52364791,82609
7,52746687,82626
7,53140394,82641
7,53510857,82657
7,53863085,82675
7,54262665,82691
7,54633360,82707
7,54988841,82722
7,55342798,82738
7,55716775,82757
7,56121889,82774
7,56535487,82791
7,56938953,82804
7,57310720,82819
7,57705578,82832
7,58119698,82844
7,58509622,82852
7,58893988,82860
7,59286245,82868
7,59655594,82873
7,60023749,82880
7,60431816,82887
7,60830490,82892
7,61242117,82898
7,61635150,82900
7,62015035,82906
7,62408274,82909
7,62800867,82914
7,63181830,82918
7,63553361,82925
7,63914743,82927
7,64304101,82929
7,64656234,82933
7,65033163,82934
7,65405287,82936
7,65780541,82942
7,66156504,82946
7,66509090,82952
7,66862875,82956
7,67265891,82959
7,67638660,82965
7,68035809,82969
7,68408583,82974
7,68764078,82984
7,69159801,83003
7,69533629,83028
7,69918253,83068
7,70306008,83113
7,70704559,83156
7,71115834,83190
7,71466175,83221
7,71841541,83248
7,72240489,83262
7,72612200,83269
7,72973246,83270
7,73363911,83266
7,73716178,83253
7,74098043,83236
7,74492235,83216
7,74864744,83196
7,75266384,83177
7,75636748,83160
7,75991878,83142
7,76385326,83128
7,76739627,83116
7,77129134,83104
7,77511855,83098
7,77923046,83091
7,78309153,83086
7,78705577,83083
7,79117946,83081
7,79512953,83078
7,79919390,83078
7,80283264,83077
7,80638344,83075
7,81012312,83072
7,81410124,83071
7,81804144,83068
7,82184608,83066
7,82580971,83061
7,82971957,83058
7,83346495,83057
7,83720516,83051
7,84129927,83048
7,84494945,83046
7,84895256,83042
7,85261555,83040
7,85615526,83038
7,85970643,83035
7,86366045,83032
7,86739337,83031
7,87115731,83030
7,87510752,83028
7,87863810,83027
7,88261529,83025
7,88636188,83025
7,88991819,83023
7,89408417,83022
7,89803316,83021
7,90162494,83020
7,90533085,83020
7,90937524,83019
7,91326782,83017
7,91718325,83016
7,92117244,83016
7,92510675,83016
7,92897660,83015
7,93286119,83015
7,93658978,83013
7,94056628,83013
7,94428526,83012
7,94823911,83011
7,95183954,83010
7,95553901,83010
7,95962029,83008
7,96367922,83008
7,96760564,83007
7,97139353,83007
7,97532958,83007
7,97917104,83006
7,98306103,83006
7,98701654,83007
7,99095708,83006
7,99489494,83006
7,99842319,83006
7,100222472,83006
7,100615313,83006
7,100971679,83006
7,101398905,83006
7,101781990,83005
7,102137185,83005
7,102511393,83005
7,102863056,83004
7,103263686,83004
7,103637540,83003
7,104037042,83003
7,104430661,83002
7,104806639,83002
7,105183515,83002
7,105578841,83002
7,105990374,83002
7,106342353,83003
7,106717596,83002
7,107118554,83002
7,107515071,83002
7,107921276,83002
7,108285520,83002
7,108668857,83002
7,109059842,83002
7,109432009,83003
7,109828044,83003
7,110241965,83003
7,110636145,83002
7,111016618,83002
7,111410333,83001
7,111784681,83000
7,112181077,82999
7,112558962,82999
7,112959141,82998
7,113324976,82997
7,113718889,82996
7,114096992,82997
7,114489520,82997
7,114847101,82996
7,115245655,82997
7,115616828,82999
7,116015407,82998
7,116406898,82998
7,116782189,82998
7,117141078,82998
7,117510672,82998
8,747076,582985
8,1118045,582654
8,1491257,582066
8,1888639,581499
8,2265230,580758
8,2672320,579818
8,3037877,578585
8,3428647,577504
8,3808410,575972
8,4202901,574229
8,4598299,572340
8,5013399,570486
8,5407815,568190
8,5804716,565705
8,6200142,563338
8,6552376,560794
8,6909086,558125
8,7305823,555007
8,7707395,551616
8,8100012,547917
8,8513414,544021
8,8911742,540006
8,9324537,536420
8,9708478,531978
8,10099299,527230
8,10491033,523090
8,10867174,518249
8,11260649,513612
8,11614524,508801
8,11991932,503464
8,12405999,498447
8,12766896,492296
8,13159003,486392
8,13578192,480090
8,13977498,473407
8,14400492,467749
8,14792735,460733
8,15183403,453663
8,15576179,446406
8,15993233,438863
8,16388140,431237
8,16808570,423278
8,17202204,415253
8,17640565,406902
8,18032536,399554
8,18385835,391919
8,18743029,383141
8,19156191,375199
8,19510185,367212
8,19866931,357782
8,20282402,349413
8,20634690,339691
8,21056077,329675
8,21449395,321163
8,21804556,313316
8,22200097,304334
8,22574148,296068
8,22956244,287311
8,23347110,278401
8,23743771,270679
8,24117966,262184
8,24533905,253858
8,24931454,246709
8,25303212,239817
8,25666291,231875
8,26057361,225273
8,26430449,217681
8,26827942,211398
8,27221916,204193
8,27618074,197372
8,28015639,190674
8,28407237,184941
8,28785780,178792
8,29178061,173272
8,29552248,168144
8,29910969,162503
8,30304319,157421
8,30691793,152199
8,31074921,147710
8,31449239,143058
8,31804707,138850
8,32156541,134861
8,32511045,130712
8,32867318,126748
8,33250015,122711
8,33637293,119294
8,34039293,115398
8,34410789,111769
8,34829129,108461
8,35227191,105391
8,35618954,102772
8,35996862,99984
8,36390052,97723
8,36768860,95335
8,37161710,93454
8,37535149,91500
8,37954098,89714
8,38346363,88113
8,38778378,86720
8,39182820,85538
8,39577897,84570
8,39979499,83849
8,40347412,83239
8,40746114,82894
8,41119283,82658
8,41533996,82612
8,41933678,82599
8,42325995,82310
8,42714260,82217
8,43077376,82158
8,43476394,82016
8,43889849,82000
8,44283254,81934
8,44636749,81940
8,45036503,81992
8,45408547,82035
8,45763807,82087
8,46137469,82126
8,46490131,82156
8,46872674,82210
8,47266200,82253
8,47670837,82296
8,48036672,82334
8,48431427,82362
8,48808669,82384
8,49200496,82410
8,49553131,82432
8,49913151,82462
8,50304765,82489
8,50690612,82517
8,51055448,82548
8,51450429,82577
8,51806486,82603
8,52200394,82630
8,52575310,82647
8,52930812,82668
8,53305238,82690
8,53707955,82708
8,54100237,82723
8,54492000,82736
8,54888502,82746
8,55303938,82755
8,55668750,82767
8,56058893,82779
8,56431989,82790
8,56829821,82802
8,57206886,82812
8,57603760,82823
8,58033194,82834
8,58435504,82843
8,58831088,82851
8,59201286,82858
8,59597517,82863
8,60013475,82868
8,60409769,82870
8,60807945,82877
8,61202071,82881
8,61601464,82887
8,62013969,82894
8,62407145,82897
8,62765954,82903
8,63145669,82908
8,63561089,82911
8,64010580,82914
8,64414923,82916
8,64800055,82916
8,65173570,82917
8,65541124,82919
8,65898110,82923
8,66250384,82926
8,66596054,82934
8,66955421,82943
8,67308817,82951
8,67672413,82965
8,68018063,82982
8,68346337,83007
8,68691024,83036
8,69059800,83077
8,69409867,83117
8,69772067,83158
8,70126126,83197
8,70507199,83228
8,70883873,83257
8,71255617,83272
8,71626961,83282
8,71983663,83282
8,72356285,83275
8,72734521,83262
8,73107411,83246
8,73481821,83226
8,73880357,83204
8,74253346,83183
8,74633478,83163
8,75011152,83147
8,75365165,83131
8,75739528,83116
8,76133512,83106
8,76488845,83099
8,76864925,83093
8,77260703,83088
8,77613724,83085
8,77997196,83082
8,78388836,83080
8,78807971,83079
8,79200882,83078
8,79555678,83077
8,79932177,83074
8,80323369,83073
8,80709772,83069
8,81102546,83067
8,81512018,83064
8,81884810,83061
8,82244230,83057
8,82634577,83054
8,83033938,83049
8,83405698,83047
8,83765796,83043
8,84157567,83041
8,84531063,83038
8,84890442,83036
8,85282217,83034
8,85663743,83030
8,86054105,83030
8,86426385,83028
8,86802863,83027
8,87156847,83025
8,87517821,83023
8,87908674,83023
8,88259577,83020
8,88612212,83020
8,88996839,83017
8,89386013,83016
8,89743419,83015
8,90129728,83015
8,90514379,83013
8,90910735,83013
8,91305567,83012
8,91667259,83012
8,92056292,83011
8,92427302,83010
8,92807900,83010
8,93203139,83008
8,93600901,83008
8,94012273,83007
8,94364815,83007
8,94743991,83006
8,95136812,83005
8,95489153,83005
8,95868390,83005
8,96261457,83004
8,96613691,83004
8,96991425,83004
8,97385182,83004
8,97739587,83004
8,98113756,83004
8,98510745,83004
8,98865447,83003
8,99238530,83003
8,99634764,83003
8,100037151,83003
8,100409689,83003
8,100808606,83003
8,101202141,83003
8,101596450,83002
8,101990543,83003
8,102367900,83003
8,102742336,83003
8,103118015,83003
8,103513048,83003
8,103891780,83002
8,104284708,83001
8,104664528,83001
8,105053945,83001
8,105406118,83001
8,105787061,83001
8,106209693,83000
8,106599046,83000
8,107014556,83000
8,107406805,83000
8,107762624,82999
8,108137111,82999
8,108488040,82999
8,108865136,82999
8,109259776,82998
8,109613200,82999
8,109991522,82998
8,110384238,82999
8,110795031,82999
8,111183116,82999
8,111576480,82999
8,111989818,82999
8,112389908,82998
8,112805584,82999
8,113203999,82998
8,113577346,82997
8,113975039,82998
8,114388452,82998
8,114785170,82997
8,115157557,82996
8,115509630,82998
8,115868749,82998
8,116262147,82998
8,116634739,82997
8,117034848,82997
8,117409387,82996
8,117805576,82996
8,118219768,82996
9,727231,582986
9,1132552,582573
9,1527888,581918
9,1918221,581421
9,2314724,580639
9,2708927,579673
9,3066166,578440
9,3483283,577159
9,3879324,575765
9,4261008,574012
9,4648787,572088
9,5067189,569933
9,5480722,567888
9,5833677,565699
9,6189192,562976
9,6605533,560413
9,6967443,557349
9,7357815,554582
9,7729804,551588
9,8086016,547887
9,8481352,544498
9,8855732,540992
9,9212210,536927
9,9628468,532528
9,10021446,528420
9,10395951,524259
9,10754866,519492
9,11152538,514272
9,11563777,509472
9,11916201,504812
9,12296442,499206
9,12689244,493832
9,13046457,488619
9,13457361,482557
9,13818345,475887
9,14212933,470201
9,14607910,463442
9,15011844,456307
9,15405265,449239
9,15816722,441682
9,16231709,434178
9,16627024,427245
9,16995203,420336
9,17356746,412131
9,17750876,404843
9,18127969,396283
9,18526150,387597
9,18939149,378589
9,19356042,370681
9,19709200,362485
9,20067718,353067
9,20479835,344544
9,20833371,335997
9,21192440,325927
9,21584317,317730
9,21939017,310038
9,22334716,301929
9,22708257,292743
9,23067981,285115
9,23441319,276219
9,23836219,268525
9,24214478,260176
9,24628147,251794
9,25025592,243807
9,25439469,236821
9,25795445,229060
9,26193798,222452
9,26563901,215902
9,26917004,209647
9,27294679,202448
9,27688947,196564
9,28072504,189839
9,28493813,183414
9,28895278,177247
9,29281887,171751
9,29647811,166056
9,30067235,160317
9,30470171,154710
9,30856955,150293
9,31232548,145018
9,31627919,140569
9,32022689,136005
9,32419340,131275
9,32812612,127255
9,33168622,123167
9,33564046,119760
9,33939077,115848
9,34363506,112177
9,34754651,109232
9,35150606,106122
9,35544040,103117
9,35939727,100297
9,36336539,98014
9,36712286,95609
9,37110727,93705
9,37523776,91494
9,37939234,89713
9,38352195,88304
9,38710085,86892
9,39107912,85686
9,39500560,84813
9,39876148,84055
9,40230587,83456
9,40604450,83045
9,40971448,82748
9,41369489,82633
9,41730438,82665
9,42090016,82512
9,42480307,82284
9,42854830,82265
9,43211614,82132
9,43604866,82051
9,43969078,82025
9,44355866,81957
9,44729417,81990
9,45109058,82034
9,45525353,82087
9,45918015,82136
9,46319128,82163
9,46712557,82207
9,47110182,82252
9,47524502,82295
9,47916798,82326
9,48296752,82354
9,48666813,82376
9,49046111,82402
9,49440780,82423
9,49814985,82452
9,50211893,82475
9,50588225,82499
9,50993547,82520
9,51357821,82545
9,51750759,82562
9,52106983,82581
9,52481066,82600
9,52875717,82616
9,53232390,82632
9,53606329,82650
9,54031089,82663
9,54417276,82676
9,54791924,82691
9,55189093,82708
9,55584543,82719
9,55970427,82734
9,56363017,82742
9,56730803,82751
9,57088110,82762
9,57530177,82775
9,57918871,82790
9,58317777,82806
9,58712167,82819
9,59088094,82833
9,59480874,82844
9,59834670,82854
9,60210933,82864
9,60604179,82871
9,60995812,82877
9,61377095,82882
9,61754206,82888
9,62155495,82896
9,62531330,82902
9,62918166,82909
9,63313850,82914
9,63708525,82916
9,64086931,82917
9,64459622,82922
9,64812063,82923
9,65169354,82927
9,65571048,82930
9,65938339,82936
9,66337037,82941
9,66707589,82946
9,67066942,82953
9,67481584,82962
9,67875597,82969
9,68231987,82978
9,68625522,82993
9,69014252,83008
9,69381302,83022
9,69776852,83043
9,70190343,83066
9,70603856,83093
9,70970160,83130
9,71360820,83164
9,71728355,83194
9,72088801,83224
9,72482186,83246
9,72855808,83259
9,73211986,83266
9,73627821,83266
9,74025597,83261
9,74441073,83247
9,74833773,83234
9,75189812,83218
9,75564831,83196
9,75968146,83179
9,76334523,83162
9,76686644,83146
9,77043975,83135
9,77416169,83121
9,77812694,83111
9,78173628,83104
9,78543798,83100
9,78935784,83094
9,79337092,83091
9,79730449,83088
9,80085694,83086
9,80479616,83084
9,80833822,83082
9,81188116,83080
9,81541001,83077
9,81916567,83076
9,82295818,83071
9,82689691,83070
9,83088089,83067
9,83460321,83064
9,83813900,83062
9,84170756,83057
9,84564271,83054
9,84917328,83051
9,85292676,83048
9,85666369,83045
9,86065050,83040
9,86459870,83040
9,86842971,83037
9,87233063,83034
9,87626287,83032
9,88011054,83031
9,88401065,83029
9,88790056,83027
9,89173801,83026
9,89544820,83024
9,89950772,83023
9,90363162,83021
9,90752891,83020
9,91133797,83020
9,91525426,83019
9,91915970,83017
9,92316206,83016
9,92708883,83016
9,93065679,83013
9,93440093,83013
9,93835834,83013
9,94213734,83012
9,94607804,83011
9,95011264,83011
9,95381134,83011
9,95753804,83010
9,96152513,83010
9,96542796,83010
9,96915125,83009
9,97292148,83008
9,97666921,83008
9,98042067,83007
9,98416600,83007
9,98811327,83007
9,99167270,83007
9,99542071,83007
9,99936436,83006
9,100338008,83005
9,100732827,83005
9,101129344,83005
9,101522028,83004
9,101882893,83004
9,102256973,83003
9,102652473,83003
9,103045669,83002
9,103419440,83001
9,103814384,83001
9,104192717,83001
9,104585498,83002
9,104971267,83002
9,105356903,83001
9,105728782,83001
9,106088675,83002
9,106483456,83002
9,106854884,83002
9,107212667,83002
9,107605344,83002
9,107990935,83002
9,108377108,83002
9,108729899,83001
9,109086610,83001
9,109457776,83000
9,109811413,82999
9,110169137,82999
9,110540935,82999
9,110937341,82998
9,111327168,82998
9,111709660,82998
9,112129266,82997
9,112520934,82997
9,112879369,82999
9,113256051,82999
9,113650688,82998
9,114078562,82999
9,114441850,83000
9,114835095,82999
9,115232656,82998
9,115607505,82998
9,116011999,82998
9,116382402,82998
9,116775101,82997
9,117189965,82996
9,117584275,82996
9,117967863,82996
9,118357432,82996
9,118732213,82996
9,119128515,82996
9,119524498,82997
9,119919101,82996
10,736574,582986
10,1139151,582654
10,1493286,582071
10,1886778,581503
10,2274615,580865
10,2663563,579835
10,3034284,578757
10,3393158,577503
10,3784728,576195
10,4159519,574679
10,4514943,573092
10,4907875,571047
10,5296679,569077
10,5680099,566655
10,6053544,564388
10,6415884,561537
10,6829584,558506
10,7245217,555394
10,7642463,552041
10,8054984,548842
10,8435152,544999
10,8832227,541002
10,9241580,536929
10,9641226,532533
10,10054983,528423
10,10411178,523672
10,10825526,519497
10,11183452,514268
10,11582712,508787
10,11992034,504140
10,12347055,499196
10,12742486,493057
10,13136298,487882
10,13498469,481733
10,13892039,475040
10,14319275,468585
10,14708425,461620
10,15096831,455416
10,15473039,448326
10,15867309,441672
10,16271785,434167
10,16663665,426259
10,17058160,419344
10,17446900,411077
10,17850454,402770
10,18243771,394108
10,18660863,385405
10,19055088,377476
10,19434224,368408
10,19828735,358982
10,20242501,349431
10,20641305,340918
10,21013016,332222
10,21369024,322350
10,21784028,314451
10,22138230,306704
10,22492347,298397
10,22845094,290636
10,23219840,281819
10,23617751,274033
10,23970196,266398
10,24360789,258099
10,24741762,250702
10,25095538,243730
10,25472035,235743
10,25849049,228948
10,26244290,221352
10,26640514,213959
10,27057565,206778
10,27458841,199782
10,27846312,193977
10,28220111,188070
10,28597224,181791
10,28992091,176380
10,29349758,170205
10,29741467,165313
10,30115862,160283
10,30477545,155344
10,30866702,150290
10,31240761,145037
10,31661897,140023
10,32054649,136066
10,32431572,131346
10,32829785,126792
10,33240225,122751
10,33640833,119320
10,34033143,115405
10,34430207,112205
10,34806174,108863
10,35182945,106150
10,35563942,103145
10,35952749,100325
10,36371469,97730
10,36768013,95630
10,37139658,93460
10,37535850,91736
10,37908565,90142
10,38273827,88485
10,38658234,87226
10,39036233,85957
10,39434232,85038
10,39812304,84141
10,40186096,83509
10,40572603,83019
10,40975323,82725
10,41391255,82602
10,41783215,82640
10,42146860,82464
10,42536300,82187
10,42931617,82174
10,43331846,82004
10,43742131,81958
10,44095777,81943
10,44473002,81882
10,44866062,81947
10,45221253,81976
10,45596669,82030
10,45991901,82086
10,46361447,82121
10,46723829,82189
10,47119359,82249
10,47538499,82307
10,47931753,82352
10,48321042,82387
10,48701700,82427
10,49115960,82457
10,49476436,82492
10,49869039,82518
10,50243138,82541
10,50643441,82561
10,51035381,82580
10,51432860,82596
10,51831382,82615
10,52242218,82629
10,52642478,82644
10,53012549,82660
10,53368609,82681
10,53764065,82699
10,54137033,82716
10,54494571,82732
10,54887513,82748
10,55241106,82761
10,55643532,82777
10,56012570,82790
10,56388890,82802
10,56805322,82811
10,57158449,82819
10,57518605,82825
10,57912682,82832
10,58296754,82837
10,58683423,82844
10,59060074,82852
10,59457775,82858
10,59866432,82864
10,60219816,82873
10,60596818,82879
10,60993627,82885
10,61390369,82888
10,61765472,82888
10,62161248,82888
10,62538286,82890
10,62932658,82900
10,63314761,82911
10,63699224,82913
10,64053697,82917
10,64431668,82922
10,64829352,82925
10,65253279,82931
10,65659765,82934
10,66055116,82938
10,66409912,82942
10,66814282,82946
10,67200190,82954
10,67554822,82965
10,67953698,82980
10,68370321,83003
10,68763000,83026
10,69137837,83057
10,69492232,83094
10,69844812,83133
10,70220093,83176
10,70618954,83210
10,70970149,83239
10,71350055,83256
10,71743559,83269
10,72138863,83271
10,72536735,83268
10,72930461,83258
10,73296924,83243
10,73682931,83227
10,74056967,83204
10,74456193,83183
10,74865405,83167
10,75220605,83147
10,75598663,83133
10,75992539,83119
10,76347388,83111
10,76744364,83101
10,77135884,83095
10,77492881,83091
10,77887774,83088
10,78241076,83086
10,78660190,83082
10,79052860,83081
10,79434364,83079
10,79833192,83078
10,80243277,83076
10,80619808,83073
10,81014374,83070
10,81432822,83068
10,81824193,83065
10,82178766,83060
10,82536460,83058
10,82929122,83055
10,83315042,83050
10,83683775,83047
10,84079120,83043
10,84495213,83040
10,84887608,83038
10,85271417,83036
10,85661400,83033
10,86033866,83032
10,86388472,83030
10,86804117,83029
10,87158402,83027
10,87514081,83025
10,87929146,83024
10,88293133,83023
10,88691226,83022
10,89075626,83020
10,89450901,83020
10,89876870,83018
10,90274311,83017
10,90662416,83017
10,91062539,83014
10,91453880,83014
10,91867726,83014
10,92276405,83012
10,92638946,83011
10,93034573,83011
10,93431838,83011
10,93808621,83009
10,94183607,83009
10,94581995,83008
10,94991660,83007
10,95347592,83007
10,95741183,83006
10,96113943,83006
10,96474158,83006
10,96867507,83006
10,97239774,83005
10,97641012,83004
10,98031598,83004
10,98409251,83005
10,98803802,83005
10,99177778,83005
10,99533807,83005
10,99927930,83005
10,100312211,83004
10,100684299,83004
10,101078648,83003
10,101495446,83002
10,101890046,83002
10,102273878,83002
10,102662280,83002
10,103035321,83002
10,103429234,83002
10,103804737,83002
10,104159215,83002
10,104515276,83002
10,104910258,83002
10,105294526,83002
10,105679994,83002
10,106032482,83002
10,106412867,83002
10,106805383,83002
10,107159874,83002
10,107538706,83002
10,107930724,83001
10,108316346,83001
10,108699163,83001
10,109057029,83001
10,109429813,83001
10,109823570,83001
10,110177338,83001
10,110553480,83001
10,110906753,83001
10,111270593,83002
10,111636736,83002
10,111990280,83002
10,112360693,83002
10,112741114,83002
10,113113895,83002
10,113471163,83002
10,113846488,83001
10,114254005,83000
10,114639963,82999
10,115034399,82998
10,115420821,82998
10,115803682,82997
10,116177408,82997
10,116536173,82997
10,116911711,82997
10,117319471,82996
10,117686676,82997
10,118074332,82998
10,118429454,82997
10,118802341,82997
10,119155786,82997
10,119515326,82997
10,119928722,82996
11,740209,582993
11,1122273,582654
11,1498549,581995
11,1913273,581421
11,2313448,580638
11,2725164,579535
11,3143791,578287
11,3558602,576976
11,3950959,575561
11,4329765,573787
11,4728187,571840
11,5120500,569955
11,5498677,567590
11,5909926,565377
11,6265551,562990
11,6624501,560058
11,7015159,557379
11,7401720,554199
11,7789484,551166
11,8163705,547447
11,8558501,543534
11,8971968,540017
11,9347377,535881
11,9744717,531964
11,10096758,527834
11,10454352,523099
11,10866989,518883
11,11220780,514286
11,11582425,508808
11,11975794,504154
11,12380376,498458
11,12772883,492319
11,13162785,487156
11,13564451,480927
11,13953046,474224
11,14347459,467762
11,14771402,460722
11,15160346,454531
11,15518666,448310
11,15911436,440726
11,16286442,434150
11,16663461,426239
11,17061382,418318
11,17478457,410012
11,17892768,401692
11,18287698,392999
11,18732665,384266
11,19121482,375187
11,19518813,366002
11,19932981,356580
11,20348443,346925
11,20749253,337184
11,21140115,328379
11,21517004,318840
11,21931350,311192
11,22288243,301987
11,22687882,292837
11,23099538,284133
11,23518464,275216
11,23913039,267516
11,24292830,259182
11,24669403,251772
11,25056993,243718
11,25456859,235754
11,25849950,228966
11,26226504,221384
11,26644388,214074
11,27039300,207899
11,27427164,200922
11,27808655,194362
11,28222967,188589
11,28580583,182416
11,28975241,177078
11,29379767,170939
11,29771005,165214
11,30160533,160028
11,30517284,155025
11,30915272,149783
11,31289186,144992
11,31667414,139711
11,32055480,135761
11,32418225,131717
11,32784958,127605
11,33159463,123430
11,33563117,119599
11,33952441,116183
11,34326264,112453
11,34726057,109103
11,35122712,106386
11,35497366,103366
11,35913266,100524
11,36311721,97910
11,36705595,95792
11,37079446,93594
11,37475610,91856
11,37869322,90027
11,38265676,88557
11,38622517,87098
11,39017959,85974
11,39401682,84905
11,39791431,84109
11,40176254,83390
11,40587888,82914
11,40966651,82661
11,41349988,82537
11,41750079,82592
11,42141969,82415
11,42517333,82014
11,42910785,81964
11,43266298,81911
11,43687513,81848
11,44101825,81899
11,44498946,81914
11,44911599,82007
11,45265047,82045
11,45623312,82090
11,45994187,82143
11,46348405,82182
11,46769084,82226
11,47164081,82254
11,47579178,82282
11,47974828,82306
11,48380336,82337
11,48768004,82373
11,49163147,82405
11,49558185,82437
11,49972403,82464
11,50329750,82492
11,50707361,82521
11,51099524,82549
11,51476278,82581
11,51869468,82603
11,52221217,82630
11,52580501,82651
11,52952367,82666
11,53325600,82687
11,53724775,82704
11,54118290,82719
11,54475179,82737
11,54868057,82757
11,55243175,82772
11,55605378,82785
11,55976481,82797
11,56402789,82805
11,56789827,82815
11,57189258,82821
11,57581322,82823
11,57951877,82829
11,58326952,82834
11,58705389,82838
11,59100096,82839
11,59498302,82836
11,59872149,82832
11,60265614,82832
11,60623049,82839
11,60997327,82847
11,61402238,82856
11,61790332,82860
11,62164403,82870
11,62542007,82878
11,62931606,82886
11,63284493,82891
11,63665156,82895
11,64063290,82897
11,64475128,82900
11,64868307,82900
11,65223695,82900
11,65599335,82902
11,65993012,82907
11,66378875,82909
11,66768865,82916
11,67160611,82923
11,67540902,82930
11,67930039,82941
11,68340202,82952
11,68728239,82963
11,69120736,82970
11,69496846,82977
11,69910259,82984
11,70265644,82987
11,70622121,82994
11,71013354,83002
11,71383658,83008
11,71745419,83018
11,72138832,83028
11,72497628,83038
11,72868666,83046
11,73221598,83054
11,73580764,83061
11,73951745,83068
11,74346875,83074
11,74747341,83076
11,75117965,83079
11,75474951,83083
11,75868546,83084
11,76250009,83087
11,76642350,83095
11,77014212,83108
11,77379240,83132
11,77769156,83154
11,78160067,83179
11,78539555,83197
11,78914675,83213
11,79309182,83223
11,79724420,83229
11,80096420,83230
11,80455297,83224
11,80850666,83217
11,81223457,83205
11,81579266,83192
11,81975245,83176
11,82381085,83163
11,82746771,83149
11,83139571,83136
11,83515924,83126
11,83913866,83116
11,84289688,83110
11,84683727,83102
11,85098455,83097
11,85453416,83095
11,85825803,83090
11,86201474,83087
11,86599361,83084
11,86951913,83081
11,87325132,83078
11,87700756,83077
11,88075885,83074
11,88466184,83071
11,88848326,83069
11,89201729,83067
11,89576866,83063
11,89954744,83060
11,90329527,83059
11,90738615,83056
11,91100833,83052
11,91498134,83049
11,91876952,83047
11,92265414,83045
11,92633508,83042
11,92997686,83040
11,93402134,83038
11,93765521,83034
11,94117992,83034
11,94476588,83031
11,94914977,83031
11,95288419,83029
11,95668572,83027
11,96055215,83027
11,96424887,83026
11,96785923,83025
11,97138846,83024
11,97497139,83022
11,97912064,83020
11,98264779,83020
11,98619426,83020
11,98973204,83020
11,99326740,83019
11,99706306,83018
11,100096763,83016
11,100473890,83016
11,100829860,83015
11,101223884,83014
11,101579565,83014
11,101974970,83013
11,102376245,83011
11,102765932,83011
11,103117700,83011
11,103475888,83011
11,103871041,83011
11,104263407,83011
11,104621390,83010
11,105016586,83010
11,105376455,83009
11,105764657,83008
11,106140249,83007
11,106494304,83006
11,106868425,83006
11,107221133,83005
11,107577487,83005
11,107952869,83005
11,108350168,83004
11,108747764,83004
11,109120487,83004
11,109515648,83004
11,109890756,83004
11,110285881,83004
11,110664258,83004
11,111059604,83004
11,111490661,83003
11,111871828,83003
11,112267352,83002
11,112663914,83002
11,113056816,83001
11,113423295,83000
11,113791734,83000
11,114179710,82999
11,114542192,82999
11,114935196,82999
11,115329196,82999
11,115726895,82998
11,116143845,82998
11,116551898,82998
11,116917825,82998
11,117289171,82998
11,117669142,82998
11,118035079,82998
11,118400529,82997
11,118787500,82997
11,119164105,82996
11,119564104,82996
12,943379,582943
12,1449048,582225
12,1974018,581488
12,2417032,580725
12,2814553,579680
12,3213652,578431
12,3602036,577111
12,4099655,575109
12,4540134,573301
12,4950393,571288
12,5338984,569359
12,5706034,566943
12,6087993,564695
12,6458203,562249
12,6847093,559264
12,7238941,556566
12,7599946,553746
12,7958054,550214
12,8352272,546924
12,8707447,543492
12,9085271,539473
12,9479989,535300
12,9898932,530754
12,10310534,526592
12,10683469,521885
12,11086555,516928
12,11500506,511496
12,11896594,506109
12,12339375,500656
12,12733775,494579
12,13123043,489329
12,13500258,483342
12,13895151,476702
12,14312973,470183
12,14703353,464327
12,15063644,458040
12,15437635,451035
12,15818135,444518
12,16185001,437927
12,16558859,431238
12,16915568,423286
12,17309947,416312
12,17682926,408997
12,18040840,400659
12,18455598,393032
12,18818547,384316
12,19205109,376374
12,19578467,368431
12,19935830,360178
12,20308544,350660
12,20705192,342124
12,21066720,332213
12,21479800,322332
12,21876404,313428
12,22292069,304513
12,22689712,296277
12,23085789,287583
12,23458044,279792
12,23846064,270941
12,24225058,263431
12,24587756,256107
12,24964294,247718
12,25352795,239784
12,25745195,232801
12,26125533,225205
12,26522424,218541
12,26895439,211312
12,27286521,205002
12,27661422,198962
12,28020603,192298
12,28435533,186424
12,28800008,180264
12,29188894,174759
12,29561126,169469
12,29915564,163878
12,30332453,158051
12,30729419,152747
12,31146997,147641
12,31558362,143009
12,31917956,138251
12,32333044,133654
12,32727559,128970
12,33143118,125170
12,33496280,121741
12,33871989,117833
12,34246587,114461
12,34619639,111343
12,34997966,108097
12,35393060,105419
12,35745116,102800
12,36125819,100019
12,36520316,97452
12,36917513,95370
12,37293014,93232
12,37705636,91527
12,38064087,89732
12,38457938,88308
12,38844678,86886
12,39225719,85811
12,39583974,84907
12,39961492,84030
12,40357109,83359
12,40766988,82931
12,41163714,82709
12,41516846,82615
12,41895454,82663
12,42335505,82371
12,42709849,82095
12,43091903,82079
12,43475757,81964
12,43854298,81931
12,44248698,81958
12,44655293,81968
12,45023398,82069
12,45415289,82104
12,45802857,82161
12,46184840,82197
12,46540509,82218
12,46926293,82264
12,47334357,82290
12,47725288,82313
12,48085950,82331
12,48457412,82346
12,48858797,82367
12,49270439,82387
12,49683405,82407
12,50043181,82432
12,50435203,82456
12,50786556,82477
12,51189557,82506
12,51561592,82538
12,51937042,82571
12,52353275,82598
12,52708087,82625
12,53109170,82648
12,53520034,82671
12,53918210,82689
12,54311360,82707
12,54706819,82723
12,55062307,82745
12,55458278,82760
12,55840584,82778
12,56234508,82795
12,56645135,82806
12,57061283,82815
12,57459629,82817
12,57860154,82816
12,58249541,82814
12,58620775,82813
12,59001350,82814
12,59394867,82819
12,59796739,82826
12,60187174,82835
12,60583610,82845
12,60982734,82855
12,61372956,82867
12,61770030,82878
12,62164716,82886
12,62536640,82895
12,62895468,82902
12,63286845,82913
12,63644446,82923
12,64019734,82929
12,64414809,82933
12,64799756,82935
12,65188394,82938
12,65557034,82941
12,65919479,82941
12,66311998,82943
12,66707701,82945
12,67090003,82948
12,67480469,82951
12,67875262,82954
12,68270607,82955
12,68665198,82956
12,69043166,82958
12,69446072,82958
12,69855735,82961
12,70246812,82966
12,70618799,82976
12,71000761,83001
12,71393555,83035
12,71753554,83081
12,72148567,83125
12,72516038,83167
12,72873504,83208
12,73288714,83237
12,73640660,83257
12,73999335,83274
12,74391790,83277
12,74744237,83277
12,75124127,83266
12,75519543,83254
12,75896496,83235
12,76289839,83216
12,76661817,83197
12,77020530,83176
12,77416761,83159
12,77800617,83142
12,78187143,83128
12,78558533,83116
12,78916974,83107
12,79310205,83101
12,79683062,83095
12,80040780,83091
12,80436670,83088
12,80820737,83085
12,81208937,83083
12,81583111,83080
12,81982755,83079
12,82393114,83076
12,82745244,83075
12,83120696,83072
12,83515191,83069
12,83894972,83067
12,84287595,83063
12,84641038,83059
12,84996256,83057
12,85369394,83053
12,85764960,83049
12,86140795,83049
12,86494163,83045
12,86894063,83042
12,87290901,83039
12,87665257,83037
12,88063441,83035
12,88436065,83033
12,88800101,83031
12,89186213,83030
12,89557060,83027
12,89916153,83027
12,90287823,83025
12,90640270,83021
12,91002408,83021
12,91391652,83021
12,91765115,83019
12,92164023,83017
12,92536347,83017
12,92892935,83017
12,93245526,83014
12,93638210,83013
12,94018639,83013
12,94411462,83013
12,94785555,83011
12,95190431,83011
12,95569133,83009
12,95958922,83008
12,96335445,83008
12,96725890,83007
12,97108834,83007
12,97494503,83006
12,97886270,83005
12,98268759,83005
12,98663493,83005
12,99019468,83005
12,99393632,83004
12,99748525,83004
12,100142806,83004
12,100516951,83004
12,100892306,83004
12,101246704,83003
12,101641144,83003
12,101996430,83003
12,102370359,83003
12,102765116,83003
12,103163173,83003
12,103536669,83003
12,103891737,83002
12,104244978,83002
12,104629227,83002
12,105023712,83002
12,105394154,83002
12,105799312,83002
12,106190535,83002
12,106560291,83002
12,106957901,83002
12,107331911,83002
12,107723772,83002
12,108086711,83001
12,108459935,83001
12,108871975,83001
12,109269214,82999
12,109639938,82999
12,110000734,82999
12,110393700,82999
12,110747085,82999
12,111124128,82998
12,111519484,82998
12,111897235,82999
12,112339230,82999
12,112707127,82999
12,113106125,82999
12,113518757,83000
12,113894142,82999
12,114288609,82999
12,114640010,82999
12,114999126,82999
12,115391462,82999
12,115765602,82998
12,116144275,82996
12,116539155,82998
12,116894340,82998
12,117289956,82999
12,117673635,82998
12,118063032,82998
12,118434146,82998
12,118786690,82998
12,119187620,82999
12,119558950,82999
12,119926457,82998
12,120313492,82998
12,120706179,82996
12,121062913,82996
12,121454870,82996
12,121817000,82995
12,122207383,82994
12,122583150,82995
12,122958227,82994
12,123357990,82994
12,123770529,82994
12,124165866,82995
12,124540904,82996
12,124936245,82995
13,775853,582985
13,1160751,582651
13,1555774,581976
13,1929937,581475
13,2307451,580692
13,2702254,579661
13,3117130,578439
13,3532245,577248
13,3884067,575913
13,4241120,574445
13,4591083,572821
13,4966237,570727
13,5369564,568449
13,5762269,566289
13,6139971,563657
13,6555599,560768
13,6948579,558095
13,7329341,554959
13,7739135,552009
13,8097770,548354
13,8492402,544988
13,8846092,541486
13,9221812,537432
13,9616671,533637
13,9970111,529587
13,10347808,524832
13,10739420,520699
13,11114846,516281
13,11469528,510814
13,11862070,506116
13,12243018,500670
13,12636266,495383
13,12987095,490070
13,13367849,484150
13,13762597,478417
13,14139301,471829
13,14553502,466086
13,14929832,458966
13,15303060,452825
13,15674698,446439
13,16042697,438896
13,16432553,431255
13,16830740,423305
13,17241931,416328
13,17636295,407967
13,18019902,399576
13,18408628,391945
13,18780174,384301
13,19135033,376356
13,19522230,367249
13,19920068,358998
13,20299317,349449
13,20677723,340944
13,21041297,330986
13,21449958,321215
13,21865505,313459
13,22221517,304519
13,22614917,296279
13,22990609,287571
13,23387109,279758
13,23741970,272015
13,24136862,263373
13,24510294,256024
13,24884268,248652
13,25241654,241695
13,25596045,233675
13,25987990,227010
13,26366369,220345
13,26716650,213904
13,27094006,206751
13,27468059,200604
13,27841278,194793
13,28224139,188052
13,28614001,182549
13,28967052,177172
13,29347119,170943
13,29740801,166006
13,30099279,161006
13,30492800,155332
13,30866247,150896
13,31243137,145667
13,31635279,141194
13,31987112,136622
13,32386197,132519
13,32740051,128451
13,33117663,124738
13,33532743,120788
13,33884250,117336
13,34243665,113997
13,34615899,110901
13,34966341,108069
13,35365969,105010
13,35739129,102407
13,36097999,99654
13,36490117,97421
13,36864300,95344
13,37220119,93468
13,37595340,91514
13,37971271,89941
13,38346679,88306
13,38764072,86893
13,39160719,85680
13,39554523,84797
13,39939656,83943
13,40325963,83298
13,40769629,82888
13,41140370,82678
13,41533004,82604
13,41887648,82643
13,42242930,82363
13,42635462,82149
13,42990255,82133
13,43369533,81969
13,43773592,81934
13,44142836,81919
13,44555951,81907
13,44946256,81982
13,45311501,82001
13,45678495,82052
13,46040866,82099
13,46431288,82141
13,46823217,82189
13,47200703,82228
13,47594379,82267
13,47968429,82302
13,48344271,82342
13,48738084,82384
13,49112586,82426
13,49489220,82460
13,49864329,82491
13,50225008,82526
13,50617309,82556
13,50991541,82588
13,51391072,82616
13,51762575,82642
13,52159664,82666
13,52555538,82690
13,52930485,82708
13,53306779,82720
13,53706015,82728
13,54118106,82733
13,54513652,82734
13,54883729,82733
13,55242517,82732
13,55639564,82735
13,56040027,82743
13,56431248,82748
13,56830246,82757
13,57242670,82766
13,57638871,82772
13,58043596,82785
13,58429046,82796
13,58826459,82810
13,59220083,82822
13,59592187,82831
13,59968340,82842
13,60342425,82847
13,60716717,82854
13,61106255,82860
13,61492376,82863
13,61884251,82868
13,62239953,82870
13,62592218,82873
13,62968025,82879
13,63347678,82888
13,63741912,82894
13,64097482,82899
13,64526355,82903
13,64910095,82908
13,65284945,82914
13,65676750,82919
13,66041541,82926
13,66431697,82937
13,66825927,82955
13,67222234,82987
13,67635833,83027
13,67998806,83082
13,68387620,83133
13,68737242,83180
13,69115757,83221
13,69466780,83256
13,69840959,83285
13,70240940,83300
13,70591650,83306
13,70965660,83306
13,71367623,83295
13,71758940,83277
13,72139656,83258
13,72533121,83237
13,72904219,83214
13,73260615,83192
13,73635575,83171
13,73986556,83151
13,74384750,83137
13,74737734,83123
13,75092747,83112
13,75466769,83105
13,75861998,83099
13,76256974,83095
13,76640309,83091
13,77047506,83089
13,77419006,83088
13,77807175,83085
13,78187400,83085
13,78554626,83082
13,78931953,83079
13,79311047,83079
13,79678204,83075
13,80066605,83073
13,80429297,83069
13,80831201,83067
13,81243052,83061
13,81637732,83059
13,82043491,83056
13,82429788,83052
13,82785289,83050
13,83182495,83046
13,83552532,83043
13,83930984,83040
13,84324580,83038
13,84742493,83034
13,85139911,83033
13,85553968,83031
13,85907942,83029
13,86263493,83027
13,86660670,83024
13,87047370,83024
13,87409540,83024
13,87804587,83020
13,88201026,83020
13,88629226,83020
13,88991031,83018
13,89388725,83016
13,89785010,83016
13,90161664,83015
13,90552447,83013
13,90927631,83012
13,91285544,83012
13,91678887,83012
13,92060751,83010
13,92458675,83008
13,92865660,83008
13,93221526,83008
13,93594465,83007
13,93988788,83007
13,94388752,83006
13,94760297,83005
13,95140725,83005
13,95557611,83005
13,95929632,83005
13,96306192,83004
13,96705308,83004
13,97118974,83004
13,97492312,83003
13,97886655,83003
13,98242403,83003
13,98637047,83003
13,99023249,83002
13,99388090,83002
13,99784249,83002
13,100180323,83002
13,100558019,83002
13,100951508,83001
13,101365615,83000
13,101739902,83000
13,102096414,83000
13,102489898,83000
13,102843879,83000
13,103219446,83000
13,103593769,83000
13,103969387,83001
13,104348249,83002
13,104741229,83001
13,105138951,83001
13,105532897,83002
13,105930072,83002
13,106326073,83002
13,106740085,83002
13,107097861,83002
13,107471074,83002
13,107866958,83002
13,108244107,83002
13,108637702,83001
13,109045576,83000
13,109409050,83000
13,109823628,83000
13,110179496,83000
13,110573009,82999
13,110955811,82999
13,111348240,82999
13,111742228,82999
13,112140168,82999
13,112533730,82999
13,112937463,82999
13,113331970,82999
13,113720210,82999
13,114115271,82999
13,114470358,82998
13,114843260,82998
13,115242139,82999
13,115636346,82999
14,714127,582985
14,1080230,582570
14,1495883,581899
14,1889880,581311
14,2284033,580586
14,2661032,579521
14,3079646,578268
14,3477107,576906
14,3869505,575517
14,4244498,573775
14,4661500,571801
14,5035642,569903
14,5428840,567857
14,5784308,565350
14,6178516,562969
14,6544361,560409
14,6910593,557342
14,7306735,554166
14,7703362,551145
14,8080023,547425
14,8475856,543511
14,8889342,539995
14,9260765,536401
14,9623295,531959
14,10036259,527220
14,10432704,522497
14,10848094,517596
14,11262442,512912
14,11619634,507454
14,12034129,502088
14,12427831,496947
14,12790797,490822
14,13203256,484927
14,13630717,478420
14,14013586,471839
14,14429771,466095
14,14786082,458969
14,15199531,452832
14,15563891,445492
14,15973460,437949
14,16363525,431247
14,16747050,423290
14,17137929,416313
14,17491283,408993
14,17870340,400641
14,18327428,390836
14,18760135,381995
14,19141280,372938
14,19531796,364837
14,19910982,355416
14,20304320,346940
14,20701908,337207
14,21100823,327143
14,21493287,317711
14,21889976,310096
14,22261567,302086
14,22618164,293042
14,23033828,285648
14,23386276,278189
14,23763981,269730
14,24158829,262562
14,24511984,254445
14,24916107,247242
14,25284937,239174
14,25683680,232119
14,26059242,224346
14,26464526,217545
14,26835254,210145
14,27223788,202685
14,27641896,195734
14,28033077,189634
14,28408968,183739
14,28766032,177365
14,29181237,171092
14,29588031,165243
14,29972576,160152
14,30369006,154527
14,30769364,149390
14,31180311,144155
14,31585733,139199
14,31991694,135290
14,32386872,130735
14,32764458,126299
14,33157519,122835
14,33512128,119509
14,33887891,116127
14,34240859,112891
14,34619095,109517
14,35012110,106798
14,35365244,104157
14,35748544,101251
14,36140079,98585
14,36570242,96135
14,36956138,93900
14,37393804,91899
14,37786128,90067
14,38178438,88595
14,38545137,87312
14,38911668,86024
14,39303884,85086
14,39682325,84175
14,40077786,83448
14,40517832,82964
14,40892389,82699
14,41261987,82557
14,41623252,82579
14,42013083,82455
14,42365869,82107
14,42743364,82031
14,43139223,81936
14,43531996,81815
14,43932022,81830
14,44324607,81794
14,44680529,81868
14,45074840,81911
14,45460414,81972
14,45893041,82047
14,46262463,82092
14,46631951,82164
14,46991699,82212
14,47365841,82262
14,47763689,82307
14,48158385,82333
14,48511121,82369
14,48887857,82397
14,49241830,82433
14,49674093,82466
14,50058404,82492
14,50434172,82520
14,50841501,82539
14,51207236,82563
14,51599985,82582
14,51993154,82598
14,52366551,82615
14,52742087,82627
14,53137105,82643
14,53491927,82661
14,53869986,82689
14,54263444,82720
14,54661102,82743
14,55033477,82768
14,55387802,82787
14,55743538,82811
14,56136464,82822
14,56510862,82832
14,56913434,82839
14,57283931,82840
14,57682858,82843
14,58074985,82845
14,58451104,82846
14,58851679,82846
14,59241920,82848
14,59639279,82846
14,60031845,82848
14,60386465,82855
14,60767500,82870
14,61160133,82880
14,61545091,82892
14,61931491,82899
14,62305245,82905
14,62703010,82913
14,63081182,82919
14,63468728,82926
14,63830177,82927
14,64199421,82928
14,64584044,82929
14,64977649,82929
14,65366893,82927
14,65743068,82926
14,66139034,82926
14,66544712,82930
14,66907938,82934
14,67264058,82935
14,67682249,82936
14,68077631,82936
14,68471011,82936
14,68869257,82935
14,69264132,82939
14,69660787,82945
14,70043938,82946
14,70434320,82947
14,70805586,82948
14,71202430,82949
14,71585419,82949
14,71971581,82949
14,72389489,82952
14,72806754,82955
14,73177881,82955
14,73565395,82959
14,73973161,82964
14,74367240,82970
14,74764664,82982
14,75160640,82988
14,75578516,82999
14,75978839,83007
14,76367539,83014
14,76764397,83021
14,77136975,83025
14,77490691,83028
14,77869201,83028
14,78263850,83025
14,78640959,83022
14,79034558,83020
14,79408081,83017
14,79766546,83016
14,80156738,83014
14,80511110,83013
14,80889998,83015
14,81284653,83019
14,81661993,83028
14,82055354,83034
14,82429961,83041
14,82785916,83051
14,83177624,83060
14,83531220,83070
14,83911653,83083
14,84304351,83094
14,84660324,83105
14,85033988,83115
14,85387670,83124
14,85742726,83135
14,86123418,83142
14,86513756,83150
14,86934250,83161
14,87326306,83167
14,87686765,83174
14,88077993,83182
14,88476573,83189
14,88868093,83192
14,89262451,83192
14,89638613,83192
14,90033055,83188
14,90406483,83183
14,90782314,83177
14,91182327,83168
14,91584847,83160
14,91977512,83151
14,92368181,83143
14,92764933,83132
14,93159599,83122
14,93547363,83111
14,93930457,83103
14,94313292,83094
14,94705521,83089
14,95078939,83082
14,95469400,83078
14,95833294,83076
14,96201196,83073
14,96604252,83070
14,96970705,83069
14,97324915,83068
14,97683151,83067
14,98076593,83062
14,98474582,83061
14,98866850,83058
14,99260820,83057
14,99617362,83055
14,100000074,83051
14,100387522,83049
14,100763890,83048
14,101157741,83044
14,101510529,83041
14,101914811,83041
14,102281974,83039
14,102640705,83037
14,103011757,83036
14,103364139,83034
14,103763867,83032
14,104136909,83030
14,104490959,83030
14,104890625,83028
14,105284076,83028
14,105681736,83025
14,106076371,83024
14,106475722,83024
14,106888034,83022
14,107284527,83021
14,107680132,83021
14,108077409,83020
14,108469234,83018
14,108832470,83018
14,109204605,83018
14,109605250,83017
14,109969248,83016
14,110329306,83015
14,110727160,83013
14,111137186,83012
14,111490024,83011
14,111868158,83011
14,112263839,83010
14,112639383,83010
14,113054286,83010
14,113408501,83009
14,113765548,83007
14,114156670,83006
14,114510479,83006
14,114909526,83006
14,115284546,83005
14,115680542,83005
14,116076792,83004
14,116455347,83004
14,116831262,83004
14,117239461,83002
14,117637927,83002
14,118012601,83002
14,118364444,83001
14,118774867,83000
14,119138349,83000
14,119543702,82999
14,119957782,82998
14,120350894,82998
14,120765520,82997
14,121159342,82997
14,121543756,82995
14,121931696,82997
14,122303604,82998
14,122662190,82998
14,123077069,82995
14,123476443,82996
14,123893388,82997
14,124283622,82997
14,124673274,82995
14,125058646,82997
15,732207,582985
15,1124274,582654
15,1493878,581989
15,1911500,581417
15,2304918,580721
15,2700829,579684
15,3097071,578444
15,3491377,577090
15,3897387,575522
15,4286672,573995
15,4679289,572049
15,5074208,569913
15,5490608,567851
15,5854266,565326
15,6241862,562952
15,6615981,560018
15,7012246,557326
15,7405018,554140
15,7785335,550650
15,8200962,546907
15,8594832,543480
15,8993370,539455
15,9385320,535825
15,9739538,531912
15,10096772,527184
15,10492368,523048
15,10898776,518195
15,11267103,513559
15,11638925,508084
15,12034357,502742
15,12449638,496905
15,12878044,490784
15,13261725,484889
15,13656193,479239
15,14034832,472620
15,14449171,466083
15,14842956,459858
15,15243018,452829
15,15616060,446453
15,15992468,438907
15,16386551,431278
15,16802360,423324
15,17199874,416341
15,17593580,407975
15,17970587,400664
15,18364339,391942
15,18739379,384285
15,19094537,376335
15,19489488,367218
15,19876214,358961
15,20245096,349401
15,20637217,339685
15,21039175,330939
15,21451133,321186
15,21824637,312355
15,22219337,304495
15,22594483,295152
15,22990780,286457
15,23388592,278646
15,23765727,269833
15,24175672,261336
15,24595434,252887
15,24994325,244750
15,25410472,236760
15,25801649,229915
15,26182661,222349
15,26576637,214900
15,26971538,208663
15,27387388,201534
15,27766397,194866
15,28158756,188117
15,28574787,181831
15,28991508,175618
15,29385330,170240
15,29760873,165334
15,30115690,159553
15,30510646,154692
15,30902095,149626
15,31288353,144358
15,31701089,139422
15,32118385,134832
15,32512468,130098
15,32915555,126181
15,33282462,122192
15,33696986,118784
15,34056471,114894
15,34471079,111303
15,34878494,108450
15,35243083,105380
15,35635782,102761
15,35994378,100317
15,36387563,97722
15,36787011,95341
15,37181444,93215
15,37594240,91515
15,37949742,89728
15,38343476,88308
15,38718170,87060
15,39075902,85821
15,39489862,84913
15,39842799,84031
15,40243926,83426
15,40637625,82964
15,41034656,82688
15,41428708,82591
15,41834618,82628
15,42243938,82305
15,42636123,82137
15,43015296,82105
15,43416512,81964
15,43780074,81954
15,44143743,81932
15,44510692,81935
15,44910368,82013
15,45302659,82044
15,45699070,82110
15,46094903,82155
15,46491017,82215
15,46894896,82269
15,47264779,82318
15,47660894,82363
15,48074409,82391
15,48446240,82420
15,48802815,82447
15,49210377,82463
15,49575839,82477
15,49970414,82489
15,50344180,82506
15,50697780,82523
15,51053340,82540
15,51446768,82558
15,51801805,82574
15,52179504,82593
15,52594193,82611
15,52992225,82627
15,53385885,82641
15,53761819,82656
15,54159824,82666
15,54551412,82677
15,54930680,82689
15,55303336,82695
15,55719829,82706
15,56118058,82716
15,56511430,82722
15,56901257,82736
15,57260603,82747
15,57654113,82758
15,58016440,82775
15,58410213,82790
15,58801254,82808
15,59199149,82822
15,59593088,82833
15,59948764,82841
15,60302144,82852
15,60675126,82862
15,61053421,82875
15,61448231,82883
15,61800496,82888
15,62177797,82894
15,62571687,82900
15,62927963,82910
15,63322472,82922
15,63695615,82928
15,64056101,82933
15,64451166,82936
15,64823881,82940
15,65223316,82943
15,65595096,82944
15,66002842,82948
15,66365371,82954
15,66717685,82955
15,67075018,82959
15,67467851,82962
15,67854252,82967
15,68241505,82969
15,68615732,82974
15,69012259,82982
15,69389581,82989
15,69785134,83002
15,70198632,83017
15,70595710,83035
15,70993257,83062
15,71386045,83089
15,71740633,83130
15,72138811,83165
15,72515027,83198
15,72924700,83227
15,73320825,83244
15,73688903,83254
15,74053808,83257
15,74446433,83256
15,74803682,83246
15,75201429,83234
15,75594597,83217
15,75993268,83199
15,76384924,83181
15,76739895,83164
15,77096436,83150
15,77489037,83135
15,77877521,83121
15,78241403,83111
15,78636883,83102
15,79013013,83096
15,79408770,83091
15,79823890,83086
15,80220422,83084
15,80593086,83081
15,80950830,83080
15,81344591,83077
15,81717060,83076
15,82077002,83074
15,82468677,83070
15,82842553,83068
15,83244363,83067
15,83615553,83063
15,84011713,83059
15,84390246,83058
15,84781089,83054
15,85198438,83050
15,85592505,83047
15,85970540,83045
15,86364914,83040
15,86737778,83039
15,87096283,83036
15,87490045,83034
15,87873303,83033
15,88261622,83030
15,88638374,83029
15,89034949,83027
15,89450667,83024
15,89853609,83023
15,90222002,83022
15,90626452,83020
15,90995299,83020
15,91387721,83020
15,91763892,83017
15,92163360,83017
15,92574522,83016
15,92992422,83014
15,93385280,83014
15,93738313,83014
15,94115138,83012
15,94510106,83012
15,94874918,83012
15,95242037,83010
15,95635185,83009
15,95991414,83008
15,96364587,83007
15,96718076,83007
15,97097753,83007
15,97490314,83006
15,97911923,83006
15,98313835,83005
15,98678704,83005
15,99076518,83005
15,99467306,83005
15,99841691,83005
15,100239050,83005
15,100613391,83005
15,100970341,83004
15,101363837,83004
15,101737674,83004
15,102094698,83004
15,102487473,83004
15,102875089,83002
15,103264677,83002
15,103634591,83002
15,103990450,83002
15,104344774,83001
15,104718990,83001
15,105116792,83001
15,105508903,83000
15,105895472,82999
15,106285136,82998
15,106695883,82998
15,107051955,82999
15,107426301,82999
15,107798864,82999
15,108197796,82999
15,108593801,82999
15,108950064,82999
15,109322737,82999
15,109674476,82999
15,110051642,82999
15,110425514,82999
15,110800272,82999
15,111178328,82999
15,111574239,82999
15,111970014,82999
15,112344084,82999
15,112698834,82999
15,113094923,82999
15,113488913,82996
15,113874576,82997
15,114260735,82996
15,114641275,82995
15,115021717,82995
15,115406394,82995
15,115822742,82995
15,116221452,82995
15,116592954,82995
15,116947719,82995
15,117300739,82995
15,117675718,82995
15,118072459,82994
15,118425946,82994
15,118800848,82994
16,742373,582987
16,1145133,582575
16,1535215,581913
16,1953793,581330
16,2346761,580595
16,2723203,579528
16,3139494,578282
16,3537191,576906
16,3933665,575519
16,4327559,573772
16,4721507,571798
16,5118637,569630
16,5532540,567552
16,5890333,565013
16,6303910,562603
16,6656790,560026
16,7012975,557338
16,7367271,554562
16,7739012,551130
16,8140554,547418
16,8534045,544009
16,8910370,539991
16,9325275,536399
16,9681558,531951
16,10083849,527817
16,10451478,523074
16,10848111,518854
16,11243621,513574
16,11638529,508769
16,11993097,503446
16,12388556,497674
16,12816964,491523
16,13245727,485637
16,13637517,479239
16,14016371,473402
16,14388894,466905
16,14814305,459836
16,15205708,452796
16,15616181,446412
16,15971165,439811
16,16344747,432236
16,16742859,424299
16,17160290,417364
16,17511996,410062
16,17868679,401754
16,18283432,394149
16,18636871,386555
16,18993194,377521
16,19420369,368461
16,19818945,360200
16,20177799,351919
16,20532730,343384
16,20894375,333517
16,21308283,323568
16,21684525,315602
16,22062561,307930
16,22435497,298476
16,22833135,289641
16,23241639,281913
16,23593932,274147
16,23973701,265432
16,24345760,258160
16,24740064,249767
16,25143420,241897
16,25553497,234979
16,25916215,227488
16,26328709,220052
16,26720863,213798
16,27099057,206823
16,27473955,200764
16,27868150,194183
16,28274644,187409
16,28678930,181847
16,29035554,175420
16,29431527,169881
16,29818568,164083
16,30202190,158063
16,30600335,153136
16,30973339,147897
16,31368677,143168
16,31740031,138195
16,32159999,133680
16,32554402,129630
16,32931823,125241
16,33325510,121367
16,33721806,117966
16,34099676,114136
16,34515864,110637
16,34933247,107446
16,35329215,104407
16,35741513,101496
16,36142667,99140
16,36535158,96647
16,36936279,94356
16,37332691,92326
16,37722065,90691
16,38105969,88968
16,38491928,87642
16,38870430,86305
16,39264250,85327
16,39659267,84382
16,40035973,83613
16,40451701,83137
16,40842378,82786
16,41222455,82597
16,41618899,82586
16,41996505,82521
16,42389799,82065
16,42795760,81867
16,43186889,81821
16,43556026,81744
16,43947836,81749
16,44347835,81800
16,44742698,81882
16,45118940,81968
16,45514734,82040
16,45933009,82112
16,46332678,82176
16,46743208,82239
16,47162179,82286
16,47556334,82327
16,47931030,82367
16,48330322,82404
16,48740846,82431
16,49140659,82460
16,49533068,82484
16,49911964,82511
16,50286005,82533
16,50681386,82547
16,51036584,82563
16,51432424,82580
16,51829101,82595
16,52220469,82611
16,52595575,82629
16,52993176,82647
16,53399591,82662
16,53800423,82682
16,54185800,82701
16,54582497,82714
16,54974101,82726
16,55347246,82734
16,55743875,82742
16,56117609,82746
16,56473111,82747
16,56869090,82754
16,57265024,82762
16,57661104,82769
16,58058903,82780
16,58478323,82785
16,58871789,82795
16,59240278,82804
16,59592262,82810
16,59973339,82816
16,60366686,82822
16,60717969,82823
16,61095176,82832
16,61491521,82838
16,61844854,82847
16,62219976,82858
16,62614705,82864
16,62969246,82870
16,63341915,82876
16,63737872,82883
16,64139544,82889
16,64532105,82898
16,64909586,82901
16,65283124,82905
16,65635472,82908
16,65994433,82912
16,66388787,82915
16,66738188,82920
16,67140791,82926
16,67534389,82934
16,67892279,82942
16,68286952,82948
16,68684636,82954
16,69058603,82958
16,69430300,82966
16,69790292,82974
16,70183450,82978
16,70551025,82982
16,70911922,82983
16,71328304,82983
16,71717976,82983
16,72097026,82984
16,72492222,82986
16,72845437,82988
16,73221137,82991
16,73617675,82992
16,73971404,82996
16,74344288,83001
16,74739135,83003
16,75139696,83008
16,75534833,83011
16,75890041,83015
16,76284294,83018
16,76637814,83020
16,76993597,83027
16,77366458,83038
16,77728804,83064
16,78118779,83095
16,78491110,83133
16,78848731,83175
16,79240582,83209
16,79614546,83239
16,79970904,83261
16,80343740,83283
16,80739173,83292
16,81138554,83295
16,81513188,83291
16,81868060,83281
16,82220588,83266
16,82594697,83248
16,82991444,83231
16,83343335,83212
16,83719012,83192
16,84116127,83174
16,84467542,83160
16,84845198,83146
16,85239588,83135
16,85613832,83127
16,85970037,83116
16,86363901,83112
16,86717650,83107
16,87099330,83104
16,87491329,83100
16,87847726,83099
16,88243156,83096
16,88617327,83093
16,88972277,83090
16,89346847,83086
16,89738109,83084
16,90140622,83080
16,90544667,83076
16,90930914,83073
16,91282416,83070
16,91634803,83066
16,91993855,83063
16,92368232,83059
16,92725944,83057
16,93117861,83053
16,93491042,83050
16,93845895,83048
16,94218387,83045
16,94614127,83042
16,94970858,83040
16,95343974,83039
16,95738565,83035
16,96135837,83033
16,96510474,83033
16,96864846,83031
16,97217312,83030
16,97593481,83030
16,97993087,83027
16,98384427,83027
16,98760008,83025
16,99159840,83024
16,99533985,83023
16,99888695,83021
16,100262456,83021
16,100634380,83021
16,101014928,83020
16,101417485,83019
16,101795554,83018
16,102180106,83017
16,102559334,83017
16,102956445,83015
16,103366833,83014
16,103740056,83014
16,104139897,83013
16,104533386,83013
16,104911023,83013
16,105300973,83012
16,105655306,83012
16,106034894,83011
16,106387206,83011
16,106740570,83011
16,107137423,83011
16,107512430,83009
16,107869252,83009
16,108240747,83009
16,108594641,83009
16,108972893,83009
16,109365458,83009
16,109737629,83009
16,110140119,83009
16,110534190,83006
16,110908181,83006
16,111284906,83006
16,111659123,83005
16,112034901,83004
16,112389031,83004
16,112739291,83004
16,113136603,83004
16,113493440,83004
16,113868612,83004
16,114285083,83003
16,114633724,83002
16,114992899,83001
16,115347236,83001
16,115738961,83001
16,116139301,83001
16,116534485,83001
16,116897887,83000
16,117286797,83000
16,117659592,83000
16,118012755,83000
16,118364648,82999
16,118717510,82999
16,119098489,82999
16,119493540,82999
16,119868523,82999
16,120263606,82999
16,120639514,82999
16,121035740,82999
16,121385349,82999
16,121740492,82999
16,122136762,82999
16,122513685,82997
16,122870742,82997
16,123242518,82997
16,123596860,82997
17,788189,582986
17,1169246,582657
17,1550354,581983
17,1971530,581399
17,2364827,580573
17,2765548,579515
17,3196326,578284
17,3588698,576883
17,3987405,575293
17,4380858,573772
17,4770057,572036
17,5131153,569900
17,5523245,567857
17,5878708,565635
17,6250805,563290
17,6604150,560776
17,6963602,557722
17,7357711,554962
17,7740706,551572
17,8132014,548361
17,8528579,544505
17,8922295,540501
17,9318695,536403
17,9709116,532536
17,10087678,528434
17,10441904,523686
17,10860820,518884
17,11255174,513608
17,11654037,508806
17,12048013,503484
17,12439531,498476
17,12794541,493085
17,13171435,487164
17,13569277,480964
17,13984689,474244
17,14380751,467768
17,14823918,460765
17,15210785,454562
17,15584497,447383
17,15971913,439829
17,16355965,433221
17,16741661,425278
17,17153492,417354
17,17542131,410052
17,17922672,401729
17,18317674,394117
17,18691113,385427
17,19087431,377490
17,19457861,369572
17,19815460,361342
17,20188085,351892
17,20583249,343360
17,20939807,334765
17,21293349,325968
17,21667036,316662
17,22069181,307855
17,22462032,299570
17,22839583,290594
17,23233596,282911
17,23608301,275145
17,23964982,266368
17,24380492,258092
17,24765061,250732
17,25131135,243754
17,25530477,235792
17,25925508,228093
17,26316827,221445
17,26700150,214047
17,27091409,206860
17,27483156,200660
17,27860520,193989
17,28253800,188093
17,28605414,182565
17,28985357,176390
17,29377361,170951
17,29739319,166004
17,30110639,160287
17,30509050,155338
17,30903121,150268
17,31292254,145040
17,31687149,140014
17,32088154,136039
17,32461921,131933
17,32818089,127298
17,33212733,123700
17,33587442,120306
17,33944473,116376
17,34355622,113105
17,34709310,109684
17,35108901,106918
17,35504692,103900
17,35903150,101023
17,36294923,98692
17,36668814,96241
17,37068338,93997
17,37463730,92235
17,37835914,90602
17,38187933,89090
17,38542658,87750
17,38919983,86395
17,39293599,85391
17,39667500,84545
17,40042593,83737
17,40425663,83218
17,40818883,82837
17,41208982,82646
17,41563226,82596
17,41920322,82638
17,42292126,82283
17,42689848,82041
17,43084528,82032
17,43458684,81902
17,43818766,81862
17,44190068,81884
17,44541646,81883
17,44940452,81967
17,45312964,82029
17,45686872,82097
17,46086253,82155
17,46437548,82194
17,46808061,82245
17,47193375,82289
17,47587001,82335
17,47964436,82378
17,48337201,82410
17,48691821,82443
17,49093883,82472
17,49458726,82496
17,49816090,82519
17,50233516,82539
17,50583044,82553
17,50952236,82569
17,51337849,82584
17,51708633,82598
17,52108452,82612
17,52458233,82624
17,52835460,82634
17,53188795,82646
17,53541508,82660
17,53917720,82677
17,54313602,82696
17,54687844,82712
17,55089921,82728
17,55505697,82743
17,55905519,82760
17,56315324,82770
17,56666387,82779
17,57044801,82793
17,57439501,82806
17,57795369,82818
17,58189672,82830
17,58563696,82838
17,58918514,82843
17,59292052,82848
17,59689090,82849
17,60085514,82850
17,60459555,82855
17,60934802,82860
17,61442759,82869
17,61934176,82871
17,62381682,82877
17,62784385,82880
17,63269318,82887
17,63805209,82896
17,64289082,82908
17,64823998,82919
17,65331078,82931
17,65850408,82942
17,66298844,82948
17,66677974,82958
17,67091904,82968
17,67564491,82983
17,68085948,83001
17,68604385,83018
17,69110390,83040
17,69614808,83061
17,70126974,83090
17,70568349,83122
17,71039357,83164
17,71568802,83203
17,72086074,83231
17,72527431,83246
17,73018229,83252
17,73443153,83252
17,73829238,83242
17,74194993,83229
17,74586057,83215
17,74964556,83198
17,75354077,83181
17,75708655,83163
17,76108893,83149
17,76478182,83135
17,76866889,83120
17,77255977,83110
17,77675247,83103
17,78094359,83096
17,78483421,83093
17,78903898,83089
17,79295150,83086
17,79689074,83083
17,80084228,83081
17,80442522,83079
17,80839304,83077
17,81232085,83076
17,81602959,83073
17,81963287,83070
17,82357507,83068
17,82738700,83064
17,83127722,83061
17,83498772,83058
17,83857419,83056
17,84231463,83052
17,84582418,83048
17,84940557,83047
17,85293260,83042
17,85665241,83040
17,86041381,83038
17,86417514,83035
17,86794919,83033
17,87185844,83032
17,87540483,83030
17,87924318,83029
17,88317300,83027
17,88743330,83025
17,89131037,83024
17,89507464,83023
17,89899627,83021
17,90311329,83021
17,90686543,83020
17,91086740,83019
17,91448841,83017
17,91840382,83015
17,92229950,83015
17,92615420,83015
17,93007138,83013
17,93399091,83012
17,93758928,83012
17,94131583,83012
17,94504532,83011
17,94899910,83010
17,95294048,83010
17,95687756,83010
17,96084110,83008
17,96437095,83007
17,96815650,83007
17,97208256,83007
17,97582729,83007
17,97941349,83006
17,98333214,83005
17,98708003,83005
17,99112128,83005
17,99504575,83005
17,99885098,83006
17,100257500,83006
17,100648707,83006
17,101026798,83006
17,101419522,83006
17,101796198,83006
17,102199479,83004
17,102604726,83003
17,102964340,83003
17,103357912,83003
17,103711046,83002
17,104108223,83002
17,104499868,83002
17,104859474,83001
17,105262224,83001
17,105632394,83001
17,106026875,83001
17,106441656,83001
17,106838911,83001
17,107231212,83001
17,107603366,83001
17,107961039,83001
17,108334479,83000
17,108689472,83000
17,109105449,83000
17,109457911,83000
17,109816352,83000
17,110229808,83000
17,110582665,83000
17,110943592,83000
17,111337912,82999
17,111710639,82998
17,112109186,82999
17,112504490,82998
17,112906062,82998
17,113290825,82997
17,113666727,82998
17,114063760,82997
17,114417720,82998
17,114798162,82998
17,115190434,82999
17,115550367,82999
17,115922507,82998
17,116317082,82998
17,116689014,83000
17,117087716,82999
17,117479963,82998
17,117859260,82998
17,118251522,82998
17,118625324,82997
17,118983752,82996
17,119396892,82996
17,119764664,82996
17,120146438,82996
17,120503247,82996
17,120884380,82996
17,121278698,82996
17,121688325,82996
17,122067697,82996
17,122461793,82996
18,755196,582985
18,1119179,582576
18,1515109,581987
18,1893749,581408
18,2301578,580602
18,2701708,579518
18,3117189,578267
18,3515252,576921
18,3961696,575303
18,4351659,573544
18,4742601,571540
18,5136824,569619
18,5515555,567252
18,5927310,564703
18,6326741,562247
18,6719329,559256
18,7092924,556564
18,7451299,553756
18,7822901,550687
18,8177024,547417
18,8555755,543494
18,8949958,539476
18,9346622,535863
18,9742282,531375
18,10136659,527221
18,10493502,522495
18,10885867,518246
18,11251254,512937
18,11660737,507475
18,12074617,502113
18,12472131,496974
18,12846410,490840
18,13250922,484949
18,13661726,478441
18,14053283,472648
18,14429341,466102
18,14822951,459875
18,15198054,452834
18,15599342,446453
18,15971524,438906
18,16378667,432269
18,16763866,424321
18,17141694,416356
18,17540834,409034
18,17909266,400699
18,18325379,391982
18,18738649,384340
18,19114279,375255
18,19491872,366075
18,19906838,357819
18,20273212,348224
18,20681336,338472
18,21075374,329674
18,21472738,319998
18,21845803,311113
18,22272997,301890
18,22658398,292646
18,23052567,284989
18,23428876,277249
18,23823368,268434
18,24199161,261098
18,24597039,252798
18,24969337,245702
18,25327763,237791
18,25741684,229992
18,26139522,223415
18,26519756,215912
18,26935818,208758
18,27327496,201562
18,27741022,194866
18,28136228,188956
18,28514870,182567
18,28910725,176391
18,29335921,170208
18,29721873,165287
18,30114844,159510
18,30492057,154636
18,30868196,149587
18,31274495,144985
18,31642162,139945
18,32014455,135978
18,32393842,131884
18,32764019,127256
18,33163208,123176
18,33556093,119795
18,33928998,115875
18,34345268,112205
18,34740942,109266
18,35116176,106143
18,35514542,103139
18,35912808,100657
18,36304957,98031
18,36699882,95622
18,37098308,93710
18,37473078,91727
18,37868086,90133
18,38270249,88472
18,38637384,87032
18,39037561,85926
18,39429265,84880
18,39823864,84105
18,40178154,83478
18,40553422,82997
18,40949656,82706
18,41357553,82594
18,41719496,82636
18,42075125,82459
18,42496992,82057
18,42887713,82016
18,43302860,81918
18,43747234,81862
18,44114742,81905
18,44471747,81910
18,44844441,81985
18,45196881,82059
18,45597057,82111
18,45990983,82171
18,46367868,82212
18,46760529,82251
18,47136127,82295
18,47513220,82338
18,47907073,82377
18,48333563,82401
18,48724103,82418
18,49114968,82436
18,49491305,82454
18,49884680,82478
18,50269367,82502
18,50701644,82527
18,51073104,82549
18,51426378,82575
18,51799963,82595
18,52174548,82620
18,52555495,82637
18,52926960,82653
18,53312676,82671
18,53709525,82689
18,54094566,82704
18,54471437,82720
18,54864577,82736
18,55215869,82750
18,55616678,82764
18,56010645,82777
18,56367455,82785
18,56761983,82795
18,57160565,82804
18,57553685,82815
18,57926272,82826
18,58303494,82840
18,58720496,82853
18,59113724,82864
18,59470736,82875
18,59845496,82889
18,60249732,82898
18,60640310,82904
18,61015280,82909
18,61411064,82912
18,61801029,82914
18,62176148,82917
18,62554036,82925
18,62969696,82930
18,63324979,82935
18,63739588,82941
18,64094389,82946
18,64454142,82949
18,64845256,82952
18,65219524,82954
18,65619412,82954
18,65994277,82957
18,66390807,82959
18,66782031,82966
18,67179397,82984
18,67552803,83011
18,67927383,83043
18,68304755,83092
18,68675590,83134
18,69050530,83173
18,69431375,83213
18,69824606,83246
18,70217517,83266
18,70618279,83278
18,71010930,83281
18,71367797,83276
18,71760942,83265
18,72114697,83248
18,72472802,83230
18,72843114,83210
18,73196492,83186
18,73617469,83162
18,74010560,83147
18,74365912,83130
18,74740755,83117
18,75092857,83105
18,75452899,83097
18,75845070,83090
18,76216408,83085
18,76619431,83082
18,76991289,83081
18,77389091,83079
18,77767525,83078
18,78172236,83078
18,78534056,83078
18,78927466,83077
18,79304926,83073
18,79699102,83071
18,80094737,83070
18,80472630,83066
18,80867918,83061
18,81252366,83058
18,81639053,83055
18,82032364,83050
18,82429616,83048
18,82823452,83043
18,83177448,83039
18,83552835,83039
18,83947608,83036
18,84324269,83032
18,84717789,83031
18,85072166,83030
18,85427979,83028
18,85821795,83026
18,86197743,83025
18,86621242,83024
18,87031407,83022
18,87392933,83021
18,87787443,83021
18,88200595,83020
18,88576475,83018
18,88970030,83018
18,89325672,83016
18,89740249,83015
18,90139186,83014
18,90516727,83012
18,90915704,83012
18,91284338,83011
18,91677994,83010
18,92053495,83009
18,92452226,83007
18,92845189,83007
18,93217847,83007
18,93616672,83006
18,94011255,83005
18,94388534,83005
18,94765681,83004
18,95160928,83004
18,95576523,83004
18,95967980,83004
18,96346180,83004
18,96739672,83004
18,97113920,83004
18,97471598,83004
18,97865405,83003
18,98250225,83002
18,98642049,83002
18,99015801,83002
18,99414100,83002
18,99825641,83001
18,100218656,83000
18,100619132,83000
18,100990795,82999
18,101346657,82999
18,101740917,82999
18,102113497,82999
18,102494321,83000
18,102895594,83001
18,103276457,83001
18,103657801,83001
18,104073097,83002
18,104428695,83002
18,104823252,83002
18,105218035,83002
18,105618522,83001
18,106012631,83001
18,106392439,83000
18,106786202,83000
18,107200487,83000
18,107593969,82999
18,107968151,82998
18,108325589,82998
18,108739045,82997
18,109095334,82998
18,109493091,82998
18,109865679,82998
18,110232044,82998
18,110617716,82998
18,110990406,82998
18,111348817,82998
18,111739740,82998
18,112114211,82998
18,112473551,82997
18,112867129,82999
18,113252566,82998
18,113637758,82997
18,114016127,82997
18,114423150,82996
18,114781892,82996
18,115176547,82996
18,115553363,82996
18,115949558,82996
18,116345592,82996
18,116740520,82996
18,117115226,82997
18,117499532,82998
18,117888430,82997
18,118286708,82997
19,738593,582988
19,1120735,582658
19,1496797,581987
19,1891140,581481
19,2288171,580720
19,2681087,579805
19,3035232,578728
19,3390198,577450
19,3785148,576141
19,4137860,574653
19,4539464,572822
19,4910937,570996
19,5287288,568747
19,5680514,566635
19,6033761,564372
19,6413197,561526
19,6804705,558881
19,7192555,555793
19,7582232,552501
19,7977617,549334
19,8368523,545508
19,8763792,542023
19,9136592,538001
19,9520109,534259
19,9888170,530238
19,10246105,525479
19,10637494,521359
19,11012103,517006
19,11368876,511588
19,11762866,506838
19,12137174,501437
19,12559991,495447
19,12950530,490122
19,13310842,484960
19,13682908,478453
19,14080023,471846
19,14521798,465250
19,14910510,458084
19,15310500,451060
19,15703163,444551
19,16079647,437956
19,16474414,430251
19,16890580,422319
19,17288820,414222
19,17680993,406915
19,18032688,399574
19,18392213,390844
19,18784674,383156
19,19159009,374087
19,19570839,366050
19,19932672,356620
19,20328815,346965
19,20744551,337215
19,21140578,327133
19,21536990,318799
19,21910221,311071
19,22288597,301848
19,22682396,292582
19,23097937,284905
19,23453992,276126
19,23893902,267401
19,24288349,259216
19,24682815,251064
19,25079598,244267
19,25479800,236545
19,25869717,229095
19,26266747,221717
19,26682424,214398
19,27080314,208197
19,27480927,201039
19,27869124,194171
19,28267467,187127
19,28680136,181445
19,29033945,175805
19,29392052,169407
19,29804988,164339
19,30192235,158387
19,30582112,152683
19,30970085,148228
19,31334855,143625
19,31701852,138578
19,32099815,134133
19,32515695,129609
19,32929480,125723
19,33287285,121826
19,33690504,118496
19,34078377,114648
19,34458996,111531
19,34829779,108295
19,35225456,105238
19,35616715,102639
19,35990983,100221
19,36389000,97639
19,36791086,95261
19,37189390,93141
19,37591061,91439
19,37952097,89640
19,38348437,88030
19,38763095,86794
19,39118212,85710
19,39495122,84678
19,39887411,83918
19,40254275,83321
19,40636017,82864
19,41013846,82613
19,41368450,82498
19,41742528,82543
19,42136912,82301
19,42533907,82015
19,42909567,81999
19,43264098,81912
19,43615274,81827
19,43991102,81847
19,44401245,81829
19,44763681,81885
19,45115219,81963
19,45517988,82038
19,45908310,82102
19,46287564,82144
19,46681800,82178
19,47080057,82219
19,47481288,82255
19,47870290,82293
19,48245678,82329
19,48641396,82365
19,49035137,82397
19,49411708,82430
19,49805206,82454
19,50192062,82480
19,50583560,82504
19,50956561,82533
19,51354761,82561
19,51763859,82588
19,52118966,82613
19,52493973,82643
19,52888340,82665
19,53244104,82681
19,53618862,82693
19,54013064,82703
19,54369219,82710
19,54743302,82724
19,55137971,82740
19,55538556,82750
19,55911300,82763
19,56310420,82775
19,56682174,82787
19,57098631,82796
19,57496433,82808
19,57868000,82816
19,58279145,82826
19,58643233,82833
19,59013034,82840
19,59390568,82843
19,59784252,82848
19,60158119,82855
19,60579024,82860
19,60971101,82864
19,61333007,82870
19,61706770,82877
19,62101589,82889
19,62515286,82899
19,62907765,82910
19,63286509,82919
19,63680297,82925
19,64054218,82925
19,64410489,82921
19,64805555,82916
19,65193482,82915
19,65600755,82913
19,65994064,82910
19,66368663,82906
19,66763047,82903
19,67115612,82901
19,67494585,82902
19,67888861,82906
19,68244867,82909
19,68628107,82916
19,69017299,82917
19,69391267,82920
19,69785469,82926
19,70192458,82929
19,70579591,82935
19,70957717,82939
19,71325333,82946
19,71681071,82953
19,72036020,82956
19,72412415,82961
19,72804274,82964
19,73191222,82968
19,73579434,82973
19,73975077,82975
19,74389641,82980
19,74762682,82983
19,75116736,82988
19,75494532,82992
19,75887932,82993
19,76244937,82999
19,76638191,83000
19,76992035,83000
19,77368509,83004
19,77761560,83006
19,78137476,83013
19,78537962,83024
19,78908185,83048
19,79266981,83081
19,79680283,83117
19,80034902,83152
19,80391042,83194
19,80782901,83224
19,81136810,83253
19,81513805,83273
19,81865594,83293
19,82242430,83304
19,82649822,83310
19,83033665,83309
19,83412086,83296
19,83807447,83281
19,84189210,83258
19,84578277,83236
19,84956375,83212
19,85347818,83188
19,85764233,83171
19,86117296,83156
19,86492608,83141
19,86887794,83129
19,87245268,83119
19,87636105,83114
19,88013482,83107
19,88367448,83104
19,88743132,83103
19,89137916,83099
19,89537451,83099
19,89909037,83096
19,90278350,83096
19,90641022,83092
19,91035519,83090
19,91433411,83088
19,91804230,83084
19,92158176,83080
19,92585531,83077
19,92972187,83074
19,93349142,83069
19,93742155,83067
19,94116222,83063
19,94514623,83058
19,94909944,83056
19,95286675,83052
19,95700802,83049
19,96054627,83047
19,96409541,83045
19,96762640,83043
19,97116964,83040
19,97492300,83039
19,97886715,83038
19,98242718,83037
19,98615738,83036
19,98989715,83034
19,99389246,83033
19,99741181,83032
19,100115172,83030
19,100495960,83029
19,100888158,83026
19,101266567,83025
19,101639268,83024
19,102035521,83021
19,102413052,83021
19,102803212,83020
19,103188810,83019
19,103579404,83017
19,103931666,83018
19,104307239,83016
19,104702105,83015
19,105055299,83016
19,105411534,83016
19,105783532,83015
19,106135352,83014
19,106536338,83014
19,106919848,83013
19,107310582,83012
19,107680247,83012
19,108033506,83011
19,108390009,83011
19,108783266,83010
19,109157456,83010
19,109578698,83007
19,109971687,83007
19,110330868,83007
19,110698777,83007
19,111055078,83007
19,111410820,83006
19,111803945,83005
19,112188246,83005
19,112576510,83005
19,112953055,83004
19,113353265,83004
19,113762789,83004
19,114117537,83004
19,114493109,83004
19,114888549,83004
19,115243042,83003
19,115615321,83003
19,116013609,83003
19,116369918,83002
19,116752717,83002
19,117143304,83002
19,117513192,83001
19,117866363,83000
19,118244443,82999
19,118616341,82999
19,118990462,82999
19,119368321,82998
19,119741446,82997
19,120115178,82997
19,120494780,82996
19,120888643,82996
19,121255352,82996
19,121641016,82997
19,122012432,82997
19,122369850,82997
19,122761696,82996
19,123138260,82996
19,123539599,82996
20,738488,582993
20,1102664,582654
20,1498286,581990
20,1914973,581420
20,2310496,580730
20,2691281,579665
20,3080130,578445
20,3493200,577308
20,3851465,575750
20,4246623,574242
20,4617331,572350
20,5036293,570489
20,5388269,568488
20,5769081,566030
20,6162083,563712
20,6513384,561192
20,6871358,558147
20,7289164,555018
20,7692419,552081
20,8063312,548409
20,8436319,545029
20,8813725,541529
20,9181565,537989
20,9537270,534236
20,9888527,530208
20,10262996,526034
20,10616953,521324
20,11016716,516312
20,11412647,511541
20,11789579,506139
20,12203291,501396
20,12561176,495398
20,12960882,489360
20,13367297,484167
20,13725924,478417
20,14099126,471824
20,14494594,466082
20,14872337,458942
20,15266719,451932
20,15669341,445464
20,16047074,437927
20,16434529,431234
20,16815563,424271
20,17205004,415256
20,17616574,407930
20,18018615,399546
20,18391590,390804
20,18789267,383121
20,19182246,374037
20,19578011,366002
20,19935380,356590
20,20331454,346944
20,20743134,338436
20,21096959,329645
20,21470029,319984
20,21868819,312205
20,22222111,304300
20,22594812,294868
20,22998284,287233
20,23393168,278364
20,23788891,269533
20,24185229,261115
20,24599265,252790
20,24993330,245690
20,25371616,237764
20,25765794,230900
20,26119338,224311
20,26473710,217654
20,26850873,210464
20,27265753,204135
20,27616593,197305
20,28016884,190606
20,28412842,184879
20,28787157,178733
20,29202893,173212
20,29554429,168091
20,29912235,162460
20,30309534,157384
20,30694254,152172
20,31096701,147027
20,31491509,142427
20,31878153,137748
20,32264332,133704
20,32616707,129571
20,32991321,125733
20,33344891,121772
20,33744812,118327
20,34117608,114941
20,34470900,111787
20,34847456,108483
20,35228419,105788
20,35601046,102797
20,36018636,100015
20,36415563,97447
20,36811692,95367
20,37186176,93233
20,37582625,91296
20,37996585,89738
20,38370358,88132
20,38768887,86735
20,39164578,85678
20,39536021,84792
20,39894309,84029
20,40278639,83350
20,40674032,82957
20,41040552,82682
20,41412619,82584
20,41788624,82626
20,42183587,82405
20,42560630,82172
20,42960778,82159
20,43329379,82012
20,43724134,81978
20,44097450,81958
20,44471806,81921
20,44872444,81985
20,45266649,82027
20,45618104,82086
20,45999278,82146
20,46393160,82181
20,46767704,82230
20,47163018,82272
20,47535160,82314
20,47894858,82369
20,48285412,82402
20,48639938,82431
20,49016208,82455
20,49410900,82474
20,49769098,82496
20,50163794,82521
20,50537046,82540
20,50893220,82558
20,51267142,82571
20,51671540,82583
20,52059179,82600
20,52437739,82612
20,52815308,82633
20,53207250,82652
20,53618731,82672
20,54015968,82688
20,54389076,82701
20,54744961,82716
20,55138372,82730
20,55513290,82739
20,55874992,82753
20,56277747,82761
20,56653096,82775
20,57038871,82787
20,57412487,82797
20,57811740,82805
20,58181994,82815
20,58580150,82824
20,58995683,82833
20,59391865,82839
20,59767722,82847
20,60163006,82850
20,60534930,82854
20,60893461,82860
20,61288801,82866
20,61693324,82871
20,62082716,82880
20,62473340,82887
20,62849400,82895
20,63245848,82904
20,63637870,82908
20,64014727,82912
20,64366883,82915
20,64733738,82918
20,65098381,82923
20,65492508,82925
20,65868829,82926
20,66223158,82935
20,66617194,82940
20,67042164,82948
20,67436002,82958
20,67814998,82972
20,68207738,83002
20,68620292,83044
20,69016953,83086
20,69392490,83137
20,69787854,83179
20,70184224,83220
20,70562587,83252
20,70939814,83276
20,71331336,83290
20,71747749,83297
20,72141389,83293
20,72515079,83282
20,72871480,83264
20,73267718,83245
20,73639332,83219
20,74041907,83198
20,74411784,83174
20,74809943,83156
20,75186734,83137
20,75578170,83121
20,75994740,83108
20,76390458,83101
20,76768287,83095
20,77161170,83091
20,77515500,83088
20,77873687,83086
20,78266126,83085
20,78641063,83083
20,79016029,83083
20,79411957,83081
20,79787804,83079
20,80183288,83078
20,80562578,83076
20,80971434,83071
20,81371788,83068
20,81768089,83066
20,82142193,83061
20,82536963,83058
20,82915314,83053
20,83309663,83049
20,83691980,83045
20,84079676,83041
20,84471861,83038
20,84850238,83036
20,85245083,83033
20,85618994,83031
20,86014517,83030
20,86367733,83029
20,86743604,83027
20,87098028,83026
20,87471850,83024
20,87870912,83023
20,88265443,83021
20,88638333,83021
20,89041081,83020
20,89423040,83018
20,89813925,83017
20,90199306,83016
20,90599121,83013
20,90995919,83013
20,91392161,83012
20,91766744,83011
20,92161191,83010
20,92516165,83008
20,92891119,83008
20,93284980,83008
20,93676154,83007
20,94061411,83008
20,94433185,83008
20,94831062,83007
20,95244358,83007
20,95639586,83006
20,96017388,83006
20,96411220,83005
20,96788009,83005
20,97182568,83004
20,97560442,83003
20,97959027,83003
20,98368631,83003
20,98724268,83002
20,99119409,83002
20,99493137,83002
20,99852407,83002
20,100243995,83002
20,100618054,83002
20,101020471,83002
20,101391529,83001
20,101788912,83001
20,102182393,83000
20,102561110,83000
20,102937516,83000
20,103331154,83000
20,103744380,83000
20,104143053,83000
20,104516452,83001
20,104913575,83001
20,105294038,83001
20,105694767,83001
20,106065867,83000
20,106453217,83000
20,106870846,82999
20,107265012,82999
20,107617652,82998
20,107997867,82998
20,108392172,82998
20,108788918,82999
20,109183076,82999
20,109576677,82999
20,109937742,82999
20,110333277,82999
20,110736451,82999
20,111120295,83000
20,111516544,83000
20,111892100,83000
20,112286801,83000
20,112693226,82999
20,113075363,82999
20,113437137,82999
20,113832113,82999
20,114231945,82998
20,114599015,82999
20,114994990,82999
20,115369542,82998
20,115770455,82998
20,116161059,82997
20,116536079,82997
20,116893227,82997
20,117286323,82998
20,117693002,82998
20,118083167,82997
20,118474617,82997
20,118872070,82996
20,119265118,82996
20,119621097,82996
20,120014706,82996
20,120367484,82997
20,120723699,82997
21,722065,582987
21,1127844,582577
21,1522651,581999
21,1895889,581427
21,2313144,580629
21,2712559,579532
21,3126173,578284
21,3541912,576953
21,3934050,575543
21,4314119,573796
21,4713079,571822
21,5126032,569640
21,5542081,567278
21,5937596,564728
21,6340025,562269
21,6707642,559285
21,7126053,556205
21,7521228,553374
21,7893223,550268
21,8249358,546491
21,8664753,543035
21,9016765,539022
21,9439319,534823
21,9840087,530837
21,10207695,526077
21,10603111,521361
21,11020369,516342
21,11414147,511577
21,11766836,506832
21,12146220,501365
21,12559623,496131
21,12914123,490820
21,13270630,484864
21,13665635,479133
21,14071775,472599
21,14462362,466016
21,14873239,458850
21,15271132,451932
21,15665584,444483
21,16070508,437903
21,16471619,430268
21,16856681,422325
21,17252236,415298
21,17626165,406970
21,18016735,398512
21,18438567,389788
21,18850545,380902
21,19273125,371840
21,19665965,362487
21,20090145,353057
21,20478045,343308
21,20873385,334690
21,21270768,324665
21,21665344,315451
21,22088828,306607
21,22477338,297119
21,22870791,289375
21,23250921,280553
21,23666430,271730
21,24073602,264192
21,24444939,255935
21,24831960,247661
21,25229620,240768
21,25601171,233761
21,25975523,226166
21,26355180,219495
21,26729464,212229
21,27148085,205004
21,27564064,198101
21,27959438,191438
21,28355685,185635
21,28730033,179486
21,29126015,173953
21,29538951,168061
21,29892521,163155
21,30270247,157348
21,30665622,152141
21,31072650,147670
21,31458609,142405
21,31853965,137744
21,32270587,133128
21,32665834,128471
21,33069133,124759
21,33455051,120824
21,33837946,116890
21,34250110,113582
21,34652090,110099
21,35034153,107318
21,35396563,104283
21,35790405,101366
21,36189938,99014
21,36567174,96531
21,36962176,94250
21,37376281,92226
21,37767667,90598
21,38147853,88882
21,38542417,87572
21,38912987,86399
21,39272856,85274
21,39666900,84443
21,40068392,83656
21,40458359,83103
21,40874016,82755
21,41272372,82587
21,41696386,82609
21,42099002,82444
21,42498440,82199
21,42850454,82180
21,43226954,82048
21,43623623,81981
21,44017640,81965
21,44399444,81920
21,44791907,81973
21,45167846,82019
21,45563330,82079
21,45941048,82139
21,46340827,82176
21,46705396,82217
21,47068113,82271
21,47464746,82323
21,47873971,82372
21,48272073,82400
21,48664829,82429
21,49049777,82453
21,49439854,82480
21,49811880,82500
21,50186159,82523
21,50579868,82538
21,50938691,82550
21,51312102,82567
21,51707080,82578
21,52123964,82595
21,52519763,82612
21,52893237,82627
21,53271019,82642
21,53664183,82656
21,54019313,82671
21,54418136,82683
21,54791793,82697
21,55189590,82709
21,55566659,82723
21,55963469,82739
21,56374484,82751
21,56770847,82763
21,57166680,82778
21,57563104,82793
21,57963845,82812
21,58375548,82828
21,58771518,82841
21,59170046,82853
21,59569950,82864
21,59960624,82872
21,60375308,82881
21,60769737,82891
21,61170798,82898
21,61562553,82910
21,61941245,82918
21,62312616,82927
21,62706608,82934
21,63123537,82941
21,63499034,82945
21,63891637,82952
21,64272120,82961
21,64663151,82970
21,65019202,82982
21,65397114,83002
21,65791050,83029
21,66198220,83057
21,66567734,83098
21,66961408,83141
21,67372295,83180
21,67725076,83214
21,68104874,83248
21,68500955,83268
21,68874894,83282
21,69271493,83284
21,69666021,83282
21,70069402,83269
21,70463311,83251
21,70853763,83231
21,71226223,83207
21,71622082,83189
21,71975418,83168
21,72354251,83148
21,72749580,83134
21,73125012,83117
21,73519223,83106
21,73894660,83098
21,74291883,83092
21,74684124,83089
21,75070435,83086
21,75460825,83083
21,75871554,83082
21,76226754,83081
21,76602077,83081
21,76975076,83080
21,77372327,83078
21,77766997,83077
21,78127595,83074
21,78499391,83071
21,78894732,83068
21,79272121,83065
21,79665147,83061
21,80017325,83057
21,80417096,83053
21,80790507,83048
21,81186388,83046
21,81563219,83042
21,81936417,83041
21,82319767,83038
21,82684996,83035
21,83068148,83033
21,83461940,83031
21,83881087,83031
21,84273646,83029
21,84663763,83029
21,85047492,83027
21,85435522,83025
21,85809417,83023
21,86164784,83022
21,86559426,83021
21,86934465,83020
21,87289438,83018
21,87641438,83018
21,87993867,83016
21,88377366,83014
21,88770589,83013
21,89146109,83013
21,89540567,83012
21,89915064,83010
21,90312485,83010
21,90699922,83009
21,91091974,83008
21,91499069,83007
21,91896149,83006
21,92271896,83005
21,92665620,83005
21,93075309,83006
21,93436722,83006
21,93811380,83006
21,94208554,83006
21,94621045,83006
21,94974259,83006
21,95354027,83005
21,95749540,83004
21,96145204,83004
21,96519855,83002
21,96916495,83002
21,97292565,83002
21,97684407,83001
21,98049756,83000
21,98419796,83000
21,98811142,82999
21,99192361,82999
21,99587298,82999
21,100000026,82999
21,100393955,82998
21,100769939,82999
21,101165863,82999
21,101561914,82998
21,101940398,82998
21,102313149,82999
21,102707149,83000
21,103105581,83000
21,103478840,83000
21,103874064,83000
21,104273302,83000
21,104665336,82999
21,105071901,82998
21,105437736,82999
21,105831563,82999
21,106229887,83000
21,106602713,82999
21,107020371,82999
21,107397925,82999
21,107766714,83000
21,108121962,83000
21,108507305,82999
21,108898042,82999
21,109269375,82999
21,109665122,82999
21,110070399,82999
21,110466141,82999
21,110853794,83000
21,111249807,83000
21,111624712,83000
21,112019633,82999
21,112393643,82999
21,112792984,82999
21,113165689,82998
21,113564308,82999
21,113961903,82999
21,114354996,82998
21,114727699,82998
21,115105716,82998
21,115500346,82998
21,115871850,82998
21,116230563,82998
21,116625172,82997
21,116997281,82998
21,117396352,82998
22,715550,582969
22,1123724,582486
22,1514986,581916
22,1889817,581416
22,2251178,580734
22,2642188,579674
22,3014619,578441
22,3439532,577140
22,3830136,575552
22,4249119,573813
22,4664315,571840
22,5083483,569664
22,5477242,567310
22,5891333,565094
22,6246554,562304
22,6661764,559699
22,7017328,556630
22,7416145,553838
22,7788079,550311
22,8185428,547012
22,8564929,543066
22,8955435,539052
22,9371353,534846
22,9785483,530851
22,10141825,526080
22,10538546,521950
22,10910455,517628
22,11267306,512252
22,11682636,507468
22,12046168,502014
22,12564470,493766
22,13137245,485579
22,13676874,477415
22,14216870,468557
22,14738851,459719
22,15258994,451045
22,15780373,441620
22,16212068,434175
22,16610447,426278
22,17126418,416344
22,17539501,408008
22,18013773,397405
22,18532014,386509
22,19054521,375168
22,19572036,363627
22,19994158,352999
22,20534607,340832
22,20959281,330853
22,21359954,321080
22,21769970,312156
22,22165019,304253
22,22557083,294812
22,22944686,287161
22,23336030,278300
22,23723989,269480
22,24217710,259034
22,24663944,250745
22,25060495,242883
22,25456602,235075
22,25850143,228630
22,26247926,221249
22,26618906,214965
22,26973801,208915
22,27348218,201858
22,27743158,196022
22,28104867,189989
22,28479007,183415
22,28872155,177021
22,29270043,171313
22,29642854,165438
22,30069554,159436
22,30457505,153562
22,30866167,149094
22,31225456,144450
22,31619056,139258
22,31993593,134760
22,32409253,130784
22,32787654,126286
22,33183083,122325
22,33580288,118510
22,33970250,115133
22,34348453,111961
22,34721453,108671
22,35120382,105983
22,35497884,102982
22,35891555,100518
22,36247985,97908
22,36641650,95802
22,37015844,93610
22,37435401,91636
22,37824729,90046
22,38185650,88580
22,38559982,87125
22,38977403,85862
22,39372651,84825
22,39784121,84050
22,40142223,83360
22,40538641,82955
22,40912802,82691
22,41289816,82557
22,41684716,82599
22,42081617,82408
22,42497517,82225
22,42902895,82200
22,43271221,82048
22,43661265,82011
22,44012101,81951
22,44388494,81894
22,44741820,81915
22,45097946,81936
22,45470064,81988
22,45866887,82025
22,46226306,82044
22,46620479,82081
22,46995775,82129
22,47413233,82187
22,47818933,82242
22,48189565,82295
22,48577798,82337
22,48929691,82374
22,49309350,82419
22,49706529,82459
22,50120197,82487
22,50493894,82508
22,50846092,82525
22,51244041,82541
22,51596187,82559
22,51970944,82582
22,52367657,82599
22,52721534,82618
22,53101962,82634
22,53493160,82648
22,53845038,82660
22,54224831,82679
22,54618891,82694
22,54969965,82707
22,55347613,82718
22,55719635,82732
22,56097296,82742
22,56470244,82752
22,56844543,82767
22,57229987,82776
22,57600607,82789
22,57995069,82802
22,58392165,82819
22,58786992,82834
22,59143067,82853
22,59533101,82870
22,59887545,82884
22,60268261,82897
22,60659632,82909
22,61015187,82918
22,61392400,82927
22,61783360,82935
22,62143549,82939
22,62516647,82947
22,62907636,82948
22,63287837,82950
22,63682791,82951
22,64042549,82952
22,64415537,82950
22,64809264,82947
22,65188430,82946
22,65578259,82946
22,65969795,82946
22,66346318,82950
22,66729950,82951
22,67119204,82954
22,67469293,82954
22,67843987,82956
22,68247447,82960
22,68640437,82963
22,69015313,82965
22,69413797,82966
22,69786072,82966
22,70140834,82967
22,70510350,82970
22,70866177,82975
22,71224281,82983
22,71618754,82987
22,71982116,82996
22,72349247,83006
22,72742007,83014
22,73098656,83024
22,73469671,83031
22,73843747,83041
22,74223263,83049
22,74596177,83054
22,74968774,83059
22,75366500,83064
22,75718672,83067
22,76097564,83071
22,76489626,83072
22,76844177,83073
22,77222955,83073
22,77615348,83072
22,77967620,83070
22,78345079,83067
22,78739356,83065
22,79101262,83063
22,79494892,83063
22,79865391,83062
22,80224323,83062
22,80597535,83065
22,80991798,83069
22,81391113,83077
22,81784813,83097
22,82162111,83114
22,82513386,83136
22,82884667,83155
22,83241474,83173
22,83594017,83185
22,83972593,83195
22,84367043,83200
22,84720440,83200
22,85098936,83194
22,85492210,83188
22,85842678,83178
22,86224261,83165
22,86620770,83153
22,86969705,83142
22,87351282,83130
22,87745451,83117
22,88100965,83108
22,88493509,83099
22,88869779,83093
22,89221505,83089
22,89595127,83084
22,89969614,83079
22,90371024,83076
22,90775489,83075
22,91142817,83071
22,91534559,83070
22,91899509,83069
22,92290567,83066
22,92679245,83064
22,93043910,83062
22,93433195,83059
22,93785100,83057
22,94142445,83055
22,94512809,83052
22,94864658,83050
22,95225039,83048
22,95607093,83044
22,95992686,83041
22,96389496,83039
22,96762086,83038
22,97120667,83035
22,97492423,83032
22,97844769,83032
22,98245375,83030
22,98596754,83028
22,98968773,83028
22,99366738,83026
22,99719972,83024
22,100097450,83024
22,100491561,83024
22,100865308,83022
22,101227173,83021
22,101619585,83021
22,101973285,83020
22,102349108,83019
22,102744836,83018
22,103099383,83017
22,103470330,83016
22,103844295,83014
22,104245082,83013
22,104595051,83013
22,104969051,83013
22,105368363,83012
22,105721363,83011
22,106100782,83011
22,106495945,83011
22,106887275,83009
22,107267063,83009
22,107662695,83009
22,108011702,83009
22,108389490,83009
22,108741256,83009
22,109098315,83009
22,109471700,83007
22,109865858,83007
22,110241688,83007
22,110594290,83006
22,110991247,83005
22,111387644,83004
22,111742099,83004
22,112120211,83005
22,112494940,83003
22,112849184,83003
22,113246499,83003
22,113618385,83003
22,113975478,83003
22,114371715,83002
22,114753857,83002
22,115141063,83002
22,115514781,83001
22,115868639,83000
22,116225573,83000
22,116618221,83000
22,116972911,83000
22,117349894,83000
22,117741982,82999
22,118121519,82999
22,118514809,82998
22,118887839,82998
22,119257014,82998
22,119640484,82998
22,120012427,82997
22,120413592,82996
22,120784914,82997
22,121141195,82997
22,121535289,82996
22,121892569,82995
22,122288659,82995
22,122684271,82996
22,123086452,82996
22,123496451,82997
22,123890347,82996
23,715191,582986
23,1119152,582577
23,1526560,581999
23,1892114,581428
23,2283245,580737
23,2640384,579823
23,3014300,578597
23,3415520,577296
23,3809149,575956
23,4201670,574234
23,4602521,572333
23,5018837,570194
23,5409059,568174
23,5769073,566011
23,6161351,563336
23,6549486,560795
23,6910183,557736
23,7310685,554592
23,7727570,551163
23,8117064,547914
23,8470592,544515
23,8870923,540506
23,9261971,536939
23,9618796,532550
23,10013525,527841
23,10408149,523687
23,10785664,518883
23,11225358,513616
23,11597280,508820
23,11992985,503483
23,12366208,498438
23,12743824,492315
23,13138902,486415
23,13562703,480043
23,13973843,473419
23,14371363,466938
23,14788628,459816
23,15202667,452835
23,15622067,445502
23,16016790,437952
23,16411240,431290
23,16790822,423347
23,17186312,415308
23,17599590,406953
23,17993353,399588
23,18369744,390830
23,18767931,383148
23,19149014,374041
23,19551527,364831
23,19950466,356591
23,20324897,346950
23,20723185,337224
23,21139600,327172
23,21546101,318858
23,21914592,310018
23,22305767,300711
23,22725398,291609
23,23118377,283950
23,23492669,275067
23,23888964,267376
23,24284331,259066
23,24660882,250657
23,25100548,242715
23,25471086,235716
23,25849843,228020
23,26266954,220411
23,26664217,213084
23,27060878,205893
23,27473411,199794
23,27847429,193155
23,28243530,186446
23,28660977,180290
23,29058810,173979
23,29472754,168099
23,29873797,163212
23,30263640,157413
23,30662323,152229
23,31063376,147757
23,31429090,143134
23,31791909,138369
23,32184025,133735
23,32601484,129042
23,33014866,124749
23,33408026,121288
23,33785267,117337
23,34183405,113535
23,34596876,110048
23,35015341,106880
23,35408619,104226
23,35763938,101660
23,36138388,99290
23,36490539,96783
23,36913223,94478
23,37307124,92440
23,37702628,90798
23,38075193,89275
23,38448965,87738
23,38848053,86395
23,39244295,85401
23,39620385,84444
23,40014463,83742
23,40400522,83158
23,40788271,82826
23,41183188,82606
23,41580777,82585
23,41972947,82532
23,42367871,82286
23,42722421,82237
23,43095962,82151
23,43452114,82025
23,43871545,81992
23,44276224,81911
23,44642353,81930
23,45034670,81964
23,45436230,82016
23,45828255,82074
23,46199387,82113
23,46581259,82168
23,46991130,82216
23,47347465,82266
23,47748941,82310
23,48119649,82346
23,48527737,82376
23,48892197,82410
23,49286212,82446
23,49684056,82476
23,50077477,82504
23,50472885,82533
23,50870793,82554
23,51265017,82579
23,51641703,82598
23,52015267,82623
23,52411249,82641
23,52814172,82656
23,53181148,82669
23,53578174,82682
23,53976592,82698
23,54367453,82712
23,54723677,82731
23,55119796,82747
23,55491348,82764
23,55892196,82781
23,56284502,82790
23,56681947,82800
23,57077853,82810
23,57472839,82817
23,57847708,82825
23,58242796,82832
23,58620585,82838
23,58991977,82845
23,59369651,82849
23,59766080,82857
23,60139600,82865
23,60548204,82870
23,60915209,82877
23,61308859,82884
23,61703714,82895
23,62076618,82904
23,62474034,82915
23,62847850,82925
23,63222821,82932
23,63618748,82937
23,63991432,82944
23,64388582,82948
23,64764857,82953
23,65170976,82955
23,65566575,82958
23,65929360,82963
23,66324331,82969
23,66701008,82985
23,67095594,83010
23,67471374,83052
23,67867352,83095
23,68271946,83141
23,68639820,83186
23,69031334,83221
23,69407316,83251
23,69790589,83271
23,70183799,83283
23,70579220,83286
23,70972350,83281
23,71367430,83267
23,71766885,83247
23,72180325,83229
23,72542064,83205
23,72937521,83180
23,73346817,83161
23,73723182,83142
23,74115551,83126
23,74469118,83112
23,74870005,83102
23,75261499,83095
23,75620558,83089
23,76012572,83085
23,76364906,83082
23,76722395,83079
23,77095527,83079
23,77449018,83079
23,77826875,83078
23,78201043,83077
23,78579379,83076
23,78993864,83074
23,79388042,83070
23,79742843,83069
23,80115602,83066
23,80468862,83060
23,80869666,83059
23,81244762,83055
23,81640730,83051
23,82013295,83048
23,82410820,83044
23,82790946,83040
23,83178691,83039
23,83545961,83036
23,83911273,83031
23,84305598,83031
23,84702496,83029
23,85076378,83027
23,85472309,83025
23,85870681,83024
23,86264334,83023
23,86660930,83021
23,87037554,83020
23,87434603,83020
23,87826868,83019
23,88198420,83018
23,88577416,83016
23,88991319,83015
23,89366384,83014
23,89753148,83012
23,90138064,83012
23,90491165,83012
23,90890105,83010
23,91295567,83010
23,91683890,83008
23,92075092,83007
23,92470974,83007
23,92876189,83007
23,93264872,83007
23,93639585,83005
23,94035172,83005
23,94428979,83005
23,94827791,83005
23,95200527,83004
23,95577060,83004
23,95969976,83004
23,96323082,83004
23,96703608,83004
23,97098161,83004
23,97469680,83004
23,97869462,83004
23,98242290,83004
23,98639044,83004
23,99013614,83004
23,99408382,83004
23,99784157,83003
23,100183636,83002
23,100575056,83002
23,100970207,83002
23,101344808,83001
23,101701545,83001
23,102076559,83001
23,102470749,83001
23,102848915,83000
23,103243337,83000
23,103618554,83000
23,104010864,83000
23,104365629,83001
23,104745120,83001
23,105139766,83001
23,105523423,83001
23,105913214,83002
23,106284291,83002
23,106686354,83002
23,107096363,83002
23,107490730,83001
23,107889096,83001
23,108261447,83001
23,108617275,83001
23,108990004,83001
23,109344677,82999
23,109700119,82999
23,110094192,82999
23,110469949,82999
23,110866044,82999
23,111239192,82999
23,111601085,82998
23,112015642,82998
23,112410232,82997
23,112790114,82998
23,113179223,82998
23,113600154,82997
23,113993537,82997
23,114412288,82998
23,114795309,82997
23,115182154,82997
23,115578162,82997
23,115970499,82998
23,116344515,82996
23,116723579,82996
24,768316,582985
24,1165874,582572
24,1591735,581918
24,1981375,581335
24,2392326,580484
24,2811707,579375
24,3207412,578124
24,3605522,576939
24,3994433,575329
24,4392656,573578
24,4789112,571834
24,5163611,569650
24,5569821,567600
24,5932419,565078
24,6331528,562286
24,6746767,559292
24,7139034,556602
24,7514933,553372
24,7912994,550257
24,8307389,546472
24,8684770,542516
24,9101737,538493
24,9496963,534783
24,9878075,530204
24,10267736,526041
24,10646203,521306
24,11035280,516910
24,11390249,512210
24,11769516,506796
24,12162300,502008
24,12537299,496095
24,12935681,490086
24,13350224,484068
24,13747318,478304
24,14140518,471840
24,14549213,465176
24,14933022,458019
24,15346835,451984
24,15711001,444531
24,16144405,437029
24,16534716,429318
24,16935052,421379
24,17348020,414271
24,17709045,405935
24,18118568,397402
24,18512539,388676
24,18932814,379708
24,19326657,371774
24,19704685,362428
24,20102909,353003
24,20513855,343273
24,20913675,334682
24,21285201,325947
24,21642362,316774
24,22060647,308139
24,22473878,298961
24,22875122,290466
24,23289028,281893
24,23685163,273260
24,24081735,265848
24,24464857,258708
24,24837143,250182
24,25224088,242016
24,25644194,233960
24,26039161,227110
24,26434233,219212
24,26831946,211651
24,27231758,204133
24,27644110,197025
24,28037902,190021
24,28431834,184127
24,28787636,178676
24,29162599,172302
24,29567135,167110
24,29955723,161449
24,30334539,156409
24,30709812,151156
24,31105548,146035
24,31514256,140906
24,31912230,136899
24,32284857,133002
24,32643580,129031
24,33038071,124774
24,33433826,120954
24,33832064,117108
24,34229923,113395
24,34644072,109982
24,35035844,107216
24,35388528,104565
24,35765335,102008
24,36160206,99315
24,36539185,96805
24,36956049,94496
24,37354194,92450
24,37770115,90578
24,38182109,88876
24,38588194,87565
24,38975499,86220
24,39370342,85110
24,39767995,84172
24,40162259,83511
24,40537433,82983
24,40935404,82689
24,41306286,82529
24,41664212,82538
24,42057345,82494
24,42433586,82274
24,42831456,82251
24,43224444,82145
24,43624423,82083
24,44038427,82032
24,44429801,81980
24,44790278,82007
24,45185238,82015
24,45569321,82062
24,45957086,82088
24,46330809,82113
24,46731056,82156
24,47119200,82192
24,47503635,82241
24,47891675,82270
24,48266889,82309
24,48663513,82341
24,49046882,82381
24,49437426,82418
24,49830178,82453
24,50229175,82483
24,50623335,82511
24,51034858,82536
24,51389141,82558
24,51744173,82582
24,52138005,82600
24,52514970,82616
24,52917110,82627
24,53287421,82638
24,53684226,82649
24,54058577,82657
24,54455073,82668
24,54853136,82679
24,55243744,82693
24,55645384,82709
24,56038126,82722
24,56432396,82738
24,56809395,82750
24,57182895,82763
24,57587771,82773
24,58020484,82784
24,58409074,82792
24,58769261,82805
24,59164016,82816
24,59534185,82828
24,59936616,82843
24,60328555,82853
24,60725206,82866
24,61119778,82877
24,61512163,82884
24,61890685,82895
24,62284808,82900
24,62640333,82903
24,63035872,82905
24,63409608,82909
24,63764420,82916
24,64138127,82923
24,64490908,82930
24,64873223,82937
24,65267756,82945
24,65685430,82946
24,66079343,82946
24,66479181,82945
24,66869131,82945
24,67246997,82942
24,67639480,82941
24,68038615,82944
24,68434563,82951
24,68830953,82957
24,69230462,82963
24,69621472,82968
24,70037263,82973
24,70433168,82974
24,70832715,82979
24,71226131,82980
24,71621930,82980
24,72037273,82980
24,72441285,82976
24,72830936,82969
24,73228469,82962
24,73619306,82953
24,74044485,82946
24,74432732,82943
24,74785296,82943
24,75138165,82941
24,75492715,82941
24,75873038,82941
24,76266835,82944
24,76665903,82947
24,77036990,82952
24,77455739,82957
24,77855007,82964
24,78263458,82966
24,78622636,82969
24,79018579,82971
24,79391143,82974
24,79793676,82979
24,80162848,82983
24,80570440,82989
24,80932322,82994
24,81326833,83000
24,81685097,83006
24,82056626,83016
24,82409914,83036
24,82767143,83065
24,83140038,83100
24,83533472,83138
24,83931464,83163
24,84305213,83188
24,84664602,83209
24,85043084,83228
24,85452409,83243
24,85810595,83253
24,86203667,83259
24,86623959,83261
24,87016771,83259
24,87388194,83255
24,87745172,83249
24,88139901,83241
24,88493966,83231
24,88873520,83213
24,89266715,83201
24,89642006,83184
24,90037266,83169
24,90429988,83156
24,90811431,83145
24,91202435,83137
24,91574109,83129
24,91933082,83121
24,92326805,83117
24,92707380,83111
24,93097958,83108
24,93471488,83104
24,93834071,83100
24,94224063,83096
24,94619857,83096
24,95014622,83093
24,95367275,83089
24,95746646,83087
24,96137719,83082
24,96493478,83079
24,96889035,83077
24,97268967,83072
24,97666278,83068
24,98038236,83066
24,98443665,83063
24,98812005,83058
24,99201952,83058
24,99568192,83053
24,99958233,83051
24,100327909,83048
24,100709705,83046
24,101104025,83045
24,101495639,83040
24,101868410,83039
24,102266016,83038
24,102640983,83034
24,103035040,83034
24,103408846,83032
24,103769444,83031
24,104161259,83029
24,104533720,83029
24,104934915,83026
24,105327692,83025
24,105704441,83025
24,106076495,83023
24,106430761,83022
24,106786986,83022
24,107180491,83020
24,107534087,83019
24,107932870,83018
24,108304729,83017
24,108683408,83014
24,109080894,83014
24,109454042,83014
24,109850812,83013
24,110267470,83013
24,110663293,83012
24,111034678,83012
24,111387833,83012
24,111746486,83010
24,112138759,83010
24,112512659,83010
24,112914166,83010
24,113287739,83010
24,113684295,83009
24,114057113,83009
24,114453869,83008
24,114834780,83007
24,115228272,83006
24,115639966,83004
24,116034502,83004
24,116409728,83004
24,116766443,83002
24,117159792,83002
24,117534864,83002
24,117933561,83001
24,118306789,83001
24,118661089,83001
24,119034372,83000
24,119389085,83000
24,119748569,83000
24,120142489,82999
24,120536226,82999
24,120949367,82999
24,121334173,82998
24,121732675,82998
24,122141588,82998
24,122562437,82998
24,122954939,82998
24,123326787,82997
24,123685309,82996
24,124077319,82998
24,124454172,82996
24,124857753,82995
24,125224867,82996
24,125622236,82996
24,125995012,82995
24,126388240,82995
25,710415,582986
25,1073047,582577
25,1467940,582010
25,1863010,581443
25,2244766,580741
25,2616941,579709
25,3014128,578480
25,3426650,577154
25,3822157,575794
25,4198047,574082
25,4591542,572399
25,4998572,570246
25,5365277,568234
25,5763206,565762
25,6174421,563044
25,6548431,560096
25,6977464,557017
25,7363148,553816
25,7774916,550279
25,8176219,546980
25,8548297,543534
25,8902240,539499
25,9298556,535847
25,9671962,531925
25,10029211,527210
25,10442534,523035
25,10795895,518764
25,11153520,513541
25,11567917,508791
25,11921281,503369
25,12324370,498321
25,12696298,492293
25,13094102,487107
25,13488674,480780
25,13882596,474202
25,14280844,467724
25,14672685,461523
25,15051810,454546
25,15468077,447334
25,15862790,439756
25,16265685,433222
25,16633158,425252
25,17052067,417333
25,17444756,410038
25,17797131,402775
25,18174848,394088
25,18568728,386504
25,18942501,377446
25,19370333,368383
25,19764299,358939
25,20154972,350613
25,20550625,340880
25,20944549,330907
25,21339541,322292
25,21696506,313281
25,22090447,305457
25,22467198,295980
25,22861878,288302
25,23218541,280550
25,23591389,271734
25,23994534,264200
25,24383171,255948
25,24779957,247699
25,25173839,239812
25,25567576,232850
25,25947801,226248
25,26342826,218640
25,26716995,211425
25,27137229,204191
25,27550551,197352
25,27942793,190651
25,28363346,184145
25,28760781,177986
25,29177783,171713
25,29568517,166735
25,29942884,161039
25,30342750,156047
25,30718632,150949
25,31115365,146359
25,31508141,141203
25,31903690,136605
25,32298642,131894
25,32713918,127857
25,33071096,123683
25,33463602,120256
25,33837501,116813
25,34206681,113060
25,34590776,110038
25,34978595,106877
25,35364830,104221
25,35757334,101308
25,36155357,98634
25,36545848,96484
25,36902767,94211
25,37299455,92433
25,37674969,90560
25,38073125,89055
25,38467403,87546
25,38862417,86223
25,39265193,85258
25,39631528,84317
25,40039517,83561
25,40445409,83044
25,40861206,82731
25,41260625,82593
25,41675077,82639
25,42071272,82475
25,42464005,82333
25,42836072,82305
25,43195300,82175
25,43588446,82106
25,43983664,82045
25,44351867,82001
25,44737915,82035
25,45137805,82071
25,45548788,82117
25,45901588,82143
25,46278699,82181
25,46672076,82228
25,47047940,82267
25,47402692,82312
25,47799254,82340
25,48174633,82374
25,48589469,82403
25,48944064,82436
25,49340400,82460
25,49734472,82479
25,50110240,82499
25,50461538,82520
25,50817486,82543
25,51175503,82569
25,51546377,82588
25,51899390,82609
25,52276499,82628
25,52670314,82644
25,53027690,82663
25,53441674,82677
25,53794403,82692
25,54150982,82702
25,54523724,82712
25,54919056,82724
25,55318564,82735
25,55690605,82748
25,56050315,82759
25,56443220,82770
25,56816595,82782
25,57173407,82794
25,57544406,82805
25,57898536,82818
25,58297931,82827
25,58669438,82838
25,59037571,82848
25,59449257,82854
25,59818488,82863
25,60195770,82868
25,60566839,82872
25,60919422,82881
25,61321262,82889
25,61694175,82900
25,62088669,82906
25,62445361,82912
25,62838879,82918
25,63214790,82924
25,63610106,82926
25,63995846,82932
25,64385879,82936
25,64777422,82941
25,65152696,82945
25,65545390,82948
25,65922221,82955
25,66302839,82959
25,66696698,82966
25,67072801,82976
25,67466525,82988
25,67863001,83005
25,68268505,83027
25,68662812,83058
25,69052996,83090
25,69443808,83127
25,69817347,83162
25,70175871,83192
25,70549171,83220
25,70946237,83240
25,71320927,83253
25,71715421,83258
25,72112594,83260
25,72485709,83253
25,72879690,83243
25,73256408,83225
25,73651194,83206
25,74029459,83186
25,74443736,83168
25,74796275,83152
25,75153933,83135
25,75547245,83122
25,75899107,83112
25,76280153,83102
25,76673306,83096
25,77050912,83092
25,77444450,83087
25,77818898,83083
25,78174146,83080
25,78567722,83080
25,78920395,83078
25,79301069,83077
25,79695251,83075
25,80071513,83074
25,80467213,83071
25,80862189,83068
25,81242725,83066
25,81614836,83062
25,82019906,83058
25,82384426,83056
25,82777559,83051
25,83173503,83048
25,83547560,83046
25,83899728,83042
25,84277678,83040
25,84673328,83037
25,85069987,83035
25,85465468,83034
25,85837395,83031
25,86194019,83030
25,86568284,83030
25,86920710,83026
25,87317478,83026
25,87692873,83023
25,88074560,83021
25,88468317,83021
25,88859864,83020
25,89215467,83018
25,89589335,83018
25,89941244,83016
25,90363718,83015
25,90759229,83012
25,91151458,83012
25,91521436,83012
25,91898918,83011
25,92295613,83011
25,92663099,83008
25,93053242,83008
25,93442574,83007
25,93795724,83007
25,94149979,83007
25,94543207,83007
25,94900088,83007
25,95278279,83006
25,95675757,83006
25,96069750,83005
25,96465270,83005
25,96818996,83004
25,97214979,83003
25,97567486,83003
25,97920642,83003
25,98300262,83003
25,98693753,83002
25,99049288,83002
25,99420812,83002
25,99776557,83001
25,100154274,83001
25,100547728,83001
25,100899965,83001
25,101278384,83000
25,101673201,83000
25,102069346,83000
25,102463863,83000
25,102838688,83000
25,103196402,83000
25,103569690,83000
25,103975411,83000
25,104364037,82999
25,104759153,82999
25,105152346,82999
25,105569059,82999
25,105921501,83000
25,106318255,83000
25,106693197,83000
25,107048424,83000
25,107463774,83002
25,107816742,83002
25,108175007,83001
25,108568317,83001
25,108941865,83001
25,109339713,83001
25,109711570,83001
25,110067392,83001
25,110420608,83001
25,110774974,83001
25,111155434,83000
25,111547264,82999
25,111899772,82999
25,112277578,83000
25,112673817,83000
25,113068850,83000
25,113442790,83000
25,113795318,83000
25,114151305,83000
25,114524493,83000
25,114899355,83000
25,115278646,83000
25,115652638,83000
25,116072275,83000
25,116475673,83000
25,116870659,83000
25,117265971,83000
25,117650710,83000
25,118050953,83000
25,118420716,83000
25,118773823,82997
25,119153848,82998
25,119527051,82998
25,119900071,82998
25,120280721,82998
25,120651829,82998
25,121045391,82997
25,121420862,82997
25,121774547,82997
25,122155356,82996
25,122548472,82997
25,122939661,82996
25,123343216,82996
25,123714361,82997
25,124091307,82996
26,722298,582969
26,1121977,582493
26,1546882,581862
26,1938174,581255
26,2347454,580372
26,2767631,579240
26,3162260,578135
26,3542468,576763
26,3934241,575131
26,4347183,573357
26,4766112,571311
26,5161255,569371
26,5564061,566992
26,5930724,564418
26,6346310,561926
26,6704322,558911
26,7120024,555814
26,7524440,552510
26,7935401,548874
26,8327261,545517
26,8723751,541526
26,9117404,537978
26,9473724,533657
26,9867533,529614
26,10240613,525445
26,10600323,520669
26,11012960,516229
26,11368736,510824
26,11767194,506112
26,12139797,500560
26,12547104,495311
26,12915596,489349
26,13308784,483240
26,13727363,476628
26,14119327,471015
26,14528209,464243
26,14890259,457120
26,15283948,451057
26,15682544,443511
26,16079780,436073
26,16470763,429271
26,16871508,421328
26,17242116,414256
26,17631028,405931
26,18015209,397435
26,18429924,389815
26,18787890,380937
26,19201624,371875
26,19620139,362528
26,20015920,353094
26,20431156,344569
26,20791243,334745
26,21201294,324726
26,21600984,315509
26,21994605,307793
26,22367159,299500
26,22726029,290487
26,23140648,281678
26,23546712,273923
26,23918030,265216
26,24310469,256941
26,24725879,248611
26,25119600,241712
26,25523974,233724
26,25913099,226150
26,26309257,218540
26,26724668,211342
26,27140480,204126
26,27545708,197314
26,27975561,190618
26,28367210,184894
26,28724191,178747
26,29116575,173220
26,29491699,167443
26,29892194,162542
26,30265107,156838
26,30640893,152340
26,31018564,147851
26,31409826,142624
26,31785893,137908
26,32179282,133844
26,32569684,129709
26,32931033,125312
26,33326493,121329
26,33745792,117359
26,34138855,113995
26,34527100,110455
26,34912571,107263
26,35304044,104589
26,35682169,101642
26,36095573,99263
26,36450930,96751
26,36870768,94445
26,37266082,92402
26,37663120,90753
26,38038955,89023
26,38432635,87518
26,38850514,86350
26,39220053,85362
26,39582555,84410
26,39972622,83721
26,40346695,83209
26,40734152,82828
26,41121320,82622
26,41526544,82601
26,41889928,82601
26,42283926,82395
26,42651094,82332
26,43016046,82230
26,43410090,82114
26,43828488,82046
26,44221089,81971
26,44594962,81978
26,44951668,81991
26,45345415,82033
26,45728135,82071
26,46121135,82093
26,46527686,82140
26,46911665,82188
26,47311508,82244
26,47723867,82287
26,48117582,82320
26,48470109,82360
26,48871273,82393
26,49243363,82423
26,49618913,82449
26,50014566,82474
26,50408726,82491
26,50787658,82508
26,51183071,82529
26,51600807,82542
26,51971734,82565
26,52367915,82582
26,52722936,82605
26,53116787,82625
26,53491930,82650
26,53914207,82672
26,54311581,82696
26,54724139,82719
26,55138341,82739
26,55492952,82756
26,55912073,82768
26,56308817,82775
26,56725984,82784
26,57141017,82796
26,57548024,82805
26,57915708,82819
26,58311122,82828
26,58725567,82839
26,59120810,82847
26,59525377,82856
26,59911702,82865
26,60311710,82873
26,60726376,82881
26,61119333,82889
26,61525191,82896
26,61917508,82904
26,62305483,82913
26,62725760,82918
26,63118574,82922
26,63523558,82923
26,63910040,82926
26,64261990,82927
26,64618493,82931
26,65012706,82935
26,65365310,82939
26,65753810,82945
26,66139830,82951
26,66525258,82959
26,66914422,82968
26,67318448,82979
26,67684455,82994
26,68078077,83010
26,68452769,83026
26,68850247,83041
26,69223205,83056
26,69618858,83067
26,69992781,83079
26,70345510,83096
26,70721874,83120
26,71117975,83143
26,71472837,83172
26,71869396,83194
26,72243567,83213
26,72638730,83227
26,73013253,83236
26,73365562,83238
26,73724653,83238
26,74117233,83234
26,74493128,83221
26,74890810,83208
26,75263872,83194
26,75617626,83175
26,76011532,83159
26,76366164,83146
26,76742376,83132
26,77095827,83120
26,77449337,83111
26,77828799,83101
26,78222090,83096
26,78619699,83091
26,79014337,83085
26,79409450,83083
26,79766564,83079
26,80158660,83078
26,80544315,83077
26,80930995,83074
26,81346309,83072
26,81745980,83070
26,82116110,83067
26,82469530,83064
26,82869967,83062
26,83242587,83058
26,83596490,83056
26,83949476,83053
26,84323388,83049
26,84701566,83047
26,85074239,83043
26,85448317,83041
26,85828296,83039
26,86222092,83035
26,86618737,83032
26,86993942,83032
26,87388570,83030
26,87743569,83027
26,88117063,83026
26,88469482,83024
26,88870156,83024
26,89244363,83021
26,89650673,83021
26,90016468,83020
26,90410080,83019
26,90811199,83018
26,91211717,83018
26,91587064,83017
26,91952533,83014
26,92348654,83014
26,92723735,83013
26,93117565,83012
26,93490944,83011
26,93890746,83011
26,94263607,83009
26,94619028,83008
26,95012189,83008
26,95366205,83008
26,95743144,83007
26,96137925,83007
26,96522704,83006
26,96909444,83005
26,97261737,83005
26,97617539,83005
26,97990684,83005
26,98344100,83005
26,98721071,83004
26,99072982,83004
26,99470367,83003
26,99891666,83002
26,100284454,83002
26,100641478,83002
26,101034536,83002
26,101408957,83002
26,101766966,83002
26,102136268,83002
26,102490377,83002
26,102911954,83002
26,103351776,83002
26,103724205,83002
26,104116697,83002
26,104491009,83002
26,104891081,83002
26,105263210,83000
26,105617658,83000
26,105971241,83000
26,106323321,83000
26,106700833,83000
26,107095731,83000
26,107447795,82999
26,107828263,82998
26,108222201,82999
26,108618320,82999
26,109013954,82999
26,109408954,82999
26,109763906,82998
26,110159613,82998
26,110545055,82998
26,110914329,82998
26,111287961,82998
26,111664634,82998
26,112060064,82999
26,112449886,82997
26,112824125,82999
26,113199970,82999
26,113579614,82998
26,113983107,82997
26,114370586,82998
26,114745289,82997
26,115138053,82996
26,115523951,82997
26,115923585,82997
26,116286846,82996
26,116665475,82996
26,117032875,82994
26,117388589,82994
26,117744278,82994
26,118116628,82994
26,118470912,82994
26,118871868,82994
26,119242801,82994
26,119600150,82994
26,120014310,82994
27,734897,582986
27,1124079,582657
27,1495469,582007
27,1912885,581435
27,2306457,580743
27,2701186,579699
27,3099846,578460
27,3494848,577146
27,3900590,575571
27,4290586,574060
27,4681332,572115
27,5077043,569951
27,5472841,567924
27,5847161,565432
27,6243645,563035
27,6618030,560467
27,6972915,557405
27,7388695,554646
27,7741952,551664
27,8098239,547965
27,8514249,544567
27,8901646,540554
27,9292685,536450
27,9682225,531997
27,10079048,527869
27,10453126,523107
27,10883653,518202
27,11285045,512916
27,11681860,507488
27,12099193,502020
27,12491984,496888
27,12880882,490856
27,13287643,484876
27,13679446,479168
27,14057992,472647
27,14452915,466038
27,14848980,459764
27,15225414,452819
27,15618062,446374
27,15996235,438821
27,16388995,432238
27,16742216,425234
27,17139530,417325
27,17518014,410024
27,17903269,401709
27,18283221,394096
27,18642172,386507
27,19013864,377452
27,19407713,369535
27,19781966,361282
27,20143090,351825
27,20549949,343280
27,20918826,333402
27,21307068,323445
27,21720853,315426
27,22081439,306574
27,22494490,297080
27,22899849,288250
27,23291255,280505
27,23680542,271731
27,24078768,263245
27,24495159,255099
27,24898184,247141
27,25289282,240546
27,25699826,232796
27,26080244,225458
27,26473158,218988
27,26879243,211828
27,27244338,204505
27,27660928,197526
27,28057876,191485
27,28429092,184616
27,28824755,178217
27,29225014,172474
27,29617913,167013
27,29992311,161201
27,30344804,156107
27,30723858,151359
27,31120082,146129
27,31492024,141581
27,31845901,136886
27,32242622,132960
27,32617004,128985
27,32993599,124708
27,33387513,121345
27,33742127,117989
27,34097087,114658
27,34490675,111116
27,34878747,108294
27,35244819,105241
27,35639210,102635
27,35995563,100210
27,36390227,97625
27,36791411,95237
27,37180311,93110
27,37596195,91412
27,37951722,89622
27,38346106,88208
27,38719496,86965
27,39078186,85726
27,39471940,84825
27,39844913,83953
27,40247632,83364
27,40618771,82915
27,41016703,82647
27,41414522,82571
27,41817642,82629
27,42203003,82451
27,42595528,82339
27,42954621,82287
27,43326360,82147
27,43679828,82071
27,44097424,81973
27,44450783,81921
27,44815517,81936
27,45206928,81965
27,45597927,82026
27,45998299,82068
27,46391595,82107
27,46768665,82166
27,47166231,82224
27,47578231,82284
27,47974110,82322
27,48346404,82359
27,48699346,82391
27,49055960,82424
27,49451272,82450
27,49824318,82467
27,50223927,82478
27,50600134,82493
27,50994439,82508
27,51388636,82522
27,51764388,82531
27,52143983,82537
27,52534730,82545
27,52953974,82561
27,53346750,82583
27,53702264,82612
27,54098092,82642
27,54493070,82669
27,54847575,82700
27,55243405,82725
27,55599218,82749
27,55994391,82770
27,56390675,82785
27,56785895,82794
27,57203212,82795
27,57595836,82794
27,57953812,82789
27,58328044,82785
27,58721032,82788
27,59101243,82793
27,59494161,82793
27,59898325,82793
27,60286263,82799
27,60681065,82805
27,61078184,82820
27,61451377,82836
27,61846584,82850
27,62245073,82865
27,62616207,82875
27,62995712,82886
27,63387188,82896
27,63742625,82902
27,64100361,82912
27,64495090,82918
27,64901548,82929
27,65292208,82939
27,65702947,82950
27,66111972,82957
27,66494006,82965
27,66900960,82972
27,67291043,82974
27,67702491,82974
27,68100071,82973
27,68495612,82971
27,68898123,82968
27,69290689,82972
27,69709508,82976
27,70101070,82981
27,70493075,82985
27,70897511,82991
27,71284312,82995
27,71702702,83000
27,72098582,83001
27,72493408,83001
27,72896354,83004
27,73267848,83005
27,73641322,83002
27,74034819,83002
27,74449029,83002
27,74803817,83002
27,75180248,83006
27,75575863,83012
27,75931737,83017
27,76305122,83023
27,76701014,83027
27,77055678,83032
27,77431338,83036
27,77824320,83042
27,78222326,83047
27,78596717,83051
27,78952521,83054
27,79344616,83057
27,79719207,83058
27,80099618,83060
27,80492999,83061
27,80897921,83062
27,81282527,83063
27,81656927,83064
27,82034623,83061
27,82427364,83060
27,82802983,83058
27,83200241,83057
27,83552963,83057
27,83929624,83055
27,84323468,83055
27,84698165,83055
27,85054958,83057
27,85427705,83063
27,85801787,83073
27,86186183,83090
27,86577344,83109
27,86952337,83134
27,87347973,83153
27,87721563,83171
27,88119477,83185
27,88511733,83191
27,88896912,83194
27,89331414,83191
27,89699693,83184
27,90055591,83176
27,90440176,83162
27,90831471,83152
27,91202976,83138
27,91595833,83127
27,91952257,83117
27,92324730,83108
27,92677328,83100
27,93055325,83093
27,93450358,83087
27,93803092,83082
27,94189026,83078
27,94557371,83076
27,94929830,83074
27,95302647,83071
27,95699375,83070
27,96055427,83068
27,96447960,83067
27,96825006,83066
27,97225873,83065
27,97598538,83061
27,98016858,83059
27,98413886,83058
27,98827321,83054
27,99224785,83051
27,99596993,83048
27,99953865,83046
27,100347977,83044
27,100720992,83040
27,101077675,83038
27,101493198,83036
27,101900226,83035
27,102287968,83032
27,102677402,83031
27,103079847,83030
27,103472276,83028
27,103843835,83027
27,104244684,83027
27,104618193,83025
27,105014846,83025
27,105412712,83022
27,105804757,83021
27,106201992,83021
27,106594292,83018
27,106950139,83017
27,107324809,83017
27,107700706,83015
27,108056823,83014
27,108450468,83013
27,108803223,83013
27,109182420,83012
27,109573593,83012
27,109935967,83011
27,110327173,83010
27,110700523,83009
27,111056280,83009
27,111430306,83007
27,111824801,83007
27,112245107,83007
27,112637002,83006
27,112992233,83005
27,113368705,83005
27,113763477,83005
27,114119817,83005
27,114493989,83005
27,114905857,83004
27,115269938,83004
27,115659065,83004
27,116013674,83003
27,116390829,83003
27,116786784,83003
27,117199662,83001
27,117554264,83001
27,117930915,83001
27,118323401,83001
27,118688833,83000
27,119061564,82999
27,119452082,82999
27,119837065,82998
27,120225739,82998
27,120617885,82998
27,120993509,82998
27,121386373,82996
27,121762713,82996
27,122120139,82997
27,122512058,82997
27,122900391,82996
27,123285807,82997
27,123702274,82998
27,124100071,82995
27,124493440,82995
27,124898806,82996
27,125289598,82995
27,125700180,82995
27,126056782,82995
27,126429989,82993
27,126826035,82993
27,127243319,82993
27,127639130,82992
27,128019567,82992
27,128412403,82993
27,128826631,82993
27,129243434,82992
28,714777,582968
28,1117149,582575
28,1474388,582004
28,1888523,581435
28,2240793,580725
28,2604388,579827
28,2972193,578777
28,3365947,577474
28,3746306,575968
28,4141068,574478
28,4538534,572616
28,4911046,570497
28,5324189,568490
28,5688969,566034
28,6094362,563363
28,6495835,560818
28,6870486,557757
28,7265324,554599
28,7685018,551162
28,8077257,547435
28,8495154,543512
28,8910023,539995
28,9260726,536397
28,9617380,532525
28,9971454,528424
28,10344479,523668
28,10740536,519461
28,11115007,514910
28,11471373,509479
28,11886597,504807
28,12239937,499887
28,12595671,493822
28,12990389,488656
28,13364592,482522
28,13786739,475873
28,14181572,469439
28,14583361,462530
28,14994682,456308
28,15388409,449260
28,15765462,441667
28,16181985,434172
28,16583308,426227
28,16993851,418316
28,17419007,409975
28,17803193,402726
28,18178338,395127
28,18537481,386442
28,18952525,378544
28,19302519,370641
28,19662148,361279
28,20077570,353046
28,20442038,343317
28,20852957,333451
28,21242310,324710
28,21596768,316606
28,21970668,307776
28,22365815,298307
28,22761856,290509
28,23136443,282796
28,23491244,275055
28,23842863,267390
28,24218148,259082
28,24640257,250738
28,25031738,243795
28,25384605,235798
28,25784888,229074
28,26156752,222463
28,26515457,214994
28,26910261,208758
28,27284244,202423
28,27641750,196524
28,28036785,189788
28,28420037,183347
28,28826273,177956
28,29180882,171683
28,29581595,165986
28,29990058,160979
28,30370417,155325
28,30767635,150253
28,31160066,145663
28,31535222,141196
28,31910434,137161
28,32260973,133059
28,32641152,128415
28,33045618,124197
28,33443260,120756
28,33802509,117310
28,34159433,113978
28,34513630,110886
28,34866063,108058
28,35238187,105002
28,35621014,102400
28,35993589,99652
28,36421174,97111
28,36807551,94772
28,37207300,92948
28,37597972,91030
28,37992310,89482
28,38352786,87905
28,38741928,86694
28,39116870,85642
28,39473797,84638
28,39888405,83895
28,40240845,83319
28,40598284,82875
28,40993815,82643
28,41369669,82549
28,41766068,82596
28,42135990,82429
28,42496786,82284
28,42886724,82248
28,43260949,82125
28,43639154,82079
28,44032794,82012
28,44386637,81992
28,44781939,82027
28,45134829,82066
28,45513458,82122
28,45864395,82161
28,46217727,82193
28,46602092,82239
28,46995070,82277
28,47370059,82325
28,47769746,82366
28,48160581,82394
28,48558693,82422
28,48930897,82447
28,49306941,82467
28,49709980,82489
28,50115393,82504
28,50474377,82521
28,50847118,82542
28,51239014,82564
28,51600890,82583
28,51973971,82606
28,52364384,82625
28,52745581,82649
28,53137609,82665
28,53493179,82679
28,53867215,82695
28,54218440,82707
28,54598094,82721
28,54971521,82735
28,55342397,82748
28,55722178,82764
28,56097206,82774
28,56488547,82788
28,56866277,82799
28,57251152,82811
28,57662836,82823
28,58052932,82831
28,58417687,82835
28,58804311,82840
28,59176346,82840
28,59534065,82837
28,59907808,82833
28,60263433,82832
28,60618711,82832
28,61013320,82837
28,61387088,82845
28,61786500,82852
28,62157466,82858
28,62526265,82868
28,62910054,82873
28,63264478,82878
28,63664146,82887
28,64055786,82892
28,64465072,82901
28,64827702,82910
28,65220542,82917
28,65598807,82926
28,65992746,82934
28,66388227,82943
28,66787039,82953
28,67179171,82959
28,67536587,82972
28,67928920,82987
28,68282846,83007
28,68664762,83035
28,69057796,83068
28,69443449,83111
28,69828342,83154
28,70244205,83193
28,70662707,83229
28,71056884,83252
28,71444331,83269
28,71826434,83276
28,72240860,83278
28,72600391,83267
28,72996604,83256
28,73368726,83236
28,73770814,83219
28,74159954,83194
28,74557117,83173
28,74956304,83153
28,75364488,83134
28,75763136,83122
28,76114307,83111
28,76492890,83101
28,76888134,83094
28,77238772,83089
28,77597153,83086
28,77969919,83084
28,78343200,83081
28,78740641,83079
28,79095227,83079
28,79487554,83078
28,79865280,83076
28,80220633,83076
28,80597628,83073
28,80993075,83070
28,81387589,83068
28,81781386,83064
28,82160464,83061
28,82556448,83058
28,82948360,83054
28,83306977,83048
28,83698913,83046
28,84052322,83042
28,84423376,83038
28,84784110,83038
28,85134419,83034
28,85494145,83032
28,85865389,83030
28,86218042,83029
28,86597880,83026
28,86980010,83025
28,87347973,83024
28,87719668,83022
28,88094313,83021
28,88470598,83021
28,88843293,83018
28,89239514,83017
28,89597617,83016
28,89989688,83016
28,90363613,83013
28,90765972,83013
28,91159766,83012
28,91536182,83012
28,91909296,83010
28,92262847,83010
28,92619549,83010
28,93012231,83010
28,93384548,83007
28,93807620,83007
28,94205401,83006
28,94618771,83005
28,95013012,83005
28,95363928,83005
28,95743570,83004
28,96135956,83004
28,96494793,83004
28,96866897,83004
28,97219391,83003
28,97597539,83003
28,97990756,83003
28,98343367,83002
28,98724226,83002
28,99118548,83002
28,99513863,83002
28,99888006,83002
28,100240578,83002
28,100596076,83002
28,100970903,83002
28,101366061,83003
28,101789117,83003
28,102183429,83003
28,102562420,83003
28,102950464,83003
28,103304615,83003
28,103661672,83002
28,104054939,83002
28,104440522,83001
28,104809310,83001
28,105200231,83000
28,105561371,83000
28,105945027,83000
28,106305578,82999
28,106704231,82998
28,107097746,82998
28,107474834,82998
28,107866789,82999
28,108241664,82999
28,108599408,82999
28,108991559,83000
28,109346753,83000
28,109721603,82999
28,110116218,82999
28,110473024,82999
28,110855507,82999
28,111242947,82999
28,111618908,82999
28,112012659,82999
28,112366110,82999
28,112766465,82998
28,113158751,82999
28,113514569,82997
28,113908771,82997
28,114262016,82997
28,114643801,82997
28,115037706,82997
28,115422485,82997
28,115809455,82998
28,116186335,82996
28,116584735,82996
28,116950312,82996
28,117303145,82996
28,117662379,82996
28,118056302,82996
28,118444235,82996
28,118827041,82996
28,119241717,82996
28,119597566,82995
28,119993919,82995
28,120366028,82995
28,120762642,82995
28,121138579,82993
28,121494042,82993
29,715943,582995
29,1092185,582658
29,1496533,582003
29,1888572,581429
29,2309647,580605
29,2703279,579536
29,3119876,578293
29,3515741,577121
29,3910537,575547
29,4310620,573807
29,4703242,571832
29,5120533,569642
29,5512613,567585
29,5866434,565385
29,6245031,562631
29,6638821,560051
29,7034050,556975
29,7412193,553768
29,7824955,550694
29,8180509,546948
29,8597810,543010
29,9012143,538977
29,9410393,534748
29,9803697,530767
29,10184269,526025
29,10597911,521867
29,10948561,517511
29,11307672,512194
29,11724058,506776
29,12120121,501979
29,12515051,496090
29,12909225,490817
29,13264790,484844
29,13661948,478308
29,14098434,471835
29,14495642,465163
29,14888815,458885
29,15246760,452837
29,15640354,445458
29,16032941,437931
29,16433083,430282
29,16827135,423322
29,17201076,415323
29,17600034,406979
29,18012701,398535
29,18430791,390908
29,18804764,382087
29,19201602,373003
29,19595565,364916
29,19970453,356661
29,20330290,347014
29,20725800,337258
29,21147398,327182
29,21559610,317710
29,21954209,308870
29,22354147,300657
29,22742828,291534
29,23141364,282713
29,23534972,275001
29,23908148,267314
29,24264494,259011
29,24679699,251719
29,25035129,243732
29,25436701,236757
29,25805599,229975
29,26165142,222429
29,26556744,215883
29,26931625,208750
29,27330414,202434
29,27727966,195727
29,28120368,188973
29,28515834,182594
29,28908565,177193
29,29286244,170959
29,29701357,165999
29,30064420,160255
29,30452132,154681
29,30849520,150249
29,31242719,144999
29,31638161,140600
29,32020989,136020
29,32412626,131300
29,32805040,127339
29,33208362,123222
29,33606161,119290
29,33972712,115883
29,34369894,112203
29,34765638,108850
29,35162267,106138
29,35555301,103134
29,35929794,100655
29,36308919,98031
29,36703770,95620
29,37122507,93443
29,37513313,91712
29,37887453,90117
29,38245441,88452
29,38637332,87183
29,39024050,85910
29,39411585,84985
29,39804929,84081
29,40180878,83383
29,40597042,82972
29,40955143,82680
29,41387978,82567
29,41762485,82617
29,42118628,82487
29,42490838,82314
29,42887473,82279
29,43248860,82145
29,43617229,82082
29,44013296,82012
29,44412104,81966
29,44806782,81994
29,45203935,82033
29,45601721,82090
29,46011808,82130
29,46411852,82168
29,46804259,82214
29,47162703,82260
29,47553895,82299
29,47907610,82326
29,48287628,82357
29,48681888,82390
29,49086457,82421
29,49456553,82453
29,49850018,82479
29,50266426,82498
29,50637882,82516
29,50991146,82538
29,51389641,82556
29,51761689,82573
29,52118710,82594
29,52512767,82610
29,52887234,82628
29,53242697,82647
29,53638208,82664
29,54011501,82676
29,54412690,82688
29,54805057,82702
29,55182840,82714
29,55579118,82727
29,55951644,82746
29,56359134,82757
29,56744798,82772
29,57120337,82787
29,57514532,82801
29,57908660,82814
29,58263868,82824
29,58660889,82835
29,59033331,82844
29,59433530,82852
29,59804864,82861
29,60161521,82869
29,60555172,82875
29,60908733,82884
29,61307129,82892
29,61679818,82901
29,62033139,82909
29,62411301,82920
29,62803270,82929
29,63159392,82937
29,63544261,82942
29,63935603,82950
29,64307129,82956
29,64700526,82967
29,65087114,82981
29,65478962,82997
29,65889934,83019
29,66309065,83042
29,66701521,83077
29,67110124,83111
29,67491556,83152
29,67869222,83188
29,68243638,83220
29,68637856,83243
29,69014415,83260
29,69414441,83270
29,69806741,83271
29,70183218,83264
29,70553980,83254
29,70907167,83241
29,71267422,83220
29,71659806,83202
29,72032405,83181
29,72432805,83161
29,72803279,83146
29,73161299,83129
29,73555347,83116
29,73908138,83106
29,74284231,83098
29,74679536,83092
29,75032257,83089
29,75409355,83086
29,75761484,83081
29,76136294,83080
29,76534165,83080
29,76886204,83079
29,77263312,83077
29,77617932,83077
29,78011332,83077
29,78409977,83074
29,78805059,83071
29,79158747,83069
29,79511282,83067
29,79866579,83063
29,80240677,83059
29,80626859,83056
29,81014191,83050
29,81391803,83049
29,81764737,83045
29,82159851,83041
29,82534731,83039
29,82930850,83036
29,83308640,83032
29,83700507,83030
29,84067062,83030
29,84432795,83027
29,84825776,83026
29,85181887,83025
29,85555028,83022
29,85909374,83022
29,86266128,83022
29,86660182,83021
29,87032791,83020
29,87443560,83019
29,87807362,83018
29,88203695,83017
29,88574604,83016
29,88929774,83015
29,89286680,83014
29,89700208,83013
29,90064493,83012
29,90468389,83012
29,90869602,83010
29,91266919,83009
29,91637392,83008
29,92011128,83008
29,92411795,83006
29,92803896,83006
29,93181176,83005
29,93576004,83005
29,93928901,83004
29,94308687,83004
29,94700941,83004
29,95063672,83004
29,95431128,83004
29,95824049,83004
29,96201254,83004
29,96555123,83004
29,96906910,83004
29,97272726,83003
29,97642132,83003
29,98034219,83003
29,98411115,83003
29,98808375,83003
29,99224494,83003
29,99619126,83003
29,100012000,83003
29,100409622,83002
29,100804777,83002
29,101162469,83002
29,101556081,83001
29,101930786,83001
29,102328548,83000
29,102705702,83000
29,103108192,82999
29,103515067,82999
29,103931126,82999
29,104331405,83000
29,104717005,83000
29,105106036,83000
29,105514497,83000
29,105908597,83000
29,106285563,83000
29,106679606,83000
29,107033121,83001
29,107409672,83001
29,107761500,83001
29,108119111,83001
29,108512170,83000
29,108886134,82999
29,109248451,82999
29,109619017,82998
29,110013133,82998
29,110413290,82998
29,110806625,82998
29,111203500,82998
29,111601662,82998
29,112022214,82998
29,112435325,82998
29,112824702,82998
29,113185499,82998
29,113556214,82999
29,113953026,82999
30,696421,582985
30,1091646,582656
30,1473894,582009
30,1849138,581517
30,2225322,580741
30,2619858,579840
30,2972748,578773
30,3348995,577491
30,3744196,576190
30,4117119,574490
30,4518693,572625
30,4912580,570780
30,5269432,568801
30,5641074,566376
30,6047885,564090
30,6414099,561219
30,6809025,558175
30,7246517,555048
30,7640747,552105
30,7994950,548443
30,8412334,545070
30,8765371,541566
30,9125482,537506
30,9517562,533708
30,9913795,529073
30,10311737,524304
30,10709042,519477
30,11113380,514929
30,11493949,509501
30,11894866,504103
30,12395973,496858
30,12836231,490823
30,13231983,484813
30,13737524,476630
30,14284699,467701
30,14803370,458819
30,15323620,450095
30,15826705,440628
30,16319209,431209
30,16853162,421265
30,17312816,412130
30,17741855,403822
30,18248680,393051
30,18741095,382068
30,19261982,370731
30,19780894,358983
30,20299374,345768
30,20843516,333453
30,21341034,321135
30,21790025,312184
30,22275449,300635
30,22775664,289337
30,23208538,280488
30,23607942,272775
30,23976720,264120
30,24379054,255862
30,24792005,247619
30,25227040,239727
30,25622665,231820
30,26017607,224293
30,26418116,217641
30,26809722,210474
30,27193318,204151
30,27557612,198154
30,27910083,192342
30,28271600,185670
30,28661339,180291
30,29045637,173980
30,29432791,168779
30,29805879,163883
30,30188170,158058
30,30566162,153409
30,30933124,148329
30,31336556,143048
30,31745978,138310
30,32164278,133693
30,32558916,129588
30,32933528,125781
30,33292297,121786
30,33703552,118334
30,34068187,114492
30,34480285,110937
30,34845906,108094
30,35222049,105413
30,35596776,102433
30,35990384,99680
30,36408891,97439
30,36762994,95353
30,37124439,93213
30,37538904,91268
30,37933487,89709
30,38310091,88105
30,38703691,86875
30,39075809,85659
30,39475391,84660
30,39868018,83924
30,40243442,83354
30,40595647,82963
30,40988664,82694
30,41396252,82609
30,41785139,82668
30,42144251,82500
30,42537854,82397
30,42913570,82329
30,43310122,82211
30,43703824,82165
30,44102792,82056
30,44496349,82030
30,44909729,82032
30,45266824,82059
30,45661032,82097
30,46013108,82116
30,46409165,82142
30,46782787,82176
30,47161982,82211
30,47513463,82250
30,47866249,82277
30,48250064,82305
30,48641068,82328
30,48991833,82355
30,49370978,82384
30,49773925,82409
30,50164242,82428
30,50534596,82443
30,50887403,82460
30,51244173,82482
30,51618053,82500
30,51969977,82521
30,52351648,82543
30,52722140,82567
30,53098761,82592
30,53471549,82621
30,53845950,82643
30,54227232,82668
30,54621488,82689
30,55017057,82710
30,55416702,82728
30,55805045,82745
30,56162297,82757
30,56536909,82766
30,56887902,82771
30,57245048,82774
30,57596386,82777
30,57970755,82785
30,58368364,82790
30,58722139,82801
30,59115969,82811
30,59497938,82821
30,59892135,82830
30,60269080,82842
30,60662820,82849
30,61047526,82862
30,61437698,82872
30,61809347,82885
30,62203107,82898
30,62559235,82909
30,62938806,82919
30,63334306,82928
30,63745089,82936
30,64099947,82946
30,64496199,82964
30,64871494,82996
30,65279625,83037
30,65643114,83092
30,66044916,83142
30,66410936,83188
30,66761422,83230
30,67120648,83264
30,67515057,83294
30,67889029,83312
30,68245759,83318
30,68616476,83321
30,68971236,83312
30,69346577,83296
30,69720392,83279
30,70113516,83251
30,70496250,83228
30,70869491,83203
30,71225761,83177
30,71619471,83154
30,71994406,83137
30,72413967,83119
30,72804433,83107
30,73160393,83103
30,73526351,83096
30,73915058,83092
30,74289670,83090
30,74703487,83089
30,75069538,83087
30,75432648,83087
30,75782339,83088
30,76143307,83088
30,76535778,83088
30,76907929,83085
30,77267618,83083
30,77661430,83078
30,78011296,83076
30,78388834,83074
30,78742071,83069
30,79096574,83066
30,79472023,83059
30,79866767,83057
30,80224389,83052
30,80600182,83048
30,80994726,83044
30,81414027,83039
30,81808993,83037
30,82162430,83037
30,82533156,83034
30,82886361,83031
30,83267871,83030
30,83642224,83030
30,84014714,83027
30,84414614,83025
30,84807814,83025
30,85161956,83024
30,85511385,83022
30,85866269,83021
30,86227485,83020
30,86620195,83020
30,86995815,83017
30,87392315,83016
30,87762731,83016
30,88122597,83014
30,88515258,83012
30,88877388,83012
30,89245676,83012
30,89638391,83011
30,90012145,83010
30,90409098,83009
30,90762068,83008
30,91140349,83007
30,91491550,83007
30,91846405,83006
30,92228869,83006
30,92619370,83006
30,92970336,83006
30,93351163,83005
30,93746691,83005
30,94123146,83004
30,94515870,83004
30,94866304,83004
30,95226856,83003
30,95615904,83003
30,95990080,83003
30,96371007,83002
30,96764936,83002
30,97122341,83002
30,97528081,83001
30,97910249,83001
30,98268009,83001
30,98662579,83000
30,99012292,83000
30,99412450,82999
30,99783202,83000
30,100140875,83000
30,100514198,83000
30,100866679,83000
30,101221543,83000
30,101596659,82999
30,101969471,82999
30,102346447,82999
30,102721288,83000
30,103121298,83000
30,103514550,83000
30,103887450,83000
30,104247059,83000
30,104643188,83000
30,105015609,82999
30,105414758,82998
30,105809502,82998
30,106210024,82997
30,106597927,82997
30,106971663,82997
30,107368765,82997
30,107722084,82997
30,108102722,82997
30,108493995,82997
30,108846275,82996
30,109226698,82997
30,109619125,82999
30,109972426,82999
30,110349006,82999
30,110741894,82999
30,111121408,82998
30,111515015,82998
30,111867131,82997
30,112224894,82997
30,112626045,82997
30,113014343,82997
30,113410083,82997
30,113762686,82998
30,114134312,82996
30,114495621,82997
30,114849309,82997
30,115227397,82997
30,115619738,82997
30,115973937,82996
30,116352140,82996
31,702629,582985
31,1088522,582658
31,1461368,582012
31,1854395,581522
31,2234835,580744
31,2627800,579847
31,2979133,578785
31,3378455,577513
31,3751348,576217
31,4106816,574739
31,4479914,573154
31,4833914,571352
31,5213120,569134
31,5607754,566738
31,6013746,564128
31,6425253,561251
31,6835283,558587
31,7194897,555475
31,7610363,552123
31,8015142,548922
31,8381606,545079
31,8774584,541060
31,9211729,536960
31,9586439,533111
31,9980673,528462
31,10378090,524283
31,10729562,520068
31,11088093,514916
31,11481319,510169
31,11856793,505448
31,12214560,499829
31,12606983,494562
31,12981762,488614
31,13377481,483216
31,13728849,477440
31,14110112,470997
31,14500252,465066
31,14874366,458797
31,15231446,452773
31,15582636,446270
31,15937160,439671
31,16314803,432168
31,16707949,425126
31,17081565,418256
31,17458916,409952
31,17833053,402696
31,18188536,395152
31,18568265,386476
31,18961830,377443
31,19382686,368387
31,19796774,358932
31,20193511,349397
31,20609163,339656
31,21009355,330897
31,21401537,321139
31,21791242,313362
31,22156614,304496
31,22530347,296373
31,22900537,288969
31,23280771,280346
31,23676088,271836
31,24066618,264627
31,24462488,256603
31,24855478,249305
31,25211168,241426
31,25629545,233489
31,26030272,226739
31,26421976,219111
31,26813059,211796
31,27211655,204330
31,27604130,198152
31,27979835,191264
31,28402718,184389
31,28796912,177898
31,29214088,171335
31,29608793,166071
31,30028933,159455
31,30469609,153770
31,30861862,148513
31,31253388,143212
31,31650186,138934
31,32036560,134370
31,32449520,129798
31,32838897,125463
31,33257009,121577
31,33650479,118213
31,34034255,114404
31,34423144,110879
31,34837795,107688
31,35258531,104652
31,35648278,102074
31,36032551,99352
31,36417563,97144
31,36776638,95080
31,37151713,92972
31,37524007,91276
31,37915347,89710
31,38271032,88283
31,38623354,87028
31,38978121,85762
31,39402285,84720
31,39791008,83939
31,40154408,83317
31,40526611,82829
31,40920263,82530
31,41335307,82420
31,41687645,82468
31,42115178,82334
31,42533781,82208
31,42949320,82150
31,43343190,82020
31,43736600,81987
31,44124372,81903
31,44525200,81903
31,44926717,81921
31,45341813,81961
31,45734010,81988
31,46111833,82011
31,46505322,82054
31,46898652,82110
31,47279945,82171
31,47674762,82215
31,48079105,82265
31,48462956,82320
31,48858010,82367
31,49233281,82414
31,49628108,82440
31,49982506,82463
31,50402101,82480
31,50817237,82494
31,51218252,82510
31,51591422,82529
31,51985893,82551
31,52364422,82580
31,52758702,82607
31,53156504,82626
31,53533414,82641
31,53898892,82656
31,54303983,82673
31,54710431,82691
31,55117151,82702
31,55531036,82708
31,55940055,82709
31,56341776,82713
31,56733503,82720
31,57112934,82730
31,57506461,82742
31,57878873,82758
31,58281489,82772
31,58654712,82795
31,59057373,82814
31,59420357,82829
31,59815702,82839
31,60192259,82842
31,60585339,82842
31,60941384,82845
31,61325867,82854
31,61714525,82863
31,62099894,82876
31,62489769,82886
31,62907586,82896
31,63301662,82903
31,63716337,82907
31,64115659,82907
31,64487195,82907
31,64877788,82907
31,65262420,82907
31,65655034,82904
31,66035781,82902
31,66424942,82906
31,66836483,82911
31,67198412,82916
31,67610314,82917
31,68034222,82920
31,68420410,82926
31,68835565,82935
31,69209020,82947
31,69589288,82957
31,69981790,82964
31,70380302,82971
31,70772513,82976
31,71130628,82981
31,71502633,82983
31,71856211,82984
31,72222487,82990
31,72615391,82994
31,72986610,83000
31,73388133,83001
31,73759156,83001
31,74156184,83001
31,74532086,82998
31,74923481,82998
31,75342583,82995
31,75738620,82996
31,76114225,82996
31,76509312,82996
31,76877384,82995
31,77240722,82993
31,77634878,82992
31,78013805,82992
31,78403385,82991
31,78779850,82990
31,79185851,82990
31,79600348,82990
31,79984420,82991
31,80356941,82991
31,80711138,82991
31,81078669,82991
31,81459713,82986
31,81836462,82982
31,82191019,82982
31,82585119,82979
31,82961392,82976
31,83342231,82974
31,83734906,82977
31,84134143,82981
31,84501353,82984
31,84856959,82985
31,85212578,82988
31,85584495,82992
31,85940664,82995
31,86348368,83000
31,86718113,83000
31,87115080,83002
31,87507643,83004
31,87897842,83005
31,88283495,83006
31,88674195,83007
31,89079257,83008
31,89467978,83010
31,89855703,83014
31,90245307,83019
31,90611007,83026
31,91026030,83039
31,91405323,83054
31,91776557,83075
31,92169358,83092
31,92528589,83111
31,92901386,83133
31,93309989,83154
31,93670497,83174
31,94086358,83191
31,94487110,83208
31,94898336,83219
31,95254003,83228
31,95607110,83233
31,95981482,83235
31,96377903,83235
31,96750340,83229
31,97110829,83221
31,97509508,83212
31,97904237,83204
31,98300155,83196
31,98690100,83190
31,99090654,83180
31,99463456,83174
31,99856973,83163
31,100215459,83156
31,100587488,83147
31,100980132,83138
31,101377025,83130
31,101753345,83125
31,102112190,83120
31,102480759,83116
31,102836080,83110
31,103190813,83105
31,103584751,83103
31,103972518,83097
31,104358093,83095
31,104731165,83092
31,105090435,83087
31,105488320,83084
31,105857820,83082
31,106260414,83079
31,106633099,83076
31,107038989,83074
31,107459377,83068
31,107837037,83067
31,108214414,83062
31,108606174,83058
31,108981825,83058
31,109377740,83053
31,109731495,83050
31,110087979,83050
31,110479936,83045
31,110855068,83042
31,111212401,83042
31,111584434,83041
31,111938478,83038
31,112319118,83037
31,112709695,83036
31,113087694,83033
31,113481192,83033
31,113834750,83031
31,114190876,83030
31,114564713,83028
31,114958782,83026
31,115358142,83025
31,115738792,83021
31,116178051,83021
31,116577340,83020
31,116962649,83018
31,117376513,83017
31,117786715,83015
31,118165113,83013
31,118541600,83013
31,118893028,83013
31,119263112,83012
31,119626127,83012
31,119978201,83010
31,120391434,83010
31,120742276,83007
31,121094683,83006
31,121467329,83006
31,121804933,83005
31,122158768,83004
31,122509426,83004
31,122833177,83004
31,123195636,83003
31,123543484,83002
31,123913450,83001
31,124259451,83001
31,124588427,83001
31,124915943,83001
31,125274996,83000
31,125601380,83000
31,125934772,82999
31,126291821,82998
31,126627307,82997
31,126978382,82997
31,127334452,82996
31,127693761,82996
31,128055531,82996
31,128399252,82996
31,128745111,82995
31,129043183,82994
31,129349802,82994
31,129662138,82994
31,129953612,82994
31,130266938,82994
31,130579269,82994
31,130890559,82994
31,131184049,82994
31,131498931,82994
32,733532,582970
32,1115806,582499
32,1515779,581947
32,1889619,581362
32,2305227,580491
32,2707761,579564
32,3095945,578322
32,3469062,577134
32,3848008,575575
32,4242235,573855
32,4671562,571874
32,5055525,569964
32,5431478,567627
32,5830667,565108
32,6241619,562323
32,6668110,559330
32,7054717,556233
32,7447620,553397
32,7846341,549837
32,8241812,546040
32,8667342,542054
32,9055768,538516
32,9452366,533691
32,9866546,529655
32,10260540,524896
32,10666974,520099
32,11054733,514941
32,11467389,509507
32,11873863,504119
32,12283699,498371
32,12707645,492320
32,13115819,486380
32,13509412,480817
32,13870169,474215
32,14284820,467737
32,14689344,461528
32,15056398,454535
32,15472075,447330
32,15867944,439750
32,16262281,433219
32,16667709,425243
32,17054531,417334
32,17446633,410031
32,17809977,402771
32,18183383,394087
32,18572377,386498
32,18949265,377447
32,19346092,368387
32,19761994,358946
32,20169910,350627
32,20532491,340889
32,20930456,330908
32,21323904,322293
32,21720319,313262
32,22113478,305419
32,22468087,297093
32,22868242,288265
32,23260025,279383
32,23634743,271688
32,24038367,263101
32,24430278,254852
32,24826647,246667
32,25241272,238750
32,25635421,231854
32,26013666,224326
32,26410346,216759
32,26804396,210513
32,27184221,203305
32,27580372,197383
32,27991845,190669
32,28365194,184140
32,28765399,177981
32,29157494,172455
32,29551489,167399
32,29932137,161715
32,30307243,155994
32,30711504,151526
32,31077053,146286
32,31488456,141734
32,31846026,137091
32,32239733,132994
32,32623889,128346
32,33012816,124638
32,33406117,120718
32,33768733,117286
32,34159900,113516
32,34534136,110466
32,34910227,107279
32,35303773,104617
32,35687930,101683
32,36079480,98989
32,36488328,96803
32,36869647,94488
32,37264204,92438
32,37688016,90567
32,38079606,88862
32,38488157,87558
32,38865978,86236
32,39262336,85144
32,39686768,84230
32,40094572,83508
32,40488920,83069
32,40865792,82757
32,41261031,82631
32,41613556,82673
32,42037962,82576
32,42452059,82425
32,42845843,82371
32,43241439,82242
32,43614725,82173
32,44013531,82079
32,44386145,82038
32,44766108,82039
32,45168122,82063
32,45558138,82098
32,45935647,82114
32,46324585,82147
32,46743600,82189
32,47136651,82228
32,47515310,82265
32,47910243,82292
32,48280425,82327
32,48635649,82363
32,49032914,82397
32,49406845,82425
32,49766003,82453
32,50159536,82476
32,50552634,82504
32,50931983,82528
32,51310019,82551
32,51707955,82579
32,52115530,82605
32,52510251,82628
32,52867569,82649
32,53261237,82669
32,53666022,82687
32,54053394,82699
32,54430213,82709
32,54824484,82717
32,55239203,82719
32,55592602,82725
32,55974237,82736
32,56367250,82745
32,56786030,82758
32,57180772,82771
32,57589485,82785
32,58014229,82795
32,58409423,82807
32,58803151,82817
32,59184133,82829
32,59581518,82841
32,59993774,82851
32,60365951,82862
32,60762624,82873
32,61158348,82882
32,61530095,82891
32,61888029,82902
32,62261815,82912
32,62671601,82919
32,63032199,82925
32,63428538,82929
32,63831000,82935
32,64240932,82936
32,64615827,82941
32,65011883,82943
32,65409091,82946
32,65785395,82954
32,66178941,82957
32,66558639,82965
32,66954872,82976
32,67366239,82994
32,67764988,83029
32,68158906,83079
32,68555817,83127
32,68950614,83175
32,69366241,83217
32,69764143,83248
32,70167038,83272
32,70556108,83287
32,70956446,83291
32,71325037,83291
32,71721805,83279
32,72116322,83264
32,72490732,83243
32,72889159,83224
32,73261594,83198
32,73669621,83178
32,74032909,83156
32,74426372,83141
32,74783478,83126
32,75156248,83114
32,75508988,83105
32,75867132,83099
32,76259411,83094
32,76634058,83089
32,77052537,83088
32,77405664,83085
32,77762765,83084
32,78179632,83081
32,78579089,83081
32,78991721,83080
32,79388903,83077
32,79763183,83075
32,80155621,83073
32,80533218,83069
32,80930168,83066
32,81307996,83063
32,81709534,83059
32,82076783,83056
32,82479431,83051
32,82893244,83048
32,83302214,83046
32,83668265,83042
32,84052952,83039
32,84404473,83038
32,84782720,83035
32,85180300,83033
32,85550181,83031
32,85907093,83030
32,86302701,83028
32,86689552,83026
32,87071987,83025
32,87429851,83023
32,87802457,83021
32,88196445,83021
32,88556455,83021
32,88931397,83019
32,89328555,83017
32,89742291,83017
32,90135926,83015
32,90512147,83014
32,90909649,83014
32,91279497,83013
32,91657124,83012
32,92054417,83011
32,92451169,83011
32,92868942,83011
32,93261119,83011
32,93666879,83011
32,94056722,83010
32,94446679,83009
32,94834791,83008
32,95220589,83007
32,95592922,83007
32,95988549,83004
32,96341791,83004
32,96719522,83004
32,97113743,83004
32,97467937,83004
32,97851093,83004
32,98240063,83002
32,98634136,83002
32,99032857,83002
32,99404413,83002
32,99784077,83002
32,100179198,83002
32,100555007,83001
32,100957610,83001
32,101324084,83000
32,101722016,83000
32,102096656,83000
32,102490150,83000
32,102889482,83000
32,103260925,83000
32,103665392,83000
32,104059285,83000
32,104431581,83000
32,104804459,83000
32,105205481,83000
32,105613111,83001
32,106011389,83001
32,106384476,83001
32,106761502,83001
32,107167173,83001
32,107555392,83000
32,107929172,82999
32,108324056,82998
32,108741377,82996
32,109155825,82997
32,109510213,82998
32,109865864,82998
32,110284519,82998
32,110689464,82998
32,111061250,82998
32,111449924,82998
32,111866758,82999
32,112259654,83000
32,112636565,83000
32,113032270,82999
32,113407936,82999
32,113804352,82999
32,114181830,82998
32,114577717,82997
32,114993315,82997
32,115387445,82997
32,115764710,82997
32,116154222,82996
32,116511598,82996
32,116888811,82997
32,117279940,82996
32,117672455,82996
32,118053414,82996
32,118433242,82996
32,118825643,82996
32,119251553,82996
33,710416,582986
33,1117382,582580
33,1513761,582014
33,1910702,581441
33,2305275,580599
33,2699243,579555
33,3117061,578312
33,3511953,577124
33,3908288,575566
33,4305641,573843
33,4705285,571864
33,5097181,569957
33,5492289,567623
33,5867571,565425
33,6238935,563039
33,6593302,560482
33,6990866,557410
33,7365605,554229
33,7759615,550745
33,8177625,547004
33,8618150,543058
33,9011104,539011
33,9405523,535326
33,9760663,530788
33,10158316,526632
33,10530779,522447
33,10908057,517500
33,11302744,512876
33,11655337,508119
33,12012749,503372
33,12409372,497597
33,12816900,491571
33,13205624,485609
33,13616913,479155
33,14014961,472655
33,14430470,466032
33,14835985,459768
33,15199855,452838
33,15594104,446379
33,15994098,438832
33,16386991,431247
33,16792274,423250
33,17199198,415257
33,17592077,407927
33,17969032,399549
33,18363373,391895
33,18716898,384270
33,19095007,375176
33,19488068,367204
33,19844838,358946
33,20239255,349418
33,20613092,340907
33,20989843,330941
33,21385813,321168
33,21814598,312221
33,22202647,303079
33,22616417,293741
33,23033959,284985
33,23430101,277203
33,23831181,268408
33,24197998,261059
33,24553818,253773
33,24939604,245659
33,25308780,238724
33,25698292,230864
33,26098248,223330
33,26512383,215814
33,26908410,209572
33,27300931,202385
33,27676813,196525
33,28053666,189781
33,28431444,184123
33,28815532,178738
33,29180961,172435
33,29573645,166694
33,29992247,160981
33,30406675,155340
33,30816081,150913
33,31181239,145669
33,31575912,141206
33,31968995,136613
33,32342812,132499
33,32718220,127908
33,33097530,124238
33,33490118,120287
33,33889979,116375
33,34282363,113111
33,34679360,109672
33,35060852,106914
33,35427247,103892
33,35843845,101013
33,36242684,98365
33,36636047,96227
33,37014731,93980
33,37406611,92219
33,37793785,90371
33,38178789,88694
33,38616544,87247
33,38993556,86121
33,39364014,85178
33,39716211,84370
33,40096242,83621
33,40487705,83160
33,40847257,82817
33,41260516,82667
33,41654268,82694
33,42010205,82657
33,42363571,82475
33,42716013,82418
33,43094599,82286
33,43510145,82189
33,43869233,82101
33,44263078,82022
33,44636385,82016
33,45035178,82018
33,45408238,82055
33,45814375,82072
33,46183091,82094
33,46577538,82135
33,46990371,82180
33,47405362,82223
33,47762160,82255
33,48159428,82286
33,48531259,82316
33,48890430,82359
33,49284510,82393
33,49668361,82425
33,50056772,82455
33,50449300,82482
33,50848461,82513
33,51241611,82544
33,51634972,82570
33,52012177,82599
33,52406137,82621
33,52759431,82642
33,53138766,82661
33,53530354,82679
33,53886377,82695
33,54259236,82709
33,54614040,82722
33,54974690,82740
33,55366340,82753
33,55739803,82767
33,56141719,82780
33,56511979,82789
33,56909564,82795
33,57282686,82804
33,57676435,82809
33,58034282,82815
33,58406140,82823
33,58813476,82829
33,59182626,82832
33,59575542,82834
33,59994229,82840
33,60417996,82845
33,60812451,82856
33,61245425,82867
33,61613335,82876
33,61990999,82885
33,62385840,82890
33,62758706,82897
33,63157765,82897
33,63508733,82898
33,63885944,82902
33,64302435,82903
33,64655663,82905
33,65012038,82908
33,65405993,82914
33,65759120,82918
33,66161733,82926
33,66533806,82935
33,66908550,82944
33,67304591,82954
33,67704619,82972
33,68096569,83005
33,68489503,83053
33,68908878,83107
33,69303356,83157
33,69698998,83197
33,70094909,83237
33,70491531,83267
33,70888446,83286
33,71261469,83295
33,71654766,83297
33,72013187,83293
33,72406369,83279
33,72812597,83259
33,73197266,83239
33,73549919,83218
33,73907077,83196
33,74311409,83171
33,74704019,83151
33,75094260,83134
33,75509004,83120
33,75870059,83110
33,76261903,83103
33,76633335,83095
33,76994376,83093
33,77406503,83089
33,77813105,83087
33,78183573,83087
33,78579754,83086
33,78992615,83084
33,79385354,83081
33,79737893,83080
33,80114908,83077
33,80508699,83076
33,80866635,83073
33,81240729,83069
33,81635949,83067
33,82013277,83062
33,82405050,83058
33,82757228,83057
33,83136709,83050
33,83529795,83048
33,83907214,83045
33,84302211,83039
33,84710871,83039
33,85094646,83035
33,85489084,83033
33,85842744,83033
33,86238671,83030
33,86612485,83029
33,86968414,83027
33,87364356,83025
33,87737168,83024
33,88139693,83023
33,88510180,83022
33,88868226,83021
33,89261731,83020
33,89635532,83019
33,90033651,83018
33,90407554,83016
33,90815176,83015
33,91179316,83014
33,91571881,83013
33,91931294,83011
33,92307657,83011
33,92701641,83011
33,93116682,83008
33,93512098,83008
33,93908374,83008
33,94300915,83008
33,94656549,83008
33,95011778,83007
33,95405438,83007
33,95791365,83007
33,96198151,83006
33,96554510,83006
33,96952163,83006
33,97361876,83006
33,97717304,83006
33,98092358,83005
33,98497381,83005
33,98909990,83005
33,99304432,83005
33,99701702,83003
33,100094467,83003
33,100489576,83003
33,100909143,83003
33,101303283,83002
33,101681782,83002
33,102075204,83002
33,102491474,83002
33,102886473,83002
33,103259383,83002
33,103612865,83002
33,103969360,83002
33,104363780,83003
33,104739042,83003
33,105136024,83003
33,105508937,83003
33,105865446,83003
33,106259749,83003
33,106633003,83003
33,106988742,83003
33,107342226,83002
33,107715983,83002
33,108115073,83002
33,108509979,83000
33,108895679,83000
33,109285871,82999
33,109654592,82999
33,110015325,82997
33,110410194,82998
33,110813439,82998
33,111198993,82998
33,111593573,82999
33,111971217,82999
33,112364611,82999
33,112758209,82999
33,113136293,82999
33,113530918,82999
33,113905882,82999
33,114300855,82999
34,718137,582986
34,1099588,582660
34,1475345,582026
34,1869156,581542
34,2246897,580746
34,2640116,579864
34,2990925,578812
34,3370463,577676
34,3721229,576412
34,4096662,574747
34,4494550,573162
34,4845801,571353
34,5237306,569121
34,5622030,566718
34,6034081,564457
34,6390412,561964
34,6741913,559329
34,7100118,556619
34,7477545,553357
34,7870325,550239
34,8226463,546477
34,8658850,542490
34,9036014,538938
34,9417398,534692
34,9809684,530725
34,10197001,525992
34,10600495,521212
34,10992021,516850
34,11352747,511504
34,11766863,506764
34,12116631,501247
34,12538792,496091
34,12889407,490835
34,13246459,485604
34,13597914,479988
34,13971943,473457
34,14370270,467759
34,14721994,461553
34,15096162,454588
34,15493547,448321
34,15847970,441636
34,16234022,434216
34,16621308,427242
34,17008521,419347
34,17395095,411074
34,17814764,402751
34,18212435,394072
34,18620612,386473
34,18996546,378563
34,19350751,369512
34,19747182,360100
34,20172728,350604
34,20557514,342075
34,20931408,333429
34,21291975,323490
34,21682768,315473
34,22054606,307753
34,22415022,298276
34,22806547,290467
34,23190093,281635
34,23582205,272818
34,23990803,265220
34,24350623,257997
34,24742510,249684
34,25116116,241786
34,25516988,234783
34,25887467,228147
34,26243984,221508
34,26596968,215011
34,26975889,207882
34,27397438,200751
34,27790011,194090
34,28213838,187336
34,28601600,181854
34,28991252,175617
34,29373292,169511
34,29766911,164612
34,30125074,159510
34,30497086,154031
34,30892104,149610
34,31268386,144320
34,31682673,139985
34,32034300,135978
34,32389497,131841
34,32748210,127839
34,33133264,123675
34,33537766,120245
34,33888737,116815
34,34245334,113525
34,34597511,110470
34,34970695,107281
34,35348672,104622
34,35721478,102046
34,36098524,99331
34,36492805,97117
34,36847205,95053
34,37222976,92952
34,37616822,91267
34,37970823,89717
34,38354046,88128
34,38743536,86897
34,39096706,85818
34,39475339,84798
34,39848847,84040
34,40226838,83378
34,40620496,82988
34,40993344,82741
34,41351546,82641
34,41751181,82697
34,42119068,82562
34,42517121,82442
34,42887914,82402
34,43248652,82261
34,43640900,82210
34,44012242,82122
34,44394034,82059
34,44786973,82063
34,45137910,82080
34,45558615,82120
34,45908211,82144
34,46267319,82166
34,46619454,82209
34,46990954,82249
34,47349222,82289
34,47724260,82322
34,48097728,82345
34,48475753,82371
34,48869940,82396
34,49236476,82423
34,49626384,82449
34,50012719,82469
34,50370979,82491
34,50724212,82512
34,51094785,82541
34,51501022,82566
34,51889063,82590
34,52246681,82611
34,52619658,82629
34,52970745,82648
34,53349951,82665
34,53742864,82678
34,54095504,82689
34,54474030,82700
34,54867779,82709
34,55223037,82718
34,55617147,82727
34,56112276,82739
34,56622195,82744
34,57043056,82750
34,57571748,82755
34,58021886,82759
34,58488072,82763
34,58937694,82770
34,59429372,82784
34,59874828,82794
34,60354725,82814
34,60866747,82835
34,61293205,82850
34,61695689,82865
34,62087270,82876
34,62504696,82883
34,62994686,82893
34,63442290,82899
34,63848581,82907
34,64233732,82911
34,64602453,82917
34,64975397,82923
34,65372735,82929
34,65785729,82935
34,66141061,82943
34,66540402,82945
34,66911763,82951
34,67282117,82955
34,67665272,82958
34,68036967,82963
34,68395522,82966
34,68787701,82969
34,69139689,82974
34,69514684,82983
34,69869079,83003
34,70225019,83036
34,70597616,83081
34,70992059,83126
34,71357238,83167
34,71728274,83206
34,72122057,83243
34,72543322,83267
34,72935024,83281
34,73312635,83285
34,73705918,83287
34,74117304,83278
34,74520933,83262
34,74889275,83246
34,75247924,83225
34,75643928,83202
34,76017402,83183
34,76376206,83161
34,76768573,83146
34,77142579,83129
34,77561706,83116
34,77951391,83108
34,78312034,83102
34,78688139,83095
34,79079732,83093
34,79497323,83089
34,79891577,83089
34,80267509,83086
34,80620453,83085
34,80971859,83084
34,81348707,83082
34,81744712,83080
34,82097362,83078
34,82490171,83076
34,82875007,83073
34,83248271,83068
34,83641698,83066
34,83995021,83062
34,84352760,83058
34,84724965,83056
34,85097487,83051
34,85498398,83048
34,85893293,83045
34,86268973,83041
34,86662704,83039
34,87016977,83038
34,87389592,83034
34,87741267,83032
34,88096764,83032
34,88475554,83029
34,88869734,83028
34,89228717,83026
34,89620386,83025
34,89994770,83024
34,90362814,83023
34,90726358,83021
34,91126676,83020
34,91516718,83020
34,91889038,83020
34,92245694,83018
34,92596150,83018
34,92971099,83015
34,93375358,83015
34,93765743,83014
34,94138188,83013
34,94539601,83012
34,94913206,83012
34,95269741,83012
34,95663745,83011
34,96034049,83010
34,96394906,83009
34,96784680,83009
34,97172655,83009
34,97578664,83007
34,97930000,83007
34,98289808,83007
34,98685707,83007
34,99059188,83005
34,99462054,83007
34,99871945,83006
34,100234258,83006
34,100623490,83005
34,100993731,83005
34,101350650,83005
34,101726082,83005
34,102096380,83005
34,102495513,83005
34,102846824,83005
34,103222954,83004
34,103596685,83003
34,103971781,83003
34,104354220,83003
34,104724571,83005
34,105096519,83004
34,105474093,83004
34,105869165,83004
34,106223073,83004
34,106604893,83003
34,106994458,83003
34,107348827,83003
34,107721712,83002
34,108118463,83000
34,108521692,83000
34,108893582,83000
34,109289841,83000
34,109662620,83000
34,110017607,82999
34,110374012,82999
34,110769519,82999
34,111139982,82999
34,111538535,82999
34,111909751,82999
34,112269869,82999
34,112661381,83000
34,113034278,83000
34,113392598,83000
34,113806230,82999
34,114169364,82999
34,114557463,82998
34,114939523,82998
34,115354941,82998
34,115744032,82996
34,116101101,82995
34,116498637,82996
34,116893168,82996
34,117291107,82997
34,117683841,82997
34,118035067,82996
34,118396212,82996
34,118768461,82996
34,119174580,82997
35,708999,582985
35,1079347,582581
35,1472211,582023
35,1844893,581453
35,2242694,580623
35,2639240,579717
35,3034478,578492
35,3425677,577340
35,3778395,576017
35,4135405,574539
35,4491592,572928
35,4865690,570824
35,5262689,568557
35,5654027,566426
35,6033766,563786
35,6429216,560882
35,6840791,558200
35,7240032,555052
35,7611959,552095
35,7989706,548900
35,8341822,545548
35,8695697,542028
35,9072016,537945
35,9464808,534162
35,9840403,529580
35,10237936,525399
35,10590102,521199
35,10961854,516174
35,11345007,511468
35,11762037,506042
35,12140125,500473
35,12532265,494508
35,12942184,489299
35,13303379,483162
35,13715087,477427
35,14071252,471802
35,14446512,465058
35,14844454,457964
35,15243292,451928
35,15636637,444394
35,16034837,436983
35,16428537,429216
35,16845383,421276
35,17243379,414236
35,17632077,405878
35,18011329,397404
35,18404532,389783
35,18777609,382038
35,19145781,372962
35,19556613,363691
35,19969063,354262
35,20362564,345780
35,20736035,337270
35,21093131,328471
35,21444773,320066
35,21839830,311158
35,22245129,301906
35,22636732,292695
35,23033307,283938
35,23447333,275043
35,23840704,267369
35,24238131,259057
35,24612568,251706
35,24966890,244702
35,25341045,237734
35,25696544,230865
35,26097526,223332
35,26470577,215804
35,26865477,209556
35,27241311,202364
35,27637312,195675
35,28054890,188934
35,28465350,183364
35,28820146,177191
35,29218304,171708
35,29590588,166731
35,29948071,161018
35,30348624,156036
35,30737143,150937
35,31114890,146350
35,31486134,141831
35,31840308,137191
35,32237250,133070
35,32611161,128998
35,32969371,124719
35,33366573,121235
35,33740242,117786
35,34095455,113979
35,34489793,110882
35,34861808,107652
35,35260779,104983
35,35631458,102381
35,35989095,99633
35,36400243,97400
35,36760245,95316
35,37139616,93179
35,37532106,91473
35,37890775,89692
35,38281948,88287
35,38651955,87051
35,39011502,85808
35,39405157,84914
35,39778402,84141
35,40135968,83449
35,40549499,83033
35,40916863,82735
35,41299792,82634
35,41671436,82676
35,42036616,82571
35,42434988,82410
35,42844528,82340
35,43252468,82205
35,43638030,82134
35,44035440,82033
35,44429331,82016
35,44838819,82032
35,45242358,82068
35,45632324,82112
35,46010591,82134
35,46364418,82166
35,46738960,82208
35,47095724,82255
35,47490382,82296
35,47864484,82329
35,48261856,82361
35,48632047,82394
35,48991843,82435
35,49385999,82465
35,49760863,82491
35,50135714,82520
35,50532174,82547
35,50930549,82581
35,51341785,82608
35,51694849,82630
35,52071927,82651
35,52466247,82663
35,52839649,82680
35,53236191,82693
35,53589612,82708
35,53966827,82719
35,54318194,82730
35,54714558,82740
35,55078312,82745
35,55444304,82755
35,55840181,82761
35,56241459,82770
35,56636049,82780
35,57033476,82791
35,57426459,82798
35,57781027,82809
35,58158484,82818
35,58552132,82830
35,58966996,82837
35,59323292,82843
35,59697809,82851
35,60096440,82859
35,60478483,82866
35,60868542,82874
35,61239208,82880
35,61631864,82887
35,61989595,82894
35,62385886,82898
35,62756080,82898
35,63114215,82901
35,63487968,82904
35,63840029,82906
35,64237797,82910
35,64609538,82912
35,64966142,82915
35,65319125,82920
35,65692578,82927
35,66094418,82933
35,66486444,82940
35,66861540,82947
35,67272088,82951
35,67637400,82957
35,68033119,82960
35,68427240,82966
35,68842571,82969
35,69241164,82976
35,69632605,82984
35,69987360,83001
35,70344000,83029
35,70740145,83063
35,71137652,83104
35,71533250,83147
35,71939635,83179
35,72299627,83208
35,72657683,83234
35,73056594,83249
35,73444177,83256
35,73818832,83259
35,74194600,83254
35,74589514,83244
35,74944852,83230
35,75318905,83208
35,75715748,83192
35,76069625,83173
35,76444684,83153
35,76839770,83135
35,77237566,83119
35,77611337,83110
35,77971745,83098
35,78364330,83092
35,78739204,83088
35,79095323,83083
35,79488888,83079
35,79864228,83078
35,80260811,83076
35,80632501,83076
35,80988846,83074
35,81343413,83072
35,81739102,83071
35,82116714,83068
35,82531080,83066
35,82894343,83065
35,83281585,83061
35,83632537,83057
35,84009856,83055
35,84425752,83051
35,84790301,83048
35,85178063,83046
35,85591266,83041
35,85946884,83039
35,86318819,83038
35,86713620,83033
35,87069122,83032
35,87443476,83031
35,87838730,83028
35,88239175,83026
35,88611865,83026
35,88966218,83025
35,89339977,83023
35,89703266,83021
35,90097838,83021
35,90470020,83020
35,90864538,83017
35,91282246,83017
35,91690044,83017
35,92053205,83014
35,92442996,83013
35,92817367,83013
35,93198256,83012
35,93590528,83012
35,93948619,83011
35,94344063,83011
35,94735325,83009
35,95116223,83009
35,95485676,83009
35,95838940,83007
35,96238016,83007
35,96589311,83007
35,96944389,83007
35,97339058,83006
35,97713166,83005
35,98090989,83005
35,98443067,83005
35,98817771,83005
35,99220696,83005
35,99635692,83005
35,99991121,83005
35,100384615,83005
35,100738224,83005
35,101116950,83004
35,101506561,83004
35,101860350,83004
35,102238555,83004
35,102589620,83004
35,102947259,83004
35,103320147,83002
35,103713958,83002
35,104107335,83002
35,104493431,83002
35,104901912,83002
35,105261877,83002
35,105654851,83002
35,106040512,83002
35,106433965,83001
35,106843460,83001
35,107244439,83001
35,107635809,83001
35,108033378,83001
35,108424255,83001
35,108776866,83001
35,109168934,83001
35,109556870,83000
35,109969859,83000
35,110365208,83000
35,110739113,83000
35,111136144,82999
35,111531205,82999
35,111939150,82999
35,112320233,82999
35,112694518,82998
35,113091901,82999
35,113444988,82999
35,113818884,82999
35,114217787,82999
35,114634046,82999
35,114988683,82999
35,115382576,82998
35,115738120,82997
35,116124348,82997
35,116510754,82997
35,116893883,82997
35,117279711,82996
35,117632310,82996
35,118008929,82995
35,118369657,82995
35,118762769,82995
35,119134656,82996
35,119529087,82996
35,119913556,82996
35,120304443,82996
35,120693249,82995
36,721415,582987
36,1121740,582580
36,1523797,582010
36,1889004,581517
36,2260927,580715
36,2659747,579688
36,3053549,578627
36,3411749,577485
36,3784581,575981
36,4177510,574501
36,4579150,572632
36,4970829,570782
36,5330297,568513
36,5721927,566373
36,6073953,564079
36,6429023,561565
36,6803378,558913
36,7156257,556193
36,7532619,552894
36,7928424,549767
36,8296555,545991
36,8680911,542498
36,9053098,538958
36,9408809,535273
36,9781461,530755
36,10177672,526025
36,10595476,521844
36,10949368,517505
36,11325878,512206
36,11723495,506767
36,12121369,501954
36,12520358,496089
36,12933818,490086
36,13312591,484047
36,13702187,478311
36,14074353,472659
36,14430586,466907
36,14782214,460678
36,15162088,453743
36,15558411,446441
36,15971069,439825
36,16329966,432329
36,16722921,425325
36,17098202,418411
36,17455136,410100
36,17869500,401775
36,18279744,393044
36,18682546,384325
36,19095370,376326
36,19452544,367205
36,19846893,358924
36,20228678,349375
36,20617406,340859
36,20990878,332161
36,21345918,323488
36,21698270,315469
36,22072482,307747
36,22458969,298287
36,22847731,289416
36,23250460,280567
36,23646333,271729
36,24056109,264220
36,24411533,255920
36,24807301,248659
36,25181167,240772
36,25600010,232790
36,25991085,226196
36,26350209,219518
36,26723870,212252
36,27118820,205943
36,27495348,198970
36,27895535,192311
36,28307201,185650
36,28700491,180269
36,29072942,174749
36,29430428,169480
36,29783917,164584
36,30158403,158775
36,30553778,154055
36,30907308,149626
36,31284686,144365
36,31677062,140054
36,32031299,136033
36,32407676,131301
36,32801500,127362
36,33178513,123217
36,33579578,119274
36,33970951,115877
36,34349586,112207
36,34744088,109254
36,35119137,106520
36,35495434,103513
36,35887875,101011
36,36260142,98369
36,36661822,95935
36,37062011,93730
36,37450760,91986
36,37823075,90382
36,38181992,88715
36,38576662,87430
36,38947474,86262
36,39308370,85284
36,39700515,84334
36,40071722,83654
36,40433657,83153
36,40804507,82816
36,41156892,82618
36,41557631,82578
36,41929052,82602
36,42292942,82393
36,42681200,82333
36,43053068,82240
36,43409000,82110
36,43802893,82055
36,44177233,81963
36,44580605,81964
36,44958188,81988
36,45351419,82032
36,45721648,82075
36,46075501,82106
36,46432451,82151
36,46827651,82194
36,47198165,82243
36,47599663,82281
36,47988685,82316
36,48369773,82352
36,48745981,82392
36,49139431,82435
36,49554290,82466
36,49908466,82496
36,50282934,82526
36,50676209,82547
36,51029463,82568
36,51407313,82593
36,51802075,82614
36,52155545,82635
36,52535552,82653
36,52929336,82666
36,53284121,82679
36,53656767,82689
36,54051988,82697
36,54406588,82703
36,54780075,82712
36,55177353,82725
36,55578560,82738
36,55950960,82752
36,56306121,82768
36,56699209,82785
36,57072826,82803
36,57430518,82817
36,57803414,82832
36,58156170,82845
36,58551600,82852
36,58926128,82861
36,59281864,82869
36,59654834,82877
36,60029545,82884
36,60413383,82892
36,60805890,82898
36,61189342,82905
36,61578579,82912
36,61968820,82916
36,62349481,82917
36,62740624,82919
36,63114016,82921
36,63471349,82922
36,63822853,82925
36,64174259,82927
36,64553216,82932
36,64904646,82936
36,65281190,82943
36,65676819,82947
36,66029184,82955
36,66418849,82964
36,66803671,82976
36,67195981,82993
36,67594279,83015
36,67967545,83041
36,68323773,83072
36,68701973,83113
36,69095087,83149
36,69472370,83180
36,69825167,83209
36,70174632,83231
36,70531714,83249
36,70906159,83258
36,71301542,83260
36,71657955,83258
36,72028624,83246
36,72430709,83233
36,72805051,83215
36,73154588,83198
36,73533231,83177
36,73906831,83157
36,74281637,83142
36,74655829,83125
36,75029673,83112
36,75405768,83103
36,75779442,83095
36,76176364,83087
36,76572710,83085
36,76926938,83081
36,77302700,83079
36,77658629,83079
36,78033207,83077
36,78429683,83076
36,78782906,83075
36,79157968,83074
36,79555404,83071
36,79904477,83070
36,80280937,83068
36,80678695,83065
36,81033834,83060
36,81409780,83059
36,81802784,83054
36,82176174,83050
36,82574418,83048
36,82924811,83045
36,83295182,83040
36,83655632,83039
36,84050246,83036
36,84410396,83032
36,84780992,83031
36,85184301,83029
36,85552988,83027
36,85904430,83026
36,86301107,83025
36,86675588,83023
36,87028720,83022
36,87405160,83021
36,87779057,83021
36,88153390,83021
36,88535254,83019
36,88908441,83019
36,89287047,83017
36,89679937,83014
36,90054030,83014
36,90417426,83014
36,90805013,83012
36,91175159,83011
36,91576692,83011
36,91946064,83009
36,92305510,83008
36,92700831,83008
36,93073915,83008
36,93430230,83007
36,93783928,83006
36,94159127,83006
36,94553967,83006
36,94906118,83005
36,95282273,83005
36,95676143,83005
36,96029358,83005
36,96407413,83004
36,96801511,83004
36,97153991,83004
36,97529848,83004
36,97925810,83004
36,98280050,83003
36,98654024,83003
36,99050221,83003
36,99406705,83003
36,99779938,83002
36,100175707,83001
36,100555713,83001
36,100949834,83001
36,101306330,83001
36,101678361,83001
36,102029059,83001
36,102409764,83001
36,102782156,83001
36,103155062,83000
36,103530746,83000
36,103926673,83000
36,104286227,83000
36,104700104,83000
36,105048996,83000
36,105409829,83000
36,105804404,83000
36,106175228,83000
36,106595478,83000
36,106945894,83000
36,107303136,83000
36,107676326,83000
36,108028551,83000
36,108427225,83000
36,108779807,83000
36,109164406,82999
36,109553560,82999
36,109904736,82998
36,110295690,82998
36,110683570,82998
36,111055695,82998
36,111452040,82998
36,111803876,82998
36,112154914,82998
36,112535413,82998
36,112927300,82999
36,113293982,82999
36,113678002,82999
36,114050794,82999
36,114415595,82999
36,114782564,82999
36,115155589,82998
36,115536197,82998
36,115910895,82998
36,116307138,82998
36,116701128,82997
36,117094608,82995
36,117453989,82995
36,117846550,82996
36,118197149,82996
36,118575029,82995
36,118927426,82995
36,119281974,82996
36,119655778,82996
36,120052903,82996
36,120407817,82996
37,697378,582986
37,1079768,582654
37,1477575,582007
37,1851054,581433
37,2268814,580599
37,2663102,579690
37,3038416,578473
37,3432091,577154
37,3849647,575797
37,4204768,574083
37,4620309,572401
37,4973168,570534
37,5330814,568541
37,5724062,566087
37,6099177,563403
37,6517155,560479
37,6910805,557789
37,7295539,554601
37,7682309,551602
37,8038564,548400
37,8410522,545025
37,8765537,541495
37,9117754,537407
37,9537285,533595
37,9909814,528998
37,10307958,524812
37,10665903,520000
37,11059252,514866
37,11476787,509449
37,11890735,504720
37,12247284,499047
37,12678280,493046
37,13058949,487103
37,13475902,480792
37,13891607,474244
37,14288999,468593
37,14682959,461550
37,15078549,454594
37,15473645,448319
37,15830418,440715
37,16247644,433273
37,16642570,426263
37,17037002,418377
37,17414439,410066
37,17807313,402802
37,18195300,395213
37,18555577,387619
37,18912429,378592
37,19308160,369528
37,19722109,361279
37,20077247,353023
37,20452735,343283
37,20825683,334675
37,21203692,324667
37,21596674,316568
37,21971358,308861
37,22333467,299454
37,22725413,291563
37,23120874,282770
37,23519657,273908
37,23913884,266281
37,24311232,257990
37,24702363,249645
37,25076394,242738
37,25459412,234756
37,25872023,227223
37,26269405,220627
37,26643136,213393
37,27037427,207253
37,27415985,200323
37,27813590,193823
37,28227191,187197
37,28619766,181841
37,28993598,176421
37,29350929,170213
37,29745673,165189
37,30118589,159203
37,30521031,154256
37,30911215,149007
37,31287673,143485
37,31686501,139074
37,32076647,134507
37,32452981,130383
37,32827727,126399
37,33217760,122401
37,33601661,118525
37,33997077,115133
37,34373300,111539
37,34767641,108671
37,35153155,105590
37,35539376,102607
37,35938407,100193
37,36331640,97611
37,36726005,95227
37,37119191,93106
37,37553539,91174
37,37954532,89433
37,38352882,88065
37,38725014,86666
37,39119430,85487
37,39537240,84619
37,39910928,83883
37,40287623,83252
37,40660427,82870
37,41015180,82636
37,41381283,82553
37,41770752,82603
37,42150967,82432
37,42559969,82321
37,42953908,82243
37,43330342,82109
37,43723081,82072
37,44075982,81982
37,44458560,81955
37,44851944,81960
37,45227839,81994
37,45621297,82041
37,46017731,82073
37,46416639,82108
37,46806752,82142
37,47176309,82178
37,47539492,82224
37,47939392,82256
37,48332511,82287
37,48725127,82321
37,49119002,82360
37,49520521,82394
37,49889630,82425
37,50249698,82464
37,50643757,82500
37,51037774,82532
37,51415568,82566
37,51812737,82597
37,52225223,82626
37,52620386,82646
37,52993971,82665
37,53350190,82683
37,53724074,82697
37,54076566,82704
37,54453536,82712
37,54827927,82719
37,55212583,82722
37,55602821,82722
37,55976506,82720
37,56373432,82719
37,56768512,82721
37,57155517,82728
37,57548130,82734
37,57916539,82748
37,58313830,82761
37,58705690,82785
37,59080003,82805
37,59454075,82822
37,59870814,82837
37,60227228,82851
37,60621497,82863
37,60972786,82876
37,61352082,82888
37,61746056,82895
37,62131133,82901
37,62516349,82908
37,62888545,82911
37,63247538,82918
37,63640260,82926
37,64013088,82936
37,64370384,82945
37,64721342,82950
37,65079664,82956
37,65482927,82961
37,65850164,82967
37,66241126,82972
37,66622646,82978
37,67014641,82979
37,67376200,82981
37,67765186,82983
37,68149933,82983
37,68538291,82983
37,68930419,82983
37,69286058,82983
37,69639428,82984
37,69992763,82985
37,70350980,82988
37,70722658,82990
37,71076847,82991
37,71458054,82987
37,71829268,82987
37,72226741,82985
37,72622313,82983
37,73014129,82983
37,73372926,82983
37,73766810,82982
37,74150905,82981
37,74585776,82980
37,74951105,82979
37,75328739,82979
37,75724217,82980
37,76075817,82981
37,76452345,82983
37,76827274,82994
37,77226480,83011
37,77620028,83036
37,77995301,83068
37,78352030,83106
37,78747876,83138
37,79121406,83170
37,79518788,83194
37,79892912,83219
37,80289872,83237
37,80686924,83248
37,81078611,83255
37,81452787,83257
37,81827396,83254
37,82206379,83242
37,82578890,83229
37,82952999,83213
37,83331784,83191
37,83725049,83170
37,84119820,83154
37,84516754,83139
37,84889042,83126
37,85247140,83116
37,85619296,83107
37,85972128,83102
37,86340747,83096
37,86723658,83091
37,87096908,83090
37,87516348,83087
37,87910422,83085
37,88272226,83084
37,88642049,83080
37,89036788,83079
37,89394600,83077
37,89777474,83076
37,90187838,83071
37,90581033,83068
37,90972164,83066
37,91352075,83060
37,91745217,83057
37,92117569,83055
37,92515580,83049
37,92867684,83048
37,93244601,83046
37,93598030,83042
37,93950326,83041
37,94326865,83039
37,94721973,83037
37,95075684,83035
37,95456404,83034
37,95848908,83030
37,96203590,83030
37,96577436,83029
37,96971261,83027
37,97328211,83025
37,97700934,83025
37,98096280,83023
37,98473716,83021
37,98826677,83020
37,99218755,83020
37,99577329,83020
37,99952657,83017
37,100329440,83016
37,100723080,83016
37,101075800,83014
37,101451753,83013
37,101826664,83013
37,102202460,83013
37,102575587,83012
37,102971909,83012
37,103333133,83011
37,103725411,83010
37,104120759,83010
37,104517271,83010
37,104912166,83008
37,105267489,83008
37,105639418,83008
37,105993649,83007
37,106352336,83006
37,106743600,83006
37,107118140,83006
37,107516451,83006
37,107889133,83006
37,108245442,83006
37,108638682,83004
37,109013256,83004
37,109369979,83004
37,109722179,83004
37,110086280,83003
37,110460043,83003
37,110850539,83003
37,111225749,83003
37,111620334,83003
37,111974209,83003
37,112330979,83003
37,112724615,83003
37,113096512,83003
37,113485537,83003
37,113871540,83003
37,114246432,83002
37,114641726,83002
37,115034566,83002
37,115414688,83002
37,115812572,83002
37,116227679,83002
37,116601370,83002
37,116992521,83001
37,117351851,83001
37,117724786,83000
37,118117438,83000
37,118515469,82999
37,118890343,82999
37,119244360,82998
37,119598402,82998
37,119971435,82997
37,120328872,82997
37,120702303,82997
37,121096369,82997
37,121499193,82997
37,121872325,82996
37,122268483,82996
37,122641199,82996
37,122996453,82996
37,123392937,82996
37,123764054,82996
37,124118909,82996
37,124518406,82995
38,741604,582985
38,1139982,582581
38,1518826,581947
38,1933858,581356
38,2327645,580620
38,2685126,579703
38,3057485,578634
38,3409338,577340
38,3829610,575802
38,4226748,574079
38,4619161,572392
38,4993393,570529
38,5367150,568243
38,5770217,565761
38,6181388,563392
38,6537671,560470
38,6932392,557782
38,7307321,555005
38,7662182,551599
38,8056783,548400
38,8441384,544538
38,8832180,540498
38,9229279,536901
38,9621210,532501
38,10037712,527843
38,10448498,523063
38,10828601,518174
38,11244382,513588
38,11622826,508155
38,12027050,502707
38,12442703,496873
38,12832622,490852
38,13244303,485629
38,13643760,479161
38,14035635,472653
38,14410489,466019
38,14807723,459756
38,15181243,453695
38,15536479,447314
38,15931890,439737
38,16306655,433205
38,16667772,426177
38,17036476,418303
38,17441781,409982
38,17879250,401675
38,18266198,392983
38,18663533,384280
38,19058152,376324
38,19466250,367220
38,19854315,357772
38,20243611,349417
38,20623728,339679
38,21016477,330915
38,21413150,321126
38,21787546,312173
38,22179467,304241
38,22545186,295945
38,22933195,288271
38,23284577,280496
38,23643650,271670
38,24034949,264139
38,24409187,255871
38,24812055,248625
38,25202632,240739
38,25557160,233736
38,25933065,226190
38,26326453,219519
38,26703600,212272
38,27143659,205064
38,27542304,198166
38,27935978,191495
38,28350170,184891
38,28745508,179528
38,29120997,173210
38,29517564,168094
38,29912392,162443
38,30285057,157367
38,30645921,152802
38,31036744,147681
38,31440868,142438
38,31828972,138336
38,32181039,134286
38,32537619,130163
38,32931663,125795
38,33305899,122257
38,33661467,118803
38,34036853,114944
38,34440306,111348
38,34861117,108072
38,35244758,105390
38,35619692,102416
38,36034850,100010
38,36387845,97438
38,36803984,95065
38,37204660,92964
38,37604119,91051
38,38013487,89535
38,38367875,88163
38,38745699,86769
38,39139448,85722
38,39519990,84724
38,39912077,83893
38,40308020,83348
38,40684831,82919
38,41112006,82693
38,41510424,82651
38,41870814,82689
38,42265709,82485
38,42728237,82403
38,43168061,82258
38,43541957,82179
38,43931492,82091
38,44349981,82016
38,44772116,82019
38,45141691,82041
38,45540336,82085
38,45931240,82116
38,46308830,82142
38,46685405,82183
38,47078970,82224
38,47484140,82261
38,47870136,82292
38,48265732,82321
38,48663586,82349
38,49036895,82385
38,49442316,82419
38,49853727,82451
38,50263518,82478
38,50626978,82502
38,51022702,82526
38,51391683,82556
38,51791455,82577
38,52161734,82599
38,52518999,82627
38,52913946,82648
38,53287245,82666
38,53684762,82683
38,54078754,82702
38,54462256,82720
38,54870984,82742
38,55264785,82759
38,55641702,82777
38,56037378,82792
38,56441906,82807
38,56829578,82822
38,57228051,82834
38,57621107,82841
38,57994683,82848
38,58389169,82857
38,58767155,82866
38,59160069,82871
38,59516414,82876
38,59907270,82882
38,60288475,82885
38,60667432,82886
38,61059822,82888
38,61466315,82893
38,61841298,82897
38,62227112,82903
38,62646315,82907
38,63038183,82911
38,63443759,82912
38,63829091,82911
38,64221926,82912
38,64605723,82912
38,65014863,82915
38,65408925,82919
38,65830806,82925
38,66226231,82926
38,66641886,82927
38,67035388,82932
38,67409530,82936
38,67832155,82943
38,68229784,82950
38,68643507,82963
38,69036442,82976
38,69443827,83001
38,69829819,83035
38,70228343,83076
38,70642460,83124
38,71035392,83161
38,71389523,83193
38,71768106,83225
38,72161288,83246
38,72536779,83259
38,72931224,83266
38,73285924,83266
38,73643650,83258
38,74037137,83246
38,74443310,83227
38,74830099,83206
38,75229069,83187
38,75621100,83163
38,75992857,83145
38,76367123,83129
38,76744002,83113
38,77138860,83102
38,77502462,83094
38,77888958,83086
38,78264494,83083
38,78620048,83079
38,79016235,83078
38,79388888,83076
38,79785723,83075
38,80160443,83075
38,80515144,83074
38,80929073,83073
38,81284374,83072
38,81639595,83070
38,81991380,83068
38,82367063,83066
38,82765337,83062
38,83158357,83059
38,83537305,83057
38,83930552,83052
38,84315731,83048
38,84707069,83047
38,85080363,83042
38,85487136,83039
38,85868177,83038
38,86251837,83033
38,86642558,83032
38,87037789,83030
38,87443970,83027
38,87851871,83026
38,88243667,83025
38,88619875,83025
38,89014705,83021
38,89367373,83021
38,89745813,83020
38,90140589,83020
38,90537754,83018
38,90932719,83017
38,91354583,83017
38,91747132,83016
38,92138668,83015
38,92494868,83014
38,92889093,83014
38,93264189,83012
38,93624772,83012
38,94020232,83012
38,94391105,83011
38,94790460,83010
38,95161501,83008
38,95559998,83007
38,95933622,83007
38,96326168,83007
38,96685421,83007
38,97057188,83007
38,97460868,83005
38,97852465,83004
38,98242502,83004
38,98639867,83004
38,98993214,83004
38,99365784,83004
38,99763720,83004
38,100140177,83005
38,100610927,83003
38,101136316,83003
38,101654970,83004
38,102153409,83004
38,102675043,83004
38,103183375,83002
38,103702643,83002
38,104141176,83002
38,104550217,83002
38,105032328,83002
38,105554315,83001
38,106071730,83001
38,106598310,83001
38,107114002,83000
38,107637170,83000
38,108080180,82999
38,108480968,82999
38,108871874,82998
38,109344673,82998
38,109841682,82998
38,110365933,82998
38,110883131,82998
38,111403505,82998
38,111928410,82998
38,112377582,82996
38,112778104,82997
38,113158530,82996
38,113633051,82997
38,114057594,82997
39,715100,582985
39,1120838,582581
39,1517791,582014
39,1889389,581435
39,2305654,580607
39,2704830,579546
39,3119632,578317
39,3515389,577166
39,3888587,575590
39,4286911,574075
39,4660840,572134
39,5057335,570254
39,5459190,567941
39,5826491,565431
39,6246230,562659
39,6660678,559686
39,7053520,556979
39,7410711,554152
39,7804044,550666
39,8188487,546941
39,8621198,542980
39,8991512,539441
39,9367683,535245
39,9761282,531318
39,10135956,526606
39,10536620,521840
39,10928868,517516
39,11306071,512220
39,11719456,507470
39,12114976,501996
39,12496616,496121
39,12888834,490860
39,13285567,484863
39,13683353,478335
39,14080858,471872
39,14473998,466025
39,14864929,458880
39,15263350,451962
39,15660667,444428
39,16076391,436980
39,16473326,429204
39,16888510,421262
39,17305256,413154
39,17704797,404809
39,18115132,396272
39,18533640,387583
39,18929594,379730
39,19283005,371821
39,19658082,363663
39,20010517,355428
39,20368774,345741
39,20786531,335972
39,21191341,327150
39,21625251,316579
39,22015009,307815
39,22411219,299615
39,22806599,290770
39,23207512,282324
39,23597798,273969
39,23991623,266650
39,24370252,258673
39,24764318,251486
39,25140456,243423
39,25536279,236315
39,25928954,228430
39,26312035,220547
39,26701865,213845
39,27095654,206421
39,27493179,199146
39,27887059,193140
39,28265612,186250
39,28659499,179848
39,29055911,174377
39,29429530,168326
39,29828846,163332
39,30243265,157579
39,30615506,152862
39,30972105,147659
39,31367735,143018
39,31761072,138196
39,32135827,133642
39,32538938,129573
39,32907669,125767
39,33267390,122290
39,33640220,118368
39,34033428,115038
39,34433350,111477
39,34825130,108160
39,35224045,105101
39,35618163,102513
39,35990440,100096
39,36347374,97513
39,36762572,95413
39,37121021,93252
39,37515141,91532
39,37886361,89955
39,38244951,88331
39,38661061,86901
39,39032092,85812
39,39411362,84902
39,39784015,84005
39,40188923,83330
39,40579094,82912
39,40970784,82606
39,41367793,82502
39,41761680,82540
39,42114971,82416
39,42491944,82251
39,42886809,82215
39,43265951,82066
39,43661099,82031
39,44035478,81970
39,44431676,81912
39,44831793,81937
39,45235334,81962
39,45596785,82028
39,45971801,82091
39,46369608,82136
39,46763781,82181
39,47139353,82215
39,47526491,82248
39,47918966,82283
39,48332825,82308
39,48700382,82332
39,49094866,82355
39,49470424,82381
39,49866318,82412
39,50221650,82444
39,50615373,82477
39,50970131,82508
39,51367935,82540
39,51761312,82565
39,52115090,82590
39,52513842,82606
39,52886609,82627
39,53243415,82645
39,53636741,82662
39,53988987,82678
39,54372703,82696
39,54765861,82710
39,55138186,82722
39,55536344,82728
39,55907404,82733
39,56264976,82729
39,56658608,82727
39,57032009,82735
39,57388161,82745
39,57783132,82754
39,58167886,82767
39,58555974,82781
39,58931192,82796
39,59329510,82808
39,59741043,82818
39,60094159,82829
39,60473976,82842
39,60868705,82855
39,61265991,82872
39,61640091,82883
39,62032443,82892
39,62389074,82901
39,62762357,82907
39,63113685,82908
39,63512050,82908
39,63887515,82911
39,64241673,82915
39,64615914,82917
39,64969541,82921
39,65368707,82922
39,65761715,82926
39,66136336,82928
39,66533084,82935
39,66910247,82943
39,67327728,82948
39,67721053,82950
39,68095399,82952
39,68494533,82952
39,68868535,82951
39,69265404,82956
39,69679435,82968
39,70081101,82980
39,70494896,82990
39,70885901,82994
39,71265929,82999
39,71698158,82999
39,72082420,82997
39,72493443,82995
39,72886745,82993
39,73263975,82992
39,73657959,82987
39,74010635,82981
39,74389226,82976
39,74782225,82966
39,75136249,82962
39,75534555,82956
39,75905955,82952
39,76285546,82946
39,76702880,82943
39,77096575,82941
39,77494489,82941
39,77867852,82946
39,78286409,82950
39,78682180,82956
39,79060153,82961
39,79458240,82966
39,79825017,82975
39,80228700,82984
39,80619831,82989
39,80990015,82996
39,81346451,83005
39,81742045,83009
39,82114260,83011
39,82511334,83014
39,82885667,83017
39,83241411,83020
39,83637658,83025
39,84010592,83031
39,84369806,83035
39,84762573,83040
39,85135460,83045
39,85533468,83046
39,85906894,83047
39,86263024,83047
39,86677548,83047
39,87032843,83045
39,87392800,83044
39,87785411,83044
39,88191397,83046
39,88560542,83049
39,88930664,83056
39,89326612,83064
39,89741614,83071
39,90135726,83079
39,90512948,83090
39,90866762,83104
39,91266231,83118
39,91638366,83139
39,92034553,83155
39,92410708,83177
39,92805385,83194
39,93189847,83209
39,93578810,83223
39,93989200,83231
39,94348093,83234
39,94720330,83237
39,95114487,83235
39,95511526,83225
39,95886017,83212
39,96258652,83199
39,96616039,83182
39,96969161,83161
39,97367934,83144
39,97741298,83129
39,98093260,83115
39,98496489,83104
39,98867210,83095
39,99266357,83091
39,99638925,83085
39,100060312,83083
39,100455887,83080
39,100844720,83077
39,101228849,83076
39,101619648,83076
39,101991825,83076
39,102390230,83075
39,102784675,83074
39,103191253,83071
39,103581181,83068
39,103969048,83066
39,104349552,83061
39,104742836,83060
39,105114765,83056
39,105513029,83053
39,105907164,83049
39,106284236,83048
39,106700984,83044
39,107093616,83040
39,107470571,83039
39,107866596,83038
39,108220863,83035
39,108594454,83033
39,108989851,83032
39,109370419,83030
39,109762345,83030
39,110116866,83029
39,110515375,83028
39,110889150,83026
39,111286634,83025
39,111680805,83024
39,112057843,83023
39,112436799,83022
39,112827861,83021
39,113245412,83020
39,113639597,83020
39,114013659,83018
39,114411754,83018
39,114785003,83016
39,115191284,83015
39,115558495,83015
39,115953514,83012
39,116369010,83012
39,116762380,83012
39,117136177,83010
39,117555251,83010
39,117948675,83009
39,118309378,83007
39,118676343,83007
39,119031470,83007
39,119388894,83007
39,119781521,83006
39,120168125,83006
39,120579391,83005
39,120987240,83004
39,121350492,83004
39,121743582,83003
39,122138225,83002
39,122515545,83002
39,122909943,83002
39,123286048,83002
39,123680967,83001
39,124055711,83000
39,124454624,83000
39,124867724,83000
39,125265353,83000
39,125636495,82998
39,125990300,82998
39,126369918,82998
39,126762480,82997
39,127115029,82997
39,127513416,82997
39,127887601,82997
39,128242881,82995
39,128615995,82994
39,128970463,82995
39,129367335,82995
39,129740706,82995
39,130093878,82995
39,130469997,82995
39,130865962,82995
40,742804,582986
40,1123490,582576
40,1541224,581949
40,1938107,581371
40,2351387,580627
40,2724662,579586
40,3125807,578369
40,3538310,577030
40,3938842,575427
40,4351420,573677
40,4772641,571668
40,5163530,569749
40,5545014,567383
40,5930792,565146
40,6289708,562699
40,6669851,559720
40,7056342,557005
40,7423950,554175
40,7786480,550702
40,8180073,547456
40,8541715,544025
40,8915498,539968
40,9310041,535808
40,9723738,531329
40,10139788,527209
40,10515573,522411
40,10890331,518112
40,11264455,513531
40,11625462,508095
40,12046160,502620
40,12446335,497542
40,12831499,491535
40,13277981,484760
40,13675727,479083
40,14037747,472618
40,14442965,465932
40,14859217,458822
40,15266750,451936
40,15665193,444379
40,16064723,437886
40,16456018,430213
40,16848281,422217
40,17243377,415275
40,17622704,406875
40,18017185,399558
40,18422838,390836
40,18813059,382007
40,19202637,374059
40,19580001,364832
40,19973625,356584
40,20327861,348163
40,20704074,338415
40,21097956,329632
40,21455782,319964
40,21869502,312187
40,22222363,304273
40,22581945,294835
40,22973218,287174
40,23349304,278302
40,23770428,269490
40,24164797,261076
40,24560987,253811
40,24953302,245688
40,25348538,237767
40,25749153,230907
40,26119726,224338
40,26478517,216763
40,26871959,210505
40,27245013,203305
40,27645234,197380
40,28018254,190667
40,28423980,184925
40,28793755,178789
40,29165198,173261
40,29542923,167449
40,29938313,162505
40,30326878,156729
40,30708257,152217
40,31077994,147725
40,31454319,142464
40,31848839,138354
40,32223932,133720
40,32599859,129597
40,32974512,125275
40,33400735,121261
40,33794205,117784
40,34160791,114441
40,34520641,110881
40,34914372,108034
40,35313909,104980
40,35706610,102029
40,36101285,99320
40,36497449,97114
40,36871163,94773
40,37266067,92958
40,37654345,91046
40,38038204,89329
40,38446570,87983
40,38806064,86766
40,39175089,85719
40,39543791,84721
40,39910343,83979
40,40286356,83409
40,40666154,82956
40,41042503,82720
40,41429296,82635
40,41830018,82675
40,42245704,82464
40,42641328,82380
40,43015807,82298
40,43421158,82169
40,43828003,82143
40,44202003,82043
40,44601992,82012
40,45017993,82016
40,45426906,82062
40,45814969,82115
40,46204023,82161
40,46579925,82198
40,46952047,82234
40,47326664,82262
40,47726179,82303
40,48119129,82334
40,48477769,82369
40,48848927,82398
40,49200760,82428
40,49581324,82456
40,49952878,82484
40,50326794,82504
40,50705434,82529
40,51098094,82548
40,51453697,82567
40,51848651,82582
40,52223267,82598
40,52577499,82613
40,52952360,82631
40,53347079,82647
40,53747041,82656
40,54119301,82669
40,54476083,82683
40,54870672,82695
40,55243738,82703
40,55603957,82714
40,55998327,82724
40,56371813,82735
40,56769351,82750
40,57144741,82765
40,57539844,82778
40,57917900,82794
40,58311202,82804
40,58723900,82815
40,59080138,82826
40,59456157,82834
40,59849575,82842
40,60246696,82849
40,60622964,82859
40,61017575,82866
40,61426168,82878
40,61790739,82887
40,62176972,82898
40,62560445,82906
40,62974158,82912
40,63398798,82915
40,63797026,82919
40,64187172,82924
40,64578556,82926
40,64972741,82929
40,65327295,82933
40,65701731,82936
40,66097069,82938
40,66467381,82942
40,66827397,82945
40,67223064,82951
40,67580729,82957
40,67951860,82966
40,68347648,82976
40,68745330,82990
40,69117644,83007
40,69476470,83035
40,69871764,83065
40,70245817,83105
40,70644429,83140
40,71015176,83177
40,71367832,83211
40,71771382,83238
40,72140296,83256
40,72499842,83272
40,72891182,83274
40,73265547,83273
40,73621202,83262
40,74015581,83246
40,74400597,83227
40,74811760,83204
40,75201471,83185
40,75578464,83163
40,75973248,83146
40,76325929,83133
40,76702160,83117
40,77097832,83107
40,77466956,83099
40,77831747,83094
40,78225872,83087
40,78622801,83086
40,79018875,83082
40,79423981,83081
40,79814452,83080
40,80226401,83080
40,80623789,83079
40,81018312,83077
40,81423544,83075
40,81811495,83071
40,82223843,83069
40,82580395,83067
40,82953889,83062
40,83348100,83058
40,83745302,83055
40,84120278,83051
40,84475207,83048
40,84847897,83045
40,85202929,83041
40,85599067,83039
40,85973223,83037
40,86326472,83034
40,86733474,83031
40,87121726,83031
40,87517061,83028
40,87910391,83027
40,88272935,83025
40,88668687,83025
40,89042639,83023
40,89447219,83022
40,89808927,83021
40,90204121,83021
40,90593194,83019
40,90974006,83018
40,91347992,83016
40,91745844,83016
40,92121835,83015
40,92520173,83013
40,92934211,83012
40,93328211,83012
40,93704011,83010
40,94097975,83009
40,94462818,83009
40,94852361,83009
40,95222921,83009
40,95580466,83009
40,95953455,83008
40,96325718,83006
40,96725528,83007
40,97119261,83007
40,97474276,83007
40,97848324,83007
40,98220956,83007
40,98620409,83007
40,99015148,83007
40,99401866,83005
40,99792887,83004
40,100189525,83004
40,100580232,83004
40,100954988,83004
40,101328879,83003
40,101724357,83003
40,102122171,83002
40,102516825,83002
40,102912840,83002
40,103313428,83001
40,103725333,83001
40,104121431,83002
40,104498967,83002
40,104892803,83002
40,105267154,83002
40,105665273,83002
40,106041774,83003
40,106440076,83003
40,106847608,83003
40,107202712,83003
40,107578532,83003
40,107972864,83003
40,108326223,83002
40,108701819,83001
40,109096543,83001
40,109455115,83001
40,109826180,83000
40,110200890,82999
40,110583621,82999
40,110965001,82999
40,111351218,82999
40,111727474,82999
40,112119192,83000
40,112477000,83000
40,112861270,83000
40,113244673,83000
40,113624339,83000
40,114015964,83000
40,114420820,83000
40,114791408,83000
40,115164251,83000
40,115556011,83000
40,115909250,82998
40,116264187,82998
40,116620306,82998
40,117014987,82998
40,117401162,82998
40,117770236,82997
40,118162993,82996
40,118543344,82996
40,118917666,82996
40,119286893,82996
40,119668514,82996
40,120057529,82996
40,120477859,82996
40,120872345,82996
40,121249740,82996
41,735702,582986
41,1138462,582575
41,1534121,582006
41,1913865,581438
41,2307517,580607
41,2720980,579548
41,3139459,578323
41,3554740,577156
41,3910481,575578
41,4305608,573840
41,4722432,571867
41,5143958,569683
41,5534176,567625
41,5910410,565086
41,6307489,562294
41,6720038,559302
41,7137470,556587
41,7490990,553742
41,7849515,550216
41,8262385,546949
41,8614653,543502
41,8973852,539451
41,9386579,535802
41,9740515,531315
41,10141812,527197
41,10510318,523010
41,10867462,518115
41,11283382,513535
41,11634833,508777
41,12013707,503353
41,12407781,498304
41,12791304,492294
41,13186035,486338
41,13573331,480777
41,13952438,474217
41,14348143,467720
41,14774408,460616
41,15182310,453698
41,15575354,446351
41,16002690,438826
41,16408326,432260
41,16772035,424235
41,17161513,417347
41,17554655,408998
41,17951676,400673
41,18345519,391958
41,18772546,383192
41,19162682,374096
41,19556204,366063
41,19974159,356633
41,20346023,346993
41,20739526,337251
41,21139788,328447
41,21513419,318891
41,21909406,311155
41,22302170,301910
41,22676274,293782
41,23059300,285055
41,23449039,277262
41,23825402,268465
41,24219071,261132
41,24593786,253823
41,24953216,245703
41,25368134,237769
41,25774823,230905
41,26162495,223380
41,26539573,215844
41,26936004,208700
41,27344785,202381
41,27720196,195678
41,28118210,189765
41,28511624,183355
41,28870362,177971
41,29262789,171711
41,29657494,166734
41,30015147,161023
41,30409196,156037
41,30821097,150947
41,31199377,145714
41,31593622,141262
41,31972506,136680
41,32365341,132565
41,32718700,128526
41,33116671,124289
41,33511209,120778
41,33867420,116825
41,34260277,113532
41,34614931,110451
41,34993552,107246
41,35385948,104584
41,35739979,101650
41,36142999,99278
41,36534501,96767
41,36933656,94458
41,37326626,92658
41,37711235,90768
41,38097537,89269
41,38472310,87750
41,38867992,86561
41,39263813,85421
41,39638097,84465
41,40035755,83773
41,40408048,83193
41,40822157,82813
41,41222992,82642
41,41594737,82621
41,41952487,82619
41,42346215,82418
41,42718735,82350
41,43118958,82254
41,43511523,82142
41,43888220,82097
41,44282636,82001
41,44657558,81985
41,45011963,81991
41,45364488,82020
41,45718461,82074
41,46115039,82122
41,46490005,82157
41,46856655,82192
41,47224045,82227
41,47615674,82267
41,47969804,82304
41,48346498,82349
41,48742828,82383
41,49119255,82421
41,49512583,82452
41,49911199,82491
41,50307013,82524
41,50699200,82552
41,51073387,82579
41,51468881,82594
41,51833857,82611
41,52218609,82626
41,52571955,82637
41,52952191,82651
41,53345453,82663
41,53717979,82676
41,54116382,82687
41,54510730,82701
41,54888628,82711
41,55262739,82728
41,55656864,82741
41,56012733,82754
41,56406669,82767
41,56791287,82777
41,57161848,82787
41,57556366,82797
41,57972016,82807
41,58369041,82819
41,58741973,82833
41,59143600,82845
41,59513444,82858
41,59908517,82867
41,60261700,82875
41,60637902,82882
41,60993574,82891
41,61407414,82897
41,61772713,82903
41,62219553,82910
41,62615084,82915
41,62995474,82917
41,63390918,82920
41,63770636,82920
41,64160888,82925
41,64535760,82928
41,64935840,82932
41,65356857,82937
41,65742536,82942
41,66117377,82948
41,66512449,82959
41,66868313,82970
41,67240297,82982
41,67597952,83000
41,68013155,83022
41,68408360,83043
41,68797232,83076
41,69179898,83111
41,69594386,83149
41,69951073,83182
41,70344427,83210
41,70721952,83234
41,71120217,83249
41,71491906,83257
41,71889237,83258
41,72268569,83253
41,72657972,83242
41,73012595,83228
41,73407591,83207
41,73795072,83191
41,74164139,83169
41,74557483,83151
41,74973940,83134
41,75367158,83120
41,75739454,83108
41,76139914,83098
41,76509849,83093
41,76867562,83087
41,77260423,83082
41,77614008,83080
41,77991815,83079
41,78386887,83078
41,78739467,83076
41,79116375,83076
41,79467709,83075
41,79856970,83072
41,80243613,83070
41,80612991,83068
41,80970773,83066
41,81369372,83062
41,81772658,83058
41,82160344,83057
41,82532093,83052
41,82914213,83047
41,83307251,83046
41,83718545,83041
41,84115229,83038
41,84489299,83037
41,84847413,83034
41,85218772,83033
41,85572021,83029
41,85972507,83029
41,86357030,83027
41,86740014,83025
41,87158210,83023
41,87552705,83022
41,87907965,83020
41,88286034,83019
41,88677843,83019
41,89032679,83018
41,89410824,83016
41,89825045,83016
41,90220326,83014
41,90628142,83014
41,90994948,83011
41,91389245,83011
41,91774378,83011
41,92181570,83010
41,92572947,83010
41,92951940,83009
41,93346010,83007
41,93740452,83007
41,94138970,83006
41,94531019,83005
41,94889219,83005
41,95303379,83005
41,95659902,83005
41,96060237,83005
41,96468731,83004
41,96827829,83004
41,97220615,83004
41,97613459,83003
41,97971349,83003
41,98364601,83003
41,98718017,83002
41,99124326,83002
41,99513989,83002
41,99910022,83002
41,100306525,83002
41,100718526,83002
41,101116877,83000
41,101509835,83000
41,101890917,83001
41,102261860,83001
41,102614161,83001
41,102971796,83001
41,103344167,83001
41,103739370,83001
41,104159246,83001
41,104556837,83001
41,104970904,83002
41,105364914,83002
41,105717286,83002
41,106094694,83002
41,106448631,83002
41,106834601,83002
41,107219218,83002
41,107572036,83002
41,107949578,83002
41,108344245,83002
41,108697424,83001
41,109073606,83001
41,109469808,83001
41,109823891,83001
41,110219046,82999
41,110619517,82999
41,111014662,82999
41,111406904,82999
41,111791257,82999
41,112224386,82999
41,112615662,82999
41,112974789,82999
41,113369746,82999
41,113776270,82999
41,114148746,82999
41,114535055,82999
41,114914929,82999
41,115308881,82999
42,715926,582995
42,1078917,582655
42,1483232,582079
42,1846370,581592
42,2207468,580848
42,2599655,579835
42,3011695,578785
42,3364307,577678
42,3745882,576206
42,4138000,574717
42,4492201,573130
42,4867932,571071
42,5261082,569107
42,5616797,567004
42,5990054,564420
42,6384752,561931
42,6744354,559302
42,7117787,556190
42,7515852,553316
42,7886872,550215
42,8240675,546949
42,8637999,542996
42,9009864,539456
42,9364612,535808
42,9764330,531326
42,10139113,527213
42,10496166,522436
42,10909317,518138
42,11284150,512889
42,11682014,507454
42,12074172,502677
42,12434799,496849
42,12824242,491583
42,13197516,486382
42,13558199,480831
42,13950606,474262
42,14321934,468623
42,14682108,462471
42,15054570,456320
42,15405322,449273
42,15827606,442586
42,16180115,436116
42,16534860,429281
42,16888132,422299
42,17241862,415307
42,17616793,406925
42,18030753,399593
42,18407741,390843
42,18785939,382018
42,19200114,374057
42,19556131,366018
42,19909976,357756
42,20280489,349400
42,20640897,339683
42,21015513,330930
42,21408704,321163
42,21807189,313318
42,22159418,305479
42,22513496,297145
42,22896218,288337
42,23282645,280557
42,23636238,272810
42,24009888,265217
42,24389007,256939
42,24784889,248625
42,25184027,240747
42,25576081,233736
42,25928904,227134
42,26302415,220497
42,26680436,214084
42,27030363,207913
42,27384745,201736
42,27739721,196014
42,28113288,189375
42,28491279,183897
42,28864461,178623
42,29237893,172391
42,29619152,167389
42,30009420,162345
42,30363123,156475
42,30745083,151853
42,31138567,146457
42,31536501,141091
42,31951515,136967
42,32305082,132877
42,32681741,128148
42,33071811,124401
42,33434346,120510
42,33844862,117068
42,34204790,113294
42,34597486,110265
42,34953789,107477
42,35325437,104438
42,35731277,101872
42,36096357,99497
42,36456487,96974
42,36853465,94649
42,37263598,92840
42,37616716,91165
42,37992838,89428
42,38383322,88063
42,38761603,86829
42,39113454,85611
42,39511820,84718
42,39885309,83940
42,40238470,83343
42,40636379,82874
42,41011081,82621
42,41363952,82518
42,41767218,82566
42,42150243,82418
42,42540237,82288
42,42909770,82260
42,43262097,82132
42,43618618,82082
42,44010467,82028
42,44384713,81957
42,44740814,81962
42,45118298,81984
42,45517792,82051
42,45908205,82114
42,46281931,82162
42,46641059,82212
42,47041774,82244
42,47407038,82270
42,47828426,82308
42,48223826,82344
42,48614867,82373
42,48988583,82399
42,49365238,82420
42,49760116,82439
42,50113894,82454
42,50491507,82474
42,50884322,82493
42,51238440,82511
42,51618146,82535
42,52009835,82558
42,52364556,82577
42,52744233,82602
42,53139724,82626
42,53536786,82645
42,53908421,82661
42,54262782,82677
42,54618808,82695
42,54989372,82715
42,55384091,82733
42,55741844,82752
42,56113670,82770
42,56515957,82787
42,56916106,82800
42,57284634,82811
42,57639563,82820
42,58013028,82830
42,58366408,82840
42,58762189,82848
42,59114859,82856
42,59508537,82860
42,59889311,82865
42,60241121,82871
42,60617448,82874
42,60992122,82879
42,61388108,82885
42,61782170,82892
42,62134724,82899
42,62489760,82908
42,62864554,82914
42,63238829,82915
42,63640086,82916
42,64033427,82918
42,64384538,82920
42,64761454,82922
42,65114514,82922
42,65490984,82922
42,65886057,82924
42,66251045,82927
42,66659550,82931
42,67031877,82936
42,67405280,82942
42,67786163,82946
42,68203818,82952
42,68602591,82958
42,69011049,82964
42,69363113,82968
42,69753084,82974
42,70140393,82978
42,70538593,82981
42,70910326,82985
42,71317963,82990
42,71683880,82992
42,72077564,82996
42,72467414,83000
42,72851300,83000
42,73262648,82999
42,73622613,82998
42,74013858,82999
42,74389397,83003
42,74787306,83016
42,75159874,83042
42,75559941,83076
42,75930713,83118
42,76324872,83154
42,76701730,83191
42,77100425,83224
42,77514081,83251
42,77908062,83267
42,78283869,83276
42,78639920,83278
42,79034623,83271
42,79385515,83258
42,79763418,83243
42,80115064,83224
42,80490766,83200
42,80887317,83183
42,81239345,83165
42,81616193,83146
42,82010305,83133
42,82363784,83120
42,82740067,83110
42,83135059,83101
42,83527417,83096
42,83911492,83092
42,84302869,83088
42,84679822,83088
42,85075349,83086
42,85437929,83085
42,85827535,83083
42,86222738,83082
42,86618531,83080
42,86995749,83079
42,87389874,83077
42,87789566,83074
42,88161029,83069
42,88558174,83067
42,88932051,83064
42,89325545,83059
42,89703765,83057
42,90103875,83053
42,90528074,83048
42,90890472,83046
42,91282849,83043
42,91640615,83039
42,92034985,83039
42,92407615,83035
42,92808679,83033
42,93201448,83033
42,93578602,83030
42,93955032,83029
42,94346593,83029
42,94765160,83026
42,95160147,83025
42,95548052,83024
42,95931981,83024
42,96306400,83022
42,96704342,83022
42,97096305,83020
42,97486372,83020
42,97845877,83019
42,98204605,83018
42,98597185,83018
42,99015856,83016
42,99412510,83015
42,99786832,83015
42,100201488,83015
42,100605872,83015
42,100972098,83012
42,101366790,83012
42,101742524,83012
42,102136731,83012
42,102494197,83011
42,102891220,83010
42,103281479,83008
42,103660961,83008
42,104034178,83008
42,104385436,83008
42,104744397,83008
42,105117567,83006
42,105517905,83006
42,105910616,83006
42,106283636,83005
42,106638068,83004
42,106991652,83004
42,107364863,83004
42,107765092,83004
42,108139791,83004
42,108535950,83003
42,108930064,83003
42,109307143,83002
42,109703080,83002
42,110095754,83002
42,110484946,83001
42,110847615,83001
42,111244229,83001
42,111618436,83000
42,112011790,83000
42,112365750,83000
42,112743417,82999
42,113136364,82999
42,113499347,82999
42,113887480,82999
42,114263140,82999
42,114628666,82999
42,114993652,82999
42,115388373,82999
42,115786684,82999
42,116160145,82999
42,116538342,82998
42,116930571,82998
42,117326130,82999
42,117706920,82998
42,118102152,82997
43,719735,582986
43,1115441,582576
43,1513028,582007
43,1907736,581440
43,2304824,580625
43,2708907,579549
43,3115075,578321
43,3507561,577169
43,3864573,575796
43,4239529,574063
43,4632851,572383
43,4987983,570521
43,5363789,568221
43,5760592,566048
43,6132810,563715
43,6487954,560814
43,6887579,557749
43,7304932,554558
43,7728835,551113
43,8114348,547896
43,8488847,544000
43,8885075,540462
43,9258882,536871
43,9612278,532470
43,10011576,528407
43,10407057,523635
43,10781843,519408
43,11155817,514901
43,11511269,510152
43,11865844,504769
43,12260018,499832
43,12633733,494564
43,12991162,488637
43,13386612,483264
43,13763062,476671
43,14157609,471059
43,14552362,464271
43,14931909,457158
43,15323814,451093
43,15708023,443536
43,16114069,437030
43,16509870,429292
43,16887138,421337
43,17278103,414262
43,17654842,405899
43,18052976,398495
43,18406906,390836
43,18782947,382013
43,19177186,374038
43,19552500,366003
43,19920923,356577
43,20303754,348170
43,20733871,337216
43,21137088,327167
43,21529651,318871
43,21887316,310019
43,22283339,301892
43,22688719,292698
43,23079755,283945
43,23490233,275053
43,23885535,267398
43,24260700,260115
43,24612085,251727
43,25010964,244727
43,25385492,237746
43,25755141,229937
43,26157390,223358
43,26519816,215816
43,26911787,209570
43,27302606,202358
43,27685791,195654
43,28074512,189747
43,28454161,183338
43,28866758,177171
43,29259582,171696
43,29635040,166013
43,30031787,160998
43,30388050,156020
43,30762178,150917
43,31157235,146337
43,31510912,141828
43,31887207,137196
43,32282392,133088
43,32692587,128466
43,33055058,124237
43,33448002,120743
43,33803811,117290
43,34179313,113974
43,34574683,110444
43,34953927,107244
43,35347455,104213
43,35763855,101651
43,36159042,98956
43,36552909,96773
43,36910486,94459
43,37303686,92416
43,37709519,90776
43,38099768,89066
43,38489807,87580
43,38887761,86256
43,39282026,85299
43,39686736,84370
43,40075124,83705
43,40446496,83215
43,40825373,82836
43,41196416,82664
43,41554001,82644
43,41952287,82629
43,42327182,82409
43,42733507,82357
43,43097173,82230
43,43490050,82144
43,43868547,82095
43,44263265,82004
43,44669327,81988
43,45099433,81998
43,45490328,82044
43,45867332,82104
43,46263515,82141
43,46657136,82182
43,47054807,82218
43,47448395,82256
43,47805757,82301
43,48198959,82343
43,48570945,82374
43,48948788,82409
43,49323480,82431
43,49708010,82460
43,50101646,82491
43,50513171,82524
43,50907504,82551
43,51292117,82581
43,51659339,82607
43,52053212,82632
43,52450460,82649
43,52830391,82670
43,53222591,82686
43,53635361,82702
43,54054231,82710
43,54448565,82719
43,54806218,82728
43,55178968,82741
43,55576600,82751
43,55950500,82765
43,56349729,82773
43,56764210,82782
43,57154761,82789
43,57529177,82798
43,57890387,82811
43,58281728,82823
43,58654801,82836
43,59053896,82848
43,59449182,82857
43,59846788,82864
43,60239126,82869
43,60614336,82872
43,61011142,82877
43,61405516,82879
43,61781649,82888
43,62134726,82896
43,62487687,82903
43,62866872,82907
43,63260545,82908
43,63612588,82912
43,63994210,82915
43,64387843,82916
43,64761943,82920
43,65158203,82929
43,65551044,82938
43,65930196,82951
43,66347103,82969
43,66741731,82985
43,67116408,83007
43,67510006,83031
43,67866376,83062
43,68260005,83101
43,68644703,83139
43,69012017,83179
43,69405841,83212
43,69763913,83236
43,70156126,83258
43,70532022,83269
43,70928599,83274
43,71302573,83270
43,71654700,83258
43,72075881,83241
43,72472633,83221
43,72887450,83196
43,73301864,83178
43,73655699,83157
43,74072399,83141
43,74426353,83126
43,74783002,83111
43,75178404,83103
43,75562188,83095
43,75951958,83089
43,76328319,83085
43,76734660,83084
43,77095269,83081
43,77489375,83079
43,77868405,83079
43,78261337,83078
43,78655271,83077
43,79055637,83074
43,79446377,83073
43,79805436,83069
43,80199006,83067
43,80552062,83063
43,80930421,83059
43,81345449,83058
43,81742011,83052
43,82115127,83049
43,82508507,83045
43,82865839,83042
43,83259498,83038
43,83633013,83036
43,84013837,83033
43,84406014,83030
43,84761607,83030
43,85157194,83027
43,85552285,83025
43,85907150,83023
43,86301792,83022
43,86654736,83021
43,87056142,83021
43,87449491,83020
43,87850982,83020
43,88241049,83017
43,88615301,83015
43,89010764,83015
43,89385000,83013
43,89743432,83012
43,90137264,83012
43,90546136,83010
43,90913005,83010
43,91282643,83008
43,91687095,83007
43,92099003,83007
43,92488197,83007
43,92866203,83004
43,93269978,83004
43,93655487,83005
43,94054054,83004
43,94450928,83004
43,94850030,83004
43,95259987,83004
43,95614859,83004
43,95988234,83004
43,96383207,83004
43,96759949,83003
43,97112825,83002
43,97512021,83002
43,97887577,83002
43,98281084,83001
43,98658101,83001
43,99054062,83001
43,99446441,83001
43,99824503,83000
43,100231498,83000
43,100591836,83000
43,100955715,83000
43,101350097,83000
43,101763661,83000
43,102157098,83000
43,102532361,83000
43,102888470,83000
43,103302343,83000
43,103654484,83000
43,104054626,83000
43,104448901,83000
43,104804736,83000
43,105198976,83000
43,105597993,83000
43,106011237,83000
43,106385131,83000
43,106760473,83000
43,107138446,83000
43,107510311,83000
43,107865815,83000
43,108261387,83000
43,108654244,83000
43,109054357,83000
43,109445872,83000
43,109801051,82999
43,110156481,82999
43,110508173,82999
43,110890067,82999
43,111282421,82999
43,111655749,83000
43,112065256,83000
43,112448757,83000
43,112847275,83000
43,113239764,83000
43,113636681,83000
43,114031451,83000
43,114405145,82999
43,114760436,82999
43,115112055,83000
43,115487133,83000
43,115864455,82999
43,116258329,82998
43,116612899,82998
43,116987713,82998
43,117383491,82998
43,117784662,82996
43,118154846,82996
43,118509242,82998
43,118869692,82998
43,119261491,82997
43,119658991,82997
43,120053135,82997
43,120448135,82997
43,120806913,82997
43,121174980,82997
43,121528685,82996
44,727186,582985
44,1106158,582576
44,1532711,581940
44,1916218,581355
44,2325105,580627
44,2682730,579551
44,3101456,578323
44,3504383,577174
44,3913957,575376
44,4328316,573616
44,4745013,571872
44,5099585,569693
44,5503189,567326
44,5913896,564758
44,6324338,562286
44,6681960,559293
44,7096725,556575
44,7450826,553304
44,7852761,550208
44,8222978,546459
44,8620230,542984
44,9013898,538935
44,9387567,535246
44,9744332,531310
44,10118314,527197
44,10471502,522413
44,10889458,517485
44,11283536,512866
44,11646032,507432
44,12034755,502658
44,12431203,496849
44,12828442,490849
44,13222728,485628
44,13600057,479179
44,13994752,473485
44,14366574,467801
44,14723272,460703
44,15136989,454631
44,15503208,447420
44,15909994,439827
44,16302951,433291
44,16684115,425292
44,17075319,418392
44,17429127,411112
44,17805831,402787
44,18200977,395201
44,18578813,386491
44,18972139,377439
44,19400126,368366
44,19792232,358927
44,20179272,350610
44,20569905,340884
44,20975319,330913
44,21369696,322339
44,21768767,313418
44,22144663,304544
44,22548290,296459
44,22954656,288044
44,23325356,280461
44,23684446,271968
44,24078615,264740
44,24450434,256663
44,24849124,249278
44,25220852,242245
44,25576787,234198
44,25973365,227372
44,26345613,220501
44,26702077,212835
44,27096555,206207
44,27470857,198904
44,27879604,192790
44,28244826,185798
44,28640401,179485
44,29039242,173871
44,29428437,167781
44,29808803,162826
44,30182055,157066
44,30603598,151742
44,30994332,146624
44,31390475,142083
44,31770099,137413
44,32204802,132952
44,32598173,128433
44,32994217,124297
44,33411701,120450
44,33807302,117080
44,34181978,113449
44,34578574,110414
44,34971284,107202
44,35325312,104580
44,35701546,101683
44,36096264,99336
44,36471323,96811
44,36896848,94496
44,37284806,92440
44,37704535,90567
44,38097349,89085
44,38502957,87575
44,38888615,86391
44,39240686,85383
44,39599185,84404
44,40012239,83693
44,40367587,83166
44,40726425,82765
44,41119776,82562
44,41507398,82522
44,41892103,82542
44,42268839,82323
44,42705692,82270
44,43099763,82150
44,43504959,82082
44,43925285,82060
44,44306268,81992
44,44704341,81998
44,45095692,82012
44,45449581,82047
44,45812542,82106
44,46240942,82140
44,46625245,82167
44,47015019,82185
44,47397452,82209
44,47816687,82249
44,48203303,82292
44,48601001,82327
44,48971966,82368
44,49386648,82395
44,49744238,82429
44,50138186,82454
44,50504471,82478
44,50894617,82504
44,51291673,82535
44,51709495,82560
44,52077572,82585
44,52466863,82612
44,52852691,82634
44,53223581,82653
44,53619385,82671
44,53994053,82682
44,54388626,82695
44,54745110,82702
44,55118468,82713
44,55524704,82726
44,55910688,82740
44,56307274,82755
44,56703539,82771
44,57119293,82786
44,57525084,82795
44,57914807,82804
44,58303382,82813
44,58704285,82821
44,59098136,82828
44,59503591,82835
44,59892381,82841
44,60289303,82845
44,60681208,82848
44,61075999,82852
44,61448910,82855
44,61805243,82863
44,62177988,82869
44,62576773,82876
44,62951116,82885
44,63305342,82897
44,63682720,82907
44,64076228,82917
44,64429978,82924
44,64806582,82931
44,65200946,82934
44,65557762,82938
44,65952690,82943
44,66326499,82945
44,66725599,82946
44,67097625,82950
44,67500815,82955
44,67891228,82960
44,68266727,82963
44,68655872,82966
44,69055679,82973
44,69449891,82980
44,69846954,82984
44,70220831,82988
44,70576067,82990
44,70993342,82991
44,71386104,82991
44,71742602,82988
44,72116879,82985
44,72470220,82983
44,72888850,82979
44,73242507,82976
44,73600215,82969
44,73991675,82966
44,74367105,82964
44,74722050,82962
44,75145669,82956
44,75548855,82952
44,75908078,82945
44,76266872,82944
44,76664918,82941
44,77084936,82937
44,77504805,82936
44,77910951,82934
44,78304033,82932
44,78694884,82930
44,79075099,82934
44,79429111,82938
44,79808718,82944
44,80203160,82947
44,80600836,82952
44,80993325,82955
44,81386361,82959
44,81745703,82964
44,82138112,82969
44,82501890,82980
44,82890147,83002
44,83267246,83033
44,83645669,83077
44,84033137,83115
44,84387010,83151
44,84745047,83181
44,85117969,83208
44,85471094,83234
44,85891538,83255
44,86289389,83270
44,86703024,83279
44,87116838,83282
44,87470788,83282
44,87892188,83280
44,88284726,83272
44,88703340,83261
44,89097579,83246
44,89504394,83230
44,89890435,83207
44,90290298,83189
44,90681569,83172
44,91067901,83156
44,91451614,83145
44,91831640,83134
44,92221845,83127
44,92618764,83120
44,92992559,83117
44,93354989,83112
44,93723324,83108
44,94117867,83106
44,94499995,83104
44,94890244,83100
44,95283829,83097
44,95663738,83096
44,96076692,83092
44,96472877,83088
44,96849074,83086
44,97243105,83081
44,97598044,83077
44,97991447,83075
44,98367415,83071
44,98725967,83066
44,99098732,83064
44,99504944,83059
44,99889438,83057
44,100288628,83054
44,100680758,83050
44,101096191,83048
44,101449334,83048
44,101856753,83045
44,102224705,83041
44,102618307,83041
44,102991400,83040
44,103344974,83038
44,103701593,83036
44,104116036,83034
44,104470842,83033
44,104892562,83032
44,105288023,83030
44,105703273,83028
44,106095238,83027
44,106470282,83025
44,106872942,83024
44,107244364,83023
44,107642069,83021
44,108018096,83021
44,108415643,83020
44,108808751,83020
44,109179589,83019
44,109598901,83019
44,109995145,83016
44,110388379,83015
44,110765866,83015
44,111164455,83015
44,111557158,83013
44,111930760,83013
44,112302235,83013
44,112680107,83012
44,113075549,83010
44,113428227,83010
44,113804886,83008
44,114200072,83008
44,114554150,83007
44,114929486,83007
44,115322904,83005
44,115679909,83004
44,116075270,83004
44,116448535,83004
44,116807134,83003
44,117202292,83002
44,117587231,83002
44,118002904,83002
44,118391237,83001
44,118789628,83001
44,119180118,83001
44,119577025,83001
44,119972602,83000
44,120349221,83000
44,120744325,83000
44,121117908,83000
44,121525526,82999
44,121893864,82998
44,122288105,82998
44,122702074,82998
44,123096055,82998
44,123450174,82998
44,123828278,82998
44,124222020,82997
44,124598811,82996
44,124992589,82996
44,125344639,82996
44,125723485,82996
44,126117258,82996
44,126513654,82996
44,126916077,82995
45,731666,582985
45,1099833,582578
45,1493273,582032
45,1891553,581467
45,2283673,580648
45,2679115,579585
45,3099624,578357
45,3489796,577214
45,3868470,575631
45,4262962,573882
45,4679335,571909
45,5082554,570007
45,5448680,567663
45,5847232,565445
45,6218411,562663
45,6613603,560072
45,6990727,556967
45,7386602,554139
45,7738695,551113
45,8095595,547892
45,8489146,543985
45,8865852,540441
45,9239831,536839
45,9592067,533001
45,9990348,527784
45,10386347,523594
45,10790653,518743
45,11202553,513535
45,11592621,508109
45,11995081,502646
45,12409338,496832
45,12846506,490825
45,13245334,484805
45,13639888,478294
45,14078192,471844
45,14471283,465102
45,14868536,457993
45,15284265,451050
45,15679294,443460
45,16080920,436993
45,16469584,429214
45,16869451,421265
45,17284426,413177
45,17679703,404817
45,18116693,396293
45,18493140,387600
45,18889824,379751
45,19283320,370696
45,19677940,362489
45,20033482,353077
45,20448967,343331
45,20843917,334723
45,21218099,324708
45,21615218,316600
45,21991490,307766
45,22384579,299472
45,22738887,291558
45,23118757,282743
45,23510723,273919
45,23911444,266280
45,24315494,258007
45,24700108,249688
45,25095634,242771
45,25490904,234773
45,25889393,227191
45,26286710,219578
45,26679558,213198
45,27062755,206025
45,27449445,199052
45,27867348,192414
45,28282921,185746
45,28697896,180372
45,29061793,174075
45,29449716,168177
45,29855610,163234
45,30222911,157417
45,30613774,152834
45,30994228,147694
45,31387040,143081
45,31759896,138330
45,32180505,133676
45,32576188,129006
45,32990410,124730
45,33406161,121226
45,33758984,117276
45,34160757,113957
45,34533472,110435
45,34931721,107628
45,35329846,104582
45,35720223,101650
45,36114920,99286
45,36492177,96777
45,36887437,94470
45,37287460,92675
45,37680737,90788
45,38061335,89286
45,38428366,87766
45,38836785,86574
45,39207713,85429
45,39594770,84585
45,39972858,83782
45,40364626,83269
45,40718385,82908
45,41094485,82678
45,41489449,82635
45,41844532,82662
45,42240781,82474
45,42614989,82390
45,42991260,82293
45,43386498,82180
45,43739336,82147
45,44093753,82059
45,44468163,82012
45,44878856,82020
45,45264279,82049
45,45637645,82115
45,46036702,82156
45,46406874,82190
45,46760295,82232
45,47180646,82259
45,47577653,82298
45,47994699,82331
45,48385469,82356
45,48739247,82380
45,49128171,82407
45,49511722,82431
45,49888821,82463
45,50281347,82490
45,50634178,82515
45,51013713,82539
45,51406266,82559
45,51791940,82581
45,52201559,82603
45,52592126,82625
45,52971125,82649
45,53343965,82666
45,53717276,82681
45,54096345,82694
45,54488729,82703
45,54855968,82713
45,55220887,82721
45,55616146,82735
45,56014088,82747
45,56388960,82761
45,56793902,82776
45,57158712,82792
45,57553183,82806
45,57907828,82817
45,58284757,82829
45,58700457,82840
45,59096902,82846
45,59492427,82852
45,59888558,82860
45,60282068,82865
45,60634786,82873
45,60990304,82883
45,61384806,82889
45,61760806,82898
45,62182596,82902
45,62600234,82907
45,62991441,82913
45,63406123,82916
45,63770097,82918
45,64179396,82925
45,64577061,82927
45,64989913,82934
45,65383778,82938
45,65759992,82942
45,66202847,82947
45,66591993,82952
45,66992990,82955
45,67384504,82959
45,67738275,82962
45,68114998,82967
45,68467081,82974
45,68853548,82983
45,69240204,82998
45,69655852,83018
45,70011812,83049
45,70405721,83081
45,70758847,83114
45,71135589,83149
45,71487755,83180
45,71846382,83211
45,72242829,83231
45,72612810,83247
45,72972023,83257
45,73343237,83261
45,73748910,83258
45,74117714,83247
45,74510495,83232
45,74886156,83214
45,75239299,83194
45,75592172,83172
45,75989651,83154
45,76343119,83140
45,76716910,83121
45,77116826,83110
45,77488890,83102
45,77857268,83091
45,78242542,83088
45,78613862,83084
45,78972380,83080
45,79367135,83078
45,79740669,83078
45,80139854,83077
45,80512469,83076
45,80909830,83076
45,81302790,83075
45,81677579,83071
45,82033094,83068
45,82429755,83067
45,82810593,83062
45,83219581,83059
45,83592604,83056
45,83992731,83050
45,84385046,83048
45,84738551,83045
45,85093891,83042
45,85488285,83039
45,85866155,83038
45,86238795,83034
45,86592092,83032
45,86968635,83030
45,87362418,83029
45,87728844,83026
45,88118157,83026
45,88488606,83025
45,88862678,83024
45,89221524,83022
45,89615003,83021
45,90014293,83020
45,90386179,83018
45,90796540,83017
45,91157987,83015
45,91552187,83013
45,91908352,83013
45,92303581,83012
45,92698687,83012
45,93096560,83010
45,93488032,83009
45,93867269,83008
45,94283208,83006
45,94678738,83006
45,95060600,83006
45,95453949,83005
45,95868127,83005
45,96263049,83004
45,96634829,83004
45,96989766,83004
45,97344176,83004
45,97716254,83004
45,98124670,83002
45,98510398,83002
45,98887190,83002
45,99283942,83002
45,99654470,83002
45,100015142,83002
45,100409838,83002
45,100793228,83002
45,101200758,83002
45,101595738,83002
45,101993651,83002
45,102368204,83002
45,102759903,83002
45,103138134,83001
45,103533638,83001
45,103910093,83001
45,104304529,83000
45,104698174,83000
45,105074830,83000
45,105490303,83000
45,105852642,83000
45,106239454,83000
45,106613542,83000
45,106969621,83000
45,107362795,83000
45,107738052,83000
45,108092948,83000
45,108467597,83000
45,108887412,83000
45,109283862,83000
45,109678757,82999
45,110033799,82998
45,110408355,82998
45,110814560,82999
45,111206039,82999
45,111593944,82999
45,112003556,82999
45,112385771,82999
45,112762872,82998
45,113159629,82999
45,113533637,82999
45,113931432,83000
45,114304963,83000
45,114700832,83000
45,115118128,83000
45,115508953,83000
45,115888491,83000
45,116284569,82999
45,116657613,82998
45,117017052,82998
45,117408377,82998
45,117812150,82996
45,118182105,82997
45,118554987,82997
45,118953521,82996
45,119364619,82996
45,119716605,82996
45,120095290,82997
45,120489499,82996
45,120849403,82996
45,121239204,82996
45,121613135,82996
45,121974070,82996
46,730845,582993
46,1071491,582730
46,1444242,582165
46,1798095,581674
46,2153624,581062
46,2505724,580238
46,2857641,579245
46,3207880,578319
46,3543700,577167
46,3879006,575797
46,4228183,574504
46,4542524,572888
46,4899372,571336
46,5228350,569399
46,5604003,567321
46,5935027,565414
46,6249031,563365
46,6565739,560814
46,6912858,558131
46,7242724,555769
46,7575143,552867
46,7927325,549746
46,8264660,546932
46,8591365,543482
46,8943691,540452
46,9260244,537382
46,9601140,533580
46,9923654,530154
46,10214880,526608
46,10533667,523032
46,10862197,518778
46,11200569,514229
46,11561056,510151
46,11868959,506109
46,12175684,501261
46,12512530,496850
46,12839439,492323
46,13151959,487895
46,13538693,481633
46,13882307,475859
46,14224080,471055
46,14538061,466018
46,14849282,459760
46,15196744,453709
46,15562364,448287
46,15870315,442528
46,16179579,436075
46,16525766,429223
46,16879435,423242
46,17225403,416332
46,17555988,408996
46,17910279,401731
46,18268571,395227
46,18583299,387637
46,18943527,379781
46,19299348,371870
46,19663844,363714
46,20007302,356648
46,20355092,348242
46,20690532,339732
46,21049286,330980
46,21413057,322369
46,21755187,314425
46,22111387,306639
46,22569154,296003
46,22957661,288329
46,23299036,280533
46,23652967,272784
46,23997191,266240
46,24307961,260025
46,24630833,252700
46,24982963,245633
46,25338116,238713
46,25685393,232767
46,25999041,227123
46,26306074,221441
46,26626691,214999
46,26977150,209729
46,27288494,204388
46,27601252,198490
46,27972304,192790
46,28310389,187855
46,28628795,182494
46,28978188,177960
46,29292088,172558
46,29632150,168200
46,29959259,163118
46,30316849,157915
46,30675262,153146
46,31030611,148502
46,31394145,143750
46,31763479,139367
46,32114416,135208
46,32472114,131009
46,32820348,127072
46,33195307,123431
46,33563985,119491
46,33926840,116582
46,34262090,113308
46,34613946,110258
46,34969757,107478
46,35320304,104823
46,35700333,102224
46,36052108,99810
46,36423625,97556
46,36786309,95468
46,37144635,93569
46,37501009,91830
46,37852851,90232
46,38223192,88573
46,38619772,87307
46,38992508,86026
46,39372626,85101
46,39751198,84299
46,40102900,83645
46,40476811,83159
46,40843627,82784
46,41209481,82620
46,41583264,82593
46,41937991,82603
46,42319810,82381
46,42714985,82301
46,43110411,82178
46,43482905,82068
46,43834228,82022
46,44213302,81931
46,44569520,81908
46,44978134,81931
46,45335601,81977
46,45711831,82045
46,46081799,82094
46,46467554,82140
46,46859000,82179
46,47206362,82217
46,47585784,82260
46,47936998,82300
46,48320378,82342
46,48716531,82371
46,49111198,82399
46,49508004,82434
46,49900884,82462
46,50257003,82495
46,50652341,82526
46,51045902,82546
46,51443867,82565
46,51846627,82581
46,52234142,82597
46,52614790,82616
46,53008037,82634
46,53434846,82649
46,53820468,82660
46,54215027,82673
46,54612146,82685
46,55006813,82703
46,55411465,82714
46,55783410,82731
46,56183828,82746
46,56556812,82762
46,56951879,82776
46,57320204,82790
46,57731044,82802
46,58091391,82814
46,58490192,82820
46,58884574,82828
46,59265414,82834
46,59642091,82840
46,60037403,82846
46,60449105,82850
46,60848500,82857
46,61213843,82867
46,61570233,82875
46,61965594,82880
46,62340622,82888
46,62738718,82893
46,63132723,82895
46,63509261,82896
46,63902844,82899
46,64281970,82904
46,64680329,82908
46,65090224,82910
46,65465552,82912
46,65859669,82912
46,66213792,82915
46,66570094,82916
46,66942964,82918
46,67326143,82925
46,67721504,82927
46,68114613,82933
46,68509581,82936
46,68902935,82942
46,69297852,82947
46,69707264,82952
46,70069102,82956
46,70466578,82962
46,70838498,82967
46,71192732,82974
46,71573411,82984
46,71945106,82992
46,72320444,83003
46,72716932,83010
46,73111524,83020
46,73510143,83031
46,73900741,83040
46,74255081,83049
46,74614637,83056
46,75005079,83063
46,75397751,83067
46,75758600,83070
46,76149826,83070
46,76508476,83073
46,76901243,83073
46,77275887,83071
46,77653157,83069
46,78051468,83068
46,78463840,83068
46,78860053,83074
46,79232330,83086
46,79588613,83103
46,79941704,83123
46,80317615,83147
46,80719295,83172
46,81110937,83189
46,81510324,83207
46,81952385,83217
46,82405305,83220
46,82806351,83217
46,83178138,83206
46,83591080,83192
46,83990601,83177
46,84417660,83160
46,84846115,83145
46,85217344,83132
46,85619388,83121
46,86006980,83110
46,86410545,83101
46,86796046,83095
46,87148184,83089
46,87506658,83085
46,87899641,83081
46,88280245,83079
46,88660072,83077
46,89049022,83076
46,89461214,83075
46,89815565,83072
46,90189518,83070
46,90592898,83069
46,90985889,83066
46,91366874,83062
46,91785395,83061
46,92183416,83056
46,92554818,83053
46,92944291,83051
46,93335268,83048
46,93715021,83043
46,94115323,83042
46,94516979,83039
46,94905625,83036
46,95297816,83034
46,95715037,83033
46,96106710,83031
46,96484088,83030
46,96834800,83029
46,97189006,83029
46,97566273,83028
46,97961283,83027
46,98320032,83027
46,98726670,83027
46,99096177,83025
46,99509429,83024
46,99902428,83023
46,100280765,83021
46,100679775,83021
46,101085285,83019
46,101465711,83018
46,101861385,83017
46,102254570,83014
46,102609345,83014
46,102984638,83014
46,103337667,83012
46,103694672,83012
46,104065332,83010
46,104462493,83010
46,104818284,83009
46,105192778,83009
46,105590421,83008
46,105964423,83008
46,106317362,83008
46,106717046,83008
46,107107921,83008
46,107483248,83006
46,107860659,83006
46,108252877,83006
46,108611645,83006
46,109004791,83005
46,109386253,83005
46,109796809,83005
46,110153457,83003
46,110550548,83003
46,110960467,83003
46,111314482,83003
46,111689343,83003
46,112064521,83002
46,112460735,83002
46,112819780,83001
46,113213541,83001
46,113570032,83001
46,113943615,83000
46,114339810,82998
46,114714462,83000
46,115064670,83000
46,115444053,83000
46,115836735,83000
46,116189176,83000
46,116567977,82999
46,116962479,82998
46,117314382,82998
46,117694726,82998
46,118085865,82998
46,118455347,82998
46,118816093,82997
46,119210559,82998
46,119573196,82998
46,119964649,82996
46,120335709,82996
46,120693924,82997
46,121066866,82996
46,121464644,82995
46,121857584,82995
46,122232025,82995
47,737902,582985
47,1119468,582579
47,1515052,582024
47,1888694,581538
47,2241126,580873
47,2599081,579997
47,2969299,578949
47,3365168,577692
47,3740673,576427
47,4093542,574948
47,4482909,573144
47,4870148,571075
47,5265571,569111
47,5641768,566704
47,6035835,564096
47,6442070,561587
47,6827662,558551
47,7239722,555431
47,7640148,552075
47,8031691,548874
47,8389375,545511
47,8767083,541506
47,9160476,537418
47,9579801,533042
47,9972344,528990
47,10347485,524213
47,10742588,519998
47,11114202,515532
47,11479246,510118
47,11866526,505398
47,12238499,500511
47,12597239,494530
47,12990712,489332
47,13363588,484008
47,13720358,478268
47,14092712,471817
47,14490207,465974
47,14843235,459727
47,15217614,452825
47,15620778,445395
47,16015995,438833
47,16390318,431263
47,16787671,424257
47,17159884,417351
47,17515219,409017
47,17906633,401740
47,18281320,394118
47,18640548,385432
47,19052740,377475
47,19424039,368411
47,19810087,360148
47,20206415,350649
47,20624342,340912
47,20996422,330939
47,21388053,322332
47,21769430,313298
47,22160821,305456
47,22557260,296009
47,22951950,287244
47,23343647,279447
47,23721669,270621
47,24114146,263173
47,24470187,255918
47,24842917,247671
47,25218951,240766
47,25596177,233748
47,25969802,226190
47,26364597,219499
47,26745727,212233
47,27138979,205928
47,27495564,198957
47,27910080,193153
47,28263401,187262
47,28619994,181043
47,29035208,175572
47,29384788,169500
47,29785669,164599
47,30163273,158779
47,30558591,154051
47,30936012,148975
47,31327125,143705
47,31756937,138891
47,32160850,134284
47,32557986,130178
47,32956438,125814
47,33342753,121771
47,33722660,118306
47,34094504,114950
47,34469177,111352
47,34867516,108470
47,35238340,105393
47,35614584,102784
47,35969704,100354
47,36345736,98066
47,36724359,95649
47,37117910,93737
47,37491120,91994
47,37847260,90184
47,38242108,88745
47,38597306,87470
47,38972743,86164
47,39342349,85219
47,39741944,84401
47,40098522,83647
47,40494318,83116
47,40889627,82812
47,41264295,82663
47,41620519,82656
47,41994326,82622
47,42386333,82414
47,42782890,82358
47,43156496,82231
47,43516467,82139
47,43908763,82081
47,44281567,81991
47,44661819,81974
47,45065406,81986
47,45472612,82036
47,45867559,82083
47,46219554,82118
47,46596161,82162
47,46989706,82203
47,47344583,82244
47,47719949,82297
47,48113659,82340
47,48485911,82373
47,48848062,82409
47,49239300,82436
47,49599394,82463
47,49972279,82495
47,50369677,82517
47,50745527,82541
47,51138651,82561
47,51514654,82580
47,51908652,82600
47,52259146,82616
47,52617519,82631
47,52988981,82647
47,53345851,82662
47,53723389,82678
47,54117431,82691
47,54487890,82704
47,54868159,82718
47,55238637,82733
47,55609175,82746
47,55973619,82763
47,56367010,82772
47,56723181,82785
47,57097024,82794
47,57494454,82801
47,57889059,82809
47,58259145,82816
47,58615402,82818
47,58969149,82824
47,59345744,82831
47,59740004,82836
47,60093274,82841
47,60472804,82845
47,60869716,82851
47,61242759,82860
47,61598183,82870
47,61993492,82877
47,62363203,82885
47,62721796,82893
47,63096930,82899
47,63491419,82905
47,63845064,82911
47,64218038,82916
47,64598590,82917
47,64970535,82924
47,65344358,82927
47,65742226,82930
47,66095756,82935
47,66470535,82939
47,66865918,82944
47,67218296,82947
47,67594875,82954
47,67989594,82958
47,68342885,82959
47,68731743,82967
47,69115438,82979
47,69470935,82992
47,69842430,83015
47,70238566,83042
47,70599356,83073
47,70973167,83112
47,71367849,83147
47,71723049,83180
47,72096193,83213
47,72494838,83239
47,72888024,83255
47,73258835,83264
47,73617121,83267
47,73968803,83266
47,74340857,83254
47,74742265,83240
47,75092310,83222
47,75474980,83199
47,75863125,83180
47,76215710,83160
47,76600610,83140
47,76993253,83128
47,77367602,83115
47,77722088,83103
47,78115280,83096
47,78469316,83092
47,78845433,83086
47,79225731,83084
47,79597387,83081
47,79968305,83079
47,80342265,83078
47,80739294,83078
47,81092681,83078
47,81480365,83078
47,81868830,83074
47,82258564,83072
47,82639439,83069
47,83034662,83066
47,83387589,83063
47,83784880,83058
47,84160342,83057
47,84556860,83052
47,84934878,83049
47,85303443,83045
47,85661655,83042
47,86055938,83038
47,86417617,83038
47,86785107,83035
47,87135272,83032
47,87493795,83030
47,87867422,83030
47,88218942,83029
47,88619882,83026
47,89000880,83025
47,89386383,83025
47,89785088,83022
47,90156290,83021
47,90512873,83021
47,90863117,83020
47,91238878,83018
47,91594592,83017
47,91966602,83016
47,92343125,83014
47,92732391,83014
47,93118775,83013
47,93493891,83012
47,93888180,83012
47,94241470,83011
47,94619464,83010
47,95009780,83009
47,95383760,83009
47,95802509,83009
47,96155299,83008
47,96514022,83007
47,96907339,83007
47,97258138,83007
47,97638782,83007
47,98032558,83005
47,98383797,83005
47,98761104,83005
47,99112702,83004
47,99468961,83004
47,99842483,83004
47,100237494,83004
47,100597439,83004
47,100970670,83004
47,101362161,83003
47,101719893,83003
47,102092427,83003
47,102489839,83002
47,102844225,83004
47,103225619,83003
47,103623371,83002
47,103993691,83002
47,104384495,83003
47,104763742,83003
47,105118350,83003
47,105472994,83002
47,105863957,83002
47,106237950,83002
47,106599406,83000
47,106993089,83000
47,107367027,83000
47,107718774,83000
47,108094645,83000
47,108495046,83000
47,108887695,82999
47,109259472,82999
47,109618484,82999
47,110013162,82999
47,110385079,82999
47,110784209,82997
47,111158036,82998
47,111514553,82999
47,111866756,82999
47,112242542,82998
47,112598070,82998
47,112991064,82998
47,113346522,82997
47,113723394,82997
47,114116364,82998
47,114491217,82998
47,114846376,82998
47,115241851,82997
47,115599106,82996
47,115991413,82998
47,116366318,82996
47,116729947,82996
47,117098072,82997
47,117493381,82997
48,738564,582995
48,1123753,582661
48,1496081,582019
48,1910244,581527
48,2289152,580742
48,2683305,579690
48,3084992,578472
48,3494004,577173
48,3886949,575802
48,4267102,574077
48,4679793,572396
48,5042267,570258
48,5431960,568249
48,5782670,566088
48,6160268,563398
48,6555207,560852
48,6906742,558172
48,7286247,555010
48,7679781,552043
48,8067199,548404
48,8483094,544536
48,8871859,540495
48,9287474,536363
48,9682265,531918
48,10088344,527826
48,10471953,523037
48,10870414,518144
48,11285241,512892
48,11680993,508130
48,12046646,503372
48,12410684,497592
48,12804545,492319
48,13184435,486350
48,13582617,479967
48,13991971,474237
48,14347402,467726
48,14743298,461523
48,15118297,454575
48,15513114,448280
48,15887200,441603
48,16242430,435160
48,16596671,428240
48,16971230,420341
48,17367015,413212
48,17719995,405891
48,18227210,394126
48,18736038,383183
48,19263771,371830
48,19780851,360113
48,20287012,348159
48,20785056,335931
48,21301632,323455
48,21744150,314335
48,22131347,306575
48,22592044,294832
48,23126314,283867
48,23609993,272808
48,24071287,263148
48,24502578,254833
48,24896332,246659
48,25326978,238734
48,25820346,229003
48,26321306,219516
48,26841396,210467
48,27343800,201491
48,27866287,193144
48,28382383,184864
48,28808253,178725
48,29198468,172469
48,29693478,165390
48,30227846,158256
48,30714963,151763
48,31241407,145244
48,31753667,139080
48,32259179,133253
48,32705647,128656
48,33126724,124283
48,33500977,120331
48,33895687,116893
48,34266996,113070
48,34682068,109628
48,35092283,106876
48,35447579,104209
48,35816219,101283
48,36186852,98933
48,36556846,96746
48,36945194,94433
48,37350961,92390
48,37741436,90742
48,38098479,89022
48,38492626,87712
48,38864350,86524
48,39224326,85512
48,39617512,84544
48,39991330,83835
48,40347759,83300
48,40739996,82874
48,41131137,82662
48,41496770,82598
48,41891454,82623
48,42288474,82433
48,42682265,82344
48,43087999,82228
48,43471987,82129
48,43844034,82085
48,44240461,82000
48,44594725,81984
48,44968808,82001
48,45369719,82049
48,45767229,82111
48,46140773,82160
48,46534800,82202
48,46906318,82246
48,47264244,82290
48,47680924,82335
48,48031532,82380
48,48428073,82411
48,48803734,82434
48,49159629,82449
48,49512019,82467
48,49865589,82484
48,50243690,82506
48,50635938,82524
48,51001941,82539
48,51368489,82549
48,51719458,82560
48,52116007,82571
48,52494254,82585
48,52890414,82600
48,53288187,82616
48,53660210,82633
48,54011173,82646
48,54390368,82660
48,54781544,82675
48,55140007,82691
48,55512821,82702
48,55863751,82717
48,56221013,82726
48,56593002,82743
48,56991012,82759
48,57345662,82775
48,57718354,82791
48,58123504,82805
48,58515586,82815
48,58884726,82827
48,59246025,82840
48,59638049,82850
48,60020631,82864
48,60410720,82875
48,60782727,82884
48,61138065,82894
48,61489852,82903
48,61843956,82914
48,62221214,82922
48,62614158,82929
48,62988658,82933
48,63348615,82936
48,63741964,82938
48,64096883,82942
48,64471317,82942
48,64842852,82944
48,65220430,82948
48,65595903,82953
48,65967413,82958
48,66372040,82962
48,66765664,82965
48,67141357,82971
48,67535874,82973
48,67905918,82978
48,68266539,82980
48,68660252,82983
48,69041136,82986
48,69427383,82990
48,69782416,82992
48,70140206,83000
48,70512187,83004
48,70864660,83013
48,71221206,83023
48,71594893,83037
48,71987535,83047
48,72344402,83059
48,72718331,83075
48,73115516,83095
48,73488015,83116
48,73843431,83143
48,74245888,83167
48,74640220,83188
48,75020809,83206
48,75412787,83218
48,75784593,83224
48,76140372,83228
48,76534757,83224
48,76907150,83216
48,77285412,83205
48,77634057,83190
48,77989733,83174
48,78344595,83159
48,78719013,83143
48,79096742,83129
48,79493559,83116
48,79884847,83108
48,80246216,83098
48,80638406,83093
48,80996137,83088
48,81395007,83082
48,81784743,83079
48,82142115,83079
48,82534796,83076
48,82888262,83075
48,83242810,83074
48,83614807,83072
48,84000246,83069
48,84398046,83068
48,84786713,83066
48,85163351,83062
48,85556345,83061
48,85930582,83058
48,86330941,83054
48,86743175,83050
48,87100866,83047
48,87496767,83045
48,87889331,83041
48,88286953,83039
48,88683588,83036
48,89067418,83032
48,89455805,83031
48,89866080,83030
48,90223785,83028
48,90620417,83026
48,90991937,83025
48,91347385,83023
48,91742958,83022
48,92120538,83021
48,92515547,83020
48,92887799,83020
48,93242955,83020
48,93638793,83019
48,94011531,83017
48,94409041,83017
48,94782920,83016
48,95138772,83015
48,95533264,83013
48,95887632,83012
48,96268114,83012
48,96666068,83012
48,97047357,83011
48,97454364,83010
48,97848019,83009
48,98245769,83008
48,98618289,83007
48,99012742,83007
48,99422171,83007
48,99784175,83007
48,100163592,83007
48,100557093,83007
48,100935598,83006
48,101328524,83006
48,101719674,83006
48,102100968,83005
48,102494109,83006
48,102887568,83006
48,103267164,83005
48,103638872,83005
48,103990504,83005
48,104347852,83003
48,104719856,83003
48,105116560,83003
48,105490702,83002
48,105844598,83002
48,106243724,83002
48,106614859,83002
48,106989754,83002
48,107372013,83002
48,107742190,83002
48,108102736,83002
48,108506707,83002
48,108870433,83002
48,109266591,83002
48,109660965,83001
48,110045176,83000
48,110408861,83000
48,110765000,83000
48,111163067,82999
48,111557116,82998
48,111930016,82997
48,112287607,82998
48,112682986,82998
48,113071981,82997
48,113472999,82997
48,113867028,82998
48,114224397,82997
48,114596897,82997
48,114992970,82998
48,115388282,82998
48,115762604,82998
48,116117848,82997
48,116491232,82997
48,116846033,82997
49,719083,582991
49,1076852,582730
49,1430723,582160
49,1811496,581590
49,2209732,580840
49,2602328,579958
49,2973781,578764
49,3371046,577669
49,3767958,576199
49,4137503,574710
49,4492348,573125
49,4867743,571330
49,5221524,569394
49,5599908,567011
49,5994729,564764
49,6346324,562296
49,6752063,559304
49,7147609,556200
49,7512838,553336
49,7914335,549772
49,8305154,546474
49,8661333,543012
49,9012328,539479
49,9366239,535833
49,9723290,531929
49,10096619,527230
49,10491384,523061
49,10881504,518168
49,11270303,512910
49,11673224,508143
49,12053048,502702
49,12441309,497611
49,12832741,491564
49,13232786,485598
49,13638041,479117
49,14049217,472618
49,14423777,466853
49,14804088,459707
49,15207353,453661
49,15554415,447286
49,15915537,440632
49,16268209,434155
49,16630338,427192
49,16996293,420307
49,17345385,413185
49,17702581,405881
49,18044346,398507
49,18416373,390880
49,18765605,383205
49,19112437,376374
49,19443682,368435
49,19783918,360160
49,20157772,351879
49,20513635,343322
49,20849702,334698
49,21209583,327132
49,21549691,318799
49,21892266,311050
49,22239934,303015
49,22610395,294800
49,22946739,287144
49,23311705,280484
49,23643224,272778
49,23992672,265228
49,24322025,259121
49,24655318,252938
49,24967197,246013
49,25320362,240388
49,25655655,233669
49,25991104,227244
49,26351993,220846
49,26707824,214604
49,27032111,209320
49,27360213,202954
49,27695895,197794
49,28025714,192689
49,28341159,187415
49,28680098,181666
49,29008934,176801
49,29333073,171040
49,29684760,165818
49,30032922,160572
49,30390436,155390
49,30745717,150817
49,31096763,146192
49,31476102,141517
49,31832169,137412
49,32191562,133498
49,32558413,129457
49,32921847,125632
49,33295424,121752
49,33671642,118376
49,34022845,115031
49,34373052,112343
49,34712000,109029
49,35104604,106324
49,35461446,103713
49,35836234,100903
49,36232249,98599
49,36607627,96442
49,36969520,94187
49,37355870,92406
49,37711680,90772
49,38086140,89078
49,38518493,87574
49,38927488,86245
49,39339424,85140
49,39724189,84315
49,40121774,83558
49,40514614,83020
49,40915004,82683
49,41311191,82549
49,41688506,82570
49,42084008,82453
49,42496017,82288
49,42896511,82236
49,43267542,82084
49,43664854,82033
49,44034875,81954
49,44391515,81895
49,44787706,81910
49,45160001,81938
49,45517098,82004
49,45935178,82056
49,46328771,82103
49,46745401,82150
49,47141799,82191
49,47515123,82241
49,47914078,82281
49,48307169,82316
49,48684668,82345
49,49062994,82377
49,49453003,82410
49,49870779,82440
49,50287462,82466
49,50683425,82494
49,51081620,82513
49,51472398,82539
49,51853699,82561
49,52223926,82590
49,52621338,82612
49,53017171,82636
49,53412345,82661
49,53821308,82687
49,54203395,82713
49,54630299,82734
49,55003493,82752
49,55390452,82768
49,55786656,82781
49,56163325,82792
49,56578369,82805
49,56985052,82814
49,57351747,82822
49,57743947,82826
49,58118736,82830
49,58482472,82830
49,58879094,82836
49,59255239,82843
49,59650860,82850
49,60024988,82857
49,60409219,82860
49,60768398,82864
49,61150069,82874
49,61559123,82886
49,61946014,82898
49,62350971,82910
49,62726408,82921
49,63120141,82926
49,63520747,82930
49,63941231,82933
49,64311530,82931
49,64710386,82928
49,65118909,82926
49,65481520,82926
49,65856074,82928
49,66250694,82936
49,66668245,82944
49,67094585,82948
49,67514944,82955
49,67947133,82956
49,68310104,82956
49,68708046,82957
49,69120405,82957
49,69507244,82961
49,69862345,82963
49,70239095,82963
49,70609693,82965
49,70983318,82970
49,71351973,82973
49,71707634,82974
49,72058623,82974
49,72417443,82976
49,72755382,82977
49,73105689,82980
49,73464330,82982
49,73845748,82984
49,74215744,82991
49,74594586,82994
49,74960798,83000
49,75341346,83002
49,75719059,83007
49,76093653,83010
49,76493631,83011
49,76848881,83016
49,77242778,83021
49,77623724,83027
49,78015626,83033
49,78385858,83038
49,78749752,83041
49,79144262,83041
49,79517152,83042
49,79915404,83043
49,80308921,83045
49,80689382,83045
49,81060775,83044
49,81450566,83046
49,81815455,83048
49,82183458,83048
49,82592866,83048
49,82954508,83049
49,83347843,83050
49,83726252,83051
49,84121426,83051
49,84513303,83049
49,84914521,83048
49,85308004,83048
49,85709407,83043
49,86123477,83043
49,86515067,83041
49,86912321,83040
49,87306565,83039
49,87662956,83039
49,88056377,83048
49,88422373,83059
49,88788568,83078
49,89181305,83098
49,89547497,83118
49,89915083,83141
49,90309334,83157
49,90690633,83169
49,91078023,83178
49,91496421,83181
49,91914092,83178
49,92307967,83170
49,92706139,83161
49,93100080,83148
49,93474566,83137
49,93848597,83124
49,94245544,83114
49,94622267,83104
49,95017276,83097
49,95411906,83088
49,95811271,83082
49,96208986,83077
49,96601435,83075
49,96977284,83072
49,97368520,83070
49,97725825,83068
49,98119428,83068
49,98492659,83068
49,98870247,83067
49,99263680,83065
49,99620136,83062
49,100014367,83060
49,100387944,83058
49,100748973,83056
49,101121834,83053
49,101516614,83049
49,101914109,83047
49,102309342,83043
49,102711675,83041
49,103087951,83039
49,103474745,83038
49,103873267,83035
49,104244980,83033
49,104643192,83031
49,105014382,83031
49,105368506,83029
49,105727092,83029
49,106119935,83027
49,106514044,83026
49,106913110,83025
49,107306320,83024
49,107663623,83023
49,108037233,83021
49,108432196,83021
49,108808351,83020
49,109206773,83020
49,109620684,83017
49,110021608,83017
49,110411885,83016
49,110807656,83015
49,111185160,83015
49,111575384,83013
49,111976423,83013
49,112369752,83012
49,112748468,83011
49,113141033,83011
49,113516029,83009
49,113913968,83009
49,114327330,83009
49,114686907,83007
49,115057789,83006
49,115453588,83006
49,115851845,83006
49,116224011,83005
49,116600883,83005
49,116995260,83004
49,117389054,83003
49,117749183,83003
49,118121154,83003
49,118514533,83003
49,118934709,83003
49,119326110,83002
49,119707539,83002
49,120098156,83001
49,120471733,83000
49,120849824,82999
49,121223341,82999
49,121601987,82998
49,122014709,82998
49,122367876,82998
49,122729916,82996
49,123120999,82997
49,123514244,82998
49,123911993,82996
49,124308810,82997
49,124711009,82997
49,125100449,82997
49,125471641,82996
49,125850187,82995
49,126245457,82994
49,126622572,82994
50,712780,582986
50,1103057,582657
50,1473143,582012
50,1870148,581524
50,2242660,580729
50,2637748,579695
50,3034940,578631
50,3410624,577500
50,3801329,575995
50,4180641,574281
50,4593617,572635
50,4954046,570515
50,5366918,568214
50,5759630,566049
50,6117057,563724
50,6489806,561191
50,6843724,558518
50,7200058,555380
50,7615268,552447
50,7973611,548826
50,8364441,545476
50,8739488,541958
50,9100630,537891
50,9514006,533565
50,9917267,528969
50,10329376,524198
50,10741851,519372
50,11140978,514199
50,11534663,509455
50,11923589,504740
50,12283625,499069
50,12661777,493793
50,13040676,488612
50,13410945,482426
50,13808476,475828
50,14223264,469400
50,14617097,463336
50,15014643,456273
50,15408137,450146
50,15761308,443499
50,16118712,436084
50,16513581,428247
50,16917398,421308
50,17302624,414249
50,17675798,405892
50,18058589,397412
50,18469554,389779
50,18821725,382046
50,19197990,372977
50,19594922,364896
50,19964130,355484
50,20368499,345809
50,20760946,337295
50,21119701,328486
50,21492927,318915
50,21896970,310018
50,22287637,301878
50,22685198,292691
50,23077877,283899
50,23471499,276125
50,23868209,267362
50,24282737,259043
50,24638017,251732
50,25035861,243754
50,25445415,235751
50,25848895,228113
50,26242033,220505
50,26634111,214060
50,27013826,206927
50,27406729,200737
50,27781664,194930
50,28137956,188178
50,28553398,182651
50,28924572,177249
50,29282741,171013
50,29681192,165363
50,30097779,159571
50,30493925,154097
50,30899471,149657
50,31295938,144393
50,31676839,140063
50,32039611,135459
50,32431497,130729
50,32843033,126820
50,33199782,123199
50,33572232,119226
50,33975408,115822
50,34368579,112138
50,34760506,109179
50,35139987,106063
50,35512184,103058
50,35938284,100243
50,36324227,97956
50,36699648,95547
50,37094699,93641
50,37468678,91903
50,37822151,90085
50,38220917,88643
50,38614790,87205
50,39090560,85663
50,39618554,84450
50,40119973,83520
50,40627094,82935
50,41154347,82658
50,41596032,82658
50,42088243,82553
50,42609662,82406
50,43133671,82254
50,43650555,82171
50,44177332,82053
50,44696280,82030
50,45199727,82059
50,45620242,82111
50,46025314,82148
50,46506277,82185
50,47033083,82227
50,47525854,82279
50,48049108,82330
50,48567417,82366
50,49109255,82401
50,49647574,82436
50,50125289,82471
50,50526306,82500
50,50910055,82528
50,51318307,82553
50,51808781,82579
50,52296353,82606
50,52782308,82632
50,53322591,82661
50,53823260,82689
50,54286602,82717
50,54776935,82742
50,55161712,82762
50,55524796,82780
50,55865023,82795
50,56299807,82807
50,56754869,82817
50,57202709,82824
50,57624795,82831
50,58033851,82837
50,58453188,82846
50,58858959,82853
50,59215278,82860
50,59574496,82869
50,59936777,82875
50,60272279,82882
50,60623771,82886
50,60964005,82892
50,61316048,82898
50,61701639,82903
50,62053812,82906
50,62401645,82909
50,62754478,82913
50,63110972,82916
50,63463019,82916
50,63816377,82920
50,64176231,82925
50,64524775,82926
50,64875904,82932
50,65255622,82939
50,65593843,82944
50,65961118,82948
50,66323485,82955
50,66683430,82962
50,67050898,82971
50,67411428,82982
50,67773701,82996
50,68132034,83014
50,68487523,83037
50,68847006,83065
50,69191363,83097
50,69594665,83135
50,69960313,83167
50,70324840,83195
50,70688752,83221
50,71104428,83239
50,71483807,83248
50,71870833,83251
50,72287473,83249
50,72639347,83238
50,72985711,83225
50,73335177,83209
50,73691233,83192
50,74067056,83171
50,74463198,83154
50,74843056,83139
50,75199864,83123
50,75592126,83111
50,75949664,83102
50,76320760,83094
50,76720480,83089
50,77098943,83084
50,77505040,83080
50,77867767,83077
50,78263644,83077
50,78655209,83076
50,79035132,83075
50,79433131,83073
50,79845865,83070
50,80220235,83069
50,80614516,83067
50,80972634,83064
50,81363694,83061
50,81736652,83058
50,82096609,83055
50,82467664,83052
50,82830069,83048
50,83220040,83045
50,83591711,83041
50,83949666,83039
50,84340201,83037
50,84694819,83035
50,85073955,83032
50,85445367,83031
50,85841330,83030
50,86202774,83027
50,86595640,83026
50,86972463,83024
50,87385491,83024
50,87737420,83021
50,88095640,83021
50,88485705,83020
50,88860459,83020
50,89285240,83018
50,89681802,83017
50,90100051,83016
50,90489753,83015
50,90866084,83013
50,91266771,83013
50,91633330,83013
50,91988351,83012
50,92344214,83010
50,92694730,83010
50,93085452,83010
50,93468879,83008
50,93819279,83008
50,94196432,83008
50,94590534,83008
50,95003059,83005
50,95368146,83007
50,95783591,83007
50,96183575,83006
50,96595064,83006
50,96961711,83005
50,97324315,83005
50,97695091,83005
50,98072266,83005
50,98445599,83005
50,98841275,83005
50,99196257,83003
50,99570762,83003
50,99967461,83003
50,100320242,83003
50,100695929,83002
50,101095376,83002
50,101476870,83002
50,101863995,83003
50,102280902,83003
50,102634298,83003
50,102991685,83003
50,103389190,83003
50,103780246,83003
50,104160413,83004
50,104535901,83005
50,104940067,83005
50,105302104,83004
50,105673756,83004
50,106049492,83004
50,106423726,83003
50,106784185,83003
50,107188348,83002
50,107549808,83002
50,107920909,83002
50,108290143,83001
50,108684129,83001
50,109076314,83001
50,109469981,83001
50,109844014,82999
50,110200595,82999
50,110571847,82999
50,110953671,82999
50,111340638,82999
50,111699352,82999
50,112098066,82999
50,112469143,83000
50,112822742,83000
50,113201634,83000
50,113595274,83000
50,113950631,83000
50,114341822,83000
50,114719588,82998
50,115075698,82998
50,115493649,82998
50,115883163,82996
50,116283139,82997
50,116673110,82998
50,117037055,82997
50,117425466,82997
50,117783035,82997
50,118159399,82997
50,118554563,82997
50,118982500,82997
50,119365936,82997
50,119716448,82997
50,120095838,82996
51,736364,582970
51,1119664,582579
51,1493932,581942
51,1890875,581439
51,2283135,580609
51,2678691,579691
51,3034133,578470
51,3431265,577154
51,3874207,575576
51,4243011,574061
51,4617447,572122
51,5015856,570239
51,5389098,567920
51,5813610,565408
51,6206357,562641
51,6594382,560059
51,6993342,556972
51,7387201,553737
51,7790005,550211
51,8201915,546459
51,8593501,542987
51,8971066,538941
51,9385137,535258
51,9738179,531326
51,10111194,526621
51,10492086,522458
51,10888840,517540
51,11284249,512245
51,11677459,507492
51,12034750,502028
51,12448684,496901
51,12813666,490865
51,13220027,484888
51,13632594,478346
51,14036546,471871
51,14451905,465171
51,14849126,458014
51,15242684,451969
51,15613512,445412
51,15970475,437907
51,16364820,431243
51,16737774,424227
51,17093716,417332
51,17467095,408967
51,17864602,401703
51,18217338,394089
51,18591492,385404
51,18999157,376349
51,19410485,367244
51,19834669,357814
51,20220015,349460
51,20616465,339736
51,20992776,329705
51,21406038,321174
51,21758781,312208
51,22179941,303055
51,22571878,294836
51,22934828,287175
51,23307507,278270
51,23698754,270551
51,24075102,262060
51,24490521,253800
51,24886950,245748
51,25284201,238911
51,25676409,231201
51,26079588,223857
51,26467575,217360
51,26850742,210433
51,27241726,203407
51,27655106,197592
51,28015616,190872
51,28408474,185065
51,28794880,178759
51,29179121,173032
51,29552499,167748
51,29909025,161865
51,30299773,156619
51,30688687,151269
51,31078652,145859
51,31490332,141135
51,31860193,137046
51,32241390,132479
51,32615108,128388
51,32992852,124180
51,33382492,120836
51,33737392,117397
51,34093689,114087
51,34470232,110626
51,34876193,107423
51,35288242,104396
51,35695864,101852
51,36060113,99159
51,36454880,96677
51,36847848,94663
51,37217504,92859
51,37590539,90960
51,37992868,89257
51,38407043,87914
51,38757106,86535
51,39179443,85368
51,39574948,84388
51,39990241,83589
51,40385105,83093
51,40758467,82715
51,41177812,82549
51,41530606,82530
51,41884829,82556
51,42237451,82369
51,42591425,82290
51,42974348,82213
51,43367876,82106
51,43796709,82074
51,44180609,81988
51,44575442,81960
51,44970837,81971
51,45362370,82001
51,45720241,82064
51,46114338,82112
51,46491236,82162
51,46888527,82203
51,47282778,82243
51,47657770,82283
51,48033522,82326
51,48428750,82359
51,48779218,82384
51,49175806,82410
51,49549720,82432
51,49908620,82456
51,50281002,82481
51,50634546,82504
51,50991785,82529
51,51384509,82551
51,51757979,82569
51,52177370,82588
51,52528678,82607
51,52883998,82629
51,53236956,82647
51,53589583,82664
51,53974678,82683
51,54366196,82700
51,54737245,82717
51,55105694,82736
51,55490958,82750
51,55887323,82766
51,56282779,82774
51,56674858,82781
51,57033035,82786
51,57425514,82790
51,57807995,82796
51,58197726,82805
51,58573733,82813
51,59020505,82820
51,59388937,82830
51,59792695,82838
51,60181873,82850
51,60580865,82863
51,60971651,82880
51,61347880,82893
51,61739368,82905
51,62098350,82916
51,62490740,82922
51,62888788,82926
51,63282647,82927
51,63636352,82924
51,63991869,82924
51,64386819,82924
51,64794842,82924
51,65180524,82928
51,65577395,82935
51,65990957,82944
51,66385397,82948
51,66760958,82954
51,67140726,82959
51,67535436,82965
51,67931870,82966
51,68308919,82968
51,68705304,82968
51,69117783,82967
51,69489727,82967
51,69850200,82969
51,70243478,82971
51,70616200,82971
51,71015235,82968
51,71407896,82966
51,71794953,82964
51,72179350,82964
51,72555879,82963
51,72955175,82963
51,73323054,82963
51,73680642,82966
51,74075675,82968
51,74488096,82970
51,74865317,82972
51,75260139,82975
51,75613821,82977
51,75996255,82981
51,76386074,82983
51,76739103,82983
51,77098677,82986
51,77492528,82989
51,77889241,82993
51,78285519,83001
51,78678024,83011
51,79055809,83034
51,79463666,83060
51,79836596,83095
51,80219704,83124
51,80592390,83153
51,80973330,83182
51,81346108,83204
51,81717610,83223
51,82097581,83238
51,82492526,83249
51,82888546,83254
51,83291347,83255
51,83678933,83250
51,84079479,83238
51,84490243,83223
51,84887314,83205
51,85280354,83188
51,85656039,83170
51,86011509,83155
51,86384693,83143
51,86739664,83130
51,87095379,83117
51,87489838,83111
51,87868040,83104
51,88262403,83098
51,88637913,83096
51,89035067,83092
51,89407484,83089
51,89816422,83087
51,90185077,83086
51,90580659,83082
51,90990706,83080
51,91384174,83077
51,91742487,83076
51,92116803,83074
51,92510258,83070
51,92888955,83067
51,93281533,83064
51,93635166,83059
51,93992178,83057
51,94385607,83054
51,94759458,83050
51,95160423,83049
51,95530892,83047
51,95885526,83043
51,96302119,83040
51,96675764,83039
51,97034607,83036
51,97429795,83034
51,97817650,83033
51,98204793,83031
51,98613797,83030
51,98972252,83028
51,99387109,83027
51,99791455,83025
51,100180745,83024
51,100551672,83024
51,100908679,83022
51,101282620,83021
51,101675990,83021
51,102031841,83020
51,102409741,83018
51,102813787,83017
51,103199680,83015
51,103595924,83014
51,104002854,83012
51,104386710,83012
51,104779808,83012
51,105178797,83012
51,105530385,83011
51,105886024,83010
51,106281049,83010
51,106635435,83010
51,106990674,83009
51,107384046,83008
51,107748264,83007
51,108135473,83007
51,108530379,83005
51,108908509,83004
51,109304798,83004
51,109683266,83004
51,110074796,83004
51,110490154,83004
51,110864526,83004
51,111263747,83004
51,111656184,83004
51,112012175,83004
51,112382634,83003
51,112739948,83003
51,113136033,83003
51,113508219,83002
51,113866339,83001
51,114261270,83001
51,114633044,83000
51,114992381,82999
51,115385615,82999
51,115758921,82999
51,116178660,82999
51,116575316,82999
51,116990344,82999
51,117404445,82998
51,117757928,82999
51,118179837,82999
51,118569313,82999
51,118930393,82999
51,119305399,82999
51,119699722,82997
51,120117625,82997
51,120510130,82997
51,120887342,82997
51,121285190,82996
51,121678305,82996
51,122058786,82995
51,122429241,82996
51,122833902,82995
51,123240369,82995
51,123635447,82995
51,123990478,82996
51,124384039,82996
51,124761261,82996
52,736389,582995
52,1098000,582657
52,1495492,582008
52,1909118,581518
52,2258922,580733
52,2660646,579833
52,3031874,578781
52,3430264,577510
52,3806819,575998
52,4198778,574498
52,4560783,572883
52,4932970,570788
52,5339487,568803
52,5697635,566679
52,6066770,564062
52,6451251,561177
52,6864503,558507
52,7218627,555764
52,7601431,552431
52,7992245,548819
52,8387069,545477
52,8760577,541968
52,9113786,538419
52,9492152,534141
52,9885706,530155
52,10239719,526008
52,10592828,521834
52,10967261,516868
52,11366706,512208
52,11764192,506778
52,12159077,501269
52,12556723,495329
52,12969196,489367
52,13367861,483260
52,13760569,477482
52,14133991,471846
52,14492963,466015
52,14886170,458868
52,15259244,451967
52,15681178,444466
52,16079970,437006
52,16495372,429265
52,16888210,422298
52,17262037,414260
52,17683817,405922
52,18076815,397448
52,18493806,388756
52,18906985,380965
52,19260185,371913
52,19661830,363753
52,20034590,354318
52,20431698,345810
52,20809688,336028
52,21205423,325933
52,21598837,317704
52,21989576,309952
52,22370047,300625
52,22743444,291544
52,23138491,283827
52,23514849,274989
52,23909349,267327
52,24312085,259036
52,24703879,250702
52,25091868,243758
52,25485674,235762
52,25868822,228125
52,26258725,221462
52,26662940,214061
52,27035010,207824
52,27409828,200690
52,27804259,194870
52,28160047,188943
52,28544253,182568
52,28927179,177160
52,29313366,170919
52,29701531,165266
52,30096563,160208
52,30506264,154646
52,30894426,149576
52,31316497,144316
52,31702307,139433
52,32117412,134855
52,32510475,130741
52,32884375,126858
52,33242341,122745
52,33660395,118777
52,34054466,114932
52,34492271,111333
52,34862997,108446
52,35241635,105367
52,35636163,102760
52,36016706,99994
52,36411716,97417
52,36829175,95039
52,37242557,92938
52,37640674,91018
52,38099281,89289
52,38496636,87759
52,38899529,86398
52,39277901,85271
52,39707979,84325
52,40086569,83650
52,40461328,83104
52,40854911,82790
52,41222801,82623
52,41583014,82624
52,41975628,82624
52,42331578,82442
52,42687065,82383
52,43041274,82293
52,43415128,82188
52,43767553,82151
52,44125523,82065
52,44502756,82025
52,44855345,82031
52,45208796,82052
52,45584281,82105
52,45979999,82142
52,46346003,82168
52,46714653,82208
52,47108648,82237
52,47486681,82279
52,47859644,82316
52,48214456,82349
52,48589148,82372
52,48964244,82401
52,49368138,82429
52,49762990,82454
52,50138309,82483
52,50535551,82508
52,50908474,82530
52,51319209,82550
52,51688385,82573
52,52074207,82591
52,52438336,82608
52,52824039,82628
52,53225077,82646
52,53642157,82664
52,54036636,82682
52,54435520,82700
52,54831783,82716
52,55230400,82727
52,55598948,82744
52,56011929,82755
52,56413228,82771
52,56806436,82787
52,57205524,82802
52,57617697,82813
52,58013071,82824
52,58414748,82832
52,58804172,82840
52,59178528,82849
52,59560705,82862
52,59955574,82875
52,60372524,82886
52,60743083,82898
52,61138657,82906
52,61536952,82911
52,61908357,82917
52,62261586,82924
52,62660650,82928
52,63035566,82932
52,63432427,82933
52,63811885,82935
52,64201374,82938
52,64620626,82940
52,65013440,82943
52,65409791,82948
52,65805202,82956
52,66206104,82969
52,66621484,82989
52,67014009,83014
52,67413211,83054
52,67810076,83098
52,68203757,83143
52,68619192,83183
52,69015829,83214
52,69411600,83243
52,69804142,83260
52,70202595,83268
52,70616586,83269
52,71012482,83262
52,71409357,83247
52,71803601,83232
52,72158522,83212
52,72513891,83188
52,72908338,83169
52,73262919,83150
52,73642894,83131
52,74036230,83117
52,74411669,83103
52,74806900,83095
52,75208832,83087
52,75578969,83082
52,75992228,83078
52,76392301,83077
52,76764024,83076
52,77159321,83075
52,77537083,83074
52,77941618,83074
52,78323107,83073
52,78723599,83070
52,79116559,83069
52,79472882,83067
52,79865758,83063
52,80229065,83060
52,80620168,83057
52,81012889,83053
52,81411272,83049
52,81804588,83046
52,82198759,83042
52,82559660,83039
52,82953667,83037
52,83350736,83034
52,83720674,83033
52,84114647,83031
52,84497010,83028
52,84890461,83028
52,85263668,83026
52,85684077,83025
52,86059983,83023
52,86431718,83022
52,86823845,83020
52,87202376,83020
52,87618649,83019
52,88011594,83016
52,88370181,83015
52,88741415,83014
52,89136019,83014
52,89516111,83013
52,89911197,83012
52,90314459,83012
52,90699740,83010
52,91107934,83008
52,91495731,83008
52,91867753,83007
52,92261492,83007
52,92657166,83007
52,93032533,83006
52,93388019,83006
52,93761454,83006
52,94115708,83005
52,94471004,83003
52,94864968,83003
52,95241341,83004
52,95600888,83003
52,95991749,83003
52,96369553,83003
52,96765178,83003
52,97139211,83002
52,97535814,83002
52,97935910,83002
52,98320714,83001
52,98679978,83002
52,99078569,83002
52,99495244,83002
52,99888868,83001
52,100264445,83001
52,100684098,83001
52,101079853,83001
52,101494195,83001
52,101885340,83001
52,102239572,83002
52,102630537,83001
52,103015011,83001
52,103409179,83001
52,103803149,83001
52,104155440,83000
52,104514028,82998
52,104921575,82998
52,105291915,82999
52,105679310,82999
52,106051755,82999
52,106410590,82998
52,106803785,82999
52,107155962,82997
52,107513706,82997
52,107908357,82998
52,108281064,82999
52,108685152,82999
52,109061177,82999
52,109431804,82999
52,109830733,82998
52,110242167,82998
52,110680276,82998
52,111058710,82998
52,111437543,82998
52,111826935,82999
52,112240260,82998
52,112597056,82997
52,113013436,82997
52,113409545,82999
52,113804107,82998
52,114182686,82997
52,114560839,82999
52,114954962,82998
52,115351437,82996
52,115721736,82996
52,116138251,82996
52,116551472,82996
52,116910437,82996
52,117317598,82996
52,117705215,82996
52,118097748,82996
52,118478895,82996
52,118844546,82996
52,119221957,82996
52,119616088,82996
52,120012711,82996
53,716565,582984
53,1098960,582655
53,1473165,582008
53,1864771,581516
53,2240057,580837
53,2600412,579830
53,2992267,578788
53,3368015,577523
53,3764392,576017
53,4157314,574522
53,4536294,572666
53,4950997,570552
53,5344112,568558
53,5724004,566103
53,6116256,563777
53,6492583,560878
53,6887661,557818
53,7319892,554642
53,7707727,551643
53,8075273,547968
53,8475996,544570
53,8845207,540531
53,9239735,536926
53,9599531,533082
53,9972830,528447
53,10368519,524253
53,10765857,519420
53,11139857,514232
53,11556824,508800
53,11953238,503364
53,12364230,498320
53,12744218,492301
53,13137162,487093
53,13495878,480763
53,13886976,475008
53,14263211,468528
53,14683194,461472
53,15081454,454533
53,15524927,447249
53,15910239,439710
53,16305753,433199
53,16685596,425168
53,17079078,417325
53,17506038,408979
53,17887798,401715
53,18264011,393045
53,18661237,385435
53,19034001,376371
53,19441637,368427
53,19807144,358968
53,20198872,350641
53,20564210,342084
53,20935522,332163
53,21326104,322270
53,21723175,314326
53,22096600,305390
53,22492774,297068
53,22868021,288254
53,23282564,280481
53,23638993,271664
53,24032665,264139
53,24419099,255887
53,24807828,248647
53,25201462,240753
53,25597858,232791
53,25994406,225263
53,26420421,217646
53,26806488,210480
53,27198215,204155
53,27580844,197332
53,27992619,190624
53,28386095,184114
53,28787597,178735
53,29157310,173202
53,29535086,167389
53,29929725,161695
53,30345324,156670
53,30746682,151534
53,31138289,146321
53,31539301,141224
53,31944639,136621
53,32325136,131920
53,32755026,127951
53,33120650,123754
53,33516193,119775
53,33930385,115894
53,34331664,112230
53,34744753,108862
53,35159028,105774
53,35557101,103163
53,35951098,100377
53,36348019,97777
53,36744096,95374
53,37163163,93242
53,37557520,91532
53,37950694,89767
53,38345424,88177
53,38744093,86773
53,39159047,85579
53,39556399,84587
53,39995044,83778
53,40366254,83259
53,40741519,82856
53,41136328,82667
53,41493011,82625
53,41865475,82664
53,42239858,82475
53,42622000,82388
53,42994990,82287
53,43389629,82182
53,43766238,82134
53,44160888,82040
53,44559123,82021
53,44932111,82035
53,45307422,82080
53,45703297,82137
53,46115708,82164
53,46477273,82195
53,46871144,82216
53,47243435,82252
53,47641377,82286
53,48032398,82328
53,48406321,82353
53,48785904,82375
53,49177963,82393
53,49535341,82409
53,49909550,82430
53,50302563,82449
53,50659409,82467
53,51055301,82485
53,51442236,82503
53,51825074,82525
53,52218989,82542
53,52596059,82560
53,52970152,82574
53,53343341,82595
53,53744049,82618
53,54138981,82640
53,54535001,82665
53,54908289,82687
53,55261359,82707
53,55638270,82724
53,56033506,82742
53,56407081,82761
53,56821448,82777
53,57225077,82791
53,57627865,82800
53,57994417,82814
53,58390346,82823
53,58763725,82836
53,59158831,82843
53,59557639,82855
53,59951265,82862
53,60345334,82869
53,60723795,82875
53,61094781,82882
53,61477143,82892
53,61866762,82899
53,62239952,82910
53,62597477,82917
53,62991166,82923
53,63366077,82929
53,63720698,82935
53,64115240,82940
53,64505356,82944
53,64889957,82946
53,65264131,82956
53,65662484,82964
53,66054747,82983
53,66446012,83009
53,66846422,83050
53,67239039,83090
53,67621661,83138
53,68012660,83180
53,68385316,83222
53,68787169,83250
53,69156039,83273
53,69513462,83290
53,69908100,83294
53,70282138,83294
53,70637067,83280
53,71033410,83266
53,71406863,83245
53,71806297,83224
53,72176244,83202
53,72535006,83178
53,72931383,83158
53,73308058,83138
53,73705437,83120
53,74117353,83109
53,74513717,83100
53,74886729,83096
53,75239350,83091
53,75597100,83087
53,75990241,83087
53,76366417,83084
53,76764534,83084
53,77138527,83083
53,77556446,83083
53,77954932,83081
53,78365000,83080
53,78720829,83077
53,79116363,83074
53,79494750,83070
53,79889635,83067
53,80263300,83063
53,80661847,83058
53,81055633,83055
53,81476342,83050
53,81855165,83046
53,82242704,83043
53,82639602,83039
53,83033278,83038
53,83386452,83034
53,83783815,83032
53,84155859,83032
53,84513101,83029
53,84906944,83027
53,85260107,83026
53,85638885,83025
53,86031145,83023
53,86384876,83022
53,86787195,83021
53,87159601,83020
53,87556999,83019
53,87933313,83019
53,88308953,83016
53,88708640,83015
53,89072655,83015
53,89442199,83014
53,89827352,83013
53,90242468,83012
53,90640528,83012
53,91024415,83011
53,91418065,83011
53,91805413,83009
53,92182164,83007
53,92556115,83007
53,92955172,83007
53,93365088,83005
53,93742033,83006
53,94135456,83006
53,94490979,83005
53,94888002,83004
53,95260353,83004
53,95616332,83004
53,96011482,83003
53,96364174,83003
53,96741038,83003
53,97094558,83003
53,97486938,83003
53,97866442,83003
53,98240627,83003
53,98594707,83003
53,98988909,83002
53,99343721,83002
53,99722655,83002
53,100118926,83001
53,100493755,83001
53,100889654,83001
53,101262004,83001
53,101616751,83000
53,102011883,82999
53,102365966,83000
53,102740254,83000
53,103135923,83001
53,103492216,83001
53,103865610,83001
53,104218983,83001
53,104600791,83001
53,104993785,83001
53,105386593,83001
53,105781843,82999
53,106159173,82999
53,106556498,82999
53,106938031,82999
53,107303090,82999
53,107706707,82998
53,108115513,82998
53,108477809,82998
53,108870507,82998
53,109238902,82999
53,109598659,82999
53,109991461,82999
53,110365928,82999
53,110764691,82998
53,111137394,82998
53,111534807,82998
53,111908374,82998
53,112300925,82997
53,112658138,82996
53,113054408,82998
53,113440752,82998
53,113804360,82997
53,114201373,82997
53,114620096,82997
53,115012743,82997
53,115386157,82997
53,115786804,82997
54,740115,582985
54,1138584,582580
54,1536266,582020
54,1908169,581529
54,2261878,580857
54,2617576,579853
54,3033143,578800
54,3387028,577706
54,3742692,576248
54,4159623,574761
54,4526000,572926
54,4930450,570842
54,5325090,568870
54,5683458,566752
54,6077534,564130
54,6482134,561242
54,6868314,558184
54,7285333,555007
54,7683095,551601
54,8099316,547933
54,8513449,544030
54,8910635,540489
54,9306174,536355
54,9683501,531920
54,10095958,527833
54,10465703,523641
54,10825521,519413
54,11179282,514899
54,11539298,509479
54,11931310,504741
54,12325833,499062
54,12722874,493059
54,13136464,487086
54,13537765,480759
54,13930627,474215
54,14353145,467664
54,14743561,461467
54,15117200,454535
54,15543160,447225
54,15931625,439698
54,16346683,432191
54,16745710,425136
54,17117697,417309
54,17514480,408946
54,17910089,401686
54,18284090,393018
54,18703666,384296
54,19097806,375219
54,19515573,366038
54,19931358,356610
54,20326023,348185
54,20702926,338431
54,21097549,328398
54,21515903,318874
54,21928594,311223
54,22282917,303317
54,22638761,294255
54,23054887,286929
54,23406993,278338
54,23806915,271046
54,24179127,264039
54,24534195,257235
54,24886503,249934
54,25240800,242911
54,25617458,234937
54,26014757,227130
54,26407629,220351
54,26829243,212870
54,27203592,205329
54,27604606,198930
54,27972272,191945
54,28367880,184858
54,28764669,179064
54,29139294,172536
54,29536879,167120
54,29908327,161900
54,30260732,156827
54,30622189,152132
54,30992520,146866
54,31388381,141641
54,31783961,137565
54,32178603,133076
54,32558055,129082
54,32929563,125333
54,33281972,121948
54,33641309,118588
54,34011968,115255
54,34364904,112134
54,34764677,108836
54,35138036,106147
54,35497780,103192
54,35909039,100430
54,36303518,98136
54,36683536,95722
54,37075064,93804
54,37427810,91798
54,37840894,90215
54,38207971,88553
54,38619171,87097
54,39023513,85816
54,39412601,84876
54,39785651,83954
54,40178719,83328
54,40555714,82835
54,40952906,82563
54,41325822,82442
54,41728358,82498
54,42139790,82392
54,42515805,82247
54,42914730,82225
54,43308938,82099
54,43680412,82058
54,44034041,81998
54,44387968,81909
54,44743806,81921
54,45138050,81922
54,45528847,81970
54,45890278,82024
54,46285962,82048
54,46680542,82101
54,47073317,82142
54,47429478,82207
54,47827061,82274
54,48265568,82326
54,48643242,82365
54,49014658,82399
54,49410863,82426
54,49786042,82455
54,50181377,82478
54,50601817,82503
54,50990874,82517
54,51366399,82536
54,51764921,82553
54,52139011,82573
54,52537428,82593
54,52929935,82608
54,53303753,82618
54,53663028,82627
54,54035246,82638
54,54428510,82648
54,54828270,82660
54,55203387,82673
54,55597625,82689
54,56012989,82698
54,56365775,82703
54,56743111,82720
54,57137525,82740
54,57499769,82754
54,57889143,82777
54,58283564,82789
54,58638162,82803
54,59032664,82812
54,59407338,82819
54,59789980,82823
54,60180928,82827
54,60578795,82827
54,60971997,82832
54,61385981,82837
54,61742271,82847
54,62117323,82861
54,62524942,82866
54,62889009,82873
54,63283800,82873
54,63649346,82873
54,64013474,82878
54,64407342,82879
54,64785795,82888
54,65181732,82890
54,65577345,82895
54,65956103,82902
54,66392425,82910
54,66784279,82918
54,67179156,82925
54,67536269,82933
54,67929545,82945
54,68304381,82951
54,68680848,82960
54,69074819,82967
54,69429341,82972
54,69804560,82975
54,70156283,82978
54,70527720,82979
54,70907860,82982
54,71282349,82983
54,71638864,82984
54,72032629,82986
54,72387394,82988
54,72762065,82987
54,73114825,82985
54,73502509,82983
54,73887972,82981
54,74240145,82978
54,74618333,82978
54,75011924,82978
54,75365055,82983
54,75744622,82989
54,76137984,82995
54,76537355,82995
54,76908282,82996
54,77303031,82996
54,77683328,82998
54,78076786,82996
54,78463428,82992
54,78846195,82992
54,79261601,82991
54,79617136,82989
54,79989771,82990
54,80385589,82990
54,80741749,82991
54,81114934,82997
54,81524972,83000
54,81891091,83000
54,82285835,82997
54,82682394,82995
54,83075840,82994
54,83485870,82994
54,83867103,82994
54,84240142,82997
54,84640066,83000
54,85033159,82999
54,85407890,82995
54,85807033,82994
54,86189682,82992
54,86582224,82992
54,86954453,82992
54,87349339,82991
54,87762235,82991
54,88127188,82994
54,88499773,82997
54,88887397,83001
54,89240693,83003
54,89620950,83007
54,90013437,83008
54,90412946,83008
54,90785159,83009
54,91179211,83011
54,91554495,83012
54,91949658,83015
54,92303246,83017
54,92678979,83019
54,93032255,83020
54,93385798,83022
54,93749498,83024
54,94136849,83026
54,94514411,83028
54,94895110,83034
54,95285341,83046
54,95682570,83065
54,96074838,83091
54,96427793,83131
54,96827511,83168
54,97220624,83201
54,97580247,83226
54,97955611,83255
54,98392029,83274
54,98783961,83285
54,99178083,83288
54,99535632,83288
54,99909235,83274
54,100302539,83262
54,100681356,83242
54,101073699,83224
54,101425998,83205
54,101825784,83189
54,102202057,83171
54,102599748,83157
54,103010456,83146
54,103364099,83136
54,103751965,83128
54,104140897,83122
54,104532998,83117
54,104910796,83113
54,105284531,83111
54,105681556,83108
54,106076844,83106
54,106464622,83104
54,106821997,83102
54,107177475,83098
54,107534958,83095
54,107929026,83091
54,108282684,83089
54,108637981,83085
54,109012287,83080
54,109363338,83076
54,109742629,83073
54,110136459,83067
54,110496600,83065
54,110900005,83061
54,111284734,83058
54,111680845,83055
54,112097500,83051
54,112499307,83048
54,112886132,83047
54,113260962,83044
54,113616482,83041
54,114010025,83039
54,114386468,83039
54,114739962,83037
54,115113560,83034
54,115524963,83034
54,115907720,83033
54,116280618,83030
54,116640003,83030
54,117033448,83029
54,117408802,83025
54,117805816,83024
54,118179003,83024
54,118535356,83021
54,118928208,83020
54,119302488,83020
54,119658552,83018
54,120072476,83016
54,120428588,83015
54,120825118,83015
54,121198509,83013
54,121556643,83013
54,121969725,83012
54,122321905,83010
54,122682235,83010
54,123073890,83009
54,123457312,83007
54,123849949,83007
54,124260360,83007
54,124614992,83006
54,124990252,83005
54,125383717,83004
54,125739749,83004
54,126115575,83003
54,126508278,83002
54,126887373,83002
54,127239143,83002
54,127614935,83001
54,127990825,83001
54,128363350,83000
54,128742545,83000
54,129118128,82998
54,129492981,82998
54,129888170,82998
54,130285438,82997
54,130681263,82996
54,131074773,82996
54,131426939,82996
54,131826701,82996
54,132203838,82996
54,132582237,82996
54,132971379,82996
54,133364657,82996
54,133743945,82995
54,134136006,82995
55,716936,582969
55,1120623,582493
55,1518132,581952
55,1892088,581367
55,2338363,580483
55,2724967,579450
55,3117568,578362
55,3474882,576994
55,3868493,575612
55,4243186,573858
55,4661187,571872
55,5055401,569983
55,5432813,567635
55,5831152,565080
55,6245716,562272
55,6663431,559276
55,7058858,556165
55,7455764,552868
55,7869442,549769
55,8243880,545996
55,8661448,542001
55,9055555,538454
55,9413054,534734
55,9807999,530199
55,10186199,526046
55,10583862,521262
55,10973783,516249
55,11372892,510858
55,11766308,506132
55,12159169,500569
55,12534971,494583
55,12932175,489385
55,13334097,483254
55,13749427,476675
55,14148119,470240
55,14539653,463339
55,14954082,456303
55,15359083,449245
55,15765020,442557
55,16117925,436110
55,16473128,429275
55,16848859,421323
55,17243278,414275
55,17622616,405923
55,18017912,397436
55,18415367,389805
55,18786059,380922
55,19204209,371845
55,19601477,363683
55,19974012,354244
55,20372048,344530
55,20766553,335962
55,21163370,325884
55,21559951,316554
55,21952259,307709
55,22372521,298236
55,22784888,290450
55,23159456,281607
55,23557358,272802
55,23953922,264187
55,24355115,256976
55,24763895,248678
55,25160561,240776
55,25558368,232786
55,25951127,226171
55,26324311,218547
55,26722334,212222
55,27097654,205016
55,27504330,198136
55,27893530,192316
55,28262335,185638
55,28666464,180273
55,29057554,173967
55,29437596,168783
55,29827165,163172
55,30224089,157361
55,30622438,152182
55,31016777,147663
55,31392139,142381
55,31786860,138288
55,32181713,133647
55,32562868,128971
55,32999302,124721
55,33376870,121225
55,33745023,117274
55,34137432,113973
55,34515488,110459
55,34910336,107644
55,35263306,104607
55,35685379,101700
55,36081470,99027
55,36495911,96836
55,36869698,94528
55,37264892,92482
55,37683591,90618
55,38081464,88944
55,38494517,87640
55,38889285,86305
55,39241907,85325
55,39623784,84483
55,40017190,83692
55,40392353,83128
55,40787696,82804
55,41163294,82619
55,41581299,82628
55,41974848,82584
55,42354998,82374
55,42744735,82338
55,43142135,82211
55,43518223,82120
55,43911732,82063
55,44297203,81983
55,44681678,82007
55,45056426,82026
55,45415881,82087
55,45809148,82129
55,46179760,82159
55,46539022,82201
55,46953050,82250
55,47354981,82291
55,47744210,82333
55,48116670,82354
55,48473899,82376
55,48847132,82397
55,49252113,82419
55,49620543,82446
55,50013792,82471
55,50383072,82491
55,50744220,82514
55,51139157,82534
55,51519104,82561
55,51913414,82591
55,52330734,82623
55,52749796,82648
55,53141242,82672
55,53561611,82692
55,53956350,82709
55,54358120,82722
55,54744362,82737
55,55138382,82747
55,55496441,82758
55,55889582,82765
55,56263050,82776
55,56664913,82786
55,57034900,82794
55,57433668,82804
55,57811492,82811
55,58205734,82817
55,58619561,82824
55,59016646,82831
55,59390299,82840
55,59805819,82848
55,60161360,82854
55,60558308,82862
55,60935667,82868
55,61343020,82875
55,61705798,82888
55,62099465,82899
55,62497081,82906
55,62870122,82916
55,63267084,82919
55,63664237,82924
55,64057333,82926
55,64457697,82927
55,64868987,82931
55,65267516,82932
55,65685096,82939
55,66083407,82944
55,66477087,82953
55,66869760,82966
55,67267112,82987
55,67640076,83018
55,68034507,83053
55,68394786,83094
55,68764203,83144
55,69159090,83182
55,69516792,83216
55,69890782,83251
55,70283573,83269
55,70661070,83282
55,71054472,83284
55,71412179,83283
55,71783611,83272
55,72137230,83257
55,72499362,83236
55,72890740,83217
55,73263078,83193
55,73677476,83172
55,74084342,83151
55,74497281,83135
55,74891382,83120
55,75264824,83109
55,75683402,83102
55,76080743,83095
55,76475208,83091
55,76856649,83086
55,77243464,83086
55,77619917,83082
55,78014798,83081
55,78393426,83081
55,78786141,83079
55,79159807,83076
55,79558028,83075
55,79951858,83072
55,80354680,83070
55,80744479,83065
55,81138540,83063
55,81493582,83058
55,81867324,83057
55,82220880,83053
55,82596963,83048
55,82993191,83045
55,83362790,83044
55,83724354,83039
55,84118272,83039
55,84476160,83035
55,84870340,83033
55,85246956,83032
55,85683509,83030
55,86056084,83026
55,86453683,83026
55,86847744,83025
55,87242512,83023
55,87597191,83020
55,87991516,83020
55,88372463,83020
55,88766004,83017
55,89160316,83015
55,89538615,83016
55,89910854,83015
55,90316493,83012
55,90701970,83012
55,91095469,83012
55,91507296,83011
55,91891022,83010
55,92263564,83009
55,92660352,83008
55,93029961,83008
55,93391976,83006
55,93784837,83006
55,94164581,83005
55,94558813,83005
55,94951153,83004
55,95342154,83004
55,95700196,83004
55,96057835,83004
55,96460408,83004
55,96827917,83005
55,97221940,83005
55,97601336,83005
55,97993629,83005
55,98400646,83005
55,98769094,83005
55,99157226,83004
55,99516250,83004
55,99891538,83004
55,100283391,83003
55,100660128,83002
55,101012806,83002
55,101378008,83002
55,101766303,83002
55,102136849,83001
55,102492142,83001
55,102846197,83001
55,103219795,83001
55,103617495,83001
55,103970213,83001
55,104351514,83001
55,104741243,83001
55,105095453,83001
55,105475797,83001
55,105868261,83001
55,106243246,83001
55,106600031,83001
55,106993640,83001
55,107371121,83000
55,107763263,83000
55,108117299,83000
55,108495041,82999
55,108888131,82999
55,109266662,83000
55,109660477,83000
55,110055280,83000
55,110435009,83002
55,110832216,83002
55,111221341,83001
55,111600424,83001
55,111973438,83001
55,112371870,83001
55,112763966,83001
55,113137773,83001
55,113495137,83001
55,113868112,83000
55,114220510,83000
55,114598890,82998
55,114993061,82998
55,115392495,82999
55,115763969,82999
55,116162950,82999
55,116563639,82999
55,116958618,82999
55,117351078,82999
55,117766001,82998
55,118158792,82998
55,118518021,82997
55,118890263,82997
55,119283319,82998
55,119683819,82997
56,723446,582969
56,1118028,582575
56,1489448,581938
56,1890283,581447
56,2260274,580729
56,2612831,579855
56,3013397,578670
56,3386059,577527
56,3764487,576035
56,4156732,574546
56,4509479,572936
56,4865877,571113
56,5238694,568859
56,5632995,566737
56,6015710,564125
56,6412089,561246
56,6805925,558188
56,7202531,555424
56,7578694,552494
56,7953519,548883
56,8347813,545044
56,8764507,541009
56,9161320,537428
56,9550626,533059
56,9929495,529016
56,10284018,524831
56,10654830,520015
56,11051538,515557
56,11404272,510823
56,11781322,506092
56,12134231,501238
56,12508196,496072
56,12892113,490082
56,13264454,484014
56,13679499,477459
56,14077048,471833
56,14475985,465085
56,14867179,457962
56,15258385,451931
56,15612496,445348
56,15992766,437880
56,16384865,431239
56,16775376,423232
56,17158301,416339
56,17512373,409024
56,17866641,401742
56,18240591,393066
56,18634470,385454
56,18989672,377491
56,19367292,368412
56,19765380,358942
56,20179989,349387
56,20575583,340855
56,20953385,330877
56,21349812,321104
56,21765145,312160
56,22158271,304236
56,22533120,295958
56,22889913,287191
56,23303717,279418
56,23654138,270605
56,24075489,263173
56,24425604,255952
56,24783753,247701
56,25177807,240797
56,25563065,232813
56,25953298,226210
56,26320942,219520
56,26675889,212246
56,27095413,205932
56,27450836,198965
56,27868792,192322
56,28259282,186439
56,28612969,181031
56,28989327,174751
56,29367160,169467
56,29763758,163871
56,30163826,158031
56,30565251,153392
56,30933496,148303
56,31325008,143645
56,31707159,138835
56,32077937,134836
56,32450723,130697
56,32825748,126278
56,33219912,122738
56,33591939,119277
56,33955962,115409
56,34349745,111793
56,34763760,108468
56,35157212,105775
56,35509134,103165
56,35887922,100385
56,36285229,98094
56,36655150,95672
56,37054548,93762
56,37427147,92010
56,37802534,90416
56,38155228,88957
56,38508727,87651
56,38869063,86315
56,39263541,85329
56,39659298,84375
56,40056745,83609
56,40451503,83071
56,40868382,82734
56,41258983,82599
56,41634576,82611
56,41992438,82536
56,42385953,82357
56,42765775,82323
56,43159019,82179
56,43554818,82113
56,43932927,82040
56,44347627,81981
56,44744613,82008
56,45114521,82040
56,45508447,82102
56,45868137,82137
56,46261394,82171
56,46633216,82209
56,46989937,82251
56,47362049,82298
56,47760022,82336
56,48113099,82361
56,48487174,82388
56,48865496,82416
56,49259785,82441
56,49612688,82465
56,50004114,82490
56,50386829,82504
56,50763116,82523
56,51156302,82539
56,51507617,82557
56,51865403,82575
56,52238417,82594
56,52612795,82611
56,52994992,82630
56,53390046,82646
56,53764366,82659
56,54180534,82673
56,54585552,82690
56,54994210,82706
56,55386150,82719
56,55761961,82737
56,56116710,82754
56,56509321,82765
56,56890035,82779
56,57283909,82789
56,57656080,82800
56,58053913,82810
56,58405946,82819
56,58760990,82828
56,59133562,82836
56,59489121,82842
56,59865537,82849
56,60259414,82854
56,60613601,82859
56,60994661,82866
56,61389035,82874
56,61784378,82883
56,62157755,82892
56,62512897,82901
56,62869733,82909
56,63259331,82916
56,63633710,82921
56,63988616,82925
56,64365912,82929
56,64765140,82934
56,65158151,82937
56,65532665,82942
56,65889123,82945
56,66261524,82950
56,66616708,82957
56,66995202,82967
56,67362579,82983
56,67747687,83017
56,68138401,83057
56,68512562,83103
56,68867353,83151
56,69261638,83191
56,69616156,83225
56,69994012,83258
56,70384217,83277
56,70763021,83288
56,71158515,83291
56,71512364,83287
56,71889962,83272
56,72284415,83255
56,72658273,83234
56,73055697,83212
56,73424889,83193
56,73781386,83173
56,74147885,83153
56,74556975,83136
56,74952288,83123
56,75325217,83113
56,75677955,83103
56,76074749,83098
56,76425001,83094
56,76805723,83092
56,77201958,83089
56,77575689,83086
56,77976817,83085
56,78386506,83083
56,78772076,83081
56,79160754,83080
56,79551573,83077
56,79908641,83076
56,80279896,83072
56,80654845,83069
56,81052165,83066
56,81404737,83062
56,81876882,83058
56,82383481,83052
56,82883814,83049
56,83329651,83045
56,83731019,83043
56,84214283,83038
56,84754015,83035
56,85277302,83031
56,85802339,83031
56,86248489,83028
56,86755549,83027
56,87275225,83024
56,87743735,83024
56,88125445,83021
56,88610199,83021
56,89132082,83019
56,89661567,83017
56,90244209,83017
56,90660761,83015
56,91174008,83013
56,91729128,83013
56,92183237,83012
56,92562098,83012
56,93028640,83010
56,93527894,83010
56,94049498,83009
56,94567798,83008
56,95088691,83008
56,95589860,83007
56,96037361,83007
56,96415863,83006
56,96899474,83005
56,97426114,83004
56,97923808,83004
56,98443172,83005
56,98968164,83004
56,99388016,83004
56,99793778,83004
56,100162078,83004
56,100553710,83003
56,100916920,83003
56,101312146,83003
56,101676822,83002
56,102079328,83002
56,102483696,83002
56,102869535,83002
56,103260765,83003
56,103614077,83004
56,103989631,83004
56,104370548,83004
56,104778911,83003
56,105156920,83003
56,105510745,83002
56,105866230,83001
56,106240874,83001
56,106615760,83001
56,107023974,83001
56,107406321,83000
56,107764263,83000
56,108156820,83000
56,108553470,82998
56,108908232,82998
56,109261833,82999
56,109615745,82999
56,109988569,82999
56,110383298,82999
56,110741839,82999
56,111113411,82999
56,111508639,82999
56,111866652,83000
56,112259898,83000
56,112633280,83000
56,112988467,83000
56,113361013,83000
56,113760026,82999
56,114112080,82999
56,114486847,82999
56,114884680,82998
56,115236903,82998
56,115611142,82997
56,116016416,82997
56,116383730,82996
56,116746959,82996
56,117137843,82997
56,117515128,82997
56,117911602,82997
56,118282617,82997
56,118635445,82997
56,118990288,82997
57,713801,582985
57,1108759,582655
57,1471740,582081
57,1826888,581602
57,2206309,580844
57,2597824,579988
57,2947417,578969
57,3327439,577854
57,3679872,576624
57,4053165,574971
57,4450456,573412
57,4803542,571643
57,5179418,569734
57,5572717,567370
57,5928635,565138
57,6282909,562703
57,6656687,560114
57,7011954,557411
57,7371509,554192
57,7764008,551164
57,8142346,547468
57,8537274,544043
57,8912152,540501
57,9267315,536376
57,9661791,532505
57,10038019,527845
57,10431591,523655
57,10806929,519425
57,11159867,514913
57,11516319,509483
57,11943641,504065
57,12340395,499060
57,12709109,493042
57,13109330,487091
57,13518655,480756
57,13906805,475001
57,14286291,469363
57,14637943,463266
57,14989545,457102
57,15368115,450101
57,15786861,442474
57,16184970,435122
57,16573493,428194
57,16948718,421259
57,17306354,414240
57,17657343,406915
57,18011141,399598
57,18371646,390892
57,18762455,383205
57,19139290,375242
57,19491914,367248
57,19865493,357766
57,20247413,349401
57,20623418,340856
57,20994938,330876
57,21392500,321096
57,21786815,313239
57,22163853,304236
57,22554733,295945
57,22911253,288279
57,23289419,279400
57,23704355,271692
57,24057602,263139
57,24455355,255917
57,24826221,248667
57,25187648,240775
57,25576319,233761
57,25950208,227145
57,26307762,219519
57,26702590,213128
57,27085625,205947
57,27476089,198987
57,27887760,193194
57,28264014,187287
57,28615191,181820
57,29011988,175593
57,29394168,169504
57,29798973,164618
57,30165430,158790
57,30558117,154060
57,30911239,149642
57,31287134,144356
57,31681980,140027
57,32054578,135454
57,32455325,130705
57,32849853,126278
57,33269073,122718
57,33662977,118747
57,34057910,114899
57,34452952,111742
57,34803628,108821
57,35163836,106113
57,35555059,103122
57,35918529,100664
57,36313107,98049
57,36702235,95929
57,37055255,93731
57,37472736,91993
57,37844795,90409
57,38206870,88765
57,38578960,87489
57,38949707,86332
57,39306251,85358
57,39678920,84516
57,40053484,83730
57,40457468,83170
57,40833504,82847
57,41204912,82682
57,41579111,82668
57,41979676,82639
57,42372941,82443
57,42764393,82393
57,43142627,82280
57,43516722,82181
57,43869488,82136
57,44246232,82026
57,44640221,82020
57,44994262,82028
57,45370313,82072
57,45763005,82124
57,46121997,82161
57,46515379,82193
57,46891638,82238
57,47288649,82277
57,47661849,82321
57,48011264,82355
57,48369532,82379
57,48742388,82403
57,49141638,82423
57,49534400,82439
57,49908160,82456
57,50263299,82473
57,50615888,82485
57,50991439,82499
57,51393412,82511
57,51765872,82523
57,52120718,82539
57,52516275,82550
57,52887993,82563
57,53246868,82583
57,53638849,82603
57,54000658,82623
57,54370321,82644
57,54762005,82665
57,55121884,82684
57,55491012,82706
57,55865040,82725
57,56264011,82743
57,56616143,82760
57,56991272,82779
57,57394624,82795
57,57787443,82812
57,58162873,82829
57,58555947,82842
57,58929051,82854
57,59287073,82868
57,59680044,82879
57,60071736,82890
57,60453499,82899
57,60804529,82905
57,61181594,82915
57,61555535,82920
57,61927483,82926
57,62308903,82929
57,62711864,82933
57,63095246,82934
57,63494800,82934
57,63887521,82934
57,64264508,82934
57,64617549,82934
57,65011055,82934
57,65373808,82933
57,65767439,82933
57,66165023,82935
57,66559238,82939
57,66954258,82942
57,67352067,82944
57,67744431,82949
57,68143110,82955
57,68558857,82960
57,68953387,82971
57,69334658,82996
57,69729172,83037
57,70125120,83079
57,70493965,83121
57,70868680,83167
57,71266499,83207
57,71660156,83237
57,72035343,83260
57,72432720,83273
57,72788246,83278
57,73163651,83275
57,73556442,83264
57,73912546,83248
57,74286865,83230
57,74681531,83209
57,75057785,83186
57,75455973,83168
57,75830615,83148
57,76231802,83132
57,76599849,83117
57,76996887,83106
57,77392076,83098
57,77766716,83092
57,78175981,83088
57,78560405,83085
57,78953823,83084
57,79351937,83082
57,79766508,83079
57,80164313,83079
57,80536587,83078
57,80888826,83076
57,81246030,83074
57,81639530,83072
57,82013365,83069
57,82368322,83065
57,82744337,83061
57,83139855,83058
57,83493287,83055
57,83865995,83051
57,84269621,83048
57,84672858,83045
57,85059333,83042
57,85456807,83038
57,85854332,83036
57,86267645,83033
57,86660443,83033
57,87034933,83031
57,87434205,83028
57,87805064,83028
57,88163373,83026
57,88555737,83024
57,88928642,83022
57,89290988,83022
57,89684540,83021
57,90056349,83020
57,90455614,83019
57,90831425,83017
57,91228200,83015
57,91638729,83015
57,91992877,83013
57,92369789,83014
57,92765055,83012
57,93125396,83012
57,93494122,83012
57,93889197,83012
57,94266357,83012
57,94659357,83012
57,95013593,83010
57,95373035,83010
57,95764651,83009
57,96144103,83008
57,96516898,83008
57,96912118,83007
57,97309286,83007
57,97682862,83007
57,98055639,83007
57,98455529,83006
57,98853133,83006
57,99265719,83004
57,99658858,83004
57,100036186,83005
57,100433500,83005
57,100804812,83005
57,101165530,83004
57,101558133,83004
57,101930350,83004
57,102299026,83003
57,102661895,83003
57,103056594,83003
57,103455213,83002
57,103824393,83002
57,104181535,83002
57,104535944,83002
57,104887623,83002
57,105264377,83002
57,105617695,83002
57,105991411,83001
57,106399303,83001
57,106787117,83000
57,107161533,83000
57,107518321,82999
57,107910154,82999
57,108287702,82999
57,108681129,82999
57,109075566,82999
57,109457511,82999
57,109832932,82999
57,110230078,82999
57,110641157,82999
57,111035105,82999
57,111432396,82999
57,111805374,82999
57,112162636,82999
57,112556766,82999
57,112929796,82998
57,113287442,82998
57,113660136,82998
57,114013367,82998
57,114369005,82998
57,114763316,82996
57,115124636,82996
57,115490581,82997
57,115867119,82998
57,116264156,82996
57,116616798,82996
57,116991696,82997
57,117393288,82997
57,117785768,82997
57,118163538,82996
58,735641,582985
58,1101412,582577
58,1473825,582016
58,1878590,581452
58,2269625,580628
58,2679510,579718
58,3036922,578497
58,3451116,577184
58,3844386,575609
58,4266523,573863
58,4677819,572150
58,5034348,569991
58,5451312,567649
58,5844492,565103
58,6265941,562295
58,6656750,559685
58,7056094,556582
58,7452765,553318
58,7845453,549780
58,8264569,546004
58,8658224,542513
58,9035908,538465
58,9429994,534188
58,9844928,529619
58,10263555,525458
58,10616658,521274
58,10977655,516260
58,11388958,510867
58,11783645,506138
58,12159487,500571
58,12555639,494572
58,12973375,488629
58,13366497,483228
58,13742285,477457
58,14097083,471012
58,14492045,465075
58,14882302,457950
58,15276134,451014
58,15681905,443414
58,16099367,436043
58,16492185,428176
58,16905440,420278
58,17303564,413169
58,17677672,405844
58,18056125,397390
58,18448837,389768
58,18802520,382032
58,19160429,372964
58,19575398,364865
58,19934038,355434
58,20347673,345741
58,20744531,335968
58,21142080,327151
58,21534733,317703
58,21932576,308880
58,22326570,300666
58,22699348,292661
58,23056135,283912
58,23449345,276146
58,23827599,267401
58,24245482,259095
58,24615358,251767
58,24995147,243786
58,25395237,236774
58,25781909,229038
58,26162283,222419
58,26555016,214928
58,26951182,207785
58,27347299,201501
58,27740595,194817
58,28098096,188908
58,28493214,182546
58,28903729,177137
58,29283173,170902
58,29657615,165966
58,30038088,160215
58,30433002,154658
58,30830324,150242
58,31223862,144978
58,31597867,140010
58,32004562,136012
58,32371081,131272
58,32761717,127338
58,33124941,123712
58,33511470,120227
58,33877186,116320
58,34267967,112627
58,34658255,109627
58,35036861,106490
58,35451968,103488
58,35845925,100661
58,36244533,98357
58,36615343,96216
58,36975529,94242
58,37367216,92223
58,37741716,90609
58,38097501,89137
58,38470777,87808
58,38825469,86451
58,39221645,85448
58,39595650,84593
58,39962261,83781
58,40367424,83258
58,40719591,82897
58,41082283,82668
58,41495478,82635
58,41903188,82658
58,42264075,82440
58,42659556,82376
58,43058793,82279
58,43451363,82157
58,43846325,82104
58,44243381,82009
58,44635939,82022
58,45020404,82039
58,45387813,82095
58,45784143,82147
58,46183092,82180
58,46577292,82221
58,46974903,82273
58,47367611,82325
58,47765285,82373
58,48158724,82411
58,48553260,82439
58,48915486,82462
58,49305269,82485
58,49677753,82503
58,50033970,82525
58,50429064,82539
58,50804326,82553
58,51158177,82573
58,51533089,82589
58,51946439,82609
58,52328118,82625
58,52702716,82641
58,53099200,82656
58,53472512,82673
58,53879475,82686
58,54248096,82698
58,54640742,82708
58,55054200,82714
58,55407311,82723
58,55782622,82734
58,56183460,82745
58,56604463,82760
58,56998157,82775
58,57392708,82787
58,57784182,82801
58,58158890,82812
58,58555464,82822
58,58952520,82834
58,59345315,82841
58,59698882,82851
58,60054183,82860
58,60428391,82870
58,60782531,82880
58,61160540,82890
58,61554367,82899
58,61950779,82906
58,62323596,82911
58,62678259,82915
58,63039303,82915
58,63428873,82919
58,63802874,82921
58,64161707,82922
58,64565941,82924
58,64933899,82926
58,65326176,82930
58,65698699,82934
58,66056873,82938
58,66447985,82942
58,66826612,82942
58,67222290,82944
58,67596504,82947
58,67995554,82950
58,68373870,82955
58,68766030,82959
58,69182962,82967
58,69577365,82980
58,69974135,83007
58,70368540,83045
58,70764896,83090
58,71179507,83136
58,71575001,83172
58,71949848,83202
58,72303339,83231
58,72655390,83248
58,73055107,83260
58,73452374,83265
58,73826185,83262
58,74225531,83249
58,74597346,83236
58,74971955,83214
58,75366841,83196
58,75721196,83177
58,76096676,83158
58,76493749,83141
58,76880647,83125
58,77263677,83112
58,77680876,83102
58,78076817,83096
58,78473201,83090
58,78877140,83086
58,79266192,83085
58,79679584,83081
58,80078828,83080
58,80472531,83079
58,80887463,83078
58,81284131,83076
58,81656112,83075
58,82034500,83071
58,82449606,83068
58,82803973,83066
58,83157659,83063
58,83532096,83058
58,83930131,83057
58,84282569,83053
58,84655422,83048
58,85057705,83047
58,85469801,83042
58,85822978,83040
58,86224589,83039
58,86598673,83035
58,86995476,83033
58,87371792,83032
58,87767568,83029
58,88181715,83028
58,88572936,83026
58,88950570,83025
58,89360693,83024
58,89723705,83021
58,90120634,83021
58,90497795,83020
58,90909625,83019
58,91285807,83017
58,91656509,83016
58,92034873,83015
58,92429575,83015
58,92781106,83013
58,93158202,83013
58,93554709,83013
58,93914084,83012
58,94304127,83011
58,94677535,83011
58,95034076,83011
58,95429409,83011
58,95801851,83010
58,96162918,83010
58,96556729,83010
58,96952424,83009
58,97345439,83009
58,97699475,83009
58,98055223,83009
58,98449870,83007
58,98824367,83007
58,99224475,83005
58,99595680,83004
58,99950263,83004
58,100344525,83004
58,100719899,83003
58,101077709,83003
58,101472776,83003
58,101880861,83003
58,102248376,83003
58,102614943,83003
58,102975203,83002
58,103367742,83002
58,103744247,83003
58,104143764,83002
58,104554826,83001
58,104930022,83001
58,105334240,83001
58,105741459,83001
58,106098635,83001
58,106491132,83001
58,106878040,83001
58,107270250,83001
58,107680166,83000
58,108079637,83000
58,108471055,83000
58,108823313,83000
58,109222078,83000
58,109615743,83000
58,109993034,82999
58,110390846,82999
58,110802890,82999
58,111162194,82999
58,111555636,83000
58,111936049,83000
58,112326974,83000
58,112698223,83000
58,113057983,83001
58,113439285,83001
58,113824836,83001
58,114244303,83000
58,114640923,83000
58,115054266,82999
58,115449705,82999
58,115802351,82999
58,116179602,82998
58,116578008,82998
58,116973130,82998
58,117367768,82998
58,117767881,82998
58,118180148,82998
58,118574012,82998
58,118953416,82998
58,119368527,82998
58,119769937,82998
58,120181996,82997
59,718399,582969
59,1124402,582489
59,1538656,581865
59,1954647,581249
59,2351105,580355
59,2766800,579251
59,3165395,578160
59,3556571,576798
59,3930488,575371
59,4290263,573838
59,4662012,572124
59,5013652,569969
59,5414464,567931
59,5784932,565729
59,6140809,562988
59,6556374,560424
59,6910324,557736
59,7266209,554952
59,7618989,552010
59,7972887,548842
59,8352666,545006
59,8746307,540978
59,9165151,536875
59,9558780,533042
59,9936975,528422
59,10335653,523634
59,10743804,519408
59,11106177,514235
59,11515165,509485
59,11869948,504759
59,12225377,499821
59,12620814,493817
59,13015603,487882
59,13418420,481613
59,13806721,475849
59,14184976,469399
59,14583517,462409
59,14992922,456293
59,15349679,449227
59,15745561,442539
59,16105144,436107
59,16494454,429270
59,16847981,421327
59,17244694,414296
59,17597217,406982
59,17985458,398562
59,18370762,389846
59,18765255,382103
59,19143389,373007
59,19559886,363718
59,19976392,354263
59,20373829,344542
59,20788576,334693
59,21186813,325886
59,21561642,316558
59,21956757,307720
59,22372086,298248
59,22766372,290461
59,23143903,281633
59,23537454,273902
59,23911490,266300
59,24268891,258023
59,24681845,250712
59,25035228,242787
59,25434034,235758
59,25826166,228121
59,26204096,220519
59,26619056,214046
59,26970904,207816
59,27349106,200663
59,27743182,194833
59,28103566,188092
59,28494320,182557
59,28867583,177151
59,29222752,171656
59,29598496,165972
59,29992045,160949
59,30356255,155301
59,30747353,150881
59,31122467,145636
59,31537717,140601
59,31954609,136031
59,32351036,131300
59,32765489,127369
59,33134527,123226
59,33519422,119744
59,33891254,115860
59,34288514,112642
59,34663893,109231
59,35067502,106117
59,35459793,103493
59,35847944,100667
59,36245355,98043
59,36643242,95905
59,37015530,93699
59,37410753,91951
59,37786524,90352
59,38161647,88698
59,38556249,87413
59,38911099,86253
59,39265667,85280
59,39617336,84441
59,39971887,83744
59,40350267,83169
59,40742566,82826
59,41116909,82642
59,41477439,82610
59,41871387,82619
59,42268489,82428
59,42674120,82371
59,43073772,82253
59,43454923,82161
59,43868787,82111
59,44224541,82013
59,44618580,82020
59,44996060,82032
59,45393706,82079
59,45768057,82129
59,46186866,82158
59,46583370,82196
59,46995860,82236
59,47412614,82283
59,47806871,82322
59,48164260,82355
59,48556726,82390
59,48930643,82423
59,49287989,82453
59,49660920,82482
59,50013677,82511
59,50413892,82532
59,50785470,82548
59,51141345,82565
59,51494560,82581
59,51846419,82597
59,52228368,82619
59,52620402,82635
59,52972034,82653
59,53349095,82670
59,53765777,82683
59,54120261,82699
59,54516268,82715
59,54867745,82728
59,55223812,82743
59,55597787,82754
59,55971232,82768
59,56372710,82779
59,56768822,82789
59,57173256,82799
59,57538541,82808
59,57934958,82817
59,58309327,82822
59,58707618,82828
59,59105068,82836
59,59495692,82843
59,59889072,82852
59,60246688,82861
59,60617878,82871
59,60972687,82879
59,61349098,82889
59,61723352,82898
59,62105230,82908
59,62493137,82915
59,62868113,82917
59,63225849,82923
59,63621568,82926
59,63994254,82929
59,64352069,82936
59,64746397,82938
59,65122808,82944
59,65517348,82948
59,65889621,82952
59,66268509,82958
59,66662266,82965
59,67027177,82974
59,67413710,82986
59,67785696,83001
59,68144569,83023
59,68558607,83052
59,68950327,83084
59,69313938,83116
59,69686880,83153
59,70091325,83184
59,70452718,83209
59,70804451,83228
59,71161787,83243
59,71557768,83248
59,71930036,83248
59,72288035,83240
59,72701950,83229
59,73071301,83212
59,73452606,83195
59,73809507,83178
59,74188181,83159
59,74579693,83139
59,74995322,83126
59,75371740,83112
59,75767449,83102
59,76163653,83094
59,76557298,83087
59,76929585,83083
59,77309345,83079
59,77707547,83077
59,78123142,83076
59,78516704,83076
59,78892183,83073
59,79288492,83072
59,79663356,83069
59,80068384,83068
59,80457221,83066
59,80827114,83061
59,81196267,83060
59,81555714,83056
59,81910633,83053
59,82265577,83049
59,82659624,83047
59,83035720,83043
59,83452240,83039
59,83808356,83037
59,84204327,83034
59,84618677,83031
59,84971482,83031
59,85351749,83028
59,85744176,83027
59,86106201,83026
59,86475615,83023
59,86880387,83023
59,87267621,83021
59,87660423,83020
59,88014133,83019
59,88411405,83017
59,88763624,83017
59,89122663,83015
59,89492904,83014
59,89878469,83012
59,90269650,83012
59,90659691,83012
59,91022837,83009
59,91436182,83009
59,91827952,83009
59,92203404,83009
59,92575985,83007
59,92929885,83007
59,93288137,83007
59,93682167,83006
59,94033922,83004
59,94411174,83004
59,94764514,83004
59,95120920,83004
59,95514274,83004
59,95888143,83004
59,96248583,83002
59,96643136,83002
59,97017232,83002
59,97413219,83002
59,97787103,83002
59,98184930,83002
59,98576737,83001
59,98955267,83000
59,99370858,83000
59,99766613,83001
59,100164336,83001
59,100557002,83001
59,100909854,83001
59,101266415,83001
59,101619211,83001
59,101971919,83001
59,102348725,83001
59,102744740,83000
59,103105118,83000
59,103472942,82999
59,103868332,82998
59,104229962,82998
59,104598107,82997
59,104972515,82996
59,105380796,82998
59,105765592,82998
59,106123836,82998
59,106492763,82997
59,106867129,82998
59,107245236,82998
59,107617764,82998
59,107972361,82998
59,108350833,82998
59,108746431,82997
59,109142964,82996
59,109515588,82997
59,109869538,82997
59,110226264,82996
59,110618443,82997
59,110993059,82997
59,111369289,82997
59,111723609,82997
59,112121608,82997
59,112513724,82996
59,112888718,82997
59,113248178,82996
59,113639649,82996
59,114013445,82996
59,114414265,82998
59,114785327,82995
59,115152003,82996
59,115537719,82996
59,115909729,82995
59,116266343,82995
59,116660367,82995
59,117033257,82995
59,117432676,82994
59,117805834,82993
59,118166172,82993
59,118561500,82993
59,118937713,82993
59,119335384,82993
59,119746592,82993
59,120142711,82993
60,711858,582986
60,1102190,582573
60,1515924,581934
60,1930431,581348
60,2337849,580616
60,2706776,579557
60,3094723,578334
60,3514246,577010
60,3930017,575399
60,4333992,573640
60,4767317,571632
60,5155600,569723
60,5512256,567359
60,5927656,565116
60,6281754,562309
60,6677905,559705
60,7051961,556993
60,7408674,553751
60,7802653,550693
60,8177119,546969
60,8578224,543011
60,9016341,538960
60,9413783,534718
60,9805826,530177
60,10222042,525430
60,10638999,520635
60,11033556,515565
60,11451391,510144
60,11850133,504737
60,12259797,499796
60,12638025,493792
60,13030492,488598
60,13388276,482387
60,13804250,475821
60,14219230,470190
60,14581157,463282
60,14969799,456270
60,15389413,449197
60,15806481,441582
60,16199201,435156
60,16577576,427226
60,16975814,419361
60,17387168,411124
60,17802995,403856
60,18155841,396357
60,18511713,387667
60,18928138,379797
60,19280661,370728
60,19678861,362504
60,20066606,353062
60,20525512,340874
60,21046550,328386
60,21574674,316555
60,22068589,305404
60,22611880,293694
60,23108704,282721
60,23632852,271688
60,24076901,263146
60,24463138,254855
60,24964430,244720
60,25464107,234739
60,26012721,224331
60,26551485,214916
60,27050917,205951
60,27568132,197321
60,28088529,188959
60,28607487,181122
60,29034361,174894
60,29505037,167589
60,29951057,161948
60,30376783,156295
60,30845535,149907
60,31377063,143286
60,31880919,137301
60,32392627,131341
60,32900597,125750
60,33429744,120210
60,33875378,116290
60,34293216,112586
60,34704427,109181
60,35085981,106443
60,35452205,103807
60,35861745,100949
60,36243778,98312
60,36641718,95865
60,37055209,93668
60,37450292,91687
60,37891065,89908
60,38281171,88302
60,38681168,87055
60,39073911,85802
60,39451836,84766
60,39843346,83994
60,40221686,83328
60,40635800,82920
60,40990312,82672
60,41370285,82569
60,41742353,82623
60,42120873,82481
60,42516724,82355
60,42886431,82306
60,43281740,82178
60,43678756,82131
60,44051383,82052
60,44408397,81997
60,44780816,82010
60,45135209,82026
60,45492214,82083
60,45907405,82126
60,46302991,82141
60,46680571,82170
60,47074624,82199
60,47456186,82239
60,47862032,82279
60,48244484,82307
60,48637208,82332
60,49009985,82356
60,49390974,82385
60,49783474,82413
60,50157627,82444
60,50554533,82468
60,50949849,82495
60,51353766,82519
60,51739429,82542
60,52116535,82569
60,52491610,82588
60,52865925,82614
60,53258841,82631
60,53637582,82655
60,54032948,82669
60,54411943,82689
60,54805023,82705
60,55180415,82723
60,55576933,82737
60,55972958,82746
60,56373580,82756
60,56763014,82767
60,57158482,82778
60,57552672,82793
60,57947531,82807
60,58304155,82819
60,58701003,82829
60,59099229,82836
60,59491322,82843
60,59865819,82852
60,60239310,82861
60,60626651,82871
60,60990095,82879
60,61373498,82893
60,61783846,82902
60,62176383,82913
60,62553726,82924
60,62948704,82930
60,63359527,82935
60,63721138,82940
60,64136624,82944
60,64534574,82945
60,64907430,82947
60,65303502,82948
60,65704369,82951
60,66076264,82955
60,66475268,82959
60,66884260,82963
60,67237243,82965
60,67615081,82970
60,68009675,82973
60,68377148,82975
60,68742243,82981
60,69136646,82984
60,69513579,82995
60,69908664,83010
60,70282039,83034
60,70681870,83069
60,71074664,83103
60,71454750,83147
60,71843564,83180
60,72227087,83215
60,72616230,83241
60,72990187,83259
60,73385822,83268
60,73759611,83274
60,74114089,83271
60,74488500,83261
60,74885322,83248
60,75237925,83231
60,75618484,83209
60,76013637,83188
60,76409741,83170
60,76782342,83150
60,77179271,83136
60,77554633,83122
60,77946348,83112
60,78301964,83104
60,78701781,83098
60,79078710,83094
60,79454384,83091
60,79843373,83088
60,80198007,83086
60,80573786,83086
60,80973197,83081
60,81387519,83080
60,81782221,83079
60,82154609,83077
60,82513725,83073
60,82905613,83071
60,83260350,83068
60,83656885,83064
60,84050657,83060
60,84407050,83057
60,84800224,83055
60,85164578,83050
60,85553978,83047
60,85947630,83044
60,86300390,83041
60,86707965,83039
60,87095017,83036
60,87492819,83034
60,87886365,83033
60,88281591,83030
60,88658009,83029
60,89052386,83028
60,89449310,83026
60,89827950,83025
60,90202220,83023
60,90600974,83022
60,91010294,83020
60,91407720,83020
60,91780233,83018
60,92134615,83017
60,92491669,83016
60,92884344,83013
60,93259213,83013
60,93615787,83013
60,93993198,83013
60,94390473,83012
60,94781741,83012
60,95156217,83010
60,95512380,83010
60,95908205,83009
60,96281535,83009
60,96689464,83007
60,97054893,83007
60,97451692,83006
60,97842740,83005
60,98217552,83005
60,98576466,83005
60,98954932,83005
60,99359605,83005
60,99720274,83004
60,100115940,83004
60,100491336,83004
60,100883895,83003
60,101239550,83003
60,101616770,83002
60,102011258,83002
60,102388355,83002
60,102779138,83002
60,103155344,83001
60,103512458,83001
60,103904848,83001
60,104280615,83001
60,104680234,83001
60,105074205,83001
60,105449394,83001
60,105844178,83001
60,106260000,83001
60,106615879,83001
60,106987793,83001
60,107390425,83001
60,107758719,83001
60,108115303,83000
60,108513929,82999
60,108886099,82999
60,109239911,82999
60,109668465,82999
60,110052430,82999
60,110409570,82998
60,110784052,82998
60,111178664,82998
60,111576658,82999
60,111953500,82999
60,112357684,82999
60,112718389,82999
60,113070431,82999
60,113430545,82999
60,113804445,82999
60,114196810,82999
60,114554993,82998
60,114950334,82998
60,115352421,82998
60,115741064,82997
60,116155556,82997
60,116512362,82998
60,116906432,82997
60,117259127,82997
60,117635157,82997
60,118032308,82997
60,118407880,82997
60,118800864,82997
60,119155764,82997
60,119535214,82996
60,119951443,82996
61,735700,582985
61,1115360,582653
61,1493088,582005
61,1886815,581515
61,2264561,580720
61,2660022,579688
61,3074683,578636
61,3432778,577356
61,3824480,576020
61,4199160,574513
61,4558274,572645
61,4971031,570806
61,5336957,568537
61,5724165,566061
61,6137575,563710
61,6492895,561178
61,6867981,558130
61,7262900,555365
61,7616666,552449
61,7989231,548847
61,8402900,545506
61,8760935,541998
61,9116200,537939
61,9513794,534178
61,9888751,529623
61,10285274,525466
61,10660414,520678
61,11052929,516267
61,11412530,511566
61,11807180,506142
61,12197946,501294
61,12557945,495367
61,12952137,489394
61,13394300,483264
61,13760687,477503
61,14135429,471863
61,14493316,465120
61,14886493,458868
61,15259998,452836
61,15616195,445372
61,16010693,438816
61,16390488,431224
61,16781714,424196
61,17156548,417315
61,17511585,409988
61,17864613,402726
61,18238951,394078
61,18636702,386481
61,18988996,378589
61,19388214,369544
61,19764489,360133
61,20182760,350637
61,20577647,340886
61,20972490,332185
61,21370847,322291
61,21759213,314351
61,22116019,306571
61,22490769,297081
61,22886808,289361
61,23241187,281637
61,23618649,272902
61,24012268,265446
61,24372958,257387
61,24762366,250275
61,25117351,243552
61,25505383,236795
61,25866559,229369
61,26259942,222951
61,26615329,216524
61,26988686,209519
61,27387224,202238
61,27801939,196292
61,28155165,190252
61,28511519,184321
61,28865328,178725
61,29238963,172178
61,29640019,166131
61,30035467,160930
61,30412792,155001
61,30828116,149718
61,31225882,144308
61,31686222,139048
61,32076809,134555
61,32472613,129931
61,32867626,125417
61,33259261,121995
61,33635924,118639
61,33989718,115243
61,34368058,111641
61,34761518,108779
61,35114372,106077
61,35493931,103092
61,35891467,100314
61,36304008,97725
61,36710586,95346
61,37143322,93210
61,37534934,91264
61,37929542,89732
61,38302591,88132
61,38699194,86899
61,39072962,85806
61,39429209,84758
61,39821596,83974
61,40197169,83357
61,40553933,82914
61,40905899,82622
61,41260133,82481
61,41619395,82483
61,41991889,82455
61,42393441,82254
61,42784453,82226
61,43176101,82094
61,43556147,82026
61,43927305,81982
61,44281849,81897
61,44679481,81916
61,45053532,81934
61,45412420,81997
61,45803721,82050
61,46175824,82088
61,46536322,82135
61,46927451,82173
61,47301052,82212
61,47700535,82254
61,48072272,82275
61,48428899,82298
61,48781347,82317
61,49154994,82342
61,49519421,82374
61,49907128,82402
61,50403523,82439
61,50930038,82474
61,51455711,82516
61,51964166,82563
61,52470624,82607
61,52988629,82643
61,53510976,82667
61,53931043,82682
61,54353655,82693
61,54745799,82706
61,55239624,82720
61,55756160,82739
61,56181005,82751
61,56675564,82766
61,57192843,82777
61,57715716,82790
61,58218954,82804
61,58733103,82819
61,59180365,82833
61,59675989,82841
61,60124225,82844
61,60607061,82849
61,61034820,82851
61,61441134,82852
61,61809942,82855
61,62200959,82857
61,62584195,82866
61,62977807,82876
61,63388216,82881
61,63789120,82883
61,64160210,82887
61,64555191,82891
61,64930240,82900
61,65333916,82910
61,65741239,82918
61,66114778,82919
61,66515995,82917
61,66911414,82916
61,67283192,82916
61,67681494,82920
61,68077642,82926
61,68455935,82926
61,68863448,82929
61,69240964,82933
61,69618828,82935
61,70011510,82941
61,70390583,82944
61,70760876,82946
61,71115279,82951
61,71492617,82954
61,71885202,82949
61,72260220,82945
61,72636586,82938
61,73009044,82935
61,73374586,82938
61,73759785,82942
61,74133823,82948
61,74494662,82954
61,74885242,82959
61,75258051,82963
61,75613112,82964
61,75988211,82964
61,76397575,82964
61,76783035,82963
61,77154722,82963
61,77511726,82963
61,77862791,82963
61,78237788,82970
61,78643756,82973
61,79055540,82976
61,79453072,82977
61,79830975,82979
61,80218578,82980
61,80582729,82980
61,80954682,82977
61,81356999,82974
61,81721241,82974
61,82076515,82979
61,82475260,82982
61,82887115,82985
61,83237115,82987
61,83616469,82991
61,84009414,82994
61,84371407,82997
61,84761487,83000
61,85154351,83001
61,85517039,83003
61,85910358,83006
61,86304607,83008
61,86682375,83012
61,87076778,83016
61,87482514,83022
61,87869040,83030
61,88258588,83043
61,88635715,83061
61,88988319,83084
61,89389287,83109
61,89762286,83134
61,90116840,83159
61,90515478,83180
61,90888039,83198
61,91241518,83216
61,91618061,83230
61,92022618,83242
61,92414345,83246
61,92805536,83247
61,93177819,83249
61,93532540,83246
61,93885754,83242
61,94258997,83237
61,94613776,83228
61,94987205,83214
61,95370089,83202
61,95758118,83188
61,96133333,83176
61,96514082,83161
61,96926053,83153
61,97279919,83143
61,97677099,83137
61,98030498,83130
61,98390999,83123
61,98762182,83119
61,99116708,83114
61,99514944,83110
61,99887081,83106
61,100240735,83104
61,100628039,83101
61,101010595,83096
61,101371751,83095
61,101760943,83089
61,102132825,83086
61,102492947,83084
61,102865170,83079
61,103259365,83075
61,103616580,83074
61,103987997,83069
61,104386896,83066
61,104739495,83062
61,105112338,83059
61,105492080,83058
61,105864634,83055
61,106237449,83052
61,106616404,83049
61,106990429,83048
61,107374298,83045
61,107763263,83042
61,108112070,83042
61,108488733,83040
61,108863775,83038
61,109258498,83035
61,109619550,83034
61,110013325,83031
61,110403308,83030
61,110782510,83029
61,111168442,83027
61,111559635,83026
61,111926405,83024
61,112280954,83024
61,112679763,83022
61,113075835,83021
61,113451030,83021
61,113823407,83020
61,114177234,83018
61,114533770,83018
61,114927306,83016
61,115279818,83014
61,115676695,83014
61,116052020,83012
61,116427322,83012
61,116779469,83012
61,117134547,83010
61,117511930,83009
61,117863116,83008
61,118258285,83007
61,118620560,83007
61,118989343,83006
61,119373402,83005
61,119761240,83005
61,120112089,83005
61,120491364,83005
61,120863352,83004
61,121236550,83004
61,121615727,83002
61,121988007,83002
61,122376666,83002
61,122767665,83001
61,123134058,83000
61,123494936,82999
61,123885861,82999
61,124259587,82998
61,124625422,82996
61,125012573,82996
61,125388660,82996
61,125781168,82996
61,126155094,82996
61,126513723,82996
61,126907252,82996
61,127279754,82995
61,127677485,82996
61,128029648,82996
61,128406100,82995
61,128759960,82995
61,129113565,82995
61,129496843,82994
62,745283,582986
62,1122795,582655
62,1496654,582018
62,1893919,581531
62,2286840,580734
62,2664586,579859
62,3057987,578661
62,3450965,577359
62,3850478,575826
62,4264238,574312
62,4620080,572406
62,5016544,570269
62,5431605,568245
62,5786749,565749
62,6202937,563372
62,6555531,560815
62,6913019,557747
62,7326545,554960
62,7681713,551575
62,8101007,547915
62,8492730,544518
62,8871147,540479
62,9264317,536884
62,9617127,533056
62,9997109,528442
62,10390316,524254
62,10766528,519429
62,11162710,514251
62,11576900,509496
62,11937542,504084
62,12350005,498340
62,12769273,492318
62,13163285,486350
62,13579440,479957
62,13981771,473430
62,14390356,466836
62,14788943,460602
62,15162815,453680
62,15558671,447281
62,15956360,439729
62,16335145,433215
62,16739673,425191
62,17099926,417325
62,17514087,410015
62,17872102,401708
62,18287899,393026
62,18681081,384309
62,19101859,375232
62,19524467,366061
62,19914224,357797
62,20307548,348214
62,20712298,338460
62,21102790,328412
62,21494823,319987
62,21871421,311075
62,22264738,303027
62,22639320,294829
62,23019977,286070
62,23391387,278273
62,23767623,269488
62,24162589,261077
62,24559409,253802
62,24955866,245689
62,25352189,237729
62,25769529,229937
62,26164122,222378
62,26579827,214914
62,26980335,207779
62,27390625,200674
62,27789067,194865
62,28159798,188941
62,28513211,183348
62,28870183,177949
62,29252078,171669
62,29639341,166688
62,30016894,160963
62,30395230,155991
62,30790267,150903
62,31161007,146308
62,31533237,141806
62,31890026,137768
62,32262478,133692
62,32615768,129617
62,32994897,125309
62,33390790,121247
62,33811263,117300
62,34207301,113553
62,34604384,110058
62,35019036,107274
62,35392380,104261
62,35788696,101398
62,36182618,99072
62,36576370,96575
62,36958278,94570
62,37349872,92511
62,37754164,90647
62,38142868,89168
62,38513494,87828
62,38870587,86470
62,39265610,85455
62,39660730,84485
62,40061015,83695
62,40453368,83192
62,40810113,82810
62,41201717,82644
62,41576632,82624
62,41935814,82633
62,42349761,82427
62,42752467,82387
62,43139474,82269
62,43514426,82184
62,43870043,82133
62,44276217,82029
62,44661184,82024
62,45061774,82039
62,45456139,82085
62,45834571,82129
62,46222923,82151
62,46583282,82180
62,46960493,82216
62,47327052,82254
62,47681093,82304
62,48079674,82337
62,48474126,82359
62,48893377,82376
62,49266364,82400
62,49661378,82426
62,50081469,82454
62,50477302,82478
62,50894603,82498
62,51285710,82514
62,51659581,82533
62,52060070,82552
62,52451710,82572
62,52851560,82594
62,53243638,82612
62,53617171,82633
62,54028887,82655
62,54411993,82673
62,54787617,82695
62,55181549,82711
62,55556275,82725
62,55915051,82741
62,56328550,82751
62,56732471,82764
62,57140016,82773
62,57493199,82785
62,57874130,82803
62,58268338,82817
62,58684629,82832
62,59081710,82844
62,59453476,82854
62,59851132,82864
62,60268933,82872
62,60662462,82879
62,61061787,82883
62,61455858,82888
62,61856054,82893
62,62223977,82898
62,62617620,82908
62,62994710,82914
62,63390400,82919
62,63766086,82922
62,64160414,82925
62,64513997,82926
62,64869877,82929
62,65264131,82932
62,65639502,82935
62,65995742,82939
62,66389178,82943
62,66782672,82945
62,67163458,82948
62,67559364,82955
62,67956665,82958
62,68354388,82964
62,68769802,82973
62,69172403,82987
62,69537329,83013
62,69934933,83047
62,70306341,83088
62,70660364,83133
62,71059415,83169
62,71450967,83206
62,71828838,83233
62,72200616,83253
62,72554407,83264
62,72911708,83270
62,73305500,83267
62,73658197,83259
62,74062030,83243
62,74454414,83224
62,74856198,83202
62,75264184,83183
62,75617259,83164
62,75995665,83147
62,76389552,83132
62,76750356,83118
62,77118663,83108
62,77512954,83100
62,77872888,83096
62,78245491,83090
62,78640647,83086
62,79039273,83085
62,79411649,83081
62,79808398,83080
62,80183777,83080
62,80575802,83079
62,80955713,83076
62,81352270,83074
62,81769107,83071
62,82185117,83068
62,82579028,83066
62,82959434,83061
62,83355566,83058
62,83767331,83056
62,84160658,83050
62,84535793,83048
62,84891006,83043
62,85286474,83041
62,85658937,83040
62,86056787,83038
62,86410591,83034
62,86786154,83033
62,87138471,83032
62,87492895,83029
62,87870230,83029
62,88263765,83026
62,88617770,83026
62,88997340,83024
62,89391904,83022
62,89767938,83022
62,90162078,83020
62,90557210,83018
62,90967110,83017
62,91326690,83015
62,91713692,83015
62,92102290,83012
62,92512749,83011
62,92874008,83011
62,93264121,83010
62,93647874,83010
62,94017029,83009
62,94410297,83009
62,94767859,83006
62,95159049,83006
62,95533889,83007
62,95891487,83007
62,96264549,83005
62,96616459,83005
62,96995068,83004
62,97367133,83004
62,97757726,83004
62,98143530,83004
62,98514064,83004
62,98868943,83005
62,99263831,83004
62,99616757,83003
62,100000158,83003
62,100390495,83004
62,100767879,83003
62,101170306,83003
62,101561339,83002
62,101954842,83002
62,102349288,83001
62,102773972,83001
62,103165534,83001
62,103565112,83001
62,103957521,83001
62,104351791,83001
62,104768649,83000
62,105162278,83000
62,105555887,83000
62,105933933,83000
62,106330232,83000
62,106717427,83000
62,107076718,83000
62,107431447,83000
62,107787285,83000
62,108182381,83000
62,108577541,83000
62,108954098,83001
62,109367810,83001
62,109750117,83001
62,110118369,83001
62,110493009,83001
62,110873987,83000
62,111266716,82999
62,111663788,82999
62,112037876,82999
62,112433001,82997
62,112831197,82997
62,113222236,82997
62,113581759,82998
62,113980683,82998
62,114367851,82998
62,114753411,82998
62,115141884,82999
62,115513490,82999
62,115872645,82999
62,116267367,82999
62,116659762,82998
62,117060110,82998
62,117452469,82998
62,117820049,82998
62,118182949,82998
62,118577401,82996
62,118933752,82996
62,119307497,82996
62,119714483,82996
62,120079153,82996
62,120472372,82996
62,120833163,82996
62,121207022,82996
62,121602094,82996
62,122021148,82996
63,732340,582984
63,1117008,582656
63,1521705,582015
63,1913525,581443
63,2308556,580606
63,2722199,579561
63,3115440,578328
63,3538567,576990
63,3951212,575384
63,4353896,573844
63,4746984,571869
63,5120453,569691
63,5521347,567624
63,5889943,565071
63,6317948,562257
63,6701223,559267
63,7094370,556547
63,7473636,553287
63,7866223,550206
63,8250142,546461
63,8641046,542493
63,9052977,538444
63,9450280,534726
63,9836072,530190
63,10253302,525447
63,10638545,520654
63,11050635,516251
63,11406668,511556
63,11798813,506139
63,12175096,501293
63,12557048,495370
63,12946917,490133
63,13315475,484856
63,13680256,478334
63,14073611,471870
63,14493846,465127
63,14890233,458004
63,15315028,451957
63,15700322,444409
63,16073351,436988
63,16494300,429202
63,16892239,421254
63,17315449,413168
63,17720353,404809
63,18115969,396290
63,18519310,388679
63,18887212,379747
63,19326246,370696
63,19721245,361310
63,20112364,353067
63,20471655,344534
63,20877071,334707
63,21253889,325902
63,21615591,316578
63,22013332,307738
63,22425355,298268
63,22820870,290498
63,23194849,281663
63,23599637,272835
63,23991628,265289
63,24371739,258056
63,24742106,249729
63,25141122,241806
63,25553540,233794
63,25950010,227193
63,26349960,219549
63,26719931,212281
63,27112953,205970
63,27495249,198983
63,27908132,192339
63,28314017,186459
63,28679492,180278
63,29086708,174750
63,29475205,168767
63,29844743,163127
63,30248578,158022
63,30617443,152764
63,31015939,147612
63,31428504,143005
63,31819623,138290
63,32195843,133648
63,32612715,129574
63,32965920,125786
63,33344110,121721
63,33736651,118249
63,34092119,114913
63,34448265,111316
63,34840786,108427
63,35216789,105361
63,35613676,102766
63,35987128,100355
63,36349394,97750
63,36762705,95351
63,37156222,93476
63,37535603,91507
63,37927975,89963
63,38325484,88349
63,38717452,87106
63,39071126,85996
63,39431659,84942
63,39821455,84152
63,40174273,83529
63,40555262,83021
63,40945565,82747
63,41324974,82621
63,41718994,82665
63,42112381,82551
63,42492276,82393
63,42887429,82337
63,43314230,82203
63,43674871,82151
63,44028419,82070
63,44405409,82006
63,44800142,82014
63,45153116,82040
63,45545589,82097
63,45912327,82140
63,46305262,82174
63,46679468,82211
63,47049745,82252
63,47409983,82302
63,47823358,82349
63,48215943,82383
63,48612966,82410
63,48988974,82436
63,49345702,82464
63,49715860,82488
63,50071164,82510
63,50426638,82533
63,50821265,82550
63,51174811,82569
63,51572097,82585
63,51945747,82598
63,52326551,82615
63,52727590,82625
63,53115175,82639
63,53494719,82654
63,53860947,82669
63,54217478,82686
63,54613417,82701
63,54966945,82718
63,55344874,82737
63,55736720,82756
63,56113136,82774
63,56472029,82789
63,56863769,82801
63,57248404,82809
63,57632472,82813
63,57991274,82818
63,58368773,82823
63,58756706,82832
63,59132548,82842
63,59493591,82853
63,59885790,82861
63,60326550,82870
63,60721080,82876
63,61115871,82882
63,61513830,82891
63,61906152,82902
63,62314380,82909
63,62679791,82914
63,63070642,82916
63,63431168,82920
63,63821354,82925
63,64196176,82926
63,64618241,82927
63,65011624,82931
63,65425219,82934
63,65801820,82937
63,66194665,82942
63,66614169,82944
63,67010390,82949
63,67426137,82954
63,67822230,82957
63,68214739,82962
63,68618701,82965
63,69016795,82972
63,69431314,82982
63,69825162,82995
63,70237034,83029
63,70641991,83063
63,71030262,83103
63,71407290,83139
63,71779195,83172
63,72153222,83204
63,72530795,83225
63,72904797,83242
63,73313982,83250
63,73676241,83250
63,74070908,83245
63,74425614,83233
63,74778953,83218
63,75152663,83202
63,75528379,83181
63,75923168,83165
63,76302609,83148
63,76677769,83132
63,77050209,83120
63,77416889,83109
63,77780421,83098
63,78175465,83094
63,78534754,83088
63,78925919,83085
63,79328096,83081
63,79720205,83079
63,80115663,83077
63,80513461,83077
63,80905955,83075
63,81314723,83072
63,81699540,83071
63,82072677,83068
63,82472489,83066
63,82843282,83063
63,83247928,83059
63,83640456,83057
63,84027473,83053
63,84428227,83049
63,84821233,83045
63,85174737,83042
63,85552190,83039
63,85944524,83038
63,86325998,83036
63,86717664,83032
63,87070182,83030
63,87425684,83030
63,87800465,83027
63,88153455,83026
63,88528075,83025
63,88925272,83023
63,89290110,83021
63,89663466,83021
63,90053364,83020
63,90450811,83019
63,90828633,83019
63,91220990,83016
63,91597750,83015
63,91993723,83015
63,92372907,83013
63,92761797,83012
63,93177327,83012
63,93573020,83010
63,93947443,83010
63,94358409,83009
63,94720606,83008
63,95113079,83007
63,95474027,83006
63,95842682,83006
63,96197260,83005
63,96616999,83004
63,97007871,83005
63,97370783,83005
63,97736036,83004
63,98092325,83004
63,98447287,83004
63,98840442,83004
63,99217596,83004
63,99613080,83003
63,99987131,83003
63,100348988,83003
63,100738784,83002
63,101112439,83002
63,101474157,83002
63,101853534,83003
63,102257520,83003
63,102655916,83003
63,103049059,83003
63,103412484,83003
63,103782249,83003
63,104173835,83003
63,104534258,83003
63,104903685,83003
63,105286239,83003
63,105657556,83003
63,106027572,83003
63,106454432,83003
63,106856510,83002
63,107216525,83003
63,107617370,83003
63,108026657,83002
63,108406223,83002
63,108777721,83002
63,109151756,83001
63,109528065,83001
63,109902975,83001
63,110284537,83001
63,110675803,83001
63,111049907,83001
63,111407582,83001
63,111821241,83001
63,112181699,83001
63,112571467,83000
63,112945604,83000
63,113319200,83000
63,113723451,83000
63,114113515,83000
63,114497785,83000
63,114889403,82999
63,115305584,82999
63,115696273,82999
63,116072001,83000
63,116472014,83000
63,116843089,83000
63,117247891,82999
63,117637836,82998
63,118029777,82998
63,118428826,82998
63,118833878,82998
63,119199226,82998
63,119593444,82997
63,119988808,82998
63,120364870,82998
63,120757142,82997
63,121117487,82997
63,121492183,82997
63,121866414,82996
63,122274729,82995
63,122659042,82995
64,718332,582985
64,1099565,582655
64,1493179,582013
64,1892364,581440
64,2331412,580603
64,2733381,579556
64,3118603,578332
64,3511192,577177
64,3887266,575812
64,4240883,574295
64,4597125,572389
64,4994340,570528
64,5369420,568234
64,5785937,565724
64,6178236,563337
64,6552645,560779
64,6910800,557715
64,7303818,554928
64,7688174,551546
64,8073322,548357
64,8431350,544988
64,8808318,540961
64,9201819,536861
64,9613701,533034
64,9968738,529005
64,10343851,524226
64,10759934,519406
64,11135530,514907
64,11509095,510170
64,11866156,505448
64,12221535,500561
64,12595647,494594
64,13014743,488644
64,13409890,483248
64,13787122,476686
64,14180611,471053
64,14531308,465119
64,14890411,458018
64,15303073,451976
64,15655340,444441
64,16080042,437038
64,16475152,430277
64,16872263,422303
64,17264038,414301
64,17657938,405937
64,18078120,397471
64,18471974,388767
64,18889913,379820
64,19284003,371895
64,19657427,362531
64,20077231,353089
64,20469785,344554
64,20860318,334712
64,21245166,324687
64,21657733,315459
64,22062134,306570
64,22498842,297094
64,22870692,289389
64,23264946,280528
64,23660516,271721
64,24056434,263190
64,24452859,254891
64,24867943,247716
64,25264266,239797
64,25661003,231874
64,26059350,224369
64,26457246,216762
64,26880371,210505
64,27244591,203261
64,27639742,196487
64,28036873,190604
64,28409199,184870
64,28766625,178711
64,29180208,173172
64,29534579,167360
64,29952667,161654
64,30366875,156628
64,30732699,151494
64,31117913,146259
64,31512700,141768
64,31888731,137140
64,32282729,133016
64,32659504,128437
64,33059101,124720
64,33428932,121189
64,33789389,117260
64,34202858,113523
64,34597242,110453
64,34974065,107254
64,35369551,104238
64,35767742,101716
64,36160248,99042
64,36553375,96838
64,36913517,94527
64,37326125,92718
64,37697528,90825
64,38098288,89128
64,38491725,87796
64,38871279,86437
64,39263416,85426
64,39615870,84564
64,39972830,83831
64,40366061,83214
64,40745255,82810
64,41138653,82621
64,41513012,82583
64,41868863,82630
64,42263870,82439
64,42659077,82368
64,43059983,82270
64,43454576,82170
64,43872513,82114
64,44287528,82031
64,44693293,82041
64,45056876,82067
64,45457354,82124
64,45882682,82166
64,46265639,82191
64,46658422,82225
64,47036953,82262
64,47409093,82307
64,47766035,82352
64,48182363,82387
64,48578140,82412
64,48995335,82440
64,49391532,82461
64,49765524,82489
64,50159413,82512
64,50537028,82535
64,50934520,82549
64,51309373,82570
64,51725591,82587
64,52118131,82603
64,52513341,82615
64,52889000,82630
64,53283574,82644
64,53637442,82656
64,54033868,82674
64,54408130,82690
64,54767432,82703
64,55161497,82715
64,55557803,82727
64,55958972,82743
64,56368621,82754
64,56766954,82762
64,57158435,82773
64,57532818,82782
64,57891968,82792
64,58261404,82804
64,58617698,82813
64,59014601,82823
64,59388450,82834
64,59786960,82844
64,60179594,82856
64,60553763,82865
64,60912484,82873
64,61284384,82882
64,61690342,82892
64,62082151,82898
64,62470525,82909
64,62867939,82915
64,63264104,82922
64,63657268,82927
64,64055765,82932
64,64450150,82936
64,64810240,82938
64,65199851,82942
64,65578707,82945
64,65975740,82947
64,66368706,82954
64,66766882,82958
64,67162020,82964
64,67557072,82974
64,67938139,82986
64,68306318,83004
64,68694194,83024
64,69076829,83055
64,69470845,83087
64,69848758,83126
64,70253900,83165
64,70640001,83194
64,71015045,83222
64,71409075,83241
64,71764968,83249
64,72160074,83252
64,72534222,83252
64,72890974,83244
64,73262384,83231
64,73616543,83216
64,73971787,83197
64,74386357,83178
64,74742934,83160
64,75158277,83145
64,75510427,83131
64,75866966,83119
64,76230031,83110
64,76616910,83100
64,76996263,83095
64,77389505,83091
64,77766155,83086
64,78180335,83086
64,78582070,83082
64,78995573,83079
64,79387582,83079
64,79766628,83076
64,80160253,83075
64,80534543,83072
64,80891235,83070
64,81284027,83068
64,81659553,83063
64,82056498,83062
64,82426666,83058
64,82785879,83054
64,83181860,83050
64,83558411,83047
64,83958663,83042
64,84366907,83040
64,84727873,83038
64,85095664,83036
64,85491388,83031
64,85868118,83031
64,86262599,83029
64,86614104,83027
64,86969984,83026
64,87345204,83026
64,87761927,83024
64,88119515,83021
64,88511356,83021
64,88869957,83021
64,89265203,83020
64,89638317,83019
64,90037249,83017
64,90410584,83017
64,90819237,83016
64,91186231,83014
64,91598257,83013
64,91994443,83012
64,92369263,83011
64,92765299,83008
64,93159361,83007
64,93533858,83007
64,93890901,83007
64,94285478,83006
64,94697882,83005
64,95060456,83005
64,95427503,83004
64,95785284,83003
64,96179499,83003
64,96554477,83003
64,96910135,83003
64,97303375,83003
64,97689738,83002
64,98079558,83002
64,98469172,83002
64,98872909,83002
64,99265114,83002
64,99639790,83002
64,100035750,83002
64,100430627,83002
64,100822972,83002
64,101221209,83002
64,101615289,83001
64,101974533,83001
64,102366366,83001
64,102745788,83001
64,103119474,83001
64,103513400,83001
64,103890840,83001
64,104284815,83000
64,104691133,83000
64,105060921,83000
64,105453210,83000
64,105868875,83000
64,106263680,82999
64,106658004,82999
64,107055279,82999
64,107408013,82999
64,107763867,82999
64,108159088,82999
64,108531382,82999
64,108889269,82999
64,109263438,82999
64,109615966,82999
64,109974786,82999
64,110369149,82999
64,110765711,82999
64,111159725,82999
64,111555744,82999
64,111957370,82999
64,112345393,82997
64,112728789,82998
64,113096478,82999
64,113491834,82999
64,113867601,82999
64,114262142,82999
64,114616265,82997
64,114993212,82998
64,115387687,82998
64,115763848,82997
64,116157269,82996
64,116513212,82998
64,116892242,82997
64,117284572,82996
64,117690085,82995
64,118081214,82996
64,118470070,82996
64,118847707,82995
64,119230525,82995
64,119596959,82995
64,120014189,82994
64,120407960,82994
64,120771053,82994
64,121141209,82994
64,121536062,82994
64,121913593,82994
65,717973,582994
65,1086428,582653
65,1477935,582014
65,1894684,581447
65,2310713,580620
65,2703369,579717
65,3055352,578668
65,3433197,577389
65,3827697,576059
65,4212464,574338
65,4606458,572433
65,5012036,570571
65,5368694,568576
65,5741501,566100
65,6139130,563749
65,6515905,560841
65,6908814,558160
65,7285923,554986
65,7680180,552038
65,8031997,548868
65,8390087,545523
65,8741285,542009
65,9115334,537940
65,9535649,533610
65,9907809,529604
65,10292480,524831
65,10705429,520020
65,11103690,514887
65,11539161,509473
65,11933381,504732
65,12309099,499065
65,12704684,493067
65,13099928,487098
65,13542027,480781
65,13913177,475039
65,14309824,468534
65,14705559,461489
65,15100412,454554
65,15516266,447249
65,15909871,440640
65,16267240,434171
65,16640552,427163
65,16990700,420303
65,17367491,412139
65,17764162,404836
65,18116089,397421
65,18519381,388724
65,18915060,379791
65,19310293,370733
65,19705130,361334
65,20144468,351874
65,20538694,342089
65,20930347,333429
65,21306630,324668
65,21662929,315433
65,22074699,307696
65,22437183,298216
65,22807136,290427
65,23210216,281582
65,23597806,273855
65,23949753,266248
65,24309651,257975
65,24702486,250678
65,25076030,243729
65,25433373,236717
65,25807229,228998
65,26219541,222371
65,26581218,214917
65,26970347,208700
65,27333102,202395
65,27704716,195716
65,28096467,189797
65,28570931,181070
65,29118179,173207
65,29638200,165992
65,30124858,159492
65,30624102,152785
65,31108707,146296
65,31616809,140606
65,32015951,136015
65,32402065,131880
65,32750647,127920
65,33179702,123219
65,33620143,119241
65,34075358,114930
65,34521022,110909
65,34974209,107280
65,35369198,104637
65,35708022,102096
65,36062024,99737
65,36503872,96868
65,36911677,94832
65,37264678,92991
65,37615754,91293
65,37977787,89767
65,38317364,88363
65,38663776,87290
65,39000681,86157
65,39355806,85199
65,39728604,84375
65,40060606,83699
65,40425113,83200
65,40795738,82860
65,41155088,82672
65,41532625,82635
65,41905132,82655
65,42281706,82465
65,42634721,82384
65,43004380,82310
65,43365483,82172
65,43759584,82130
65,44134832,82025
65,44531560,82002
65,44905910,82016
65,45268071,82060
65,45662983,82119
65,46071922,82148
65,46428046,82171
65,46824183,82206
65,47214071,82242
65,47603188,82286
65,48013746,82317
65,48370660,82341
65,48743362,82368
65,49137804,82395
65,49513992,82420
65,49867264,82447
65,50264251,82467
65,50615963,82482
65,50993566,82500
65,51395915,82518
65,51766609,82542
65,52163125,82568
65,52582997,82594
65,52980123,82618
65,53392276,82640
65,53783760,82660
65,54158873,82680
65,54578858,82697
65,54929477,82712
65,55290327,82727
65,55681314,82741
65,56053782,82749
65,56413071,82763
65,56805689,82777
65,57180160,82794
65,57597652,82807
65,57949378,82823
65,58306398,82837
65,58659682,82849
65,59011899,82860
65,59368954,82869
65,59741263,82874
65,60115373,82881
65,60517645,82884
65,60908000,82888
65,61263771,82894
65,61637749,82903
65,61991428,82914
65,62373498,82921
65,62766926,82925
65,63162520,82929
65,63562353,82932
65,63930328,82933
65,64309778,82933
65,64703803,82935
65,65075303,82940
65,65432523,82942
65,65785010,82944
65,66136856,82948
65,66512566,82954
65,66866998,82966
65,67263065,82980
65,67616721,83003
65,67991167,83037
65,68391821,83075
65,68766635,83112
65,69120592,83160
65,69540743,83197
65,69935623,83232
65,70331122,83252
65,70700577,83265
65,71065749,83273
65,71454703,83272
65,71829005,83263
65,72230405,83248
65,72649152,83230
65,73037070,83209
65,73412135,83189
65,73772485,83173
65,74143114,83152
65,74537464,83136
65,74934602,83122
65,75323999,83111
65,75706134,83103
65,76101290,83097
65,76496557,83093
65,76891014,83089
65,77290097,83088
65,77660229,83086
65,78013976,83086
65,78377333,83085
65,78748100,83082
65,79139154,83081
65,79516453,83078
65,79911413,83076
65,80268342,83075
65,80639495,83070
65,80994359,83067
65,81370483,83064
65,81744327,83059
65,82119350,83057
65,82540273,83054
65,82934301,83048
65,83331167,83048
65,83703013,83044
65,84103762,83040
65,84496991,83039
65,84871512,83038
65,85253948,83034
65,85644664,83032
65,86014351,83031
65,86372404,83031
65,86768656,83029
65,87140073,83027
65,87517416,83025
65,87911790,83024
65,88308909,83020
65,88704729,83020
65,89080390,83020
65,89454363,83018
65,89849084,83015
65,90250776,83015
65,90634379,83014
65,91016189,83013
65,91411396,83012
65,91786773,83011
65,92138754,83011
65,92499759,83011
65,92871151,83009
65,93270890,83009
65,93639525,83008
65,93994053,83008
65,94370790,83008
65,94763931,83008
65,95117557,83008
65,95509876,83007
65,95893411,83006
65,96288654,83007
65,96661202,83006
65,97014780,83005
65,97369925,83005
65,97743578,83005
65,98138689,83005
65,98494102,83004
65,98867740,83004
65,99276442,83004
65,99663551,83004
65,100033451,83004
65,100414513,83004
65,100808838,83003
65,101215153,83002
65,101598297,83002
65,101970536,83002
65,102335526,83002
65,102701588,83002
65,103054873,83000
65,103412615,83000
65,103806818,83000
65,104181242,83001
65,104601942,83001
65,104992022,83002
65,105369544,83002
65,105768577,83001
65,106137738,83001
65,106518894,83000
65,106911960,83000
65,107311022,82999
65,107703186,82999
65,108077308,82998
65,108434630,82997
65,108828410,82997
65,109213004,82996
65,109603860,82997
65,110013729,82998
65,110380155,82998
65,110745675,82999
65,111138120,82999
65,111515685,82999
65,111910767,82999
65,112286690,82999
65,112680229,83000
65,113035429,83000
65,113411174,83000
65,113764396,82999
65,114116602,82998
65,114499141,82998
65,114891768,82998
65,115287939,82998
65,115659836,82997
65,116014031,82997
65,116369910,82998
65,116763486,82998
65,117139006,82996
65,117498494,82996
65,117892267,82997
65,118268543,82998
65,118662295,82998
65,119035802,82998
66,713590,582994
66,1079995,582655
66,1473059,582016
66,1901121,581443
66,2285042,580730
66,2658166,579708
66,3095929,578502
66,3492936,577207
66,3900204,575624
66,4283271,574101
66,4656458,572164
66,5054364,570008
66,5472110,567668
66,5898513,565106
66,6284017,562288
66,6700827,559299
66,7097341,556577
66,7492703,553321
66,7898163,549783
66,8284380,546009
66,8699344,542520
66,9058072,538465
66,9452100,534735
66,9825886,530196
66,10227951,526040
66,10618775,521255
66,10998650,516235
66,11433821,510843
66,11823701,505431
66,12220239,500538
66,12595994,495334
66,12952102,489351
66,13347835,483202
66,13743059,477471
66,14123139,471013
66,14560136,464174
66,14932492,457978
66,15303002,451916
66,15656337,445311
66,16033211,437880
66,16428940,431192
66,16783330,424164
66,17158975,416305
66,17554591,407914
66,17951901,400641
66,18323103,393023
66,18677613,385404
66,19036821,376345
66,19451153,367223
66,19846148,358946
66,20223244,349407
66,20617683,340868
66,20995791,330902
66,21386500,322287
66,21739514,314388
66,22120784,305533
66,22516205,296229
66,22931881,287798
66,23325933,280286
66,23698816,272970
66,24059203,265007
66,24472403,257357
66,24876016,249048
66,25294872,241149
66,25699362,234086
66,26057358,226151
66,26451016,219373
66,26823505,212051
66,27222093,205424
66,27615343,198092
66,28000907,191113
66,28388448,184955
66,28802685,178308
66,29177772,172583
66,29532667,167169
66,29915979,161218
66,30303544,156147
66,30659853,150795
66,31054459,146168
66,31429480,141609
66,31781482,137528
66,32161501,133050
66,32555079,128493
66,32972886,124298
66,33367180,120963
66,33723139,117586
66,34099362,113850
66,34494252,110826
66,34901619,107640
66,35263095,104620
66,35657957,102077
66,36035599,99387
66,36451936,96861
66,36847856,94827
66,37222467,92739
66,37595026,91061
66,37994023,89329
66,38391686,87775
66,38805483,86405
66,39201666,85385
66,39594838,84391
66,39971970,83575
66,40366461,83069
66,40739646,82713
66,41101668,82509
66,41494217,82473
66,41885186,82516
66,42285498,82313
66,42680457,82283
66,43059024,82215
66,43448784,82094
66,43802060,82081
66,44179726,81971
66,44575665,81940
66,44933204,81966
66,45305789,81974
66,45700857,82043
66,46099618,82073
66,46493446,82114
66,46897231,82163
66,47283887,82209
66,47678069,82270
66,48054935,82316
66,48428646,82355
66,48781158,82395
66,49159363,82426
66,49554196,82452
66,49962174,82471
66,50325700,82487
66,50679009,82503
66,51033277,82524
66,51428972,82542
66,51801926,82562
66,52183962,82581
66,52587824,82604
66,52976150,82620
66,53345749,82635
66,53700566,82649
66,54054290,82652
66,54448510,82657
66,54824059,82665
66,55221054,82669
66,55595019,82677
66,55952153,82687
66,56348230,82700
66,56723717,82717
66,57119159,82735
66,57495240,82757
66,57901750,82778
66,58263488,82796
66,58657516,82806
66,59034196,82814
66,59428672,82816
66,59782287,82821
66,60158302,82826
66,60553836,82830
66,60914311,82837
66,61280525,82839
66,61676691,82843
66,62033646,82844
66,62406302,82846
66,62801848,82849
66,63204042,82853
66,63597377,82856
66,63995487,82857
66,64392478,82861
66,64804726,82865
66,65200372,82868
66,65594755,82869
66,65971248,82878
66,66347053,82892
66,66740651,82901
66,67099668,82912
66,67494035,82918
66,67900526,82926
66,68283413,82936
66,68655718,82944
66,69054118,82952
66,69449076,82955
66,69822192,82959
66,70221668,82963
66,70593707,82965
66,70948399,82967
66,71303052,82967
66,71656824,82963
66,72037061,82957
66,72431100,82954
66,72804260,82954
66,73201499,82955
66,73596717,82958
66,74001472,82958
66,74401585,82960
66,74782413,82961
66,75159157,82964
66,75552732,82972
66,75916286,82978
66,76283300,82988
66,76689553,82992
66,77056060,82998
66,77449830,83001
66,77844277,83003
66,78223329,83004
66,78613943,83005
66,78992471,83005
66,79389840,83004
66,79802498,83003
66,80181357,83003
66,80572710,83002
66,80932650,83000
66,81302219,82996
66,81654285,82994
66,82054000,82991
66,82425275,82991
66,82782733,82990
66,83178693,82995
66,83531070,82999
66,83913824,83002
66,84304821,83004
66,84675792,83005
66,85035766,83003
66,85427660,83001
66,85802014,82996
66,86161779,82994
66,86554783,82995
66,86931788,83000
66,87324808,83003
66,87697474,83008
66,88058192,83011
66,88450957,83013
66,88825987,83014
66,89223568,83014
66,89597510,83011
66,89994210,83007
66,90397016,83002
66,90762136,83001
66,91181901,82999
66,91576460,82998
66,91951813,82998
66,92347967,83000
66,92719901,83000
66,93074491,83001
66,93470605,83004
66,93822545,83008
66,94198650,83009
66,94552071,83012
66,94915506,83021
66,95322936,83042
66,95676077,83073
66,96036841,83111
66,96407240,83158
66,96801930,83195
66,97181500,83234
66,97576959,83266
66,97993987,83290
66,98392732,83302
66,98816505,83306
66,99201540,83300
66,99595400,83287
66,99974078,83272
66,100347885,83249
66,100743786,83233
66,101133186,83211
66,101535021,83190
66,101932645,83173
66,102324139,83159
66,102699076,83146
66,103054547,83136
66,103449020,83127
66,103823149,83122
66,104224154,83119
66,104595023,83116
66,104951226,83113
66,105345113,83111
66,105697766,83108
66,106054821,83105
66,106426502,83104
66,106780790,83100
66,107162582,83098
66,107555396,83094
66,107930893,83089
66,108324192,83086
66,108677004,83081
66,109034110,83077
66,109406984,83074
66,109801446,83070
66,110179137,83067
66,110573792,83065
66,110928325,83060
66,111303006,83058
66,111655150,83055
66,112035956,83051
66,112410791,83048
66,112783110,83048
66,113202368,83044
66,113596576,83043
66,113996046,83041
66,114393798,83039
66,114781496,83037
66,115158257,83036
66,115532927,83034
66,115914428,83031
66,116301621,83031
66,116677066,83031
66,117032622,83028
66,117406876,83026
66,117779886,83025
66,118160591,83023
66,118553400,83020
66,118929957,83020
66,119326988,83019
66,119700982,83017
66,120097853,83017
66,120491998,83015
66,120903514,83012
66,121283573,83012
66,121677796,83012
66,122054403,83011
66,122448581,83008
66,122812255,83008
66,123201212,83007
66,123594574,83007
66,123953199,83005
66,124344182,83005
66,124698276,83004
66,125055991,83003
66,125436597,83003
66,125847346,83002
66,126241418,83002
66,126614442,83002
66,126993196,83002
66,127389446,83001
66,127780234,83001
66,128157681,82999
66,128551795,82998
66,128918146,82998
66,129309705,82998
66,129700533,82998
66,130098063,82997
66,130491906,82995
66,130901822,82995
66,131264082,82996
66,131656089,82996
66,132032375,82996
66,132426580,82996
66,132808751,82996
66,133228620,82996
66,133616614,82996
67,735679,582968
67,1123625,582575
67,1499134,581960
67,1922992,581378
67,2309007,580490
67,2723738,579612
67,3080951,578553
67,3454341,577193
67,3848760,575839
67,4223580,574328
67,4578647,572402
67,4975299,570544
67,5368878,568249
67,5743290,566058
67,6100930,563719
67,6472470,561173
67,6825661,558512
67,7225215,555362
67,7597428,552447
67,7957894,548867
67,8367671,545519
67,8722965,542005
67,9084837,537939
67,9496589,533632
67,9889554,529040
67,10312897,524255
67,10724902,520041
67,11081042,514927
67,11474796,510186
67,11847887,505463
67,12247860,499840
67,12639057,493829
67,13019147,487891
67,13435278,481607
67,13888303,474234
67,14291323,468572
67,14664762,461504
67,15081227,454568
67,15477154,447317
67,15889497,439744
67,16288109,433244
67,16660407,426218
67,17018785,418338
67,17412690,411102
67,17784858,403827
67,18140655,396313
67,18513721,387623
67,18888573,379744
67,19265772,371824
67,19638290,363663
67,19999902,354227
67,20389627,345732
67,20742311,337211
67,21098655,328397
67,21478211,318830
67,21872221,309962
67,22290741,300624
67,22689009,291560
67,23102828,283870
67,23494518,274998
67,23876228,267366
67,24265903,259073
67,24640107,251743
67,24999292,243761
67,25389746,236751
67,25745889,229912
67,26119958,223327
67,26472249,216709
67,26847125,210438
67,27202759,204123
67,27577491,197302
67,27987604,190586
67,28368486,184845
67,28743007,179479
67,29098537,173936
67,29450101,168745
67,29826765,163141
67,30227032,157316
67,30617118,152765
67,31001529,147645
67,31393106,142993
67,31768689,138287
67,32164443,134250
67,32562974,129523
67,32963109,125240
67,33351222,121226
67,33742876,117748
67,34120257,114438
67,34471887,111320
67,34850007,108037
67,35248540,104993
67,35643093,102419
67,36020559,99709
67,36415970,97152
67,36813209,95082
67,37206927,92978
67,37601449,91052
67,37997975,89543
67,38383459,87979
67,38765703,86764
67,39151207,85572
67,39539725,84697
67,39944391,83858
67,40305997,83313
67,40663215,82926
67,41036495,82692
67,41390561,82606
67,41743682,82647
67,42104710,82491
67,42499123,82362
67,42868826,82341
67,43290914,82177
67,43667622,82133
67,44044371,82068
67,44417398,81998
67,44809474,82036
67,45226312,82058
67,45639917,82117
67,45997180,82150
67,46393581,82178
67,46766772,82218
67,47165121,82253
67,47543297,82289
67,47946203,82319
67,48307242,82343
67,48665097,82375
67,49066000,82405
67,49473606,82434
67,49847189,82457
67,50203004,82485
67,50597677,82503
67,50957697,82532
67,51347327,82558
67,51722326,82584
67,52076519,82610
67,52449877,82639
67,52846074,82659
67,53225027,82683
67,53618057,82698
67,53974963,82713
67,54369330,82718
67,54742702,82724
67,55099935,82727
67,55493338,82732
67,55868934,82740
67,56264594,82749
67,56637860,82760
67,56994443,82776
67,57351348,82789
67,57747555,82804
67,58144591,82819
67,58536263,82831
67,58888994,82843
67,59290923,82853
67,59664612,82858
67,60058682,82868
67,60474132,82871
67,60846061,82877
67,61202554,82880
67,61596668,82888
67,61957345,82892
67,62347933,82898
67,62731242,82905
67,63100117,82911
67,63502609,82912
67,63888572,82916
67,64267321,82920
67,64659371,82925
67,65041070,82929
67,65455298,82935
67,65849771,82941
67,66205661,82949
67,66579689,82962
67,66976910,82985
67,67348325,83018
67,67699913,83064
67,68077770,83115
67,68470787,83159
67,68849657,83203
67,69245414,83237
67,69598061,83260
67,69957303,83279
67,70347070,83285
67,70700950,83287
67,71077648,83278
67,71450282,83261
67,71825667,83244
67,72222841,83227
67,72576931,83201
67,72974409,83183
67,73325568,83164
67,73700127,83146
67,74097064,83132
67,74449158,83121
67,74825886,83110
67,75227878,83103
67,75620941,83097
67,75997493,83094
67,76390805,83091
67,76744018,83089
67,77122796,83087
67,77513556,83086
67,77887828,83083
67,78284539,83082
67,78641821,83080
67,79018488,83076
67,79410646,83074
67,79783327,83070
67,80144137,83068
67,80558520,83064
67,80923013,83059
67,81306698,83057
67,81657786,83053
67,82037139,83050
67,82390510,83047
67,82740810,83045
67,83099645,83042
67,83472650,83039
67,83824618,83038
67,84204593,83036
67,84596143,83033
67,84957165,83031
67,85346579,83030
67,85719368,83028
67,86077101,83026
67,86465015,83026
67,86847042,83024
67,87213838,83022
67,87602577,83022
67,87976135,83020
67,88368225,83019
67,88720480,83016
67,89100924,83016
67,89502866,83014
67,89889595,83013
67,90288967,83012
67,90680768,83011
67,91044913,83010
67,91415738,83009
67,91809585,83009
67,92252856,83009
67,92640637,83009
67,92996285,83008
67,93388787,83008
67,93741502,83007
67,94119858,83007
67,94473662,83006
67,94826003,83006
67,95201966,83006
67,95595833,83005
67,95958048,83004
67,96345886,83004
67,96720317,83004
67,97081460,83003
67,97452115,83002
67,97847141,83002
67,98204922,83002
67,98578975,83002
67,98976206,83001
67,99349143,83001
67,99699304,83002
67,100080636,83002
67,100449923,83002
67,100823862,83002
67,101206413,83002
67,101577686,83002
67,101960688,83001
67,102347500,83000
67,102719649,83000
67,103080910,82999
67,103472879,82999
67,103846115,82999
67,104204028,82999
67,104595785,82998
67,104973300,82998
67,105348688,82999
67,105699926,82999
67,106096781,82999
67,106451155,82999
67,106823170,82999
67,107223502,82999
67,107575036,82998
67,107958975,82997
67,108352047,82998
67,108746109,82998
67,109143390,82999
67,109515042,82999
67,109887449,82999
67,110284560,82998
67,110670360,82999
67,111061905,82998
67,111480872,82998
67,111868568,82998
67,112265345,82998
67,112640764,82997
67,112995692,82997
67,113372455,82998
67,113767402,82998
67,114164316,82997
67,114562344,82997
67,114959510,82998
67,115371152,82997
67,115763735,82997
67,116140959,82997
68,714821,582994
68,1079009,582654
68,1470911,582086
68,1852802,581539
68,2240658,580840
68,2593738,579992
68,2969886,578848
68,3364187,577712
68,3717752,576445
68,4095189,574776
68,4488183,573185
68,4853034,571380
68,5222768,569147
68,5614348,567038
68,5995354,564443
68,6368450,561940
68,6742048,559305
68,7099446,556587
68,7472558,553739
68,7868904,550231
68,8243414,546478
68,8635103,542997
68,8990498,539452
68,9364989,535798
68,9721827,531898
68,10101554,527196
68,10493581,522403
68,10890495,518110
68,11262338,513535
68,11614126,508787
68,11970933,504057
68,12345947,498314
68,12738822,493059
68,13115981,487879
68,13489470,481608
68,13865674,475845
68,14239338,470226
68,14613168,463315
68,14991123,457128
68,15343224,451060
68,15716929,443474
68,16123178,436088
68,16535862,428251
68,16953688,420332
68,17346736,413228
68,17742652,404885
68,18142592,396336
68,18532013,388730
68,18895467,379761
68,19286743,371830
68,19660355,362469
68,20057463,354209
68,20450033,344501
68,20834306,334663
68,21245134,324652
68,21635964,316557
68,22015280,307715
68,22407551,299418
68,22781625,290461
68,23178106,282742
68,23551853,274995
68,23908330,267365
68,24259577,260109
68,24614263,252790
68,24970822,245715
68,25344551,237776
68,25738561,230902
68,26096546,224335
68,26467153,216740
68,26861507,210465
68,27222274,204143
68,27593922,197311
68,27991682,191470
68,28344439,185657
68,28718215,179506
68,29120682,173960
68,29491708,168768
68,29855647,163152
68,30243234,158026
68,30614166,153388
68,30970427,148960
68,31365814,143640
68,31738232,139414
68,32096779,135449
68,32468309,130695
68,32856314,126817
68,33241274,122753
68,33615070,119264
68,33990914,115877
68,34344868,112683
68,34718461,109264
68,35117534,106152
68,35533694,103543
68,35899694,100739
68,36287845,98439
68,36660316,95991
68,37056970,94047
68,37456090,92034
68,37852657,90224
68,38243862,88586
68,38661023,87146
68,39060657,85885
68,39463297,84964
68,39858591,84073
68,40244947,83398
68,40641765,82988
68,41038917,82707
68,41411953,82619
68,41818926,82661
68,42196909,82471
68,42584506,82365
68,42997078,82322
68,43377400,82158
68,43767287,82114
68,44184974,82010
68,44581020,81996
68,44994312,82020
68,45388579,82051
68,45763563,82111
68,46160145,82134
68,46532920,82173
68,46889730,82226
68,47304019,82272
68,47657840,82323
68,48014538,82364
68,48425710,82391
68,48785932,82420
68,49184192,82439
68,49559621,82465
68,49955324,82484
68,50368498,82497
68,50761939,82510
68,51160480,82528
68,51555688,82548
68,51958247,82564
68,52327572,82577
68,52721660,82584
68,53100842,82597
68,53491137,82606
68,53869268,82620
68,54265798,82632
68,54658412,82647
68,55037367,82662
68,55430293,82679
68,55815342,82702
68,56205841,82719
68,56616809,82735
68,56971673,82753
68,57346800,82769
68,57742266,82785
68,58117341,82798
68,58470364,82811
68,58882827,82822
68,59241537,82833
68,59595049,82843
68,59995455,82854
68,60389761,82860
68,60762578,82870
68,61163657,82878
68,61557754,82885
68,61953530,82895
68,62344521,82901
68,62720844,82908
68,63119617,82914
68,63511725,82918
68,63894062,82925
68,64306320,82930
68,64702059,82936
68,65119607,82942
68,65514471,82945
68,65891142,82951
68,66283028,82955
68,66657495,82960
68,67027489,82965
68,67409390,82971
68,67792337,82983
68,68180487,83002
68,68553571,83030
68,68910460,83073
68,69305407,83113
68,69658245,83155
68,70035067,83198
68,70430123,83229
68,70781606,83255
68,71184785,83272
68,71560860,83283
68,71937526,83283
68,72325101,83278
68,72676303,83266
68,73057256,83247
68,73454208,83227
68,73866426,83207
68,74220524,83188
68,74594152,83167
68,74996538,83151
68,75369627,83136
68,75763217,83122
68,76164253,83114
68,76534880,83105
68,76952660,83099
68,77346387,83095
68,77720816,83094
68,78146320,83090
68,78533991,83089
68,78888314,83087
68,79263198,83087
68,79615822,83083
68,79972524,83082
68,80367045,83078
68,80719419,83076
68,81096073,83074
68,81470729,83070
68,81887232,83066
68,82261943,83061
68,82616989,83058
68,82974088,83056
68,83368441,83050
68,83764757,83049
68,84164981,83047
68,84557254,83040
68,84936360,83039
68,85328919,83038
68,85720625,83033
68,86098702,83033
68,86470134,83030
68,86870948,83030
68,87262036,83027
68,87636079,83026
68,87993055,83024
68,88366591,83024
68,88720111,83023
68,89096467,83021
68,89490995,83021
68,89867713,83020
68,90263581,83019
68,90615588,83018
68,90977928,83017
68,91400428,83016
68,91786606,83016
68,92171147,83013
68,92554475,83012
68,92912565,83013
68,93286007,83012
68,93680207,83011
68,94061306,83011
68,94450787,83010
68,94870572,83007
68,95265082,83007
68,95658290,83007
68,96035841,83007
68,96409065,83005
68,96764235,83005
68,97162750,83005
68,97557198,83005
68,97953357,83003
68,98347642,83005
68,98764194,83005
68,99161234,83002
68,99533345,83002
68,99888484,83003
68,100284030,83004
68,100658080,83004
68,101013549,83003
68,101410032,83003
68,101782777,83003
68,102179391,83003
68,102533189,83002
68,102888452,83002
68,103260980,83002
68,103616781,83002
68,103976166,83002
68,104367395,83002
68,104741769,83002
68,105098560,83002
68,105471497,83002
68,105869525,83002
68,106264302,83002
68,106659690,83002
68,107017288,83001
68,107385858,83001
68,107761904,83001
68,108160276,83001
68,108553159,83001
68,108933097,83001
68,109304417,83001
68,109657604,83001
68,110014554,83001
68,110388885,83001
68,110783347,83001
68,111201490,83001
68,111557210,83001
68,111931473,83000
68,112324031,82999
68,112677480,82999
68,113056218,83000
68,113453929,83000
68,113866657,83000
68,114219191,83000
68,114594114,83000
68,114976051,83000
68,115347011,83000
68,115761165,83000
68,116163104,83000
68,116566264,82999
68,116938268,82998
68,117307742,82998
68,117707002,82998
68,118142124,82998
68,118511625,82998
68,118868359,82996
68,119265764,82996
68,119659629,82999
68,120014917,82997
68,120409041,82996
68,120760356,82997
68,121160313,82996
68,121555452,82995
68,121909438,82995
69,712702,582992
69,1095246,582654
69,1482911,582018
69,1891540,581539
69,2244889,580848
69,2621131,579866
69,3014143,578839
69,3394257,577539
69,3787041,576242
69,4140703,574771
69,4497838,572930
69,4891658,571099
69,5265613,569143
69,5620925,567038
69,5993081,564437
69,6397600,561572
69,6806184,558920
69,7158328,556189
69,7516471,553324
69,7888866,550245
69,8240618,546504
69,8641216,543033
69,8990365,539494
69,9373336,535307
69,9783420,531376
69,10136563,527258
69,10493120,522466
69,10887604,518158
69,11261832,513570
69,11617368,508803
69,12011454,503355
69,12402945,497558
69,12788626,492294
69,13203003,486317
69,13559125,480748
69,13911254,474998
69,14285790,468522
69,14683139,462342
69,15033539,456238
69,15409244,450091
69,15765687,443412
69,16138772,436051
69,16518735,429214
69,16889111,422229
69,17240616,415286
69,17620836,406930
69,18015818,399605
69,18374106,390901
69,18775822,383213
69,19141042,375256
69,19496448,367271
69,19889320,357793
69,20263426,349428
69,20639654,340890
69,20992381,330906
69,21391102,322290
69,21741871,314345
69,22117566,305396
69,22515728,297065
69,22887299,289343
69,23242426,280480
69,23646926,272760
69,24017075,265185
69,24393516,256927
69,24787543,249631
69,25144502,241733
69,25538758,234714
69,25889182,228028
69,26262950,221384
69,26619658,214883
69,26992105,207740
69,27402502,200654
69,27783799,194844
69,28157861,188923
69,28514243,183339
69,28887914,177173
69,29262229,171678
69,29647480,166012
69,30037612,161002
69,30414408,155341
69,30809062,150941
69,31200829,145684
69,31579602,141216
69,31931354,137234
69,32305140,132533
69,32702420,128480
69,33075686,124786
69,33431252,121258
69,33784773,117766
69,34137121,114439
69,34519433,110877
69,34913323,108024
69,35266698,105352
69,35646324,102391
69,36038543,99675
69,36455784,97127
69,36852176,94785
69,37261905,92967
69,37621685,91284
69,38013917,89561
69,38399718,88009
69,38808616,86803
69,39162750,85750
69,39517784,84744
69,39909728,83999
69,40293040,83361
69,40682991,82972
69,41056604,82743
69,41412358,82660
69,41786062,82701
69,42141504,82577
69,42503873,82407
69,42890461,82390
69,43241444,82252
69,43640495,82173
69,44012488,82113
69,44389893,82028
69,44741952,82050
69,45115048,82067
69,45499519,82119
69,45891384,82167
69,46285491,82195
69,46682512,82224
69,47033520,82263
69,47412650,82301
69,47783762,82346
69,48158204,82372
69,48515373,82395
69,48890731,82414
69,49243835,82436
69,49620426,82455
69,50014222,82476
69,50374958,82491
69,50765910,82503
69,51137921,82518
69,51496917,82536
69,51888275,82552
69,52261051,82572
69,52637918,82584
69,52990574,82600
69,53388255,82613
69,53740618,82628
69,54115071,82644
69,54513365,82662
69,54912839,82678
69,55285668,82698
69,55705650,82716
69,56104206,82734
69,56514338,82747
69,56868247,82760
69,57240053,82773
69,57640185,82785
69,57993951,82795
69,58375562,82810
69,58767126,82824
69,59162429,82838
69,59538754,82848
69,59934400,82856
69,60304373,82865
69,60704898,82873
69,61081022,82879
69,61481751,82889
69,61891324,82896
69,62242409,82901
69,62621405,82910
69,63015316,82917
69,63389889,82921
69,63743096,82923
69,64150028,82928
69,64537976,82932
69,64908977,82934
69,65263047,82938
69,65639736,82941
69,65992140,82943
69,66379548,82945
69,66773126,82950
69,67159482,82953
69,67516965,82957
69,67888527,82961
69,68241739,82964
69,68622992,82970
69,68996683,82982
69,69394665,83007
69,69786597,83040
69,70140523,83080
69,70499226,83126
69,70890439,83165
69,71264416,83199
69,71620448,83227
69,71993543,83251
69,72390691,83264
69,72744785,83268
69,73118395,83267
69,73518283,83256
69,73931968,83242
69,74285410,83223
69,74687838,83204
69,75058280,83187
69,75413519,83166
69,75808120,83150
69,76160534,83137
69,76538574,83122
69,76932428,83112
69,77306337,83105
69,77706391,83097
69,78080900,83095
69,78481207,83090
69,78893752,83087
69,79308986,83086
69,79706059,83084
69,80085499,83081
69,80477440,83080
69,80891682,83080
69,81243113,83076
69,81623004,83073
69,82015972,83071
69,82377477,83067
69,82765902,83064
69,83140691,83060
69,83498618,83058
69,83892344,83054
69,84265931,83051
69,84620728,83047
69,84994729,83046
69,85391958,83040
69,85786311,83039
69,86162030,83037
69,86517571,83034
69,86890026,83032
69,87244072,83031
69,87641163,83028
69,88004657,83026
69,88395149,83024
69,88788863,83024
69,89160410,83021
69,89542557,83021
69,89934479,83021
69,90307825,83020
69,90709157,83017
69,91095578,83017
69,91500445,83016
69,91891864,83016
69,92264040,83014
69,92623537,83013
69,93015998,83012
69,93378682,83012
69,93745353,83010
69,94118724,83010
69,94496687,83010
69,94890202,83010
69,95264188,83008
69,95641931,83008
69,96035375,83008
69,96402785,83007
69,96790475,83005
69,97160258,83005
69,97518533,83006
69,97891887,83006
69,98284874,83005
69,98663901,83005
69,99057143,83003
69,99412666,83003
69,99807629,83003
69,100180829,83003
69,100540815,83003
69,100912765,83003
69,101263908,83002
69,101621972,83002
69,102017979,83002
69,102394474,83002
69,102788162,83002
69,103164023,83001
69,103559114,83001
69,103933349,83001
69,104347267,83001
69,104710831,83000
69,105107171,83000
69,105515936,83000
69,105889584,83000
69,106248949,83000
69,106670662,83000
69,107063020,83000
69,107456537,83000
69,107831448,83000
69,108222982,83000
69,108581052,83000
69,108951956,83000
69,109306211,83000
69,109705885,83000
69,110097673,83000
69,110479972,83000
69,110887766,82998
69,111242101,82998
69,111621671,82999
69,112014223,82999
69,112397998,82998
69,112790408,82999
69,113204872,82999
69,113624031,82999
69,114016786,82998
69,114416260,82998
69,114808418,82998
69,115202615,82998
69,115584174,82998
69,115960199,82998
69,116343283,82998
69,116724068,82998
69,117075891,82998
69,117434936,82999
69,117811470,82999
69,118201925,82997
69,118559735,82996
69,118931543,82997
69,119284114,82997
69,119685183,82997
69,120055383,82996
69,120411484,82996
69,120765082,82996
69,121118029,82995
69,121494607,82994
69,121870125,82996
69,122242669,82996
69,122621061,82996
69,123015925,82995
69,123394031,82994
70,716320,582970
70,1122570,582494
70,1536910,581881
70,1930730,581364
70,2306623,580496
70,2708583,579439
70,3122388,578196
70,3533243,577009
70,3887243,575623
70,4246778,573880
70,4640314,572159
70,5034042,569998
70,5432280,567956
70,5782552,565750
70,6140842,563007
70,6556092,560434
70,6908503,557749
70,7266211,554555
70,7680252,551584
70,8033595,547930
70,8432730,544533
70,8808304,540494
70,9204108,536367
70,9619413,531939
70,10035573,527246
70,10435607,523062
70,10811340,518172
70,11208084,512921
70,11596704,508159
70,11988874,503408
70,12372155,497610
70,12741410,492331
70,13104318,486367
70,13514359,480793
70,13865907,475020
70,14246157,468554
70,14639333,461474
70,15064401,454529
70,15456903,447271
70,15867570,440610
70,16233722,433193
70,16619974,426153
70,16991273,419279
70,17346441,412105
70,17722117,403768
70,18118047,396271
70,18470478,388668
70,18847144,379726
70,19243360,370670
70,19658463,362456
70,20032932,353027
70,20434425,343277
70,20834018,333405
70,21226718,324659
70,21619615,315455
70,22015142,306586
70,22412568,298265
70,22785830,289426
70,23185081,281687
70,23582000,272850
70,23973320,264285
70,24370562,256000
70,24786132,247735
70,25185019,239849
70,25622208,231883
70,25994371,225312
70,26368376,217696
70,26763264,211384
70,27140286,204173
70,27533845,198138
70,27907431,192321
70,28266485,185670
70,28659627,180297
70,29033101,173969
70,29431108,168084
70,29829428,163163
70,30222578,157336
70,30618400,152156
70,31034116,146976
70,31435114,141772
70,31830156,137179
70,32243205,133059
70,32637438,128429
70,33013218,124234
70,33410989,120720
70,33783231,117260
70,34141693,113971
70,34538544,110448
70,34931233,107628
70,35308275,104593
70,35687100,101687
70,36092585,99342
70,36452817,96813
70,36879715,94497
70,37266764,92452
70,37681661,90810
70,38033242,89123
70,38453931,87620
70,38846264,86446
70,39226174,85320
70,39618327,84482
70,39970762,83785
70,40347154,83200
70,40743664,82855
70,41127718,82654
70,41516584,82633
70,41889563,82659
70,42250624,82439
70,42642770,82388
70,43071410,82282
70,43457992,82158
70,43869802,82105
70,44267064,82006
70,44637490,82016
70,44991540,82036
70,45370851,82085
70,45762552,82143
70,46121694,82175
70,46492693,82215
70,46844929,82266
70,47247246,82308
70,47640355,82361
70,48035962,82398
70,48432385,82426
70,48829436,82454
70,49245204,82486
70,49639250,82509
70,50012173,82534
70,50432163,82551
70,50830491,82568
70,51244776,82587
70,51657949,82603
70,52012486,82624
70,52431193,82638
70,52783266,82651
70,53148908,82667
70,53539866,82683
70,53932355,82700
70,54313849,82713
70,54681632,82728
70,55094103,82738
70,55496695,82746
70,55908787,82755
70,56267231,82764
70,56662709,82776
70,57037746,82792
70,57434260,82803
70,57809340,82811
70,58208295,82818
70,58621112,82823
70,59034078,82834
70,59431908,82843
70,59809233,82853
70,60181170,82862
70,60553971,82871
70,60929332,82876
70,61296160,82882
70,61682170,82886
70,62064456,82893
70,62456189,82900
70,62867194,82906
70,63222411,82907
70,63616499,82913
70,63992720,82917
70,64370879,82923
70,64762875,82925
70,65118492,82928
70,65512587,82936
70,65898292,82942
70,66290323,82945
70,66660963,82945
70,67069052,82948
70,67432543,82950
70,67827943,82952
70,68246531,82955
70,68637801,82960
70,69013959,82963
70,69409673,82968
70,69762497,82973
70,70141071,82983
70,70533741,82996
70,70888084,83012
70,71265474,83033
70,71659238,83060
70,72033646,83092
70,72431656,83122
70,72802773,83154
70,73161150,83183
70,73554391,83205
70,73928193,83220
70,74286354,83232
70,74680236,83236
70,75065464,83234
70,75460600,83223
70,75825924,83214
70,76187140,83198
70,76582772,83178
70,76993201,83164
70,77345646,83150
70,77722038,83135
70,78117363,83120
70,78474974,83113
70,78847380,83103
70,79245478,83096
70,79639941,83091
70,80031948,83085
70,80431633,83083
70,80783624,83080
70,81141994,83080
70,81533568,83076
70,81907857,83076
70,82267411,83073
70,82639392,83071
70,82991654,83068
70,83368617,83067
70,83743309,83063
70,84143670,83061
70,84533859,83058
70,84889099,83055
70,85284577,83051
70,85648310,83049
70,86034273,83044
70,86430242,83042
70,86785131,83040
70,87140592,83038
70,87534602,83035
70,87888703,83033
70,88264374,83032
70,88680597,83030
70,89035310,83028
70,89431284,83027
70,89784612,83025
70,90172365,83025
70,90568867,83023
70,90936687,83022
70,91333942,83021
70,91742717,83020
70,92106284,83018
70,92490763,83018
70,92864999,83017
70,93244684,83014
70,93636745,83014
70,93988994,83014
70,94366915,83012
70,94739582,83011
70,95115974,83011
70,95469768,83011
70,95843354,83011
70,96242444,83011
70,96593365,83010
70,96967380,83009
70,97371580,83009
70,97740822,83009
70,98102482,83007
70,98493518,83006
70,98867819,83006
70,99242548,83005
70,99617568,83005
70,99968657,83005
70,100349930,83005
70,100741155,83006
70,101120741,83005
70,101512469,83005
70,101864012,83005
70,102241814,83005
70,102594855,83004
70,102968046,83004
70,103366040,83004
70,103740660,83004
70,104107388,83003
70,104494528,83002
70,104889518,83002
70,105264983,83002
70,105657878,83002
70,106031823,83003
70,106430963,83003
70,106807213,83003
70,107204521,83004
70,107614584,83004
70,107969207,83004
70,108348600,83004
70,108741951,83002
70,109104234,83002
70,109492874,83002
70,109879218,83001
70,110268376,83001
70,110637919,82999
70,110990244,82999
70,111365657,82999
70,111741258,82999
70,112122268,82999
70,112512463,82999
70,112887363,82999
70,113244165,82999
70,113636001,82999
70,114019142,82999
70,114387725,82999
70,114740282,82999
70,115103205,82999
70,115490392,82998
70,115842946,82998
70,116222355,82998
70,116615809,82997
70,116968979,82997
70,117345538,82998
70,117718800,82998
70,118115854,82998
70,118470543,82996
70,118843885,82996
70,119246652,82996
70,119638044,82996
70,119988789,82995
70,120369822,82995
70,120762720,82995
71,702243,582985
71,1118035,582572
71,1492658,581932
71,1888221,581429
71,2282910,580574
71,2687844,579547
71,3078146,578330
71,3469118,577152
71,3844004,575575
71,4239482,574043
71,4593179,572352
71,4969215,570225
71,5385061,568206
71,5756571,565696
71,6138330,563312
71,6533504,560382
71,6907788,557308
71,7324261,554094
71,7727346,551094
71,8093502,547409
71,8489263,543991
71,8866974,539944
71,9259991,536327
71,9614952,532471
71,9993957,527814
71,10387342,523621
71,10786690,518766
71,11179538,513564
71,11579547,508140
71,12018310,502674
71,12390260,496855
71,12807426,490840
71,13203815,484815
71,13617933,478294
71,14034478,471847
71,14429152,465981
71,14809584,458863
71,15204223,451977
71,15615726,444455
71,16032899,437035
71,16432167,430310
71,16853320,421350
71,17244023,414332
71,17615394,405991
71,18027912,398594
71,18388344,389886
71,18783697,382128
71,19178435,373022
71,19575731,363735
71,19970051,354271
71,20389733,344562
71,20783665,334716
71,21178756,325919
71,21573630,316593
71,21970779,307735
71,22362970,299446
71,22738594,291571
71,23095017,282783
71,23490085,275023
71,23886900,266344
71,24281989,258055
71,24689186,249703
71,25072379,242795
71,25425803,235769
71,25801760,229026
71,26180611,221472
71,26577059,214028
71,26970224,207796
71,27345099,200659
71,27744467,194811
71,28115733,188908
71,28468147,183323
71,28844229,177135
71,29237850,171639
71,29591892,166659
71,29968552,160934
71,30341281,155941
71,30728744,150860
71,31114071,146271
71,31487969,141757
71,31849620,137183
71,32261765,132508
71,32657267,128503
71,33034430,124302
71,33407320,120760
71,33785082,116830
71,34175905,113574
71,34550201,110477
71,34908550,107648
71,35279903,104989
71,35633262,102066
71,36054014,99378
71,36459094,96841
71,36851267,94804
71,37238800,92968
71,37612625,91035
71,37990367,89315
71,38384207,87954
71,38761590,86575
71,39177201,85541
71,39529269,84664
71,39885749,83913
71,40238972,83340
71,40591152,82935
71,40968331,82658
71,41363793,82583
71,41725941,82628
71,42093043,82479
71,42498213,82350
71,42913759,82307
71,43326519,82151
71,43728073,82111
71,44137926,82009
71,44532220,81997
71,44907600,82028
71,45301622,82061
71,45685596,82122
71,46076185,82152
71,46488423,82184
71,46846761,82227
71,47239997,82268
71,47615562,82317
71,48032529,82352
71,48427083,82381
71,48783129,82413
71,49176827,82447
71,49578212,82473
71,49991029,82500
71,50383817,82521
71,50741061,82549
71,51134417,82571
71,51507151,82596
71,51864719,82619
71,52216689,82635
71,52591996,82652
71,52989034,82663
71,53341809,82676
71,53729463,82691
71,54117933,82702
71,54512182,82713
71,54889723,82728
71,55283082,82738
71,55689715,82749
71,56059061,82761
71,56430817,82771
71,56823949,82784
71,57239831,82792
71,57592472,82803
71,57972588,82813
71,58365925,82826
71,58782553,82839
71,59178961,82845
71,59555966,82852
71,59951696,82862
71,60364750,82868
71,60726068,82875
71,61127426,82882
71,61491483,82889
71,61888313,82898
71,62281794,82901
71,62654059,82905
71,63032249,82909
71,63385400,82911
71,63752016,82914
71,64135072,82916
71,64508549,82916
71,64869868,82925
71,65263602,82930
71,65636085,82938
71,66037280,82948
71,66409957,82964
71,66805804,82984
71,67191400,83009
71,67574955,83041
71,67992457,83081
71,68384814,83119
71,68764091,83161
71,69158423,83193
71,69532944,83223
71,69929823,83243
71,70306660,83255
71,70714327,83259
71,71073794,83258
71,71468485,83249
71,71845033,83234
71,72238955,83219
71,72593628,83201
71,72970523,83180
71,73364291,83163
71,73726296,83147
71,74092432,83130
71,74489136,83119
71,74844934,83108
71,75217501,83100
71,75613341,83095
71,75996125,83091
71,76387161,83088
71,76785564,83086
71,77178084,83083
71,77553164,83081
71,77910695,83081
71,78282418,83080
71,78688594,83078
71,79061039,83075
71,79448997,83072
71,79868861,83069
71,80262237,83067
71,80636727,83062
71,81054260,83058
71,81451384,83057
71,81865963,83051
71,82281898,83049
71,82633596,83047
71,83033040,83043
71,83405186,83041
71,83760974,83037
71,84156090,83036
71,84529298,83036
71,84886485,83033
71,85291745,83032
71,85695379,83030
71,86059730,83028
71,86427300,83026
71,86784705,83025
71,87178018,83025
71,87551095,83023
71,87910058,83022
71,88305547,83020
71,88694838,83019
71,89095524,83018
71,89491471,83017
71,89889013,83016
71,90262642,83016
71,90677553,83014
71,91077460,83013
71,91501562,83013
71,91868374,83012
71,92263558,83011
71,92658709,83010
71,93033187,83010
71,93427217,83010
71,93805506,83009
71,94198283,83009
71,94572452,83008
71,94932517,83007
71,95327779,83007
71,95740558,83007
71,96155192,83007
71,96508438,83007
71,96867081,83006
71,97259135,83006
71,97633981,83005
71,98036785,83003
71,98408496,83003
71,98807307,83003
71,99182835,83003
71,99578478,83002
71,99993380,83002
71,100383109,83001
71,100764401,83001
71,101159462,83001
71,101532565,83001
71,101930799,83001
71,102307611,83000
71,102714275,83000
71,103073661,83000
71,103466726,83000
71,103844166,82999
71,104239369,82999
71,104592141,82999
71,104972464,82999
71,105366418,82999
71,105782897,83000
71,106177349,83000
71,106529505,83000
71,106907747,82999
71,107324650,82999
71,107726492,82999
71,108113799,82999
71,108489020,82999
71,108849006,82999
71,109222209,82999
71,109613468,82998
71,110003389,82998
71,110388842,82998
71,110785698,82998
71,111178853,82998
71,111572067,82998
71,111934688,82998
72,694443,582985
72,1076109,582571
72,1488445,582004
72,1846481,581441
72,2260103,580722
72,2629901,579711
72,3036974,578515
72,3424637,577375
72,3808451,575836
72,4199953,574105
72,4624278,572162
72,5015431,570005
72,5425479,567964
72,5782568,565429
72,6195984,563007
72,6550431,560438
72,6927694,557355
72,7321808,554547
72,7676028,551574
72,8030449,548384
72,8403876,544517
72,8808070,540471
72,9221114,536337
72,9647517,531904
72,10034003,527210
72,10448393,523013
72,10824861,518121
72,11217006,513547
72,11570274,508121
72,11993336,502652
72,12382036,497583
72,12745918,492327
72,13137373,486348
72,13532138,479980
72,13928535,473468
72,14347000,466881
72,14741370,459776
72,15139117,453746
72,15528683,446392
72,15926623,439791
72,16280513,433283
72,16662439,425267
72,17050101,418376
72,17425771,410073
72,17801636,402795
72,18174979,395229
72,18551059,387626
72,18925644,378604
72,19298985,370682
72,19693546,361284
72,20072567,353026
72,20425303,344496
72,20790797,334661
72,21198395,325863
72,21550738,317660
72,21925694,309935
72,22278435,300601
72,22681739,291523
72,23094939,282722
72,23490266,274961
72,23866776,266259
72,24265887,257974
72,24693985,249635
72,25093503,242729
72,25446408,235716
72,25826760,228071
72,26218025,221455
72,26570646,214082
72,26990442,207034
72,27382863,200919
72,27739998,195224
72,28112897,189424
72,28466698,183924
72,28836244,177897
72,29218937,172430
72,29591803,166705
72,29994779,161630
72,30368236,155783
72,30763236,150546
72,31177053,145770
72,31529709,141077
72,31929877,136402
72,32322457,132282
72,32689443,127571
72,33053732,123907
72,33428544,120493
72,33823944,116559
72,34220344,112862
72,34625393,109461
72,35017564,106323
72,35428787,103352
72,35825199,100904
72,36198757,98596
72,36575333,96148
72,36975486,93921
72,37367391,92153
72,37746307,90321
72,38135960,88665
72,38553577,87207
72,38971151,85923
72,39367833,84985
72,39743545,84063
72,40142422,83361
72,40532711,82938
72,40927648,82639
72,41303400,82545
72,41699714,82591
72,42093898,82477
72,42450031,82318
72,42846994,82300
72,43238904,82149
72,43627755,82101
72,43996106,82027
72,44391887,81958
72,44805295,81979
72,45197388,81992
72,45582799,82059
72,45968804,82092
72,46320953,82117
72,46681300,82148
72,47052703,82179
72,47426785,82212
72,47784092,82255
72,48179078,82282
72,48571065,82310
72,48949288,82338
72,49343157,82372
72,49720576,82408
72,50113492,82439
72,50467668,82465
72,50844949,82492
72,51238660,82515
72,51590539,82541
72,51969045,82570
72,52320128,82599
72,52711664,82631
72,53102537,82660
72,53504241,82681
72,53875888,82703
72,54261870,82718
72,54679215,82732
72,55095730,82744
72,55488472,82752
72,55843986,82759
72,56219461,82768
72,56574037,82778
72,56972886,82786
72,57345622,82792
72,57743260,82795
72,58138447,82802
72,58531794,82803
72,58929013,82807
72,59325611,82809
72,59699952,82813
72,60095103,82816
72,60467416,82820
72,60823577,82827
72,61239635,82836
72,61591327,82847
72,61991700,82859
72,62368771,82870
72,62765186,82879
72,63175467,82889
72,63529084,82899
72,63910819,82909
72,64304230,82920
72,64701339,82927
72,65073052,82935
72,65426633,82939
72,65783595,82945
72,66153478,82950
72,66550374,82956
72,66926283,82962
72,67282873,82967
72,67686565,82971
72,68074987,82973
72,68448406,82973
72,68825775,82974
72,69219735,82975
72,69646671,82975
72,70041749,82976
72,70427285,82979
72,70805277,82979
72,71176414,82981
72,71528554,82981
72,71927860,82985
72,72321221,82990
72,72697271,82993
72,73050820,82999
72,73424673,83003
72,73781959,83011
72,74175446,83021
72,74549416,83037
72,74931645,83064
72,75321266,83090
72,75684664,83122
72,76075059,83149
72,76448335,83172
72,76803410,83196
72,77199101,83212
72,77580116,83227
72,77972516,83235
72,78345875,83238
72,78738260,83239
72,79093291,83237
72,79447322,83231
72,79823815,83223
72,80217138,83209
72,80570655,83197
72,80947016,83183
72,81300683,83170
72,81661511,83155
72,82029159,83144
72,82424885,83132
72,82780027,83123
72,83152742,83116
72,83549926,83110
72,83924897,83104
72,84277678,83101
72,84678201,83095
72,85049734,83094
72,85403916,83090
72,85803574,83087
72,86177563,83086
72,86528550,83084
72,86927806,83078
72,87300535,83077
72,87663169,83075
72,88050718,83070
72,88423853,83068
72,88780191,83066
72,89158295,83061
72,89527487,83058
72,89929408,83056
72,90320930,83053
72,90686277,83048
72,91073630,83047
72,91447635,83044
72,91804606,83041
72,92196985,83039
72,92569778,83038
72,92969765,83035
72,93341402,83034
72,93698329,83033
72,94063296,83032
72,94447109,83030
72,94822582,83030
72,95174769,83028
72,95527919,83025
72,95926887,83025
72,96299379,83023
72,96665909,83021
72,97031648,83020
72,97424551,83020
72,97780441,83018
72,98154517,83017
72,98548844,83016
72,98926364,83014
72,99280266,83013
72,99679787,83012
72,100053058,83012
72,100447429,83012
72,100803319,83011
72,101177537,83010
72,101540740,83010
72,101933109,83009
72,102321361,83008
72,102699821,83008
72,103073547,83008
72,103425640,83006
72,103780497,83006
72,104154162,83006
72,104528810,83005
72,104926892,83005
72,105278350,83005
72,105674921,83005
72,106027889,83004
72,106404096,83004
72,106802577,83004
72,107153595,83004
72,107528758,83002
72,107930307,83002
72,108324220,83002
72,108700401,83002
72,109094133,83002
72,109468221,83001
72,109824509,83001
72,110237155,83001
72,110592782,83001
72,110990200,83000
72,111343869,82999
72,111700889,83000
72,112071134,83000
72,112424258,83000
72,112783895,83000
72,113157920,83000
72,113553766,83000
72,113928138,83000
72,114322163,83000
72,114678722,83000
72,115053433,83000
72,115446332,83000
72,115803869,83000
72,116177243,83000
72,116529121,83000
72,116928541,83000
72,117322053,82998
72,117725793,82998
72,118116855,82998
72,118513911,82998
72,118933885,82998
72,119325160,82998
72,119701310,82998
72,120075804,82998
72,120470334,82998
72,120867584,82998
72,121238503,82999
72,121592706,82999
72,121990764,82998
72,122366735,82997
72,122767283,82997
72,123157706,82997
72,123529661,82995
72,123931488,82995
72,124325154,82995
72,124721932,82995
72,125116126,82995
72,125488876,82994
72,125858466,82993
72,126220968,82993
72,126626043,82993
72,126989956,82994
72,127368435,82994
73,715793,582985
73,1122800,582573
73,1515627,582007
73,1889398,581521
73,2251438,580721
73,2663638,579709
73,3069260,578666
73,3440574,577374
73,3830003,575831
73,4248816,574100
73,4642247,572413
73,5016942,570279
73,5413253,568262
73,5785839,566077
73,6144192,563370
73,6539728,560819
73,6912644,557758
73,7312362,554564
73,7709786,551594
73,8108113,547934
73,8497545,544035
73,8891419,540493
73,9267578,536363
73,9662812,532496
73,10035644,527837
73,10435304,523039
73,10874275,518146
73,11266270,512889
73,11662160,508120
73,12015050,503353
73,12412171,497565
73,12807658,492300
73,13166514,486321
73,13577839,480757
73,13953333,474209
73,14373209,467674
73,14748094,460576
73,15143594,453673
73,15537838,447256
73,15913465,439710
73,16331388,432239
73,16724523,425190
73,17107246,417338
73,17517610,409012
73,17911193,401732
73,18269249,393064
73,18663692,385454
73,19036451,376377
73,19456695,367254
73,19847724,358959
73,20225225,349408
73,20619704,340867
73,20995425,330887
73,21391002,322268
73,21744718,314326
73,22121217,305389
73,22514120,297064
73,22889828,289353
73,23257522,280487
73,23641881,271673
73,24035607,264174
73,24437943,255903
73,24834374,247665
73,25227639,240773
73,25599735,232795
73,25997471,226208
73,26392156,218599
73,26788228,211448
73,27182984,204334
73,27585594,197597
73,27996814,190969
73,28394727,185359
73,28788270,179431
73,29186403,173176
73,29585657,167459
73,29995389,161697
73,30412672,155852
73,30808895,151304
73,31210316,145883
73,31599669,140618
73,31994536,136567
73,32349205,131710
73,32765285,127622
73,33119855,123480
73,33536306,120007
73,33889645,116552
73,34245355,112848
73,34661226,109831
73,35013768,106690
73,35416069,104066
73,35789290,101192
73,36185833,98882
73,36563306,96398
73,36961648,94130
73,37372168,92121
73,37789125,90305
73,38185912,88665
73,38594439,87382
73,38954061,86076
73,39351904,85124
73,39724700,84190
73,40145785,83464
73,40538905,82956
73,40933974,82677
73,41313799,82547
73,41710402,82583
73,42107740,82473
73,42495886,82316
73,42847619,82307
73,43225920,82162
73,43599722,82088
73,43993599,82028
73,44369885,81955
73,44722329,81975
73,45105063,81994
73,45493295,82038
73,45867364,82071
73,46226952,82095
73,46618959,82120
73,46993158,82153
73,47348997,82189
73,47732887,82234
73,48131712,82262
73,48518927,82291
73,48912802,82321
73,49290993,82357
73,49684472,82392
73,50073179,82425
73,50433377,82458
73,50827514,82489
73,51187675,82518
73,51561325,82549
73,51951833,82569
73,52307199,82585
73,52687315,82602
73,53090938,82621
73,53452867,82638
73,53810340,82661
73,54202866,82677
73,54561942,82699
73,54930593,82716
73,55287822,82736
73,55683081,82752
73,56068422,82768
73,56456984,82783
73,56868879,82796
73,57228917,82809
73,57599984,82828
73,57995471,82843
73,58350092,82856
73,58724217,82866
73,59121044,82872
73,59494677,82874
73,59848853,82877
73,60224506,82879
73,60598229,82883
73,60973685,82887
73,61349019,82887
73,61722574,82891
73,62105833,82896
73,62504460,82898
73,62892437,82900
73,63270881,82904
73,63643112,82910
73,64036544,82916
73,64454707,82918
73,64847485,82926
73,65225802,82929
73,65620731,82929
73,65992481,82930
73,66349505,82932
73,66764268,82934
73,67120387,82939
73,67514425,82943
73,67888972,82947
73,68249482,82954
73,68642744,82958
73,69017952,82962
73,69415290,82963
73,69788612,82968
73,70185395,82975
73,70577202,82983
73,70956206,82996
73,71372938,83007
73,71764437,83019
73,72140845,83030
73,72541578,83040
73,72933854,83047
73,73315598,83052
73,73685610,83057
73,74089420,83060
73,74496060,83066
73,74889517,83068
73,75245965,83072
73,75621052,83079
73,76014645,83090
73,76391051,83104
73,76785704,83122
73,77140821,83144
73,77514330,83166
73,77889822,83187
73,78267304,83202
73,78640104,83211
73,78992812,83219
73,79353367,83221
73,79747512,83218
73,80122623,83208
73,80516542,83198
73,80891765,83185
73,81289335,83171
73,81684464,83159
73,82072187,83146
73,82433762,83134
73,82831925,83121
73,83247951,83111
73,83641398,83105
73,84015580,83097
73,84413430,83094
73,84785797,83089
73,85144885,83086
73,85536465,83083
73,85889843,83080
73,86270308,83079
73,86671362,83077
73,87037393,83073
73,87437267,83072
73,87805735,83071
73,88162536,83066
73,88556179,83064
73,88910749,83061
73,89287383,83058
73,89682096,83055
73,90035070,83051
73,90429525,83049
73,90808348,83046
73,91189849,83043
73,91579552,83040
73,91995964,83038
73,92394780,83034
73,92787679,83034
73,93185082,83031
73,93584598,83030
73,93993394,83029
73,94349526,83028
73,94745499,83027
73,95128035,83024
73,95539670,83024
73,95930778,83024
73,96290872,83022
73,96695603,83020
73,97072812,83020
73,97432603,83020
73,97832678,83019
73,98246410,83018
73,98640915,83016
73,99014724,83016
73,99411314,83015
73,99787030,83013
73,100141483,83013
73,100535990,83013
73,100889671,83012
73,101268795,83011
73,101682169,83011
73,102034349,83011
73,102432827,83010
73,102811290,83009
73,103211307,83008
73,103620734,83007
73,104017129,83006
73,104417219,83005
73,104789700,83005
73,105185492,83005
73,105560962,83004
73,105935732,83004
73,106329389,83003
73,106743255,83003
73,107108900,83003
73,107495988,83003
73,107868203,83003
73,108224919,83002
73,108618346,83002
73,108992543,83002
73,109350810,83001
73,109724781,83001
73,110133597,83001
73,110494406,83001
73,110888693,83001
73,111258038,83000
73,111620642,83000
73,112014017,83000
73,112415221,82999
73,112789156,82999
73,113186137,82999
73,113559060,82999
73,113952396,82999
73,114315699,82999
73,114682897,82999
73,115093316,82999
73,115453161,82999
73,115808646,82999
73,116205814,83000
73,116620361,83000
73,116993299,83000
73,117349583,82999
73,117745023,82999
73,118105569,82998
73,118495266,82997
73,118890033,82997
73,119247921,82996
73,119643483,82995
73,120015151,82995
73,120393475,82995
73,120787295,82995
73,121196047,82996
73,121584330,82997
73,121993905,82997
73,122371056,82996
73,122766097,82996
73,123165219,82996
74,723493,582985
74,1117202,582652
74,1511667,582013
74,1888723,581446
74,2282949,580724
74,2637384,579855
74,3012547,578675
74,3407856,577553
74,3788931,576053
74,4181290,574340
74,4576883,572692
74,4958304,570571
74,5350079,568574
74,5771013,566098
74,6160125,563391
74,6553765,560834
74,6912079,557763
74,7305108,554567
74,7735354,551136
74,8139475,547440
74,8532611,544015
74,8891095,540475
74,9264411,536344
74,9657025,531907
74,10055816,527818
74,10450269,523019
74,10826971,518761
74,11225085,513544
74,11619983,508112
74,12015302,503349
74,12411492,497570
74,12806931,491562
74,13200723,486338
74,13556480,479956
74,13954240,474235
74,14332944,467723
74,14735124,461514
74,15097227,454578
74,15491937,448299
74,15870642,440692
74,16264326,433275
74,16658946,426275
74,17055882,418396
74,17450527,411168
74,17805490,402849
74,18221200,395282
74,18580065,386591
74,18976485,377510
74,19366066,369582
74,19749690,361318
74,20138853,351850
74,20512351,343305
74,20866566,334675
74,21241422,324652
74,21636958,316536
74,21996160,308801
74,22377038,299376
74,22765811,291512
74,23136262,283813
74,23490080,274948
74,23894071,267323
74,24264818,259023
74,24659482,250672
74,25081986,242737
74,25476907,234719
74,25893055,227145
74,26282671,220503
74,26657022,213222
74,27079849,206144
74,27475625,199276
74,27870854,193590
74,28263988,186965
74,28657972,180905
74,29077718,174663
74,29475539,168697
74,29889840,162998
74,30304701,157758
74,30658984,152373
74,31055811,147743
74,31448957,142236
74,31847091,137466
74,32241153,133421
74,32614049,128682
74,32998566,124909
74,33370159,120991
74,33785838,117052
74,34181748,113778
74,34555196,110305
74,34953283,107106
74,35344078,104476
74,35730277,101604
74,36148115,98938
74,36561495,96450
74,36956956,94182
74,37354865,92387
74,37731820,90521
74,38116820,89042
74,38491497,87714
74,38870106,86364
74,39262696,85364
74,39615515,84506
74,39992536,83694
74,40386837,83179
74,40752492,82782
74,41159815,82590
74,41554356,82572
74,41909720,82602
74,42282884,82410
74,42658843,82338
74,43035674,82270
74,43408522,82139
74,43771686,82096
74,44161302,81996
74,44553377,81968
74,44931043,81979
74,45303734,82005
74,45658343,82062
74,46055544,82084
74,46449045,82111
74,46829037,82146
74,47216604,82194
74,47618851,82251
74,48016800,82292
74,48409735,82323
74,48786255,82356
74,49178400,82391
74,49554915,82426
74,49914188,82462
74,50306903,82487
74,50679596,82512
74,51078542,82534
74,51453743,82560
74,51853026,82587
74,52263564,82611
74,52657628,82627
74,53055605,82647
74,53449248,82662
74,53805171,82682
74,54200868,82700
74,54552807,82717
74,54914515,82730
74,55286921,82744
74,55681382,82750
74,56058678,82759
74,56453328,82761
74,56832280,82764
74,57206709,82766
74,57573154,82770
74,57951099,82777
74,58355132,82785
74,58732660,82797
74,59119612,82809
74,59494060,82824
74,59891580,82844
74,60316004,82858
74,60712542,82873
74,61075447,82889
74,61469772,82903
74,61831158,82914
74,62204190,82919
74,62600638,82924
74,63016819,82926
74,63408868,82925
74,63785219,82921
74,64178914,82920
74,64553910,82923
74,64909569,82928
74,65303222,82932
74,65679403,82939
74,66082406,82945
74,66454806,82948
74,66856074,82954
74,67222536,82961
74,67618717,82964
74,68014602,82967
74,68388912,82970
74,68787387,82971
74,69159110,82974
74,69552537,82978
74,69909698,82983
74,70281765,82987
74,70639765,82990
74,71036405,82993
74,71406828,82993
74,71785883,82997
74,72180241,82997
74,72595276,82997
74,72955919,82996
74,73349356,82996
74,73773770,82996
74,74161126,82997
74,74531653,83001
74,74889086,83012
74,75283767,83028
74,75656592,83058
74,76055349,83085
74,76449088,83120
74,76847515,83156
74,77243956,83183
74,77637383,83207
74,78015736,83229
74,78411598,83241
74,78785871,83251
74,79177989,83253
74,79552742,83252
74,79911908,83240
74,80306363,83230
74,80679909,83210
74,81079304,83196
74,81448689,83177
74,81807268,83161
74,82201588,83148
74,82576468,83134
74,82973319,83121
74,83389711,83113
74,83786094,83105
74,84159674,83100
74,84554322,83096
74,84940496,83093
74,85347560,83091
74,85750613,83088
74,86158712,83086
74,86510493,83085
74,86865825,83083
74,87239988,83079
74,87635792,83077
74,87997826,83074
74,88389364,83071
74,88765833,83067
74,89159759,83065
74,89555826,83062
74,89953577,83057
74,90345194,83056
74,90719892,83050
74,91118344,83049
74,91490615,83046
74,91891327,83042
74,92284587,83040
74,92659323,83039
74,93057947,83037
74,93448786,83035
74,93828277,83034
74,94201891,83030
74,94598546,83030
74,95015694,83030
74,95408137,83026
74,95783752,83026
74,96179864,83025
74,96563786,83025
74,96953644,83022
74,97346410,83022
74,97749146,83021
74,98137270,83020
74,98488676,83020
74,98871279,83018
74,99263739,83016
74,99656321,83016
74,100056193,83014
74,100452531,83013
74,100853275,83012
74,101264140,83012
74,101656346,83012
74,102057567,83012
74,102450260,83011
74,102807170,83011
74,103201547,83011
74,103602695,83011
74,103993369,83010
74,104369108,83010
74,104751582,83008
74,105158814,83008
74,105511624,83006
74,105868105,83006
74,106261610,83006
74,106636901,83006
74,107012296,83004
74,107385850,83004
74,107763440,83004
74,108156932,83004
74,108533239,83004
74,108887207,83002
74,109281641,83002
74,109667281,83002
74,110080122,83002
74,110474803,83002
74,110892284,83002
74,111285148,83002
74,111659827,83002
74,112058873,83001
74,112451581,83001
74,112833443,83000
74,113199996,83000
74,113598707,83000
74,114014268,83000
74,114409719,83000
74,114786205,82999
74,115179194,82999
74,115553985,82999
74,115912922,83000
74,116304900,83000
74,116678413,83000
74,117076630,82999
74,117453281,82999
74,117852017,82998
74,118242816,82998
74,118615597,82997
74,118991901,82997
74,119388652,82998
74,119783857,82998
74,120158164,82996
74,120511510,82996
74,120880650,82997
74,121246345,82998
74,121639151,82998
74,122057153,82998
74,122452335,82997
75,716936,582985
75,1118126,582654
75,1474432,582013
75,1869981,581526
75,2243564,580724
75,2642730,579846
75,3016568,578658
75,3407521,577537
75,3766368,576235
75,4145124,574530
75,4537031,572908
75,4912199,570814
75,5305564,568839
75,5662589,566704
75,6033757,564412
75,6385963,561911
75,6744916,558905
75,7158066,556177
75,7515193,552900
75,7915645,549794
75,8285794,546021
75,8682037,542534
75,9061079,538482
75,9452629,534203
75,9870550,529639
75,10284784,525474
75,10640148,520677
75,11035122,516268
75,11407699,511562
75,11765615,506136
75,12182610,500566
75,12588585,495343
75,12950655,490102
75,13307657,484023
75,13707279,477456
75,14116986,471821
75,14468980,465938
75,14846652,458809
75,15242422,452791
75,15619905,445307
75,16011598,438766
75,16367355,432201
75,16721102,425146
75,17101754,417298
75,17492665,408964
75,17912958,400640
75,18306161,393037
75,18687801,384326
75,19080456,375240
75,19491651,367258
75,19846877,357790
75,20241444,349434
75,20618162,339682
75,21013568,330916
75,21386342,322290
75,21741942,314335
75,22116074,306541
75,22470798,297053
75,22890385,288251
75,23286888,279356
75,23684160,271652
75,24059735,263112
75,24454015,254834
75,24869892,246661
75,25262566,239763
75,25625703,232789
75,26012395,226191
75,26386163,218569
75,26764946,211368
75,27179157,205043
75,27531848,198150
75,27951890,191487
75,28344465,185668
75,28727482,179534
75,29116168,173987
75,29468772,168795
75,29849611,163183
75,30246209,157360
75,30661484,152183
75,31057181,147674
75,31434836,142408
75,31849627,137775
75,32240772,133711
75,32618390,129069
75,33015511,124823
75,33410891,121274
75,33786108,117322
75,34181462,114047
75,34599024,110076
75,34993456,107281
75,35364999,104640
75,35722795,101744
75,36138597,99069
75,36534862,96554
75,36953337,94279
75,37367061,92480
75,37720815,90832
75,38095203,89139
75,38489845,87807
75,38846074,86616
75,39220894,85452
75,39606801,84596
75,39974385,83784
75,40366722,83259
75,40742865,82852
75,41136528,82660
75,41511897,82616
75,41909240,82634
75,42260954,82436
75,42621739,82362
75,43014903,82293
75,43411676,82154
75,43807558,82125
75,44185029,82021
75,44591002,82010
75,44949621,82033
75,45307599,82064
75,45708698,82116
75,46074905,82142
75,46432178,82170
75,46829253,82215
75,47240502,82248
75,47614557,82289
75,47970541,82322
75,48365709,82344
75,48722169,82372
75,49115848,82399
75,49489056,82424
75,49846251,82450
75,50220637,82476
75,50632637,82497
75,50995379,82520
75,51389172,82543
75,51808685,82560
75,52206259,82579
75,52619826,82592
75,53014649,82610
75,53407149,82631
75,53805127,82653
75,54158904,82671
75,54513714,82693
75,54913940,82711
75,55286384,82730
75,55683423,82743
75,56061998,82759
75,56455809,82772
75,56870287,82786
75,57266162,82798
75,57641917,82813
75,58036273,82827
75,58407595,82841
75,58763641,82851
75,59169329,82861
75,59535211,82867
75,59930088,82874
75,60324069,82878
75,60705675,82880
75,61115794,82884
75,61470335,82890
75,61850826,82900
75,62243266,82908
75,62640007,82910
75,63013650,82915
75,63368766,82917
75,63764837,82921
75,64136432,82925
75,64490452,82929
75,64846081,82934
75,65222727,82941
75,65618515,82945
75,66015148,82952
75,66408969,82960
75,66764489,82975
75,67158565,83001
75,67563981,83033
75,67932917,83076
75,68328354,83121
75,68742530,83167
75,69136963,83200
75,69510292,83232
75,69909149,83252
75,70282333,83265
75,70637872,83269
75,71010371,83269
75,71364204,83262
75,71720898,83250
75,72126689,83230
75,72532969,83207
75,72936765,83189
75,73308408,83168
75,73708582,83148
75,74120079,83134
75,74514159,83120
75,74912851,83108
75,75286009,83102
75,75661735,83096
75,76056885,83091
75,76427231,83089
75,76784256,83085
75,77180712,83085
75,77539000,83082
75,77919489,83081
75,78301694,83080
75,78690959,83078
75,79092091,83076
75,79496955,83073
75,79873522,83070
75,80280670,83067
75,80643294,83063
75,81029002,83060
75,81384215,83057
75,81748136,83053
75,82212909,83048
75,82734145,83045
75,83123625,83041
75,83516513,83039
75,83945224,83036
75,84346905,83034
75,84711449,83032
75,85080177,83031
75,85413257,83030
75,85749098,83029
75,86073021,83028
75,86438037,83025
75,86822875,83024
75,87185718,83023
75,87508173,83022
75,87864879,83019
75,88218834,83019
75,88599918,83018
75,88946598,83016
75,89304926,83015
75,89655125,83013
75,90006674,83013
75,90316101,83012
75,90631694,83011
75,90939992,83011
75,91254239,83011
75,91574408,83011
75,91904694,83011
75,92254699,83010
75,92611346,83009
75,92942081,83009
75,93253380,83008
75,93595227,83008
75,93962700,83007
75,94281216,83007
75,94608765,83006
75,94942254,83006
75,95283803,83006
75,95629380,83004
75,95939025,83004
75,96252303,83004
75,96569707,83004
75,96882891,83004
75,97205192,83003
75,97528085,83002
75,97867056,83002
75,98197676,83002
75,98537719,83002
75,98882208,83002
75,99191159,83002
75,99533368,83002
75,99863938,83002
75,100191813,83002
75,100519950,83002
75,100884538,83002
75,101217233,83002
75,101602266,83002
75,101944570,83002
75,102252986,83002
75,102584070,83002
75,102916204,83002
75,103242404,83001
75,103613533,83001
75,103946220,83001
75,104307084,83001
75,104663274,83001
75,105006706,83000
75,105377448,83000
75,105806772,83000
75,106167717,83000
75,106511992,82999
75,106871606,82999
75,107222455,82999
75,107578432,82999
75,107921014,82999
75,108230983,83000
75,108629739,83000
75,108983633,83000
75,109349833,83000
75,109708466,82999
75,110037213,82999
75,110403460,82999
75,110716448,82999
75,111049153,82997
75,111361008,82997
75,111700951,82998
75,112035332,82998
75,112381996,82997
75,112699391,82998
75,113056630,82998
75,113400837,82996
75,113715659,82996
75,114031290,82997
75,114382331,82996
75,114693235,82997
75,115004053,82997
75,115317696,82997
75,115650688,82996
75,115992546,82996
75,116316426,82997
76,739350,582985
76,1115995,582656
76,1490690,582016
76,1886903,581530
76,2280569,580732
76,2676896,579713
76,3073245,578513
76,3471829,577204
76,3887410,575626
76,4282010,574103
76,4656966,572159
76,5075728,570000
76,5470300,567658
76,5887066,565091
76,6300919,562636
76,6654673,559668
76,7073082,556560
76,7471052,553304
76,7886145,549766
76,8278915,546479
76,8653451,542506
76,9071409,538965
76,9424818,535277
76,9780376,531352
76,10133195,527240
76,10503820,523053
76,10868984,518162
76,11259272,513576
76,11611668,508818
76,12012505,503377
76,12385442,497592
76,12803053,491573
76,13220240,485571
76,13615594,479112
76,14033517,472622
76,14445619,466809
76,14802737,459683
76,15200393,453655
76,15598195,446250
76,15990746,438754
76,16386068,431186
76,16784320,424148
76,17157004,416287
76,17570663,408962
76,17927706,400635
76,18321886,393026
76,18673973,385416
76,19072353,376338
76,19471316,367220
76,19863077,357756
76,20278897,349401
76,20632451,340872
76,20988196,330910
76,21404852,322308
76,21772699,313344
76,22178032,304456
76,22574296,295362
76,22990526,287184
76,23384832,279876
76,23782217,271642
76,24176487,263605
76,24570299,256616
76,24926428,248217
76,25320662,241108
76,25685652,232957
76,26104101,226073
76,26466652,219128
76,26824414,211603
76,27223029,205060
76,27613877,197849
76,28010819,190760
76,28405957,184602
76,28784148,177997
76,29177507,171469
76,29591412,166277
76,29973225,160404
76,30361887,155283
76,30762958,150098
76,31132433,145565
76,31486245,140998
76,31885234,136409
76,32278124,131939
76,32652773,127954
76,33055654,123825
76,33449166,120030
76,33849689,116190
76,34259839,112582
76,34655443,109238
76,35051859,106513
76,35436743,103553
76,35823545,101088
76,36198508,98453
76,36599897,96015
76,37016199,93794
76,37405183,92021
76,37782448,90184
76,38178140,88723
76,38569835,87244
76,38970956,85941
76,39362622,84982
76,39745940,84045
76,40134475,83326
76,40528256,82887
76,40884083,82604
76,41281143,82465
76,41674062,82515
76,42071258,82443
76,42445393,82268
76,42803572,82280
76,43197158,82174
76,43571422,82062
76,43927297,82042
76,44322952,81930
76,44709606,81931
76,45094149,81957
76,45512029,81984
76,45907973,82056
76,46281225,82069
76,46675573,82123
76,47072334,82182
76,47467655,82238
76,47828337,82313
76,48217872,82361
76,48634979,82404
76,49050970,82438
76,49445220,82457
76,49804396,82481
76,50175153,82499
76,50541116,82521
76,50932848,82537
76,51300840,82552
76,51674696,82568
76,52072202,82579
76,52424891,82589
76,52781157,82605
76,53174651,82613
76,53550945,82621
76,53907860,82627
76,54302128,82635
76,54676221,82648
76,55075585,82659
76,55451219,82676
76,55843867,82696
76,56256648,82711
76,56610611,82727
76,56990670,82750
76,57384764,82765
76,57783741,82785
76,58177801,82802
76,58572568,82813
76,58972776,82817
76,59382299,82815
76,59746713,82807
76,60123689,82802
76,60513194,82802
76,60886075,82801
76,61281124,82806
76,61673751,82813
76,62073076,82828
76,62446682,82837
76,62801858,82843
76,63175022,82850
76,63528706,82856
76,63884310,82861
76,64258882,82867
76,64610553,82871
76,64986539,82879
76,65382757,82886
76,65747191,82891
76,66133558,82899
76,66486191,82906
76,66863195,82917
76,67281452,82926
76,67679278,82928
76,68054417,82928
76,68448104,82927
76,68847590,82925
76,69236629,82926
76,69635232,82934
76,70030747,82938
76,70403324,82941
76,70782816,82945
76,71174734,82945
76,71527155,82946
76,71886655,82948
76,72279634,82953
76,72633253,82955
76,73008149,82958
76,73360814,82964
76,73746342,82970
76,74133526,82978
76,74495614,82987
76,74887739,82994
76,75278342,83001
76,75652235,83001
76,76029984,83007
76,76425200,83008
76,76778649,83009
76,77153636,83009
76,77505971,83007
76,77887252,83002
76,78283403,83001
76,78676307,82997
76,79077890,82995
76,79449307,82991
76,79823577,82991
76,80219133,82993
76,80634982,82994
76,81033239,82994
76,81404040,82994
76,81760159,82997
76,82157878,82998
76,82530611,82999
76,82886430,82999
76,83281344,82999
76,83673336,82999
76,84072064,82999
76,84434711,82999
76,84824164,82997
76,85196201,82999
76,85549681,83003
76,85920546,83010
76,86279594,83017
76,86632096,83022
76,86989713,83026
76,87386095,83026
76,87782157,83028
76,88176390,83030
76,88530608,83031
76,88926803,83032
76,89279944,83032
76,89631916,83030
76,90008421,83028
76,90363084,83026
76,90785521,83025
76,91176099,83029
76,91530379,83033
76,91884991,83039
76,92279449,83045
76,92655508,83049
76,93034791,83054
76,93445361,83058
76,93802032,83062
76,94196036,83066
76,94548929,83068
76,94930491,83071
76,95320860,83074
76,95674360,83075
76,96072944,83075
76,96464913,83076
76,96826899,83076
76,97219599,83073
76,97633445,83072
76,97988184,83071
76,98360371,83068
76,98782942,83067
76,99179846,83066
76,99572853,83066
76,99969769,83066
76,100363773,83074
76,100761385,83094
76,101155438,83113
76,101528464,83136
76,101884551,83161
76,102279704,83180
76,102634895,83195
76,103012865,83207
76,103426302,83212
76,103825028,83214
76,104203001,83209
76,104594082,83201
76,105010828,83188
76,105407520,83176
76,105782842,83164
76,106178561,83154
76,106570265,83140
76,106968709,83132
76,107362743,83121
76,107745258,83115
76,108131682,83108
76,108497312,83103
76,108886727,83099
76,109257128,83096
76,109611148,83094
76,109993798,83091
76,110384245,83088
76,110782144,83086
76,111176190,83081
76,111572704,83079
76,112015139,83076
76,112383321,83074
76,112746197,83069
76,113134809,83068
76,113508217,83063
76,113865049,83060
76,114259624,83058
76,114635225,83055
76,115030024,83051
76,115404063,83049
76,115783516,83047
76,116175293,83043
76,116531772,83041
76,116929636,83040
76,117300718,83039
76,117653658,83037
76,118052373,83035
76,118424940,83034
76,118779470,83031
76,119175859,83031
76,119549421,83030
76,119905521,83027
76,120298856,83025
76,120674163,83024
76,121078425,83021
76,121468102,83021
76,121865539,83020
76,122258934,83018
76,122612823,83017
76,122991191,83014
76,123393572,83014
76,123805894,83012
76,124198933,83011
76,124576185,83011
76,124969533,83010
76,125385933,83009
76,125781612,83007
76,126176666,83007
76,126569845,83006
76,126924465,83005
76,127278336,83005
76,127631519,83005
76,127987872,83004
76,128385012,83003
76,128779732,83002
76,129174485,83002
76,129528325,83001
76,129883637,83001
76,130279157,83000
76,130652269,82999
76,131050990,82997
76,131426418,82997
76,131844123,82997
76,132239870,82997
76,132624280,82997
76,133013515,82997
76,133385235,82997
76,133784138,82996
76,134176939,82996
76,134570537,82997
76,134949714,82997
76,135327135,82996
76,135729263,82996
76,136134170,82995
77,704755,582968
77,1111272,582492
77,1526316,581959
77,1878751,581471
77,2235715,580595
77,2650459,579727
77,3007373,578550
77,3401765,577349
77,3776333,576022
77,4131934,574317
77,4546883,572636
77,4899935,570531
77,5305038,568532
77,5673939,566031
77,6071824,563699
77,6465143,560770
77,6860174,557708
77,7260662,554508
77,7651211,551527
77,8043873,547903
77,8445307,544005
77,8842788,539962
77,9256490,536341
77,9609938,531923
77,10027932,527246
77,10424587,522455
77,10817898,518160
77,11193870,513578
77,11549283,508824
77,11972853,502695
77,12383852,496854
77,12775856,491593
77,13155299,485610
77,13548509,479132
77,13976271,472664
77,14361033,466885
77,14733881,459739
77,15131769,453721
77,15503263,447356
77,15858523,440678
77,16257981,433261
77,16628800,426247
77,16995789,418349
77,17382096,411120
77,17757259,402789
77,18155560,395238
77,18549141,386548
77,18957174,377493
77,19345017,368420
77,19753756,360145
77,20123393,350637
77,20505398,342100
77,20878936,333433
77,21236886,323483
77,21628815,315470
77,22007072,306579
77,22403347,298235
77,22775193,290430
77,23134042,281595
77,23546354,273871
77,23900158,265202
77,24300505,256962
77,24692060,249669
77,25069273,241775
77,25484488,234779
77,25880402,227151
77,26255690,220512
77,26608593,214051
77,27003319,206899
77,27380530,200709
77,27732641,194885
77,28109587,188119
77,28505446,182569
77,28857559,177168
77,29237248,170900
77,29632189,165272
77,30028329,160215
77,30446763,153980
77,30844156,149586
77,31236405,144267
77,31629884,139943
77,31992208,135439
77,32403200,130676
77,32796231,126795
77,33153517,123250
77,33547823,119244
77,33921172,115377
77,34340921,111768
77,34734061,108818
77,35110313,105720
77,35525685,103112
77,35879978,100671
77,36244293,98050
77,36633847,95916
77,37006023,93713
77,37401410,91954
77,37774035,90350
77,38136156,88695
77,38527538,87410
77,38902828,86105
77,39303553,85156
77,39673076,84229
77,40071141,83511
77,40461126,83069
77,40841736,82750
77,41258660,82630
77,41649706,82673
77,42009556,82599
77,42382486,82408
77,42777904,82417
77,43155044,82273
77,43545739,82172
77,43920537,82123
77,44320857,82009
77,44769452,82043
77,45132195,82051
77,45526349,82095
77,45899807,82144
77,46276852,82161
77,46671686,82211
77,47026574,82258
77,47442774,82300
77,47794830,82339
77,48152171,82367
77,48546749,82397
77,48953716,82426
77,49346768,82452
77,49753335,82470
77,50109615,82485
77,50505914,82497
77,50856974,82512
77,51234001,82533
77,51608654,82559
77,52006573,82584
77,52399893,82605
77,52753373,82626
77,53134199,82646
77,53526948,82661
77,53880343,82679
77,54257772,82695
77,54654565,82708
77,55049552,82722
77,55441550,82732
77,55796161,82746
77,56151852,82758
77,56547370,82769
77,56900319,82781
77,57276788,82795
77,57629766,82805
77,58005904,82817
77,58401234,82826
77,58753955,82833
77,59110779,82842
77,59483049,82850
77,59880346,82860
77,60236691,82870
77,60620495,82876
77,61009836,82882
77,61381708,82889
77,61776952,82898
77,62175641,82907
77,62547464,82915
77,62901253,82926
77,63299285,82930
77,63670803,82935
77,64025979,82941
77,64380145,82944
77,64753934,82946
77,65112857,82951
77,65504071,82956
77,65878398,82959
77,66234616,82963
77,66607866,82972
77,67004329,82984
77,67358414,83007
77,67732720,83046
77,68139715,83095
77,68547164,83133
77,68898833,83175
77,69302819,83208
77,69671756,83234
77,70025709,83253
77,70381130,83265
77,70774258,83267
77,71155860,83261
77,71549373,83251
77,71955401,83235
77,72323794,83217
77,72694269,83198
77,73090199,83178
77,73503937,83160
77,73857686,83145
77,74236373,83130
77,74628901,83118
77,75002492,83109
77,75359454,83100
77,75755285,83096
77,76112897,83091
77,76486093,83088
77,76879364,83086
77,77234233,83085
77,77608669,83081
77,78006789,83080
77,78401087,83077
77,78775660,83076
77,79131661,83074
77,79504516,83071
77,79857952,83067
77,80255814,83066
77,80628524,83061
77,80993140,83058
77,81380492,83055
77,81732329,83051
77,82114208,83048
77,82527550,83044
77,82921817,83040
77,83344199,83039
77,83735503,83036
77,84133215,83034
77,84505392,83032
77,84886756,83031
77,85280902,83027
77,85671188,83026
77,86049648,83024
77,86444740,83023
77,86839391,83020
77,87237689,83020
77,87632302,83019
77,88007902,83017
77,88402266,83016
77,88795304,83013
77,89152903,83013
77,89547727,83012
77,89899514,83010
77,90297892,83010
77,90692267,83010
77,91068217,83008
77,91420927,83007
77,91773469,83007
77,92151437,83007
77,92515340,83005
77,92899945,83005
77,93279630,83004
77,93674236,83004
77,94049301,83003
77,94443516,83002
77,94838921,83002
77,95235937,83002
77,95629431,83001
77,95991886,83001
77,96378088,83001
77,96753532,83001
77,97111322,83001
77,97504539,83001
77,97879328,83001
77,98234140,83001
77,98607991,83000
77,99004336,83000
77,99357528,83000
77,99734481,83000
77,100109152,83000
77,100482458,83000
77,100857119,83000
77,101257059,83000
77,101649920,82999
77,102027459,82999
77,102420179,82999
77,102773676,82999
77,103151542,82999
77,103546349,82999
77,103921250,82999
77,104322605,82998
77,104694899,82999
77,105095875,82999
77,105506015,82999
77,105902093,82999
77,106300540,82999
77,106693880,82999
77,107088718,82999
77,107506317,82999
77,107899050,82999
77,108279654,82998
77,108673531,82998
77,109048882,82998
77,109454542,82998
77,109822274,82998
77,110222926,82998
77,110588319,82998
77,110950449,82998
77,111343878,82998
77,111753018,82998
77,112110726,82998
77,112504748,82998
77,112878187,82998
77,113233856,82998
77,113608415,82998
77,114005415,82997
77,114399929,82996
77,114753182,82997
77,115133707,82997
77,115547917,82995
77,115951859,82995
77,116346103,82996
77,116735603,82996
77,117141701,82996
77,117531198,82996
77,117900345,82997
77,118298798,82997
77,118672159,82995
77,119029519,82995
78,739879,582986
78,1121693,582651
78,1494276,582015
78,1914588,581457
78,2309147,580593
78,2709823,579712
78,3097265,578528
78,3496270,577160
78,3891777,575808
78,4265481,574310
78,4623257,572385
78,5017411,570528
78,5388824,568530
78,5749214,566044
78,6160973,563710
78,6514400,560792
78,6914045,558115
78,7285802,555350
78,7640968,551993
78,8057551,548846
78,8410121,545505
78,8765805,541492
78,9160447,537927
78,9534859,533617
78,9938056,529614
78,10313144,524855
78,10711273,520043
78,11121608,514920
78,11536967,509503
78,11932518,504785
78,12334054,499094
78,12724754,493070
78,13119561,487889
78,13475466,481596
78,13891461,475010
78,14287928,469388
78,14704862,461472
78,15124031,454540
78,15516624,447299
78,15914405,440627
78,16307151,434185
78,16664269,426203
78,17056174,419313
78,17411605,412157
78,17767094,404859
78,18162508,396335
78,18565359,387663
78,18958110,378647
78,19368402,370745
78,19723885,361335
78,20139277,353072
78,20493041,344540
78,20873708,334686
78,21277646,324670
78,21680525,316557
78,22036314,308840
78,22393217,299410
78,22792369,291500
78,23183554,282685
78,23577330,273874
78,23974979,265197
78,24371690,258003
78,24766686,249680
78,25158975,242769
78,25514834,234796
78,25914224,227171
78,26306776,220521
78,26664467,214064
78,27059225,206908
78,27455015,199870
78,27872739,193224
78,28263988,187294
78,28617617,181811
78,28993041,176383
78,29367012,170173
78,29745951,165280
78,30117468,160221
78,30475521,154623
78,30891106,149606
78,31284537,144955
78,31667927,139971
78,32060041,135490
78,32452393,131329
78,32814178,127385
78,33186490,123814
78,33567658,119795
78,33938295,116369
78,34308405,113152
78,34686234,109666
78,35063291,106892
78,35432118,104265
78,35812475,101386
78,36203508,98737
78,36610742,96557
78,36972603,94548
78,37347681,92489
78,37744126,90837
78,38097137,89351
78,38471296,87806
78,38871592,86451
78,39278248,85440
78,39641635,84464
78,40056166,83761
78,40409842,83233
78,40766389,82831
78,41180731,82646
78,41535259,82614
78,41932985,82642
78,42305198,82441
78,42663900,82376
78,43059171,82337
78,43434561,82168
78,43834118,82139
78,44245882,82037
78,44664162,82037
78,45057930,82077
78,45446849,82107
78,45830822,82174
78,46244124,82188
78,46607167,82230
78,47014318,82270
78,47366872,82304
78,47726129,82339
78,48119644,82357
78,48493907,82369
78,48869363,82389
78,49221166,82410
78,49619160,82433
78,49971367,82448
78,50347140,82466
78,50744959,82485
78,51138232,82500
78,51512576,82519
78,51871773,82538
78,52287307,82558
78,52684982,82575
78,53060753,82596
78,53471632,82616
78,53876097,82639
78,54267711,82655
78,54663807,82676
78,55037640,82694
78,55412110,82712
78,55809292,82728
78,56185274,82745
78,56594192,82755
78,56952439,82766
78,57310056,82774
78,57712515,82785
78,58082375,82801
78,58474614,82814
78,58872201,82827
78,59267846,82842
78,59664117,82851
78,60061477,82863
78,60436772,82875
78,60836440,82886
78,61204432,82906
78,61608608,82916
78,62017709,82921
78,62412576,82924
78,62789531,82924
78,63183121,82926
78,63570578,82926
78,63965774,82926
78,64372989,82927
78,64770766,82929
78,65161865,82933
78,65569153,82934
78,65953768,82940
78,66369949,82946
78,66769046,82951
78,67162145,82963
78,67570056,82979
78,67952290,83006
78,68306482,83042
78,68663974,83082
78,69035020,83124
78,69387879,83165
78,69747492,83206
78,70150731,83235
78,70517455,83260
78,70912988,83273
78,71284016,83279
78,71642345,83276
78,72034525,83266
78,72388224,83252
78,72767935,83234
78,73160943,83215
78,73513499,83195
78,73890691,83174
78,74285212,83157
78,74663085,83141
78,75057199,83125
78,75409324,83115
78,75791613,83106
78,76183726,83101
78,76589015,83094
78,76977108,83092
78,77369605,83088
78,77767523,83087
78,78162334,83085
78,78565456,83082
78,78938310,83081
78,79305192,83080
78,79664502,83077
78,80038060,83075
78,80432287,83072
78,80829590,83069
78,81225595,83066
78,81620954,83060
78,82013463,83058
78,82396377,83054
78,82797558,83051
78,83167766,83047
78,83574675,83045
78,83938609,83041
78,84344674,83038
78,84703636,83037
78,85052521,83035
78,85395551,83034
78,85753095,83031
78,86106725,83030
78,86457625,83030
78,86816909,83027
78,87192191,83026
78,87544654,83023
78,87899086,83023
78,88258429,83021
78,88626459,83021
78,88953819,83021
78,89295009,83019
78,89646015,83017
78,89999710,83017
78,90349886,83017
78,90722123,83015
78,91070399,83014
78,91385536,83014
78,91717940,83013
78,92033641,83013
78,92360586,83011
78,92707536,83011
78,93108041,83009
78,93491959,83009
78,93839683,83008
78,94201729,83008
78,94545611,83007
78,94921351,83007
78,95267087,83007
78,95618244,83006
78,95966444,83005
78,96282866,83005
78,96639298,83005
78,96990450,83005
78,97392741,83005
78,97781348,83005
78,98146035,83004
78,98485505,83004
78,98839356,83004
78,99148051,83004
78,99462491,83003
78,99780815,83003
78,100130326,83003
78,100444076,83003
78,100779986,83003
78,101090926,83002
78,101409514,83002
78,101761128,83002
78,102115577,83001
78,102471897,83001
78,102847727,83001
78,103200792,83001
78,103571111,83002
78,103918272,83002
78,104295977,83002
78,104649107,83002
78,105000695,83002
78,105352392,83002
78,105706233,83002
78,106042629,83002
78,106391627,83002
78,106747103,83002
78,107079145,83002
78,107422987,83001
78,107773443,83001
78,108146023,83001
78,108485767,83000
78,108873261,82999
78,109260927,83000
78,109636901,83000
78,109988616,83000
78,110389519,83000
78,110771738,83000
78,111160163,83000
78,111514845,83000
78,111911772,83000
78,112285381,83000
78,112666468,83000
78,113059400,82999
78,113458310,82999
78,113851096,82999
78,114224052,82999
78,114608476,82998
78,114999181,82998
78,115368115,82998
78,115724826,82998
78,116119397,82997
78,116485970,82998
78,116875958,82998
78,117269635,82998
78,117664574,82998
78,118038577,82998
78,118431576,82998
79,735597,582984
79,1119508,582651
79,1517500,582012
79,1888244,581456
79,2307074,580598
79,2705854,579582
79,3118690,578367
79,3532567,577168
79,3886910,575817
79,4248972,574099
79,4641997,572399
79,5015218,570264
79,5432751,567937
79,5827367,565402
79,6245595,562631
79,6658208,560035
79,7013896,556961
79,7434289,553715
79,7831044,550230
79,8245340,546493
79,8638186,543024
79,9012598,538971
79,9411492,535294
79,9783030,531372
79,10140425,526655
79,10534257,522473
79,10909616,518176
79,11284608,512925
79,11679956,508164
79,12034110,502702
79,12431369,497594
79,12807217,491570
79,13201050,485574
79,13617159,479924
79,13969822,474203
79,14347207,467696
79,14739792,461448
79,15112114,455384
79,15475771,448239
79,15869196,440601
79,16288371,433211
79,16709062,425180
79,17112478,417315
79,17496795,410047
79,17888104,401718
79,18286758,393073
79,18680069,385464
79,19035660,377518
79,19411907,368456
79,19806391,360171
79,20184174,350666
79,20577801,340904
79,20992954,330921
79,21400607,322303
79,21764470,313275
79,22160274,305421
79,22534737,295933
79,22929023,288255
79,23285147,280477
79,23686948,271654
79,24084175,263097
79,24473047,254815
79,24888574,246624
79,25286079,238734
79,25679963,231805
79,26034228,225205
79,26411088,218548
79,26784068,212222
79,27139167,205016
79,27532817,198972
79,27907746,193168
79,28267558,186440
79,28682341,180288
79,29089838,173973
79,29495910,168082
79,29890829,163187
79,30286943,157350
79,30687059,152176
79,31086725,147020
79,31472193,142400
79,31844646,138346
79,32222871,133759
79,32617259,129069
79,33012902,125351
79,33387322,121807
79,33741931,118279
79,34107616,114469
79,34515909,110893
79,34907896,108017
79,35286741,104966
79,35680363,102384
79,36033380,100003
79,36431216,97433
79,36825103,95349
79,37190785,93228
79,37582350,91290
79,37991052,89775
79,38351059,88199
79,38743567,86977
79,39119888,85757
79,39537029,84744
79,39928921,83998
79,40288238,83422
79,40682032,82967
79,41092737,82719
79,41506119,82656
79,41889772,82686
79,42288199,82454
79,42704526,82411
79,43107097,82343
79,43474842,82185
79,43866158,82164
79,44242854,82053
79,44638214,82036
79,44991305,82071
79,45346148,82082
79,45731507,82150
79,46121158,82170
79,46490868,82194
79,46846370,82233
79,47221351,82275
79,47594720,82316
79,47971099,82351
79,48349675,82374
79,48742693,82401
79,49138549,82421
79,49512060,82443
79,49867081,82461
79,50221133,82478
79,50595340,82492
79,50991546,82509
79,51351394,82529
79,51744847,82545
79,52121712,82564
79,52515800,82577
79,52889821,82589
79,53287062,82606
79,53679311,82621
79,54066199,82636
79,54434857,82654
79,54828963,82672
79,55246634,82691
79,55637805,82707
79,56013135,82725
79,56409534,82743
79,56783077,82758
79,57138868,82774
79,57533881,82785
79,57886633,82798
79,58265723,82816
79,58678711,82832
79,59033218,82851
79,59434732,82862
79,59810288,82874
79,60208266,82881
79,60596833,82883
79,60993108,82892
79,61389371,82898
79,61782654,82903
79,62140242,82914
79,62514476,82918
79,62907877,82927
79,63287427,82937
79,63680513,82941
79,64084773,82944
79,64471947,82945
79,64866044,82947
79,65221018,82948
79,65595624,82949
79,66001309,82951
79,66390537,82953
79,66784198,82954
79,67182134,82957
79,67580931,82961
79,67990847,82964
79,68346601,82972
79,68742202,82987
79,69118051,83021
79,69512582,83056
79,69887101,83096
79,70280088,83140
79,70642043,83177
79,71012939,83210
79,71410386,83235
79,71783437,83250
79,72139426,83260
79,72533552,83260
79,72908097,83257
79,73283979,83243
79,73658647,83228
79,74034021,83209
79,74432200,83190
79,74801934,83173
79,75160463,83154
79,75579769,83138
79,75971268,83124
79,76349280,83111
79,76743701,83102
79,77141712,83095
79,77515632,83091
79,77907366,83086
79,78286506,83085
79,78679230,83082
79,79031729,83080
79,79408640,83079
79,79783106,83078
79,80139436,83077
79,80532180,83074
79,80885294,83073
79,81246463,83070
79,81617412,83068
79,81969587,83064
79,82350301,83061
79,82722609,83058
79,83108576,83054
79,83494857,83051
79,83888824,83048
79,84301588,83043
79,84681919,83040
79,85110604,83039
79,85496189,83035
79,85888335,83033
79,86286873,83031
79,86678973,83031
79,87031976,83027
79,87451194,83026
79,87843746,83026
79,88220128,83024
79,88615593,83022
79,88989431,83022
79,89344310,83021
79,89739742,83019
79,90114282,83019
79,90470740,83018
79,90844485,83016
79,91219690,83016
79,91593299,83014
79,91968675,83013
79,92349742,83013
79,92722485,83012
79,93119398,83012
79,93492832,83011
79,93890222,83011
79,94285099,83011
79,94688713,83010
79,95092957,83010
79,95490608,83008
79,95844409,83008
79,96222455,83007
79,96616707,83007
79,96972682,83006
79,97389843,83006
79,97784148,83006
79,98141462,83006
79,98510764,83006
79,98885242,83006
79,99284449,83006
79,99677985,83005
79,100030565,83005
79,100435013,83004
79,100803892,83004
79,101161509,83004
79,101531886,83002
79,101885549,83002
79,102242564,83002
79,102636569,83002
79,102988964,83002
79,103372651,83001
79,103764311,83001
79,104139632,83001
79,104534004,83001
79,104908409,83001
79,105286327,83001
79,105677944,82999
79,106031875,82999
79,106432533,82999
79,106803939,82999
79,107161054,82999
79,107575899,82999
79,107926399,82999
79,108285908,82999
79,108682350,82999
79,109066219,82999
79,109428321,82999
79,109782080,82999
79,110137846,82999
79,110532954,82999
79,110885849,82997
79,111241244,82996
79,111596439,82997
79,111989266,82997
79,112365032,82996
79,112740822,82996
79,113102898,82996
79,113489259,82997
79,113866514,82998
79,114232666,82998
79,114595150,82997
79,114990985,82997
79,115345313,82997
79,115718843,82997
79,116104993,82997
80,743671,582987
80,1147362,582575
80,1536820,581947
80,1933944,581366
80,2348001,580480
80,2755218,579579
80,3117807,578363
80,3512123,577174
80,3869587,575820
80,4242594,574096
80,4636960,572400
80,5015340,570264
80,5408431,568240
80,5778193,566056
80,6141010,563359
80,6536019,560800
80,6933194,557744
80,7326534,554547
80,7737817,551132
80,8140194,547454
80,8533915,543524
80,8955210,539476
80,9350280,535287
80,9762347,530784
80,10181190,526059
80,10573905,521875
80,10952397,516900
80,11350121,511553
80,11749509,506808
80,12137948,501985
80,12491160,496098
80,12890597,490102
80,13284693,484814
80,13658961,478273
80,14076132,471832
80,14470360,465952
80,14834764,459685
80,15203848,452808
80,15602093,445334
80,16015459,437852
80,16429236,431223
80,16787833,423186
80,17182471,416285
80,17553995,408967
80,17911875,400617
80,18307280,393013
80,18678972,384287
80,19078159,376328
80,19455959,367206
80,19848148,357742
80,20261853,349387
80,20637563,340856
80,20992724,330893
80,21367265,322298
80,21763160,313292
80,22157732,305455
80,22512130,297131
80,22900186,288361
80,23266757,280590
80,23640433,271748
80,24036547,264280
80,24410473,255990
80,24829456,247707
80,25225972,239842
80,25646927,231869
80,26043549,225286
80,26432509,217687
80,26808615,211366
80,27181114,204156
80,27576882,198130
80,28014732,190591
80,28409068,184103
80,28812919,177941
80,29202569,172411
80,29573165,167384
80,29954061,161706
80,30351726,155965
80,30754577,151541
80,31138486,146317
80,31531925,141770
80,31887505,137218
80,32282621,133118
80,32656407,129023
80,33036068,124806
80,33428966,121271
80,33786285,117282
80,34180292,113996
80,34553315,110885
80,34911875,107619
80,35305447,104960
80,35678663,102028
80,36080344,99671
80,36456145,97116
80,36849871,94771
80,37263157,92698
80,37657459,91026
80,38033791,89317
80,38450145,87967
80,38805000,86596
80,39200128,85572
80,39554109,84704
80,39933850,83876
80,40329723,83335
80,40712625,82910
80,41104892,82702
80,41473423,82640
80,41869678,82667
80,42262385,82460
80,42637572,82386
80,42994100,82344
80,43387452,82186
80,43763114,82140
80,44157922,82053
80,44533111,81995
80,44888899,82035
80,45304125,82043
80,45658234,82110
80,46059316,82144
80,46450998,82181
80,46829695,82232
80,47206265,82283
80,47616475,82339
80,48020230,82383
80,48410753,82411
80,48788546,82447
80,49180697,82475
80,49553506,82505
80,49911281,82536
80,50313013,82557
80,50684022,82578
80,51078298,82596
80,51454289,82613
80,51850950,82630
80,52262686,82642
80,52657325,82650
80,53035480,82661
80,53429788,82672
80,53784468,82685
80,54159386,82702
80,54552823,82714
80,54930953,82728
80,55347891,82743
80,55750365,82756
80,56139968,82768
80,56532468,82779
80,56915379,82788
80,57287011,82797
80,57679445,82803
80,58079762,82812
80,58466311,82820
80,58870503,82825
80,59263935,82833
80,59636309,82836
80,59991746,82845
80,60388692,82851
80,60767770,82863
80,61157777,82873
80,61532759,82879
80,61887511,82885
80,62240372,82889
80,62615911,82894
80,63017144,82902
80,63411871,82905
80,63787104,82910
80,64179356,82916
80,64533347,82919
80,64910237,82925
80,65304159,82927
80,65679483,82930
80,66080486,82936
80,66455433,82941
80,66853776,82947
80,67263624,82953
80,67660538,82955
80,68056231,82961
80,68449168,82965
80,68805585,82970
80,69199072,82975
80,69553120,82984
80,69909398,82996
80,70281916,83012
80,70636253,83037
80,70997222,83067
80,71368770,83103
80,71775169,83138
80,72140035,83172
80,72533927,83202
80,72954729,83224
80,73344283,83237
80,73708468,83241
80,74080860,83243
80,74474776,83235
80,74900751,83223
80,75263162,83207
80,75657399,83191
80,76035348,83172
80,76428049,83156
80,76784660,83141
80,77178630,83125
80,77552654,83115
80,77908101,83105
80,78262956,83098
80,78635725,83093
80,78997943,83088
80,79389929,83084
80,79764525,83081
80,80160029,83079
80,80555594,83077
80,80953140,83077
80,81350616,83075
80,81750355,83071
80,82137346,83069
80,82511571,83068
80,82869118,83063
80,83240810,83061
80,83615731,83059
80,83993372,83055
80,84366563,83053
80,84749453,83050
80,85136377,83046
80,85491400,83043
80,85866201,83042
80,86260594,83039
80,86615257,83036
80,86993731,83034
80,87387933,83033
80,87785865,83030
80,88156997,83029
80,88510467,83027
80,88867022,83027
80,89260610,83026
80,89635588,83023
80,89997756,83023
80,90389071,83022
80,90777068,83020
80,91158294,83020
80,91533463,83018
80,91891197,83017
80,92284490,83017
80,92656279,83015
80,93015843,83013
80,93409847,83013
80,93785427,83012
80,94179448,83012
80,94534822,83011
80,94910382,83011
80,95302896,83010
80,95676934,83009
80,96087596,83009
80,96454999,83008
80,96846833,83006
80,97262852,83007
80,97656770,83007
80,98035138,83006
80,98449633,83005
80,98820120,83005
80,99201280,83005
80,99577974,83005
80,99976034,83005
80,100386036,83005
80,100753845,83005
80,101140777,83005
80,101533212,83004
80,101888768,83004
80,102283699,83004
80,102679167,83002
80,103057115,83002
80,103450091,83002
80,103806269,83002
80,104183572,83002
80,104577373,83002
80,104957749,83002
80,105352496,83002
80,105766251,83003
80,106157581,83003
80,106532796,83004
80,106890809,83004
80,107284592,83004
80,107657763,83004
80,108076465,83002
80,108470671,83001
80,108846630,83001
80,109241117,83001
80,109615000,83001
80,110014254,82999
80,110408045,82999
80,110784690,83000
80,111178944,82999
80,111552215,82999
80,111914203,82999
80,112306385,83000
80,112681434,83000
80,113077899,83000
80,113450495,83000
80,113854156,83000
80,114262570,82999
80,114657548,82998
80,115055790,82998
80,115449646,82998
80,115806989,82998
80,116200756,82995
80,116580185,82995
80,116979846,82996
80,117347023,82996
80,117751115,82996
80,118159904,82996
80,118554010,82996
80,118929858,82996
80,119324223,82996
80,119678401,82996
81,769921,582985
81,1152167,582655
81,1525781,582011
81,1919333,581529
81,2293277,580820
81,2649704,579832
81,3065963,578825
81,3418635,577514
81,3816189,576208
81,4189131,574736
81,4545380,572879
81,4938697,571058
81,5313153,569107
81,5695215,566667
81,6093190,564034
81,6490765,561131
81,6905030,558083
81,7315613,555310
81,7691144,551966
81,8084233,548816
81,8453697,544978
81,8835748,541456
81,9193024,537895
81,9570095,533584
81,9963532,529007
81,10376530,524825
81,10737420,520017
81,11129432,515559
81,11506973,510156
81,11917667,505438
81,12292302,499809
81,12693991,493812
81,13089516,487879
81,13507946,481602
81,13918757,475857
81,14271910,470245
81,14629248,463336
81,15043050,457169
81,15399959,450203
81,15798752,443540
81,16168938,437066
81,16527024,429343
81,16943247,421376
81,17320046,414333
81,17697946,407020
81,18070582,398576
81,18456909,389848
81,18879497,380951
81,19274571,372992
81,19648702,363705
81,20067688,354249
81,20475207,345750
81,20838774,335972
81,21231175,327152
81,21607859,317713
81,22003478,308879
81,22418178,299449
81,22798745,291565
81,23190076,283909
81,23545634,275010
81,23940977,267377
81,24293782,260128
81,24672908,251722
81,25067104,244721
81,25455823,236766
81,25855576,228988
81,26254723,221439
81,26649962,214907
81,27033334,207752
81,27420185,200630
81,27839942,193952
81,28255795,187226
81,28651495,181772
81,29024993,175524
81,29421572,170150
81,29795455,164569
81,30193019,158720
81,30630927,153375
81,31024580,148955
81,31400436,143629
81,31797381,138864
81,32191690,134290
81,32594903,130137
81,32962090,125824
81,33379888,121772
81,33776140,117766
81,34190548,114466
81,34547613,110894
81,34941198,108016
81,35318763,104973
81,35717507,102051
81,36129128,99370
81,36526331,97144
81,36899965,94810
81,37315543,92983
81,37692852,91063
81,38085581,89355
81,38492858,87814
81,38902189,86459
81,39314907,85444
81,39692404,84467
81,40083476,83759
81,40455918,83173
81,40857724,82794
81,41252380,82625
81,41607744,82614
81,42006368,82603
81,42400112,82376
81,42799808,82354
81,43192866,82253
81,43573368,82115
81,43966443,82081
81,44376234,81985
81,44731322,81999
81,45107728,82031
81,45573961,82085
81,45971393,82136
81,46336184,82160
81,46735538,82207
81,47130826,82244
81,47517135,82287
81,47901312,82328
81,48295199,82354
81,48691513,82385
81,49042951,82416
81,49395916,82447
81,49756934,82482
81,50173420,82510
81,50580765,82529
81,50949013,82553
81,51334190,82576
81,51698659,82600
81,52075971,82627
81,52471004,82649
81,52880132,82670
81,53271779,82692
81,53630964,82707
81,54003934,82721
81,54357707,82733
81,54734745,82740
81,55129077,82749
81,55493348,82757
81,55901709,82765
81,56292128,82770
81,56650890,82779
81,57022710,82788
81,57403347,82795
81,57797122,82805
81,58188424,82814
81,58548143,82825
81,58917865,82834
81,59270578,82842
81,59628115,82848
81,59999462,82856
81,60353360,82869
81,60755568,82875
81,61125276,82884
81,61503604,82893
81,61902251,82902
81,62295203,82906
81,62650172,82908
81,63047098,82913
81,63449655,82914
81,63821742,82916
81,64191099,82920
81,64592640,82925
81,65000883,82931
81,65354696,82935
81,65729859,82939
81,66125502,82946
81,66510707,82954
81,66900125,82966
81,67294866,82982
81,67671207,83002
81,68067305,83023
81,68449073,83055
81,68841942,83095
81,69250254,83131
81,69608134,83165
81,69999364,83198
81,70375968,83222
81,70729860,83239
81,71104488,83250
81,71489875,83254
81,71876523,83253
81,72230390,83243
81,72604748,83228
81,73000488,83213
81,73354299,83195
81,73734559,83176
81,74107404,83160
81,74492120,83143
81,74911283,83126
81,75296398,83115
81,75700553,83104
81,76088836,83097
81,76488737,83091
81,76874772,83087
81,77228258,83086
81,77609896,83082
81,78002869,83081
81,78354627,83080
81,78732920,83079
81,79126685,83077
81,79500744,83077
81,79856485,83075
81,80228120,83072
81,80628567,83068
81,81021854,83066
81,81396551,83063
81,81750440,83059
81,82103250,83056
81,82488557,83052
81,82876944,83048
81,83229194,83044
81,83605735,83042
81,84000666,83040
81,84353556,83038
81,84735496,83034
81,85128386,83033
81,85525744,83032
81,85899496,83030
81,86252873,83029
81,86608159,83028
81,86999854,83026
81,87374552,83023
81,87734857,83023
81,88108654,83022
81,88505322,83021
81,88900700,83020
81,89295723,83020
81,89650673,83018
81,90045658,83017
81,90406536,83015
81,90775483,83015
81,91168331,83014
81,91524924,83013
81,91895840,83013
81,92251092,83012
81,92606027,83012
81,92977563,83012
81,93374598,83010
81,93734897,83010
81,94127164,83010
81,94511398,83009
81,94916856,83007
81,95291579,83006
81,95667500,83006
81,96019779,83005
81,96394785,83005
81,96755024,83005
81,97149443,83005
81,97529115,83005
81,97920382,83004
81,98293905,83004
81,98651919,83004
81,99054906,83003
81,99420583,83003
81,99825963,83003
81,100196701,83003
81,100593372,83003
81,101003731,83003
81,101353444,83003
81,101732756,83003
81,102126764,83003
81,102486413,83003
81,102854525,83002
81,103248824,83002
81,103605502,83002
81,103978733,83002
81,104373943,83002
81,104737394,83001
81,105107872,83001
81,105504278,83001
81,105899074,83000
81,106273109,83000
81,106628852,83000
81,107003559,83000
81,107394355,83000
81,107750715,83000
81,108104573,83000
81,108485432,83000
81,108877863,83000
81,109228857,83000
81,109608443,83000
81,110004220,83000
81,110394991,83000
81,110773854,83000
81,111147656,83000
81,111500770,83000
81,111854972,82998
81,112228558,82998
81,112629667,82997
81,113022531,82997
81,113395202,82997
81,113750360,82998
81,114105177,82997
81,114487276,82996
81,114875644,82998
81,115228785,82998
81,115607370,82997
81,115999460,82997
81,116354270,82997
81,116729805,82998
81,117124238,82998
82,715308,582985
82,1080024,582568
82,1473841,582003
82,1847949,581443
82,2246073,580706
82,2636191,579714
82,3013702,578680
82,3389405,577358
82,3784877,576035
82,4163115,574326
82,4560503,572414
82,4973312,570279
82,5388402,567956
82,5783015,565746
82,6152635,563003
82,6535528,560431
82,6914316,557356
82,7310693,554133
82,7719200,551125
82,8075014,547916
82,8448485,544004
82,8843126,540459
82,9220825,536858
82,9574550,532470
82,9988759,528408
82,10349620,523612
82,10742656,519382
82,11140764,514213
82,11535560,508802
82,11940328,503368
82,12326375,498318
82,12698342,492322
82,13093933,487122
82,13468302,481608
82,13826682,475058
82,14223345,469431
82,14597389,462434
82,14994763,455466
82,15388577,449270
82,15786126,441624
82,16186267,434241
82,16577719,427274
82,16957090,419374
82,17345370,412196
82,17699133,404881
82,18075646,396334
82,18470559,388708
82,18843809,380892
82,19200253,371815
82,19593091,363647
82,19975228,354205
82,20363520,345699
82,20738456,337168
82,21101976,327099
82,21494077,318788
82,21886837,309946
82,22286264,300601
82,22684963,291499
82,23079626,283821
82,23471397,274944
82,23842553,267287
82,24223800,258988
82,24617725,251657
82,24994881,243696
82,25390789,235740
82,25786456,229033
82,26186924,221546
82,26572748,214232
82,26984342,208134
82,27346645,201994
82,27696947,196296
82,28095579,189684
82,28469300,184145
82,28821094,178856
82,29199194,172528
82,29592506,167407
82,29971660,161562
82,30364313,156335
82,30723583,151045
82,31118892,146315
82,31493634,140876
82,31888877,136252
82,32308221,131576
82,32719543,127460
82,33073646,123841
82,33468140,119974
82,33846466,116522
82,34202675,112866
82,34618657,109463
82,35013742,106689
82,35387510,104094
82,35739683,101589
82,36098524,98919
82,36494677,96740
82,36889900,94441
82,37289272,92400
82,37685891,90535
82,38077281,89058
82,38471657,87548
82,38870594,86211
82,39242857,85232
82,39614747,84383
82,39996624,83595
82,40387802,83100
82,40762297,82762
82,41118573,82573
82,41511689,82555
82,41867194,82585
82,42219589,82389
82,42595125,82316
82,42960168,82280
82,43345428,82139
82,43717773,82113
82,44075776,82024
82,44468655,81966
82,44843220,81996
82,45203451,81999
82,45597474,82056
82,45994071,82094
82,46388634,82112
82,46742722,82143
82,47099252,82179
82,47490226,82215
82,47843196,82251
82,48220860,82273
82,48574273,82300
82,48954854,82337
82,49345381,82368
82,49717535,82404
82,50076607,82443
82,50471251,82471
82,50821980,82502
82,51199162,82528
82,51573289,82564
82,51954660,82595
82,52324621,82618
82,52696254,82646
82,53074492,82660
82,53447936,82674
82,53835017,82694
82,54223595,82707
82,54624591,82719
82,54997231,82732
82,55390267,82737
82,55787136,82743
82,56182534,82745
82,56576583,82747
82,56963387,82752
82,57326130,82754
82,57700744,82757
82,58074614,82765
82,58469736,82773
82,58827207,82786
82,59225914,82798
82,59597762,82812
82,59995141,82827
82,60386009,82842
82,60760901,82857
82,61119793,82877
82,61490730,82895
82,61843883,82907
82,62198349,82918
82,62572383,82925
82,62982174,82931
82,63384722,82933
82,63738846,82935
82,64095671,82935
82,64468895,82937
82,64821477,82941
82,65228446,82946
82,65619861,82948
82,65996457,82956
82,66408420,82960
82,66781578,82966
82,67160486,82969
82,67535759,82973
82,67939763,82973
82,68302153,82977
82,68654361,82977
82,69011934,82980
82,69369407,82982
82,69763490,82988
82,70141383,82991
82,70532147,82992
82,70915165,82994
82,71310612,82995
82,71718272,82995
82,72075605,82995
82,72448349,82994
82,72841994,82991
82,73201202,82990
82,73575226,82990
82,73957063,82988
82,74323454,82989
82,74695895,82991
82,75074322,82991
82,75448012,82992
82,75821669,82995
82,76201910,82996
82,76572608,82997
82,76957209,83000
82,77349669,83008
82,77722575,83025
82,78140616,83050
82,78537084,83081
82,78952518,83113
82,79348291,83138
82,79719977,83161
82,80075426,83182
82,80446354,83204
82,80822449,83217
82,81201042,83230
82,81594688,83234
82,81984696,83234
82,82364726,83227
82,82718049,83217
82,83094493,83204
82,83446166,83191
82,83822160,83172
82,84224924,83158
82,84616928,83145
82,84993886,83132
82,85387624,83121
82,85759325,83114
82,86116055,83105
82,86467794,83100
82,86820216,83096
82,87205147,83093
82,87596594,83089
82,87957578,83086
82,88325845,83085
82,88721973,83079
82,89120657,83079
82,89492638,83077
82,89884280,83075
82,90283032,83071
82,90660199,83070
82,91039888,83066
82,91431086,83062
82,91842200,83060
82,92203667,83058
82,92575975,83054
82,92983700,83050
82,93347342,83047
82,93738993,83046
82,94097258,83042
82,94491064,83039
82,94863694,83039
82,95221433,83037
82,95573335,83033
82,95954346,83032
82,96343845,83031
82,96696051,83030
82,97074190,83027
82,97448391,83027
82,97820658,83027
82,98204209,83024
82,98596133,83023
82,98955940,83022
82,99326298,83021
82,99722339,83021
82,100097657,83019
82,100492510,83018
82,100842405,83015
82,101223685,83015
82,101618211,83015
82,101993468,83015
82,102398475,83013
82,102787975,83013
82,103190536,83013
82,103575166,83012
82,103957155,83011
82,104323590,83011
82,104696115,83011
82,105075231,83010
82,105469564,83010
82,105821646,83010
82,106199086,83007
82,106593916,83007
82,106954686,83007
82,107343680,83007
82,107716336,83006
82,108074033,83005
82,108447210,83005
82,108841047,83004
82,109204808,83004
82,109595864,83004
82,109970770,83003
82,110325206,83003
82,110695601,83002
82,111097445,83002
82,111489207,83001
82,111862464,83001
82,112220115,83001
82,112571526,83001
82,112953830,83001
82,113342454,83001
82,113696128,83000
82,114100562,83000
82,114496470,83000
82,114885652,83000
82,115282475,83000
82,115633715,83000
82,116014368,83000
82,116408769,83000
82,116779930,83000
82,117137638,83000
82,117491484,82998
82,117841990,82997
82,118200748,82996
82,118594513,82996
82,118969225,82995
82,119341843,82995
82,119697016,82994
82,120077310,82993
82,120448325,82993
82,120822004,82993
82,121202905,82993
82,121596333,82994
82,121959876,82994
82,122345751,82996
82,122721750,82995
82,123076110,82994
83,738401,582970
83,1120334,582492
83,1560535,581877
83,1934850,581354
83,2303685,580593
83,2661998,579570
83,3055708,578512
83,3439493,577178
83,3848097,575608
83,4241917,574075
83,4619064,572127
83,5012418,570258
83,5365457,568236
83,5745492,565726
83,6137388,562983
83,6533980,560408
83,6930188,557337
83,7330932,554118
83,7732553,551119
83,8096449,547438
83,8501761,543513
83,8891817,539974
83,9265562,535824
83,9662517,531939
83,10037154,527252
83,10429693,522469
83,10850827,517546
83,11243487,512933
83,11640792,507499
83,12033510,502720
83,12387658,497629
83,12742769,491609
83,13158432,486393
83,13515656,479990
83,13909082,474248
83,14283009,468591
83,14641402,461510
83,15034984,455422
83,15428754,448270
83,15831595,440627
83,16220378,434166
83,16581466,426159
83,16974627,419281
83,17366727,411059
83,17762680,402728
83,18157746,395202
83,18544819,386523
83,18930938,378622
83,19304600,370726
83,19661820,361329
83,20056616,353089
83,20462816,343336
83,20831847,333450
83,21227038,324694
83,21619587,315467
83,22014465,306570
83,22430191,297059
83,22829968,288254
83,23219170,280472
83,23603232,271647
83,23990930,264149
83,24365465,256931
83,24763835,248631
83,25135683,241747
83,25500266,233751
83,25914771,226192
83,26316285,219524
83,26683136,212245
83,27074885,205947
83,27427908,199816
83,27805523,193175
83,28198823,187291
83,28564034,181122
83,28954106,175713
83,29328546,170393
83,29713607,164852
83,30076795,159791
83,30486908,154330
83,30870804,149267
83,31285162,143936
83,31683658,139105
83,32078439,135092
83,32466308,130925
83,32825183,126986
83,33178338,123288
83,33537395,119333
83,33932996,115883
83,34306417,112084
83,34703802,108724
83,35103517,106021
83,35503417,102967
83,35887363,100495
83,36240565,98205
83,36620299,95782
83,37012174,93855
83,37365214,92096
83,37742945,90281
83,38138645,88662
83,38534830,87409
83,38928378,86114
83,39303834,85163
83,39680346,84226
83,40074058,83584
83,40461287,83065
83,40849875,82744
83,41266066,82622
83,41663217,82657
83,42034651,82545
83,42430257,82380
83,42853069,82372
83,43241418,82232
83,43619258,82162
83,44012086,82096
83,44387936,82003
83,44741943,82023
83,45136581,82027
83,45644086,82094
83,46134009,82131
83,46634589,82168
83,47167176,82220
83,47655335,82269
83,48175831,82309
83,48693606,82347
83,49233178,82387
83,49755099,82430
83,50204450,82459
83,50591632,82486
83,50996873,82514
83,51387487,82540
83,51843538,82577
83,52377770,82610
83,52882495,82639
83,53385316,82668
83,53902441,82698
83,54425631,82724
83,54891520,82743
83,55307673,82757
83,55800563,82775
83,56307307,82785
83,56825571,82796
83,57245707,82803
83,57735843,82812
83,58182621,82821
83,58570412,82828
83,58980477,82834
83,59347294,82840
83,59745488,82849
83,60137149,82857
83,60515204,82864
83,60922450,82871
83,61284791,82879
83,61681530,82884
83,62052349,82890
83,62405778,82894
83,62765056,82899
83,63157352,82904
83,63532711,82908
83,63890513,82912
83,64305900,82916
83,64706094,82918
83,65080693,82919
83,65482288,82924
83,65888791,82925
83,66238847,82930
83,66620016,82934
83,67013671,82936
83,67363866,82940
83,67743478,82945
83,68136010,82952
83,68497364,82960
83,68865056,82972
83,69259235,82986
83,69617586,83001
83,69992612,83018
83,70384454,83031
83,70741615,83049
83,71115484,83074
83,71533390,83102
83,71883478,83132
83,72238686,83169
83,72635695,83197
83,72989724,83220
83,73362488,83239
83,73765047,83252
83,74140013,83256
83,74535317,83255
83,74928814,83247
83,75305162,83235
83,75660100,83221
83,76029567,83206
83,76384676,83189
83,76744475,83170
83,77136672,83155
83,77509624,83142
83,77867407,83127
83,78259907,83116
83,78638310,83107
83,79032005,83102
83,79384632,83096
83,79760920,83092
83,80123104,83089
83,80536654,83087
83,80927473,83083
83,81280509,83083
83,81654233,83080
83,82013461,83079
83,82404658,83077
83,82781790,83075
83,83134211,83071
83,83500414,83068
83,83886262,83065
83,84258809,83062
83,84639341,83057
83,85030851,83057
83,85382413,83050
83,85761446,83048
83,86113662,83047
83,86528734,83043
83,86890124,83039
83,87284697,83039
83,87638780,83036
83,87989831,83034
83,88363057,83033
83,88744673,83031
83,89136079,83030
83,89497690,83027
83,89887578,83027
83,90238447,83026
83,90617269,83025
83,91034078,83022
83,91384450,83021
83,91740147,83021
83,92114527,83021
83,92517472,83020
83,92927330,83018
83,93280420,83016
83,93641805,83016
83,94033175,83015
83,94405932,83013
83,94760884,83013
83,95114383,83013
83,95499159,83011
83,95886960,83011
83,96239426,83011
83,96615628,83011
83,96988219,83011
83,97363674,83011
83,97745169,83010
83,98139162,83010
83,98536027,83010
83,98908645,83009
83,99264092,83008
83,99639430,83007
83,100029438,83007
83,100384823,83006
83,100743722,83006
83,101138738,83005
83,101537369,83004
83,101932880,83004
83,102345152,83004
83,102702608,83003
83,103094632,83003
83,103461215,83003
83,103833965,83003
83,104224329,83003
83,104637151,83003
83,104987914,83003
83,105362317,83002
83,105761893,83002
83,106113912,83001
83,106499309,83001
83,106890238,83001
83,107262435,83001
83,107619709,83001
83,108013161,83001
83,108367436,83001
83,108744735,83001
83,109133916,83001
83,109499659,83001
83,109864939,83001
83,110242214,83001
83,110639489,83001
83,111035536,83001
83,111408869,83001
83,111762574,83000
83,112116550,83000
83,112496138,82999
83,112887564,82999
83,113238381,82999
83,113617052,82999
83,114012703,82999
83,114363538,82998
83,114742048,82998
83,115138646,82998
83,115534525,82998
83,115905886,82997
83,116260085,82997
83,116615227,82998
83,116987984,82998
83,117383618,82998
83,117747535,82998
83,118140011,82997
83,118535853,82997
83,118929835,82996
83,119285412,82996
83,119681888,82996
84,721427,582985
84,1116327,582572
84,1531915,581941
84,1930496,581351
84,2325101,580583
84,2709553,579702
84,3132725,578357
84,3541921,576995
84,3976624,575174
84,4410317,573374
84,4809163,571330
84,5247150,569110
84,5614057,566669
84,6031306,564025
84,6424748,561496
84,6802020,558467
84,7195473,555717
84,7551670,552834
84,7956331,549278
84,8320393,545955
84,8726552,541958
84,9092205,537891
84,9507027,534130
84,9864104,529571
84,10256315,525400
84,10630803,521212
84,10987514,516205
84,11382606,511515
84,11779746,506110
84,12179139,500548
84,12593839,494583
84,12989700,488654
84,13404593,482457
84,13805045,475884
84,14217919,469450
84,14633289,462459
84,15031809,456320
84,15406282,449263
84,15803247,441621
84,16196762,435162
84,16592053,427236
84,16989592,419336
84,17405820,411089
84,17801252,402760
84,18217537,394096
84,18613607,386495
84,19009437,377443
84,19404091,369524
84,19773486,360104
84,20154471,350605
84,20570481,342075
84,20925876,332162
84,21321871,323480
84,21711596,314353
84,22112552,305404
84,22507559,297077
84,22867615,289385
84,23237740,280528
84,23632992,272866
84,24011788,264401
84,24407697,256329
84,24803360,249360
84,25197836,241768
84,25597210,234036
84,25990084,227633
84,26363956,220254
84,26760872,213021
84,27156939,206664
84,27530917,199553
84,27948716,192747
84,28346036,185895
84,28748017,180325
84,29112985,173749
84,29519997,168191
84,29904760,162398
84,30299808,157169
84,30653600,152254
84,31035094,146991
84,31425181,142258
84,31800942,137380
84,32195097,133408
84,32548971,129358
84,32905346,125066
84,33320800,121650
84,33684703,117706
84,34101083,114014
84,34486869,110953
84,34864298,107674
84,35258306,104678
84,35673433,101773
84,36071645,99425
84,36448408,96883
84,36842437,94561
84,37262208,92489
84,37655056,90819
84,38032861,89099
84,38426627,87751
84,38802872,86382
84,39195903,85368
84,39569707,84490
84,39929380,83657
84,40321221,83126
84,40703962,82719
84,41097013,82507
84,41506420,82468
84,41862127,82500
84,42258827,82292
84,42632558,82224
84,43008641,82177
84,43404796,82004
84,43823832,81976
84,44221105,81869
84,44631571,81869
84,44991648,81922
84,45404402,81954
84,45826136,82037
84,46221130,82066
84,46614939,82116
84,47009998,82173
84,47405464,82236
84,47802422,82291
84,48194343,82321
84,48571089,82347
84,48928136,82368
84,49300886,82394
84,49708567,82419
84,50074394,82445
84,50473766,82466
84,50864068,82485
84,51238309,82506
84,51633069,82531
84,52010313,82559
84,52403726,82589
84,52762677,82616
84,53133316,82643
84,53485694,82669
84,53864406,82694
84,54269098,82716
84,54656618,82732
84,55029506,82746
84,55423992,82751
84,55802755,82755
84,56196108,82762
84,56593745,82766
84,57012604,82772
84,57406751,82779
84,57802702,82785
84,58198118,82794
84,58608393,82804
84,59015986,82817
84,59406513,82832
84,59802859,82845
84,60199116,82857
84,60613184,82864
84,61011501,82869
84,61403560,82873
84,61781492,82874
84,62177072,82873
84,62549223,82873
84,62907042,82870
84,63300048,82865
84,63673937,82863
84,64097417,82868
84,64507929,82873
84,64862969,82883
84,65257561,82888
84,65609790,82895
84,65987877,82902
84,66382807,82910
84,66747442,82917
84,67134759,82925
84,67509624,82926
84,67906312,82934
84,68301207,82945
84,68707709,82958
84,69114117,82969
84,69507424,82976
84,69861871,82982
84,70234899,82983
84,70635497,82981
84,71009765,82975
84,71404525,82973
84,71824129,82973
84,72221237,82977
84,72633358,82979
84,73028746,82982
84,73401964,82982
84,73759405,82982
84,74151869,82980
84,74526785,82979
84,74885113,82976
84,75256997,82974
84,75609861,82972
84,76009936,82970
84,76402532,82969
84,76780103,82967
84,77173859,82966
84,77547215,82965
84,77909173,82964
84,78301643,82964
84,78707343,82966
84,79139084,82971
84,79509487,82972
84,79907263,82972
84,80318238,82972
84,80672545,82977
84,81093542,82978
84,81485142,82981
84,81864296,82984
84,82258616,82991
84,82652050,82994
84,83040031,83000
84,83404434,83005
84,83802702,83012
84,84196503,83017
84,84568877,83025
84,84924660,83031
84,85278855,83035
84,85631759,83038
84,85986224,83043
84,86360996,83045
84,86744688,83047
84,87131039,83047
84,87486075,83045
84,87862947,83041
84,88236279,83040
84,88609448,83041
84,88990375,83041
84,89383145,83045
84,89801303,83047
84,90196953,83047
84,90637143,83050
84,91010554,83055
84,91407058,83062
84,91802407,83075
84,92197124,83091
84,92612609,83118
84,93010222,83143
84,93404717,83174
84,93802106,83202
84,94196108,83222
84,94549871,83232
84,94906242,83237
84,95321302,83238
84,95730387,83233
84,96090782,83222
84,96442648,83209
84,96800828,83194
84,97194678,83181
84,97569681,83166
84,97925380,83152
84,98319969,83141
84,98702384,83128
84,99096248,83118
84,99484862,83110
84,99866132,83105
84,100237326,83099
84,100633764,83097
84,101011615,83094
84,101405660,83092
84,101801665,83089
84,102194274,83087
84,102547760,83085
84,102905648,83082
84,103299179,83079
84,103651345,83076
84,104014904,83076
84,104405718,83070
84,104801648,83068
84,105195133,83065
84,105548221,83062
84,105904525,83059
84,106299063,83057
84,106672300,83051
84,107053157,83050
84,107455103,83046
84,107842287,83044
84,108235625,83042
84,108630404,83039
84,108987010,83038
84,109360286,83037
84,109759803,83034
84,110151537,83033
84,110506077,83031
84,110886231,83031
84,111305806,83030
84,111704331,83029
84,112096684,83027
84,112486983,83026
84,112883022,83025
84,113279624,83023
84,113678033,83021
84,114072858,83021
84,114474430,83019
84,114865028,83019
84,115238569,83015
84,115635349,83015
84,116010670,83015
84,116405648,83013
84,116800747,83012
84,117197011,83012
84,117589595,83010
84,117954237,83010
84,118319283,83008
84,118674676,83007
84,119054813,83007
84,119423351,83007
84,119801775,83007
84,120194030,83007
84,120562727,83006
84,120928029,83005
84,121319979,83005
84,121672746,83004
84,122056557,83002
84,122444973,83002
84,122803109,83002
84,123198227,83002
84,123596178,83001
84,123989708,83000
84,124384075,83000
84,124760194,83000
84,125155354,82999
84,125527044,82999
84,125883056,82999
84,126278134,82998
84,126654670,82998
84,127052517,82999
84,127433546,82997
84,127824704,82996
84,128200013,82998
84,128594458,82998
84,129010087,82997
84,129403688,82997
84,129779610,82996
84,130174039,82996
84,130526522,82995
84,130903819,82995
84,131300097,82995
84,131651340,82995
84,132038785,82995
84,132428611,82995
84,132801456,82995
85,715254,582993
85,1081636,582654
85,1477550,582094
85,1849999,581555
85,2249305,580717
85,2640800,579864
85,3014867,578871
85,3372403,577554
85,3765912,576250
85,4142301,574783
85,4538579,572921
85,4916694,570833
85,5329804,568567
85,5724410,566393
85,6120148,563727
85,6516400,560799
85,6910173,558125
85,7269824,554944
85,7683633,551567
85,8075259,548391
85,8456806,544512
85,8849805,540464
85,9247193,536861
85,9618947,533038
85,9971683,529005
85,10331152,524803
85,10702309,519985
85,11097462,515523
85,11474680,510125
85,11889727,505396
85,12245607,499773
85,12641101,493796
85,13055610,488599
85,13416497,482377
85,13810232,475834
85,14226472,470210
85,14620027,463281
85,14993211,457136
85,15373942,450152
85,15767986,442508
85,16194821,435174
85,16580641,428256
85,16975028,420328
85,17372317,412200
85,17766191,403856
85,18211039,395265
85,18604242,386567
85,18994405,378639
85,19351441,369571
85,19766446,360126
85,20192354,350614
85,20577559,342066
85,20951373,332147
85,21329497,323467
85,21702783,314345
85,22118978,306563
85,22473366,297070
85,22889875,289351
85,23245320,280488
85,23639529,272774
85,24025813,264178
85,24435458,255923
85,24828257,247664
85,25245928,239781
85,25639497,232790
85,25993999,226163
85,26374473,218562
85,26794973,211353
85,27192370,204155
85,27601362,197363
85,27994981,191515
85,28393212,184921
85,28786717,178798
85,29191780,172481
85,29578556,167450
85,29971360,161780
85,30370855,156031
85,30746939,151601
85,31120174,147052
85,31499657,141816
85,31890365,137807
85,32251309,133730
85,32621369,129019
85,33016006,124788
85,33413565,121249
85,33788546,117248
85,34210877,113518
85,34601826,110420
85,34974047,107192
85,35392208,104180
85,35785723,101660
85,36138795,99002
85,36541119,96802
85,36917065,94511
85,37313412,92461
85,37724792,90828
85,38099362,89148
85,38494065,87824
85,38850689,86642
85,39227399,85485
85,39618354,84633
85,39975254,83917
85,40350814,83310
85,40745620,82950
85,41121916,82729
85,41517048,82689
85,41911782,82707
85,42289513,82467
85,42692072,82416
85,43100187,82343
85,43474511,82178
85,43869026,82141
85,44266698,82041
85,44639765,82022
85,44997496,82056
85,45391172,82081
85,45785177,82137
85,46139471,82166
85,46536738,82196
85,46888352,82242
85,47268447,82289
85,47660908,82327
85,48013514,82359
85,48404008,82384
85,48790792,82412
85,49201015,82447
85,49621985,82480
85,50015880,82515
85,50414135,82536
85,50789885,82564
85,51199543,82588
85,51600021,82605
85,51975304,82620
85,52371658,82630
85,52765457,82634
85,53140458,82644
85,53543069,82651
85,53910897,82658
85,54312483,82664
85,54721864,82672
85,55075549,82677
85,55455689,82690
85,55848927,82699
85,56213235,82711
85,56578033,82725
85,56971983,82740
85,57327805,82753
85,57703393,82768
85,58098016,82782
85,58476543,82797
85,58869951,82808
85,59236245,82817
85,59599910,82825
85,59992817,82835
85,60351940,82843
85,60725093,82854
85,61120341,82862
85,61498387,82873
85,61892410,82881
85,62288753,82895
85,62688013,82907
85,63079348,82915
85,63475784,82917
85,63850407,82925
85,64248062,82927
85,64642652,82932
85,65014647,82938
85,65393797,82941
85,65787497,82944
85,66196376,82946
85,66556366,82953
85,66982375,82954
85,67372387,82959
85,67786120,82962
85,68139578,82965
85,68538865,82972
85,68915178,82976
85,69312592,82994
85,69722729,83019
85,70077080,83053
85,70454059,83099
85,70847116,83139
85,71214998,83176
85,71579451,83212
85,71974112,83238
85,72352074,83257
85,72744980,83266
85,73130921,83266
85,73517864,83259
85,73909334,83247
85,74288839,83231
85,74682294,83213
85,75075509,83193
85,75477141,83174
85,75869667,83154
85,76266151,83142
85,76640570,83125
85,77034821,83116
85,77413646,83106
85,77810059,83101
85,78226658,83095
85,78598712,83092
85,78950852,83089
85,79350364,83087
85,79725375,83085
85,80118056,83081
85,80472511,83080
85,80827997,83078
85,81212210,83077
85,81598736,83074
85,81994034,83070
85,82369736,83068
85,82743869,83065
85,83096087,83061
85,83455878,83058
85,83850255,83056
85,84226051,83053
85,84620447,83048
85,84996612,83047
85,85392614,83042
85,85785246,83039
85,86169386,83038
85,86603474,83035
85,86993620,83033
85,87352161,83032
85,87743664,83030
85,88097079,83029
85,88473611,83026
85,88868577,83026
85,89226777,83026
85,89597626,83024
85,89950457,83023
85,90329067,83022
85,90722480,83022
85,91077233,83021
85,91461919,83019
85,91847483,83018
85,92213455,83018
85,92619932,83017
85,93016216,83015
85,93415093,83014
85,93791050,83014
85,94176032,83012
85,94558266,83011
85,94972236,83010
85,95329875,83010
85,95726678,83010
85,96099580,83009
85,96499004,83008
85,96890933,83006
85,97288127,83006
85,97697797,83006
85,98055928,83006
85,98418985,83006
85,98807011,83006
85,99229984,83006
85,99620447,83005
85,99994206,83004
85,100392674,83004
85,100785017,83004
85,101171944,83004
85,101543352,83004
85,101931374,83004
85,102327041,83004
85,102701962,83004
85,103078274,83004
85,103476201,83003
85,103868923,83002
85,104226147,83002
85,104600358,83002
85,104996135,83002
85,105393129,83002
85,105788337,83002
85,106198097,83002
85,106558508,83002
85,106954038,83002
85,107372704,83001
85,107766350,83000
85,108142800,83000
85,108536598,83000
85,108936056,83001
85,109331188,83001
85,109724713,83002
85,110118650,83002
85,110494567,83003
85,110889126,83003
85,111245724,83003
85,111618770,83003
85,111972545,83003
85,112327677,83003
85,112722456,83002
85,113097778,83002
85,113452754,83002
85,113846280,83001
85,114237755,83000
85,114617905,83000
85,114992428,83000
85,115349558,83000
85,115742934,82999
85,116127799,82997
85,116518215,82998
85,116889284,82999
85,117247638,83000
85,117641924,82999
85,118016874,82999
85,118415610,82999
85,118789520,82999
85,119197054,82999
85,119558043,82999
85,119952050,82998
85,120331276,82998
85,120723757,82996
85,121117923,82996
85,121496852,82996
85,121889604,82995
85,122257127,82995
85,122623209,82995
85,123014675,82993
86,720019,582985
86,1099318,582574
86,1493325,582014
86,1849257,581456
86,2266071,580593
86,2684175,579580
86,3081362,578369
86,3492866,577180
86,3849375,575617
86,4244498,574099
86,4622994,572149
86,5013791,570275
86,5390099,568249
86,5748115,565742
86,6142156,563368
86,6517330,560427
86,6913485,557750
86,7289516,554550
86,7684872,551134
86,8096254,547933
86,8473292,544030
86,8871685,539982
86,9264974,536363
86,9643577,531933
86,10035633,527840
86,10389463,523636
86,10768927,518765
86,11183139,513549
86,11586561,508114
86,11994484,503343
86,12346148,498290
86,12725148,492288
86,13118530,487072
86,13472375,481545
86,13849734,475003
86,14243811,469366
86,14604960,462354
86,15014143,456261
86,15367663,450121
86,15724807,442478
86,16171910,435132
86,16537516,428209
86,16917617,420284
86,17308999,413197
86,17704891,404834
86,18099976,396316
86,18494663,387628
86,18892218,379759
86,19288203,370700
86,19682357,361299
86,20085838,351851
86,20495232,342087
86,20892790,333445
86,21287768,323519
86,21685142,314404
86,22078934,305465
86,22495766,295993
86,22889711,288353
86,23244991,280571
86,23634064,271721
86,24015685,263202
86,24411213,255948
86,24829366,246681
86,25223245,239803
86,25605865,232806
86,25996387,225253
86,26389441,218582
86,26744021,212249
86,27096471,205053
86,27493226,199003
86,27874699,192357
86,28246821,186486
86,28622344,181096
86,28996656,174819
86,29392645,168835
86,29788784,163959
86,30182227,158106
86,30570007,153469
86,30938798,148395
86,31325634,143717
86,31690396,139488
86,32055711,135518
86,32413007,130720
86,32839397,126302
86,33233854,122746
86,33634452,118706
86,33997950,114864
86,34450641,110835
86,34878271,107957
86,35244937,104906
86,35646205,101984
86,36037938,99636
86,36409870,97391
86,36789984,95029
86,37179509,93191
86,37533688,91253
86,37956953,89538
86,38349531,88169
86,38725452,86787
86,39120418,85602
86,39515929,84729
86,39891707,83896
86,40306496,83352
86,40677678,82926
86,41080088,82708
86,41492736,82666
86,41850259,82696
86,42245325,82461
86,42641945,82413
86,43014757,82369
86,43386720,82204
86,43745433,82151
86,44118104,82066
86,44491836,82005
86,44874572,82049
86,45268125,82068
86,45685274,82135
86,46098129,82167
86,46490949,82194
86,46849725,82242
86,47249562,82280
86,47632530,82318
86,47993954,82352
86,48356894,82377
86,48743013,82404
86,49094994,82432
86,49469527,82464
86,49871766,82493
86,50263872,82518
86,50644186,82544
86,51035290,82571
86,51411534,82599
86,51765734,82626
86,52160439,82644
86,52533027,82657
86,52953852,82670
86,53348672,82677
86,53723186,82683
86,54115908,82689
86,54494305,82699
86,54890242,82712
86,55283463,82723
86,55664677,82734
86,56057906,82744
86,56453458,82755
86,56875491,82767
86,57270235,82781
86,57658464,82794
86,58007770,82806
86,58391749,82818
86,58733428,82831
86,59083506,82841
86,59459905,82852
86,59834520,82859
86,60189464,82866
86,60547761,82873
86,60922059,82879
86,61274272,82887
86,61649631,82895
86,62002531,82898
86,62380182,82902
86,62781460,82904
86,63136783,82906
86,63481948,82907
86,63837703,82909
86,64211205,82916
86,64615574,82920
86,64979089,82926
86,65333013,82930
86,65675463,82934
86,66045980,82938
86,66404576,82942
86,66780044,82947
86,67156755,82953
86,67524012,82956
86,67877605,82961
86,68228990,82966
86,68597257,82973
86,68964418,82982
86,69341980,82997
86,69722802,83014
86,70096049,83032
86,70471894,83062
86,70867686,83092
86,71220086,83123
86,71606479,83161
86,71992947,83186
86,72355873,83214
86,72746028,83229
86,73117093,83237
86,73472494,83240
86,73847160,83240
86,74219489,83230
86,74605059,83216
86,74995449,83203
86,75390084,83186
86,75747261,83169
86,76139906,83154
86,76494778,83139
86,76892022,83127
86,77283511,83116
86,77639666,83108
86,77994804,83100
86,78386509,83095
86,78746894,83090
86,79116990,83088
86,79469643,83085
86,79848142,83083
86,80221562,83080
86,80602992,83078
86,80991942,83077
86,81343331,83076
86,81720459,83071
86,82095039,83067
86,82489080,83067
86,82854131,83064
86,83244951,83059
86,83620729,83057
86,84016880,83054
86,84390374,83050
86,84745855,83049
86,85137250,83044
86,85490289,83042
86,85871121,83040
86,86287037,83036
86,86683857,83034
86,87062098,83033
86,87452603,83030
86,87871040,83030
86,88264638,83028
86,88619325,83027
86,89002397,83025
86,89388786,83024
86,89766188,83022
86,90159031,83021
86,90511279,83021
86,90888078,83020
86,91241159,83019
86,91612684,83018
86,91972725,83016
86,92367313,83015
86,92722430,83014
86,93095280,83012
86,93490941,83012
86,93854149,83011
86,94224164,83011
86,94622527,83010
86,95015921,83009
86,95391250,83007
86,95809234,83007
86,96207728,83007
86,96633704,83006
86,97014175,83006
86,97386976,83006
86,97747043,83006
86,98139725,83004
86,98516308,83004
86,98910765,83005
86,99283066,83004
86,99643756,83004
86,100037977,83004
86,100408435,83003
86,100768601,83002
86,101159980,83002
86,101533185,83002
86,101934237,83002
86,102302078,83002
86,102661293,83002
86,103055836,83001
86,103430533,83001
86,103806353,83001
86,104157454,83001
86,104511443,83001
86,104873482,83001
86,105266952,83001
86,105642118,83001
86,106037157,83001
86,106410703,83001
86,106766903,83001
86,107157952,83001
86,107511493,83000
86,107887544,83000
86,108245627,83000
86,108642796,83000
86,109016591,83000
86,109410615,82999
86,109786663,82998
86,110181319,82999
86,110532764,82999
86,110912508,82999
86,111305311,82999
86,111660639,83000
86,112033962,83000
86,112390482,83000
86,112810890,83000
86,113212884,83000
86,113625607,83000
86,114014489,83000
86,114389536,83000
86,114744342,83000
86,115139295,83000
86,115514899,82998
86,115871932,82998
86,116265537,82998
86,116645037,82997
86,117058727,82995
86,117438738,82996
86,117814637,82996
86,118182773,82996
86,118595794,82996
86,118996997,82996
86,119390321,82996
86,119767352,82995
86,120159990,82995
86,120527033,82995
87,720387,582987
87,1107897,582574
87,1520503,582016
87,1872217,581535
87,2256322,580710
87,2643934,579841
87,3023643,578828
87,3382833,577518
87,3774411,576213
87,4140829,574736
87,4519636,572880
87,4912609,571062
87,5279297,568818
87,5672056,566673
87,6064975,564044
87,6484416,560770
87,6899782,558102
87,7278332,554926
87,7670479,551549
87,8065911,548375
87,8442700,544501
87,8862108,540459
87,9271319,536863
87,9630229,532476
87,10027726,528413
87,10423897,523616
87,10815225,518756
87,11210411,513547
87,11611798,508120
87,12026935,502656
87,12444018,496831
87,12857419,491577
87,13226054,485586
87,13609297,479130
87,14024284,473467
87,14382494,466892
87,14774189,460660
87,15148404,454624
87,15522511,448358
87,15879484,440733
87,16280282,433313
87,16692800,425298
87,17086666,418397
87,17463189,410098
87,17855968,402814
87,18241898,394146
87,18628119,386538
87,19001035,377481
87,19382277,369546
87,19775683,360128
87,20172818,350624
87,20592744,340892
87,20966972,332200
87,21361867,322343
87,21751714,314430
87,22125720,305482
87,22527558,296012
87,22940588,288394
87,23297531,279498
87,23693863,271760
87,24066485,263266
87,24466575,255987
87,24852232,247682
87,25265243,239816
87,25650124,231831
87,26093807,224303
87,26518062,215803
87,26923059,209529
87,27319659,202339
87,27692135,195634
87,28087471,189726
87,28466762,183321
87,28862860,177145
87,29279093,171645
87,29670382,165984
87,30064863,160963
87,30426139,155298
87,30802158,150899
87,31169973,146298
87,31568769,141155
87,31965272,136601
87,32365820,131856
87,32779387,127322
87,33168373,123724
87,33524805,120210
87,33900237,116293
87,34299439,112632
87,34692097,109604
87,35064890,106830
87,35423950,104207
87,35818161,101350
87,36190014,98702
87,36611112,96238
87,37003833,94266
87,37380840,92234
87,37773230,90618
87,38149584,88953
87,38544240,87653
87,38897592,86483
87,39278798,85347
87,39668990,84504
87,40021742,83798
87,40413304,83206
87,40794702,82857
87,41168448,82664
87,41527192,82616
87,41919648,82632
87,42278580,82422
87,42672399,82350
87,43068304,82274
87,43465437,82116
87,43859309,82085
87,44276011,81988
87,44670851,81987
87,45067380,82019
87,45463378,82061
87,45861010,82117
87,46277153,82140
87,46682225,82183
87,47065319,82231
87,47420889,82277
87,47815656,82323
87,48171949,82360
87,48565613,82391
87,48918230,82423
87,49295406,82458
87,49700561,82485
87,50066896,82515
87,50439890,82536
87,50794903,82558
87,51146087,82581
87,51502909,82606
87,51876779,82633
87,52290012,82652
87,52672476,82663
87,53067087,82678
87,53464104,82690
87,53857453,82703
87,54275998,82714
87,54667279,82727
87,55024903,82740
87,55398319,82752
87,55751111,82764
87,56127465,82775
87,56525873,82784
87,56920533,82791
87,57296959,82797
87,57691248,82803
87,58066281,82811
87,58465539,82819
87,58862037,82827
87,59279925,82837
87,59670297,82846
87,60064944,82856
87,60421475,82869
87,60814545,82878
87,61168690,82889
87,61521812,82897
87,61895949,82906
87,62260180,82913
87,62668008,82918
87,63020869,82920
87,63378778,82925
87,63772374,82926
87,64146407,82930
87,64506166,82932
87,64879647,82937
87,65275686,82941
87,65670255,82944
87,66066400,82945
87,66486129,82950
87,66878576,82951
87,67278888,82956
87,67670359,82964
87,68065858,82973
87,68464833,82991
87,68855995,83010
87,69207604,83040
87,69611936,83073
87,69999144,83115
87,70376979,83153
87,70751981,83184
87,71125183,83216
87,71523040,83239
87,71876385,83251
87,72260061,83256
87,72647631,83256
87,73000320,83249
87,73376986,83236
87,73773114,83221
87,74136632,83203
87,74534688,83185
87,74900816,83165
87,75296471,83150
87,75669879,83134
87,76066922,83121
87,76484658,83108
87,76901499,83101
87,77293347,83095
87,77670615,83090
87,78065792,83087
87,78464705,83085
87,78839701,83083
87,79227443,83080
87,79627705,83077
87,80023241,83077
87,80376995,83076
87,80750039,83072
87,81147294,83071
87,81504114,83068
87,81896040,83065
87,82281897,83060
87,82668705,83058
87,83021065,83056
87,83400077,83050
87,83799501,83048
87,84171804,83045
87,84568373,83040
87,84962530,83039
87,85344248,83037
87,85712557,83033
87,86149965,83032
87,86545933,83030
87,86945618,83028
87,87334741,83027
87,87684364,83026
87,88052704,83025
87,88409125,83023
87,88760825,83022
87,89121439,83021
87,89496212,83021
87,89905454,83020
87,90245378,83017
87,90610652,83017
87,90971381,83016
87,91330677,83015
87,91672250,83014
87,92028647,83014
87,92385313,83013
87,92759433,83012
87,93111886,83012
87,93472072,83012
87,93827397,83011
87,94180525,83009
87,94557370,83009
87,94932132,83009
87,95303291,83007
87,95675761,83006
87,96034180,83006
87,96394572,83006
87,96745760,83005
87,97111998,83005
87,97453563,83005
87,97835254,83005
87,98182431,83005
87,98537113,83004
87,98912605,83004
87,99281265,83004
87,99668927,83004
87,100014741,83003
87,100391026,83003
87,100765281,83003
87,101167319,83003
87,101528067,83002
87,101921272,83002
87,102298513,83002
87,102691536,83002
87,103066199,83002
87,103465326,83002
87,103851534,83003
87,104246197,83003
87,104629402,83003
87,105001600,83003
87,105378792,83002
87,105772169,83002
87,106125684,83002
87,106504256,83002
87,106897357,83002
87,107262974,83002
87,107673168,83001
87,108066436,83001
87,108466848,83001
87,108862424,83001
87,109263878,83002
87,109630212,83002
87,110022210,83002
87,110378049,83001
87,110772100,83001
87,111149724,83001
87,111568984,83000
87,111962772,83000
87,112342951,83000
87,112748862,83000
87,113108104,83000
87,113506804,83000
87,113900511,83000
87,114277910,83001
87,114672365,83001
87,115064085,83001
87,115464310,83001
87,115861972,83001
87,116280324,83000
87,116669542,83000
87,117063448,83000
87,117441510,83000
87,117815335,83000
87,118168212,82998
87,118528431,82999
87,118921870,82999
87,119295944,82999
87,119690820,82998
87,120064889,82998
87,120421015,82998
87,120815731,82998
87,121169747,82997
87,121549716,82997
87,121942613,82997
87,122328382,82996
87,122713577,82996
87,123092235,82996
87,123490075,82997
88,726197,582984
88,1119593,582568
88,1535704,581937
88,1933753,581444
88,2305413,580586
88,2709803,579708
88,3075404,578529
88,3469141,577369
88,3828402,576040
88,4200002,574334
88,4597935,572427
88,5014323,570290
88,5407533,568270
88,5783917,565765
88,6178964,563385
88,6553250,560821
88,6908236,557755
88,7303692,554962
88,7677813,551579
88,8082346,548392
88,8448569,545010
88,8807771,540971
88,9223774,536857
88,9617135,532465
88,10036689,527804
88,10431537,523601
88,10807209,518741
88,11201898,513533
88,11594442,508784
88,11976021,503348
88,12407282,497563
88,12808416,491570
88,13200756,485574
88,13640149,479126
88,14013373,473468
88,14386616,467755
88,14749278,460657
88,15156771,454625
88,15511354,448353
88,15866535,440735
88,16281434,434280
88,16635985,427322
88,16991244,419422
88,17408778,411187
88,17804384,403905
88,18198657,395279
88,18573917,387672
88,18935010,379784
88,19326733,370697
88,19716850,361296
88,20117482,351825
88,20534848,342060
88,20931687,332135
88,21326511,323459
88,21714156,315443
88,22072859,307710
88,22428015,299395
88,22787764,290416
88,23177751,282700
88,23564283,273851
88,23959111,266278
88,24326729,258084
88,24736278,250862
88,25095692,243101
88,25490188,236273
88,25870620,228792
88,26261495,222344
88,26614596,215943
88,26992624,208977
88,27386115,202749
88,27768172,195982
88,28159145,188991
88,28552666,183200
88,28931117,176803
88,29324143,171087
88,29676885,165206
88,30079431,159968
88,30458065,154767
88,30828414,149571
88,31205888,144934
88,31579659,140347
88,31958269,135820
88,32345029,131235
88,32767593,126717
88,33183267,122766
88,33576493,118888
88,33977997,115584
88,34369169,112059
88,34765472,108667
88,35159679,105987
88,35532948,103406
88,35887213,100604
88,36283514,98315
88,36657792,96158
88,37024427,93927
88,37409145,92148
88,37783863,90309
88,38178935,88854
88,38574515,87374
88,38951330,86067
88,39348637,85105
88,39749943,84162
88,40137088,83517
88,40490512,83048
88,40872631,82712
88,41262654,82567
88,41680101,82602
88,42078623,82483
88,42476808,82313
88,42869692,82305
88,43262354,82146
88,43657754,82073
88,44014628,82026
88,44386761,81935
88,44751961,81957
88,45136454,81978
88,45510469,82030
88,45870573,82095
88,46262757,82131
88,46656733,82176
88,47035308,82229
88,47407747,82282
88,47806042,82333
88,48189829,82367
88,48575293,82395
88,48977758,82411
88,49365853,82436
88,49766939,82448
88,50159488,82460
88,50532513,82471
88,50930830,82485
88,51302733,82498
88,51656737,82522
88,52018521,82547
88,52409593,82571
88,52786103,82595
88,53181579,82622
88,53576757,82649
88,53957205,82673
88,54325084,82702
88,54730500,82729
88,55138245,82754
88,55532059,82772
88,55890770,82789
88,56264165,82803
88,56657641,82812
88,57034251,82821
88,57429084,82823
88,57783828,82827
88,58180265,82833
88,58574483,82838
88,58929022,82842
88,59323508,82847
88,59698003,82850
88,60098957,82853
88,60513933,82856
88,60909886,82859
88,61283318,82865
88,61689666,82869
88,62097050,82874
88,62493808,82878
88,62868656,82886
88,63281491,82893
88,63638449,82899
88,64036016,82905
88,64408906,82911
88,64807379,82915
88,65177809,82922
88,65534764,82929
88,65934714,82937
88,66302497,82942
88,66658874,82946
88,67056961,82948
88,67432706,82950
88,67828872,82951
88,68205371,82947
88,68601227,82945
88,69016451,82947
88,69410155,82951
88,69785191,82952
88,70179941,82954
88,70573567,82958
88,70952044,82963
88,71329160,82969
88,71734148,82973
88,72094916,82973
88,72499121,82976
88,72891092,82976
88,73260674,82973
88,73613997,82973
88,73995163,82973
88,74387605,82976
88,74785979,82976
88,75180778,82973
88,75576127,82970
88,75977066,82969
88,76388988,82969
88,76807752,82973
88,77200921,82977
88,77597461,82982
88,78013247,82983
88,78388606,82985
88,78788153,82988
88,79177797,82989
88,79553135,82990
88,79908499,82993
88,80280558,82995
88,80635607,83000
88,80995382,83005
88,81388835,83016
88,81771017,83036
88,82159102,83059
88,82532242,83083
88,82887838,83113
88,83282210,83137
88,83657406,83160
88,84012414,83178
88,84406048,83196
88,84797603,83208
88,85180590,83213
88,85576979,83220
88,85981994,83221
88,86368147,83221
88,86765055,83217
88,87137580,83211
88,87530936,83202
88,87908616,83191
88,88303345,83179
88,88659943,83169
88,89034869,83156
88,89430163,83147
88,89807651,83137
88,90200366,83128
88,90579932,83120
88,90973672,83115
88,91366841,83108
88,91766353,83105
88,92159747,83102
88,92552384,83097
88,92911377,83093
88,93281679,83091
88,93634366,83089
88,93992715,83085
88,94385678,83080
88,94768794,83077
88,95179889,83074
88,95572436,83070
88,95932863,83068
88,96304659,83065
88,96697829,83060
88,97112899,83058
88,97514186,83056
88,97888643,83053
88,98285007,83049
88,98679108,83048
88,99053206,83047
88,99407486,83043
88,99785217,83042
88,100177001,83040
88,100553232,83038
88,100909463,83036
88,101306692,83033
88,101677636,83033
88,102076883,83031
88,102469379,83030
88,102850681,83027
88,103260675,83026
88,103614881,83024
88,103991287,83022
88,104386087,83022
88,104767443,83022
88,105157164,83020
88,105511249,83019
88,105864958,83017
88,106238579,83017
88,106634922,83017
88,107016090,83015
88,107407371,83014
88,107767235,83014
88,108137274,83014
88,108533625,83013
88,108931679,83012
88,109304412,83012
88,109708761,83012
88,110078452,83010
88,110489514,83009
88,110891384,83009
88,111281099,83009
88,111655552,83008
88,112013913,83008
88,112385905,83008
88,112750406,83007
88,113138731,83007
88,113509192,83007
88,113867660,83005
88,114261175,83006
88,114635481,83005
88,114992483,83005
88,115386074,83005
88,115765386,83004
88,116158239,83004
88,116530705,83004
88,116886779,83003
88,117240850,83002
88,117615205,83002
88,117995494,83002
88,118368493,83002
88,118763854,83001
88,119138859,83001
88,119534565,83001
88,119910569,83001
88,120303628,83001
88,120676270,83000
88,121075387,82999
88,121498331,82997
88,121870904,82997
88,122262809,82997
88,122655673,82997
88,123013259,82996
88,123387078,82996
88,123785602,82996
88,124157176,82995
88,124510603,82995
88,124867063,82996
88,125261210,82996
88,125636009,82995
88,125991439,82995
88,126385808,82995
88,126767830,82995
89,716561,582994
89,1077188,582654
89,1471513,582089
89,1850111,581538
89,2242160,580831
89,2625725,579851
89,3017086,578680
89,3431789,577360
89,3830444,576023
89,4224018,574297
89,4621671,572373
89,5016242,570245
89,5409826,568220
89,5787985,565699
89,6185534,562950
89,6620241,559990
89,7018345,556908
89,7412592,554082
89,7793581,550635
89,8182501,546925
89,8600083,542970
89,9015357,538922
89,9410666,535245
89,9811626,530748
89,10202503,526011
89,10605127,521221
89,11016767,516208
89,11408824,511519
89,11787573,506106
89,12186265,500544
89,12602465,494586
89,13013428,489387
89,13368250,484053
89,13728573,477503
89,14120334,471877
89,14513324,465131
89,14913839,458003
89,15312896,451079
89,15725660,443467
89,16119310,436085
89,16514032,429246
89,16892699,421269
89,17286105,414252
89,17663076,405882
89,18059472,397426
89,18474768,389819
89,18870509,380944
89,19243144,371893
89,19675992,362533
89,20077876,353108
89,20474720,343357
89,20869688,334737
89,21242334,325934
89,21621725,316597
89,22014806,307741
89,22409432,299420
89,22787284,290428
89,23179984,282693
89,23550220,274950
89,23909318,267304
89,24262927,260059
89,24631973,252762
89,25013864,244723
89,25366878,237775
89,25826190,229032
89,26279929,220514
89,26695095,213166
89,27117250,205992
89,27529771,199018
89,27926691,192368
89,28339696,185681
89,28738183,179536
89,29131205,173983
89,29500222,168079
89,29936654,161702
89,30353317,156638
89,30729197,151522
89,31125402,146295
89,31517550,141757
89,31936944,136637
89,32354036,131929
89,32750667,127959
89,33142982,123814
89,33546134,119765
89,33933903,115900
89,34347231,112697
89,34725068,109222
89,35119367,106110
89,35535184,103129
89,35930990,100363
89,36325745,98067
89,36712234,95931
89,37082764,93735
89,37452784,91969
89,37856586,90162
89,38250684,88524
89,38647262,87258
89,39020813,85979
89,39417557,85038
89,39789890,84130
89,40192171,83508
89,40572800,83012
89,40956669,82720
89,41369939,82623
89,41774387,82684
89,42167966,82531
89,42551109,82400
89,42939160,82402
89,43332530,82246
89,43729261,82195
89,44122787,82131
89,44533824,82065
89,44921103,82106
89,45305443,82124
89,45674141,82172
89,46041285,82203
89,46435644,82218
89,46851964,82252
89,47242820,82283
89,47621882,82321
89,48013472,82346
89,48367758,82360
89,48753551,82380
89,49145434,82400
89,49550891,82425
89,49918253,82449
89,50304856,82469
89,50692833,82492
89,51082366,82513
89,51451628,82536
89,51835755,82559
89,52228997,82588
89,52620590,82612
89,53021029,82640
89,53415710,82661
89,53813478,82681
89,54228052,82698
89,54620447,82714
89,55020468,82731
89,55409525,82742
89,55770748,82754
89,56175208,82769
89,56567507,82780
89,56974209,82793
89,57345963,82801
89,57703229,82814
89,58099155,82825
89,58471541,82833
89,58828545,82844
89,59234586,82853
89,59621418,82861
89,60015230,82871
89,60410248,82877
89,60835862,82884
89,61229910,82892
89,61620042,82898
89,62020631,82906
89,62415653,82913
89,62812621,82920
89,63229631,82926
89,63646838,82929
89,64059765,82935
89,64450423,82936
89,64834394,82942
89,65225471,82944
89,65620270,82949
89,66019317,82952
89,66410360,82954
89,66770531,82955
89,67163086,82959
89,67533765,82961
89,67936284,82962
89,68325560,82966
89,68705846,82971
89,69097150,82982
89,69481591,82999
89,69870656,83017
89,70242504,83040
89,70614840,83072
89,71001617,83103
89,71395513,83140
89,71794087,83171
89,72185777,83199
89,72605087,83219
89,73021867,83230
89,73415320,83234
89,73797931,83232
89,74187433,83221
89,74604221,83207
89,74997111,83194
89,75367423,83178
89,75729774,83161
89,76122367,83147
89,76513300,83132
89,76891029,83119
89,77262508,83109
89,77632888,83100
89,78019971,83094
89,78387972,83088
89,78770227,83084
89,79142661,83080
89,79513054,83078
89,79909892,83076
89,80265966,83075
89,80641072,83072
89,81044012,83070
89,81414137,83068
89,81821058,83067
89,82189571,83063
89,82592587,83061
89,82957204,83058
89,83348201,83055
89,83773122,83052
89,84162851,83048
89,84547254,83046
89,84931188,83042
89,85347562,83040
89,85749655,83038
89,86120977,83034
89,86513854,83033
89,86931075,83031
89,87289063,83030
89,87678297,83028
89,88081985,83027
89,88478374,83025
89,88876728,83024
89,89267201,83022
89,89757575,83021
89,90258892,83019
89,90787170,83017
89,91301953,83016
89,91819410,83013
89,92344802,83013
89,92865114,83013
89,93287760,83013
89,93697368,83013
89,94197664,83012
89,94719145,83012
89,95216516,83010
89,95753565,83009
89,96236199,83007
89,96758128,83005
89,97187471,83005
89,97600562,83005
89,97997254,83005
89,98489357,83004
89,99007324,83004
89,99437981,83004
89,99925042,83003
89,100369289,83003
89,100835655,83003
89,101315243,83003
89,101815305,83003
89,102243038,83003
89,102656335,83002
89,103064713,83002
89,103429078,83002
89,103836194,83002
89,104226017,83002
89,104602523,83002
89,105016398,83002
89,105410923,83002
89,105814006,83002
89,106178119,83002
89,106547153,83002
89,106912921,83002
89,107309847,83001
89,107723476,83001
89,108118111,83001
89,108504439,83001
89,108912949,83000
89,109307245,83000
89,109727947,83000
89,110118782,83000
89,110510936,83000
89,110892886,83000
89,111281197,83000
89,111660425,83000
89,112054688,83000
89,112426133,83000
89,112788903,83000
89,113160946,83000
89,113566506,82999
89,113930111,82998
89,114286216,82999
89,114685912,82998
89,115100594,82997
89,115495227,82996
89,115869791,82996
89,116264030,82996
89,116621662,82996
89,117013432,82996
89,117386804,82996
89,117746454,82995
89,118117113,82996
89,118469315,82996
89,118826859,82996
89,119220876,82996
89,119601558,82996
89,120012920,82996
90,637718,582985
90,975340,582654
90,1361225,582084
90,1709787,581606
90,2060199,580927
90,2419606,580085
90,2773024,579125
90,3122252,578022
90,3501913,576797
90,3859990,575375
90,4206365,573823
90,4585281,572100
90,4914528,570238
90,5328064,567917
90,5691118,565704
90,6059510,563324
90,6437148,560767
90,6819175,557716
90,7191381,554935
90,7545736,552002
90,7878098,549313
90,8211429,545996
90,8566399,542502
90,8918698,538959
90,9275755,535821
90,9632489,531932
90,9965069,527843
90,10319027,523644
90,10684255,519419
90,11072098,514248
90,11447640,509504
90,11841787,504098
90,12217253,499101
90,12593150,493095
90,12985475,487909
90,13338771,482442
90,13700098,476677
90,14050526,471052
90,14436366,464209
90,14824400,457970
90,15175313,451949
90,15556716,444376
90,15950842,437856
90,16303842,431217
90,16678976,423173
90,17072055,416297
90,17436470,408969
90,17802970,400636
90,18200782,393053
90,18585281,385439
90,18934199,376387
90,19329342,368453
90,19685531,360166
90,20059952,350669
90,20460020,342108
90,20812581,333446
90,21186388,323489
90,21602932,315455
90,21954390,307720
90,22308170,298218
90,22709917,290422
90,23082452,282701
90,23443569,273849
90,23830417,266245
90,24203761,259028
90,24574242,250669
90,24958756,243758
90,25329287,236829
90,25685345,230083
90,26057063,222681
90,26442749,216307
90,26832303,209500
90,27232810,202556
90,27649913,196051
90,28047960,189415
90,28469394,183000
90,28857099,176620
90,29256996,170976
90,29659316,165113
90,30046254,159031
90,30452607,154009
90,30822053,148682
90,31216358,143162
90,31614367,138761
90,32009445,134138
90,32411728,129468
90,32801420,125631
90,33168772,121687
90,33573312,118287
90,33945476,114535
90,34336152,111057
90,34745959,108196
90,35109602,105165
90,35529708,102273
90,35925024,99917
90,36293477,97366
90,36691917,95010
90,37084879,93149
90,37468105,91203
90,37878471,89472
90,38273164,88104
90,38674759,86708
90,39064344,85516
90,39468432,84513
90,39878919,83694
90,40272353,83175
90,40683466,82736
90,41112610,82562
90,41508905,82571
90,41925421,82495
90,42315516,82305
90,42696221,82302
90,43091473,82178
90,43485222,82056
90,43861173,82009
90,44253690,81917
90,44654252,81954
90,45046808,81979
90,45451471,82025
90,45816504,82075
90,46210798,82097
90,46610556,82146
90,47002794,82200
90,47410424,82251
90,47794912,82300
90,48211110,82333
90,48629156,82370
90,49044611,82406
90,49454611,82440
90,49830722,82474
90,50213456,82498
90,50609981,82519
90,51002527,82541
90,51417133,82561
90,51816394,82579
90,52211159,82596
90,52609158,82608
90,53002993,82627
90,53413659,82643
90,53807496,82658
90,54175110,82674
90,54570956,82690
90,54962390,82702
90,55335661,82721
90,55734222,82740
90,56107797,82760
90,56506937,82781
90,56900973,82797
90,57293229,82813
90,57697000,82829
90,58091307,82842
90,58503374,82853
90,58908624,82864
90,59272499,82875
90,59669302,82882
90,60093457,82887
90,60453321,82888
90,60824302,82889
90,61199754,82897
90,61549671,82905
90,61922030,82910
90,62279852,82911
90,62633757,82913
90,62985433,82914
90,63338623,82912
90,63697969,82910
90,64071650,82905
90,64436077,82907
90,64802965,82913
90,65203031,82916
90,65563099,82924
90,65935322,82931
90,66328460,82939
90,66686646,82943
90,67057848,82944
90,67460851,82945
90,67812910,82949
90,68186941,82954
90,68593731,82954
90,69004535,82958
90,69409176,82961
90,69795511,82966
90,70189973,82971
90,70589300,82972
90,70981126,82974
90,71356138,82977
90,71773604,82979
90,72167330,82981
90,72586842,82983
90,73001247,82985
90,73416559,82988
90,73817316,82989
90,74210357,82991
90,74636643,82995
90,75005796,83000
90,75408699,83004
90,75773032,83012
90,76151511,83017
90,76529965,83022
90,76897244,83026
90,77291578,83030
90,77662010,83034
90,78068151,83039
90,78467933,83041
90,78883199,83045
90,79272943,83046
90,79658676,83047
90,80023998,83047
90,80412652,83047
90,80817021,83047
90,81208723,83044
90,81609089,83042
90,82002604,83040
90,82433444,83039
90,82816623,83036
90,83209579,83034
90,83608617,83034
90,84002445,83034
90,84414068,83036
90,84827294,83044
90,85191567,83063
90,85593680,83084
90,85966658,83110
90,86359347,83135
90,86737440,83157
90,87133078,83175
90,87529853,83185
90,87922107,83192
90,88315630,83190
90,88716539,83186
90,89111553,83177
90,89507698,83163
90,89908174,83154
90,90300729,83143
90,90670051,83130
90,91064154,83118
90,91476693,83107
90,91836640,83100
90,92229608,83094
90,92607160,83087
90,93000833,83084
90,93408662,83079
90,93777933,83078
90,94145332,83075
90,94545301,83074
90,94959098,83071
90,95356379,83069
90,95735943,83068
90,96126726,83066
90,96509897,83063
90,96903074,83060
90,97298380,83059
90,97695397,83057
90,98089132,83051
90,98486873,83050
90,98856960,83048
90,99252114,83045
90,99669871,83042
90,100071875,83040
90,100451744,83038
90,100840010,83036
90,101209639,83034
90,101609800,83033
90,102002653,83031
90,102406593,83030
90,102794056,83028
90,103210347,83027
90,103607984,83026
90,104002441,83024
90,104417587,83023
90,104837167,83022
90,105209028,83022
90,105606319,83020
90,106002355,83019
90,106396732,83019
90,106841643,83017
90,107255416,83016
90,107654693,83016
90,108047953,83015
90,108452431,83013
90,108838681,83013
90,109231708,83013
90,109612623,83012
90,110007945,83010
90,110408832,83010
90,110779560,83010
90,111147119,83010
90,111553716,83009
90,111921111,83009
90,112315003,83008
90,112715833,83007
90,113106699,83005
90,113506149,83005
90,113898076,83005
90,114276190,83005
90,114654788,83005
90,115021754,83005
90,115409597,83005
90,115800781,83004
90,116167481,83003
90,116565438,83003
90,116959433,83002
90,117333237,83002
90,117698043,83002
90,118068634,83001
90,118466318,82998
90,118859047,82998
90,119234629,82998
90,119654858,82998
90,120049644,82998
90,120429707,82997
90,120817135,82997
90,121208941,82997
90,121613052,82997
90,122003239,82997
90,122406723,82996
90,122772842,82995
90,123166216,82994
90,123589309,82994
91,734734,582986
91,1139452,582577
91,1540631,582026
91,1916841,581460
91,2307091,580706
91,2704657,579716
91,3080170,578529
91,3484812,577352
91,3847075,575811
91,4263944,574284
91,4622264,572351
91,5036272,570239
91,5433904,567907
91,5849720,565366
91,6243547,562581
91,6643036,559988
91,7035874,556904
91,7431756,553665
91,7846776,550637
91,8205784,546921
91,8604230,542969
91,9013301,538920
91,9453980,534699
91,9835364,530752
91,10199968,526618
91,10579949,521833
91,10957147,517506
91,11338515,512219
91,11721788,506789
91,12139129,501260
91,12556498,495339
91,12951339,490107
91,13360663,484018
91,13720973,478291
91,14080402,472651
91,14457773,465966
91,14852861,458845
91,15267370,451964
91,15683467,444413
91,16078325,436999
91,16479924,430265
91,16846436,422272
91,17263649,415334
91,17641965,406978
91,18035861,398556
91,18455186,389862
91,18848000,380976
91,19265075,371906
91,19661467,363730
91,20056997,354278
91,20455732,344556
91,20850381,334714
91,21240207,325912
91,21618909,316589
91,22033357,308861
91,22395622,299432
91,22763642,291587
91,23137529,283915
91,23515435,275040
91,23908134,267455
91,24283595,260214
91,24640722,251842
91,25033447,244827
91,25409509,236833
91,25797266,230007
91,26161261,223446
91,26536773,215875
91,26928548,209613
91,27281842,203275
91,27661418,196479
91,28053773,190594
91,28434463,184094
91,28830113,177928
91,29268235,171633
91,29662778,165960
91,30056251,160194
91,30453652,155276
91,30835104,150870
91,31199317,146266
91,31576544,141142
91,31971225,137153
91,32336961,132430
91,32721473,127866
91,33136884,124223
91,33493436,120182
91,33909977,116303
91,34313854,112642
91,34727978,109196
91,35116940,106472
91,35494475,103498
91,35887439,101042
91,36262528,98723
91,36624082,96246
91,37039813,94005
91,37434285,91978
91,37827754,90384
91,38206764,88722
91,38603601,87261
91,39035002,85976
91,39431788,84910
91,39825069,84119
91,40202909,83420
91,40599911,82941
91,41014759,82670
91,41434316,82589
91,41827971,82642
91,42205655,82452
91,42603782,82357
91,43016079,82309
91,43414966,82162
91,43786843,82122
91,44178954,82040
91,44557841,82014
91,44954797,82060
91,45339345,82095
91,45724936,82164
91,46137643,82195
91,46494210,82227
91,46887628,82273
91,47261370,82310
91,47620804,82351
91,48012254,82379
91,48399022,82405
91,48786245,82429
91,49157305,82458
91,49516840,82487
91,49932765,82514
91,50338441,82531
91,50720221,82544
91,51122273,82561
91,51516687,82577
91,51909026,82590
91,52261800,82606
91,52641264,82619
91,53054926,82632
91,53413529,82645
91,53808797,82658
91,54179156,82673
91,54537465,82690
91,54931104,82705
91,55304919,82720
91,55704746,82732
91,56080790,82747
91,56478345,82759
91,56887976,82773
91,57241673,82786
91,57618469,82798
91,58012573,82806
91,58378664,82812
91,58790913,82822
91,59191272,82829
91,59582014,82842
91,59957193,82852
91,60342679,82862
91,60745168,82871
91,61141922,82881
91,61559724,82891
91,61952661,82902
91,62360050,82910
91,62742156,82918
91,63139122,82925
91,63496197,82929
91,63890722,82934
91,64265766,82938
91,64662984,82942
91,65035994,82945
91,65434381,82945
91,65807638,82944
91,66201035,82944
91,66578139,82948
91,66971324,82953
91,67338323,82957
91,67701392,82965
91,68099957,82980
91,68493602,82994
91,68865602,83015
91,69240325,83042
91,69644054,83078
91,70036321,83114
91,70411677,83155
91,70807481,83186
91,71181722,83216
91,71578923,83236
91,71953328,83250
91,72360804,83254
91,72721916,83253
91,73076587,83245
91,73478446,83231
91,73889625,83213
91,74285256,83197
91,74661253,83178
91,75055787,83160
91,75445223,83146
91,75829272,83130
91,76225397,83117
91,76620266,83109
91,76992733,83102
91,77378116,83095
91,77762092,83092
91,78137835,83087
91,78492815,83087
91,78887436,83085
91,79241292,83081
91,79617075,83081
91,79991265,83077
91,80377587,83076
91,80765565,83073
91,81160945,83069
91,81579344,83068
91,81976858,83063
91,82378834,83060
91,82747976,83058
91,83138075,83055
91,83526582,83050
91,83912669,83048
91,84286120,83046
91,84682255,83042
91,85056397,83038
91,85455656,83036
91,85848734,83035
91,86243557,83032
91,86641809,83031
91,87036115,83031
91,87413247,83029
91,87805996,83026
91,88178365,83024
91,88556574,83024
91,88951036,83024
91,89303619,83021
91,89704283,83021
91,90079865,83020
91,90472473,83019
91,90867986,83018
91,91242569,83016
91,91623437,83016
91,92015851,83014
91,92412619,83013
91,92786579,83012
91,93180915,83010
91,93578753,83010
91,93954434,83010
91,94341344,83009
91,94722151,83009
91,95140495,83008
91,95537918,83007
91,95911874,83007
91,96306792,83007
91,96682124,83006
91,97075908,83005
91,97433863,83005
91,97806002,83005
91,98199557,83005
91,98578434,83005
91,98977607,83004
91,99375403,83004
91,99753056,83004
91,100143379,83003
91,100513642,83004
91,100908633,83004
91,101262411,83004
91,101639231,83004
91,102033831,83003
91,102405691,83003
91,102766239,83002
91,103162477,83002
91,103578842,83002
91,103956628,83002
91,104364336,83002
91,104764378,83002
91,105159251,83002
91,105536476,83002
91,105930401,83002
91,106305147,83002
91,106701285,83002
91,107054409,83003
91,107410668,83003
91,107792355,83002
91,108180056,83002
91,108561930,83002
91,108952363,83002
91,109342545,83001
91,109744620,83001
91,110138187,83000
91,110494922,82999
91,110888925,82999
91,111263079,82999
91,111619414,82999
91,112012147,82999
91,112394902,83000
91,112783630,83000
91,113156901,83000
91,113517741,83000
91,113911701,82999
91,114283313,82999
91,114642188,83000
91,115036479,82999
91,115412511,82999
91,115807699,82999
91,116179460,82999
91,116536966,82998
91,116950529,82998
91,117303938,82999
91,117702045,82998
91,118078656,82997
91,118480561,82997
91,118848238,82998
91,119240737,82998
91,119619947,82998
91,120015606,82998
91,120411951,82996
92,733723,582984
92,1110251,582574
92,1492722,582019
92,1867924,581456
92,2285664,580600
92,2678973,579718
92,3032751,578528
92,3473455,577189
92,3846317,575826
92,4221809,574089
92,4615063,572391
92,4990789,570542
92,5346642,568546
92,5739418,566058
92,6135466,563355
92,6527239,560795
92,6886203,558127
92,7250054,554953
92,7640964,552024
92,8014856,548406
92,8411212,544539
92,8827473,540495
92,9246732,536370
92,9639203,532515
92,9989426,528451
92,10406545,523652
92,10768019,519419
92,11161736,514243
92,11554317,509486
92,11927657,504063
92,12309018,498315
92,12704960,492310
92,13122217,487096
92,13517243,480763
92,13906172,475023
92,14307377,467698
92,14705200,460598
92,15122183,453702
92,15513636,447300
92,15884679,440652
92,16244470,433263
92,16637798,426233
92,17010632,419366
92,17373044,411170
92,17765793,403901
92,18140204,395316
92,18556536,386640
92,18950283,378708
92,19328050,369649
92,19720933,361377
92,20104797,351904
92,20492858,343353
92,20844207,334715
92,21226326,324693
92,21616128,316570
92,21989895,308826
92,22349358,299389
92,22742177,291517
92,23121045,282710
92,23511702,274954
92,23885632,267332
92,24242719,259043
92,24635389,251726
92,24992439,244762
92,25365514,237852
92,25721391,231070
92,26111430,223695
92,26495947,216268
92,26889548,210178
92,27305794,202288
92,27703523,195726
92,28128087,188988
92,28521368,183378
92,28886654,177907
92,29247874,172232
92,29620187,166320
92,30015285,161167
92,30416719,155243
92,30787353,149952
92,31205286,144529
92,31592524,139937
92,31967690,135348
92,32370492,131304
92,32743671,126784
92,33139827,122781
92,33533977,119375
92,33905494,116024
92,34287413,112461
92,34679274,109465
92,35040149,106721
92,35410669,103763
92,35803052,101275
92,36159408,98958
92,36514334,96769
92,36885046,94743
92,37243234,92667
92,37658605,90994
92,38010490,89490
92,38389338,87933
92,38781994,86723
92,39151183,85535
92,39537355,84653
92,39910489,83816
92,40308064,83265
92,40701616,82839
92,41107425,82612
92,41494466,82567
92,41886986,82584
92,42266462,82346
92,42663201,82293
92,43035588,82217
92,43433179,82082
92,43810766,82046
92,44202292,81941
92,44619393,81942
92,45015293,81968
92,45387953,82006
92,45742214,82068
92,46104296,82108
92,46490712,82138
92,46865704,82183
92,47223047,82229
92,47615440,82275
92,47989970,82313
92,48346298,82337
92,48718047,82370
92,49120392,82406
92,49510398,82437
92,49884548,82467
92,50247497,82489
92,50640226,82501
92,51013421,82515
92,51368965,82529
92,51764661,82548
92,52142395,82572
92,52531887,82591
92,52917886,82611
92,53311325,82629
92,53681570,82646
92,54091470,82660
92,54452059,82676
92,54842807,82692
92,55224158,82710
92,55618551,82731
92,56009928,82752
92,56389518,82774
92,56783731,82798
92,57160830,82817
92,57554605,82832
92,57939849,82847
92,58329263,82861
92,58741921,82870
92,59102511,82878
92,59522062,82885
92,59908255,82889
92,60285158,82894
92,60677901,82898
92,61031368,82905
92,61413271,82912
92,61807371,82916
92,62182043,82916
92,62581974,82916
92,62992312,82919
92,63348473,82922
92,63743417,82922
92,64128349,82922
92,64495906,82923
92,64890583,82924
92,65308165,82924
92,65707170,82928
92,66125663,82934
92,66537363,82937
92,66932370,82944
92,67334736,82946
92,67701970,82951
92,68110014,82954
92,68492341,82956
92,68865419,82960
92,69242741,82963
92,69637395,82964
92,70012516,82964
92,70387778,82961
92,70761432,82958
92,71123655,82957
92,71491412,82956
92,71844068,82957
92,72224105,82961
92,72616837,82965
92,72993121,82970
92,73391375,82971
92,73785255,82971
92,74184343,82972
92,74558066,82970
92,74934690,82967
92,75333929,82967
92,75699568,82970
92,76052100,82973
92,76456706,82978
92,76865972,82980
92,77236961,82983
92,77600190,82985
92,77991721,82987
92,78349755,82989
92,78744882,82991
92,79124287,82994
92,79516240,82999
92,79887009,83000
92,80243691,83004
92,80618070,83011
92,81012013,83020
92,81367124,83033
92,81741832,83055
92,82104227,83085
92,82491325,83112
92,82844452,83139
92,83222822,83169
92,83627549,83194
92,84012487,83215
92,84387564,83228
92,84741269,83239
92,85104999,83241
92,85491862,83239
92,85865833,83232
92,86242864,83216
92,86636451,83202
92,86992049,83189
92,87348947,83173
92,87720934,83160
92,88111214,83146
92,88494672,83134
92,88888903,83122
92,89286400,83114
92,89680053,83105
92,90033395,83101
92,90433257,83096
92,90805167,83094
92,91207517,83090
92,91594122,83087
92,91969228,83086
92,92350536,83084
92,92742969,83079
92,93153541,83078
92,93513486,83076
92,93909288,83072
92,94287062,83069
92,94677937,83067
92,95032330,83064
92,95412008,83061
92,95807128,83059
92,96186985,83057
92,96581468,83052
92,96992829,83049
92,97392428,83048
92,97785403,83044
92,98179809,83042
92,98536524,83041
92,98930186,83038
92,99308492,83037
92,99683125,83034
92,100068610,83032
92,100430323,83031
92,100828675,83030
92,101242649,83029
92,101648402,83027
92,102016256,83025
92,102408869,83024
92,102782208,83022
92,103137186,83022
92,103491672,83021
92,103844927,83020
92,104220161,83019
92,104615697,83019
92,104968024,83016
92,105349744,83016
92,105723918,83015
92,106106756,83014
92,106515277,83014
92,106908577,83013
92,107284502,83012
92,107679553,83012
92,108040945,83010
92,108408979,83010
92,108762413,83010
92,109121080,83010
92,109489464,83008
92,109845437,83008
92,110260528,83008
92,110667084,83007
92,111055159,83006
92,111435614,83006
92,111825223,83005
92,112184512,83004
92,112553802,83004
92,112907937,83004
92,113264470,83003
92,113637215,83003
92,113990097,83002
92,114346719,83002
92,114742221,83002
92,115124100,83002
92,115513230,83002
92,115887136,83002
92,116244861,83002
92,116637050,83002
92,116989634,83000
92,117369461,83000
92,117784552,83000
92,118181709,82999
92,118558538,82999
92,118954742,82998
92,119347876,82998
92,119720463,82998
92,120103717,82995
92,120527578,82997
92,120887489,82995
92,121268777,82995
92,121658191,82995
92,122011510,82996
92,122391340,82996
92,122785389,82996
92,123162579,82995
92,123556825,82995
92,123927533,82996
92,124306386,82994
92,124700556,82994
92,125103094,82994
92,125492243,82993
93,711705,582970
93,1114200,582573
93,1472644,582012
93,1846800,581448
93,2242638,580577
93,2653720,579699
93,3012137,578513
93,3427755,577341
93,3805916,575795
93,4203879,574045
93,4600248,572342
93,4970013,570229
93,5381356,568208
93,5765222,565694
93,6136235,563316
93,6495138,560381
93,6912645,557316
93,7312754,554504
93,7690256,551099
93,8101273,547409
93,8498507,543985
93,8874494,539935
93,9268109,535790
93,9672687,531329
93,10081734,527215
93,10451597,522426
93,10854669,518134
93,11247416,512893
93,11647252,507461
93,12039046,501966
93,12436808,496102
93,12855286,490112
93,13265424,484030
93,13665480,478306
93,14041815,471870
93,14436208,465986
93,14835900,458871
93,15205021,451988
93,15624479,444438
93,16018869,437026
93,16433589,429280
93,16836143,421324
93,17249044,414311
93,17629463,405948
93,18019711,398572
93,18392162,389874
93,18788843,380989
93,19208392,371919
93,19607350,363744
93,19973178,354284
93,20370130,344557
93,20812071,334702
93,21211379,324675
93,21615742,315447
93,22020156,306545
93,22416921,298203
93,22810347,289343
93,23202261,280474
93,23608608,272761
93,23995226,264189
93,24389662,255934
93,24791122,247689
93,25182703,239803
93,25602856,231868
93,25996032,225294
93,26392701,217665
93,26791495,210477
93,27182379,203259
93,27613006,196502
93,27994364,190612
93,28367591,184103
93,28767102,177939
93,29186391,171640
93,29591180,165969
93,29999683,160946
93,30372559,155285
93,30827047,149602
93,31233846,144286
93,31658535,139423
93,32068048,134894
93,32468727,130188
93,32870223,125881
93,33263303,122307
93,33631751,118787
93,33985313,115469
93,34334572,112267
93,34708558,108835
93,35081519,106136
93,35449234,103517
93,35811522,101050
93,36184394,98733
93,36543202,96548
93,36896402,94550
93,37249070,92734
93,37609861,91061
93,37977402,89557
93,38333315,88172
93,38714886,86783
93,39086983,85722
93,39460303,84824
93,39836776,83958
93,40212424,83379
93,40603822,82923
93,41010796,82692
93,41365592,82604
93,41762840,82649
93,42139632,82455
93,42534126,82354
93,42910656,82329
93,43307153,82165
93,43723910,82123
93,44116728,82035
93,44510393,82002
93,44886893,82038
93,45261674,82074
93,45658433,82135
93,46052958,82166
93,46433000,82197
93,46828930,82240
93,47219769,82283
93,47603841,82326
93,47991984,82363
93,48363515,82388
93,48719040,82409
93,49093514,82433
93,49468348,82459
93,49884160,82488
93,50265428,82507
93,50640597,82529
93,51043371,82545
93,51409339,82563
93,51806500,82576
93,52217976,82590
93,52603322,82600
93,52990593,82616
93,53387326,82625
93,53785739,82638
93,54159059,82652
93,54553824,82669
93,54938173,82687
93,55305760,82707
93,55706178,82723
93,56072579,82740
93,56467792,82753
93,56849244,82769
93,57219184,82781
93,57604792,82793
93,57992045,82805
93,58363508,82817
93,58721184,82830
93,59115100,82842
93,59509957,82851
93,59885737,82860
93,60259148,82870
93,60632379,82881
93,61011176,82889
93,61405344,82898
93,61781747,82904
93,62165158,82914
93,62551751,82919
93,62952948,82923
93,63343246,82926
93,63740816,82926
93,64137901,82928
93,64511530,82931
93,64909280,82933
93,65304123,82936
93,65705152,82941
93,66093487,82944
93,66468002,82949
93,66869452,82957
93,67264352,82968
93,67641190,82992
93,68032722,83026
93,68408425,83071
93,68805112,83118
93,69200700,83160
93,69601921,83199
93,69989097,83229
93,70341292,83252
93,70719593,83265
93,71092845,83270
93,71467108,83270
93,71844534,83260
93,72238718,83247
93,72601358,83228
93,73009136,83208
93,73362948,83190
93,73720205,83169
93,74117754,83152
93,74522275,83135
93,74911526,83121
93,75304057,83110
93,75739946,83102
93,76134337,83097
93,76487610,83092
93,76847979,83089
93,77240523,83086
93,77621306,83086
93,78014443,83084
93,78404932,83081
93,78786174,83080
93,79165482,83078
93,79553370,83076
93,79968932,83073
93,80362528,83069
93,80718957,83067
93,81092550,83064
93,81467417,83058
93,81844111,83057
93,82217548,83052
93,82603646,83048
93,82994062,83047
93,83387042,83041
93,83783485,83040
93,84158320,83039
93,84532440,83035
93,84930035,83033
93,85322527,83032
93,85698453,83029
93,86093335,83029
93,86466673,83027
93,86843920,83025
93,87240208,83025
93,87636130,83023
93,88008912,83021
93,88363703,83020
93,88718676,83020
93,89113952,83018
93,89488535,83018
93,89847761,83016
93,90241479,83015
93,90622312,83014
93,91013160,83012
93,91406195,83012
93,91783202,83010
93,92157676,83010
93,92551621,83009
93,92947535,83009
93,93325680,83009
93,93745960,83007
93,94137599,83007
93,94512662,83008
93,94909143,83007
93,95303301,83007
93,95706081,83006
93,96091558,83006
93,96466799,83005
93,96867881,83005
93,97259412,83004
93,97621068,83005
93,98012633,83004
93,98385911,83004
93,98763561,83004
93,99165774,83004
93,99531366,83002
93,99931708,83002
93,100304996,83002
93,100703260,83002
93,101095114,83002
93,101466760,83002
93,101845462,83003
93,102239141,83003
93,102601057,83002
93,102990458,83002
93,103362081,83002
93,103727635,83002
93,104136911,83002
93,104528918,83002
93,104908165,83002
93,105301602,83002
93,105656900,83002
93,106033412,83001
93,106428592,83001
93,106803982,83000
93,107199768,83000
93,107622048,83000
93,108012888,83000
93,108406422,83000
93,108784198,82999
93,109155481,82999
93,109509608,82999
93,109865773,82999
93,110258958,82999
93,110638035,82999
93,111031683,83000
93,111405841,83000
93,111760921,83000
93,112155494,82999
93,112530425,82999
93,112927295,83000
93,113299349,83000
93,113659699,82999
93,114052155,83000
93,114426596,83000
93,114781783,82999
93,115197168,82998
93,115554907,82999
93,115951735,82998
93,116366465,82999
93,116742525,82998
93,117136334,82998
93,117533315,82998
93,117907942,82996
93,118304272,82997
93,118684641,82997
93,119078354,82997
93,119494116,82997
93,119888291,82997
94,721473,582971
94,1138495,582488
94,1552042,581880
94,1950254,581264
94,2390761,580350
94,2766721,579299
94,3157049,578214
94,3554150,576829
94,3950225,575197
94,4348657,573400
94,4781564,571362
94,5181098,569142
94,5596584,566707
94,5991774,564412
94,6384981,561538
94,6763248,558506
94,7175438,555760
94,7533846,552448
94,7948720,548856
94,8348787,545016
94,8750990,541483
94,9114203,537918
94,9490440,533599
94,9889009,529010
94,10280330,524819
94,10655737,520614
94,11009583,515542
94,11425899,510811
94,11783383,505400
94,12198289,500495
94,12550298,495293
94,12907520,489328
94,13343263,483169
94,13789621,475815
94,14177764,470175
94,14549707,464150
94,14906547,457113
94,15320166,451028
94,15673583,443411
94,16078928,436986
94,16449076,429221
94,16850505,422229
94,17217408,415304
94,17574358,406922
94,17973651,398511
94,18383210,390896
94,18747522,382061
94,19155047,374107
94,19506898,366060
94,19867364,356608
94,20261715,348186
94,20657448,338414
94,21055260,328369
94,21471489,318791
94,21865835,309932
94,22259841,301788
94,22633953,293671
94,22991499,284934
94,23384446,277146
94,23761074,268380
94,24177659,260048
94,24576191,252731
94,24971152,244703
94,25365415,236738
94,25769138,228996
94,26158278,222380
94,26553756,214910
94,26951409,207785
94,27348999,200689
94,27761765,194088
94,28156967,188221
94,28570147,182013
94,28952268,175881
94,29342629,170568
94,29696785,165119
94,30114297,160100
94,30510937,154611
94,30911551,149565
94,31282702,144842
94,31667886,139819
94,32076938,135180
94,32472757,130217
94,32905168,125765
94,33285180,121750
94,33676978,118166
94,34057131,114340
94,34468269,111231
94,34830404,108269
94,35217898,104804
94,35634089,102233
94,35991219,99861
94,36362783,97310
94,36765999,95226
94,37158212,93113
94,37550076,91412
94,37912255,89676
94,38282867,88286
94,38656756,86872
94,39054688,85784
94,39425912,84866
94,39784520,84076
94,40178757,83391
94,40549566,82968
94,40907617,82701
94,41281041,82572
94,41675387,82614
94,42074118,82479
94,42450476,82309
94,42848716,82301
94,43259126,82149
94,43611445,82082
94,43992154,82019
94,44386572,81940
94,44768131,81980
94,45158185,81999
94,45553385,82054
94,45929885,82098
94,46323212,82121
94,46674318,82162
94,47053627,82209
94,47447312,82246
94,47823327,82284
94,48236745,82300
94,48612963,82327
94,48993874,82348
94,49364967,82378
94,49761977,82400
94,50154531,82420
94,50528819,82439
94,50886610,82456
94,51258490,82481
94,51611732,82508
94,51990500,82537
94,52383972,82560
94,52747758,82581
94,53189919,82604
94,53551499,82629
94,53913248,82654
94,54282186,82683
94,54678268,82704
94,55054489,82721
94,55447108,82733
94,55804542,82743
94,56186258,82753
94,56574077,82761
94,56953723,82777
94,57347079,82793
94,57766219,82811
94,58154827,82827
94,58508368,82836
94,58886045,82850
94,59278997,82855
94,59653241,82861
94,60017167,82871
94,60406717,82877
94,60783094,82886
94,61176265,82894
94,61549139,82903
94,61906691,82912
94,62302351,82919
94,62674861,82928
94,63093803,82930
94,63445480,82935
94,63802570,82937
94,64196720,82940
94,64570081,82941
94,64929071,82944
94,65324867,82947
94,65698005,82954
94,66100417,82958
94,66508628,82960
94,66867388,82962
94,67259695,82962
94,67633785,82962
94,68031998,82963
94,68408573,82964
94,68824067,82968
94,69223238,82971
94,69636607,82973
94,70054401,82979
94,70446887,82984
94,70806110,82992
94,71199211,83004
94,71579356,83012
94,71954189,83025
94,72348850,83035
94,72767323,83046
94,73157121,83053
94,73531863,83060
94,73927865,83068
94,74299761,83074
94,74657147,83091
94,75074556,83115
94,75470316,83142
94,75885999,83169
94,76280382,83188
94,76653723,83204
94,77009292,83218
94,77404034,83224
94,77793510,83224
94,78176246,83220
94,78529150,83211
94,78909152,83200
94,79301710,83188
94,79674480,83173
94,80071899,83160
94,80424034,83146
94,80789767,83136
94,81175838,83121
94,81548652,83114
94,81911698,83106
94,82279817,83102
94,82653911,83096
94,83013123,83093
94,83407643,83087
94,83804025,83086
94,84178020,83082
94,84570475,83080
94,84949705,83078
94,85341762,83077
94,85699780,83074
94,86071498,83071
94,86425394,83069
94,86783956,83067
94,87157634,83063
94,87550496,83060
94,87908034,83057
94,88282119,83055
94,88675212,83050
94,89073460,83049
94,89450227,83046
94,89826705,83043
94,90221467,83041
94,90613431,83039
94,90989437,83036
94,91383919,83034
94,91765504,83033
94,92153606,83032
94,92507388,83030
94,92889466,83028
94,93279731,83027
94,93655168,83026
94,94011896,83024
94,94407192,83023
94,94783997,83022
94,95177144,83022
94,95571661,83020
94,95950818,83020
94,96319822,83019
94,96677839,83016
94,97072784,83016
94,97424982,83014
94,97785031,83013
94,98156612,83013
94,98549745,83013
94,98929352,83012
94,99323871,83010
94,99695594,83010
94,100099295,83010
94,100509893,83009
94,100907076,83009
94,101278387,83009
94,101632860,83008
94,102000268,83007
94,102363903,83007
94,102766654,83007
94,103176284,83006
94,103528921,83005
94,103888640,83005
94,104290488,83005
94,104658597,83004
94,105044562,83004
94,105429057,83004
94,105825071,83004
94,106203448,83003
94,106598718,83003
94,107010944,83003
94,107404558,83003
94,107781131,83002
94,108178564,83002
94,108553033,83002
94,108970178,83002
94,109363231,83001
94,109747020,83001
94,110133988,83000
94,110487647,83000
94,110864120,83000
94,111259168,82999
94,111611778,82999
94,111988366,82998
94,112384580,82998
94,112765690,82998
94,113156280,82998
94,113573172,82998
94,113968664,82998
94,114383241,82998
94,114749374,82998
94,115159211,82998
94,115551062,82998
94,115909731,82998
94,116281929,82998
94,116678711,82997
94,117053724,82998
95,722147,582970
95,1119435,582572
95,1514861,581945
95,1892630,581355
95,2307783,580461
95,2710438,579572
95,3077479,578527
95,3434879,577183
95,3834757,575602
95,4245225,573840
95,4641156,572113
95,5035785,570250
95,5406803,567926
95,5768433,565712
95,6141354,562966
95,6557374,560017
95,6952278,557328
95,7325789,554524
95,7686268,551116
95,8097220,547432
95,8490360,544010
95,8847782,540471
95,9241268,536345
95,9641801,531921
95,10034035,527832
95,10386701,523632
95,10750763,519411
95,11138007,514245
95,11510994,509511
95,11868086,504794
95,12240989,499857
95,12602889,493867
95,13011825,488675
95,13366668,483277
95,13742995,476715
95,14137515,471091
95,14489272,465157
95,14851232,458033
95,15265695,451998
95,15620819,444445
95,16084973,436092
95,16529227,427203
95,16971648,419314
95,17349467,412126
95,17717373,403774
95,18111532,396278
95,18480666,388658
95,18837106,379715
95,19230467,371797
95,19608092,363628
95,19954846,355401
95,20291069,348160
95,20622887,339638
95,20956170,332158
95,21291903,323469
95,21643212,315444
95,21974821,307702
95,22353764,299385
95,22735627,291499
95,23085612,282681
95,23487275,274953
95,23844889,267351
95,24216560,259157
95,24613153,251975
95,24980496,245114
95,25344962,237398
95,25739791,230807
95,26110474,224457
95,26463275,217940
95,26863464,210930
95,27238839,203806
95,27646521,197786
95,28036600,190840
95,28423079,184104
95,28822018,178593
95,29177351,172887
95,29533775,167611
95,29915809,161792
95,30302075,156561
95,30654583,151893
95,31031416,147298
95,31388628,142565
95,31745505,137778
95,32161427,133181
95,32554741,128573
95,32972797,124846
95,33362458,120784
95,33746828,116909
95,34139421,113596
95,34512927,110474
95,34880488,107328
95,35268302,104673
95,35642809,101742
95,36037986,99093
95,36433667,96894
95,36829518,94593
95,37222593,92766
95,37607245,90841
95,37992836,89342
95,38347809,87973
95,38725472,86594
95,39121011,85416
95,39535792,84417
95,39934926,83698
95,40330504,83044
95,40744722,82723
95,41138297,82534
95,41534262,82532
95,41931283,82521
95,42284062,82306
95,42641177,82262
95,43037889,82181
95,43432069,82031
95,43832527,81986
95,44242841,81882
95,44609449,81883
95,44994133,81908
95,45367456,81944
95,45726078,82012
95,46140637,82050
95,46537909,82095
95,46915363,82165
95,47308172,82230
95,47709720,82296
95,48119209,82328
95,48471724,82353
95,48849536,82374
95,49245260,82392
95,49641988,82407
95,50036914,82429
95,50429765,82440
95,50788574,82463
95,51181215,82483
95,51554906,82505
95,51953645,82538
95,52367108,82566
95,52745412,82599
95,53139399,82629
95,53492554,82657
95,53847369,82680
95,54221201,82705
95,54605081,82726
95,54992426,82747
95,55345453,82769
95,55745504,82788
95,56139034,82806
95,56533908,82815
95,56934252,82822
95,57331631,82824
95,57746154,82824
95,58150862,82824
95,58518277,82826
95,58910854,82830
95,59294040,82836
95,59682896,82844
95,60054782,82855
95,60409201,82862
95,60765255,82870
95,61138218,82876
95,61491056,82882
95,61852371,82889
95,62244748,82894
95,62646430,82899
95,63035906,82901
95,63432498,82901
95,63828807,82899
95,64241655,82896
95,64605437,82891
95,64971519,82891
95,65345213,82896
95,65744117,82903
95,66138032,82909
95,66492292,82915
95,66852318,82916
95,67243072,82916
95,67606324,82917
95,67992709,82919
95,68344685,82922
95,68726862,82927
95,69120368,82931
95,69536245,82933
95,69937419,82933
95,70311369,82937
95,70703215,82943
95,71117102,82945
95,71471493,82952
95,71851010,82956
95,72245417,82962
95,72642500,82964
95,73038133,82964
95,73430512,82964
95,73787889,82965
95,74182452,82967
95,74553206,82971
95,74952406,82979
95,75344959,82984
95,75722615,82989
95,76138789,82989
95,76491473,82990
95,76847317,82990
95,77222492,82992
95,77626437,82993
95,78038447,82992
95,78432499,82991
95,78813024,82987
95,79208065,82986
95,79621332,82986
95,80015165,82986
95,80389153,82987
95,80743357,82986
95,81096637,82984
95,81474871,82983
95,81871267,82981
95,82267396,82981
95,82654577,82983
95,83038290,82988
95,83434331,82991
95,83838695,82991
95,84224996,82994
95,84644991,82999
95,85037329,83005
95,85430948,83014
95,85808014,83031
95,86201709,83053
95,86559135,83075
95,86930401,83098
95,87283168,83120
95,87641004,83140
95,88033235,83163
95,88409085,83178
95,88769960,83193
95,89141326,83204
95,89536651,83209
95,89935922,83214
95,90315249,83213
95,90684064,83208
95,91079350,83202
95,91491393,83195
95,91847467,83189
95,92219618,83185
95,92623948,83178
95,93034226,83175
95,93386143,83169
95,93743824,83162
95,94100998,83157
95,94474145,83148
95,94873035,83140
95,95265183,83134
95,95642927,83127
95,96055840,83122
95,96410715,83117
95,96809337,83112
95,97181468,83105
95,97592585,83102
95,97953007,83096
95,98347915,83094
95,98745294,83090
95,99139275,83086
95,99491861,83084
95,99850001,83078
95,100246342,83076
95,100644369,83073
95,101036135,83069
95,101432183,83068
95,101834876,83063
95,102243947,83062
95,102605985,83058
95,102995009,83057
95,103370747,83053
95,103767757,83052
95,104138632,83049
95,104492746,83048
95,104850518,83045
95,105244508,83043
95,105642528,83040
95,106036407,83039
95,106430962,83037
95,106801252,83035
95,107162483,83034
95,107554918,83033
95,107944773,83031
95,108325315,83031
95,108688465,83029
95,109058193,83029
95,109454120,83026
95,109869311,83024
95,110241311,83024
95,110607508,83023
95,110996289,83022
95,111367327,83021
95,111725681,83020
95,112119193,83019
95,112494560,83017
95,112891864,83017
95,113267174,83017
95,113662899,83013
95,114057961,83013
95,114429189,83013
95,114789385,83012
95,115182438,83012
95,115571623,83011
95,115974455,83009
95,116366514,83009
95,116746389,83009
95,117140416,83009
95,117554601,83007
95,117953561,83007
95,118366446,83006
95,118743872,83005
95,119140054,83005
95,119533686,83004
95,119932255,83004
95,120326273,83003
95,120684830,83002
95,121075819,83002
95,121428302,83002
95,121810905,83001
95,122209325,83000
95,122621006,82999
95,123016177,82999
95,123391213,82999
95,123787731,82999
95,124159637,82999
95,124513694,82999
95,124869117,82999
95,125245752,82999
95,125643962,82997
95,126057823,82997
95,126457794,82998
95,126872798,82998
95,127265933,82996
95,127644221,82996
96,738976,582985
96,1097360,582654
96,1463122,582024
96,1872307,581467
96,2272621,580603
96,2664561,579727
96,3034964,578698
96,3417875,577370
96,3809195,576036
96,4181401,574311
96,4581779,572382
96,4976984,570264
96,5391820,568243
96,5744532,566046
96,6117003,563341
96,6522287,560397
96,6913897,557718
96,7291066,554515
96,7706604,551114
96,8099432,547907
96,8461121,544515
96,8832123,540474
96,9249013,536353
96,9682700,531929
96,10087873,527235
96,10466665,523040
96,10834117,518152
96,11237877,512914
96,11644618,507479
96,12061414,501986
96,12456799,496884
96,12855788,490875
96,13258850,484839
96,13644829,478327
96,14038020,472672
96,14436460,465978
96,14809039,459728
96,15221857,451948
96,15649064,444370
96,16038895,437865
96,16434946,430188
96,16808709,423160
96,17162776,416279
96,17539673,407892
96,17933774,400604
96,18332456,391924
96,18725153,383146
96,19120220,375214
96,19517473,366037
96,19892302,356615
96,20314432,346967
96,20706451,337204
96,21106652,327145
96,21521442,318818
96,21914502,309963
96,22312944,300616
96,22704990,291556
96,23103698,282750
96,23518228,273897
96,23933759,266334
96,24290436,258079
96,24684424,250763
96,25056934,243822
96,25415223,235811
96,25828628,229072
96,26205331,221501
96,26605686,214048
96,26994629,207815
96,27370613,200668
96,27766211,194842
96,28118803,188927
96,28518149,182562
96,28905686,177153
96,29275833,170896
96,29665004,165276
96,30081097,159457
96,30482656,154004
96,30897449,148938
96,31289145,144256
96,31665855,139398
96,32059469,135431
96,32437075,130678
96,32831934,126841
96,33205082,122742
96,33607174,118729
96,33995856,115427
96,34373629,111786
96,34769147,108829
96,35139878,106137
96,35499785,103526
96,35892467,100740
96,36289024,98105
96,36682929,95982
96,37038226,93776
96,37456053,91771
96,37853495,89989
96,38274702,88368
96,38661984,87120
96,39037246,85999
96,39418682,84933
96,39811141,84038
96,40207478,83436
96,40602132,82955
96,40997623,82686
96,41395698,82604
96,41786650,82655
96,42141215,82503
96,42519623,82379
96,42911815,82375
96,43291871,82225
96,43683566,82183
96,44058006,82121
96,44416010,82050
96,44830567,82082
96,45240990,82106
96,45600125,82156
96,45957193,82198
96,46356876,82225
96,46766787,82272
96,47182388,82319
96,47582089,82371
96,47994399,82401
96,48373769,82427
96,48768162,82445
96,49164586,82464
96,49540817,82481
96,49933380,82498
96,50303268,82511
96,50661541,82527
96,51026494,82543
96,51440754,82564
96,51832169,82578
96,52239865,82590
96,52602366,82605
96,52996495,82620
96,53405266,82639
96,53779604,82656
96,54142746,82673
96,54538542,82692
96,54915159,82711
96,55310783,82724
96,55704523,82741
96,56078665,82752
96,56437114,82763
96,56809377,82776
96,57203550,82788
96,57605289,82798
96,57995984,82809
96,58392309,82820
96,58787740,82827
96,59141063,82835
96,59496685,82841
96,59890432,82844
96,60273298,82848
96,60640449,82853
96,60993680,82861
96,61375496,82872
96,61768826,82880
96,62164503,82887
96,62540489,82888
96,62934265,82894
96,63311335,82895
96,63703103,82895
96,64077479,82897
96,64435950,82901
96,64828127,82904
96,65208589,82905
96,65602177,82905
96,65995315,82908
96,66377082,82914
96,66805191,82918
96,67183774,82924
96,67559595,82928
96,67955468,82934
96,68335683,82939
96,68724340,82946
96,69081905,82955
96,69456095,82968
96,69849691,82985
96,70274044,83009
96,70663996,83030
96,71035607,83058
96,71391909,83095
96,71808584,83135
96,72202480,83174
96,72650725,83206
96,73018612,83228
96,73415414,83246
96,73808905,83253
96,74160339,83255
96,74517698,83251
96,74913387,83242
96,75308135,83225
96,75682943,83208
96,76037104,83192
96,76412922,83172
96,76808819,83158
96,77161212,83145
96,77556256,83130
96,77945437,83118
96,78313660,83110
96,78706855,83103
96,79099649,83096
96,79481904,83092
96,79891752,83088
96,80308917,83085
96,80704049,83084
96,81058130,83081
96,81435061,83079
96,81828907,83077
96,82182844,83075
96,82563057,83071
96,82955251,83069
96,83336178,83067
96,83730829,83061
96,84141288,83059
96,84498998,83056
96,84892988,83053
96,85273938,83049
96,85685002,83046
96,86080153,83044
96,86456438,83040
96,86849990,83037
96,87274569,83034
96,87661450,83033
96,88016316,83031
96,88395336,83028
96,88786387,83027
96,89160472,83025
96,89518889,83023
96,89912237,83023
96,90288448,83021
96,90705811,83020
96,91098909,83019
96,91455487,83018
96,91833268,83017
96,92240736,83016
96,92600807,83015
96,92951985,83014
96,93309869,83013
96,93703582,83013
96,94057035,83012
96,94439120,83011
96,94832747,83011
96,95201996,83009
96,95606798,83009
96,96014958,83008
96,96371104,83007
96,96746692,83007
96,97140425,83006
96,97499232,83004
96,97873179,83004
96,98273486,83004
96,98664076,83004
96,99039130,83004
96,99435882,83004
96,99810688,83003
96,100203847,83003
96,100598638,83003
96,100989237,83002
96,101401400,83002
96,101771781,83002
96,102152455,83002
96,102529989,83002
96,102892228,83002
96,103275329,83001
96,103640398,83000
96,103995219,83001
96,104371051,83001
96,104765478,83001
96,105120281,83001
96,105499258,83001
96,105890566,83001
96,106254517,82999
96,106620764,83000
96,106993874,83000
96,107392967,83000
96,107789998,82999
96,108164685,82999
96,108561255,82999
96,108934640,82998
96,109330347,82999
96,109723281,82999
96,110105338,83000
96,110498639,83000
96,110893621,83000
96,111290607,83000
96,111684614,83000
96,112078350,83000
96,112456845,83000
96,112853797,83000
96,113272937,83000
96,113642269,82997
96,114035683,82997
96,114391193,82998
96,114766411,82997
96,115119265,82997
96,115496800,82998
96,115891419,82999
96,116256926,82997
96,116646876,82997
96,117018152,82998
96,117415018,82998
96,117809450,82997
96,118205165,82997
96,118602642,82997
96,118995284,82997
96,119370241,82997
96,119748105,82997
96,120123828,82997
96,120498067,82997
96,120893822,82995
96,121269944,82995
96,121662431,82995
96,122036552,82995
96,122392111,82995
96,122788757,82995
96,123162292,82995
97,716636,582984
97,1104951,582577
97,1518301,582027
97,1911989,581462
97,2309462,580595
97,2703735,579584
97,3101890,578369
97,3537184,577001
97,3932610,575391
97,4331324,573832
97,4706323,571845
97,5102262,569685
97,5522139,567296
97,5934784,564707
97,6335184,562214
97,6730082,559228
97,7120318,556114
97,7520393,552833
97,7930619,549738
97,8291587,545958
97,8704858,541961
97,9102947,537898
97,9517376,533592
97,9912553,529593
97,10308104,524825
97,10704770,520020
97,11101317,514904
97,11517699,509500
97,11911794,504086
97,12307932,499099
97,12703992,493103
97,13103158,487134
97,13517305,480812
97,13913156,474268
97,14329413,467725
97,14722412,461511
97,15101485,454577
97,15516461,447283
97,15910759,440643
97,16295946,433236
97,16683130,425184
97,17100367,417348
97,17494848,409018
97,17910188,401739
97,18275507,393103
97,18662074,385493
97,19036256,377561
97,19411803,368497
97,19806958,360205
97,20160622,351932
97,20515530,342133
97,20909518,333476
97,21291200,323512
97,21684855,315470
97,22058796,306562
97,22456391,298213
97,22833870,289353
97,23240338,280481
97,23641340,271670
97,24035949,264195
97,24412696,255938
97,24806651,248686
97,25181894,240800
97,25578781,233783
97,25956278,226219
97,26356194,218592
97,26744550,212265
97,27169019,205061
97,27541195,198151
97,27931440,192344
97,28310056,185659
97,28724248,179513
97,29128252,173173
97,29522808,168059
97,29915563,162405
97,30310581,156615
97,30705812,151510
97,31107298,146943
97,31478354,141745
97,31867494,137750
97,32254317,133083
97,32663421,128488
97,33055623,124808
97,33435372,120729
97,33808437,117293
97,34201654,113581
97,34604251,110037
97,34994015,107255
97,35370333,104241
97,35765423,101726
97,36138537,99386
97,36516807,96843
97,36910994,94815
97,37272657,92717
97,37681764,91047
97,38035736,89538
97,38414277,87969
97,38810720,86594
97,39201496,85425
97,39622138,84449
97,40019101,83745
97,40414647,83163
97,40807393,82788
97,41182982,82628
97,41562002,82620
97,41953493,82618
97,42335998,82416
97,42703463,82378
97,43105309,82279
97,43498618,82164
97,43871237,82121
97,44277998,82030
97,44641212,82037
97,45035537,82066
97,45412732,82120
97,45807861,82180
97,46203249,82212
97,46603224,82244
97,46993692,82286
97,47391773,82320
97,47765738,82360
97,48159680,82383
97,48515477,82405
97,48910382,82428
97,49303686,82450
97,49661474,82471
97,50055976,82490
97,50415591,82501
97,50808996,82519
97,51184925,82534
97,51573862,82553
97,51955351,82573
97,52356928,82588
97,52744542,82605
97,53139072,82620
97,53526966,82643
97,53893366,82661
97,54268592,82681
97,54662578,82700
97,55036575,82718
97,55436187,82733
97,55829245,82747
97,56206547,82759
97,56579411,82773
97,56956049,82787
97,57328535,82804
97,57723316,82817
97,58116788,82831
97,58515157,82843
97,58911787,82850
97,59307982,82854
97,59702913,82860
97,60056986,82865
97,60416133,82873
97,60810117,82878
97,61205301,82886
97,61583144,82894
97,61981967,82902
97,62372231,82910
97,62742763,82919
97,63118645,82927
97,63497068,82935
97,63889383,82940
97,64258939,82945
97,64640652,82946
97,65014938,82948
97,65372919,82949
97,65767234,82949
97,66140110,82954
97,66538555,82954
97,66912938,82955
97,67311856,82960
97,67682144,82965
97,68076899,82976
97,68433875,82998
97,68807054,83035
97,69234269,83080
97,69618540,83119
97,69992826,83161
97,70391786,83198
97,70784475,83223
97,71138456,83241
97,71520364,83251
97,71913772,83253
97,72309941,83249
97,72705430,83236
97,73098860,83220
97,73518439,83202
97,73912739,83184
97,74310591,83165
97,74685635,83148
97,75057947,83133
97,75455698,83116
97,75859592,83108
97,76255867,83098
97,76623241,83094
97,77013899,83087
97,77394031,83086
97,77767491,83083
97,78170514,83080
97,78538664,83079
97,78933758,83078
97,79307552,83076
97,79704389,83074
97,80095996,83070
97,80478261,83068
97,80868340,83066
97,81251754,83061
97,81640404,83060
97,82014912,83055
97,82432400,83052
97,82831189,83048
97,83239311,83046
97,83600717,83043
97,84017083,83040
97,84414158,83037
97,84785384,83036
97,85139419,83033
97,85496369,83031
97,85910157,83030
97,86269115,83028
97,86660662,83027
97,87035844,83024
97,87414634,83023
97,87808701,83022
97,88203039,83021
97,88605730,83020
97,88974131,83019
97,89373516,83017
97,89743893,83017
97,90138540,83015
97,90517420,83014
97,90910818,83013
97,91309714,83012
97,91679778,83012
97,92034587,83011
97,92413328,83011
97,92805583,83011
97,93158414,83010
97,93519595,83010
97,93912115,83010
97,94309861,83010
97,94705457,83010
97,95104192,83010
97,95497652,83008
97,95869188,83007
97,96251375,83007
97,96642884,83006
97,97016563,83004
97,97413940,83004
97,97788056,83003
97,98181355,83003
97,98559922,83002
97,98951093,83002
97,99311017,83002
97,99682723,83002
97,100076743,83002
97,100445932,83002
97,100808704,83002
97,101202079,83002
97,101617881,83002
97,101993940,83002
97,102390463,83002
97,102795758,83002
97,103182268,83002
97,103556919,83002
97,103930929,83002
97,104304480,83002
97,104682540,83001
97,105065747,83001
97,105458713,83001
97,105852634,83000
97,106253562,82999
97,106619856,82999
97,106992751,82999
97,107370331,82999
97,107762904,82999
97,108116899,83000
97,108492658,83000
97,108888891,83000
97,109255467,83000
97,109621369,83000
97,110016533,83000
97,110436355,82999
97,110828329,82999
97,111217039,82999
97,111598314,82998
97,112013188,82998
97,112370751,82998
97,112784898,82998
97,113137882,82998
97,113496795,82998
97,113888920,82998
97,114271593,82998
97,114659882,82997
97,115035090,82998
97,115417787,82997
97,115808997,82996
97,116204544,82996
97,116584875,82996
97,116978721,82996
98,706714,582994
98,1070025,582654
98,1466826,582024
98,1877673,581546
98,2237056,580717
98,2633037,579857
98,3016031,578695
98,3426278,577379
98,3819658,576046
98,4200704,574319
98,4586080,572655
98,4943340,570825
98,5315970,568851
98,5673717,566386
98,6069578,564066
98,6485825,560797
98,6883917,558128
98,7278469,554958
98,7673056,551591
98,8068569,548407
98,8441201,545038
98,8797891,541510
98,9175511,537421
98,9568484,533623
98,9923892,529036
98,10331191,524842
98,10696088,520029
98,11089158,514902
98,11503863,510159
98,11860156,505426
98,12237729,499799
98,12630682,494562
98,12992107,489345
98,13380622,483190
98,13753176,477460
98,14112609,471827
98,14486046,465047
98,14878396,458818
98,15237773,452801
98,15610251,445291
98,16012710,438771
98,16403490,431203
98,16773440,424149
98,17132311,417312
98,17505144,410019
98,17856310,402740
98,18258627,394133
98,18628158,386534
98,18989996,377498
98,19405584,368429
98,19798942,358960
98,20197556,350643
98,20575595,340864
98,20983154,330888
98,21381721,322263
98,21778546,313234
98,22174215,304197
98,22568797,295899
98,22923820,287144
98,23320965,279352
98,23699993,270535
98,24138998,262083
98,24526164,254834
98,24878760,247658
98,25238069,239774
98,25635890,232802
98,26013224,225280
98,26401390,218598
98,26776459,212281
98,27132284,205093
98,27526898,199049
98,27880389,193286
98,28256975,186613
98,28650740,181275
98,29028623,175073
98,29421413,169865
98,29775553,165093
98,30154899,159300
98,30558973,153914
98,30979626,149465
98,31363574,144043
98,31736948,139139
98,32155885,134417
98,32527639,130101
98,32924873,125691
98,33319904,121634
98,33736580,117606
98,34132170,114317
98,34514933,110753
98,34885386,107857
98,35281164,104831
98,35674080,101934
98,36093490,99277
98,36488719,97065
98,36883382,94739
98,37281059,92665
98,37675647,90784
98,38092331,89096
98,38487134,87590
98,38879389,86410
98,39295951,85273
98,39685075,84317
98,40075371,83645
98,40466329,83090
98,40862448,82746
98,41265193,82593
98,41675655,82632
98,42072105,82512
98,42470449,82353
98,42862892,82345
98,43238731,82207
98,43634694,82117
98,44017295,82054
98,44379835,81959
98,44733464,81971
98,45114292,81984
98,45509284,82031
98,45924215,82067
98,46322372,82088
98,46718985,82124
98,47112714,82164
98,47486165,82202
98,47880686,82237
98,48259592,82259
98,48631748,82293
98,49028611,82323
98,49422215,82364
98,49796360,82396
98,50175367,82428
98,50569116,82459
98,50980897,82489
98,51339662,82526
98,51755120,82555
98,52110762,82587
98,52504897,82605
98,52859271,82623
98,53240464,82638
98,53631268,82655
98,54015067,82673
98,54405552,82693
98,54777963,82715
98,55175056,82734
98,55585420,82747
98,55959292,82759
98,56359521,82770
98,56757280,82779
98,57135249,82790
98,57526200,82803
98,57879164,82814
98,58261767,82828
98,58653757,82839
98,59030795,82849
98,59436187,82854
98,59797551,82863
98,60198967,82870
98,60589222,82872
98,60995633,82880
98,61383257,82889
98,61776103,82892
98,62131589,82893
98,62505263,82893
98,62858733,82893
98,63234720,82893
98,63630159,82893
98,63995284,82895
98,64405236,82904
98,64800603,82909
98,65178641,82915
98,65589810,82916
98,65995385,82916
98,66385048,82920
98,66756208,82926
98,67111832,82933
98,67507288,82940
98,67876319,82946
98,68233578,82953
98,68611760,82959
98,69012759,82968
98,69402602,82978
98,69777169,82989
98,70173252,83001
98,70526093,83013
98,70897694,83024
98,71253440,83037
98,71604836,83047
98,71996559,83056
98,72382160,83062
98,72776779,83068
98,73152349,83077
98,73567827,83084
98,73919225,83100
98,74318730,83120
98,74668703,83144
98,75048577,83173
98,75444128,83194
98,75819024,83211
98,76174497,83226
98,76567919,83234
98,76943944,83235
98,77340683,83231
98,77752211,83222
98,78109510,83211
98,78481595,83199
98,78881144,83185
98,79235854,83172
98,79609491,83157
98,80020579,83145
98,80379662,83133
98,80730786,83124
98,81132106,83114
98,81504212,83108
98,81855081,83102
98,82235211,83097
98,82607397,83095
98,82992030,83090
98,83377550,83087
98,83739414,83084
98,84109928,83082
98,84482506,83078
98,84877289,83077
98,85232604,83075
98,85606945,83071
98,86011097,83068
98,86403833,83066
98,86776507,83061
98,87131788,83059
98,87527301,83056
98,87877199,83054
98,88257432,83051
98,88671724,83048
98,89027441,83045
98,89421013,83042
98,89773703,83040
98,90152817,83039
98,90545071,83036
98,90918311,83034
98,91316377,83033
98,91670595,83031
98,92046730,83030
98,92402823,83026
98,92798502,83025
98,93172843,83024
98,93526415,83023
98,93881737,83022
98,94276542,83021
98,94648650,83021
98,95010816,83020
98,95378237,83020
98,95731237,83019
98,96109213,83018
98,96481564,83018
98,96856831,83016
98,97235065,83015
98,97606640,83015
98,97990858,83012
98,98382261,83012
98,98777036,83012
98,99175778,83012
98,99569199,83011
98,99923037,83010
98,100324304,83010
98,100689234,83009
98,101047506,83008
98,101402453,83008
98,101776633,83008
98,102133497,83007
98,102524984,83006
98,102897581,83006
98,103256299,83006
98,103670380,83005
98,104037846,83005
98,104423693,83006
98,104793884,83006
98,105173064,83005
98,105567919,83005
98,105918856,83005
98,106337211,83004
98,106693043,83004
98,107091037,83004
98,107502902,83003
98,107865229,83003
98,108239711,83003
98,108632381,83002
98,109028983,83002
98,109401885,83001
98,109755121,83001
98,110133108,83001
98,110528652,83000
98,110919534,83000
98,111298117,82999
98,111651775,82999
98,112010472,82999
98,112376852,82999
98,112730942,83000
98,113108721,83000
98,113480986,83000
98,113856628,83001
98,114231792,83001
98,114606239,83001
98,114989487,83001
98,115376979,83001
98,115752270,82999
98,116109876,82998
98,116483043,82997
98,116878628,82996
98,117233031,82996
98,117606106,82996
98,118012665,82996
98,118398006,82996
98,118773654,82996
98,119172986,82996
98,119527264,82995
98,119902396,82995
98,120297880,82995
98,120673026,82995
98,121025620,82995
98,121376967,82995
99,726448,582985
99,1122133,582572
99,1516629,582018
99,1916403,581456
99,2310235,580592
99,2711125,579588
99,3101442,578541
99,3495517,577204
99,3874243,575844
99,4244318,574328
99,4608221,572409
99,5018444,570286
99,5412829,567960
99,5833247,565414
99,6225627,562986
99,6608220,560030
99,6996368,556939
99,7392684,554111
99,7789975,550655
99,8184803,546928
99,8594462,543477
99,8953294,539932
99,9311384,535778
99,9709981,531314
99,10120191,526595
99,10525398,522407
99,10893665,517486
99,11307874,512872
99,11670657,507444
99,12078417,502650
99,12436340,496842
99,12836540,491590
99,13205044,485584
99,13612044,479989
99,13977452,473491
99,14372371,466883
99,14789880,459784
99,15205523,452895
99,15608660,445416
99,16001284,438866
99,16389607,431291
99,16791635,423257
99,17184092,416354
99,17595985,406913
99,17997586,399585
99,18390473,390855
99,18789522,382018
99,19182597,374064
99,19535338,364831
99,19934109,356571
99,20309757,348147
99,20688492,338387
99,21082890,328350
99,21472999,319928
99,21850017,311032
99,22244415,302972
99,22627961,293655
99,23019564,286020
99,23391525,277127
99,23791011,269453
99,24163077,261077
99,24558150,253799
99,24938705,245694
99,25329362,237757
99,25725513,230915
99,26099660,223420
99,26517519,215947
99,26917130,208928
99,27309851,202710
99,27691460,196945
99,28059301,190344
99,28454833,184019
99,28872924,178011
99,29267886,172544
99,29665354,166819
99,30049984,161739
99,30411229,156636
99,30792301,151397
99,31162681,145967
99,31556063,141323
99,31937327,136625
99,32348451,132461
99,32745597,127791
99,33118797,124014
99,33472653,120515
99,33883415,116075
99,34290261,112292
99,34687948,109322
99,35064074,106199
99,35472629,103186
99,35895019,100425
99,36288518,97837
99,36684114,95758
99,37055902,93839
99,37411191,92072
99,37769029,90478
99,38142767,88809
99,38538566,87354
99,38937594,86198
99,39308993,85095
99,39710882,84154
99,40122019,83512
99,40492422,83045
99,40850971,82702
99,41244340,82560
99,41625788,82572
99,42014777,82530
99,42387619,82333
99,42743916,82310
99,43096262,82231
99,43469769,82099
99,43847667,82063
99,44221406,81956
99,44607116,81933
99,44999139,81944
99,45391925,81975
99,45769403,82026
99,46162222,82047
99,46537371,82076
99,46935486,82118
99,47324491,82156
99,47702227,82211
99,48101500,82242
99,48496809,82278
99,48916481,82311
99,49308689,82351
99,49709274,82392
99,50099760,82426
99,50491756,82456
99,50879496,82486
99,51268451,82511
99,51645210,82539
99,52015520,82565
99,52366587,82587
99,52724542,82608
99,53119820,82626
99,53490709,82645
99,53849136,82666
99,54272722,82693
99,54662030,82713
99,55054631,82723
99,55430845,82733
99,55813231,82742
99,56188602,82747
99,56557557,82753
99,56938977,82760
99,57334114,82767
99,57726145,82773
99,58096307,82782
99,58472527,82789
99,58872956,82804
99,59265836,82813
99,59644342,82829
99,60045847,82841
99,60436365,82853
99,60814098,82866
99,61205618,82878
99,61605643,82888
99,61991971,82899
99,62344877,82909
99,62727601,82920
99,63119615,82922
99,63470145,82926
99,63849810,82934
99,64243676,82941
99,64605938,82950
99,65013052,82958
99,65365620,82965
99,65722949,82970
99,66095517,82977
99,66490964,82982
99,66853541,82985
99,67243488,82991
99,67625670,82996
99,68017690,82996
99,68413127,82996
99,68810100,82992
99,69203850,82990
99,69625193,82989
99,70034817,82986
99,70391951,82985
99,70811233,82983
99,71209346,82984
99,71610001,82985
99,71998442,82987
99,72366302,82989
99,72747164,82987
99,73141322,82985
99,73490864,82983
99,73872610,82981
99,74265778,82979
99,74623954,82979
99,74991420,82979
99,75345196,82979
99,75722432,82979
99,76116328,82979
99,76470814,82981
99,76846644,82981
99,77242518,82981
99,77606491,82979
99,77997087,82979
99,78389277,82979
99,78756790,82983
99,79140691,82990
99,79491957,83000
99,79849797,83018
99,80221191,83048
99,80627429,83084
99,81020394,83117
99,81408969,83151
99,81770435,83181
99,82163413,83211
99,82559201,83232
99,82955048,83246
99,83350245,83253
99,83748600,83254
99,84141795,83249
99,84524006,83234
99,84914291,83218
99,85307322,83200
99,85706264,83182
99,86096706,83166
99,86469888,83150
99,86870403,83137
99,87261283,83123
99,87639537,83117
99,87992447,83108
99,88345656,83103
99,88724194,83098
99,89117355,83094
99,89469799,83092
99,89853512,83090
99,90246853,83087
99,90628941,83084
99,91018867,83082
99,91413137,83079
99,91788868,83077
99,92201457,83077
99,92557839,83074
99,92929366,83070
99,93282835,83067
99,93643933,83063
99,94039526,83059
99,94429640,83058
99,94810795,83054
99,95204151,83050
99,95623674,83049
99,95993223,83045
99,96346267,83042
99,96723864,83041
99,97097680,83040
99,97470718,83039
99,97851322,83036
99,98222725,83036
99,98604943,83035
99,98992932,83033
99,99345439,83032
99,99728376,83030
99,100118208,83029
99,100492231,83027
99,100850993,83026
99,101244896,83025
99,101627977,83022
99,102016492,83021
99,102413264,83020
99,102819107,83020
99,103205325,83017
99,103626020,83016
99,104012957,83015
99,104367892,83014
99,104748620,83014
99,105141762,83013
99,105512239,83013
99,105869828,83013
99,106263994,83012
99,106627211,83012
99,106991754,83012
99,107345870,83012
99,107725328,83012
99,108116986,83012
99,108478647,83011
99,108849537,83010
99,109241042,83010
99,109604296,83009
99,109992670,83009
99,110365905,83007
99,110723867,83007
99,111101559,83007
99,111495825,83006
99,111872235,83006
99,112266487,83005
99,112659504,83005
99,113034996,83005
99,113390578,83005
99,113767794,83005
99,114141230,83005
99,114515266,83003
99,114890400,83003
99,115244071,83003
99,115606651,83003
99,115992572,83002
99,116345064,83002
99,116725742,83002
99,117118647,83002
99,117491309,83002
99,117848756,83002
99,118223307,83002
99,118623963,83002
99,119011889,83002
99,119367407,83002
99,119742797,83002
99,120096289,83002
99,120470436,83001
99,120866375,83001
99,121219743,83000
99,121606846,82998
99,121997135,82998
99,122410198,82998
99,122767958,82997
99,123163044,82997
99,123538858,82997
99,123938540,82998
99,124312437,82998
99,124710734,82998
99,125121173,82998
99,125514201,82998
99,125888407,82998
99,126241526,82997
99,126607364,82996
