trial_id,t_ns_since_cmd,position_counts
0,723218,582967
0,1120928,582563
0,1502850,581938
0,1897324,581390
0,2309553,580619
0,2705246,579508
0,3078252,578517
0,3434525,577362
0,3807851,575947
0,4171702,574198
0,4558153,572567
0,4933966,570765
0,5290398,568492
0,5682865,566307
0,6058294,563994
0,6417164,561177
0,6811705,558541
0,7197582,555405
0,7582245,552487
0,7956385,548869
0,8353118,545043
0,8745754,541544
0,9100404,537999
0,9476025,534247
0,9849580,530226
0,10213303,525479
0,10599575,521352
0,10974955,516979
0,11330124,511560
0,11725615,506827
0,12098997,502121
0,12456203,496203
0,12848962,490853
0,13228230,484948
0,13619565,479266
0,13995975,474059
0,14373794,469341
0,14766032,464347
0,15118506,458702
0,15522883,453891
0,15945775,448459
0,16337053,443984
0,16711383,439546
0,17127700,434645
0,17520387,430123
0,17936274,426090
0,18332005,422415
0,18705583,418495
0,19099496,415276
0,19479204,411651
0,19872013,408768
0,20228595,405898
0,20604178,402742
0,20999474,400247
0,21374398,397600
0,21774887,395229
0,22176316,393297
0,22559980,391264
0,22955140,389687
0,23311387,388110
0,23707147,386844
0,24078870,385803
0,24435791,384802
0,24832022,384032
0,25212753,383398
0,25601587,383044
0,25974859,382801
0,26330267,382692
0,26725267,382738
0,27079198,382441
0,27460750,382081
0,27874351,382082
0,28274847,381905
0,28685756,381901
0,29082226,381934
0,29478319,381935
0,29870136,382042
0,30229891,382063
0,30623823,382135
0,31001770,382202
0,31399774,382243
0,31788714,382306
0,32177054,382329
0,32559991,382369
0,32932093,382403
0,33291818,382430
0,33683481,382469
0,34058041,382488
0,34416657,382520
0,34808023,382541
0,35193159,382564
0,35581184,382584
0,35974621,382603
0,36354185,382622
0,36724565,382638
0,37077709,382651
0,37434631,382667
0,37846026,382679
0,38265541,382695
0,38671626,382707
0,39081834,382722
0,39504312,382733
0,39924236,382746
0,40315911,382757
0,40728716,382770
0,41124214,382782
0,41499955,382793
0,41899566,382810
0,42291057,382824
0,42665354,382850
0,43062088,382878
0,43439418,382912
0,43833104,382947
0,44213255,382995
0,44603004,383042
0,44997001,383081
0,45373414,383120
0,45813688,383155
0,46211493,383178
0,46600564,383194
0,46953966,383198
0,47309857,383201
0,47682549,383196
0,48037323,383186
0,48413269,383171
0,48785589,383153
0,49171731,383133
0,49580758,383113
0,49974818,383097
0,50333638,383081
0,50706559,383068
0,51102439,383059
0,51478477,383050
0,51872861,383046
0,52267420,383042
0,52661352,383042
0,53038278,383040
0,53415330,383040
0,53809611,383041
0,54192814,383043
0,54579482,383044
0,54931800,383046
0,55314143,383047
0,55704116,383047
0,56077951,383047
0,56437179,383044
0,56829343,383042
0,57211311,383037
0,57599245,383034
0,57973617,383030
0,58330973,383029
0,58723735,383027
0,59098659,383024
0,59455206,383022
0,59869786,383020
0,60241923,383020
0,60625204,383017
0,60999273,383017
0,61398981,383015
0,61810249,383015
0,62213425,383013
0,62583520,383012
0,62976014,383012
0,63374162,383011
0,63769100,383009
0,64174047,383008
0,64537634,383008
0,64931823,383007
0,65308148,383005
0,65686121,383005
0,66077517,383005
0,66458334,383005
0,66831119,383004
0,67229768,383004
0,67601408,383003
0,67995597,383002
0,68372026,383001
0,68771215,382999
0,69192801,382999
0,69579888,382999
0,69954712,382998
0,70308968,382998
0,70660303,382997
0,71036376,382997
0,71438881,382997
0,71831395,382997
0,72215835,382996
0,72604378,382996
0,72977036,382995
0,73375171,382995
0,73751919,382995
0,74146409,382995
0,74517200,382995
0,74910731,382995
0,75289152,382994
0,75683217,382994
0,76035966,382994
0,76415307,382994
0,76786540,382994
0,77171649,382994
0,77561027,382994
1,739218,582985
1,1119334,582639
1,1493772,582041
1,1851755,581499
1,2245014,580834
1,2625986,579753
1,3013947,578769
1,3389754,577697
1,3745405,576145
1,4139303,574656
1,4513919,573085
1,4868520,571305
1,5221291,569392
1,5605931,566994
1,5993263,564715
1,6346124,562272
1,6703973,559718
1,7098038,556630
1,7449920,553787
1,7826455,550723
1,8203275,546988
1,8610012,543549
1,8975177,539516
1,9367130,535896
1,9726035,531976
1,10137972,527237
1,10496070,522517
1,10914291,517611
1,11311653,512232
1,11715703,507471
1,12099661,502098
1,12492707,496931
1,12850980,490804
1,13244871,485677
1,13626029,479234
1,14037963,473418
1,14428928,469385
1,14807163,463674
1,15201479,458782
1,15584004,454038
1,15951058,449283
1,16326102,444651
1,16702404,440236
1,17096742,436005
1,17449658,431768
1,17833066,427646
1,18224579,423522
1,18627515,419899
1,19014433,416629
1,19388675,412959
1,19764862,409489
1,20161650,406605
1,20532743,403453
1,20936928,400560
1,21346411,398237
1,21700650,396140
1,22074231,393904
1,22471073,392079
1,22852628,390203
1,23224116,388772
1,23628381,387282
1,24017967,386022
1,24433427,385001
1,24828929,384215
1,25220107,383544
1,25609716,383141
1,25972721,382883
1,26324606,382751
1,26724740,382778
1,27117933,382477
1,27493060,382093
1,27847763,382046
1,28221228,381969
1,28608425,381851
1,28997920,381909
1,29390976,381924
1,29810212,382034
1,30206623,382079
1,30611317,382147
1,30974655,382234
1,31367746,382271
1,31745357,382343
1,32139344,382369
1,32513179,382397
1,32872376,382438
1,33267519,382455
1,33641979,382490
1,34035769,382507
1,34388481,382531
1,34780818,382557
1,35161236,382575
1,35533085,382599
1,35946298,382611
1,36308511,382631
1,36702812,382643
1,37096663,382661
1,37470668,382677
1,37826977,382689
1,38200752,382705
1,38605155,382717
1,38994600,382730
1,39387410,382740
1,39746588,382751
1,40141947,382764
1,40536259,382774
1,40917123,382786
1,41312075,382797
1,41721902,382803
1,42096404,382812
1,42453181,382821
1,42850758,382834
1,43225230,382846
1,43628222,382863
1,44036800,382881
1,44431982,382902
1,44847760,382927
1,45245243,382948
1,45626635,382975
1,46013833,383001
1,46388376,383029
1,46745899,383067
1,47138497,383099
1,47513161,383128
1,47867530,383154
1,48220465,383176
1,48606133,383192
1,48991614,383200
1,49344639,383205
1,49702468,383203
1,50096842,383193
1,50470255,383182
1,50830929,383169
1,51200375,383153
1,51586889,383135
1,51994938,383116
1,52389556,383103
1,52746024,383091
1,53145876,383080
1,53516661,383070
1,53911939,383062
1,54306014,383059
1,54688214,383054
1,55099596,383053
1,55493519,383053
1,55850940,383053
1,56223719,383053
1,56627768,383053
1,56995100,383054
1,57386693,383054
1,57745134,383054
1,58119035,383053
1,58479998,383053
1,58871545,383051
1,59243188,383049
1,59604818,383045
1,59993196,383043
1,60354855,383041
1,60724428,383037
1,61138814,383037
1,61491160,383034
1,61852220,383030
1,62265498,383029
1,62662664,383027
1,63040049,383027
1,63437397,383024
1,63849995,383023
1,64244507,383022
1,64625350,383022
1,65015777,383020
1,65388989,383020
1,65743492,383019
1,66096150,383018
1,66452896,383017
1,66830519,383016
1,67223958,383014
1,67628259,383013
1,67995561,383013
1,68388591,383012
1,68764614,383011
1,69159121,383009
1,69513805,383009
1,69888932,383007
1,70241637,383006
1,70605010,383006
1,70992254,383006
1,71365946,383005
1,71744377,383004
1,72137872,383004
1,72490613,383004
1,72852985,383002
1,73224196,383002
1,73629455,383000
1,74018572,383000
1,74389298,382998
1,74747653,382999
1,75138613,383000
1,75511905,382998
1,75870300,382998
1,76242609,382998
1,76606908,382998
1,76995037,382997
1,77347375,382997
1,77722674,382996
1,78117677,382996
1,78470139,382996
1,78851360,382996
1,79243021,382996
1,79608785,382994
1,79997762,382994
1,80387146,382994
1,80744526,382994
2,756189,582969
2,1148899,582556
2,1521183,581961
2,1878437,581415
2,2271679,580707
2,2645274,579739
2,3002404,578611
2,3416741,577326
2,3803173,575905
2,4189144,574226
2,4583079,572609
2,4963637,570478
2,5362608,568210
2,5760444,566046
2,6147295,563341
2,6519572,560825
2,6897673,557810
2,7293138,554648
2,7687151,551642
2,8044474,548422
2,8437613,545067
2,8799733,541056
2,9189006,536975
2,9584706,533132
2,9940666,529039
2,10335157,524280
2,10733009,519515
2,11128134,514944
2,11499218,510129
2,11899751,504813
2,12271837,499182
2,12665979,493790
2,13023718,488608
2,13398090,482548
2,13801099,476029
2,14188536,471708
2,14563957,467441
2,14919642,462215
2,15291266,457636
2,15644953,453487
2,16005254,447945
2,16422066,442982
2,16816646,439152
2,17190013,434177
2,17586827,429673
2,17982191,426200
2,18374466,421967
2,18781593,418012
2,19170991,414828
2,19545207,411231
2,19941954,407866
2,20337072,405035
2,20715738,401974
2,21129248,399199
2,21521518,397013
2,21902195,394714
2,22295366,392822
2,22688315,390862
2,23086669,389145
2,23484051,387621
2,23880037,386437
2,24271019,385356
2,24644908,384521
2,25035184,383759
2,25417986,383233
2,25828790,382938
2,26187559,382781
2,26540543,382766
2,26898879,382709
2,27270545,382274
2,27623705,381978
2,28006888,381941
2,28408249,381833
2,28804995,381780
2,29172542,381844
2,29565843,381926
2,29962972,382016
2,30345081,382080
2,30707641,382168
2,31110848,382249
2,31502701,382304
2,31879511,382360
2,32296327,382397
2,32691319,382433
2,33085452,382455
2,33479315,382470
2,33860680,382489
2,34272814,382503
2,34645392,382520
2,35000818,382538
2,35397200,382555
2,35780653,382573
2,36168681,382593
2,36523384,382611
2,36898684,382632
2,37291441,382653
2,37645470,382671
2,38024276,382693
2,38418062,382713
2,38803197,382734
2,39192215,382751
2,39563876,382766
2,39921757,382787
2,40313093,382798
2,40687861,382812
2,41043193,382823
2,41436552,382833
2,41800778,382844
2,42188391,382854
2,42563932,382867
2,42939758,382882
2,43334205,382905
2,43687910,382928
2,44042919,382958
2,44416671,382992
2,44780479,383034
2,45167585,383072
2,45540159,383106
2,45898057,383144
2,46290973,383169
2,46665637,383187
2,47021896,383200
2,47394355,383204
2,47759061,383205
2,48150634,383196
2,48520316,383186
2,48878981,383169
2,49284588,383153
2,49648321,383134
2,50058055,383119
2,50419447,383103
2,50825327,383088
2,51234566,383074
2,51622946,383066
2,51999835,383058
2,52406918,383054
2,52803506,383051
2,53167704,383050
2,53520471,383050
2,53876306,383049
2,54271053,383049
2,54643511,383050
2,55000244,383051
2,55374204,383051
2,55757361,383051
2,56145086,383051
2,56498523,383049
2,56877999,383048
2,57272941,383045
2,57669129,383044
2,58042703,383042
2,58438668,383039
2,58818194,383037
2,59209633,383035
2,59602982,383032
2,59978161,383029
2,60336913,383028
2,60713264,383028
2,61105219,383026
2,61520929,383025
2,61876407,383024
2,62291280,383022
2,62645120,383021
2,63000322,383020
2,63393514,383019
2,63779008,383016
2,64187008,383016
2,64540114,383016
2,64901298,383015
2,65293256,383015
2,65689750,383014
2,66086098,383013
2,66477866,383011
2,66836909,383011
2,67209094,383010
2,67606684,383008
2,68024499,383007
2,68416289,383007
2,68799155,383006
2,69190317,383005
2,69586663,383005
2,69966836,383005
2,70342682,383002
2,70728140,383001
2,71146452,383001
2,71499740,383001
2,71878414,383001
2,72269788,383000
2,72622217,383000
2,73003970,383000
2,73406185,382999
2,73802179,382998
2,74188473,382998
2,74561560,382998
2,74917198,382998
2,75292129,382998
2,75643097,382997
2,75999010,382996
2,76373486,382996
2,76793228,382995
2,77193196,382995
2,77585508,382993
2,77986656,382994
2,78375692,382994
2,78781261,382994
2,79188962,382994
3,782148,582987
3,1179407,582555
3,1571967,581956
3,1949987,581406
3,2345616,580703
3,2755204,579447
3,3157357,578461
3,3529109,577140
3,3927067,575701
3,4302453,574019
3,4695146,572108
3,5094380,570209
3,5486064,567914
3,5884985,565399
3,6299999,562621
3,6695546,559691
3,7119614,556637
3,7510652,553803
3,7889063,550251
3,8283488,546972
3,8656746,543042
3,9025418,539512
3,9400734,535884
3,9809215,530783
3,10241744,526035
3,10634521,521929
3,11001596,516957
3,11399372,511514
3,11803957,506785
3,12175308,501377
3,12571304,496134
3,12972601,490055
3,13345798,484914
3,13716068,478389
3,14128297,472846
3,14500030,468813
3,14907175,463026
3,15301451,457692
3,15717551,452931
3,16135996,447303
3,16528873,442457
3,16941768,437966
3,17333962,433573
3,17706126,429166
3,18116191,425688
3,18482070,421417
3,18880499,417503
3,19273431,414334
3,19648719,410792
3,20055404,407870
3,20426760,404660
3,20828845,402001
3,21191065,399221
3,21586646,396742
3,22004546,394457
3,22395842,392576
3,22792961,390642
3,23191778,388957
3,23584353,387626
3,23941327,386442
3,24335383,385363
3,24713431,384526
3,25086056,383762
3,25459024,383304
3,25836173,382943
3,26281705,382757
3,26646869,382763
3,27004665,382661
3,27401412,382150
3,27803885,381958
3,28191361,381915
3,28584191,381807
3,28964505,381812
3,29362585,381865
3,29763165,381951
3,30149839,382039
3,30545466,382099
3,30925549,382189
3,31318238,382255
3,31709581,382307
3,32106326,382351
3,32500534,382387
3,32900261,382423
3,33274039,382452
3,33670039,382481
3,34067335,382502
3,34441019,382526
3,34859464,382549
3,35250714,382570
3,35626033,382591
3,36023227,382613
3,36418972,382629
3,36801585,382651
3,37212489,382667
3,37604107,382682
3,37959935,382694
3,38333213,382710
3,38689835,382727
3,39085144,382744
3,39462544,382758
3,39864974,382770
3,40233213,382781
3,40626983,382792
3,41005243,382802
3,41399182,382811
3,41804860,382821
3,42170709,382834
3,42573938,382845
3,42947763,382865
3,43319072,382889
3,43711511,382921
3,44114316,382957
3,44479445,382994
3,44837572,383043
3,45231980,383086
3,45646534,383123
3,46003965,383155
3,46397854,383181
3,46801345,383198
3,47190623,383208
3,47594570,383210
3,47988387,383205
3,48355993,383191
3,48779826,383175
3,49190134,383156
3,49583187,383140
3,49939905,383123
3,50313068,383108
3,50666512,383095
3,51029793,383082
3,51423110,383073
3,51803122,383065
3,52192088,383059
3,52565718,383056
3,52962855,383051
3,53333128,383051
3,53686315,383051
3,54042496,383051
3,54400832,383051
3,54801271,383051
3,55187609,383051
3,55541087,383051
3,55900120,383051
3,56294766,383051
3,56688182,383048
3,57065153,383047
3,57458790,383045
3,57837115,383042
3,58233406,383039
3,58626268,383038
3,59023058,383035
3,59417219,383033
3,59800669,383030
3,60187229,383029
3,60540249,383027
3,60897552,383025
3,61291692,383023
3,61666184,383022
3,62028545,383020
3,62398263,383019
3,62804362,383019
3,63170267,383016
3,63565370,383015
3,63942440,383015
3,64333786,383013
3,64686627,383013
3,65063769,383012
3,65461647,383012
3,65841346,383009
3,66236489,383007
3,66658392,383007
3,67049685,383007
3,67440416,383005
3,67816899,383005
3,68189469,383005
3,68583945,383005
3,68940007,383005
3,69355947,383006
3,69759803,383005
3,70149968,383006
3,70518757,383005
3,70896877,383005
3,71291685,383004
3,71653904,383002
3,72022208,383002
3,72416588,383000
3,72801152,382999
3,73193057,382999
3,73586366,382999
3,73983093,382998
3,74379232,382998
3,74804674,382996
3,75191408,382996
3,75588126,382996
3,75962146,382997
3,76356127,382997
3,76763465,382997
3,77147593,382997
3,77542341,382997
3,77901328,382996
4,736470,582986
4,1130233,582638
4,1495495,581955
4,1888946,581481
4,2266523,580701
4,2659983,579734
4,3060042,578465
4,3474047,577331
4,3846338,575704
4,4252626,574242
4,4624586,572371
4,5013680,570490
4,5394663,568223
4,5764514,566058
4,6150553,563701
4,6520234,560821
4,6912967,558189
4,7316191,555045
4,7686325,551615
4,8091961,548397
4,8461197,544552
4,8906896,540013
4,9333031,535885
4,9727275,531971
4,10135722,526630
4,10588316,521917
4,10953745,517589
4,11331671,512206
4,11750541,506783
4,12128756,502073
4,12513443,496128
4,12909825,490062
4,13309871,484159
4,13721319,477583
4,14150083,472284
4,14556694,467489
4,14952150,461567
4,15377358,456550
4,15768697,452284
4,16154790,446659
4,16540967,441937
4,16940906,437975
4,17310906,432977
4,17723249,428649
4,18127448,425151
4,18492274,420890
4,18900811,417465
4,19267960,413855
4,19659801,410367
4,20053802,407447
4,20451336,404258
4,20845045,401299
4,21247977,398581
4,21640020,396458
4,22033533,394202
4,22436593,392341
4,22824289,390428
4,23223294,388775
4,23616627,387278
4,23991870,386154
4,24389819,385120
4,24783802,384219
4,25185882,383626
4,25555058,383166
4,25949904,382896
4,26334252,382750
4,26721742,382799
4,27128759,382493
4,27501833,382059
4,27872523,381957
4,28269249,381891
4,28664688,381785
4,29037649,381805
4,29453523,381872
4,29846462,381946
4,30229246,382024
4,30622896,382107
4,31039116,382191
4,31434066,382252
4,31847008,382310
4,32245359,382344
4,32617721,382386
4,33033869,382422
4,33435071,382449
4,33846096,382478
4,34243100,382505
4,34616652,382537
4,35013548,382564
4,35389281,382593
4,35783543,382615
4,36164988,382637
4,36554509,382658
4,36960650,382671
4,37332642,382687
4,37721095,382700
4,38129253,382716
4,38499658,382728
4,38873668,382741
4,39270572,382752
4,39664055,382764
4,40039681,382777
4,40453168,382788
4,40845823,382800
4,41228902,382811
4,41619176,382820
4,41992338,382832
4,42395178,382842
4,42789659,382854
4,43170101,382870
4,43537025,382896
4,43924362,382930
4,44330429,382964
4,44722895,383004
4,45126696,383052
4,45514792,383087
4,45886536,383129
4,46285825,383160
4,46682691,383183
4,47083729,383196
4,47472997,383204
4,47865520,383206
4,48224527,383197
4,48616948,383185
4,48991541,383171
4,49370439,383152
4,49763753,383135
4,50149462,383118
4,50534481,383103
4,50932617,383091
4,51343809,383079
4,51727779,383071
4,52130875,383063
4,52494354,383059
4,52888421,383055
4,53289607,383053
4,53659255,383053
4,54084877,383053
4,54471707,383053
4,54846131,383054
4,55244939,383055
4,55637936,383055
4,56033728,383054
4,56429237,383054
4,56824877,383054
4,57223475,383053
4,57616720,383052
4,58012633,383047
4,58430556,383045
4,58824064,383040
4,59224756,383037
4,59616307,383034
4,60012885,383029
4,60422648,383027
4,60788803,383027
4,61186932,383023
4,61598678,383022
4,62006928,383022
4,62372526,383019
4,62763617,383019
4,63150176,383018
4,63538824,383017
4,63915620,383016
4,64310982,383015
4,64723814,383015
4,65130852,383015
4,65494810,383013
4,65887603,383012
4,66267965,383012
4,66659756,383011
4,67037243,383010
4,67432073,383008
4,67845166,383008
4,68244308,383007
4,68638334,383006
4,69044870,383005
4,69474869,383005
4,69845253,383005
4,70247440,383004
4,70639114,383003
4,71033132,383003
4,71440214,383002
4,71826013,383002
4,72227072,383000
4,72621413,382998
4,73015985,382998
4,73475031,382998
4,73867598,382998
4,74244636,382997
4,74638450,382997
4,75033482,382997
4,75435054,382995
4,75825415,382995
4,76222268,382995
4,76615424,382994
4,76971679,382994
4,77370329,382994
4,77764578,382994
5,707946,582994
5,1091923,582638
5,1465942,581953
5,1881553,581404
5,2278561,580699
5,2672912,579590
5,3078987,578463
5,3470819,577139
5,3863831,575701
5,4242349,574035
5,4637310,572114
5,5035314,570210
5,5410688,568215
5,5781013,565729
5,6162708,563340
5,6531708,560803
5,6926293,557791
5,7321636,554636
5,7715111,551161
5,8116262,547922
5,8506965,544051
5,8902260,540016
5,9302780,535879
5,9692475,531953
5,10072248,527217
5,10466538,523085
5,10841059,518229
5,11239408,513579
5,11610873,508113
5,12019648,503471
5,12382093,497675
5,12777332,491532
5,13179076,486420
5,13589518,480085
5,13983205,474011
5,14366089,469442
5,14760141,464594
5,15156687,458884
5,15553986,454202
5,15960615,449480
5,16327266,444139
5,16720379,440316
5,17118264,434849
5,17554618,430166
5,17960164,426699
5,18343510,422498
5,18735170,418396
5,19135420,414784
5,19527490,411682
5,19905747,408292
5,20321628,405073
5,20714508,402030
5,21111901,399575
5,21508382,397054
5,21902842,394756
5,22305722,392855
5,22671914,390885
5,23072035,389169
5,23486383,387642
5,23880828,386450
5,24256992,385372
5,24653853,384543
5,25056923,383777
5,25423134,383269
5,25817466,382972
5,26217453,382788
5,26611309,382794
5,27024672,382568
5,27407864,382126
5,27782275,381979
5,28179841,381938
5,28546774,381813
5,28961210,381815
5,29370480,381866
5,29742014,381940
5,30136938,382012
5,30549853,382074
5,30959915,382142
5,31342688,382195
5,31714636,382243
5,32114900,382285
5,32519355,382328
5,32905993,382376
5,33310539,382413
5,33674294,382455
5,34071225,382487
5,34443407,382524
5,34838814,382550
5,35216632,382580
5,35609478,382605
5,36029365,382633
5,36431648,382654
5,36797371,382678
5,37203639,382697
5,37573826,382717
5,37979036,382733
5,38347035,382750
5,38741584,382759
5,39118312,382774
5,39511135,382783
5,39906291,382793
5,40314592,382802
5,40715849,382811
5,41118971,382820
5,41509970,382828
5,41901986,382836
5,42348434,382844
5,42736916,382856
5,43135733,382868
5,43509763,382886
5,43902214,382914
5,44319783,382952
5,44736199,382993
5,45133053,383041
5,45527120,383078
5,45900665,383119
5,46303095,383148
5,46693959,383175
5,47077391,383192
5,47448892,383202
5,47843470,383204
5,48219807,383202
5,48614567,383190
5,49019103,383175
5,49386457,383159
5,49760810,383140
5,50157450,383121
5,50555835,383106
5,50926634,383092
5,51343302,383078
5,51736742,383070
5,52117170,383062
5,52507245,383058
5,52923565,383053
5,53340345,383053
5,53734980,383051
5,54134079,383051
5,54507224,383051
5,54902648,383051
5,55298204,383051
5,55692651,383052
5,56090875,383052
5,56484350,383052
5,56859756,383049
5,57257461,383047
5,57641078,383046
5,58056499,383043
5,58444292,383040
5,58817433,383038
5,59216987,383036
5,59609647,383034
5,60023569,383031
5,60403779,383029
5,60801253,383029
5,61224663,383028
5,61615191,383027
5,62012245,383025
5,62406221,383024
5,62796950,383023
5,63221673,383021
5,63611526,383021
5,64018497,383020
5,64408285,383020
5,64796816,383018
5,65217669,383018
5,65622689,383017
5,66019594,383014
5,66385088,383014
5,66776442,383012
5,67157402,383012
5,67553045,383010
5,67954946,383010
5,68340899,383008
5,68735794,383008
5,69119665,383007
5,69509389,383006
5,69923500,383006
5,70344949,383005
5,70739633,383004
5,71139599,383002
5,71532065,383002
5,71910910,383000
5,72342620,382999
5,72736083,382999
5,73137655,382998
5,73510187,382997
5,73903711,382997
5,74285283,382996
5,74672148,382996
5,75093120,382996
5,75506948,382996
5,75902302,382996
5,76319455,382996
5,76714538,382996
5,77113310,382996
6,735753,582986
6,1102701,582551
6,1495593,581944
6,1883429,581393
6,2266223,580558
6,2660027,579572
6,3041779,578445
6,3433718,577311
6,3825454,575682
6,4243332,574016
6,4638367,572099
6,5041387,569913
6,5430352,567902
6,5808876,565388
6,6201281,562598
6,6616098,560033
6,6974710,557384
6,7346940,554203
6,7740585,551143
6,8120913,547426
6,8512657,544044
6,8876863,540013
6,9263724,536419
6,9636661,532547
6,10015278,527843
6,10408490,523701
6,10784024,519529
6,11142565,514290
6,11537986,508817
6,11955402,503504
6,12349625,498467
6,12723415,492309
6,13121868,486428
6,13525084,480935
6,13902193,474664
6,14285069,470620
6,14658329,466084
6,15133477,458884
6,15660549,452287
6,16182410,445332
6,16697044,439753
6,17219189,433586
6,17714975,428162
6,18165039,424136
6,18564482,419867
6,19054398,415240
6,19574225,410828
6,20087075,406677
6,20610648,402785
6,21113157,399254
6,21558270,396773
6,22047603,393667
6,22579449,391128
6,23097339,388970
6,23614540,387093
6,24138526,385617
6,24634242,384419
6,25080051,383692
6,25481456,383212
6,25865688,382901
6,26274573,382761
6,26642567,382798
6,27039042,382571
6,27412198,382072
6,27803666,381969
6,28205749,381921
6,28596375,381801
6,28995510,381816
6,29411398,381885
6,29802725,381957
6,30183428,382024
6,30579984,382086
6,30990926,382150
6,31363540,382195
6,31722449,382249
6,32118268,382290
6,32512231,382325
6,32912938,382366
6,33310889,382401
6,33702572,382434
6,34121408,382463
6,34535840,382497
6,34931945,382525
6,35322278,382551
6,35707525,382579
6,36117290,382602
6,36474321,382630
6,36901351,382650
6,37285958,382673
6,37681152,382688
6,38062979,382707
6,38430913,382726
6,38832778,382746
6,39243917,382762
6,39635959,382776
6,39995273,382793
6,40377783,382808
6,40764321,382821
6,41139929,382835
6,41534416,382846
6,41911816,382862
6,42302308,382880
6,42655338,382900
6,43014973,382930
6,43405652,382967
6,43781103,383006
6,44145341,383045
6,44514585,383088
6,44911788,383123
6,45287558,383157
6,45680406,383177
6,46035216,383195
6,46427304,383202
6,46801222,383204
6,47158178,383201
6,47514137,383191
6,47911390,383176
6,48282886,383160
6,48654911,383142
6,49015515,383123
6,49417220,383108
6,49781652,383094
6,50138886,383079
6,50532039,383068
6,50920968,383060
6,51325465,383055
6,51681466,383050
6,52074533,383049
6,52427921,383047
6,52802878,383047
6,53204131,383047
6,53614192,383048
6,53970773,383048
6,54344027,383050
6,54739698,383050
6,55097862,383049
6,55478851,383048
6,55875936,383045
6,56261873,383043
6,56635414,383043
6,56991265,383040
6,57342532,383038
6,57718000,383037
6,58100037,383033
6,58472347,383033
6,58860921,383029
6,59244966,383028
6,59614203,383028
6,59973751,383026
6,60367006,383023
6,60738659,383023
6,61098112,383021
6,61510263,383021
6,61874865,383019
6,62260870,383019
6,62614241,383018
6,62996302,383016
6,63410019,383015
6,63805159,383015
6,64204861,383013
6,64602744,383013
6,64994012,383012
6,65384581,383012
6,65737297,383012
6,66122629,383011
6,66511767,383010
6,66873625,383008
6,67243911,383006
6,67637306,383008
6,68014116,383005
6,68408971,383005
6,68780075,383005
6,69135695,383005
6,69492290,383004
6,69911139,383003
6,70301474,383003
6,70654835,383002
6,71035131,383002
6,71430610,383000
6,71805333,382999
6,72204288,383000
6,72613751,382999
6,72971693,382999
6,73366630,382998
6,73718178,382998
6,74096482,382998
6,74470523,382997
6,74873029,382997
6,75260762,382996
6,75615235,382996
6,75989971,382996
6,76341651,382996
6,76719082,382996
6,77121363,382996
6,77509833,382996
6,77893770,382996
7,721874,582985
7,1097368,582634
7,1470868,581939
7,1868117,581463
7,2240989,580683
7,2663033,579568
7,3053217,578585
7,3427722,577303
7,3828133,575671
7,4220182,574214
7,4622170,572345
7,5015349,570182
7,5406343,568191
7,5804628,565704
7,6177290,563310
7,6566511,560410
7,6998705,557391
7,7372757,554210
7,7765363,550695
7,8178026,546956
7,8585187,543546
7,8951374,539519
7,9343995,535902
7,9723260,531399
7,10116955,527255
7,10494238,522543
7,10887995,517632
7,11323164,512248
7,11724455,506820
7,12117306,502113
7,12510509,496165
7,12929859,490078
7,13304606,484163
7,13725180,477590
7,14119041,472297
7,14515236,467508
7,14949603,461566
7,15345537,457121
7,15743172,452285
7,16118817,446630
7,16516463,441929
7,16929782,437996
7,17323808,432995
7,17721561,428678
7,18115873,424687
7,18516069,420403
7,18928065,417065
7,19322548,413496
7,19721043,409973
7,20114897,406684
7,20515825,403550
7,20932119,400615
7,21325774,398276
7,21725542,395893
7,22117711,393661
7,22518600,391599
7,22930839,389781
7,23323549,388388
7,23725677,386925
7,24117780,385749
7,24511371,384761
7,24929437,383934
7,25344132,383372
7,25736626,383040
7,26118232,382812
7,26516950,382778
7,26929812,382670
7,27323254,382207
7,27722133,382008
7,28115203,381972
7,28509876,381825
7,28929056,381855
7,29322765,381890
7,29720515,381960
7,30116045,382048
7,30509155,382091
7,30928818,382184
7,31325418,382222
7,31724215,382281
7,32116391,382315
7,32495112,382341
7,32910893,382377
7,33305371,382393
7,33682459,382431
7,34097747,382448
7,34492090,382478
7,34871285,382503
7,35266909,382530
7,35682179,382553
7,36075582,382572
7,36449144,382599
7,36860550,382615
7,37227109,382638
7,37625874,382653
7,37993488,382671
7,38392513,382687
7,38804406,382703
7,39219181,382719
7,39617123,382732
7,40056544,382747
7,40448955,382761
7,40824885,382776
7,41219238,382792
7,41618525,382807
7,42015146,382830
7,42427298,382852
7,42829529,382886
7,43220059,382926
7,43624564,382973
7,44019918,383021
7,44388466,383070
7,44786159,383112
7,45158199,383154
7,45564558,383182
7,45928935,383207
7,46323292,383220
7,46724819,383225
7,47117084,383223
7,47516974,383212
7,47929890,383195
7,48322647,383177
7,48722469,383156
7,49114461,383136
7,49516114,383114
7,49929881,383097
7,50323709,383081
7,50768377,383072
7,51161546,383063
7,51542256,383059
7,51941173,383055
7,52325573,383054
7,52722367,383054
7,53115118,383054
7,53514709,383054
7,53932775,383057
7,54325895,383057
7,54724108,383057
7,55117399,383057
7,55496359,383057
7,55908806,383054
7,56303428,383052
7,56682777,383050
7,57075693,383047
7,57469764,383044
7,57845324,383041
7,58241070,383038
7,58623650,383037
7,58990116,383035
7,59369250,383033
7,59748927,383031
7,60114947,383029
7,60519951,383028
7,60930912,383028
7,61323934,383025
7,61732314,383024
7,62118002,383024
7,62515797,383023
7,62928005,383022
7,63322687,383022
7,63721827,383020
7,64114659,383019
7,64510517,383017
7,64929553,383014
7,65322251,383014
7,65680849,383013
7,66072862,383012
7,66447093,383010
7,66845728,383009
7,67218716,383009
7,67617882,383008
7,68144470,383006
7,68607430,383006
7,69044666,383006
7,69457379,383005
7,69838420,383005
7,70214852,383003
7,70744254,383003
7,71250252,383001
7,71733964,383001
7,72196477,383001
7,72688999,383001
7,73165933,382999
7,73639825,382999
7,74035283,382999
7,74411873,382998
7,74829872,382998
7,75250693,382998
7,75724309,382998
7,76169204,382998
7,76629583,382997
7,77066332,382997
7,77436800,382997
7,77805503,382996
7,78137401,382996
7,78470919,382995
8,755848,582987
8,1147046,582636
8,1512273,581946
8,1906864,581398
8,2304532,580694
8,2681756,579580
8,3102899,578455
8,3513460,577128
8,3905827,575689
8,4263722,574014
8,4655341,572343
8,5029887,570470
8,5392410,568210
8,5781977,566037
8,6181800,563317
8,6579257,560428
8,6991508,557409
8,7390821,554211
8,7803815,550703
8,8206096,547463
8,8573595,543568
8,8990311,539529
8,9410680,535364
8,9805393,530812
8,10184249,526644
8,10559712,522515
8,10929974,517603
8,11331335,512902
8,11700368,507439
8,12103128,502768
8,12491505,496899
8,12883678,491517
8,13261966,485657
8,13636970,479218
8,14050585,473404
8,14431496,469441
8,14823113,463829
8,15218381,458283
8,15614358,454222
8,15987700,449524
8,16350232,444166
8,16743289,440336
8,17146552,435533
8,17532837,430721
8,17929235,427212
8,18308904,423099
8,18679587,419394
8,19070462,415710
8,19488087,412606
8,19866382,409122
8,20244278,405855
8,20638106,403152
8,21033470,400261
8,21418479,397964
8,21781639,395614
8,22180826,393676
8,22554891,391616
8,22929867,390014
8,23309143,388608
8,23675973,387301
8,24030698,386179
8,24387312,385148
8,24800963,384344
8,25165017,383643
8,25553907,383228
8,25932489,382912
8,26345289,382779
8,26738311,382804
8,27104251,382556
8,27489955,382061
8,27885348,381961
8,28240579,381900
8,28637188,381782
8,29032912,381807
8,29410139,381867
8,29824762,381952
8,30221094,382027
8,30620016,382084
8,30989994,382171
8,31387662,382223
8,31782898,382280
8,32179981,382320
8,32577788,382352
8,32988547,382389
8,33347987,382417
8,33741443,382447
8,34134030,382469
8,34534225,382496
8,34926157,382516
8,35282430,382532
8,35677136,382553
8,36055014,382569
8,36426448,382588
8,36784388,382606
8,37178303,382622
8,37550556,382639
8,37905688,382656
8,38266679,382676
8,38680809,382693
8,39073436,382713
8,39492468,382728
8,39888023,382741
8,40263733,382756
8,40654727,382768
8,41009165,382782
8,41388455,382794
8,41801683,382805
8,42157704,382820
8,42554234,382833
8,42934460,382852
8,43326204,382875
8,43738459,382901
8,44103537,382933
8,44490409,382974
8,44884215,383025
8,45262910,383067
8,45634730,383110
8,45998056,383154
8,46386187,383182
8,46780503,383209
8,47157412,383223
8,47529450,383232
8,47883793,383232
8,48240374,383226
8,48612287,383215
8,48965141,383197
8,49371038,383180
8,49741160,383158
8,50148261,383136
8,50515245,383117
8,50907879,383098
8,51327611,383084
8,51716692,383072
8,52103825,383065
8,52491366,383060
8,52886654,383058
8,53283950,383055
8,53676745,383054
8,54075353,383055
8,54451512,383058
8,54842266,383057
8,55239432,383057
8,55616283,383058
8,56009289,383058
8,56386495,383056
8,56781444,383054
8,57172689,383053
8,57552584,383050
8,57929799,383047
8,58328942,383045
8,58751322,383043
8,59126862,383038
8,59509508,383036
8,59863475,383036
8,60222175,383035
8,60593050,383030
8,60988674,383029
8,61344726,383029
8,61718308,383028
8,62122123,383027
8,62509356,383025
8,62883564,383024
8,63240256,383023
8,63612605,383021
8,63988081,383021
8,64370080,383019
8,64761553,383016
8,65148920,383016
8,65511607,383015
8,65905661,383013
8,66285306,383012
8,66678844,383011
8,67103114,383010
8,67490640,383009
8,67883207,383007
8,68262029,383007
8,68656169,383006
8,69030653,383006
8,69385949,383006
8,69779738,383005
8,70158817,383005
8,70563073,383004
8,70926645,383002
8,71335383,383002
8,71697718,383002
8,72101733,383000
8,72493415,383000
8,72886864,382999
8,73285299,382999
8,73698111,382998
8,74104774,382998
8,74493234,382997
8,74887606,382997
8,75285636,382997
8,75679665,382997
8,76052566,382996
8,76454890,382996
8,76822046,382996
8,77222467,382996
8,77593659,382996
8,77987838,382996
9,737661,582987
9,1122579,582637
9,1497031,581945
9,1891516,581474
9,2273150,580698
9,2670419,579588
9,3098617,578464
9,3576507,576941
9,3958642,575285
9,4355762,573798
9,4725555,571820
9,5123985,569931
9,5492907,567916
9,5869467,565371
9,6269738,562591
9,6665981,559672
9,7091236,556617
9,7476001,553771
9,7845797,550682
9,8206307,546957
9,8619999,543536
9,8969956,540012
9,9350521,535894
9,9744635,531978
9,10105875,527242
9,10493027,523103
9,10867808,518881
9,11223063,514268
9,11574530,509457
9,11950980,504807
9,12305383,499173
9,12700080,493783
9,13063538,488604
9,13459058,482541
9,13852173,476023
9,14249249,471176
9,14663566,466106
9,15068551,460892
9,15465495,455989
9,15830963,450961
9,16228426,446048
9,16602220,441420
9,17019057,436795
9,17415754,431844
9,17808371,428183
9,18184552,424154
9,18602842,419893
9,18996703,416593
9,19369579,413465
9,19721803,410393
9,20087047,407067
9,20493577,404298
9,20846001,401673
9,21228801,398917
9,21617562,396767
9,21971560,394766
9,22349166,392872
9,22700922,391139
9,23062079,389388
9,23451890,388032
9,23825222,386783
9,24184241,385646
9,24578016,384792
9,24950416,384052
9,25307059,383518
9,25709504,383107
9,26091018,382851
9,26477632,382794
9,26871858,382795
9,27248928,382318
9,27644815,382026
9,28017403,381994
9,28411040,381886
9,28769537,381808
9,29146375,381844
9,29541469,381898
9,29950775,381974
9,30343985,382035
9,30726635,382112
9,31121229,382172
9,31493168,382217
9,31869245,382262
9,32224672,382300
9,32575773,382335
9,32930308,382375
9,33311621,382410
9,33683857,382443
9,34067695,382469
9,34455260,382494
9,34850548,382516
9,35227859,382535
9,35597370,382551
9,35951067,382566
9,36313173,382588
9,36704842,382606
9,37091044,382624
9,37476960,382639
9,37870678,382655
9,38248414,382669
9,38621671,382683
9,39014272,382696
9,39411495,382711
9,39814205,382729
9,40206190,382745
9,40598681,382760
9,40971909,382776
9,41329255,382791
9,41721445,382805
9,42105363,382819
9,42494615,382831
9,42866279,382846
9,43230080,382866
9,43619759,382890
9,43971035,382920
9,44348383,382956
9,44700948,382999
9,45084715,383050
9,45472839,383095
9,45824010,383134
9,46203127,383170
9,46555384,383200
9,46949981,383218
9,47310469,383228
9,47682681,383232
9,48090744,383229
9,48456415,383218
9,48849109,383204
9,49205325,383186
9,49575829,383170
9,49938936,383145
9,50332837,383127
9,50705323,383107
9,51105312,383092
9,51473160,383082
9,51826552,383072
9,52185377,383064
9,52576877,383059
9,52949931,383057
9,53309104,383054
9,53704364,383054
9,54085092,383054
9,54480517,383054
9,54849570,383054
9,55201773,383057
9,55553939,383056
9,55931476,383056
9,56327176,383056
9,56678604,383055
9,57064535,383052
9,57456603,383051
9,57851342,383048
9,58226370,383044
9,58619997,383043
9,58996085,383041
9,59352133,383036
9,59764182,383035
9,60119585,383032
9,60475186,383031
9,60870128,383029
9,61227253,383028
9,61598541,383028
9,61949538,383027
9,62310793,383024
9,62683247,383024
9,63086379,383022
9,63461882,383020
9,63847928,383020
9,64204691,383019
9,64575983,383018
9,64929299,383016
9,65308619,383015
9,65701476,383015
9,66062318,383013
9,66453645,383012
9,66825311,383012
9,67181263,383011
9,67555161,383008
9,67949301,383006
9,68311448,383007
9,68704388,383006
9,69088504,383005
9,69479210,383004
9,69849535,383004
9,70247526,383003
9,70618025,383003
9,70970913,383002
9,71332306,383002
9,71725995,383002
9,72107666,383000
9,72496519,383000
9,72870751,382999
9,73269607,382998
9,73646979,382999
9,74038554,382998
9,74413360,382998
9,74805414,382998
9,75185320,382996
9,75577181,382996
9,75929605,382996
9,76307997,382994
9,76703602,382993
9,77063054,382993
9,77451764,382994
9,77825654,382994
9,78186880,382994
10,726040,582993
10,1115727,582635
10,1489434,581937
10,1904767,581387
10,2302334,580684
10,2699482,579572
10,3091403,578443
10,3484649,577124
10,3878910,575677
10,4259458,574006
10,4650357,572356
10,5012824,570455
10,5380652,568182
10,5775203,566031
10,6155409,563317
10,6548287,560775
10,6946326,557766
10,7317502,554625
10,7712094,551608
10,8113551,547913
10,8509865,544065
10,8901680,540550
10,9276476,536444
10,9672384,531992
10,10072350,527864
10,10484533,523123
10,10879434,518263
10,11277259,512929
10,11671060,508140
10,12040565,503490
10,12403246,497694
10,12800847,491549
10,13200172,486433
10,13589814,480097
10,13997325,474024
10,14383040,470047
10,14778015,464616
10,15172596,458905
10,15570774,454219
10,15995823,448772
10,16382427,443555
10,16800229,439188
10,17200416,434843
10,17568983,430151
10,17995904,426192
10,18380066,421956
10,18774454,418385
10,19153170,414770
10,19546885,411674
10,19920591,408294
10,20321860,405080
10,20711485,402410
10,21088724,399940
10,21482892,397382
10,21836421,395345
10,22215483,393422
10,22587123,391391
10,22995221,389599
10,23385524,388228
10,23777675,386792
10,24175281,385647
10,24572768,384675
10,25007079,383876
10,25405605,383337
10,25796024,383019
10,26175545,382813
10,26572543,382806
10,26997078,382636
10,27383973,382175
10,27777637,381997
10,28175944,381940
10,28574482,381801
10,28995387,381816
10,29381694,381852
10,29775092,381930
10,30152172,381999
10,30525492,382048
10,30881894,382144
10,31277615,382192
10,31672794,382258
10,32052126,382310
10,32445835,382342
10,32848459,382389
10,33216289,382420
10,33629661,382454
10,33996780,382478
10,34363222,382506
10,34757481,382529
10,35132866,382548
10,35527475,382566
10,35902517,382579
10,36299411,382598
10,36696093,382611
10,37091332,382629
10,37485506,382646
10,37882383,382662
10,38279109,382682
10,38672981,382697
10,39069516,382711
10,39462260,382724
10,39837221,382738
10,40236193,382747
10,40607691,382757
10,40971495,382770
10,41360893,382778
10,41732748,382789
10,42089997,382802
10,42504218,382814
10,42857863,382830
10,43215066,382856
10,43608467,382885
10,43992042,382929
10,44380666,382971
10,44732595,383018
10,45112707,383074
10,45505578,383115
10,45878958,383155
10,46255155,383189
10,46631138,383210
10,47015763,383225
10,47404913,383230
10,47774748,383231
10,48130903,383218
10,48527188,383206
10,48898612,383188
10,49254707,383170
10,49620299,383149
10,49995422,383128
10,50382672,383108
10,50798351,383090
10,51200412,383078
10,51609763,383067
10,52012897,383062
10,52378574,383058
10,52735037,383054
10,53131153,383053
10,53505840,383053
10,53900507,383053
10,54257795,383053
10,54630395,383054
10,55040559,383055
10,55398866,383056
10,55753875,383054
10,56112146,383054
10,56505763,383053
10,56881754,383050
10,57287662,383049
10,57652809,383046
10,58050862,383044
10,58427502,383041
10,58816332,383038
10,59176466,383036
10,59549531,383034
10,59948442,383030
10,60360776,383029
10,60753680,383028
10,61133549,383027
10,61548020,383025
10,61945912,383024
10,62318596,383023
10,62711856,383021
10,63089847,383020
10,63482567,383019
10,63837414,383018
10,64214988,383016
10,64607764,383015
10,64969217,383013
10,65337104,383012
10,65732335,383012
10,66089099,383011
10,66482354,383010
10,66857786,383010
10,67216062,383010
10,67587515,383007
10,67978263,383007
10,68343054,383007
10,68714681,383007
10,69111634,383006
10,69485419,383006
10,69881235,383005
10,70279281,383004
10,70669873,383003
10,71029706,383002
10,71424062,383002
10,71839002,383001
10,72235561,382998
10,72610529,382999
10,73013853,382999
10,73400512,382998
10,73774076,382998
10,74141117,382998
10,74529731,382998
10,74899551,382996
10,75275027,382996
10,75628526,382996
10,75995332,382996
10,76381484,382996
10,76733082,382996
10,77087922,382996
10,77461203,382996
10,77837673,382996
10,78237106,382996
10,78631149,382996
11,752965,582985
11,1124399,582547
11,1516396,581941
11,1896296,581396
11,2284473,580692
11,2677907,579575
11,3053513,578595
11,3406246,577499
11,3781077,576104
11,4136927,574637
11,4490269,573119
11,4876215,571023
11,5266665,568764
11,5655360,566677
11,6039192,564043
11,6431681,561519
11,6801217,558890
11,7161199,555825
11,7552958,552935
11,7946134,549304
11,8324344,545989
11,8696303,542533
11,9056130,538498
11,9448611,534792
11,9824114,530800
11,10179102,526645
11,10529435,522517
11,10897950,517610
11,11309059,512237
11,11700214,507471
11,12079844,502103
11,12476789,496172
11,12895764,490094
11,13286852,484942
11,13676605,478423
11,14077819,472870
11,14470681,468844
11,14825457,463829
11,15204078,458287
11,15597507,453586
11,16015725,448029
11,16409446,443546
11,16782573,439751
11,17139049,434826
11,17555303,430676
11,17917917,426688
11,18322172,423030
11,18674949,419338
11,19033883,415669
11,19448602,412561
11,19819090,409104
11,20202996,406259
11,20577488,403164
11,20973584,400268
11,21383320,397979
11,21737332,395911
11,22114623,393681
11,22509789,391865
11,22894632,390018
11,23287418,388413
11,23681353,387119
11,24056743,385898
11,24450122,385020
11,24826460,384138
11,25228056,383512
11,25616883,383146
11,26004638,382901
11,26370293,382790
11,26764267,382799
11,27161708,382435
11,27534463,382066
11,27944848,382046
11,28304691,381936
11,28654894,381847
11,29016252,381889
11,29388017,381902
11,29740313,381979
11,30144709,382035
11,30512750,382066
11,30876895,382154
11,31264830,382189
11,31634287,382244
11,31991057,382292
11,32364075,382326
11,32759553,382374
11,33117313,382409
11,33509935,382441
11,33897614,382475
11,34288467,382494
11,34680527,382526
11,35055075,382544
11,35408897,382564
11,35783788,382582
11,36141727,382600
11,36530898,382615
11,36897150,382628
11,37283129,382647
11,37660186,382659
11,38035687,382673
11,38428303,382686
11,38779637,382697
11,39161795,382712
11,39556149,382721
11,39930106,382737
11,40328056,382746
11,40699149,382756
11,41056705,382767
11,41452819,382779
11,41826793,382791
11,42221717,382804
11,42635940,382813
11,42993234,382831
11,43406293,382845
11,43770924,382877
11,44179990,382918
11,44573752,382961
11,44967082,383017
11,45350878,383070
11,45760224,383115
11,46118835,383157
11,46516483,383187
11,46899597,383210
11,47285970,383223
11,47679447,383228
11,48053938,383226
11,48425159,383215
11,48779536,383202
11,49140342,383179
11,49541420,383161
11,49922581,383140
11,50304116,383121
11,50678462,383105
11,51033816,383092
11,51383115,383079
11,51736351,383070
11,52117244,383061
11,52511324,383057
11,52873709,383054
11,53244818,383052
11,53637346,383052
11,53993993,383052
11,54384295,383052
11,54758765,383053
11,55119559,383054
11,55490876,383054
11,55874267,383055
11,56243791,383054
11,56616247,383053
11,56993428,383052
11,57415491,383048
11,57804065,383045
11,58158244,383044
11,58513874,383042
11,58918503,383039
11,59306338,383036
11,59697457,383035
11,60057108,383033
11,60451378,383030
11,60825552,383030
11,61225257,383027
11,61613863,383027
11,61993852,383025
11,62385778,383024
11,62758668,383022
11,63118436,383022
11,63511522,383021
11,63893463,383020
11,64283109,383020
11,64634877,383019
11,65010357,383018
11,65362180,383018
11,65737473,383015
11,66135460,383015
11,66488511,383014
11,66872795,383013
11,67266012,383012
11,67684874,383011
11,68088747,383011
11,68514729,383009
11,68904189,383007
11,69263954,383007
11,69677312,383007
11,70032995,383006
11,70384366,383006
11,70742516,383004
11,71118277,383004
11,71513386,383002
11,71917533,383002
11,72302225,383002
11,72675836,383001
11,73056603,383000
11,73448986,382999
11,73810766,382999
11,74202195,382998
11,74577646,382998
11,74956001,382998
11,75349485,382997
11,75758766,382996
11,76116065,382996
11,76487900,382996
11,76893358,382994
11,77282820,382994
11,77655771,382994
11,78013346,382994
11,78409725,382993
11,78780360,382993
11,79139055,382993
11,79512556,382993
12,707951,582994
12,1075706,582635
12,1465718,581946
12,1883437,581401
12,2299597,580571
12,2691766,579583
12,3053442,578601
12,3420222,577513
12,3778024,575918
12,4175140,574451
12,4547460,572864
12,4919722,570756
12,5321615,568516
12,5718480,566045
12,6111916,563679
12,6480155,561168
12,6857456,558179
12,7235381,555437
12,7608910,552487
12,7994798,548854
12,8379816,545524
12,8733636,542031
12,9110884,537980
12,9504546,534235
12,9855274,530222
12,10239872,525468
12,10631668,520738
12,11038895,516317
12,11403229,510859
12,11794045,506154
12,12174666,500692
12,12568064,495400
12,12960920,489370
12,13361703,483381
12,13731182,477616
12,14110184,472875
12,14483448,468175
12,14875654,463026
12,15235796,458272
12,15607864,453549
12,16011607,447975
12,16400881,443514
12,16773265,439717
12,17137871,435438
12,17525214,430648
12,17898164,427147
12,18260275,423551
12,18629757,419822
12,18989667,416081
12,19380383,412983
12,19752538,409940
12,20108116,407054
12,20482082,403929
12,20878890,401328
12,21232627,398927
12,21607702,396486
12,22017446,394232
12,22428383,392117
12,22821450,390237
12,23261907,388610
12,23652289,387130
12,24038373,386047
12,24423514,385034
12,24818902,384147
12,25214472,383518
12,25629880,383137
12,26016414,382867
12,26403016,382791
12,26819339,382776
12,27216570,382311
12,27632436,382102
12,28036839,382085
12,28423669,381906
12,28814710,381920
12,29172900,381945
12,29566636,381951
12,29919506,382050
12,30299108,382059
12,30693707,382122
12,31045467,382183
12,31432453,382204
12,31864664,382282
12,32270267,382295
12,32688730,382352
12,33106914,382385
12,33477031,382428
12,33882902,382465
12,34233899,382485
12,34606794,382522
12,35008056,382542
12,35352889,382561
12,35689785,382581
12,35995261,382594
12,36335038,382610
12,36684277,382627
12,37052811,382639
12,37390016,382653
12,37712479,382662
12,38051751,382674
12,38400434,382685
12,38751962,382694
12,39084940,382707
12,39419672,382717
12,39747572,382729
12,40106748,382741
12,40453755,382749
12,40766150,382757
12,41085434,382770
12,41418165,382777
12,41745944,382789
12,42079824,382800
12,42391950,382806
12,42709449,382816
12,43068553,382828
12,43415555,382838
12,43722724,382855
12,44056231,382879
12,44391842,382904
12,44704019,382937
12,45020648,382974
12,45330237,383018
12,45664271,383057
12,45975241,383102
12,46334118,383140
12,46694411,383170
12,47026432,383196
12,47358056,383213
12,47733905,383226
12,48093107,383231
12,48451994,383229
12,48804478,383217
12,49155655,383208
12,49486303,383189
12,49842560,383173
12,50201976,383153
12,50555269,383133
12,50905931,383116
12,51260667,383104
12,51589720,383089
12,51927546,383080
12,52260735,383069
12,52589493,383060
12,52948787,383058
12,53286673,383053
12,53638525,383050
12,54023920,383050
12,54383982,383049
12,54735481,383049
12,55124827,383050
12,55493440,383051
12,55867625,383051
12,56250572,383051
12,56602611,383051
12,56977738,383051
12,57383964,383048
12,57775531,383046
12,58156231,383044
12,58546626,383042
12,58921954,383040
12,59293310,383037
12,59674767,383035
12,60053631,383032
12,60444672,383031
12,60814702,383028
12,61174843,383027
12,61573352,383024
12,61946346,383023
12,62340163,383020
12,62756960,383020
12,63324101,383019
12,63827119,383018
12,64247960,383017
12,64610901,383016
12,65020719,383015
12,65377950,383015
12,65730752,383013
12,66131714,383012
12,66524018,383012
12,66898437,383010
12,67253235,383009
12,67605552,383009
12,67989216,383008
12,68376810,383005
12,68729558,383005
12,69109595,383005
12,69507992,383005
12,69875551,383005
12,70239274,383004
12,70626780,383004
12,70992818,383004
12,71361424,383002
12,71751830,383002
12,72129639,383002
12,72481091,383001
12,72855695,383000
12,73255415,383000
12,73626754,382999
12,73992888,382998
12,74384319,382999
12,74775504,382999
12,75153051,382998
12,75547274,382998
12,75919924,382998
12,76275861,382997
12,76628818,382996
12,76992032,382996
12,77382976,382995
12,77752879,382995
12,78131673,382995
12,78525490,382994
12,78877713,382994
12,79238111,382994
12,79634106,382994
12,80037467,382995
12,80428899,382995
13,776518,582988
13,1178753,582553
13,1577670,581951
13,1971379,581408
13,2375024,580575
13,2763959,579450
13,3182989,578324
13,3578338,577150
13,3968717,575514
13,4355203,573795
13,4754187,571825
13,5147306,569955
13,5510800,567932
13,5885446,565368
13,6291617,562597
13,6693021,559699
13,7086269,557014
13,7466956,553763
13,7859526,550691
13,8255069,546967
13,8652126,543022
13,9047328,538992
13,9442775,535342
13,9815161,530790
13,10231983,526635
13,10587456,521939
13,10984273,517618
13,11368846,512240
13,11753673,507471
13,12148454,502096
13,12527536,496162
13,12919019,490810
13,13298397,485679
13,13671941,479242
13,14064151,474029
13,14442411,469432
13,14836892,463784
13,15253165,458263
13,15649895,453544
13,16088708,448003
13,16462805,443536
13,16857833,439166
13,17252257,434834
13,17614929,430135
13,18003949,426173
13,18402193,422486
13,18779273,418331
13,19175419,414733
13,19590269,411684
13,19959219,408689
13,20323718,405467
13,20714929,402811
13,21085073,400295
13,21441661,397685
13,21858135,395367
13,22251155,393439
13,22606741,391641
13,22980995,390037
13,23346124,388437
13,23754161,386969
13,24147620,385921
13,24504527,385044
13,24898416,384160
13,25272887,383533
13,25706732,383114
13,26087091,382885
13,26462471,382817
13,26857731,382838
13,27252228,382395
13,27628333,382036
13,28023926,382017
13,28423384,381894
13,28818466,381832
13,29214623,381877
13,29588827,381915
13,29984998,382001
13,30369588,382051
13,30759085,382121
13,31158809,382180
13,31545606,382228
13,31939193,382280
13,32351909,382313
13,32713959,382355
13,33107353,382402
13,33507016,382431
13,33879130,382469
13,34273800,382491
13,34669668,382516
13,35064997,382542
13,35463229,382565
13,35878042,382588
13,36299706,382609
13,36750849,382630
13,37236676,382651
13,37709157,382668
13,38108130,382682
13,38498617,382696
13,38868946,382706
13,39241985,382718
13,39595706,382728
13,39943374,382737
13,40325676,382745
13,40677561,382754
13,41031471,382765
13,41389005,382775
13,41737374,382784
13,42067764,382795
13,42424811,382805
13,42755729,382814
13,43089521,382825
13,43443780,382838
13,43797219,382853
13,44133539,382871
13,44503119,382896
13,44855585,382927
13,45243959,382964
13,45589024,383005
13,45942729,383049
13,46295420,383093
13,46679546,383137
13,47073477,383173
13,47455489,383198
13,47807814,383220
13,48201181,383231
13,48557810,383232
13,48932091,383232
13,49340074,383219
13,49731285,383204
13,50106779,383184
13,50469847,383163
13,50880296,383139
13,51273520,383122
13,51668898,383105
13,52067749,383088
13,52463660,383077
13,52878514,383067
13,53278748,383061
13,53672205,383057
13,54064496,383055
13,54464232,383054
13,54858372,383054
13,55265442,383054
13,55629455,383055
13,56001779,383055
13,56367325,383056
13,56755745,383056
13,57125962,383056
13,57483800,383054
13,57877588,383053
13,58253792,383050
13,58669506,383047
13,59052103,383045
13,59423224,383043
13,59836260,383038
13,60263074,383037
13,60672535,383034
13,61064396,383032
13,61443960,383029
13,61836123,383028
13,62250888,383026
13,62609932,383025
13,63003080,383023
13,63379226,383022
13,63773065,383021
13,64124109,383021
13,64492051,383020
13,64865301,383017
13,65260443,383015
13,65627448,383016
13,66021617,383013
13,66385421,383013
13,66761784,383013
13,67155336,383011
13,67555286,383010
13,67938983,383010
13,68344466,383008
13,68754117,383007
13,69146084,383007
13,69523173,383007
13,69877125,383006
13,70249911,383006
13,70633169,383005
13,71009288,383004
13,71402706,383002
13,71775507,383003
13,72166491,383000
13,72527986,383001
13,72901998,383001
13,73296680,383000
13,73669983,382999
13,74066519,382999
13,74463371,382999
13,74859278,382998
13,75251914,382997
13,75608795,382998
13,76000890,382998
13,76378953,382998
13,76774324,382997
13,77165701,382997
13,77569107,382997
13,77959656,382997
13,78323983,382996
13,78712900,382995
14,701277,582985
14,1076294,582550
14,1491375,581943
14,1848652,581394
14,2242899,580695
14,2614719,579728
14,2970625,578600
14,3386436,577508
14,3741104,575934
14,4137808,574436
14,4532533,572588
14,4913514,570504
14,5325095,568218
14,5746167,565682
14,6135442,563299
14,6490676,560798
14,6872032,557770
14,7264414,554990
14,7643789,551576
14,8056360,547902
14,8450495,544018
14,8869554,539982
14,9263552,535862
14,9657701,531948
14,10053570,527211
14,10449018,523080
14,10804470,518233
14,11198832,513588
14,11571886,508799
14,11929122,503486
14,12322231,498449
14,12685722,493066
14,13073472,487186
14,13447763,481765
14,13827036,475341
14,14221454,471194
14,14595828,466119
14,14994859,460904
14,15368098,455983
14,15763529,451635
14,16160688,446035
14,16553210,441412
14,16932405,437432
14,17325693,432438
14,17730010,428157
14,18141747,424171
14,18538494,419869
14,18952607,416065
14,19344120,413017
14,19729992,409559
14,20119314,406639
14,20513057,403557
14,20888369,400648
14,21305215,397972
14,21710912,395911
14,22075779,393698
14,22470818,391871
14,22867432,390022
14,23277818,388424
14,23662088,386955
14,24066359,385909
14,24430416,384915
14,24826103,384146
14,25199680,383520
14,25595103,383111
14,26016918,382847
14,26412566,382798
14,26826829,382770
14,27220385,382311
14,27596880,382001
14,27993183,382002
14,28365430,381875
14,28732210,381779
14,29119103,381837
14,29491431,381878
14,29908956,381989
14,30302278,382056
14,30695452,382117
14,31077011,382202
14,31468618,382238
14,31848447,382300
14,32263371,382337
14,32658607,382369
14,33074925,382410
14,33468757,382437
14,33849421,382471
14,34242852,382499
14,34614979,382518
14,34971387,382548
14,35365394,382565
14,35760668,382588
14,36138312,382611
14,36517140,382628
14,36917115,382644
14,37282850,382658
14,37686013,382669
14,38121168,382684
14,38513964,382698
14,38937076,382716
14,39330392,382730
14,39731483,382742
14,40099415,382756
14,40495795,382768
14,40871408,382783
14,41264350,382795
14,41659271,382805
14,42054928,382815
14,42429421,382822
14,42826877,382828
14,43222433,382838
14,43615179,382849
14,43971625,382863
14,44344681,382887
14,44755019,382920
14,45117449,382964
14,45512936,383015
14,45916465,383060
14,46283780,383106
14,46709075,383148
14,47096359,383180
14,47469017,383202
14,47824779,383217
14,48234579,383225
14,48595435,383225
14,48992381,383215
14,49365386,383202
14,49726982,383182
14,50113449,383162
14,50469405,383145
14,50829308,383123
14,51201477,383107
14,51597203,383089
14,51972973,383078
14,52366447,383066
14,52743185,383060
14,53135335,383055
14,53489296,383053
14,53869571,383051
14,54260612,383050
14,54614982,383053
14,54970036,383053
14,55344858,383053
14,55754742,383056
14,56116596,383056
14,56509809,383055
14,56869329,383055
14,57242847,383054
14,57657108,383052
14,58056080,383048
14,58426990,383046
14,58825706,383045
14,59218900,383040
14,59593681,383038
14,59950298,383036
14,60343992,383035
14,60728338,383030
14,61140957,383029
14,61532267,383028
14,61930224,383027
14,62323923,383023
14,62731064,383022
14,63115574,383022
14,63470860,383020
14,63845362,383019
14,64240311,383019
14,64615462,383019
14,64972230,383016
14,65367793,383015
14,65753699,383015
14,66136058,383015
14,66512125,383015
14,66914935,383014
14,67282897,383013
14,67686738,383012
14,68074547,383011
14,68447397,383010
14,68824212,383008
14,69218511,383008
14,69572945,383008
14,69927177,383006
14,70322061,383005
14,70708040,383005
14,71095638,383005
14,71468348,383002
14,71824952,383002
14,72197214,383002
14,72564211,383001
14,72955874,383000
14,73329243,382999
14,73731820,382998
14,74094779,382998
14,74489343,382998
14,74846194,382998
14,75240722,382998
14,75615753,382997
14,75969643,382997
14,76343144,382997
14,76708347,382996
14,77094516,382995
14,77468148,382995
14,77827783,382994
14,78241428,382993
14,78636317,382992
14,79078221,382991
14,79447376,382992
14,79826899,382992
14,80220566,382993
14,80593939,382993
14,80950439,382993
14,81344467,382993
14,81708518,382994
14,82075745,382993
14,82468264,382993
14,82844863,382993
14,83240638,382992
14,83635234,382992
14,84018033,382992
14,84408625,382993
14,84805734,382993
15,677278,582995
15,1017178,582716
15,1369897,582099
15,1724793,581597
15,2084190,581032
15,2437107,580289
15,2770431,579288
15,3129435,578158
15,3523914,576962
15,3877741,575486
15,4258887,573751
15,4653273,572092
15,5005052,570233
15,5375187,568195
15,5769319,565670
15,6153008,563312
15,6509039,560811
15,6881915,557755
15,7275022,554981
15,7626579,552032
15,8007810,548372
15,8380137,545000
15,8754525,541497
15,9162386,537458
15,9533909,533663
15,9897773,529011
15,10277676,524849
15,10664844,520115
15,11057479,515619
15,11460849,510139
15,11849736,504825
15,12269988,499202
15,12658437,493824
15,13013820,487908
15,13408606,482567
15,13781243,476818
15,14143209,471754
15,14535010,467548
15,14918442,461635
15,15307097,457144
15,15700912,452323
15,16079371,447421
15,16453181,442501
15,16854274,438630
15,17228810,433650
15,17621702,429154
15,18016261,425701
15,18386535,421981
15,18762550,417879
15,19141892,414736
15,19515371,411261
15,19941862,407870
15,20327124,405069
15,20702348,402429
15,21056822,399596
15,21450384,397353
15,21826011,395327
15,22180113,393406
15,22553891,391373
15,22938587,389800
15,23304489,388413
15,23657978,387116
15,24015522,386032
15,24387243,385029
15,24783158,384245
15,25167530,383579
15,25557960,383155
15,25976782,382878
15,26366739,382799
15,26741251,382846
15,27103595,382450
15,27498310,382014
15,27919505,382013
15,28327132,381909
15,28678759,381783
15,29035310,381854
15,29429630,381892
15,29806142,381971
15,30207810,382077
15,30578470,382121
15,30975231,382204
15,31348298,382256
15,31740863,382289
15,32105669,382342
15,32471951,382367
15,32871202,382400
15,33244111,382431
15,33636893,382453
15,34013635,382481
15,34409424,382502
15,34762577,382519
15,35151000,382541
15,35535308,382557
15,35930535,382575
15,36309267,382597
15,36701471,382614
15,37078320,382635
15,37493058,382649
15,37849452,382666
15,38293370,382682
15,38660101,382699
15,39017603,382711
15,39390259,382728
15,39786740,382743
15,40182419,382755
15,40557757,382770
15,40966548,382785
15,41327514,382796
15,41743325,382809
15,42105934,382822
15,42492443,382833
15,42869589,382846
15,43268335,382861
15,43661144,382879
15,44058272,382907
15,44453219,382942
15,44847447,382983
15,45203025,383023
15,45575667,383066
15,45942816,383104
15,46304627,383139
15,46658293,383170
15,47015777,383198
15,47409412,383213
15,47762901,383222
15,48140121,383224
15,48536003,383218
15,48922752,383205
15,49309406,383188
15,49684652,383165
15,50081915,383143
15,50473573,383124
15,50852938,383106
15,51222393,383090
15,51600496,383078
15,51979466,383066
15,52374905,383059
15,52762239,383053
15,53164750,383053
15,53556863,383051
15,53964332,383050
15,54329618,383050
15,54721480,383051
15,55099747,383053
15,55498390,383053
15,55919705,383053
15,56306965,383053
15,56678794,383053
15,57034800,383051
15,57388780,383049
15,57761842,383048
15,58144313,383047
15,58516846,383045
15,58900242,383041
15,59298220,383038
15,59662310,383036
15,60056542,383033
15,60462296,383030
15,60851460,383028
15,61246045,383028
15,61662304,383026
15,62058827,383024
15,62473631,383023
15,62874281,383020
15,63284931,383020
15,63659223,383019
15,64014243,383017
15,64411016,383016
15,64784200,383016
15,65141420,383015
15,65534229,383015
15,65900979,383013
15,66265200,383013
15,66659116,383013
15,67015722,383011
15,67386601,383011
15,67762289,383008
15,68160058,383008
15,68554490,383008
15,68922331,383006
15,69289395,383006
15,69681722,383005
15,70059754,383005
15,70452706,383003
15,70847970,383003
15,71250579,383002
15,71637694,383002
15,72014763,383000
15,72412153,383000
15,72806670,382999
15,73184910,382999
15,73579253,382999
15,73975616,382998
15,74354514,382998
15,74745612,382998
15,75142427,382997
15,75515986,382997
15,75897290,382997
15,76286459,382997
15,76658282,382997
15,77014908,382997
15,77410618,382997
15,77783552,382997
15,78139854,382997
16,731598,582984
16,1092678,582633
16,1472008,581929
16,1864755,581376
16,2271445,580551
16,2656892,579562
16,3032625,578438
16,3430539,577323
16,3813093,575900
16,4198845,574169
16,4618349,572333
16,4995581,570219
16,5408970,567875
16,5805175,565336
16,6202596,562959
16,6598549,560052
16,7007733,556963
16,7394571,553755
16,7809641,550224
16,8200095,546454
16,8619100,542509
16,9009902,538987
16,9370141,535329
16,9765015,530779
16,10156689,526620
16,10513318,521915
16,10929409,516965
16,11307992,512237
16,11703645,506805
16,12093157,502102
16,12470177,496177
16,12865567,490095
16,13283418,484174
16,13699891,477618
16,14094361,472322
16,14510918,467546
16,14906956,462352
16,15321979,457140
16,15681338,452966
16,16051580,448101
16,16411527,443026
16,16805897,439183
16,17200252,434217
16,17596121,429620
16,17972993,426168
16,18345565,421946
16,18759651,418347
16,19114483,415186
16,19491331,411684
16,19885326,408703
16,20250903,405488
16,20635684,402819
16,21009590,400296
16,21367076,397684
16,21780836,395639
16,22134853,393697
16,22493264,391631
16,22906289,390026
16,23296835,388423
16,23677522,386959
16,24076370,385776
16,24491088,384789
16,24906426,383941
16,25303941,383425
16,25696748,383043
16,26055907,382835
16,26438374,382772
16,26807777,382775
16,27196628,382287
16,27618646,382000
16,28012947,382015
16,28388572,381859
16,28794342,381823
16,29157010,381909
16,29556789,381927
16,29945978,382030
16,30330128,382099
16,30721680,382150
16,31092080,382232
16,31483019,382267
16,31870819,382326
16,32284213,382364
16,32679978,382396
16,33078909,382419
16,33472097,382446
16,33844978,382466
16,34226381,382501
16,34638284,382525
16,35030982,382546
16,35386533,382566
16,35781075,382585
16,36155131,382600
16,36510378,382616
16,36888541,382633
16,37319679,382652
16,37706001,382667
16,38093330,382678
16,38492965,382692
16,38866671,382703
16,39253782,382716
16,39636073,382729
16,40010315,382745
16,40409299,382758
16,40802618,382775
16,41182365,382788
16,41551892,382801
16,41929981,382814
16,42307941,382828
16,42701258,382839
16,43093632,382856
16,43492686,382877
16,43888029,382900
16,44273092,382935
16,44657015,382975
16,45050929,383015
16,45432212,383062
16,45829550,383098
16,46228648,383135
16,46618098,383168
16,47008992,383188
16,47365854,383202
16,47738424,383212
16,48091751,383213
16,48475061,383208
16,48844380,383196
16,49228013,383179
16,49622157,383161
16,49991894,383141
16,50388898,383121
16,50774918,383103
16,51157754,383089
16,51532651,383073
16,51929982,383061
16,52330640,383054
16,52701176,383050
16,53094123,383046
16,53517946,383045
16,53887259,383045
16,54297450,383045
16,54660025,383047
16,55050813,383050
16,55409505,383050
16,55804270,383050
16,56189035,383051
16,56597778,383051
16,56990476,383051
16,57386671,383048
16,57780399,383046
16,58134112,383045
16,58490393,383043
16,58885056,383038
16,59253248,383037
16,59618815,383036
16,60010715,383034
16,60388574,383030
16,60783790,383030
16,61158132,383028
16,61553905,383026
16,61933055,383023
16,62330831,383023
16,62697883,383022
16,63093637,383021
16,63468691,383020
16,63862980,383019
16,64232755,383018
16,64593827,383017
16,64987434,383015
16,65347547,383015
16,65737719,383015
16,66113216,383013
16,66493584,383013
16,66885016,383012
16,67284088,383010
16,67655801,383009
16,68009011,383009
16,68366290,383007
16,68758935,383006
16,69133622,383006
16,69490978,383005
16,69884938,383005
16,70271459,383003
16,70662403,383003
16,71032701,383003
16,71431194,383003
16,71807309,383002
16,72203158,383002
16,72596871,383002
16,72987849,383000
16,73344125,383000
16,73741507,383000
16,74136576,383000
16,74513055,382999
16,74929367,382999
16,75329478,382999
16,75742340,382998
16,76134279,382997
16,76511172,382997
16,76907274,382998
16,77306899,382998
16,77707396,382997
16,78094067,382997
16,78491590,382997
16,78886487,382997
16,79270040,382997
16,79655825,382996
17,728603,582986
17,1119019,582549
17,1530784,581940
17,1887570,581385
17,2299911,580682
17,2657785,579571
17,3092943,578449
17,3490536,577148
17,3888640,575479
17,4281652,573968
17,4660191,572101
17,5051547,569958
17,5447195,567892
17,5822741,565354
17,6219040,562981
17,6594094,560063
17,7013054,556977
17,7406988,554187
17,7806334,550695
17,8196653,546943
17,8590220,543521
17,8950288,539499
17,9342044,535883
17,9705002,531964
17,10076501,527231
17,10466587,523104
17,10823594,518885
17,11197122,513600
17,11590319,508811
17,11947009,504168
17,12321870,499215
17,12727174,493079
17,13112928,487177
17,13487546,481754
17,13868007,475347
17,14284583,470605
17,14675486,465297
17,15074183,460153
17,15469704,455361
17,15863015,450808
17,16216874,445918
17,16570923,441888
17,16949313,437327
17,17343604,432351
17,17749780,428621
17,18135741,424620
17,18532893,420347
17,18933952,416997
17,19301267,413441
17,19705651,409966
17,20091796,407105
17,20444241,404369
17,20825254,401381
17,21218345,398980
17,21615911,396530
17,22013919,394270
17,22427092,392151
17,22824003,390265
17,23216898,388831
17,23592249,387509
17,23948072,386203
17,24362639,385292
17,24730150,384365
17,25117728,383737
17,25490184,383252
17,25902316,382955
17,26266127,382790
17,26678894,382827
17,27074983,382515
17,27489433,382076
17,27889318,382039
17,28282121,381927
17,28658318,381823
17,29054243,381864
17,29448094,381885
17,29825387,381967
17,30198748,382030
17,30597193,382083
17,30990885,382172
17,31385389,382220
17,31782451,382287
17,32182872,382322
17,32569906,382363
17,32946715,382404
17,33322295,382434
17,33727144,382466
17,34095255,382492
17,34487796,382516
17,34842363,382540
17,35196252,382559
17,35570034,382581
17,35951795,382601
17,36345733,382619
17,36753125,382636
17,37116161,382651
17,37511587,382666
17,37921889,382678
17,38279643,382690
17,38633961,382706
17,38990918,382716
17,39386427,382729
17,39783855,382739
17,40182437,382748
17,40594933,382759
17,40990335,382770
17,41387013,382784
17,41784377,382800
17,42180155,382812
17,42592086,382825
17,42950471,382842
17,43342778,382860
17,43727175,382888
17,44113346,382916
17,44487164,382947
17,44844031,382988
17,45236459,383024
17,45601709,383062
17,45991115,383104
17,46382546,383135
17,46752155,383167
17,47137612,383186
17,47510406,383200
17,47909499,383205
17,48300839,383206
17,48709313,383197
17,49096401,383185
17,49486718,383170
17,49843291,383154
17,50228738,383134
17,50617747,383118
17,50992700,383100
17,51385149,383086
17,51782350,383074
17,52161239,383067
17,52535403,383060
17,52933569,383057
17,53302454,383053
17,53703675,383052
17,54094267,383052
17,54486692,383052
17,54864530,383052
17,55238836,383052
17,55589957,383052
17,55946891,383052
17,56341672,383052
17,56725414,383051
17,57112601,383049
17,57487262,383047
17,57847203,383044
17,58238909,383044
17,58611742,383041
17,58970358,383037
17,59365029,383037
17,59749333,383036
17,60135530,383031
17,60510824,383030
17,60907368,383029
17,61285310,383027
17,61674481,383024
17,62093826,383024
17,62489922,383023
17,62886924,383021
17,63281540,383020
17,63680949,383020
17,64071638,383018
17,64446180,383018
17,64822923,383016
17,65217181,383015
17,65569495,383014
17,65947968,383013
17,66320450,383013
17,66705374,383012
17,67094706,383011
17,67467056,383010
17,67822465,383008
17,68195483,383008
17,68589526,383007
17,68952444,383006
17,69323854,383005
17,69732327,383005
17,70104864,383004
17,70490801,383002
17,70887514,383002
17,71277790,383002
17,71652763,383000
17,72031580,382999
17,72426179,382999
17,72845853,382998
17,73240839,382998
17,73614546,382998
17,74013910,382997
17,74386009,382997
17,74794141,382997
17,75176739,382997
17,75569480,382997
17,75950043,382997
17,76322308,382996
17,76704460,382996
17,77094121,382995
17,77466355,382995
17,77823698,382994
17,78218406,382994
18,723925,582984
18,1098519,582553
18,1514802,581880
18,1933402,581321
18,2328990,580434
18,2734122,579444
18,3098953,578318
18,3494597,577152
18,3888467,575504
18,4283743,573766
18,4676789,571831
18,5097483,569675
18,5493326,567599
18,5870296,565011
18,6263134,562594
18,6639400,559686
18,7033826,556981
18,7434834,553749
18,7824660,550227
18,8221691,546464
18,8616177,543008
18,8995013,538982
18,9387129,535329
18,9786163,530777
18,10157346,526030
18,10553543,521917
18,10951137,516947
18,11344584,512219
18,11708698,506792
18,12098370,502077
18,12469577,496915
18,12831222,490801
18,13222035,485661
18,13595091,480072
18,13953312,474025
18,14348584,470003
18,14733086,464484
18,15163822,458818
18,15560824,454098
18,15954402,448619
18,16369113,443469
18,16766773,439105
18,17159046,434774
18,17538498,430110
18,17979416,426167
18,18346013,422486
18,18732129,418378
18,19118767,415242
18,19511487,411739
18,19890544,408362
18,20305861,405201
18,20729157,402174
18,21118584,399346
18,21523967,397149
18,21889042,394848
18,22304295,392667
18,22706333,390711
18,23096491,389220
18,23490839,387686
18,23893755,386339
18,24284450,385408
18,24662103,384469
18,25056037,383733
18,25471391,383248
18,25890049,382936
18,26287527,382797
18,26677074,382813
18,27074161,382527
18,27475318,382066
18,27883832,381994
18,28244493,381924
18,28640378,381828
18,29016463,381856
18,29410470,381915
18,29806974,381997
18,30199234,382069
18,30594960,382118
18,30956801,382194
18,31348680,382237
18,31732867,382289
18,32117843,382322
18,32491048,382349
18,32846545,382389
18,33241215,382413
18,33594415,382442
18,33971290,382472
18,34386516,382496
18,34753104,382532
18,35142364,382553
18,35514707,382581
18,35913608,382598
18,36305658,382619
18,36712554,382646
18,37101968,382664
18,37491726,382683
18,37890979,382694
18,38261739,382707
18,38618606,382724
18,38995776,382741
18,39388903,382754
18,39765848,382770
18,40175519,382784
18,40537031,382795
18,40916299,382807
18,41285960,382817
18,41657905,382828
18,42056612,382839
18,42470162,382846
18,42826679,382860
18,43223520,382872
18,43595021,382890
18,43993544,382910
18,44387803,382937
18,44765269,382965
18,45137319,382997
18,45533244,383030
18,45919498,383065
18,46322837,383101
18,46737016,383131
18,47120646,383151
18,47493733,383169
18,47890529,383178
18,48282079,383183
18,48658172,383182
18,49015291,383177
18,49387748,383165
18,49786234,383153
18,50162588,383137
18,50558908,383119
18,50985029,383103
18,51371148,383090
18,51752421,383076
18,52137795,383069
18,52511652,383059
18,52868575,383056
18,53262878,383049
18,53637226,383047
18,53993400,383046
18,54387331,383045
18,54765028,383044
18,55157356,383044
18,55510964,383044
18,55888548,383044
18,56282319,383044
18,56636163,383043
18,57019365,383043
18,57410709,383042
18,57791483,383039
18,58179837,383039
18,58598714,383037
18,58995960,383037
18,59387112,383034
18,59787424,383033
18,60181595,383030
18,60596989,383029
18,60995494,383027
18,61387194,383026
18,61769456,383022
18,62138689,383022
18,62531970,383020
18,62888975,383020
18,63263010,383019
18,63658073,383017
18,64013958,383017
18,64398067,383015
18,64814206,383013
18,65203255,383013
18,65596867,383013
18,65994340,383011
18,66389444,383009
18,66786494,383009
18,67158254,383008
18,67552839,383008
18,67908631,383007
18,68288013,383007
18,68684944,383006
18,69056002,383006
18,69452703,383004
18,69848645,383004
18,70221729,383004
18,70629691,383003
18,70997268,383002
18,71389679,383002
18,71766035,383002
18,72159306,383001
18,72539670,383000
18,72936270,383000
18,73304018,382999
18,73709102,382998
18,74097253,382998
18,74490351,382998
18,74870033,382998
18,75242016,382998
18,75637790,382998
18,76012919,382998
18,76407145,382998
18,76765572,382997
18,77136859,382997
18,77490200,382996
18,77846726,382996
18,78240702,382996
18,78616665,382995
18,79017362,382995
19,740345,582984
19,1121052,582635
19,1493958,582021
19,1849590,581465
19,2264400,580808
19,2631264,579717
19,3014945,578733
19,3410557,577504
19,3790131,576139
19,4164389,574416
19,4559197,572818
19,4938862,570773
19,5328095,568506
19,5724557,566319
19,6117919,563992
19,6496083,561176
19,6872370,558152
19,7264670,555382
19,7648081,552028
19,8035921,548841
19,8430215,545001
19,8809904,541487
19,9185749,537429
19,9579869,533634
19,9952597,528990
19,10347068,524833
19,10722948,520099
19,11117457,515606
19,11471041,510819
19,11854686,505482
19,12246792,499948
19,12651285,494596
19,13043590,488635
19,13433737,482563
19,13829893,476056
19,14244502,471173
19,14648704,466735
19,15015950,460794
19,15412049,456493
19,15810252,451488
19,16199965,445903
19,16611906,441352
19,16994436,437348
19,17369045,432973
19,17727868,428638
19,18119356,425182
19,18493653,421425
19,18850988,417452
19,19244699,414358
19,19630061,410871
19,20017895,407943
19,20389837,405195
19,20744959,402188
19,21159917,399699
19,21514663,397453
19,21868260,395419
19,22221436,393474
19,22595977,391419
19,22998893,389628
19,23413648,388058
19,23810120,386796
19,24186675,385648
19,24562609,384785
19,24954663,383947
19,25349594,383381
19,25749558,383027
19,26121317,382787
19,26537884,382786
19,26953342,382685
19,27349721,382156
19,27748588,381981
19,28120132,381951
19,28514610,381819
19,28913979,381788
19,29308913,381847
19,29705072,381927
19,30099889,382025
19,30495789,382088
19,30892288,382183
19,31286365,382247
19,31682256,382300
19,32054552,382350
19,32408463,382381
19,32776553,382418
19,33138691,382452
19,33491255,382477
19,33854750,382509
19,34267746,382533
19,34663248,382554
19,35037859,382575
19,35432499,382588
19,35814212,382605
19,36206131,382619
19,36611360,382637
19,36995109,382660
19,37371309,382668
19,37747464,382686
19,38160903,382692
19,38512460,382707
19,38871743,382720
19,39288195,382731
19,39685166,382748
19,40062697,382765
19,40449767,382778
19,40819584,382794
19,41187338,382803
19,41580492,382818
19,41952388,382826
19,42347073,382843
19,42723852,382863
19,43117850,382888
19,43471159,382914
19,43848248,382948
19,44242690,382983
19,44595040,383022
19,45018964,383063
19,45412862,383097
19,45809664,383127
19,46186879,383151
19,46556829,383168
19,46976198,383181
19,47367611,383183
19,47723898,383183
19,48121175,383175
19,48516292,383162
19,48912220,383146
19,49307579,383130
19,49704740,383113
19,50098224,383099
19,50495359,383080
19,50894051,383070
19,51265433,383059
19,51663844,383052
19,52037202,383047
19,52429290,383044
19,52809746,383042
19,53205498,383042
19,53627401,383043
19,54015092,383044
19,54389677,383045
19,54744736,383045
19,55140819,383045
19,55514337,383046
19,55872433,383046
19,56264830,383045
19,56651608,383043
19,57035785,383043
19,57422084,383039
19,57814565,383036
19,58185336,383034
19,58581207,383033
19,58952053,383029
19,59345670,383029
19,59728380,383027
19,60120714,383026
19,60514186,383024
19,60869429,383023
19,61244725,383021
19,61649826,383021
19,62016449,383020
19,62409867,383019
19,62764587,383018
19,63138114,383018
19,63490795,383015
19,63849747,383015
19,64243846,383014
19,64628256,383013
19,65035142,383010
19,65400463,383010
19,65788275,383010
19,66160019,383010
19,66513953,383008
19,66872170,383008
19,67244064,383007
19,67650209,383007
19,68058844,383005
19,68459070,383005
19,68871249,383005
19,69266011,383005
19,69647305,383004
19,70034393,383001
19,70410699,383002
19,70770996,383002
19,71162390,383001
19,71537224,383000
19,71953949,383000
19,72347014,383000
19,72725654,382998
19,73118010,382998
19,73495525,382997
19,73893860,382996
19,74306352,382996
19,74663414,382995
19,75056472,382995
19,75434516,382995
19,75828170,382995
19,76221609,382995
19,76606135,382995
19,77014756,382995
19,77409711,382995
19,77789853,382994
20,726067,582985
20,1112726,582634
20,1505232,581942
20,1900270,581464
20,2282624,580684
20,2657404,579567
20,3050336,578581
20,3423015,577307
20,3820472,575903
20,4200193,574398
20,4588104,572300
20,5015686,570469
20,5402098,568181
20,5795940,565971
20,6174758,563262
20,6548114,560399
20,6963225,557368
20,7361385,554569
20,7731872,551118
20,8110605,547900
20,8503837,544522
20,8857047,540496
20,9256651,536930
20,9649984,532534
20,10036077,527837
20,10421493,523690
20,10794859,519513
20,11151428,514286
20,11545267,509487
20,11909576,504834
20,12304686,499214
20,12694455,493073
20,13112157,487173
20,13506076,480936
20,13902581,475356
20,14300590,470615
20,14692014,466035
20,15050656,460149
20,15463476,455938
20,15823134,450804
20,16220470,445272
20,16630703,440802
20,17039536,436720
20,17401318,431774
20,17816175,428116
20,18175169,424112
20,18567937,420353
20,18944887,416522
20,19338164,413032
20,19753636,410018
20,20109393,407141
20,20505011,404071
20,20899063,401480
20,21276934,398706
20,21650195,396573
20,22013415,394308
20,22421392,392417
20,22795028,390483
20,23173057,389014
20,23548154,387485
20,23944178,386313
20,24323810,385258
20,24719330,384328
20,25109162,383701
20,25503122,383282
20,25862430,382948
20,26258431,382770
20,26651363,382801
20,27048323,382568
20,27422636,382095
20,27795457,381958
20,28153771,381926
20,28546282,381775
20,28921279,381744
20,29274830,381810
20,29669886,381851
20,30051193,381969
20,30444714,382038
20,30819801,382122
20,31218593,382203
20,31628907,382249
20,31980668,382307
20,32362543,382345
20,32755250,382377
20,33132065,382418
20,33526158,382447
20,33919064,382474
20,34300222,382502
20,34714534,382526
20,35110021,382550
20,35502960,382572
20,35880141,382600
20,36279493,382620
20,36665146,382641
20,37048822,382659
20,37421006,382677
20,37773857,382697
20,38131633,382713
20,38504333,382727
20,38857668,382743
20,39257948,382757
20,39632354,382773
20,40034324,382790
20,40424754,382808
20,40794078,382825
20,41152736,382856
20,41526824,382892
20,41919121,382931
20,42298948,382976
20,42694362,383022
20,43094353,383067
20,43501654,383102
20,43855094,383130
20,44234039,383158
20,44629162,383174
20,45013503,383185
20,45399940,383188
20,45753461,383185
20,46108108,383177
20,46502897,383162
20,47012645,383135
20,47540478,383113
20,48083644,383089
20,48600562,383068
20,49127918,383056
20,49644438,383045
20,50169576,383038
20,50613908,383037
20,51035167,383035
20,51423734,383035
20,51798854,383035
20,52288114,383039
20,52824100,383039
20,53336327,383041
20,53775553,383041
20,54246496,383039
20,54694724,383039
20,55101538,383037
20,55508663,383035
20,55905130,383033
20,56304481,383029
20,56694570,383028
20,57072600,383027
20,57442139,383025
20,57841736,383022
20,58257200,383024
20,58648516,383022
20,59036325,383020
20,59418408,383020
20,59799472,383020
20,60195797,383019
20,60570151,383017
20,60967416,383016
20,61380566,383015
20,61796066,383014
20,62191620,383014
20,62563637,383013
20,62932236,383013
20,63320621,383011
20,63695571,383011
20,64093385,383010
20,64502658,383008
20,64858301,383006
20,65231605,383006
20,65626171,383006
20,66011363,383006
20,66396885,383005
20,66749131,383005
20,67112776,383005
20,67504407,383003
20,67895696,383003
20,68255248,383003
20,68649893,383001
20,69016204,383001
20,69379160,383000
20,69727743,383000
20,70132265,383001
20,70504160,383001
20,70899193,383001
20,71256138,383000
20,71626523,383000
20,72008514,383000
20,72399675,382997
20,72750484,382997
20,73109200,382997
20,73503397,382997
20,73853441,382997
20,74234227,382996
20,74627297,382996
20,75010126,382995
20,75397339,382995
20,75749719,382995
20,76127341,382994
20,76505934,382994
20,76900428,382994
20,77266680,382993
20,77658719,382993
21,758838,582993
21,1117502,582714
21,1470485,582100
21,1834031,581535
21,2244458,580924
21,2608407,579864
21,2996818,578872
21,3366088,577854
21,3723639,576353
21,4117059,574827
21,4490373,573298
21,4854130,571325
21,5246212,569384
21,5630046,566953
21,6021933,564691
21,6412166,561907
21,6813754,558898
21,7200842,556185
21,7573514,552915
21,7971685,549768
21,8323853,546451
21,8705136,542496
21,9098303,538466
21,9515586,534210
21,9913723,529600
21,10310316,525440
21,10701099,520724
21,11075430,516295
21,11449301,511524
21,11827285,506141
21,12221219,501386
21,12573491,495380
21,12979222,490081
21,13350905,484157
21,13746041,478415
21,14119237,473442
21,14474028,468813
21,14891572,463030
21,15283730,458267
21,15639823,454160
21,16011754,449415
21,16371616,444080
21,16766782,440257
21,17140289,435449
21,17537983,431204
21,17936610,427149
21,18324656,423051
21,18725940,418849
21,19118330,415659
21,19491860,412612
21,19850779,409171
21,20242851,406310
21,20626214,403249
21,21013427,400688
21,21386896,398315
21,21743892,395933
21,22136869,393976
21,22521625,391867
21,22911480,390229
21,23286718,388601
21,23678585,387106
21,24101530,385888
21,24515928,384892
21,24914015,384024
21,25307212,383477
21,25706863,383065
21,26099021,382810
21,26491455,382753
21,26849061,382784
21,27225261,382334
21,27630520,381973
21,27997172,381957
21,28387413,381851
21,28747500,381708
21,29121200,381752
21,29512387,381791
21,29872387,381813
21,30250959,381939
21,30642927,381999
21,31017687,382105
21,31409455,382187
21,31765570,382248
21,32139646,382324
21,32490361,382365
21,32848946,382405
21,33242589,382441
21,33634385,382471
21,34013880,382499
21,34387543,382530
21,34750198,382552
21,35141490,382581
21,35516510,382609
21,35913139,382636
21,36294866,382661
21,36683407,382685
21,37095585,382703
21,37449952,382725
21,37830699,382741
21,38223713,382759
21,38630536,382769
21,38994566,382785
21,39408860,382795
21,39767672,382809
21,40208952,382825
21,40607790,382843
21,40998133,382865
21,41390404,382891
21,41767270,382921
21,42161428,382951
21,42538345,382990
21,42936306,383029
21,43344565,383064
21,43704633,383101
21,44094102,383125
21,44469247,383150
21,44831277,383164
21,45224569,383175
21,45609531,383177
21,45996672,383177
21,46369101,383167
21,46734775,383157
21,47099774,383141
21,47491201,383126
21,47848729,383110
21,48245965,383095
21,48628542,383077
21,49017534,383067
21,49412204,383055
21,49793087,383049
21,50166424,383041
21,50552567,383039
21,50974239,383036
21,51365730,383036
21,51747154,383036
21,52140516,383037
21,52511465,383040
21,52871201,383041
21,53264292,383041
21,53641825,383042
21,54035150,383042
21,54407829,383042
21,54765417,383039
21,55159104,383039
21,55532665,383037
21,55909433,383035
21,56262100,383033
21,56627788,383029
21,57014575,383028
21,57367610,383028
21,57723707,383025
21,58126434,383022
21,58514463,383022
21,58872535,383022
21,59266435,383021
21,59641659,383020
21,60036928,383020
21,60437402,383020
21,60829277,383016
21,61200424,383016
21,61574742,383016
21,61971811,383013
21,62324589,383013
21,62705948,383013
21,63096863,383012
21,63469611,383011
21,63827058,383011
21,64221547,383011
21,64604060,383011
21,65011559,383009
21,65366232,383009
21,65721904,383009
21,66074001,383008
21,66448072,383005
21,66847724,383006
21,67198691,383005
21,67572124,383004
21,67972868,383003
21,68324428,383003
21,68703612,383003
21,69096624,383003
21,69448334,383003
21,69825613,383002
21,70224526,383002
21,70629158,383002
21,71027098,383002
21,71412488,383000
21,71811960,383000
21,72220455,383000
21,72605202,383000
21,72993078,382998
21,73344718,382998
21,73705432,382998
21,74097671,382997
21,74469846,382996
21,74829206,382996
21,75201580,382996
21,75604048,382996
21,75992037,382996
21,76367122,382996
21,76721769,382995
21,77095639,382995
21,77449407,382995
21,77825550,382996
21,78201575,382996
22,711216,582968
22,1120519,582550
22,1491844,581872
22,1891623,581389
22,2283228,580553
22,2678144,579572
22,3034633,578459
22,3429883,577341
22,3861120,575464
22,4263030,573752
22,4660250,571853
22,5056937,569946
22,5430442,567578
22,5827322,565362
22,6198696,562992
22,6552029,560453
22,6910921,557773
22,7284689,554624
22,7677766,551631
22,8036656,548399
22,8411262,544540
22,8805842,541031
22,9198975,536951
22,9573294,533104
22,9932267,529023
22,10305692,524272
22,10699371,520125
22,11075826,514952
22,11475189,509470
22,11866603,504815
22,12240685,499183
22,12636268,493800
22,13011523,487881
22,13408235,482533
22,13790741,476033
22,14178023,471721
22,14553159,467469
22,14911279,461535
22,15304600,457096
22,15689904,452263
22,16083535,446630
22,16479408,442446
22,16848756,437999
22,17261554,433614
22,17613486,429659
22,17993850,425734
22,18386157,422002
22,18774721,417929
22,19157884,414377
22,19574524,411298
22,19933467,407893
22,20325261,405112
22,20726181,402084
22,21118233,399262
22,21511234,397078
22,21868698,394791
22,22282338,392877
22,22634808,391138
22,22992899,389393
22,23386570,388031
22,23770255,386621
22,24182035,385514
22,24574153,384666
22,24928302,383949
22,25303043,383440
22,25678491,383042
22,26062152,382842
22,26450234,382794
22,26831910,382785
22,27201423,382301
22,27595930,381994
22,28014859,381984
22,28409231,381843
22,28806420,381765
22,29185014,381822
22,29573843,381864
22,29950655,381958
22,30332223,382034
22,30726521,382106
22,31137418,382177
22,31532240,382215
22,31890160,382262
22,32283541,382297
22,32677603,382325
22,33033728,382357
22,33429694,382383
22,33807480,382410
22,34198486,382438
22,34553116,382461
22,34908764,382493
22,35281945,382516
22,35635997,382544
22,35990433,382565
22,36366261,382594
22,36772951,382620
22,37185648,382648
22,37577019,382668
22,37956663,382694
22,38350344,382718
22,38776560,382743
22,39158243,382761
22,39534050,382785
22,39940099,382799
22,40305028,382817
22,40702501,382832
22,41081828,382849
22,41476130,382864
22,41890546,382883
22,42303509,382900
22,42677857,382927
22,43076237,382954
22,43468467,382983
22,43829053,383011
22,44204183,383047
22,44597817,383080
22,45013098,383112
22,45407798,383136
22,45790440,383159
22,46178375,383173
22,46530737,383182
22,46885973,383185
22,47260761,383186
22,47613010,383181
22,47996897,383171
22,48388842,383157
22,48791917,383144
22,49181997,383125
22,49575658,383111
22,49971955,383094
22,50390652,383082
22,50807200,383070
22,51199410,383062
22,51592128,383055
22,51973329,383052
22,52389106,383050
22,52793944,383048
22,53205444,383048
22,53601473,383048
22,54015093,383050
22,54387660,383051
22,54791504,383051
22,55180294,383051
22,55573619,383051
22,55950972,383050
22,56328464,383047
22,56724159,383046
22,57094566,383044
22,57490493,383043
22,57866342,383040
22,58261361,383036
22,58614596,383036
22,58997053,383033
22,59387735,383031
22,59793823,383029
22,60184700,383029
22,60576040,383026
22,60978099,383025
22,61388726,383023
22,61792887,383022
22,62181271,383021
22,62576039,383020
22,62973990,383018
22,63388123,383018
22,63795961,383015
22,64178771,383015
22,64572742,383013
22,64942684,383012
22,65325177,383012
22,65698438,383011
22,66076534,383008
22,66473066,383008
22,66887342,383008
22,67282257,383007
22,67645770,383005
22,68038970,383005
22,68406298,383006
22,68789703,383006
22,69178921,383005
22,69572371,383004
22,69931428,383002
22,70304860,383003
22,70699304,383000
22,71075626,383000
22,71473474,383000
22,71886657,382999
22,72303941,382998
22,72699181,382998
22,73074264,382997
22,73469576,382996
22,73887127,382995
22,74282506,382997
22,74655464,382995
22,75016325,382995
22,75412416,382995
22,75794534,382995
22,76178818,382994
22,76574591,382994
22,76972687,382993
22,77373788,382994
23,737359,582986
23,1131002,582635
23,1531829,581938
23,1928299,581384
23,2315079,580550
23,2727264,579429
23,3142177,578310
23,3548346,577153
23,3911828,575700
23,4272502,573975
23,4661123,572366
23,5038614,570255
23,5442827,567912
23,5835120,565710
23,6211819,563371
23,6580256,560465
23,6977067,557395
23,7396155,554220
23,7786888,551174
23,8189041,547440
23,8561606,543536
23,8955274,540010
23,9335935,535875
23,9729382,531364
23,10151209,526604
23,10543696,522478
23,10934831,517566
23,11331927,512181
23,11730345,506763
23,12152811,502069
23,12536981,496132
23,12911361,490782
23,13267894,484908
23,13662308,479227
23,14056284,473424
23,14437226,469467
23,14809304,463902
23,15204654,458929
23,15581818,454240
23,15977970,448905
23,16375751,444222
23,16768318,439785
23,17174085,434921
23,17559632,430715
23,17935457,426693
23,18332253,423097
23,18704070,418865
23,19082158,415642
23,19474478,412139
23,19867826,409100
23,20248682,405804
23,20639856,403135
23,20992568,400606
23,21374445,397947
23,21768362,395609
23,22171241,393676
23,22561486,391611
23,22952750,390012
23,23309560,388413
23,23702973,387126
23,24077290,386045
23,24432946,385029
23,24848111,384240
23,25209621,383574
23,25630157,383148
23,26021576,382900
23,26413953,382795
23,26785796,382832
23,27171921,382447
23,27563253,382018
23,27956739,381982
23,28330270,381877
23,28729407,381755
23,29155880,381786
23,29540291,381802
23,29910374,381824
23,30267272,381923
23,30668854,381998
23,31059705,382106
23,31455848,382191
23,31855764,382252
23,32268599,382298
23,32664317,382318
23,33059345,382352
23,33453669,382381
23,33849575,382410
23,34266861,382438
23,34663319,382460
23,35056928,382495
23,35434331,382526
23,35819140,382562
23,36205636,382597
23,36603123,382626
23,36997661,382657
23,37370856,382679
23,37766595,382702
23,38155690,382721
23,38520497,382738
23,38915142,382752
23,39291035,382767
23,39682766,382778
23,40057088,382789
23,40413226,382801
23,40805798,382811
23,41171854,382822
23,41558714,382836
23,41930624,382849
23,42287944,382866
23,42661196,382886
23,43015615,382912
23,43370731,382944
23,43764063,382978
23,44154344,383013
23,44517609,383056
23,44912224,383098
23,45311097,383130
23,45681675,383159
23,46034339,383182
23,46393036,383198
23,46764210,383209
23,47118340,383212
23,47515750,383212
23,47868072,383203
23,48245997,383192
23,48639196,383175
23,48992096,383160
23,49374768,383139
23,49788671,383121
23,50198332,383105
23,50563453,383091
23,50955622,383076
23,51355540,383070
23,51765186,383061
23,52118050,383059
23,52496638,383056
23,52870437,383054
23,53268209,383053
23,53663227,383054
23,54058797,383054
23,54432345,383054
23,54786102,383056
23,55150943,383056
23,55517788,383055
23,55910600,383053
23,56267321,383053
23,56662263,383051
23,57055432,383048
23,57411145,383044
23,57764899,383044
23,58118232,383040
23,58514021,383038
23,58868713,383034
23,59254404,383035
23,59671271,383031
23,60055934,383028
23,60413675,383028
23,60792344,383027
23,61199047,383025
23,61557046,383023
23,61915684,383022
23,62308809,383021
23,62681630,383021
23,63034807,383020
23,63389775,383020
23,63744131,383019
23,64133285,383019
23,64517158,383017
23,64890369,383016
23,65247371,383015
23,65640238,383015
23,65991721,383013
23,66368613,383013
23,66745309,383012
23,67117674,383011
23,67518849,383010
23,67887767,383009
23,68266360,383008
23,68659177,383007
23,69012052,383006
23,69391562,383005
23,69784206,383004
23,70168112,383003
23,70556555,383002
23,70908458,383002
23,71264631,383000
23,71639131,382999
23,71991735,382999
23,72374161,382998
23,72764800,382998
23,73116837,382998
23,73538503,382997
23,73943838,382997
23,74310829,382997
23,74704399,382997
23,75081052,382997
23,75477816,382997
23,75892164,382997
23,76289641,382997
23,76663205,382997
24,731965,582983
24,1114591,582546
24,1514330,581934
24,1887083,581451
24,2242293,580792
24,2616274,579700
24,3010526,578717
24,3366749,577667
24,3738848,576138
24,4143362,574408
24,4553335,572823
24,4905054,571056
24,5260600,569105
24,5614323,566968
24,5987568,564357
24,6364549,561912
24,6760204,559303
24,7112888,556192
24,7515463,553351
24,7907226,549783
24,8266015,546465
24,8639675,543013
24,9012776,539493
24,9368333,535330
24,9763046,531366
24,10147847,526610
24,10535545,522493
24,10906724,518226
24,11262757,513575
24,11616500,508779
24,11988817,503464
24,12368426,498437
24,12762949,492298
24,13145456,487164
24,13513490,480919
24,13907966,475332
24,14284543,470632
24,14678048,466158
24,15034652,460950
24,15408499,456567
24,15763342,452400
24,16144783,446851
24,16531451,442538
24,16884620,438658
24,17240908,434313
24,17614269,429667
24,17988284,426205
24,18370419,422543
24,18763978,418371
24,19146674,414750
24,19536560,411680
24,19931973,408247
24,20327718,405029
24,20726954,402007
24,21146971,399210
24,21567809,396740
24,21973244,394473
24,22369251,392335
24,22759435,390656
24,23115995,389175
24,23515184,387647
24,23908875,386457
24,24263171,385504
24,24614002,384663
24,24988212,383863
24,25370493,383383
24,25761646,383053
24,26113492,382835
24,26492957,382801
24,26866282,382789
24,27242860,382300
24,27638296,381990
24,28030783,381984
24,28409790,381836
24,28804906,381750
24,29191458,381805
24,29587364,381815
24,29956163,381870
24,30353414,381978
24,30764028,382050
24,31184522,382160
24,31577763,382219
24,31976117,382283
24,32366078,382325
24,32759902,382352
24,33130220,382393
24,33514169,382419
24,33888129,382448
24,34245001,382482
24,34638883,382501
24,35011135,382524
24,35369622,382544
24,35763568,382563
24,36147459,382586
24,36535314,382607
24,36929198,382630
24,37305900,382652
24,37679441,382671
24,38030006,382688
24,38389004,382705
24,38783042,382722
24,39164712,382738
24,39576461,382753
24,39973939,382768
24,40390494,382785
24,40802123,382796
24,41162486,382811
24,41552135,382820
24,41936152,382837
24,42329996,382856
24,42699846,382880
24,43098400,382911
24,43471301,382948
24,43867274,382984
24,44262914,383030
24,44796372,383090
24,45359122,383144
24,45877973,383181
24,46367757,383202
24,46834482,383214
24,47323726,383214
24,47773777,383204
24,48171180,383193
24,48522599,383177
24,48870163,383161
24,49308697,383136
24,49768435,383115
24,50227393,383094
24,50687657,383079
24,51162561,383068
24,51646380,383061
24,52133651,383058
24,52533449,383053
24,52876199,383054
24,53321353,383054
24,53783049,383054
24,54211063,383055
24,54575612,383057
24,55054442,383052
24,55468977,383049
24,55886415,383050
24,56283275,383045
24,56651039,383044
24,57010129,383042
24,57390678,383040
24,57780628,383038
24,58172955,383036
24,58552866,383033
24,58905941,383031
24,59285966,383029
24,59677937,383027
24,60051997,383025
24,60407657,383023
24,60780068,383023
24,61145468,383022
24,61530993,383020
24,61884894,383019
24,62243946,383019
24,62616929,383019
24,63012757,383017
24,63389886,383016
24,63782805,383014
24,64148702,383013
24,64533163,383013
24,64903449,383012
24,65264872,383010
24,65632840,383009
24,65988298,383009
24,66369043,383008
24,66761448,383007
24,67115292,383006
24,67510926,383006
24,67882881,383006
24,68243865,383006
24,68636328,383006
24,69007131,383005
24,69366384,383004
24,69742442,383004
24,70143265,383002
24,70533056,383001
24,70884149,383001
24,71262459,383000
24,71614445,383000
24,71999867,382999
24,72389092,382998
24,72781109,382998
24,73167372,382997
24,73556108,382997
24,73930326,382997
24,74325716,382996
24,74704867,382996
24,75095400,382996
24,75512908,382995
24,75864688,382995
24,76241098,382995
24,76635061,382995
24,76989435,382995
24,77370665,382994
24,77763257,382993
24,78116218,382993
24,78539053,382993
25,729183,582988
25,1112232,582550
25,1506719,581868
25,1902210,581306
25,2301266,580417
25,2715841,579283
25,3131653,578155
25,3525165,576957
25,3902918,575266
25,4305443,573752
25,4672232,571842
25,5069004,569673
25,5482553,567588
25,5839610,565016
25,6257885,562259
25,6650113,559682
25,7009314,556972
25,7402820,553758
25,7780688,550691
25,8153892,546933
25,8546698,542993
25,8953342,539483
25,9318361,535319
25,9732764,531350
25,10111650,526603
25,10506576,521903
25,10901408,517582
25,11297566,512203
25,11690876,506795
25,12089166,501397
25,12482989,496164
25,12858142,490815
25,13214743,484930
25,13629935,479255
25,13994958,473446
25,14380975,469488
25,14753621,464692
25,15111383,458955
25,15507858,454860
25,15881072,449658
25,16298508,444273
25,16692377,440375
25,17070012,435603
25,17462913,430744
25,17903266,426693
25,18327067,422545
25,18692497,418364
25,19088230,415177
25,19462063,412117
25,19814179,409081
25,20191564,405782
25,20586319,403115
25,20938571,400231
25,21359677,397618
25,21753551,395585
25,22133048,393377
25,22526537,391345
25,22939081,389571
25,23339322,388201
25,23712235,386927
25,24066498,385754
25,24473434,384888
25,24858045,384030
25,25254013,383502
25,25606464,383126
25,25977262,382851
25,26363913,382787
25,26734527,382833
25,27113323,382449
25,27507643,382024
25,27903738,381981
25,28304008,381890
25,28671633,381770
25,29070549,381778
25,29443002,381820
25,29837829,381868
25,30213406,381970
25,30614837,382049
25,31008707,382155
25,31402866,382234
25,31799063,382295
25,32217815,382340
25,32610840,382370
25,33012099,382404
25,33402896,382432
25,33801681,382458
25,34216678,382478
25,34608867,382503
25,35008447,382524
25,35401291,382540
25,35774421,382561
25,36153167,382584
25,36550192,382608
25,36978366,382628
25,37343892,382650
25,37734401,382671
25,38132982,382688
25,38506913,382708
25,38922711,382724
25,39319386,382738
25,39693708,382754
25,40090398,382769
25,40507706,382784
25,40901455,382795
25,41303763,382807
25,41693227,382819
25,42090651,382833
25,42504364,382846
25,42869958,382866
25,43258764,382888
25,43632159,382922
25,44031906,382957
25,44405369,382999
25,44801983,383047
25,45214237,383090
25,45608911,383127
25,45972239,383158
25,46358228,383185
25,46732901,383203
25,47109820,383215
25,47529377,383218
25,47960217,383215
25,48361956,383204
25,48742768,383191
25,49125617,383171
25,49514045,383153
25,49910751,383133
25,50320812,383118
25,50707186,383102
25,51088665,383091
25,51455206,383081
25,51807971,383073
25,52186299,383065
25,52548324,383062
25,52885545,383058
25,53214955,383057
25,53552759,383055
25,53894618,383054
25,54264488,383053
25,54607002,383054
25,55041388,383054
25,55440860,383054
25,55802441,383054
25,56152149,383054
25,56507744,383053
25,56854572,383051
25,57210185,383049
25,57581315,383045
25,57912752,383044
25,58306212,383044
25,58732402,383038
25,59175792,383037
25,59601996,383032
25,60007608,383031
25,60445932,383028
25,60820721,383027
25,61172038,383025
25,61503941,383025
25,61830673,383022
25,62185685,383021
25,62501476,383021
25,62829574,383020
25,63162303,383020
25,63475858,383019
25,63807041,383018
25,64124789,383016
25,64473272,383015
25,64784026,383013
25,65099302,383013
25,65409908,383013
25,65720686,383011
25,66079097,383011
25,66440860,383010
25,66804870,383009
25,67151465,383007
25,67504907,383006
25,67856163,383006
25,68211915,383006
25,68537819,383005
25,68847463,383005
25,69191412,383005
25,69542902,383004
25,69876098,383004
25,70220010,383002
25,70545597,383002
25,70885790,383002
25,71209123,383001
25,71560067,383001
25,71887593,383000
25,72214652,382998
25,72591491,382998
25,72953565,382998
25,73308883,382997
25,73644562,382996
25,74021124,382996
25,74376365,382996
25,74788281,382996
25,75157606,382994
25,75507909,382994
25,75851325,382994
25,76170471,382994
25,76531087,382993
25,76878977,382993
25,77231800,382994
26,712611,582986
26,1096829,582551
26,1516021,581870
26,1910598,581386
26,2286312,580552
26,2680824,579566
26,3053811,578583
26,3412153,577315
26,3804205,575924
26,4188168,574214
26,4597438,572329
26,4991604,570501
26,5389927,568225
26,5783962,565690
26,6400313,561540
26,6788544,558940
26,7197994,555805
26,7560060,552472
26,7954291,549318
26,8322083,545986
26,8674296,542499
26,9028998,538980
26,9397969,535329
26,9771868,530768
26,10150402,526606
26,10520271,522488
26,10871158,518219
26,11223950,513573
26,11580170,508783
26,12005460,503465
26,12524029,496151
26,12882229,490808
26,13303230,484921
26,13642631,479245
26,13989396,474039
26,14341604,470065
26,14702382,465421
26,15083003,460257
26,15426406,456006
26,15764744,452367
26,16111819,446804
26,16502642,442540
26,16884640,438677
26,17276143,433714
26,17619539,429697
26,17971042,426709
26,18326110,423091
26,18662219,419365
26,19021317,416078
26,19379676,413000
26,19731543,409940
26,20100188,406586
26,20469035,404256
26,20811949,401658
26,21189045,398878
26,21562789,396737
26,21945606,394760
26,22299394,392855
26,22686223,390881
26,23075649,389379
26,23431528,387833
26,23832838,386603
26,24198334,385627
26,24543675,384778
26,24906345,384034
26,25278285,383502
26,25646121,383101
26,26018850,382872
26,26403395,382793
26,26769471,382843
26,27109180,382524
26,27488925,382024
26,27880284,381985
26,28231616,381949
26,28618943,381780
26,28958217,381748
26,29318570,381828
26,29691559,381837
26,30063746,381916
26,30418727,382024
26,30796122,382087
26,31161100,382198
26,31547683,382257
26,31931396,382315
26,32330125,382357
26,32703971,382378
26,33099027,382402
26,33515930,382431
26,33909632,382449
26,34306019,382480
26,34700951,382498
26,35098704,382519
26,35471395,382540
26,35867661,382561
26,36253285,382585
26,36638591,382609
26,37031648,382625
26,37413700,382647
26,37828511,382667
26,38222956,382687
26,38639369,382706
26,39033600,382722
26,39411451,382738
26,39806364,382752
26,40202945,382772
26,40580350,382784
26,40965386,382795
26,41349500,382810
26,41765096,382819
26,42170491,382831
26,42533144,382845
26,42929460,382858
26,43307736,382880
26,43700709,382905
26,44100818,382938
26,44513049,382971
26,44886403,383010
26,45305798,383051
26,45698813,383085
26,46053247,383118
26,46428858,383154
26,46823916,383179
26,47186050,383196
26,47553224,383210
26,47906520,383216
26,48266868,383219
26,48660527,383211
26,49034976,383200
26,49455658,383185
26,49847228,383166
26,50265084,383145
26,50656229,383126
26,51009726,383110
26,51390946,383094
26,51780790,383081
26,52148450,383072
26,52514661,383063
26,52907606,383059
26,53307344,383054
26,53700458,383052
26,54098996,383052
26,54492698,383052
26,54888091,383052
26,55262536,383052
26,55658359,383054
26,56052079,383054
26,56408297,383052
26,56802484,383052
26,57166457,383052
26,57537389,383049
26,57929188,383047
26,58306088,383044
26,58700280,383043
26,59078767,383039
26,59476475,383038
26,59887177,383034
26,60286410,383031
26,60659998,383029
26,61065745,383028
26,61432942,383027
26,61826080,383024
26,62221998,383023
26,62616463,383022
26,62990247,383021
26,63366582,383020
26,63760738,383019
26,64149322,383018
26,64534655,383015
26,64909567,383015
26,65305449,383013
26,65709466,383013
26,66094582,383012
26,66491072,383012
26,66884961,383010
26,67241505,383010
26,67614896,383009
26,67989959,383009
26,68387068,383008
26,68781700,383006
26,69146718,383006
26,69531822,383005
26,69905870,383005
26,70286111,383005
26,70678322,383004
26,71031723,383004
26,71410412,383003
26,71803151,383003
26,72166887,383002
26,72532754,383001
26,72885311,383001
26,73241747,383001
26,73614252,382998
26,74010624,382998
26,74393467,382998
26,74784730,382997
26,75200692,382996
26,75596855,382996
26,75992931,382996
26,76390700,382996
26,76784606,382996
26,77185339,382996
26,77554300,382996
26,77951330,382996
26,78331014,382996
26,78725884,382996
27,690435,582985
27,1076508,582550
27,1469820,581942
27,1855023,581383
27,2242618,580674
27,2616151,579561
27,3015424,578584
27,3407731,577334
27,3800962,575669
27,4200318,573946
27,4593820,572353
27,4971975,570226
27,5364271,568169
27,5719505,565992
27,6117739,563338
27,6512070,560424
27,6925459,557751
27,7282549,554610
27,7660892,551605
27,8034876,548374
27,8407141,544520
27,8807843,541003
27,9180056,536923
27,9573791,532516
27,9980975,528401
27,10368484,523658
27,10759122,519489
27,11116032,514244
27,11510677,509447
27,11873005,504811
27,12261343,499189
27,12655601,493810
27,13011256,487901
27,13407399,482563
27,13780098,476814
27,14136345,471755
27,14552438,467571
27,14914532,461671
27,15309259,456581
27,15720231,451676
27,16117738,446776
27,16513336,441998
27,16908158,437460
27,17308387,432478
27,17697536,428678
27,18074498,424685
27,18467559,420922
27,18856914,416982
27,19241961,413880
27,19615078,410385
27,20013585,407425
27,20405978,404272
27,20803838,401314
27,21201062,398563
27,21593212,396450
27,21949686,394484
27,22342810,392599
27,22695820,390663
27,23095392,388989
27,23510472,387654
27,23874250,386312
27,24280979,385390
27,24634402,384562
27,25011676,383788
27,25405034,383340
27,25761169,383024
27,26121710,382815
27,26533144,382822
27,26930266,382645
27,27346175,382117
27,27740832,381999
27,28118780,381974
27,28511273,381810
27,28891802,381783
27,29282786,381854
27,29658605,381889
27,30059269,382012
27,30473450,382080
27,30876692,382150
27,31242167,382229
27,31648130,382264
27,32013913,382319
27,32407118,382345
27,32780235,382366
27,33136525,382396
27,33533560,382417
27,33922142,382442
27,34302498,382469
27,34658755,382487
27,35035869,382516
27,35431918,382539
27,35852425,382564
27,36238669,382584
27,36615020,382600
27,36974684,382618
27,37363753,382633
27,37739510,382647
27,38096630,382667
27,38511975,382685
27,38908811,382704
27,39286044,382729
27,39677780,382746
27,40096251,382763
27,40511406,382779
27,40908315,382792
27,41308483,382804
27,41699420,382817
27,42095501,382831
27,42488815,382844
27,42855796,382859
27,43224902,382879
27,43614795,382901
27,43969648,382927
27,44343160,382959
27,44696079,382992
27,45074047,383033
27,45468078,383069
27,45821918,383110
27,46238749,383141
27,46593976,383171
27,47012687,383192
27,47406437,383205
27,47758408,383212
27,48119698,383213
27,48512299,383208
27,48909419,383197
27,49302371,383181
27,49719961,383162
27,50120177,383146
27,50524822,383125
27,50895092,383108
27,51260945,383092
27,51658143,383080
27,52038072,383069
27,52433715,383062
27,52856383,383056
27,53263697,383052
27,53658652,383051
27,54058284,383050
27,54447355,383050
27,54820023,383050
27,55220530,383052
27,55615035,383052
27,56021104,383052
27,56430335,383052
27,56822969,383053
27,57220250,383052
27,57594800,383050
27,57969023,383048
27,58323201,383045
27,58727766,383044
27,59117932,383039
27,59512105,383038
27,59909822,383036
27,60322276,383033
27,60720609,383031
27,61114160,383028
27,61491832,383028
27,61890415,383027
27,62260338,383025
27,62614720,383024
27,62970641,383023
27,63342704,383022
27,63695848,383022
27,64074580,383020
27,64469707,383019
27,64874001,383018
27,65240565,383017
27,65591436,383013
27,65948455,383014
27,66342510,383014
27,66715826,383013
27,67073166,383013
27,67467702,383012
27,67851904,383011
27,68238190,383010
27,68612551,383009
27,68970725,383008
27,69362277,383006
27,69737310,383007
27,70121994,383006
27,70509998,383005
27,70873873,383004
27,71262450,383004
27,71636963,383003
27,72033011,383002
27,72410693,383001
27,72804956,383001
27,73177088,383000
27,73536595,383000
27,73928100,382999
27,74342346,382999
27,74697007,382999
27,75074339,382998
27,75467831,382997
27,75821198,382997
27,76221119,382997
27,76614533,382996
27,77012792,382996
27,77408523,382996
27,77800137,382996
27,78198212,382995
27,78593050,382994
27,78948989,382994
27,79321751,382993
27,79718451,382993
27,80072998,382993
27,80455895,382993
28,779048,582987
28,1137983,582638
28,1513172,582021
28,1892638,581463
28,2285969,580684
28,2682753,579714
28,3060645,578602
28,3469234,577344
28,3869335,575883
28,4241396,574379
28,4593784,572618
28,4993400,570781
28,5388163,568467
28,5785191,566010
28,6178623,563697
28,6531968,561173
28,6888433,558512
28,7263389,555410
28,7665148,552039
28,8056600,548836
28,8435129,545015
28,8831741,541502
28,9241797,537438
28,9627351,533089
28,10011605,529003
28,10389518,524245
28,10785909,519481
28,11178207,514932
28,11532849,510132
28,11910945,505476
28,12303151,499948
28,12681085,493828
28,13119548,487908
28,13490173,482569
28,13871953,476092
28,14264267,471767
28,14665699,466846
28,15034657,460940
28,15431062,456569
28,15811741,451627
28,16202902,446064
28,16627500,441970
28,16991135,438026
28,17344108,433049
28,17745050,429159
28,18116391,425175
28,18511483,421433
28,18889874,417420
28,19282784,414299
28,19647790,410818
28,20036353,407852
28,20407348,405052
28,20784353,402050
28,21159023,399583
28,21553225,397344
28,21915002,395045
28,22304022,393137
28,22665469,391367
28,23037003,389591
28,23431212,388030
28,23832675,386773
28,24201859,385637
28,24643523,384673
28,25035163,383869
28,25430948,383336
28,25843544,382971
28,26243103,382808
28,26627355,382824
28,27014889,382653
28,27411106,382168
28,27806389,381982
28,28206218,381970
28,28594612,381779
28,28994909,381755
28,29366687,381841
28,29723145,381864
28,30095623,381971
28,30494330,382064
28,30888572,382142
28,31281907,382229
28,31645890,382285
28,32032172,382337
28,32385572,382377
28,32742988,382404
28,33116222,382423
28,33469947,382444
28,33848741,382457
28,34242824,382482
28,34648688,382496
28,35014137,382522
28,35407986,382543
28,35808298,382562
28,36181602,382575
28,36580078,382602
28,36990697,382615
28,37347241,382635
28,37722802,382650
28,38135332,382669
28,38490150,382683
28,38850158,382704
28,39241923,382718
28,39625729,382738
28,40017457,382749
28,40387366,382766
28,40785761,382778
28,41159664,382794
28,41552488,382804
28,41930894,382818
28,42327091,382831
28,42722497,382846
28,43095480,382862
28,43468964,382886
28,43869245,382914
28,44262353,382949
28,44645361,382987
28,45036082,383026
28,45410144,383068
28,45807172,383111
28,46205379,383140
28,46596464,383174
28,46991550,383193
28,47346964,383209
28,47743155,383215
28,48116175,383218
28,48468385,383212
28,48849549,383202
28,49232879,383188
28,49595808,383170
28,50001552,383152
28,50391578,383132
28,50763895,383112
28,51137149,383099
28,51490721,383084
28,51846172,383072
28,52239588,383064
28,52625378,383058
28,53012565,383053
28,53386617,383053
28,53742080,383052
28,54136027,383052
28,54489459,383052
28,54871783,383053
28,55264327,383056
28,55651836,383056
28,56036665,383056
28,56409586,383056
28,56807280,383056
28,57182644,383054
28,57578372,383051
28,57950260,383050
28,58347144,383046
28,58722321,383044
28,59116750,383040
28,59513307,383039
28,59890647,383034
28,60305321,383032
28,60705573,383028
28,61118080,383028
28,61510751,383027
28,61890961,383025
28,62281467,383024
28,62644807,383024
28,63014280,383023
28,63408831,383022
28,63806810,383020
28,64184044,383020
28,64557283,383018
28,64954808,383018
28,65365130,383016
28,65723632,383014
28,66117270,383012
28,66491143,383013
28,66888190,383012
28,67284160,383011
28,67664741,383009
28,68033204,383009
28,68427763,383009
28,68806593,383005
28,69204871,383005
28,69628600,383005
28,70015521,383005
28,70389166,383003
28,70786329,383003
28,71158992,383001
28,71554787,383001
28,71932843,383001
28,72328770,382999
28,72741930,382998
28,73136193,382999
28,73521997,382998
28,73909748,382997
28,74312722,382997
28,74700911,382997
28,75093056,382997
28,75471404,382996
28,75867742,382996
28,76260752,382996
28,76629642,382996
28,76994593,382996
28,77389145,382995
29,723124,582984
29,1122952,582551
29,1548190,581870
29,1934440,581389
29,2309605,580557
29,2705975,579440
29,3147446,578334
29,3525223,577141
29,3912647,575445
29,4307847,573778
29,4705214,571859
29,5101861,569920
29,5525241,567269
29,5913013,565054
29,6308080,562255
29,6705151,559276
29,7119611,556207
29,7524617,552915
29,7911562,549759
29,8306007,545976
29,8684277,542500
29,9056615,538966
29,9409695,535314
29,9765189,531357
29,10139894,527208
29,10493516,522490
29,10893567,518228
29,11266575,512913
29,11664965,508131
29,12036269,503490
29,12409559,497715
29,12789528,492328
29,13162015,486442
29,13563498,480959
29,13954653,474705
29,14332875,470058
29,14725905,465368
29,15140364,459561
29,15523713,454804
29,15912453,449493
29,16306228,444770
29,16685998,440318
29,17077674,436150
29,17452314,431836
29,17811178,427652
29,18205714,424121
29,18600507,419848
29,18995916,416061
29,19409478,412993
29,19767008,409529
29,20162547,406615
29,20581453,403157
29,21030733,400281
29,21391021,397960
29,21789922,395617
29,22163259,393414
29,22590581,391376
29,22978528,389597
29,23391080,388036
29,23790598,386777
29,24163318,385637
29,24580367,384670
29,24979436,383865
29,25371118,383390
29,25747748,383003
29,26142693,382796
29,26524772,382793
29,26912558,382744
29,27307216,382204
29,27704383,381967
29,28102354,381967
29,28525670,381777
29,28916638,381732
29,29286260,381818
29,29642189,381852
29,30037055,381951
29,30413079,382059
29,30813649,382131
29,31202275,382235
29,31580016,382286
29,31955690,382352
29,32346263,382397
29,32702903,382428
29,33096671,382460
29,33471708,382490
29,33900765,382510
29,34309429,382531
29,34705409,382545
29,35102049,382558
29,35493757,382574
29,35891585,382586
29,36286845,382602
29,36662342,382618
29,37058231,382632
29,37432598,382647
29,37830274,382664
29,38228646,382679
29,38622646,382697
29,39016936,382711
29,39410365,382726
29,39765966,382742
29,40141356,382754
29,40548024,382766
29,40909839,382780
29,41262279,382791
29,41619533,382803
29,42014176,382814
29,42386949,382823
29,42742817,382836
29,43118576,382854
29,43523128,382875
29,43930550,382897
29,44283385,382928
29,44643609,382968
29,45066705,383014
29,45453407,383054
29,45817492,383092
29,46204994,383129
29,46602228,383165
29,46995241,383189
29,47413893,383205
29,47810419,383213
29,48203858,383213
29,48599469,383206
29,48993992,383195
29,49369434,383179
29,49745858,383158
29,50118542,383141
29,50493497,383122
29,50896996,383105
29,51308110,383089
29,51705488,383077
29,52098253,383066
29,52458465,383060
29,52826936,383055
29,53182649,383052
29,53563499,383049
29,53952414,383048
29,54304646,383049
29,54683433,383049
29,55077024,383049
29,55431002,383051
29,55812167,383052
29,56204513,383052
29,56584057,383050
29,56978780,383048
29,57390933,383048
29,57810287,383046
29,58202099,383043
29,58577588,383041
29,58975043,383037
29,59390896,383037
29,59810233,383034
29,60204283,383031
29,60604269,383028
29,60994618,383028
29,61367030,383028
29,61747919,383025
29,62142313,383025
29,62524305,383024
29,62913599,383024
29,63305580,383021
29,63683250,383021
29,64058197,383020
29,64453390,383019
29,64849372,383018
29,65245016,383016
29,65642810,383015
29,66036330,383014
29,66390371,383014
29,66768737,383013
29,67162216,383013
29,67546499,383011
29,67932884,383011
29,68328196,383009
29,68709287,383009
29,69103155,383006
29,69516121,383006
29,69912988,383006
29,70306536,383006
29,70672926,383005
29,71057048,383005
29,71452560,383005
29,71827950,383005
29,72221705,383003
29,72599423,383001
29,72993634,383001
29,73437224,383000
29,73829236,382999
29,74224401,382998
29,74641669,382998
29,75033836,382998
29,75407129,382997
29,75767266,382996
29,76140260,382996
29,76491774,382996
29,76892645,382996
29,77264282,382996
29,77623308,382995
29,78016090,382995
29,78407786,382995
29,78789194,382995
29,79182693,382994
29,79561916,382994
30,660648,582986
30,1046472,582640
30,1398719,582109
30,1755767,581615
30,2088998,581045
30,2441446,580161
30,2772024,579181
30,3152154,578205
30,3509741,576960
30,3879832,575458
30,4238300,573997
30,4592102,572392
30,4947116,570503
30,5298881,568472
30,5652907,566341
30,6013677,564046
30,6386614,561530
30,6740978,558891
30,7098089,556201
30,7447138,553337
30,7828830,550198
30,8200088,546437
30,8594985,542990
30,8949833,539455
30,9324189,535296
30,9699425,531339
30,10080220,527192
30,10432984,523066
30,10822421,518220
30,11199058,513578
30,11550967,508792
30,11934495,504157
30,12325294,498455
30,12706463,493075
30,13067670,487186
30,13462148,480957
30,13881203,474698
30,14272975,470063
30,14700641,464651
30,15093315,459582
30,15483414,454840
30,15896602,449569
30,16295985,444202
30,16690409,439777
30,17090409,435523
30,17461585,430689
30,17864079,427150
30,18254362,423033
30,18627213,419324
30,19025093,415605
30,19419146,412078
30,19833565,408650
30,20214564,405803
30,20608244,402736
30,21006964,399900
30,21404796,397345
30,21793916,395312
30,22170980,393120
30,22564620,391369
30,22940627,389588
30,23336642,388212
30,23710066,386776
30,24115787,385768
30,24512167,384783
30,24897064,383952
30,25298035,383393
30,25711531,383021
30,26119525,382814
30,26514725,382794
30,26899530,382700
30,27296635,382175
30,27692624,381986
30,28085035,381969
30,28471779,381800
30,28869104,381758
30,29235093,381823
30,29651327,381824
30,30050555,381927
30,30442188,382016
30,30832947,382111
30,31234743,382218
30,31630180,382281
30,32028904,382357
30,32421593,382405
30,32828605,382439
30,33215490,382472
30,33608609,382506
30,34006614,382533
30,34404019,382557
30,34829368,382576
30,35222773,382592
30,35595301,382606
30,35986991,382617
30,36359432,382630
30,36753022,382643
30,37160978,382653
30,37566366,382666
30,37948951,382676
30,38340548,382690
30,38712538,382704
30,39114602,382719
30,39505993,382730
30,39893653,382740
30,40264848,382753
30,40652099,382767
30,41048122,382781
30,41419733,382792
30,41828269,382804
30,42193780,382818
30,42588008,382829
30,42963504,382846
30,43357980,382862
30,43733117,382889
30,44129768,382923
30,44524401,382960
30,44921306,383007
30,45316021,383053
30,45711497,383093
30,46108612,383131
30,46504433,383168
30,46901357,383189
30,47294328,383207
30,47669635,383215
30,48073035,383217
30,48465798,383211
30,48847398,383201
30,49215458,383183
30,49609792,383164
30,50028714,383142
30,50423401,383126
30,50829090,383106
30,51193571,383094
30,51567305,383077
30,51965932,383070
30,52357345,383060
30,52732957,383057
30,53129956,383051
30,53507499,383052
30,53942103,383051
30,54314766,383051
30,54732578,383051
30,55151421,383052
30,55544420,383053
30,55942535,383054
30,56313777,383053
30,56710637,383053
30,57110225,383050
30,57504750,383049
30,57900739,383045
30,58315791,383045
30,58710277,383042
30,59111819,383039
30,59503544,383037
30,59902549,383036
30,60317704,383033
30,60712789,383030
30,61112668,383029
30,61503637,383028
30,61907230,383027
30,62278402,383024
30,62684384,383024
30,63073186,383022
30,63464342,383020
30,63847187,383020
30,64214306,383018
30,64606949,383017
30,65015769,383015
30,65380570,383015
30,65772686,383014
30,66191861,383012
30,66565396,383012
30,66962464,383011
30,67357768,383011
30,67731634,383010
30,68129138,383010
30,68509169,383007
30,68881989,383007
30,69273158,383006
30,69669472,383006
30,70055695,383006
30,70446567,383005
30,70851477,383004
30,71217009,383003
30,71608713,383002
30,72008783,383002
30,72405653,383001
30,72805750,383001
30,73171814,383000
30,73565071,382999
30,73942748,382998
30,74335683,382998
30,74733578,382997
30,75151155,382997
30,75565193,382996
30,75963990,382996
30,76337723,382996
30,76732436,382995
30,77129868,382995
30,77507330,382996
30,78016174,382996
30,78515902,382995
30,79033854,382995
31,734676,582986
31,1115994,582638
31,1495298,581951
31,1888230,581476
31,2284325,580699
31,2662090,579732
31,3033931,578623
31,3439385,577364
31,3829572,575909
31,4205132,574192
31,4604686,572629
31,4970026,570792
31,5327820,568772
31,5699912,566325
31,6099368,563694
31,6512247,560800
31,6929666,557746
31,7305160,554998
31,7701508,551583
31,8099313,547884
31,8513160,544011
31,8909592,540487
31,9303445,536378
31,9681233,531935
31,10096640,527208
31,10492496,523070
31,10887135,518221
31,11272286,513591
31,11639741,508130
31,12033355,502789
31,12438409,497704
31,12826247,491563
31,13220100,485674
31,13617649,480102
31,13990279,474046
31,14400948,470042
31,14762967,464616
31,15156683,459551
31,15513380,455409
31,15905669,450257
31,16283480,444792
31,16681538,440843
31,17052539,436747
31,17416689,431781
31,17826926,427597
31,18224526,423548
31,18638469,419819
31,19030395,416036
31,19396588,412952
31,19783694,409512
31,20178523,406223
31,20598637,403136
31,20991527,400620
31,21396717,397971
31,21788127,395614
31,22179072,393408
31,22597241,391381
31,22988912,389802
31,23366541,388225
31,23767222,386788
31,24179110,385644
31,24577021,384782
31,24975612,383951
31,25363108,383384
31,25763876,383008
31,26178487,382795
31,26556593,382789
31,26928183,382747
31,27280162,382301
31,27659282,381986
31,28053341,381968
31,28414939,381865
31,28803492,381766
31,29200016,381792
31,29601414,381844
31,29991416,381919
31,30396370,382018
31,30789927,382116
31,31178301,382206
31,31566056,382277
31,31950102,382339
31,32349326,382382
31,32721994,382423
31,33117163,382460
31,33492362,382490
31,33887536,382511
31,34259590,382533
31,34618574,382553
31,35033670,382582
31,35437013,382602
31,35837074,382623
31,36201214,382641
31,36601855,382659
31,36993513,382677
31,37398030,382691
31,37781862,382700
31,38136972,382708
31,38514599,382717
31,38905291,382726
31,39282840,382736
31,39700954,382745
31,40099877,382757
31,40492913,382767
31,40885045,382779
31,41259252,382791
31,41617284,382799
31,41990559,382811
31,42363521,382823
31,42764138,382836
31,43158448,382851
31,43537894,382870
31,43929560,382905
31,44325139,382939
31,44704328,382988
31,45099070,383033
31,45492400,383077
31,45887890,383122
31,46303609,383158
31,46702176,383187
31,47100300,383203
31,47513479,383214
31,47885775,383216
31,48239524,383210
31,48638647,383197
31,49010820,383181
31,49363483,383163
31,49762076,383144
31,50116008,383126
31,50492195,383108
31,50887273,383096
31,51260343,383083
31,51616017,383072
31,52010656,383067
31,52395119,383060
31,52784395,383058
31,53160212,383054
31,53555107,383053
31,53928330,383053
31,54283856,383053
31,54680303,383053
31,55053177,383053
31,55415843,383053
31,55804277,383053
31,56209998,383053
31,56580675,383051
31,56953335,383049
31,57345400,383045
31,57761281,383044
31,58115622,383042
31,58513898,383038
31,58907053,383036
31,59302592,383034
31,59660289,383030
31,60052345,383029
31,60426207,383028
31,60782552,383027
31,61134535,383025
31,61491770,383024
31,61884707,383022
31,62259841,383022
31,62615872,383022
31,62988718,383020
31,63394856,383020
31,63802345,383019
31,64154812,383017
31,64513367,383017
31,64908085,383015
31,65302222,383013
31,65660591,383013
31,66054486,383012
31,66451657,383010
31,66830248,383009
31,67220216,383009
31,67640859,383009
31,68031171,383006
31,68414941,383005
31,68805943,383005
31,69199356,383005
31,69580309,383005
31,69952344,383005
31,70346458,383004
31,70721119,383004
31,71115686,383003
31,71491123,383003
31,71886075,383001
31,72280605,383001
31,72657316,383000
31,73053021,383000
31,73414953,383000
31,73802146,383000
31,74177509,383000
31,74553717,382999
31,74949033,382998
31,75322515,382998
31,75701163,382998
31,76099303,382998
31,76493633,382998
31,76887939,382998
31,77262817,382998
31,77659607,382998
31,78032735,382998
31,78440455,382998
31,78803465,382998
31,79199492,382998
31,79575862,382998
32,714817,582992
32,1100188,582637
32,1524763,581950
32,1888534,581397
32,2284676,580689
32,2660831,579576
32,3054145,578592
32,3426817,577512
32,3787158,575922
32,4179186,574397
32,4541112,572825
32,4931119,570784
32,5347178,568498
32,5764595,565997
32,6137646,563323
32,6540628,560813
32,6928331,557750
32,7282868,554987
32,7657979,552035
32,8030820,548832
32,8385312,545482
32,8742495,541493
32,9137409,537944
32,9545062,533633
32,9932218,528999
32,10327120,524245
32,10728450,519476
32,11135679,514933
32,11523626,509459
32,11911128,504808
32,12283007,499934
32,12640021,493813
32,13033444,488617
32,13428216,482552
32,13827382,476065
32,14225435,471179
32,14639811,466102
32,15031511,460915
32,15384164,456553
32,15764570,451657
32,16157046,446756
32,16541108,441922
32,16930106,437371
32,17324083,432990
32,17703306,428560
32,18141766,424608
32,18540870,420349
32,18928543,416925
32,19281574,413832
32,19638414,410816
32,20033365,407477
32,20428054,404708
32,20785428,401718
32,21179545,398954
32,21576395,396801
32,21954780,394521
32,22347595,392384
32,22762201,390698
32,23137872,389012
32,23541806,387500
32,23962930,386200
32,24345401,385170
32,24763783,384262
32,25158998,383662
32,25540034,383189
32,25930078,382912
32,26325736,382794
32,26722132,382827
32,27118876,382513
32,27521390,382044
32,27890364,381970
32,28262989,381892
32,28660280,381765
32,29051153,381756
32,29429256,381794
32,29846912,381827
32,30252896,381908
32,30624299,382011
32,31016285,382126
32,31407590,382213
32,31784560,382283
32,32179601,382336
32,32561845,382379
32,32951426,382417
32,33323917,382453
32,33680786,382485
32,34073936,382512
32,34430207,382534
32,34826279,382561
32,35219325,382584
32,35578547,382608
32,35970547,382630
32,36385312,382646
32,36746646,382661
32,37136929,382680
32,37541655,382698
32,37931680,382715
32,38325872,382729
32,38706350,382743
32,39095248,382756
32,39521554,382770
32,39910841,382778
32,40283570,382791
32,40681943,382799
32,41052935,382808
32,41406319,382818
32,41763374,382828
32,42156649,382838
32,42544264,382850
32,42935952,382864
32,43326273,382888
32,43728246,382921
32,44118291,382964
32,44524166,383002
32,44889824,383047
32,45283741,383085
32,45660409,383120
32,46056029,383148
32,46426962,383170
32,46784097,383184
32,47200440,383192
32,47580085,383194
32,47953649,383189
32,48324110,383176
32,48732534,383159
32,49139315,383142
32,49562079,383124
32,49951742,383107
32,50329386,383094
32,50726312,383078
32,51136110,383070
32,51487774,383060
32,51887953,383056
32,52259911,383052
32,52615118,383050
32,52988048,383049
32,53384482,383048
32,53745226,383048
32,54137235,383049
32,54553803,383050
32,54930853,383050
32,55324704,383050
32,55722298,383049
32,56115482,383048
32,56521054,383046
32,56927502,383045
32,57280329,383042
32,57638173,383040
32,58032091,383038
32,58427559,383035
32,58826569,383033
32,59224948,383029
32,59639820,383029
32,60033730,383028
32,60426677,383026
32,60806752,383024
32,61177229,383024
32,61539520,383022
32,61929329,383021
32,62324091,383020
32,62701900,383020
32,63077741,383019
32,63466217,383018
32,63886219,383016
32,64240581,383016
32,64638817,383015
32,65031894,383013
32,65407802,383012
32,65785124,383012
32,66179707,383011
32,66554564,383010
32,66949068,383009
32,67301166,383008
32,67659380,383007
32,68032149,383007
32,68383839,383006
32,68743356,383005
32,69138298,383005
32,69542938,383004
32,69929842,383003
32,70324466,383003
32,70705388,383001
32,71100748,383000
32,71522238,382999
32,71910606,382999
32,72281309,382999
32,72637045,382999
32,73031291,382998
32,73417765,382997
32,73805118,382997
32,74177115,382996
32,74542266,382996
32,74930200,382995
32,75326704,382995
32,75706063,382995
32,76079671,382994
32,76472461,382993
32,76889179,382993
32,77281738,382994
32,77659434,382993
32,78053109,382993
32,78430235,382993
33,740998,582984
33,1144406,582550
33,1547601,581875
33,1934291,581389
33,2308917,580549
33,2706505,579561
33,3083504,578429
33,3474236,577122
33,3870391,575690
33,4244870,573947
33,4642433,572298
33,5034381,570478
33,5392164,568180
33,5767362,565972
33,6161994,563283
33,6557707,560417
33,6953407,557738
33,7328266,554964
33,7689177,551571
33,8079072,548356
33,8456636,544490
33,8860714,540978
33,9221975,537428
33,9582243,533068
33,9970487,528988
33,10350354,524242
33,10743625,520096
33,11117637,514928
33,11526422,509453
33,11937219,504146
33,12351509,498447
33,12748224,492307
33,13162383,486418
33,13559629,480930
33,13951650,474681
33,14329318,470628
33,14703901,465372
33,15096991,460223
33,15459077,455986
33,15835404,450966
33,16229677,445437
33,16642926,440854
33,17035636,436773
33,17390456,432412
33,17769266,428123
33,18207627,424140
33,18609251,419882
33,18995683,416119
33,19411503,412607
33,19809161,409596
33,20181618,406731
33,20546000,403624
33,20934953,401035
33,21305510,398642
33,21660754,396508
33,22034579,394507
33,22408555,392355
33,22768502,390657
33,23162593,388967
33,23562873,387445
33,23954161,386286
33,24332913,385231
33,24729983,384307
33,25139933,383684
33,25515471,383185
33,25913152,382879
33,26330803,382766
33,26729199,382800
33,27137705,382500
33,27492145,382046
33,27895269,381980
33,28265759,381907
33,28662570,381800
33,29033856,381791
33,29388671,381837
33,29745073,381916
33,30158450,381998
33,30527426,382065
33,30910618,382138
33,31283784,382197
33,31640692,382250
33,32033499,382297
33,32409085,382331
33,32764336,382370
33,33116596,382407
33,33492374,382442
33,33895837,382480
33,34288352,382503
33,34663951,382534
33,35057267,382558
33,35432849,382581
33,35830589,382604
33,36201408,382622
33,36565660,382645
33,36956215,382661
33,37348170,382682
33,37747580,382699
33,38140756,382716
33,38548772,382732
33,38911667,382746
33,39307921,382759
33,39683543,382772
33,40078840,382782
33,40451211,382795
33,40809106,382807
33,41201023,382821
33,41579233,382841
33,41977925,382867
33,42398596,382902
33,42788158,382936
33,43160678,382979
33,43543278,383021
33,43931721,383065
33,44326449,383101
33,44683719,383129
33,45060422,383158
33,45453672,383175
33,45833743,383185
33,46227805,383189
33,46640985,383188
33,47035294,383179
33,47411136,383167
33,47767454,383152
33,48141165,383134
33,48546411,383115
33,48953978,383097
33,49353706,383081
33,49765689,383068
33,50169497,383059
33,50551694,383051
33,50955644,383047
33,51354656,383044
33,51766486,383043
33,52162170,383041
33,52546506,383041
33,52932447,383043
33,53284267,383043
33,53663501,383043
33,54061672,383045
33,54454431,383045
33,54865116,383045
33,55249501,383045
33,55698698,383043
33,56100669,383040
33,56493364,383039
33,56891832,383037
33,57285264,383035
33,57641926,383033
33,58032062,383031
33,58411297,383029
33,58765302,383029
33,59141156,383027
33,59544590,383025
33,59933540,383025
33,60307527,383024
33,60664619,383023
33,61032796,383023
33,61385152,383021
33,61746873,383021
33,62137716,383021
33,62520622,383020
33,62933443,383019
33,63327600,383018
33,63682169,383016
33,64056509,383015
33,64406592,383014
33,64763675,383013
33,65136075,383012
33,65487856,383011
33,65890150,383011
33,66243774,383009
33,66656083,383008
33,67037137,383008
33,67431449,383007
33,67785372,383006
33,68136181,383006
33,68489329,383005
33,68866170,383005
33,69240251,383005
33,69642218,383003
33,70035012,383003
33,70389603,383003
33,70764664,383002
33,71114909,383001
33,71489442,383001
33,71888264,383001
33,72239017,382999
33,72617688,382999
33,73011265,382998
33,73364735,382998
33,73742373,382998
33,74146817,382997
33,74542294,382997
33,74906480,382997
33,75259920,382997
33,75616750,382997
33,75989685,382995
33,76385092,382996
33,76742212,382995
33,77114000,382995
33,77524070,382995
34,737673,582994
34,1099693,582635
34,1492457,582017
34,1860494,581528
34,2225327,580798
34,2597542,579848
34,3039353,578566
34,3473796,577299
34,3871399,575686
34,4273065,573931
34,4665853,572280
34,5068239,570191
34,5436380,567861
34,5865073,565295
34,6268978,562554
34,6640277,560035
34,7017248,557347
34,7390302,554137
34,7786509,550664
34,8182003,547410
34,8578164,543489
34,8974835,539469
34,9390158,535308
34,9786105,530761
34,10182203,526617
34,10597517,521901
34,10997734,516934
34,11389386,512212
34,11744508,506781
34,12151572,502079
34,12540111,496155
34,12930074,490077
34,13326115,484155
34,13722625,478411
34,14106024,472870
34,14496920,468207
34,14898895,463092
34,15289479,457727
34,15688787,453011
34,16082959,448188
34,16455014,443104
34,16859215,439248
34,17225926,434312
34,17617680,430235
34,17999036,426261
34,18389736,422057
34,18784254,418477
34,19163099,414861
34,19575482,411312
34,19973519,407934
34,20369314,405138
34,20742154,402436
34,21100596,399930
34,21514825,397061
34,21934342,394748
34,22326810,392836
34,22721919,390862
34,23107046,389142
34,23498998,387791
34,23895151,386406
34,24289343,385318
34,24689332,384388
34,25081425,383737
34,25454586,383229
34,25857015,382935
34,26247132,382760
34,26639840,382786
34,27041341,382614
34,27415950,382098
34,27810563,381954
34,28182461,381917
34,28576859,381788
34,28998262,381771
34,29390551,381828
34,29785407,381915
34,30162232,381998
34,30559588,382062
34,30956166,382145
34,31347016,382207
34,31701849,382259
34,32077698,382316
34,32472011,382354
34,32827225,382398
34,33223977,382435
34,33601869,382466
34,34024714,382497
34,34415497,382521
34,34814026,382547
34,35224697,382564
34,35599517,382582
34,36001074,382597
34,36391443,382613
34,36786958,382629
34,37208480,382643
34,37582776,382654
34,37959009,382668
34,38349640,382682
34,38724060,382698
34,39123100,382713
34,39496312,382731
34,39900819,382747
34,40269311,382762
34,40662821,382784
34,41064974,382798
34,41432571,382817
34,41827587,382838
34,42249008,382864
34,42642038,382891
34,43019997,382927
34,43435953,382972
34,43828114,383009
34,44205734,383055
34,44598702,383093
34,45003016,383127
34,45394153,383159
34,45786728,383180
34,46187042,383196
34,46614489,383199
34,46982438,383200
34,47372442,383191
34,47787488,383179
34,48189334,383164
34,48559086,383145
34,48960197,383126
34,49372714,383108
34,49767464,383094
34,50166265,383080
34,50539186,383071
34,50926337,383059
34,51322928,383055
34,51726752,383051
34,52142915,383050
34,52536152,383047
34,52939982,383049
34,53306677,383050
34,53703832,383050
34,54100883,383049
34,54494966,383049
34,54900653,383050
34,55267381,383048
34,55661912,383047
34,56069484,383046
34,56435062,383044
34,56828754,383042
34,57209078,383040
34,57605799,383037
34,58000720,383035
34,58391290,383033
34,58786878,383030
34,59190968,383028
34,59557848,383028
34,59954894,383025
34,60327510,383024
34,60723554,383022
34,61100707,383021
34,61494340,383021
34,61927594,383021
34,62331422,383019
34,62723204,383018
34,63104759,383018
34,63495904,383016
34,63901429,383015
34,64268303,383014
34,64683423,383012
34,65079545,383012
34,65454125,383012
34,65863066,383011
34,66227581,383009
34,66619523,383009
34,67024585,383008
34,67393780,383006
34,67787123,383006
34,68170414,383005
34,68562960,383005
34,68978530,383005
34,69391628,383004
34,69786388,383004
34,70185575,383004
34,70579465,383004
34,70978820,383003
34,71390491,383003
34,71800384,383002
34,72205782,383000
34,72600339,383001
34,72997900,382999
34,73391429,382998
34,73787574,382998
34,74188433,382997
34,74557609,382997
34,74957374,382997
34,75328327,382996
34,75724316,382996
34,76101583,382996
34,76494546,382996
34,76900170,382996
34,77289018,382995
34,77681197,382994
34,78083632,382994
34,78453452,382994
35,711253,582966
35,1114846,582458
35,1510262,581867
35,1886048,581300
35,2277516,580544
35,2652839,579555
35,3011406,578421
35,3404540,577296
35,3781466,575687
35,4174268,574165
35,4527362,572531
35,4905766,570465
35,5299719,568477
35,5677380,565959
35,6055132,563607
35,6426869,561142
35,6824870,558124
35,7218281,554946
35,7589419,551995
35,7969269,548349
35,8360222,544975
35,8745305,540966
35,9155022,536906
35,9548007,533072
35,9925995,528400
35,10304937,524246
35,10676983,520097
35,11049264,514931
35,11445324,509464
35,11865861,504161
35,12281132,498463
35,12675016,493087
35,13080935,487200
35,13448903,480981
35,13844311,475412
35,14217133,470677
35,14631982,466134
35,14988192,460255
35,15384449,456038
35,15781844,450999
35,16153646,446121
35,16528895,441988
35,16885944,437400
35,17277509,433016
35,17666591,428620
35,18050734,425160
35,18445215,420895
35,18841100,416995
35,19235860,413891
35,19590442,410827
35,19966186,407502
35,20359913,404743
35,20714174,401711
35,21119557,399266
35,21487736,396788
35,21907222,394498
35,22300464,392604
35,22679741,390665
35,23076663,388978
35,23485211,387639
35,23842907,386295
35,24235981,385363
35,24610173,384525
35,24987355,383750
35,25381664,383280
35,25746872,382940
35,26159853,382769
35,26550248,382781
35,26947547,382609
35,27341249,382090
35,27748215,381938
35,28139410,381897
35,28507698,381762
35,28904233,381732
35,29278300,381781
35,29673844,381844
35,30051250,381952
35,30452079,382042
35,30842251,382153
35,31257615,382227
35,31644056,382295
35,32031061,382350
35,32424532,382385
35,32819721,382430
35,33218767,382464
35,33613158,382494
35,33990077,382521
35,34384302,382541
35,34780956,382567
35,35155134,382588
35,35549246,382606
35,35926454,382623
35,36324658,382638
35,36750809,382654
35,37114167,382671
35,37508620,382687
35,37905025,382701
35,38278649,382715
35,38696570,382730
35,39090237,382741
35,39487877,382755
35,39884347,382770
35,40279777,382786
35,40675593,382797
35,41054781,382812
35,41450290,382828
35,41843149,382846
35,42235065,382867
35,42603289,382896
35,42991115,382934
35,43401673,382968
35,43768036,383009
35,44156603,383045
35,44527215,383073
35,44885490,383103
35,45299939,383126
35,45698395,383143
35,46071275,383158
35,46465958,383164
35,46841708,383168
35,47235572,383167
35,47588072,383163
35,48050542,383153
35,48429070,383139
35,48824059,383128
35,49235555,383115
35,49588313,383103
35,49966932,383090
35,50360352,383080
35,50716026,383070
35,51093911,383062
35,51486792,383058
35,51882720,383053
35,52278428,383051
35,52652849,383048
35,53089466,383047
35,53545150,383045
35,53955532,383045
35,54344630,383045
35,54718763,383045
35,55129165,383045
35,55482483,383045
35,55837149,383044
35,56223595,383044
35,56600891,383043
35,56973011,383041
35,57322788,383038
35,57675422,383036
35,58029243,383036
35,58382159,383033
35,58748922,383029
35,59094786,383028
35,59446418,383028
35,59787251,383026
35,60134862,383023
35,60466637,383023
35,60842418,383022
35,61196564,383021
35,61554308,383020
35,61906895,383019
35,62259944,383018
35,62592507,383017
35,62953406,383015
35,63347851,383013
35,63701323,383014
35,64077963,383012
35,64472594,383012
35,64832716,383012
35,65207434,383011
35,65582291,383010
35,65991344,383010
35,66375201,383009
35,66771541,383007
35,67156746,383007
35,67526871,383007
35,67890300,383007
35,68282249,383005
35,68679582,383005
35,69057560,383005
35,69451273,383005
35,69848418,383003
35,70241260,383003
35,70632490,383001
35,70993466,383000
35,71386760,382999
35,71786686,382999
35,72179074,382999
35,72589159,382999
35,72992228,382998
35,73385230,382998
35,73786050,382998
35,74178107,382998
35,74573026,382998
35,74987985,382998
35,75381488,382998
35,75766132,382998
35,76153156,382998
35,76527313,382997
35,76893389,382997
35,77257008,382996
35,77610713,382996
35,77975217,382995
35,78367349,382994
36,738526,582985
36,1115940,582638
36,1494535,581952
36,1887019,581472
36,2259690,580809
36,2619449,579710
36,3011147,578720
36,3395146,577512
36,3784963,576121
36,4179749,574351
36,4554264,572799
36,4909243,571041
36,5282323,569057
36,5638497,566590
36,6034663,564328
36,6419307,561535
36,6804172,558879
36,7181202,555774
36,7555460,552911
36,7947204,549762
36,8300872,546448
36,8662225,542506
36,9053571,538992
36,9435079,534791
36,9847232,530218
36,10242733,525477
36,10661759,520763
36,11053414,516348
36,11434739,510900
36,11805619,506206
36,12180507,501467
36,12553417,496258
36,12927895,490156
36,13310330,484984
36,13703384,478490
36,14075002,473510
36,14454080,468909
36,14846184,463964
36,15200360,458995
36,15577191,454283
36,15967044,449691
36,16327536,444942
36,16707342,440417
36,17101287,435571
36,17515633,430691
36,17926421,427139
36,18282952,423569
36,18637371,419814
36,18991083,416475
36,19363655,412897
36,19762499,409795
36,20134573,406885
36,20491586,403768
36,20885958,401176
36,21238087,398798
36,21619634,396382
36,22013788,394403
36,22418030,392277
36,22807540,390379
36,23201639,388732
36,23619235,387238
36,24008747,386129
36,24382100,385221
36,24741472,384299
36,25137812,383681
36,25497828,383199
36,25889889,382909
36,26263774,382765
36,26661754,382799
36,27055427,382560
36,27453272,382057
36,27850094,381951
36,28259447,381889
36,28619837,381760
36,29012123,381745
36,29394357,381781
36,29783497,381806
36,30157874,381870
36,30515402,381980
36,30909151,382083
36,31283694,382183
36,31658827,382261
36,32013678,382322
36,32416646,382367
36,32828544,382398
36,33223033,382426
36,33636889,382443
36,33992868,382457
36,34366809,382471
36,34765497,382485
36,35136233,382501
36,35494940,382518
36,35888168,382533
36,36244109,382552
36,36639277,382573
36,37023303,382598
36,37441200,382619
36,37805793,382641
36,38179681,382666
36,38554133,382686
36,38906172,382708
36,39259822,382727
36,39638995,382749
36,40032510,382768
36,40395143,382789
36,40764481,382812
36,41158348,382837
36,41515476,382865
36,41886992,382901
36,42238890,382943
36,42615879,382997
36,43012349,383044
36,43361905,383096
36,43765017,383134
36,44159326,383174
36,44557352,383201
36,44949831,383220
36,45300611,383227
36,45682829,383230
36,46074948,383223
36,46451606,383210
36,46846330,383193
36,47262201,383176
36,47618105,383153
36,48011585,383138
36,48393433,383118
36,48792059,383105
36,49176789,383092
36,49556421,383080
36,49959342,383072
36,50347592,383066
36,50740701,383061
36,51114685,383059
36,51490788,383058
36,51865595,383058
36,52237443,383057
36,52636375,383059
36,52988707,383059
36,53361571,383059
36,53759570,383059
36,54113208,383058
36,54491478,383054
36,54884470,383054
36,55238833,383052
36,55614109,383049
36,55992296,383045
36,56366847,383044
36,56784831,383042
36,57180189,383041
36,57555944,383037
36,57950249,383036
36,58301636,383034
36,58678015,383033
36,59032868,383029
36,59397613,383028
36,59783759,383028
36,60156942,383026
36,60514558,383023
36,60886061,383022
36,61246022,383023
36,61637447,383021
36,62017749,383020
36,62417472,383019
36,62803415,383018
36,63154968,383016
36,63532952,383014
36,63885454,383014
36,64237234,383013
36,64615489,383012
36,64987415,383010
36,65395982,383010
36,65787939,383010
36,66158565,383010
36,66514048,383009
36,66908991,383007
36,67283225,383007
36,67640065,383007
36,68050374,383006
36,68413087,383005
36,68802714,383005
36,69157242,383005
36,69513501,383005
36,69888220,383001
36,70279438,383001
36,70659768,383001
36,71055851,383001
36,71452712,383000
36,71847055,383000
36,72238497,382999
36,72618835,382999
36,73024158,382999
36,73419115,382998
36,73784895,382997
36,74181452,382997
36,74556023,382998
36,74951308,382998
36,75350104,382997
36,75718729,382997
36,76077055,382996
36,76466019,382996
36,76847567,382996
36,77263197,382996
36,77659926,382995
36,78056053,382995
36,78451424,382995
37,718789,582987
37,1121672,582551
37,1539503,581871
37,1934085,581387
37,2313173,580551
37,2702353,579420
37,3097422,578433
37,3477766,577135
37,3872117,575675
37,4257076,573921
37,4643278,572310
37,5017612,570210
37,5414347,568158
37,5809701,565631
37,6201724,562948
37,6598791,560026
37,7017658,556933
37,7434816,553741
37,7834714,550203
37,8224181,546906
37,8601035,542982
37,9015990,538957
37,9412041,534747
37,9827090,530753
37,10201860,526015
37,10602021,521338
37,11017072,516331
37,11413676,510880
37,11830089,505538
37,12224628,500751
37,12598260,494687
37,12991604,489428
37,13351313,484225
37,13746896,477687
37,14119417,472936
37,14519494,468249
37,14911909,462387
37,15310138,457174
37,15705740,452354
37,16116376,447466
37,16475032,443082
37,16848948,438588
37,17222331,434191
37,17635183,429580
37,18017128,425606
37,18414597,421899
37,18807273,417853
37,19207403,414264
37,19599626,411195
37,19992456,407836
37,20371651,404646
37,20764379,402001
37,21119306,399569
37,21517612,397049
37,21912432,394755
37,22309090,392860
37,22709298,390891
37,23095945,389176
37,23497041,387650
37,23910982,386458
37,24275217,385379
37,24663175,384540
37,25035362,383834
37,25391969,383308
37,25788706,383000
37,26161174,382805
37,26518093,382779
37,26915887,382729
37,27310355,382211
37,27703987,381951
37,28120119,381915
37,28515621,381776
37,28911000,381726
37,29272857,381759
37,29642018,381813
37,30035235,381894
37,30414427,381981
37,30811145,382066
37,31204549,382157
37,31598681,382223
37,31993234,382275
37,32361270,382323
37,32766689,382367
37,33161415,382405
37,33559443,382438
37,33935477,382468
37,34312572,382498
37,34701413,382526
37,35059479,382549
37,35441440,382572
37,35829655,382594
37,36257777,382614
37,36642620,382629
37,37018372,382644
37,37414136,382657
37,37806162,382674
37,38180652,382688
37,38560825,382704
37,38957017,382720
37,39371337,382736
37,39764573,382752
37,40117038,382768
37,40496319,382792
37,40890475,382813
37,41273693,382845
37,41664601,382885
37,42046863,382940
37,42440029,382991
37,42813154,383046
37,43208117,383091
37,43580356,383136
37,43972959,383170
37,44349102,383197
37,44747336,383213
37,45141288,383220
37,45518471,383215
37,45911960,383205
37,46309590,383191
37,46682931,383175
37,47060662,383153
37,47460182,383133
37,47849066,383116
37,48222304,383098
37,48622211,383087
37,49017346,383072
37,49413330,383063
37,49807793,383057
37,50203427,383051
37,50599284,383050
37,50974356,383047
37,51350525,383047
37,51742050,383047
37,52120091,383050
37,52518078,383050
37,52911543,383051
37,53323893,383051
37,53707849,383051
37,54118262,383049
37,54477362,383047
37,54868149,383045
37,55225580,383045
37,55600473,383041
37,56017412,383040
37,56415055,383036
37,56819166,383035
37,57188796,383030
37,57600540,383030
37,57992031,383030
37,58351479,383028
37,58722176,383026
37,59096860,383025
37,59477029,383022
37,59847211,383022
37,60221076,383022
37,60623040,383021
37,61016401,383019
37,61413669,383019
37,61807558,383019
37,62202808,383017
37,62620823,383016
37,63013370,383015
37,63370256,383014
37,63743345,383013
37,64097675,383013
37,64474669,383012
37,64869231,383011
37,65274230,383009
37,65642281,383008
37,66037377,383008
37,66436011,383006
37,66839537,383006
37,67225278,383006
37,67620031,383005
37,68014472,383004
37,68414133,383004
37,68806750,383004
37,69160064,383003
37,69517236,383003
37,69913100,383002
37,70309200,383001
37,70704486,383000
37,71097863,383000
37,71475725,383000
37,71869875,383000
37,72253984,383000
37,72642956,383000
37,73016099,382999
37,73413253,382998
37,73807887,382998
37,74202267,382998
37,74598758,382998
37,74994969,382998
37,75371832,382997
37,75764321,382996
37,76141542,382996
37,76538372,382995
37,76933085,382995
37,77309016,382995
37,77705229,382993
37,78116931,382993
37,78477423,382993
38,710886,582985
38,1095453,582638
38,1468776,581955
38,1903121,581402
38,2287466,580569
38,2680997,579446
38,3101410,578460
38,3472350,577180
38,3879553,575701
38,4247036,573944
38,4638032,572361
38,5015141,570248
38,5410758,568175
38,5804109,565663
38,6188413,563346
38,6552934,560437
38,6945086,557364
38,7369687,554216
38,7760162,551181
38,8141139,547453
38,8533011,543562
38,8940553,540050
38,9308621,536459
38,9676681,532015
38,10074961,527281
38,10469828,523128
38,10842035,518270
38,11239784,513629
38,11650198,508155
38,12035053,502814
38,12426456,496964
38,12826154,490831
38,13245846,484926
38,13640129,479261
38,14037267,473450
38,14430006,468842
38,14826054,463103
38,15243478,457694
38,15656199,452979
38,16059738,448192
38,16456278,443063
38,16845153,438583
38,17243775,433608
38,17634735,429591
38,18016976,425633
38,18406834,421941
38,18780719,417846
38,19184136,414247
38,19573421,411147
38,19971384,407728
38,20364560,404563
38,20758083,401939
38,21159862,399168
38,21553181,396716
38,21952339,394453
38,22343208,392578
38,22737335,390649
38,23136819,388978
38,23529977,387651
38,23960476,386173
38,24366725,385147
38,24759901,384241
38,25184443,383581
38,25596867,383131
38,25994326,382852
38,26391030,382783
38,26781909,382806
38,27183138,382363
38,27583876,382001
38,27953842,381946
38,28385917,381845
38,28766267,381737
38,29183535,381749
38,29581462,381775
38,29952419,381781
38,30346671,381831
38,30738965,381915
38,31143172,382038
38,31533744,382142
38,31953132,382223
38,32344287,382290
38,32738630,382337
38,33135758,382383
38,33509304,382416
38,33894191,382446
38,34282060,382470
38,34655796,382493
38,35060139,382516
38,35455730,382532
38,35826679,382553
38,36244335,382574
38,36649402,382596
38,37018194,382620
38,37410739,382640
38,37803155,382657
38,38176985,382681
38,38576378,382701
38,38974706,382724
38,39365231,382746
38,39759553,382766
38,40185516,382791
38,40572500,382814
38,40996322,382848
38,41409792,382892
38,41801657,382943
38,42187476,383004
38,42572624,383067
38,42992535,383122
38,43384789,383163
38,43760005,383200
38,44177843,383225
38,44576292,383238
38,44988398,383241
38,45384809,383236
38,45757606,383226
38,46122316,383207
38,46511284,383188
38,46894429,383168
38,47286898,383147
38,47658170,383126
38,48056052,383111
38,48433672,383096
38,48842561,383081
38,49240959,383072
38,49655315,383066
38,50059439,383062
38,50456095,383060
38,50821071,383058
38,51242656,383058
38,51648593,383059
38,52015285,383059
38,52406802,383059
38,52779883,383060
38,53179689,383061
38,53589858,383059
38,53992367,383057
38,54363854,383055
38,54758994,383054
38,55157037,383052
38,55551269,383049
38,55951573,383045
38,56341066,383044
38,56738092,383043
38,57142971,383039
38,57530226,383037
38,57951475,383035
38,58346545,383034
38,58742828,383030
38,59139622,383030
38,59531478,383028
38,59953065,383027
38,60345427,383025
38,60738069,383025
38,61141548,383023
38,61533259,383021
38,61951963,383021
38,62347431,383019
38,62738402,383018
38,63140380,383016
38,63510130,383016
38,63894860,383016
38,64282184,383015
38,64654011,383013
38,65054761,383013
38,65429116,383012
38,65819750,383011
38,66240204,383010
38,66633020,383009
38,67017298,383008
38,67406964,383007
38,67779321,383006
38,68179601,383006
38,68554468,383005
38,68952449,383004
38,69363513,383002
38,69757096,383002
38,70156900,383002
38,70549964,382999
38,70916124,382999
38,71304197,382998
38,71695713,382999
38,72097237,382999
38,72489578,382998
38,72895164,382998
38,73260301,382997
38,73655412,382997
38,74051864,382996
38,74432957,382996
38,74805048,382996
38,75198148,382996
38,75592846,382994
38,75969605,382994
38,76383662,382994
38,76779506,382994
38,77177591,382994
38,77549931,382993
39,738124,582984
39,1119981,582639
39,1512914,581950
39,1910179,581397
39,2305443,580566
39,2745233,579436
39,3138042,578303
39,3535597,576976
39,3930239,575493
39,4325288,573720
39,4722596,571838
39,5118097,569679
39,5520944,567573
39,5909942,565012
39,6303282,562272
39,6726413,559285
39,7120759,556197
39,7521774,553366
39,7889357,549782
39,8286122,546468
39,8663374,542525
39,9057065,538999
39,9444964,534791
39,9828601,530200
39,10223687,526026
39,10624548,521315
39,11017802,516286
39,11442601,510818
39,11827939,505471
39,12222919,500667
39,12619623,494585
39,13016403,488619
39,13410202,483359
39,13786357,476811
39,14159312,472295
39,14536145,467550
39,14949694,461635
39,15368212,456540
39,15747922,452363
39,16120978,447521
39,16513378,442519
39,16911308,438020
39,17305547,433037
39,17705601,429117
39,18077710,425172
39,18484357,421443
39,18854906,417421
39,19250002,414300
39,19621238,410778
39,20011680,407380
39,20432150,404615
39,20772679,401985
39,21146079,399194
39,21539459,397028
39,21912619,395024
39,22265434,393113
39,22610058,391357
39,22980263,389786
39,23333192,388401
39,23705220,387114
39,24037840,386037
39,24411709,385149
39,24772557,384353
39,25145369,383660
39,25560425,383198
39,25942242,382919
39,26311839,382801
39,26673931,382842
39,27026918,382653
39,27400743,382120
39,27781072,381979
39,28153270,381945
39,28529695,381788
39,28922131,381745
39,29276422,381774
39,29659875,381779
39,30056160,381824
39,30484457,381912
39,30869682,382018
39,31268765,382109
39,31660753,382185
39,32159492,382255
39,32679591,382305
39,33177959,382348
39,33674781,382393
39,34193142,382426
39,34715962,382462
39,35141656,382494
39,35627275,382533
39,36126299,382568
39,36647584,382603
39,37080722,382628
39,37493894,382651
39,37898789,382670
39,38260798,382692
39,38756718,382721
39,39256272,382746
39,39783211,382772
39,40301952,382799
39,40794785,382830
39,41318596,382877
39,41840288,382944
39,42268168,383008
39,42735535,383084
39,43186869,383135
39,43588509,383178
39,43972389,383205
39,44345078,383227
39,44748486,383235
39,45143900,383235
39,45537087,383227
39,45927648,383213
39,46280541,383195
39,46658366,383176
39,47052426,383154
39,47404766,383133
39,47825039,383113
39,48216574,383098
39,48576055,383086
39,48945995,383076
39,49298166,383069
39,49663629,383062
39,50055253,383059
39,50441224,383058
39,50806539,383055
39,51198877,383056
39,51555555,383056
39,51949961,383057
39,52336974,383058
39,52745499,383059
39,53137884,383059
39,53556731,383058
39,53949332,383057
39,54323655,383054
39,54680988,383053
39,55074370,383050
39,55455745,383048
39,55842925,383045
39,56216210,383042
39,56573433,383041
39,56926341,383037
39,57297108,383037
39,57657524,383034
39,58051195,383032
39,58430515,383031
39,58830718,383029
39,59220947,383029
39,59617409,383027
39,59996109,383026
39,60371369,383024
39,60766300,383023
39,61176862,383023
39,61533531,383022
39,61924918,383020
39,62303529,383020
39,62660352,383019
39,63035048,383019
39,63441269,383019
39,63806610,383016
39,64197828,383015
39,64557067,383015
39,64929697,383014
39,65325045,383013
39,65743687,383012
39,66135961,383011
39,66512480,383011
39,66927875,383011
39,67279690,383007
39,67680021,383007
39,68051897,383006
39,68406684,383006
39,68810081,383005
39,69175210,383004
39,69532338,383004
39,69926473,383003
39,70278568,383002
39,70656332,383002
39,71029090,383002
39,71436897,383001
39,71827547,383001
39,72216270,383001
39,72598369,383001
39,72992280,383000
39,73370963,382999
39,73764909,382999
39,74158048,382999
39,74535514,382998
39,74928716,382998
39,75320022,382998
39,75676754,382998
39,76033307,382996
39,76439343,382996
39,76816452,382996
39,77197666,382995
39,77557029,382994
39,77929414,382994
39,78321002,382994
39,78680575,382994
40,736602,582986
40,1098178,582635
40,1454972,581946
40,1848056,581468
40,2211848,580808
40,2619686,579573
40,3014951,578590
40,3391062,577355
40,3830655,575696
40,4234307,573939
40,4624986,572101
40,5035119,570240
40,5393524,567874
40,5791328,565355
40,6214216,562993
40,6600624,560055
40,6975301,556990
40,7417230,553805
40,7829281,550253
40,8213673,546482
40,8598345,543039
40,9012339,539006
40,9397712,534791
40,9789564,530189
40,10177910,526014
40,10556412,521304
40,10949298,516919
40,11305561,512177
40,11701342,507421
40,12073313,502060
40,12451364,496132
40,12847358,490788
40,13234090,484895
40,13621234,479215
40,13991741,474018
40,14347391,469453
40,14740985,464635
40,15115513,459543
40,15500124,454815
40,15891283,449617
40,16291425,444248
40,16703237,439800
40,17116416,435571
40,17494192,430721
40,17889329,427173
40,18249761,423076
40,18638286,419359
40,19012670,416082
40,19367878,412992
40,19721763,409922
40,20074697,406984
40,20434040,404241
40,20807152,401276
40,21214971,398871
40,21577390,396439
40,21949155,394460
40,22345914,392324
40,22743518,390648
40,23095634,389167
40,23473608,387636
40,23867329,386444
40,24230641,385369
40,24615885,384548
40,24990697,383872
40,25348076,383398
40,25743094,383029
40,26116021,382843
40,26500239,382815
40,26889628,382762
40,27260099,382313
40,27621630,381994
40,28015523,381966
40,28418032,381839
40,28805581,381754
40,29210179,381783
40,29595957,381802
40,29951876,381867
40,30332579,381947
40,30725185,382013
40,31098092,382107
40,31516696,382159
40,31893805,382207
40,32269858,382239
40,32663851,382273
40,33073561,382307
40,33431401,382333
40,33804500,382366
40,34177134,382401
40,34573966,382428
40,34928021,382463
40,35304074,382494
40,35699182,382527
40,36053180,382552
40,36431127,382582
40,36804114,382606
40,37178147,382634
40,37603400,382660
40,37992367,382682
40,38351358,382701
40,38723964,382726
40,39119595,382743
40,39514791,382768
40,39893656,382787
40,40270756,382812
40,40659711,382838
40,41054552,382870
40,41432609,382917
40,41824707,382970
40,42214318,383027
40,42601354,383080
40,42994572,383131
40,43391522,383173
40,43789352,383204
40,44209362,383224
40,44597119,383231
40,44949318,383231
40,45327693,383221
40,45720958,383208
40,46095280,383191
40,46451486,383171
40,46857196,383148
40,47256083,383128
40,47618697,383112
40,47969085,383097
40,48328401,383084
40,48699338,383075
40,49052885,383066
40,49435775,383060
40,49827435,383057
40,50236633,383055
40,50600096,383054
40,50993824,383054
40,51350711,383055
40,51736396,383055
40,52118739,383055
40,52493524,383056
40,52848943,383057
40,53252547,383057
40,53619937,383054
40,54011731,383054
40,54370933,383054
40,54743572,383052
40,55095023,383047
40,55451674,383045
40,55826503,383043
40,56178034,383040
40,56574213,383037
40,56928918,383035
40,57305440,383032
40,57700058,383029
40,58054840,383027
40,58448663,383027
40,58824769,383026
40,59210714,383023
40,59601875,383023
40,59991290,383021
40,60371043,383021
40,60743742,383021
40,61098194,383020
40,61452744,383019
40,61847163,383019
40,62234705,383017
40,62617642,383017
40,62988814,383015
40,63345553,383014
40,63697742,383014
40,64057443,383013
40,64453582,383013
40,64826717,383012
40,65181045,383010
40,65579114,383010
40,65947296,383009
40,66306381,383008
40,66699946,383006
40,67072331,383005
40,67430259,383004
40,67804435,383002
40,68206724,383002
40,68601330,383002
40,68992617,383000
40,69349361,382998
40,69742464,382998
40,70093155,382996
40,70456436,382995
40,70838269,382995
40,71235920,382995
40,71599268,382995
40,71993220,382996
40,72350035,382996
40,72723081,382997
40,73072288,382997
40,73433182,382998
40,73827168,382998
40,74206534,382998
40,74600491,382998
40,74993512,382998
40,75378849,382997
40,75767362,382996
40,76159854,382996
40,76556364,382995
40,76949220,382995
40,77330252,382994
40,77721922,382994
40,78093932,382994
40,78451881,382994
40,78804451,382993
40,79176442,382993
40,79574536,382994
40,79927572,382994
40,80304576,382993
40,80697633,382993
41,718295,582985
41,1117949,582548
41,1516248,581944
41,1889046,581389
41,2281702,580685
41,2659625,579575
41,3054641,578598
41,3405822,577539
41,3788946,575904
41,4181504,574372
41,4583838,572617
41,4974879,570528
41,5368012,568187
41,5769946,565701
41,6181044,563012
41,6606106,560074
41,6995470,557402
41,7369799,554233
41,7767388,550721
41,8160572,547454
41,8566137,543556
41,8951200,539514
41,9346020,535888
41,9724509,531376
41,10117954,527210
41,10516857,522480
41,10890174,517562
41,11303923,512858
41,11659301,507406
41,12053745,502734
41,12428072,497624
41,12783874,491479
41,13177599,486367
41,13565383,480035
41,13970489,474602
41,14323778,470580
41,14704952,465380
41,15098620,459530
41,15492307,455380
41,15870433,450314
41,16268782,444856
41,16662581,440898
41,17055793,436207
41,17448501,431866
41,17818105,427664
41,18199468,424164
41,18588536,419886
41,18970134,416539
41,19343907,413449
41,19704394,409932
41,20116442,406980
41,20471418,404246
41,20869040,401286
41,21267855,398554
41,21660260,396163
41,22054840,393932
41,22469044,392093
41,22826768,390224
41,23222177,388796
41,23603434,387299
41,23993868,386181
41,24370875,385154
41,24767816,384255
41,25179983,383602
41,25581977,383213
41,25972809,382923
41,26365001,382823
41,26723334,382839
41,27120198,382450
41,27516133,382054
41,27890439,381980
41,28305470,381875
41,28704641,381764
41,29078169,381762
41,29472777,381776
41,29869631,381792
41,30264414,381860
41,30664499,381936
41,31053889,382016
41,31407738,382084
41,31787146,382141
41,32179565,382186
41,32584273,382228
41,32971751,382270
41,33324857,382312
41,33679565,382359
41,34074499,382399
41,34427982,382432
41,34804186,382469
41,35156418,382505
41,35531663,382540
41,35928296,382569
41,36280789,382596
41,36663288,382628
41,37053661,382649
41,37406985,382669
41,37783188,382691
41,38178385,382708
41,38534869,382726
41,38921274,382746
41,39306948,382767
41,39704396,382785
41,40076848,382802
41,40493939,382825
41,40888160,382854
41,41281523,382891
41,41659906,382943
41,42053194,382996
41,42437975,383055
41,42829052,383104
41,43199421,383145
41,43563108,383184
41,43971667,383208
41,44323148,383224
41,44679285,383230
41,45073563,383230
41,45448415,383219
41,45807185,383207
41,46201660,383188
41,46584999,383170
41,46974732,383147
41,47365481,383130
41,47745376,383113
41,48122262,383098
41,48512776,383084
41,48931981,383075
41,49325873,383068
41,49701253,383064
41,50097652,383062
41,50479552,383060
41,50891910,383060
41,51282907,383059
41,51660682,383058
41,52054763,383058
41,52471864,383058
41,52869852,383056
41,53269555,383056
41,53660101,383053
41,54052858,383052
41,54407193,383051
41,54785643,383047
41,55178370,383045
41,55531170,383042
41,55927090,383040
41,56302893,383038
41,56657671,383037
41,57030434,383034
41,57427303,383032
41,57782526,383030
41,58156992,383029
41,58563925,383028
41,58971789,383028
41,59363927,383026
41,59723828,383024
41,60097241,383024
41,60492657,383022
41,60872799,383021
41,61268669,383021
41,61681983,383020
41,62074680,383019
41,62448117,383017
41,62804825,383017
41,63200719,383015
41,63595169,383015
41,63971399,383013
41,64365073,383013
41,64746306,383012
41,65121133,383012
41,65514029,383010
41,65890064,383009
41,66281606,383007
41,66668620,383006
41,67055348,383006
41,67449246,383006
41,67826580,383005
41,68219581,383005
41,68603809,383004
41,68991296,383003
41,69364563,383003
41,69725662,383003
41,70118846,383002
41,70491572,383002
41,70894170,383002
41,71303191,383001
41,71661034,382999
41,72056364,382999
41,72427448,382998
41,72786453,382997
41,73160318,382996
41,73562986,382996
41,73951662,382996
41,74324170,382996
41,74679861,382995
41,75074408,382995
41,75448910,382995
41,75804781,382995
41,76177562,382995
41,76531660,382995
41,76929694,382995
41,77305207,382995
41,77701859,382995
42,736973,582985
42,1118120,582636
42,1498057,581946
42,1893138,581463
42,2269042,580688
42,2698764,579577
42,3107963,578474
42,3496804,577171
42,3926045,575445
42,4340113,573546
42,4767705,571881
42,5161520,569658
42,5536491,567270
42,5956135,564745
42,6355223,562298
42,6747207,559308
42,7142940,556240
42,7540550,552968
42,7932528,549806
42,8304569,546500
42,8665576,542557
42,9058341,539025
42,9438262,534808
42,9824358,530801
42,10200044,526628
42,10577524,521911
42,10974389,517582
42,11330613,512196
42,11735558,507429
42,12096037,502755
42,12458929,496888
42,12850324,490767
42,13261935,485641
42,13622180,480052
42,14013231,473998
42,14399650,469457
42,14790010,464668
42,15161969,459560
42,15518633,455390
42,15911007,450306
42,16286831,445489
42,16665089,440891
42,17054390,436802
42,17416800,431810
42,17808691,428083
42,18182737,424606
42,18538804,420864
42,18912858,416917
42,19307871,413810
42,19706258,410292
42,20083718,406913
42,20480822,403813
42,20919196,400884
42,21305494,398517
42,21661770,396421
42,22035717,394447
42,22418117,392313
42,22805498,390645
42,23157034,389166
42,23514108,387820
42,23867677,386608
42,24241667,385511
42,24624219,384668
42,24995494,383959
42,25365986,383399
42,25769480,383024
42,26163101,382833
42,26538082,382803
42,26932761,382734
42,27305594,382281
42,27663364,381973
42,28063581,381949
42,28440451,381803
42,28828542,381721
42,29182062,381745
42,29537150,381771
42,29908022,381824
42,30264406,381894
42,30621307,381943
42,31015038,382036
42,31395803,382103
42,31784594,382166
42,32157440,382223
42,32515179,382271
42,32866594,382325
42,33239339,382383
42,33638390,382431
42,33991083,382480
42,34365912,382526
42,34772357,382563
42,35138752,382595
42,35495287,382627
42,35922673,382653
42,36309971,382675
42,36705905,382690
42,37081897,382705
42,37479647,382716
42,37885863,382728
42,38239733,382741
42,38620931,382756
42,39013214,382769
42,39395107,382781
42,39783122,382791
42,40135019,382805
42,40511936,382814
42,40865102,382826
42,41239674,382840
42,41615689,382858
42,41989788,382881
42,42364532,382920
42,42766065,382961
42,43114692,383007
42,43490707,383058
42,43886596,383098
42,44239830,383133
42,44619673,383168
42,45012439,383188
42,45363445,383204
42,45760802,383209
42,46135650,383210
42,46493571,383203
42,46865287,383191
42,47261130,383175
42,47615200,383159
42,47990865,383139
42,48398683,383122
42,48808541,383107
42,49160661,383094
42,49515978,383082
42,49868927,383072
42,50243943,383066
42,50641231,383060
42,51010590,383058
42,51364034,383056
42,51761088,383055
42,52113778,383054
42,52495603,383056
42,52887097,383056
42,53240195,383056
42,53620220,383054
42,54012001,383053
42,54364438,383052
42,54740945,383051
42,55113499,383047
42,55514137,383046
42,55863886,383043
42,56238409,383043
42,56638875,383042
42,56989582,383040
42,57364097,383038
42,57769003,383037
42,58157299,383035
42,58527665,383032
42,58892363,383029
42,59307091,383027
42,59705731,383024
42,60091542,383022
42,60474792,383019
42,60891958,383018
42,61282869,383016
42,61638941,383015
42,62015457,383012
42,62369550,383012
42,62769177,383012
42,63136194,383012
42,63517959,383012
42,63913555,383011
42,64305262,383010
42,64663473,383010
42,65034451,383009
42,65395089,383009
42,65807025,383008
42,66158230,383008
42,66512902,383007
42,66866874,383006
42,67241509,383006
42,67638007,383006
42,68013207,383005
42,68365115,383004
42,68767678,383003
42,69162270,383003
42,69537469,383002
42,69910252,383001
42,70265666,383001
42,70620244,383000
42,71011034,382998
42,71364737,382998
42,71741245,382999
42,72120452,382998
42,72517951,382997
42,72911390,382997
42,73287156,382997
42,73642546,382997
42,74036485,382997
42,74421532,382997
42,74808283,382997
42,75180783,382997
42,75556115,382997
42,75931193,382996
42,76284869,382996
42,76661621,382996
42,77056258,382995
42,77420620,382995
43,726516,582983
43,1092745,582636
43,1444941,582026
43,1817613,581468
43,2215204,580809
43,2567763,579864
43,2941314,578762
43,3340274,577723
43,3692449,576314
43,4073417,574590
43,4464419,573117
43,4818152,571338
43,5223258,569050
43,5592273,566654
43,5993778,564406
43,6362707,561909
43,6714236,559288
43,7071651,556235
43,7486585,553392
43,7838689,550264
43,8196004,546990
43,8569855,543076
43,8942745,539559
43,9319783,535946
43,9693040,531447
43,10089943,527291
43,10442911,523152
43,10841804,518294
43,11241527,512961
43,11633628,508168
43,12000257,502824
43,12407801,496954
43,12805006,490827
43,13216086,485683
43,13567757,480086
43,13942751,474016
43,14340172,470026
43,14692151,465353
43,15071572,459510
43,15462746,455346
43,15816926,450892
43,16195631,445342
43,16588258,441309
43,16943359,437291
43,17319753,432285
43,17713703,428489
43,18092528,425059
43,18442916,420799
43,18837376,417307
43,19215670,414199
43,19566468,411145
43,19971602,407733
43,20340313,404952
43,20697597,401972
43,21096119,399531
43,21489647,397032
43,21861928,395036
43,22239617,392859
43,22633167,391133
43,22993772,389596
43,23360829,388220
43,23713104,386947
43,24069585,385905
43,24442059,384903
43,24837946,384131
43,25195558,383564
43,25568172,383126
43,25975678,382829
43,26389790,382749
43,26780951,382771
43,27135687,382395
43,27512252,381952
43,27905579,381914
43,28258157,381837
43,28616393,381707
43,29008856,381715
43,29411884,381750
43,29811730,381787
43,30180049,381898
43,30572512,381969
43,30946561,382085
43,31341948,382163
43,31694614,382234
43,32074072,382304
43,32467204,382349
43,32819240,382393
43,33198111,382447
43,33591022,382482
43,33944183,382522
43,34320297,382554
43,34714906,382578
43,35091965,382602
43,35443744,382623
43,35841836,382639
43,36196250,382656
43,36567854,382671
43,36975607,382683
43,37344417,382696
43,37738906,382707
43,38096478,382720
43,38488472,382733
43,38863649,382745
43,39220255,382756
43,39592842,382767
43,39942595,382780
43,40343589,382794
43,40714308,382809
43,41074226,382829
43,41489449,382852
43,41885599,382886
43,42282866,382927
43,42659632,382973
43,43035890,383025
43,43429498,383076
43,43817430,383114
43,44195832,383151
43,44569816,383184
43,44943394,383207
43,45320560,383217
43,45693127,383223
43,46092154,383220
43,46444292,383213
43,46818448,383196
43,47216103,383178
43,47568541,383159
43,47941795,383138
43,48344714,383116
43,48740171,383102
43,49115224,383085
43,49520349,383073
43,49886416,383063
43,50281082,383057
43,50632053,383051
43,51015436,383049
43,51401586,383047
43,51759679,383047
43,52135798,383047
43,52529522,383047
43,52915075,383048
43,53306562,383050
43,53726243,383050
43,54117209,383049
43,54508721,383049
43,54881338,383048
43,55239804,383046
43,55610265,383044
43,55974229,383041
43,56367981,383039
43,56745194,383037
43,57140016,383034
43,57509502,383031
43,57861580,383028
43,58220121,383027
43,58613716,383026
43,58995234,383025
43,59407259,383022
43,59799249,383022
43,60155177,383022
43,60528976,383021
43,60879314,383019
43,61281694,383019
43,61658967,383018
43,62056651,383016
43,62467335,383015
43,62841337,383014
43,63197982,383013
43,63590916,383013
43,63940942,383012
43,64318936,383012
43,64712271,383011
43,65092862,383010
43,65444793,383009
43,65817321,383008
43,66196584,383006
43,66591106,383006
43,66972694,383006
43,67339431,383005
43,67692360,383004
43,68068255,383002
43,68463869,383002
43,68816154,383001
43,69192945,382999
43,69588716,382999
43,69941590,382999
43,70366871,382998
43,70760665,382998
43,71137409,382998
43,71531804,382997
43,71931189,382996
43,72299969,382997
43,72659018,382997
43,73034272,382997
43,73431804,382996
43,73841508,382996
43,74199653,382996
43,74591249,382994
43,74943553,382994
43,75321560,382994
43,75693997,382994
43,76091330,382992
43,76443977,382992
43,76820385,382993
44,756883,582984
44,1119380,582553
44,1515698,581876
44,1930023,581393
44,2313287,580558
44,2701834,579576
44,3053260,578629
44,3413510,577338
44,3829316,575631
44,4229384,573983
44,4640570,572122
44,5054577,570187
44,5413392,567857
44,5805698,565706
44,6178604,563333
44,6537817,560406
44,6951311,557762
44,7313409,554617
44,7701325,551607
44,8075677,548394
44,8431962,544552
44,8826133,541036
44,9199463,537483
44,9562384,533128
44,9953506,529042
44,10328488,524280
44,10745799,519510
44,11138108,514952
44,11516517,509463
44,11909698,504818
44,12273669,499202
44,12682147,493054
44,13095553,487885
44,13457545,481732
44,13850953,475336
44,14240723,471161
44,14619972,466073
44,15012607,460875
44,15391429,455941
44,15806296,451609
44,16157498,446693
44,16535703,441894
44,16929971,437950
44,17314017,432954
44,17703191,428569
44,18095511,425139
44,18460054,421405
44,18826978,417393
44,19227154,414294
44,19599310,410806
44,20016460,407427
44,20412226,404287
44,20825868,401680
44,21180370,399248
44,21534638,396781
44,21930363,394788
44,22313449,392626
44,22702065,390923
44,23079518,389203
44,23539311,387489
44,23932466,386332
44,24313492,385274
44,24721124,384457
44,25095670,383723
44,25485425,383237
44,25894946,382918
44,26318203,382770
44,26703740,382807
44,27103170,382497
44,27497005,382009
44,27866843,381939
44,28241751,381860
44,28638435,381729
44,29013851,381717
44,29371997,381748
44,29766168,381755
44,30140180,381806
44,30586896,381899
44,30958306,382021
44,31354813,382124
44,31744505,382222
44,32116062,382297
44,32496549,382352
44,32910753,382405
44,33313373,382444
44,33721911,382473
44,34078806,382497
44,34451529,382521
44,34847094,382538
44,35199695,382558
44,35554710,382578
44,35927949,382597
44,36314419,382614
44,36706736,382634
44,37100892,382657
44,37516517,382677
44,37910003,382696
44,38273351,382713
44,38661165,382730
44,39035079,382746
44,39410688,382763
44,39808551,382778
44,40203619,382791
44,40599881,382805
44,40994995,382823
44,41391681,382840
44,41762227,382865
44,42116920,382900
44,42496421,382947
44,42892814,383001
44,43293275,383047
44,43660787,383089
44,44013234,383128
44,44369443,383164
44,44762567,383188
44,45137837,383206
44,45493534,383216
44,45888543,383217
44,46272636,383212
44,46660735,383199
44,47033094,383184
44,47410213,383164
44,47815858,383143
44,48204641,383125
44,48585601,383106
44,48973962,383091
44,49391920,383078
44,49785660,383068
44,50172033,383061
44,50563026,383056
44,50929946,383052
44,51312786,383051
44,51703512,383049
44,52100085,383048
44,52518035,383049
44,52910917,383049
44,53312565,383050
44,53701913,383050
44,54095108,383050
44,54457260,383050
44,54829901,383048
44,55219635,383045
44,55618821,383045
44,56012290,383042
44,56388651,383040
44,56765518,383038
44,57157894,383036
44,57538114,383032
44,57933487,383030
44,58317570,383028
44,58705150,383026
44,59118398,383024
44,59517471,383023
44,59911808,383021
44,60313566,383020
44,60699547,383020
44,61056161,383019
44,61431968,383016
44,61826196,383017
44,62200464,383015
44,62555099,383014
44,62908822,383014
44,63272121,383013
44,63659055,383013
44,64012656,383012
44,64390936,383011
44,64804326,383010
44,65157518,383009
44,65515093,383007
44,65928644,383006
44,66294766,383005
44,66700989,383005
44,67053401,383005
44,67410994,383005
44,67804663,383003
44,68178917,383003
44,68535157,383003
44,68929351,383002
44,69311832,383000
44,69699956,383000
44,70052398,383000
44,70435587,382998
44,70827655,382998
44,71204364,382998
44,71604205,382997
44,72014439,382997
44,72423160,382997
44,72786109,382995
44,73200255,382995
44,73559337,382995
44,73949733,382995
44,74333141,382994
44,74738662,382993
44,75142191,382993
44,75539574,382993
44,75911188,382993
44,76314080,382992
44,76703811,382992
44,77095559,382992
44,77456669,382992
44,77851335,382991
45,713353,582984
45,1075573,582552
45,1470945,581872
45,1874561,581391
45,2263160,580558
45,2659204,579433
45,3074523,578350
45,3467614,577158
45,3832472,575425
45,4241273,573775
45,4655028,572135
45,5010762,569927
45,5403542,567882
45,5762047,565723
45,6138317,562980
45,6532614,560050
45,6948991,557017
45,7345993,554212
45,7718606,550696
45,8117623,547432
45,8489183,543517
45,8886698,540001
45,9281046,535877
45,9674114,531357
45,10071540,527203
45,10428403,523073
45,10832775,518223
45,11199997,512906
45,11612438,508114
45,11970855,502773
45,12365963,497696
45,12758501,491549
45,13135566,486406
45,13514342,480099
45,13912530,474046
45,14322463,469450
45,14737394,464657
45,15095414,458938
45,15509525,454820
45,15870337,449591
45,16278972,444849
45,16634154,440350
45,17013574,436161
45,17388113,431776
45,17799422,427577
45,18181026,423573
45,18576234,419306
45,19008519,415574
45,19388544,412542
45,19780976,409050
45,20179903,405741
45,20574860,402740
45,20971368,400239
45,21379400,397617
45,21743293,395599
45,22118808,393398
45,22512037,391597
45,22908854,389793
45,23301626,388219
45,23697746,386780
45,24095695,385777
45,24469148,384797
45,24871562,384055
45,25259810,383468
45,25632690,383111
45,25994875,382875
45,26365405,382791
45,26758167,382793
45,27135386,382347
45,27528814,381988
45,27884452,381948
45,28262894,381841
45,28658362,381717
45,29077822,381744
45,29470063,381756
45,29875514,381765
45,30241729,381817
45,30618541,381887
45,31013280,382009
45,31403998,382112
45,31779024,382210
45,32177288,382291
45,32573765,382349
45,32972529,382407
45,33366335,382450
45,33740004,382488
45,34137188,382525
45,34532206,382544
45,34928539,382562
45,35301281,382582
45,35675001,382597
45,36053873,382620
45,36426779,382635
45,36801986,382653
45,37197277,382668
45,37570629,382683
45,37925628,382694
45,38320393,382709
45,38696141,382720
45,39050550,382733
45,39467318,382743
45,39834138,382756
45,40222076,382767
45,40592667,382779
45,40950815,382796
45,41366299,382816
45,41761817,382842
45,42142032,382889
45,42543911,382947
45,42952997,383011
45,43365139,383072
45,43760289,383124
45,44153908,383165
45,44507414,383197
45,44888126,383224
45,45285763,383237
45,45674062,383240
45,46085226,383234
45,46470936,383221
45,46872526,383204
45,47239242,383184
45,47611554,383165
45,47969316,383141
45,48363037,383123
45,48737468,383106
45,49093848,383091
45,49487481,383079
45,49869081,383068
45,50258060,383062
45,50622747,383058
45,51021144,383056
45,51388860,383054
45,51779859,383054
45,52177446,383053
45,52571287,383058
45,52927237,383059
45,53322770,383059
45,53694356,383058
45,54050409,383058
45,54425678,383057
45,54830443,383053
45,55219108,383052
45,55590673,383048
45,55947305,383046
45,56365692,383042
45,56760509,383038
45,57137103,383035
45,57532489,383033
45,57949318,383030
45,58343087,383028
45,58715993,383027
45,59073625,383027
45,59467031,383026
45,59853062,383024
45,60244172,383023
45,60615404,383023
45,61011418,383021
45,61383609,383020
45,61784545,383020
45,62154344,383020
45,62549897,383019
45,62929144,383018
45,63322230,383017
45,63719750,383014
45,64116312,383015
45,64510538,383014
45,64907584,383013
45,65323912,383012
45,65720273,383011
45,66116089,383011
45,66499980,383011
45,66889380,383009
45,67264705,383009
45,67637580,383008
45,68038438,383007
45,68406999,383007
45,68800491,383006
45,69200125,383004
45,69569115,383004
45,69928031,383004
45,70321478,383004
45,70704426,383003
45,71094816,383003
45,71466560,383002
45,71831702,383002
45,72221962,383000
45,72590386,383000
45,72970644,382998
45,73366749,382998
45,73762487,382998
45,74143123,382998
45,74531877,382997
45,74949777,382997
45,75342543,382997
45,75716380,382997
45,76075556,382997
45,76467541,382997
45,76829191,382997
45,77197716,382996
45,77591183,382996
45,77970366,382995
45,78364529,382994
46,736753,582993
46,1119331,582637
46,1516804,581948
46,1910094,581392
46,2309615,580562
46,2705692,579577
46,3096296,578492
46,3514826,577158
46,3908433,575642
46,4276653,573981
46,4661756,572385
46,5035157,570495
46,5391485,568177
46,5785416,566029
46,6159364,563688
46,6514960,560804
46,6908042,558165
46,7291393,555027
46,7681043,552059
46,8035527,548855
46,8411714,545011
46,8806891,541509
46,9201052,537463
46,9599712,533094
46,9992355,529008
46,10351185,524260
46,10744901,520113
46,11139844,514946
46,11538359,509462
46,11931301,504814
46,12307322,499205
46,12703529,493070
46,13096959,487900
46,13475739,481753
46,13890733,475357
46,14308058,470619
46,14706450,465377
46,15117114,460225
46,15493040,455403
46,15868794,450958
46,16220067,446086
46,16600327,441428
46,17006088,437396
46,17372193,432369
46,17763875,428578
46,18139062,425142
46,18517676,420877
46,18911750,416959
46,19308326,413434
46,19722429,409906
46,20120157,406953
46,20516648,403854
46,20910250,400916
46,21321810,398525
46,21705845,396140
46,22118738,393909
46,22516205,391816
46,22910577,390197
46,23274068,388581
46,23640959,387272
46,24032771,386161
46,24392686,385138
46,24785817,384229
46,25180331,383637
46,25558101,383189
46,25958121,382910
46,26371673,382764
46,26743406,382819
46,27094925,382576
46,27474650,382048
46,27845274,381965
46,28220172,381924
46,28641549,381735
46,29034429,381747
46,29391602,381810
46,29765458,381826
46,30160656,381934
46,30520262,382013
46,30908462,382091
46,31291943,382182
46,31681007,382221
46,32054379,382284
46,32412246,382323
46,32808251,382357
46,33201044,382387
46,33599770,382413
46,33993180,382436
46,34369925,382465
46,34784161,382483
46,35135757,382509
46,35515564,382535
46,35921191,382560
46,36312989,382587
46,36707941,382607
46,37096110,382632
46,37473023,382649
46,37846628,382666
46,38220749,382684
46,38601672,382699
46,39014727,382712
46,39389158,382727
46,39742205,382740
46,40097680,382757
46,40515274,382776
46,40910574,382794
46,41329389,382822
46,41745360,382852
46,42141208,382891
46,42537195,382945
46,42910947,383005
46,43308191,383057
46,43703659,383110
46,44095294,383159
46,44495464,383195
46,44869495,383224
46,45274473,383241
46,45681832,383245
46,46075101,383245
46,46454445,383237
46,46844859,383217
46,47219652,383194
46,47617603,383172
46,47971347,383150
46,48347981,383125
46,48742783,383108
46,49096993,383090
46,49473850,383076
46,49867770,383065
46,50219351,383058
46,50598865,383052
46,50990839,383050
46,51349102,383048
46,51723309,383048
46,52118192,383050
46,52496446,383051
46,52888934,383053
46,53275583,383056
46,53661314,383057
46,54011542,383057
46,54372039,383055
46,54744932,383054
46,55140050,383053
46,55536938,383051
46,55911484,383049
46,56307872,383045
46,56684922,383044
46,57052471,383040
46,57411786,383037
46,57805692,383036
46,58159449,383035
46,58536495,383031
46,58930938,383030
46,59305992,383029
46,59659394,383028
46,60014099,383028
46,60379125,383026
46,60742546,383024
46,61096295,383025
46,61493384,383024
46,61845744,383022
46,62221062,383022
46,62622220,383021
46,63015917,383020
46,63412661,383020
46,63806036,383019
46,64207592,383017
46,64620898,383016
46,65012768,383014
46,65389824,383013
46,65820349,383012
46,66206260,383010
46,66578161,383009
46,66972723,383008
46,67350559,383008
46,67744238,383006
46,68138578,383005
46,68516481,383005
46,68910628,383005
46,69308258,383003
46,69708088,383003
46,70096388,383003
46,70472943,383001
46,70867007,383000
46,71220247,383000
46,71641371,383000
46,72035209,383000
46,72412790,382999
46,72805780,382999
46,73178741,382999
46,73538155,382999
46,73931774,382998
46,74312841,382998
46,74700647,382998
46,75054756,382998
46,75412745,382996
46,75807963,382997
46,76202228,382997
46,76598334,382996
46,76970910,382995
46,77370197,382995
46,77763061,382993
46,78137051,382993
46,78518114,382993
46,78912952,382993
46,79329791,382993
47,735067,582988
47,1120909,582638
47,1487898,581951
47,1904476,581474
47,2298970,580691
47,2673570,579733
47,3029559,578657
47,3424679,577518
47,3829825,575858
47,4202573,574419
47,4593517,572635
47,4968950,570476
47,5365026,568479
47,5742516,566042
47,6138463,563333
47,6551483,560824
47,6926129,557809
47,7323148,555042
47,7717557,551635
47,8094455,547940
47,8510501,544046
47,8905998,540530
47,9279499,536427
47,9676918,532540
47,10094706,527225
47,10511766,522494
47,10905585,518224
47,11290186,512900
47,11675391,508103
47,12030552,503445
47,12403343,497674
47,12810236,491528
47,13197485,486376
47,13593586,480068
47,13990409,474010
47,14383316,469384
47,14777670,464532
47,15155333,459479
47,15549234,454744
47,15926783,449464
47,16342013,444725
47,16695248,440789
47,17070174,436689
47,17422986,432311
47,17778425,428030
47,18175435,424597
47,18564379,420347
47,18947408,416501
47,19338961,413445
47,19712560,410389
47,20090372,407433
47,20442917,404681
47,20807646,401695
47,21201140,399237
47,21591760,396772
47,21969295,394509
47,22384164,392613
47,22735898,390909
47,23093876,389205
47,23484306,387858
47,23873053,386486
47,24277750,385417
47,24671093,384585
47,25048816,383894
47,25401310,383416
47,25807882,383038
47,26199685,382825
47,26567106,382820
47,26926975,382756
47,27301672,382232
47,27695229,382000
47,28082331,381990
47,28472148,381840
47,28863724,381796
47,29236181,381859
47,29588657,381873
47,29944865,381968
47,30319844,382041
47,30675103,382080
47,31032124,382166
47,31424167,382194
47,31804886,382245
47,32217382,382285
47,32613824,382310
47,32986948,382339
47,33379500,382365
47,33738734,382385
47,34108845,382416
47,34462558,382441
47,34826230,382469
47,35213526,382495
47,35645178,382520
47,36055683,382546
47,36466490,382568
47,36832200,382595
47,37216014,382619
47,37588621,382639
47,37945039,382661
47,38300221,382681
47,38653390,382696
47,39031649,382715
47,39424297,382730
47,39775098,382743
47,40174472,382756
47,40546834,382773
47,40905969,382787
47,41276889,382806
47,41670361,382824
47,42031786,382851
47,42402664,382887
47,42805603,382929
47,43175962,382972
47,43528704,383021
47,43904427,383073
47,44278866,383119
47,44649126,383157
47,45027584,383193
47,45399183,383219
47,45773643,383236
47,46173592,383243
47,46524774,383244
47,46901143,383241
47,47275146,383226
47,47670647,383208
47,48033967,383181
47,48426271,383163
47,48812908,383135
47,49196270,383118
47,49570066,383098
47,49928034,383084
47,50341876,383070
47,50691697,383064
47,51048717,383057
47,51405390,383054
47,51777749,383052
47,52200587,383052
47,52593610,383052
47,52989144,383054
47,53382507,383055
47,53753707,383056
47,54172889,383057
47,54525671,383057
47,54905635,383056
47,55297647,383056
47,55650624,383052
47,56028169,383051
47,56422578,383048
47,56775694,383045
47,57154594,383043
47,57550429,383039
47,57905317,383038
47,58277306,383034
47,58671033,383034
47,59053706,383029
47,59453859,383030
47,59876762,383028
47,60262328,383027
47,60673494,383025
47,61031744,383025
47,61402951,383023
47,61806906,383023
47,62196477,383021
47,62569504,383021
47,62924641,383020
47,63276771,383019
47,63649436,383016
47,64051270,383015
47,64425105,383014
47,64774678,383014
47,65176799,383012
47,65570520,383012
47,65947067,383011
47,66320681,383009
47,66671521,383009
47,67030299,383009
47,67423859,383008
47,67774665,383007
47,68176862,383006
47,68569707,383006
47,68925533,383005
47,69320756,383005
47,69670177,383004
47,70050987,383003
47,70447324,383001
47,70825025,383001
47,71216821,383001
47,71569416,383001
47,71950165,383000
47,72343112,383000
47,72712489,382999
47,73069588,382998
47,73425385,382998
47,73778223,382998
47,74176925,382998
47,74570862,382998
47,74967023,382997
47,75360623,382997
47,75714141,382997
47,76091031,382997
47,76454384,382995
47,76882922,382995
47,77263544,382995
47,77674867,382995
47,78030150,382995
48,657308,582986
48,996180,582717
48,1324078,582111
48,1680180,581613
48,2012540,581141
48,2325381,580438
48,2642676,579598
48,2955156,578792
48,3264385,577891
48,3571048,576506
48,3925457,575221
48,4302647,573582
48,4642734,572130
48,5005757,570207
48,5352456,568195
48,5659516,566044
48,6067268,563689
48,6412109,561183
48,6796059,558182
48,7152980,555437
48,7498349,552939
48,7826440,549789
48,8177442,546956
48,8515933,543521
48,8838857,540518
48,9162265,536951
48,9515637,533661
48,9831421,530181
48,10158678,526015
48,10496985,521889
48,10841070,517568
48,11183329,513567
48,11513233,508760
48,11851555,504772
48,12182679,499903
48,12539690,494549
48,12930389,488563
48,13296746,483303
48,13671250,477547
48,14024804,472794
48,14378001,468746
48,14739240,463747
48,15081997,459453
48,15391844,455887
48,15766595,450828
48,16123962,446626
48,16431776,442423
48,16767987,439141
48,17083473,434827
48,17472694,430624
48,17812932,427086
48,18165308,423552
48,18517299,420357
48,18851126,416930
48,19190202,413843
48,19541651,410835
48,19921216,407884
48,20275257,405083
48,20627875,402440
48,20971376,399957
48,21342154,397688
48,21701497,395922
48,22050654,393967
48,22382874,392124
48,22746557,390465
48,23098690,389005
48,23445997,387675
48,23801167,386487
48,24158576,385540
48,24530721,384701
48,24889272,383989
48,25264509,383423
48,25659511,383081
48,26040109,382852
48,26415623,382820
48,26794509,382809
48,27145555,382393
48,27532934,382042
48,27918973,382032
48,28269467,381911
48,28645698,381828
48,29049198,381888
48,29462244,381895
48,29819959,381999
48,30216729,382053
48,30587981,382088
48,30966804,382173
48,31360910,382203
48,31729016,382255
48,32112833,382290
48,32486562,382314
48,32888123,382347
48,33297851,382368
48,33655059,382391
48,34028988,382422
48,34421918,382444
48,34779967,382472
48,35172018,382495
48,35543872,382519
48,35902321,382538
48,36277424,382557
48,36683560,382582
48,37111809,382607
48,37539008,382635
48,37969886,382659
48,38364561,382681
48,38765496,382700
48,39139899,382719
48,39555729,382739
48,39971408,382756
48,40360092,382772
48,40730847,382786
48,41096440,382805
48,41495519,382819
48,41863142,382845
48,42256943,382878
48,42652731,382923
48,43096098,382972
48,43491915,383030
48,43897795,383082
48,44304916,383130
48,44711908,383169
48,45116402,383197
48,45493734,383220
48,45886814,383228
48,46305257,383229
48,46729935,383224
48,47115216,383213
48,47494455,383193
48,47889379,383172
48,48301797,383149
48,48714547,383129
48,49120726,383112
48,49497456,383095
48,49881300,383080
48,50295693,383071
48,50650827,383061
48,51047749,383058
48,51420997,383054
48,51776299,383052
48,52173036,383051
48,52558753,383051
48,52969391,383051
48,53360161,383053
48,53729515,383053
48,54093201,383054
48,54488055,383054
48,54866898,383054
48,55258859,383052
48,55681371,383051
48,56067334,383048
48,56442697,383046
48,56797525,383044
48,57191316,383041
48,57565205,383037
48,57921419,383036
48,58273824,383034
48,58647824,383031
48,59046271,383028
48,59398102,383027
48,59779763,383027
48,60171711,383024
48,60523230,383023
48,60900781,383022
48,61297757,383022
48,61650991,383020
48,62054165,383019
48,62443400,383018
48,62798004,383018
48,63192063,383016
48,63543841,383016
48,63903104,383015
48,64276924,383014
48,64659480,383012
48,65047881,383012
48,65441526,383011
48,65820875,383011
48,66212517,383008
48,66565248,383008
48,66945476,383007
48,67359223,383006
48,67733379,383005
48,68109446,383005
48,68461760,383005
48,68818020,383005
48,69170001,383002
48,69544837,383002
48,69899429,383003
48,70272650,383002
48,70682126,383001
48,71070993,383000
48,71464893,383000
48,71841346,382999
48,72213444,382999
48,72567722,382998
48,72922657,382997
48,73275680,382997
48,73650624,382997
48,74051566,382996
48,74444838,382996
48,74821734,382996
48,75216663,382996
48,75590901,382996
48,75987120,382995
48,76368435,382995
48,76758051,382994
48,77174248,382994
48,77569406,382994
49,714951,582985
49,1097794,582635
49,1503986,581947
49,1870415,581470
49,2266084,580692
49,2640218,579584
49,3057007,578509
49,3471369,577170
49,3873052,575432
49,4264786,573993
49,4640512,572141
49,5033251,570226
49,5409141,568199
49,5785508,565719
49,6180957,562981
49,6576129,560073
49,6991496,557407
49,7346867,554203
49,7747512,551157
49,8119676,547426
49,8525839,544016
49,8889736,540003
49,9287067,536408
49,9682507,531938
49,10058216,527805
49,10434508,523069
49,10824993,518212
49,11243584,512896
49,11663722,507433
49,12056390,502761
49,12456408,496917
49,12828576,490784
49,13245313,484889
49,13642257,479214
49,14013053,473996
49,14368902,469387
49,14787763,463753
49,15183624,458209
49,15583358,454123
49,15993798,448714
49,16388748,443499
49,16787708,439083
49,17180629,434127
49,17617006,429544
49,17992542,426111
49,18367900,421916
49,18767634,417878
49,19158972,414758
49,19546666,411687
49,19914069,408292
49,20307035,405107
49,20708466,402424
49,21077563,399589
49,21504840,397081
49,21893253,394771
49,22304763,392860
49,22659627,390900
49,23077820,389180
49,23506072,387650
49,23902373,386319
49,24310086,385265
49,24708783,384442
49,25077566,383719
49,25470799,383301
49,25848637,382964
49,26247296,382813
49,26663964,382853
49,27056068,382607
49,27435041,382166
49,27833404,382150
49,28245699,381996
49,28642297,381898
49,29014699,381964
49,29410778,381925
49,29786102,382003
49,30180057,382066
49,30543721,382069
49,30936900,382161
49,31306464,382186
49,31687230,382229
49,32080721,382284
49,32503905,382300
49,32890227,382339
49,33282999,382359
49,33660345,382384
49,34034331,382420
49,34431570,382441
49,34833503,382470
49,35201744,382495
49,35624506,382522
49,36012902,382545
49,36387021,382562
49,36744515,382589
49,37139564,382610
49,37533633,382635
49,37913510,382656
49,38284449,382678
49,38682975,382698
49,39079838,382710
49,39469987,382728
49,39846551,382738
49,40219493,382748
49,40600917,382761
49,41001377,382774
49,41423444,382791
49,41814462,382809
49,42191303,382838
49,42578793,382877
49,43018897,382928
49,43412771,382984
49,43807235,383043
49,44207929,383098
49,44619803,383139
49,44993389,383181
49,45388826,383210
49,45785333,383228
49,46182993,383237
49,46560642,383238
49,46934245,383231
49,47331325,383217
49,47744991,383197
49,48119281,383176
49,48503820,383155
49,48935770,383129
49,49328121,383109
49,49743409,383093
49,50137546,383078
49,50524127,383069
49,50911099,383061
49,51288122,383057
49,51684523,383054
49,52077285,383054
49,52471719,383053
49,52870565,383053
49,53285309,383055
49,53683118,383055
49,54059808,383056
49,54455946,383056
49,54868540,383056
49,55263752,383054
49,55640816,383053
49,56036161,383050
49,56409827,383049
49,56807585,383044
49,57206940,383043
49,57599427,383038
49,57991794,383037
49,58345631,383036
49,58722612,383033
49,59118781,383029
49,59524001,383029
49,59910298,383028
49,60283521,383027
49,60639372,383027
49,61011645,383025
49,61386566,383023
49,61786081,383022
49,62178677,383022
49,62559725,383021
49,62962532,383020
49,63326357,383020
49,63725502,383016
49,64119332,383016
49,64506158,383016
49,64890769,383015
49,65282260,383012
49,65663353,383013
49,66032509,383013
49,66388982,383012
49,66785130,383010
49,67180798,383008
49,67575128,383008
49,67968967,383007
49,68345002,383006
49,68743497,383006
49,69136224,383005
49,69499459,383003
49,69888609,383003
49,70284017,383003
49,70680678,383002
49,71096180,383002
49,71502705,383000
49,71887796,383000
49,72262863,382999
49,72639099,382999
49,73033187,382999
49,73388941,382999
49,73796936,382998
49,74160448,382998
49,74544723,382997
49,74933626,382997
49,75326930,382997
49,75725031,382997
49,76117121,382996
49,76523290,382996
49,76912139,382996
49,77282822,382996
50,660707,582992
50,996720,582717
50,1350673,582195
50,1687019,581678
50,2043682,581144
50,2396770,580302
50,2748012,579308
50,3131850,578220
50,3523512,576975
50,3906765,575441
50,4255494,573993
50,4611605,572408
50,4985164,570243
50,5358648,568207
50,5734848,565735
50,6156850,563359
50,6510464,560829
50,6871077,557808
50,7280535,555046
50,7638884,551623
50,8074989,547925
50,8451429,544531
50,8853666,540509
50,9240318,536413
50,9634172,532520
50,9994072,527799
50,10386822,523651
50,10791651,518841
50,11179157,513557
50,11572478,508759
50,11930119,504113
50,12303440,498402
50,12696704,493015
50,13076673,487102
50,13453126,481677
50,13831373,475992
50,14218911,471093
50,14597776,465933
50,15019389,460052
50,15411799,455854
50,15795643,450755
50,16183124,445860
50,16555306,441282
50,16952644,437267
50,17348489,432301
50,17738262,428093
50,18139103,424101
50,18552826,420350
50,18911411,416560
50,19306691,413481
50,19699214,409994
50,20075636,406705
50,20485768,403983
50,20849392,401014
50,21242004,398636
50,21614797,396516
50,21991899,394247
50,22387814,392127
50,22791126,390465
50,23156224,389007
50,23510448,387672
50,23865528,386321
50,24260108,385402
50,24636188,384475
50,25055835,383748
50,25454535,383272
50,25855249,382990
50,26243868,382841
50,26636638,382871
50,27056213,382560
50,27451823,382101
50,27894680,382036
50,28261469,381951
50,28639225,381840
50,29056006,381876
50,29450797,381912
50,29850192,382008
50,30268805,382057
50,30660107,382108
50,31056995,382179
50,31430562,382220
50,31815391,382275
50,32200042,382306
50,32572226,382330
50,32942867,382366
50,33325444,382384
50,33696800,382410
50,34054461,382430
50,34469340,382449
50,34828046,382470
50,35223438,382494
50,35634234,382515
50,35990850,382534
50,36365934,382558
50,36772719,382576
50,37142195,382600
50,37534500,382622
50,37931642,382637
50,38307089,382661
50,38700123,382678
50,39079343,382702
50,39475612,382723
50,39886570,382743
50,40285523,382760
50,40658678,382780
50,41056336,382796
50,41430745,382812
50,41825627,382828
50,42205473,382852
50,42601511,382884
50,43014891,382934
50,43410163,382980
50,43791431,383039
50,44199821,383092
50,44599490,383139
50,45013682,383176
50,45418017,383202
50,45793032,383218
50,46177369,383225
50,46552449,383225
50,46907806,383217
50,47300766,383204
50,47656041,383188
50,48055195,383168
50,48426873,383150
50,48816303,383128
50,49202060,383113
50,49576877,383096
50,49975980,383082
50,50389920,383073
50,50796895,383066
50,51159062,383059
50,51572132,383057
50,51928211,383055
50,52323409,383054
50,52678908,383053
50,53075965,383054
50,53473607,383054
50,53868377,383055
50,54283643,383055
50,54677037,383055
50,55055990,383053
50,55449091,383053
50,55824744,383052
50,56223474,383048
50,56634021,383046
50,56992398,383044
50,57395380,383041
50,57791913,383037
50,58178274,383037
50,58572388,383033
50,58933470,383031
50,59304126,383029
50,59697135,383027
50,60055655,383025
50,60429025,383023
50,60826441,383023
50,61204914,383022
50,61595737,383021
50,62012960,383019
50,62405052,383019
50,62788669,383018
50,63178202,383016
50,63571968,383015
50,63952594,383015
50,64323273,383013
50,64722132,383013
50,65096226,383013
50,65491717,383012
50,65908097,383010
50,66301755,383010
50,66654827,383008
50,67032170,383007
50,67441294,383007
50,67811539,383006
50,68198321,383006
50,68552097,383006
50,68927834,383005
50,69322417,383005
50,69675929,383003
50,70066602,383002
50,70449872,383002
50,70832338,383001
50,71221444,383000
50,71639001,382999
50,72055771,382998
50,72450288,382998
50,72830707,382998
50,73220220,382998
50,73616309,382997
50,73994398,382997
50,74387553,382997
50,74773923,382997
50,75159370,382997
50,75530034,382997
50,75893097,382996
50,76283965,382996
50,76655529,382996
50,77014797,382996
50,77405652,382995
50,77790073,382994
50,78179305,382994
50,78572910,382994
50,78949912,382994
51,688931,582984
51,1072853,582635
51,1450961,581951
51,1844388,581477
51,2230012,580701
51,2639739,579594
51,3034191,578522
51,3435067,577186
51,3844060,575670
51,4252532,574010
51,4615524,572160
51,5032661,569960
51,5427335,567617
51,5842324,565402
51,6198464,562982
51,6573383,560068
51,6967130,557403
51,7330254,554603
51,7720909,551138
51,8092289,547897
51,8451851,544497
51,8823038,540475
51,9226771,536384
51,9638174,531914
51,10029429,527774
51,10407652,523049
51,10805985,518184
51,11226088,512848
51,11636814,508067
51,11988511,503418
51,12345686,498376
51,12739216,492232
51,13113215,487093
51,13473467,481671
51,13845764,475273
51,14251294,471118
51,14616381,466022
51,15012694,460130
51,15431123,455333
51,15835202,450890
51,16198061,445379
51,16595045,440817
51,16990153,436721
51,17369671,431778
51,17783369,427600
51,18183607,424088
51,18553959,419846
51,18948234,416530
51,19325759,412995
51,19718086,409569
51,20135178,406693
51,20492784,403567
51,20885798,401007
51,21271000,398317
51,21660052,396214
51,22035255,393968
51,22431754,391880
51,22842847,390245
51,23197424,388613
51,23595241,387313
51,23966827,386182
51,24326000,385269
51,24721505,384366
51,25095421,383672
51,25494075,383262
51,25868326,382957
51,26293887,382830
51,26684192,382858
51,27093918,382485
51,27494011,382092
51,27865629,382024
51,28270259,381940
51,28657639,381822
51,29034289,381840
51,29414247,381882
51,29801322,381962
51,30158288,382026
51,30540269,382082
51,30924921,382151
51,31280936,382200
51,31659408,382256
51,32049292,382296
51,32425888,382319
51,32783755,382353
51,33178433,382376
51,33559634,382404
51,33946745,382424
51,34323090,382441
51,34717629,382459
51,35090927,382477
51,35450971,382504
51,35844053,382520
51,36249845,382546
51,36643665,382572
51,37033859,382597
51,37434150,382623
51,37845394,382645
51,38250537,382666
51,38613352,382684
51,38966718,382703
51,39324933,382722
51,39716397,382739
51,40103127,382760
51,40517816,382775
51,40888003,382795
51,41268013,382808
51,41655977,382827
51,42030583,382845
51,42408353,382872
51,42802357,382910
51,43227937,382959
51,43637489,383015
51,44030248,383063
51,44406180,383106
51,44757866,383144
51,45113488,383176
51,45468210,383200
51,45841647,383216
51,46195520,383224
51,46598288,383224
51,46967632,383219
51,47326407,383203
51,47720145,383188
51,48094127,383167
51,48492327,383148
51,48865221,383128
51,49269482,383111
51,49678535,383093
51,50069782,383082
51,50461606,383072
51,50844119,383066
51,51252480,383060
51,51615297,383057
51,52008190,383056
51,52367260,383056
51,52739259,383056
51,53091165,383056
51,53449620,383056
51,53821418,383056
51,54195452,383056
51,54577212,383055
51,54947647,383055
51,55344983,383053
51,55742077,383051
51,56135290,383049
51,56515050,383045
51,56886992,383043
51,57266905,383040
51,57659738,383037
51,58057573,383036
51,58448806,383033
51,58842067,383031
51,59194488,383030
51,59592378,383028
51,59965255,383028
51,60325775,383027
51,60739040,383024
51,61094270,383023
51,61490396,383023
51,61865405,383022
51,62268808,383021
51,62654951,383020
51,63029674,383020
51,63386416,383019
51,63758522,383019
51,64133566,383016
51,64522112,383015
51,64886025,383014
51,65280998,383013
51,65654052,383012
51,66007244,383011
51,66363700,383010
51,66715025,383010
51,67071916,383008
51,67446260,383007
51,67840431,383007
51,68195186,383007
51,68575462,383005
51,68970421,383005
51,69346595,383005
51,69740006,383005
51,70135313,383003
51,70513659,383003
51,70926272,383002
51,71289998,383002
51,71656508,382999
51,72035023,382999
51,72412764,382999
51,72823014,382997
51,73230258,382997
51,73596645,382997
51,73988194,382997
51,74352741,382997
51,74743935,382997
51,75112814,382997
51,75470531,382997
51,75842769,382997
51,76195527,382997
51,76595728,382997
51,76966523,382997
51,77321579,382996
51,77697445,382995
51,78091693,382995
52,657925,582992
52,998353,582715
52,1355407,582103
52,1685489,581667
52,2020872,581132
52,2379181,580293
52,2732178,579302
52,3083456,578361
52,3441481,577179
52,3813293,575659
52,4154172,574187
52,4527232,572643
52,4902449,570791
52,5279089,568479
52,5629261,566346
52,6004315,564042
52,6365372,561533
52,6740772,558914
52,7102147,556220
52,7451005,553350
52,7824458,549761
52,8228817,545961
52,8638629,542481
52,8992456,538962
52,9393052,534747
52,9763509,530733
52,10150162,525984
52,10537162,521872
52,10920312,516898
52,11286335,512170
52,11659472,507411
52,12012162,502739
52,12374591,496888
52,12766489,491508
52,13150717,485622
52,13562906,479193
52,13954153,473988
52,14331702,469411
52,14721568,464582
52,15075383,459500
52,15452242,454768
52,15850272,450226
52,16228689,444791
52,16619626,440833
52,16969619,436731
52,17351561,431780
52,17746201,428070
52,18128842,424069
52,18533195,419844
52,18914752,416516
52,19294170,412979
52,19683683,409565
52,20110140,406284
52,20499863,403563
52,20867860,401006
52,21226578,398319
52,21620853,396215
52,21970864,394245
52,22371602,392382
52,22726493,390466
52,23125564,388811
52,23515569,387495
52,23889725,386329
52,24244521,385393
52,24617494,384580
52,24972938,383904
52,25327646,383422
52,25700474,383053
52,26075964,382874
52,26451067,382835
52,26825446,382789
52,27225990,382282
52,27623276,382030
52,28017902,381995
52,28393850,381882
52,28766466,381799
52,29130239,381826
52,29519259,381883
52,29909094,381969
52,30291357,382036
52,30680741,382100
52,31053707,382173
52,31472664,382223
52,31826125,382270
52,32202734,382307
52,32595110,382334
52,32949271,382362
52,33327618,382388
52,33720922,382409
52,34074783,382426
52,34490571,382445
52,34852859,382468
52,35250522,382490
52,35623341,382511
52,36015019,382532
52,36373550,382554
52,36744849,382577
52,37106499,382605
52,37515883,382624
52,37868198,382646
52,38224627,382664
52,38580725,382683
52,38971527,382704
52,39374107,382723
52,39774667,382744
52,40185043,382759
52,40580144,382776
52,40975001,382789
52,41348535,382803
52,41724661,382818
52,42076012,382841
52,42476272,382876
52,42877791,382919
52,43248233,382973
52,43663860,383023
52,44013213,383073
52,44371065,383115
52,44725286,383154
52,45074180,383186
52,45452425,383210
52,45845817,383224
52,46224265,383227
52,46574652,383227
52,46950524,383217
52,47326018,383202
52,47699885,383187
52,48074667,383166
52,48450711,383147
52,48829869,383126
52,49228395,383110
52,49617839,383093
52,50018615,383081
52,50374984,383071
52,50764821,383064
52,51150368,383060
52,51534612,383058
52,51887241,383054
52,52243627,383054
52,52617003,383055
52,52970130,383055
52,53325960,383056
52,53699513,383056
52,54109702,383057
52,54525576,383056
52,54913122,383055
52,55270862,383053
52,55644168,383052
52,56037518,383049
52,56392325,383046
52,56748179,383045
52,57128472,383041
52,57514407,383040
52,57887420,383036
52,58257111,383034
52,58643345,383032
52,59012584,383031
52,59390166,383029
52,59742442,383027
52,60132757,383027
52,60522238,383026
52,60909524,383024
52,61269403,383024
52,61663566,383022
52,62037302,383021
52,62392424,383020
52,62746077,383019
52,63129650,383018
52,63518383,383017
52,63910383,383015
52,64286663,383015
52,64640251,383013
52,64995109,383013
52,65372386,383012
52,65778176,383011
52,66169572,383009
52,66535923,383009
52,66897873,383008
52,67269357,383007
52,67661316,383007
52,68014766,383006
52,68370664,383005
52,68743781,383005
52,69109015,383005
52,69515407,383003
52,69868003,383002
52,70223976,383002
52,70596174,383001
52,70950881,382999
52,71354253,382999
52,71726189,382998
52,72131738,382998
52,72521559,382998
52,72891675,382996
52,73248530,382996
52,73639377,382996
52,74014056,382996
52,74373727,382996
52,74746792,382995
52,75152822,382995
52,75541642,382995
52,75917297,382995
52,76316044,382994
52,76725358,382993
52,77077094,382993
52,77456264,382992
52,77846507,382992
52,78225709,382992
53,761275,582968
53,1145725,582552
53,1515388,581944
53,1887398,581387
53,2280529,580561
53,2676516,579578
53,3074444,578493
53,3472348,577182
53,3905329,575436
53,4286217,573771
53,4706841,571885
53,5098905,569656
53,5501308,567592
53,5913638,565067
53,6284989,562262
53,6685131,559298
53,7099417,556224
53,7499661,553357
53,7871121,549775
53,8286909,545976
53,8690388,541997
53,9077568,538473
53,9476390,534205
53,9849226,530158
53,10244787,525411
53,10646047,520691
53,11038012,515581
53,11485889,510091
53,11876117,504763
53,12267465,499887
53,12643594,493761
53,13040329,488555
53,13419378,482481
53,13828767,475996
53,14228439,471670
53,14622084,466747
53,14999130,460828
53,15402415,455905
53,15786340,451584
53,16186668,446033
53,16581807,441375
53,16975301,437368
53,17382360,431794
53,17786990,428093
53,18186109,424113
53,18558155,420377
53,18973938,416064
53,19400498,413011
53,19778345,409576
53,20153387,406672
53,20509014,403576
53,20925483,401012
53,21278617,398624
53,21637447,396214
53,22029373,394246
53,22420073,392375
53,22804310,390464
53,23215226,388809
53,23593632,387302
53,23985901,386171
53,24380434,385154
53,24788734,384261
53,25186754,383593
53,25572630,383210
53,25969693,382928
53,26356478,382825
53,26723089,382857
53,27115882,382482
53,27513254,382086
53,27885603,382013
53,28278612,381936
53,28656331,381809
53,29049994,381819
53,29420790,381873
53,29822649,381950
53,30195072,382023
53,30593916,382075
53,30972753,382153
53,31373477,382207
53,31783930,382258
53,32178575,382296
53,32597835,382329
53,32991151,382355
53,33395513,382381
53,33781905,382405
53,34181431,382426
53,34594602,382451
53,34987408,382474
53,35371788,382500
53,35761126,382525
53,36133911,382548
53,36500700,382575
53,36886528,382597
53,37285014,382618
53,37660665,382637
53,38034794,382656
53,38428502,382676
53,38841016,382692
53,39195213,382710
53,39574521,382723
53,39966559,382733
53,40320235,382743
53,40738889,382752
53,41091268,382763
53,41468187,382781
53,41861152,382803
53,42216276,382833
53,42571049,382870
53,42965161,382925
53,43356193,382977
53,43721872,383038
53,44115031,383096
53,44513028,383139
53,44884891,383181
53,45280787,383208
53,45677548,383230
53,46071139,383238
53,46471683,383240
53,46865651,383231
53,47237729,383219
53,47595743,383201
53,47968003,383180
53,48373102,383155
53,48786150,383133
53,49173782,383115
53,49537409,383098
53,49910602,383084
53,50297900,383071
53,50719182,383064
53,51112771,383059
53,51489877,383057
53,51905859,383053
53,52302766,383053
53,52674649,383053
53,53032810,383057
53,53424213,383057
53,53778538,383056
53,54142636,383056
53,54517928,383056
53,54912458,383055
53,55284785,383053
53,55682961,383052
53,56051841,383051
53,56448185,383047
53,56819148,383045
53,57216678,383040
53,57575016,383040
53,57968225,383035
53,58353243,383034
53,58742706,383032
53,59113339,383030
53,59512624,383028
53,59882805,383027
53,60237360,383025
53,60604523,383024
53,60966895,383024
53,61373460,383022
53,61778967,383020
53,62133143,383020
53,62488406,383018
53,62882490,383018
53,63257944,383015
53,63612671,383015
53,63986231,383014
53,64356971,383013
53,64737884,383012
53,65110872,383011
53,65491015,383011
53,65883116,383010
53,66235329,383009
53,66593698,383008
53,66986453,383006
53,67372046,383006
53,67761556,383005
53,68132888,383005
53,68552845,383005
53,68948848,383003
53,69353946,383003
53,69726531,383002
53,70114229,383001
53,70489655,383000
53,70882058,382998
53,71236424,382998
53,71637536,382998
53,72009996,382998
53,72391591,382998
53,72782992,382997
53,73178343,382997
53,73570675,382997
53,73965281,382997
53,74317789,382997
53,74715803,382996
53,75089230,382996
53,75444677,382996
53,75818786,382996
53,76214101,382996
53,76575227,382994
53,76969144,382994
53,77353123,382994
53,77738492,382993
53,78125499,382993
54,714087,582984
54,1077892,582638
54,1474060,581944
54,1921646,581385
54,2282059,580557
54,2686003,579571
54,3074336,578493
54,3450078,577365
54,3829207,575647
54,4202001,574183
54,4575607,572637
54,4952247,570506
54,5360251,568188
54,5762368,565701
54,6178068,562971
54,6570830,560440
54,6927265,557778
54,7301902,554600
54,7699541,551595
54,8075793,547892
54,8466215,544492
54,8842256,540482
54,9238435,536915
54,9611943,532490
54,10009895,527772
54,10406056,523629
54,10786347,518821
54,11177934,514218
54,11574941,508745
54,11953996,504102
54,12328474,498396
54,12704760,493008
54,13074785,487840
54,13466721,481685
54,13845422,475273
54,14237023,471114
54,14613184,466072
54,15031730,460166
54,15425240,455907
54,15804712,450966
54,16196541,446115
54,16572625,441944
54,16927094,437399
54,17321686,433020
54,17699403,428595
54,18096727,424629
54,18486989,420900
54,18886458,416967
54,19279254,413860
54,19644087,410407
54,20032742,407492
54,20404007,404702
54,20760075,401704
54,21154698,399282
54,21506604,397088
54,21910622,394787
54,22301576,392890
54,22684738,390919
54,23077195,389201
54,23472984,387679
54,23887673,386329
54,24302102,385274
54,24708619,384473
54,25075096,383744
54,25473405,383257
54,25889487,382952
54,26281200,382829
54,26688183,382857
54,27075957,382543
54,27450745,382106
54,27829906,382002
54,28224267,381936
54,28611832,381798
54,28989656,381792
54,29362234,381836
54,29749905,381918
54,30135397,382004
54,30533391,382060
54,30905962,382137
54,31300441,382188
54,31682888,382241
54,32071388,382278
54,32424892,382304
54,32784100,382329
54,33174933,382356
54,33551297,382380
54,33927135,382409
54,34322126,382432
54,34683344,382455
54,35071317,382485
54,35445173,382512
54,35802176,382534
54,36174923,382558
54,36531365,382580
54,36928911,382599
54,37300655,382616
54,37683832,382636
54,38070310,382651
54,38425302,382661
54,38785887,382670
54,39197749,382680
54,39591506,382691
54,40010494,382704
54,40404288,382719
54,40782274,382740
54,41176648,382761
54,41569824,382798
54,41968356,382836
54,42319917,382882
54,42684209,382941
54,43071382,382998
54,43444579,383051
54,43804842,383109
54,44195523,383153
54,44570080,383189
54,44929764,383220
54,45322246,383236
54,45701167,383247
54,46099925,383247
54,46510613,383240
54,46886761,383221
54,47280830,383204
54,47685391,383183
54,48080542,383159
54,48473605,383135
54,48863029,383116
54,49250622,383097
54,49645400,383082
54,50009814,383069
54,50414117,383058
54,50807226,383053
54,51175254,383051
54,51527962,383048
54,51926310,383048
54,52299604,383049
54,52682071,383051
54,53070644,383051
54,53424482,383052
54,53778681,383053
54,54141540,383054
54,54509151,383054
54,54889167,383053
54,55278669,383053
54,55642431,383051
54,56031582,383048
54,56406557,383045
54,56801621,383043
54,57175345,383040
54,57528173,383038
54,57887391,383036
54,58280650,383033
54,58642866,383031
54,59031399,383030
54,59423849,383029
54,59784663,383028
54,60176932,383026
54,60572282,383024
54,60950737,383024
54,61319478,383022
54,61682261,383021
54,62070788,383021
54,62423995,383020
54,62801296,383018
54,63195078,383018
54,63568837,383015
54,63925851,383015
54,64277281,383014
54,64641269,383013
54,65008735,383012
54,65481549,383011
54,66026245,383010
54,66529886,383008
54,67043130,383007
54,67572184,383006
54,68108457,383006
54,68648383,383005
54,69096919,383003
54,69516790,383003
54,70007292,383002
54,70522044,383001
54,71023822,383000
54,71544597,383000
54,72068737,382998
54,72583417,382997
54,73086307,382997
54,73509663,382997
54,74008436,382997
54,74503399,382996
54,74952231,382996
54,75352267,382996
54,75852055,382996
54,76284381,382996
54,76701275,382994
54,77191512,382994
54,77727456,382993
55,727890,582993
55,1120792,582636
55,1515869,581940
55,1934338,581380
55,2329691,580548
55,2721833,579568
55,3085435,578489
55,3477279,577330
55,3856213,575839
55,4225320,574180
55,4603510,572618
55,4980994,570742
55,5349842,568450
55,5725615,566339
55,6104313,564024
55,6499229,561151
55,6892379,558153
55,7286669,555006
55,7681047,552029
55,8057842,548370
55,8452839,544998
55,8834472,540990
55,9222641,537448
55,9576778,533648
55,9952983,528993
55,10347842,524838
55,10722198,520710
55,11083516,515602
55,11474405,510806
55,11853136,505460
55,12247399,499919
55,12638541,494561
55,13036519,488590
55,13432454,482513
55,13837823,476012
55,14248637,471137
55,14642272,466784
55,15059605,460864
55,15432602,455929
55,15851030,450925
55,16244144,445416
55,16659974,441385
55,17015127,436746
55,17409090,432367
55,17796142,428073
55,18183071,424612
55,18554879,420881
55,18933394,416952
55,19326657,413869
55,19678996,410847
55,20036538,407497
55,20429142,404730
55,20814318,401734
55,21202802,399287
55,21555013,397101
55,21932944,394811
55,22326920,392902
55,22713915,390931
55,23100008,389216
55,23497595,387873
55,23867995,386493
55,24285399,385531
55,24637534,384696
55,25018291,383908
55,25411740,383367
55,25817461,383056
55,26207020,382860
55,26587876,382854
55,26977055,382740
55,27347331,382274
55,27701234,382021
55,28062280,381996
55,28433917,381861
55,28837882,381779
55,29247543,381814
55,29661142,381881
55,30058714,381963
55,30434271,382029
55,30834890,382103
55,31201384,382168
55,31558301,382225
55,31958137,382266
55,32349481,382300
55,32728869,382328
55,33106693,382358
55,33495791,382388
55,33911650,382412
55,34305108,382434
55,34681639,382462
55,35077000,382485
55,35450788,382512
55,35819337,382538
55,36205344,382561
55,36582635,382583
55,36977536,382606
55,37369274,382626
55,37766198,382644
55,38139679,382662
55,38536859,382680
55,38933160,382696
55,39325755,382707
55,39681692,382717
55,40059840,382731
55,40453337,382739
55,40852857,382755
55,41245307,382772
55,41640775,382794
55,42040433,382822
55,42433797,382866
55,42816549,382921
55,43206285,382973
55,43575699,383028
55,43931779,383079
55,44325992,383130
55,44700348,383170
55,45079916,383203
55,45472099,383224
55,45847905,383237
55,46242332,383239
55,46593701,383235
55,46957555,383225
55,47363068,383207
55,47727908,383186
55,48100193,383164
55,48499917,383142
55,48913385,383119
55,49307999,383103
55,49679071,383090
55,50037831,383077
55,50442367,383069
55,50821291,383062
55,51201418,383059
55,51576894,383057
55,51934774,383055
55,52328220,383055
55,52699733,383055
55,53058993,383056
55,53454617,383056
55,53851689,383056
55,54247595,383056
55,54637781,383055
55,55014096,383055
55,55409915,383054
55,55763477,383052
55,56159701,383050
55,56532271,383046
55,56889218,383043
55,57261204,383043
55,57658214,383039
55,58041026,383036
55,58431377,383036
55,58852996,383032
55,59245363,383031
55,59639486,383028
55,60038486,383028
55,60432235,383026
55,60838159,383025
55,61226442,383023
55,61600832,383023
55,61981300,383023
55,62368258,383020
55,62797622,383020
55,63183550,383020
55,63556234,383020
55,63955380,383018
55,64347257,383017
55,64723628,383015
55,65102173,383015
55,65497794,383013
55,65911997,383012
55,66307301,383012
55,66680381,383012
55,67035956,383009
55,67443741,383008
55,67817225,383008
55,68201503,383008
55,68555740,383006
55,68933504,383006
55,69328514,383006
55,69702698,383005
55,70099721,383004
55,70492498,383004
55,70870973,383002
55,71284308,383002
55,71637286,383002
55,72026913,383001
55,72414136,383000
55,72816935,383000
55,73184086,383000
55,73576139,383000
55,73935219,383000
55,74328261,382999
55,74721982,382998
55,75087095,382998
55,75477845,382998
55,75853320,382998
55,76247104,382997
55,76659272,382997
55,77035124,382996
55,77430878,382996
55,77794055,382996
55,78187312,382996
55,78555011,382995
55,78931537,382995
55,79324937,382995
55,79680093,382995
56,755355,582985
56,1161402,582553
56,1555385,581941
56,1918527,581383
56,2305730,580679
56,2680000,579718
56,3060395,578643
56,3452702,577327
56,3847172,575637
56,4267552,574209
56,4660580,572380
56,5037160,570474
56,5429513,568187
56,5782401,566038
56,6161685,563676
56,6554491,560802
56,6937801,557784
56,7327130,555009
56,7699310,552038
56,8058249,548372
56,8451524,544996
56,8803169,541491
56,9182825,537956
56,9555363,534196
56,9918366,529570
56,10305245,525400
56,10679239,521280
56,11035210,516909
56,11387090,512173
56,11740943,507403
56,12116878,502038
56,12538934,496113
56,12941003,490021
56,13351985,484097
56,13750140,477538
56,14144010,472788
56,14515962,468141
56,14922183,463045
56,15284991,458226
56,15638621,454151
56,15994014,448830
56,16390344,444180
56,16787833,439748
56,17187852,434871
56,17578644,430663
56,17969813,426632
56,18381619,422504
56,18765704,418346
56,19184795,414728
56,19575557,411711
56,19965823,408319
56,20351334,405105
56,20741987,402461
56,21121183,399626
56,21532816,397396
56,21896340,395087
56,22283904,393166
56,22656827,391404
56,23013966,389618
56,23427571,388246
56,23784282,386977
56,24138183,385923
56,24491622,385041
56,24864642,384176
56,25268714,383547
56,25681331,383175
56,26059432,382914
56,26455007,382837
56,26847712,382831
56,27267487,382346
56,27662126,382040
56,28059272,382004
56,28455217,381865
56,28845931,381778
56,29243757,381804
56,29616259,381842
56,29996443,381927
56,30373565,381996
56,30741609,382062
56,31120241,382148
56,31515787,382207
56,31919093,382254
56,32286647,382288
56,32680873,382317
56,33035912,382343
56,33409309,382368
56,33762694,382392
56,34119248,382417
56,34513604,382441
56,34898636,382468
56,35285281,382493
56,35660853,382520
56,36079562,382546
56,36481443,382571
56,36850218,382597
56,37245334,382619
56,37661576,382640
56,38057840,382659
56,38450931,382680
56,38826832,382697
56,39184355,382715
56,39557612,382731
56,39955036,382748
56,40351046,382759
56,40741128,382774
56,41160474,382789
56,41537504,382803
56,41923227,382829
56,42307253,382857
56,42682247,382902
56,43089791,382953
56,43457897,383011
56,43849948,383061
56,44223088,383115
56,44617884,383153
56,44995865,383191
56,45387361,383214
56,45743319,383230
56,46120196,383236
56,46513865,383236
56,46868218,383227
56,47265351,383210
56,47657648,383191
56,48037001,383173
56,48410403,383149
56,48802857,383130
56,49164012,383113
56,49557332,383097
56,49954808,383083
56,50353160,383071
56,50762269,383064
56,51119829,383059
56,51515383,383056
56,51899684,383055
56,52285256,383055
56,52659071,383055
56,53016389,383055
56,53410098,383055
56,53782694,383056
56,54140006,383056
56,54560112,383056
56,54966601,383055
56,55347277,383055
56,55745214,383053
56,56142499,383051
56,56532919,383047
56,56920033,383046
56,57303690,383042
56,57657716,383040
56,58041044,383038
56,58452161,383036
56,58852469,383034
56,59222385,383032
56,59618051,383030
56,59995225,383030
56,60385789,383028
56,60740893,383026
56,61118913,383025
56,61513832,383024
56,61867780,383022
56,62265724,383022
56,62635132,383020
56,62995252,383020
56,63367008,383019
56,63759617,383018
56,64140038,383017
56,64534757,383016
56,64894704,383015
56,65284515,383014
56,65668046,383013
56,66056876,383013
56,66450656,383013
56,66823184,383013
56,67212418,383012
56,67600194,383011
56,68013544,383011
56,68366649,383010
56,68738093,383008
56,69143759,383008
56,69532430,383008
56,69917745,383006
56,70307794,383006
56,70682694,383005
56,71078151,383005
56,71456763,383004
56,71843708,383003
56,72261356,383003
56,72617944,383002
56,72994213,383001
56,73389241,383001
56,73783084,383001
56,74161251,383000
56,74555831,383000
56,74937923,382999
56,75345224,382999
56,75699341,382999
56,76055422,382999
56,76407204,382999
56,76761822,382999
56,77116883,382999
56,77489609,383000
56,77865379,382998
56,78262852,382998
56,78615410,382998
56,78992330,382998
56,79364960,382997
56,79739811,382997
56,80119305,382997
56,80512067,382997
56,80864715,382996
56,81265868,382995
56,81660034,382995
56,82057815,382995
56,82451005,382995
56,82803397,382994
56,83183312,382994
57,719325,582983
57,1080362,582551
57,1476221,581944
57,1868812,581385
57,2248173,580683
57,2619725,579725
57,2972769,578788
57,3330677,577524
57,3724069,576076
57,4108283,574422
57,4496810,572885
57,4869288,571043
57,5224098,569067
57,5575397,566980
57,5951324,564373
57,6328296,561905
57,6747786,558923
57,7133976,555810
57,7520149,552916
57,7892299,549299
57,8290530,545960
57,8682532,541995
57,9076667,537953
57,9474411,533626
57,9868236,529564
57,10246845,524802
57,10641685,520672
57,11034147,515577
57,11412861,510772
57,11789100,505420
57,12181510,499889
57,12575659,494536
57,12950522,489293
57,13334280,483306
57,13724860,476745
57,14151190,471667
57,14520990,467480
57,14891858,462305
57,15267738,457046
57,15661109,452928
57,16013650,448160
57,16391801,443038
57,16785075,439176
57,17161609,434873
57,17515393,430655
57,17867819,427101
57,18228432,423036
57,18622851,419331
57,18996768,415602
57,19414774,412130
57,19808299,408708
57,20224953,405462
57,20640827,402807
57,20994499,400298
57,21373461,397685
57,21764124,395642
57,22131400,393431
57,22517996,391641
57,22889706,390041
57,23247374,388443
57,23662798,386979
57,24061755,385917
57,24432503,384914
57,24827168,384165
57,25203619,383536
57,25580514,383163
57,25974081,382927
57,26329154,382830
57,26723111,382861
57,27077642,382473
57,27473269,382065
57,27848020,382000
57,28204148,381935
57,28576806,381784
57,28971417,381776
57,29334002,381814
57,29704955,381876
57,30111491,381963
57,30476592,382026
57,30871752,382112
57,31288686,382170
57,31690217,382220
57,32058711,382262
57,32454554,382288
57,32826283,382320
57,33228126,382348
57,33600555,382378
57,33996148,382412
57,34394952,382434
57,34768045,382468
57,35184565,382499
57,35577947,382527
57,35951403,382553
57,36354368,382580
57,36744583,382600
57,37107429,382622
57,37496124,382643
57,37889584,382660
57,38244810,382674
57,38640411,382683
57,39014679,382690
57,39370474,382699
57,39723906,382707
57,40075710,382722
57,40478111,382738
57,40869214,382762
57,41227531,382795
57,41622726,382831
57,41996733,382881
57,42395881,382932
57,42789367,382985
57,43167288,383044
57,43562894,383098
57,43972954,383140
57,44329409,383176
57,44701225,383204
57,45079069,383226
57,45474297,383239
57,45868625,383241
57,46226223,383238
57,46599311,383227
57,46973738,383211
57,47350368,383192
57,47721778,383172
57,48076202,383149
57,48473829,383128
57,48846526,383109
57,49204179,383090
57,49597760,383076
57,49973274,383064
57,50327698,383056
57,50700822,383049
57,51109059,383044
57,51498844,383044
57,51870195,383043
57,52269033,383043
57,52641524,383046
57,53037305,383047
57,53392024,383049
57,53767497,383050
57,54164142,383050
57,54560711,383050
57,54955253,383049
57,55379671,383046
57,55781835,383044
57,56197896,383043
57,56580267,383039
57,56997920,383038
57,57384988,383037
57,57751545,383033
57,58085710,383031
57,58457377,383030
57,58810995,383027
57,59169850,383027
57,59522511,383025
57,59869414,383022
57,60249105,383022
57,60603444,383021
57,60955605,383021
57,61309326,383019
57,61669332,383018
57,62022504,383017
57,62393891,383017
57,62745304,383015
57,63108905,383014
57,63458522,383013
57,63815420,383013
57,64189763,383012
57,64569252,383011
57,64986034,383010
57,65371068,383009
57,65740341,383009
57,66101233,383008
57,66522920,383007
57,66908396,383007
57,67272072,383005
57,67640785,383005
57,67992572,383005
57,68370586,383005
57,68768127,383004
57,69163931,383004
57,69539679,383002
57,69936485,383002
57,70346796,383002
57,70700054,383001
57,71076024,383000
57,71471972,383000
57,71827869,382999
57,72204994,382997
57,72599811,382997
57,72994245,382997
57,73370991,382997
57,73765434,382997
57,74150639,382996
57,74535816,382996
57,74888498,382996
57,75267527,382996
57,75682905,382996
57,76040461,382996
57,76438656,382995
57,76847939,382995
57,77211202,382994
57,77584753,382994
57,77977451,382994
57,78372157,382994
57,78765506,382994
57,79139229,382993
57,79527734,382993
58,735020,582986
58,1117178,582638
58,1496045,581941
58,1888304,581454
58,2262079,580797
58,2618977,579729
58,3013420,578781
58,3409998,577487
58,3804889,575851
58,4178889,574423
58,4560886,572617
58,4950057,570731
58,5334780,568472
58,5748496,566034
58,6140550,563674
58,6522026,560807
58,6911171,557781
58,7305595,555007
58,7703154,551604
58,8095377,548383
58,8450688,544515
58,8848308,541001
58,9222328,536925
58,9620009,533075
58,10015113,528390
58,10395663,523639
58,10804339,519456
58,11177403,514216
58,11576288,508743
58,11992514,503418
58,12389690,497633
58,12804288,491489
58,13199070,486344
58,13577232,480023
58,13971086,474602
58,14356447,469974
58,14743475,465337
58,15116479,460172
58,15475101,455336
58,15865796,450947
58,16241504,446089
58,16600154,441391
58,17014222,436792
58,17415168,431828
58,17826223,427613
58,18222391,424130
58,18619589,419865
58,19013014,416501
58,19376955,413014
58,19764402,410011
58,20157723,406672
58,20516140,403964
58,20912746,401028
58,21304625,398313
58,21703580,396225
58,22073887,394263
58,22430868,392142
58,22862401,390269
58,23243184,388648
58,23639530,387342
58,24011625,386214
58,24376063,385172
58,24772164,384376
58,25141486,383757
58,25539965,383273
58,25950220,382964
58,26336133,382839
58,26727806,382872
58,27097673,382551
58,27495508,382070
58,27888917,382001
58,28267574,381912
58,28664138,381762
58,29076039,381763
58,29430169,381791
58,29806033,381811
58,30200967,381893
58,30602042,381976
58,30972101,382065
58,31355502,382158
58,31744774,382214
58,32115981,382270
58,32473367,382302
58,32867462,382331
58,33261479,382355
58,33638493,382384
58,34054250,382414
58,34450835,382438
58,34826040,382462
58,35219724,382489
58,35596749,382521
58,35992965,382547
58,36354902,382571
58,36722365,382597
58,37116271,382617
58,37473894,382637
58,37846625,382660
58,38242073,382678
58,38599549,382693
58,38973472,382709
58,39378214,382719
58,39741688,382732
58,40098255,382742
58,40493765,382756
58,40866745,382769
58,41220800,382787
58,41598643,382814
58,41973452,382845
58,42356314,382889
58,42745521,382936
58,43115783,382985
58,43474428,383042
58,43866058,383090
58,44218721,383134
58,44598538,383176
58,45012475,383205
58,45377800,383228
58,45762263,383240
58,46115552,383244
58,46492661,383242
58,46908146,383229
58,47302529,383212
58,47705377,383192
58,48075230,383171
58,48473957,383149
58,48846469,383126
58,49253070,383109
58,49620878,383090
58,50012527,383078
58,50376482,383068
58,50744385,383059
58,51136605,383056
58,51513407,383052
58,51907749,383052
58,52260476,383052
58,52638683,383054
58,52989482,383055
58,53353956,383055
58,53741340,383057
58,54114144,383057
58,54474849,383057
58,54846250,383056
58,55197705,383055
58,55598420,383053
58,55970313,383051
58,56332157,383048
58,56719921,383045
58,57074267,383044
58,57450761,383040
58,57866076,383037
58,58219539,383037
58,58595801,383033
58,58969733,383032
58,59355745,383029
58,59744362,383029
58,60118994,383028
58,60515478,383026
58,60908782,383025
58,61304646,383024
58,61704373,383023
58,62094751,383023
58,62471843,383021
58,62868255,383020
58,63243147,383020
58,63639100,383018
58,64038169,383017
58,64432200,383015
58,64825064,383015
58,65222811,383012
58,65620571,383012
58,66014692,383011
58,66411881,383010
58,66804813,383009
58,67180232,383008
58,67598413,383007
58,67991045,383006
58,68358162,383005
58,68719756,383004
58,69073028,383003
58,69430103,383003
58,69823923,383003
58,70197898,383003
58,70559426,383003
58,70951087,383003
58,71338011,383002
58,71725779,383001
58,72116851,383001
58,72514814,383001
58,72913154,383000
58,73311755,382999
58,73680301,382999
58,74073580,382998
58,74453300,382997
58,74847137,382997
58,75221379,382996
58,75600017,382996
58,75992826,382996
58,76390141,382996
58,76831596,382996
58,77220042,382996
58,77598664,382996
58,77972709,382996
58,78357991,382995
59,740773,582968
59,1136348,582461
59,1529941,581861
59,1906815,581294
59,2322814,580547
59,2679748,579462
59,3077393,578327
59,3490182,576877
59,3887473,575441
59,4261644,573791
59,4677904,571806
59,5056002,569895
59,5432350,567883
59,5807521,565346
59,6204223,562592
59,6593559,560054
59,6970736,557370
59,7344977,554172
59,7749133,550678
59,8138315,547412
59,8530722,543506
59,8909126,539990
59,9280328,536392
59,9633945,532510
59,10013364,527797
59,10386159,523637
59,10789478,518839
59,11175817,514239
59,11530334,509428
59,11886008,504109
59,12279416,499166
59,12635671,493787
59,13032178,487858
59,13427756,482521
59,13790765,476003
59,14200627,471127
59,14595094,466824
59,14991750,460892
59,15364524,456483
59,15751174,451672
59,16156600,446140
59,16552266,441953
59,16927362,437442
59,17326734,432464
59,17751866,428120
59,18137493,424138
59,18553231,419857
59,18957035,416468
59,19323306,412990
59,19728821,409569
59,20138403,406236
59,20529567,403559
59,20907860,400660
59,21322999,398299
59,21674906,396217
59,22032804,393988
59,22447275,392136
59,22805523,390261
59,23202423,388641
59,23612751,387327
59,24011621,386069
59,24384719,385173
59,24759825,384261
59,25163097,383613
59,25554561,383229
59,25930742,382933
59,26330469,382837
59,26699116,382868
59,27096678,382472
59,27489646,382058
59,27865547,381995
59,28285236,381886
59,28675860,381750
59,29032604,381762
59,29428127,381791
59,29807262,381791
59,30180510,381878
59,30580945,381963
59,30990080,382062
59,31385629,382141
59,31768888,382204
59,32156101,382260
59,32531025,382286
59,32889600,382324
59,33282068,382350
59,33657779,382387
59,34053004,382415
59,34432418,382448
59,34829526,382476
59,35216550,382506
59,35591277,382530
59,35970370,382559
59,36363359,382579
59,36720323,382599
59,37096176,382619
59,37489743,382638
59,37888414,382649
59,38261247,382662
59,38657418,382667
59,39034711,382678
59,39426709,382688
59,39789442,382702
59,40158492,382722
59,40550551,382745
59,40941410,382779
59,41329450,382824
59,41748686,382873
59,42136535,382922
59,42530120,382980
59,42931172,383040
59,43327739,383095
59,43747949,383147
59,44136104,383182
59,44496033,383209
59,44865603,383233
59,45259613,383244
59,45632359,383247
59,46011366,383246
59,46383207,383237
59,46772387,383220
59,47160195,383200
59,47529127,383181
59,47887731,383156
59,48283266,383137
59,48656711,383113
59,49053939,383098
59,49432741,383081
59,49828419,383069
59,50240381,383058
59,50635681,383054
59,51031965,383049
59,51429256,383049
59,51824365,383048
59,52237963,383048
59,52592941,383050
59,52971070,383053
59,53363896,383054
59,53716275,383054
59,54136977,383055
59,54530312,383054
59,54885981,383053
59,55259260,383051
59,55634595,383048
59,56011777,383047
59,56384883,383044
59,56748348,383041
59,57155473,383038
59,57528517,383037
59,57911083,383033
59,58283236,383032
59,58678678,383028
59,59052456,383027
59,59447695,383027
59,59867017,383026
59,60258532,383022
59,60634253,383024
59,61013921,383023
59,61403950,383021
59,61769663,383019
59,62155123,383019
59,62528575,383018
59,62888486,383016
59,63280634,383016
59,63656303,383014
59,64035916,383012
59,64426682,383012
59,64788417,383011
59,65187670,383011
59,65555575,383009
59,65947934,383008
59,66363007,383008
59,66716063,383007
59,67113917,383007
59,67496869,383006
59,67907420,383005
59,68300639,383005
59,68654166,383005
59,69044506,383005
59,69429666,383003
59,69803636,383002
59,70199473,383002
59,70614574,383002
59,71011118,382999
59,71383946,383000
59,71750406,383000
59,72113928,382999
59,72466428,382998
59,72865401,382998
59,73236213,382998
59,73591640,382998
59,74009214,382998
59,74363043,382997
59,74715933,382996
59,75117377,382996
59,75490699,382995
59,75888457,382995
59,76281468,382995
59,76654888,382995
59,77031743,382995
59,77425358,382994
59,77788695,382994
60,758931,582987
60,1143132,582637
60,1516501,581940
60,1910963,581452
60,2309875,580674
60,2681683,579742
60,3064373,578623
60,3453178,577455
60,3826786,576065
60,4182538,574423
60,4575787,572832
60,4951175,570981
60,5306205,568758
60,5700611,566646
60,6090652,564000
60,6474591,561168
60,6868047,558534
60,7247847,555399
60,7639492,552481
60,8024570,548848
60,8411622,545492
60,8784050,542000
60,9140238,537956
60,9558021,533633
60,9951448,529570
60,10347954,524814
60,10744669,520074
60,11142119,514895
60,11536770,510086
60,11908762,505427
60,12268628,499889
60,12661435,494536
60,13044069,488574
60,13433850,483310
60,13825741,476748
60,14225577,471676
60,14618491,466810
60,15043655,460884
60,15441690,456479
60,15806479,451664
60,16202856,446800
60,16603386,441943
60,16991974,437439
60,17395429,432452
60,17785587,428606
60,18161899,424668
60,18556346,420928
60,18950784,416932
60,19327361,413441
60,19721422,410447
60,20103110,407080
60,20512891,404343
60,20866913,401755
60,21247310,398960
60,21641073,396521
60,22051020,394557
60,22412637,392402
60,22808017,390723
60,23207107,389049
60,23598807,387523
60,23992208,386218
60,24389518,385307
60,24762815,384483
60,25120539,383751
60,25536090,383279
60,25933183,382963
60,26328760,382841
60,26704486,382880
60,27103372,382552
60,27512815,382098
60,27887250,382002
60,28247757,381939
60,28639543,381774
60,29024477,381755
60,29409995,381796
60,29762406,381776
60,30141279,381816
60,30539690,381900
60,30930106,381987
60,31308491,382106
60,31701280,382176
60,32089026,382254
60,32471432,382297
60,32828468,382323
60,33206480,382353
60,33600740,382379
60,33991026,382409
60,34373163,382438
60,34755376,382464
60,35142813,382489
60,35515635,382515
60,35909525,382541
60,36289107,382571
60,36682444,382592
60,37064104,382614
60,37451858,382634
60,37825456,382654
60,38180436,382671
60,38533419,382689
60,38886598,382705
60,39248829,382719
60,39660612,382731
60,40074387,382741
60,40434505,382754
60,40828322,382770
60,41208113,382787
60,41602800,382815
60,42025439,382852
60,42409783,382894
60,42763868,382938
60,43141209,382997
60,43535520,383046
60,43930081,383101
60,44305576,383144
60,44679604,383181
60,45046540,383212
60,45430223,383232
60,45783617,383240
60,46161929,383244
60,46555995,383243
60,46929214,383233
60,47286719,383214
60,47679774,383194
60,48064744,383171
60,48451897,383151
60,48825461,383131
60,49182494,383109
60,49595725,383095
60,49953124,383079
60,50350584,383066
60,50764482,383060
60,51161686,383055
60,51532634,383052
60,51886741,383051
60,52264281,383052
60,52658064,383052
60,53049756,383053
60,53436615,383055
60,53828836,383056
60,54225717,383055
60,54617444,383054
60,55026367,383053
60,55390132,383052
60,55783074,383050
60,56142146,383047
60,56536941,383044
60,56929254,383042
60,57307408,383038
60,57680998,383037
60,58045144,383034
60,58434919,383032
60,58825721,383028
60,59213332,383028
60,59580383,383027
60,59974031,383024
60,60345785,383024
60,60704847,383022
60,61110956,383020
60,61471122,383020
60,61825808,383020
60,62182348,383018
60,62577068,383018
60,62956107,383018
60,63354285,383018
60,63765326,383015
60,64141748,383015
60,64545789,383015
60,64912190,383014
60,65307928,383012
60,65723292,383012
60,66120801,383012
60,66513473,383010
60,66898969,383008
60,67290190,383008
60,67660666,383007
60,68064038,383007
60,68450545,383005
60,68824399,383005
60,69202268,383005
60,69594819,383005
60,69952936,383004
60,70329133,383003
60,70723458,383003
60,71139056,383003
60,71510962,383003
60,71864776,383002
60,72268377,383002
60,72639007,383002
60,73044529,383002
60,73434206,383002
60,73805224,383000
60,74161572,383000
60,74532193,383000
60,74884787,383000
60,75245127,382999
60,75637941,382999
60,76023670,382999
60,76415362,382999
60,76786864,382998
60,77183393,382998
60,77555499,382998
60,77930792,382998
60,78305752,382998
60,78680926,382997
60,79085452,382997
60,79472383,382997
60,79866033,382997
60,80265241,382997
61,719855,582966
61,1119686,582548
61,1500739,581860
61,1893059,581291
61,2305693,580546
61,2665995,579471
61,3056645,578468
61,3431288,577264
61,3787660,575664
61,4182404,574218
61,4547791,572585
61,4934455,570455
61,5330960,568188
61,5745323,565682
61,6118565,563316
61,6524322,560443
61,6912683,557770
61,7264727,555001
61,7619573,552045
61,8019710,548377
61,8442636,544515
61,8830193,540497
61,9227930,536394
61,9637853,532506
61,10011858,527796
61,10393029,523057
61,10811720,518199
61,11209319,512876
61,11619995,508085
61,11973258,503440
61,12348997,497660
61,12765988,491513
61,13161508,486379
61,13525919,480051
61,13934548,473979
61,14311428,469993
61,14714308,464598
61,15099477,458853
61,15528049,454164
61,15911093,449580
61,16284972,444814
61,16641638,440309
61,17056349,436169
61,17409959,431793
61,17765386,427588
61,18181856,424118
61,18546046,419832
61,18931329,416482
61,19306928,413435
61,19660625,410409
61,20034111,407054
61,20409694,404328
61,20767925,401718
61,21161188,399268
61,21557466,396509
61,21970475,394528
61,22329091,392382
61,22767203,390481
61,23139559,389020
61,23525186,387502
61,23911584,386346
61,24263151,385407
61,24619887,384574
61,25020204,383818
61,25414013,383317
61,25809643,382985
61,26208777,382840
61,26639605,382873
61,27036602,382619
61,27411419,382103
61,27786525,382008
61,28162154,381944
61,28562359,381787
61,28938554,381774
61,29330408,381816
61,29744642,381836
61,30140495,381940
61,30528005,382012
61,30911221,382084
61,31264571,382163
61,31640555,382208
61,32035937,382265
61,32409808,382293
61,32788217,382325
61,33171656,382351
61,33547410,382375
61,33909135,382403
61,34263647,382430
61,34619115,382458
61,34972174,382483
61,35368713,382516
61,35728374,382539
61,36120375,382568
61,36530838,382589
61,36912899,382614
61,37309600,382632
61,37688293,382652
61,38082367,382663
61,38505030,382675
61,38913165,382678
61,39306195,382684
61,39685707,382691
61,40082861,382708
61,40505471,382725
61,40870106,382750
61,41265825,382779
61,41621402,382818
61,42015196,382869
61,42389680,382920
61,42768758,382978
61,43161148,383032
61,43525849,383091
61,43913893,383134
61,44285351,383174
61,44641608,383208
61,45035631,383229
61,45410276,383243
61,45766996,383245
61,46140421,383246
61,46505170,383234
61,46894263,383221
61,47264858,383205
61,47620004,383184
61,47973329,383165
61,48347451,383141
61,48746442,383119
61,49140916,383103
61,49524803,383086
61,49912162,383073
61,50276138,383065
61,50648692,383055
61,51039842,383052
61,51412586,383047
61,51809815,383047
61,52186705,383046
61,52579813,383050
61,52996778,383050
61,53388763,383051
61,53747512,383051
61,54119430,383052
61,54472016,383052
61,54871351,383052
61,55244483,383049
61,55599055,383047
61,55992977,383047
61,56369088,383045
61,56723966,383041
61,57097412,383040
61,57515253,383038
61,57917013,383036
61,58309569,383031
61,58688212,383030
61,59083458,383028
61,59506507,383027
61,59889306,383025
61,60265761,383024
61,60620794,383023
61,61016614,383022
61,61413489,383021
61,61808659,383019
61,62224633,383018
61,62623200,383019
61,63016439,383017
61,63413045,383015
61,63810432,383015
61,64203686,383016
61,64622712,383013
61,65017240,383013
61,65410604,383013
61,65787577,383012
61,66181589,383010
61,66559151,383010
61,66957015,383007
61,67382619,383007
61,67750086,383006
61,68139380,383005
61,68529611,383003
61,68916429,383003
61,69306946,383003
61,69687213,383003
61,70085870,383002
61,70505952,383002
61,70872379,383002
61,71266284,383002
61,71663401,383002
61,72038663,383002
61,72431274,383001
61,72807281,383001
61,73160598,383000
61,73524814,382999
61,73911297,382998
61,74286159,382998
61,74642685,382997
61,75025397,382996
61,75411401,382996
61,75808708,382997
61,76188096,382996
61,76578697,382996
61,76973081,382996
61,77349170,382996
61,77725338,382996
61,78118879,382996
61,78472941,382996
61,78848750,382996
61,79222424,382996
62,760699,582994
62,1119146,582716
62,1498727,582013
62,1891299,581518
62,2243116,580905
62,2599464,579875
62,2996961,578913
62,3400728,577645
62,3788173,576070
62,4162045,574627
62,4516924,573086
62,4892021,571280
62,5264775,569343
62,5626584,566962
62,6020018,564699
62,6404483,561908
62,6790285,559309
62,7185784,556217
62,7564904,552933
62,7999203,549323
62,8401168,545507
62,8788936,542017
62,9182974,537973
62,9558127,533648
62,9999275,528994
62,10379232,524231
62,10787214,520086
62,11139392,515599
62,11500537,510791
62,11892693,505432
62,12287612,500632
62,12645153,494552
62,13038925,488573
62,13458813,482506
62,13849539,476763
62,14225225,471669
62,14623874,467448
62,15016376,461537
62,15400651,456462
62,15811197,451583
62,16207071,446015
62,16625784,441360
62,17039419,436765
62,17448496,432371
62,17815668,428075
62,18187206,424637
62,18566145,420892
62,18962902,416946
62,19328639,413451
62,19726034,410428
62,20119330,407493
62,20495209,404354
62,20891229,401739
62,21244860,399287
62,21599653,396806
62,21994222,394811
62,22347138,392900
62,22751362,390931
62,23122278,389418
62,23518829,387873
62,23892943,386494
62,24309232,385402
62,24703416,384471
62,25122267,383748
62,25537970,383263
62,25935403,382983
62,26313798,382836
62,26688267,382864
62,27061401,382683
62,27436445,382157
62,27843073,382016
62,28204993,381968
62,28601008,381803
62,28994505,381787
62,29379528,381827
62,29786787,381872
62,30139722,381973
62,30498609,382039
62,30890369,382107
62,31264764,382181
62,31623584,382223
62,32015201,382278
62,32399900,382309
62,32807407,382333
62,33160261,382359
62,33520083,382377
62,33913678,382402
62,34288478,382430
62,34704964,382454
62,35099492,382481
62,35497525,382502
62,35891151,382527
62,36243813,382551
62,36603330,382577
62,36993791,382601
62,37350704,382620
62,37727412,382643
62,38121388,382661
62,38498976,382683
62,38891778,382701
62,39285430,382719
62,39666019,382733
62,40057030,382747
62,40434436,382761
62,40835264,382776
62,41246411,382789
62,41623824,382806
62,42017720,382828
62,42420993,382859
62,42809404,382903
62,43201976,382951
62,43569350,383009
62,43958881,383066
62,44378409,383120
62,44789637,383164
62,45180266,383194
62,45542854,383218
62,45915445,383234
62,46309207,383239
62,46689480,383236
62,47085388,383225
62,47497085,383208
62,47889653,383188
62,48263881,383168
62,48622552,383144
62,49018601,383125
62,49404449,383105
62,49787479,383092
62,50161195,383079
62,50522901,383069
62,50911764,383061
62,51286870,383058
62,51643625,383054
62,52046846,383053
62,52422507,383055
62,52805670,383055
62,53182914,383056
62,53538200,383057
62,53931674,383058
62,54307318,383058
62,54663404,383057
62,55056573,383056
62,55565389,383054
62,56092686,383051
62,56599508,383046
62,57040293,383044
62,57454571,383041
62,57851769,383038
62,58246330,383036
62,58645946,383035
62,59016424,383032
62,59426320,383032
62,59790705,383029
62,60182913,383029
62,60539524,383028
62,60911130,383027
62,61288911,383024
62,61686308,383025
62,62083555,383022
62,62497174,383020
62,62893283,383020
62,63286144,383019
62,63665896,383018
62,64036292,383017
62,64401353,383014
62,64791180,383014
62,65160555,383012
62,65515747,383012
62,65911775,383010
62,66287955,383010
62,66705425,383008
62,67099679,383007
62,67478754,383007
62,67874593,383006
62,68279997,383005
62,68645565,383005
62,69043260,383005
62,69423845,383005
62,69810475,383003
62,70203469,383003
62,70623624,383003
62,70997634,383002
62,71401071,383002
62,71765453,383002
62,72120123,383001
62,72477736,383001
62,72850219,382999
62,73247586,382999
62,73622623,382999
62,74018676,382999
62,74421841,382998
62,74790005,382998
62,75182985,382997
62,75559733,382996
62,75958561,382995
62,76380457,382995
62,76744910,382995
62,77150811,382995
62,77543807,382995
62,77911801,382995
63,989436,582901
63,1501384,582096
63,1999293,581379
63,2548619,580289
63,3045011,578934
63,3491906,577665
63,3891226,576080
63,4375842,574020
63,4894833,571572
63,5421848,568779
63,5916675,565689
63,6418578,562276
63,6942668,558547
63,7442201,554608
63,7866328,551608
63,8245350,547905
63,8730037,543019
63,9188123,538472
63,9704768,533072
63,10131824,528392
63,10537264,523639
63,10943904,518835
63,11434371,512865
63,11863866,506736
63,12274683,501329
63,12678680,495325
63,13067958,490019
63,13427868,484854
63,13821602,478343
63,14217617,472782
63,14615647,468124
63,15027448,463035
63,15402324,457628
63,15818306,453536
63,16203835,448117
63,16588261,443009
63,16987219,438588
63,17383242,434229
63,17776799,429582
63,18157620,425655
63,18545782,421963
63,18902344,418334
63,19277760,414723
63,19669972,411700
63,20044013,408717
63,20421638,405856
63,20774072,403177
63,21126923,400307
63,21524336,397998
63,21876406,395921
63,22256290,393977
63,22647634,391890
63,23022652,390253
63,23386356,388632
63,23777598,387330
63,24163116,386060
63,24550386,385158
63,24922073,384369
63,25279045,383677
63,25689389,383262
63,26053842,382956
63,26447895,382835
63,26840290,382863
63,27220318,382550
63,27615297,382113
63,28008638,381993
63,28385043,381937
63,28776170,381799
63,29178034,381773
63,29567778,381818
63,29918653,381872
63,30296927,381957
63,30650432,382023
63,31000718,382093
63,31378674,382177
63,31773342,382219
63,32126360,382272
63,32552278,382301
63,32938939,382326
63,33294954,382356
63,33647196,382375
63,34021252,382408
63,34383741,382428
63,34776592,382454
63,35155576,382487
63,35548210,382509
63,35922494,382540
63,36276509,382559
63,36629286,382583
63,37001193,382607
63,37404384,382628
63,37798900,382649
63,38177867,382666
63,38571761,382682
63,38944708,382691
63,39297319,382696
63,39660209,382704
63,40027151,382709
63,40422825,382719
63,40775834,382731
63,41127273,382749
63,41507044,382778
63,41909616,382812
63,42300995,382862
63,42692743,382909
63,43044791,382961
63,43400611,383017
63,43753132,383067
63,44129404,383122
63,44528325,383168
63,44921939,383199
63,45300095,383227
63,45693878,383242
63,46086604,383246
63,46466400,383246
63,46864363,383238
63,47256659,383223
63,47630986,383205
63,48006220,383184
63,48381553,383162
63,48776693,383140
63,49131395,383120
63,49530952,383103
63,49901168,383089
63,50270086,383076
63,50651820,383066
63,51024760,383060
63,51403912,383056
63,51796422,383054
63,52161906,383054
63,52547905,383054
63,52919284,383054
63,53277806,383057
63,53693804,383057
63,54044256,383058
63,54400134,383058
63,54753613,383057
63,55127461,383056
63,55525439,383054
63,55877590,383052
63,56255966,383051
63,56651136,383046
63,57002986,383046
63,57379530,383043
63,57773964,383041
63,58127372,383038
63,58506746,383037
63,58902280,383036
63,59297467,383032
63,59670846,383031
63,60025093,383030
63,60424399,383028
63,60798756,383027
63,61157349,383027
63,61525237,383025
63,61877788,383025
63,62258529,383022
63,62649549,383021
63,63003663,383021
63,63382157,383020
63,63785735,383020
63,64184008,383017
63,64547786,383015
63,64941162,383015
63,65296514,383013
63,65669674,383013
63,66024075,383012
63,66400790,383011
63,66753870,383011
63,67163876,383009
63,67551148,383009
63,67924069,383007
63,68322574,383007
63,68696167,383007
63,69091827,383006
63,69489438,383006
63,69879972,383006
63,70278883,383005
63,70696429,383005
63,71091410,383005
63,71488774,383005
63,71883721,383003
63,72281100,383002
63,72674303,383002
63,73049432,383001
63,73447781,382999
63,73820515,382999
63,74252709,382999
63,74637362,382999
63,75025718,382998
63,75405673,382998
63,75798079,382998
63,76203641,382998
63,76594000,382998
63,76983975,382998
63,77339467,382998
63,77739350,382998
63,78128252,382997
63,78508504,382996
64,721621,582967
64,1120344,582547
64,1514565,581856
64,1912546,581292
64,2289631,580543
64,2677001,579441
64,3056154,578348
64,3469073,577101
64,3847647,575415
64,4244017,573783
64,4662179,571833
64,5056551,569620
64,5451153,567577
64,5848704,565025
64,6241135,562602
64,6603197,559687
64,6992244,557000
64,7366299,554187
64,7745645,550684
64,8161845,546935
64,8537511,543512
64,8909471,539490
64,9303997,535859
64,9670947,531926
64,10033335,527787
64,10388490,523634
64,10743175,519460
64,11138082,514227
64,11510691,509417
64,11866902,504765
64,12241636,499894
64,12605880,493774
64,12997054,488577
64,13370183,482512
64,13766028,476762
64,14160762,471684
64,14556647,466792
64,14952237,460872
64,15369005,455921
64,15766244,450956
64,16160477,446096
64,16536162,441415
64,16934159,436808
64,17346705,432398
64,17746355,428080
64,18139145,424098
64,18535818,419832
64,18934463,416036
64,19345688,412984
64,19701578,409975
64,20074913,406656
64,20480291,403549
64,20892376,400642
64,21306380,397986
64,21701942,395619
64,22095913,393685
64,22469589,391871
64,22848237,390018
64,23240929,388611
64,23605374,387133
64,24019556,385904
64,24410557,385016
64,24792275,384148
64,25185676,383527
64,25577342,383152
64,25952474,382892
64,26347499,382819
64,26743428,382837
64,27141185,382401
64,27535859,382068
64,27910767,382028
64,28310707,381900
64,28724896,381832
64,29117911,381870
64,29472085,381900
64,29870770,381995
64,30242299,382042
64,30608799,382087
64,30971780,382156
64,31325467,382186
64,31700118,382243
64,32096052,382275
64,32448798,382293
64,32835600,382329
64,33225298,382343
64,33604426,382380
64,33991585,382404
64,34345472,382426
64,34704102,382457
64,35077573,382483
64,35473777,382514
64,35848871,382541
64,36243894,382568
64,36651786,382590
64,37015718,382613
64,37409436,382635
64,37788964,382655
64,38185552,382675
64,38607626,382686
64,38973511,382697
64,39365737,382705
64,39746383,382709
64,40140113,382720
64,40555209,382731
64,40951112,382749
64,41346059,382776
64,41724147,382818
64,42116272,382863
64,42490107,382911
64,42849893,382975
64,43264199,383037
64,43665612,383089
64,44036607,383141
64,44426207,383177
64,44789220,383207
64,45171618,383229
64,45553627,383240
64,45972859,383241
64,46366355,383235
64,46747280,383219
64,47142904,383203
64,47533685,383179
64,47912496,383161
64,48284266,383139
64,48648099,383115
64,49035617,383099
64,49405751,383086
64,49765367,383071
64,50179097,383063
64,50537575,383055
64,50934962,383052
64,51346811,383050
64,51702760,383050
64,52075046,383051
64,52468103,383052
64,52848423,383054
64,53241606,383055
64,53604176,383054
64,53991350,383055
64,54366654,383054
64,54721274,383052
64,55073473,383051
64,55448934,383050
64,55823886,383046
64,56199106,383046
64,56573052,383043
64,56974801,383039
64,57358349,383038
64,57746113,383035
64,58140038,383032
64,58536303,383030
64,58928897,383028
64,59289304,383028
64,59685989,383026
64,60076272,383025
64,60451852,383024
64,60849169,383023
64,61242632,383020
64,61604800,383020
64,61992524,383020
64,62344008,383019
64,62725544,383017
64,63115855,383016
64,63469493,383015
64,63849195,383013
64,64242165,383013
64,64605556,383013
64,64973675,383013
64,65365731,383011
64,65743254,383010
64,66136613,383010
64,66490982,383007
64,66867542,383006
64,67272664,383006
64,67676463,383006
64,68041410,383004
64,68430224,383003
64,68828414,383003
64,69221538,383003
64,69587258,383002
64,69976234,383002
64,70345457,383002
64,70700225,383002
64,71077050,383001
64,71471927,383001
64,71869711,382999
64,72243756,382998
64,72645879,382998
64,73035159,382998
64,73407614,382998
64,73765274,382997
64,74139513,382996
64,74532469,382996
64,74889098,382996
64,75262511,382996
64,75628204,382996
64,76016234,382996
64,76386867,382996
64,76742431,382996
64,77137664,382996
64,77512826,382996
65,724188,582984
65,1088863,582635
65,1462778,582018
65,1834086,581452
65,2277175,580675
65,2650962,579586
65,3053161,578640
65,3439427,577309
65,3835068,575633
65,4232795,574006
65,4627917,572372
65,5014244,570184
65,5407543,568181
65,5775545,565712
65,6174770,563325
65,6552272,560444
65,6941730,557408
65,7339943,554616
65,7735218,551164
65,8130953,547442
65,8526357,544030
65,8901229,540004
65,9299156,536410
65,9676781,531938
65,10073362,527198
65,10464328,523066
65,10857309,518841
65,11213786,513555
65,11612242,508085
65,12012971,503440
65,12401307,497635
65,12794616,492241
65,13150350,486378
65,13545651,480876
65,13919283,475263
65,14275395,470547
65,14669628,466038
65,15046440,460126
65,15443952,455311
65,15858056,450179
65,16291483,444739
65,16675297,440814
65,17070952,436108
65,17463324,431173
65,17856743,427573
65,18233992,423572
65,18627997,419831
65,18992459,416051
65,19378448,413010
65,19752339,409988
65,20108461,406667
65,20523712,403956
65,20876313,401359
65,21239120,398621
65,21630189,396503
65,22015720,394239
65,22423173,392120
65,22822800,390460
65,23193046,388808
65,23585806,387492
65,23959607,386180
65,24357677,385146
65,24772506,384362
65,25129196,383665
65,25544175,383254
65,25899370,382980
65,26254523,382830
65,26657900,382855
65,27064315,382617
65,27428839,382164
65,27795661,382024
65,28198743,381956
65,28609086,381831
65,29015744,381846
65,29380109,381882
65,29774673,381951
65,30149680,382034
65,30548528,382070
65,30941804,382152
65,31339301,382193
65,31735024,382252
65,32131442,382288
65,32502647,382304
65,32856685,382343
65,33214956,382355
65,33606632,382386
65,33990556,382413
65,34381394,382430
65,34753042,382462
65,35107775,382480
65,35501929,382510
65,35877409,382535
65,36232357,382559
65,36630627,382586
65,37012947,382605
65,37400444,382632
65,37771411,382649
65,38131552,382670
65,38547587,382692
65,38973727,382709
65,39358459,382727
65,39752104,382737
65,40130309,382753
65,40523407,382760
65,40908396,382775
65,41298602,382787
65,41668796,382802
65,42032696,382829
65,42419698,382861
65,42773742,382905
65,43155183,382964
65,43546839,383015
65,43940837,383074
65,44338911,383126
65,44731259,383164
65,45087029,383198
65,45462323,383221
65,45854799,383234
65,46233532,383236
65,46627636,383235
65,46990157,383219
65,47399174,383204
65,47751600,383185
65,48107466,383164
65,48482039,383145
65,48834184,383122
65,49237663,383107
65,49607535,383090
65,50013378,383077
65,50403120,383069
65,50775281,383063
65,51203223,383059
65,51590959,383058
65,51964286,383054
65,52357589,383056
65,52734520,383056
65,53129307,383057
65,53544514,383057
65,53898623,383057
65,54255748,383057
65,54649708,383057
65,55047629,383054
65,55439459,383054
65,55792628,383052
65,56151389,383048
65,56543739,383045
65,56917588,383045
65,57274008,383043
65,57646516,383040
65,58012996,383037
65,58397162,383036
65,58771139,383035
65,59126510,383032
65,59478723,383031
65,59833019,383028
65,60214168,383028
65,60605475,383027
65,60958646,383025
65,61377291,383023
65,61732629,383023
65,62150555,383021
65,62543906,383021
65,62898176,383019
65,63252587,383019
65,63627196,383018
65,63990203,383016
65,64400350,383016
65,64795001,383015
65,65162818,383014
65,65526075,383012
65,65921169,383012
65,66293152,383012
65,66646847,383012
65,67012164,383010
65,67398447,383010
65,67770501,383007
65,68147131,383006
65,68500630,383006
65,68855809,383006
65,69230976,383005
65,69605372,383005
65,69957836,383004
65,70356168,383003
65,70729634,383003
65,71086756,383002
65,71459549,383001
65,71832790,383001
65,72250985,382999
65,72626269,382999
65,73018403,382999
65,73397879,382999
65,73751134,382998
65,74107222,382997
65,74482388,382997
65,74878052,382997
65,75265097,382997
65,75651183,382997
65,76043562,382997
65,76420705,382996
65,76799084,382996
65,77191839,382996
65,77586859,382995
66,755575,582985
66,1116883,582636
66,1474546,581937
66,1868305,581456
66,2261012,580683
66,2616152,579733
66,2990594,578790
66,3374971,577521
66,3761320,576079
66,4137581,574627
66,4492380,572896
66,4886427,571032
66,5239123,569038
66,5620628,566675
66,6013132,564399
66,6391841,561531
66,6768082,558912
66,7140268,556228
66,7518885,552927
66,7913486,549305
66,8334999,545505
66,8741743,541503
66,9137083,537947
66,9495086,534193
66,9888225,529570
66,10268709,525404
66,10659982,520688
66,11056324,515575
66,11453821,510078
66,11885854,504772
66,12289042,499147
66,12680239,492995
66,13094090,487852
66,13451167,481703
66,13845682,475986
66,14219285,471667
66,14576084,466781
66,14970342,461556
66,15355039,456464
66,15741059,452268
66,16093925,447406
66,16474781,442452
66,16889813,437967
66,17288981,433577
66,17661507,429049
66,18054034,425119
66,18452091,421398
66,18823309,417856
66,19176498,414727
66,19557891,411251
66,19951020,407875
66,20356957,405082
66,20733975,402058
66,21117412,399609
66,21496231,397088
66,21890309,394788
66,22290292,392892
66,22702396,390923
66,23093408,389204
66,23493838,387679
66,23888139,386335
66,24285402,385391
66,24658320,384457
66,25074551,383812
66,25427893,383352
66,25826727,383005
66,26197950,382847
66,26554366,382846
66,26948634,382731
66,27301881,382266
66,27682823,382013
66,28098035,381975
66,28494763,381830
66,28889762,381811
66,29284046,381854
66,29680473,381921
66,30076271,382012
66,30454818,382058
66,30846588,382124
66,31222033,382181
66,31621100,382225
66,32013973,382271
66,32391143,382293
66,32789085,382329
66,33198514,382347
66,33556901,382370
66,33929627,382406
66,34333451,382430
66,34721277,382459
66,35093883,382482
66,35452023,382510
66,35824158,382536
66,36187039,382561
66,36582379,382583
66,36949208,382604
66,37301883,382627
66,37698251,382647
66,38072742,382663
66,38432776,382679
66,38826897,382686
66,39200121,382691
66,39599318,382695
66,39992351,382701
66,40389186,382714
66,40784027,382734
66,41198361,382757
66,41554584,382797
66,41948178,382841
66,42308155,382890
66,42684078,382951
66,43097332,383015
66,43494074,383068
66,43889495,383124
66,44283336,383173
66,44680376,383208
66,45082944,383231
66,45474844,383243
66,45845737,383246
66,46218397,383245
66,46575347,383232
66,46970330,383216
66,47333653,383196
66,47701259,383173
66,48095319,383151
66,48450323,383129
66,48823885,383111
66,49177442,383092
66,49558694,383078
66,49953164,383064
66,50360416,383058
66,50722319,383050
66,51118964,383050
66,51493582,383046
66,51885833,383047
66,52240373,383050
66,52618988,383051
66,53010964,383053
66,53390544,383054
66,53789642,383054
66,54201738,383054
66,54597928,383054
66,54990375,383053
66,55374958,383051
66,55783623,383049
66,56133073,383046
66,56492846,383043
66,56886101,383042
66,57261619,383038
66,57616597,383036
66,57991263,383034
66,58353520,383031
66,58739391,383030
66,59114412,383029
66,59470273,383028
66,59822590,383028
66,60175937,383026
66,60569133,383026
66,60950070,383023
66,61332322,383023
66,61721972,383021
66,62114897,383021
66,62492872,383019
66,62907384,383019
66,63279059,383018
66,63662287,383017
66,64071497,383015
66,64429668,383014
66,64802435,383013
66,65196305,383012
66,65579891,383011
66,65972942,383011
66,66378368,383009
66,66742782,383008
66,67170148,383007
66,67555952,383007
66,67927245,383006
66,68329998,383006
66,68698695,383005
66,69054645,383005
66,69517503,383003
66,69948844,383003
66,70351898,383003
66,70737048,383002
66,71092253,383000
66,71451320,383001
66,71790458,383001
66,72165959,382999
66,72577584,382999
66,72911732,382998
66,73270463,382997
66,73623991,382997
66,73975267,382997
66,74307634,382997
66,74683344,382996
66,75033807,382996
66,75375746,382996
66,75731193,382995
66,76104169,382995
66,76480400,382995
66,76853965,382995
66,77229810,382993
66,77592524,382993
66,77943575,382993
66,78317921,382993
67,695380,582985
67,1077134,582636
67,1469690,581939
67,1849495,581379
67,2243984,580677
67,2625793,579604
67,3035521,578497
67,3433536,577088
67,3846869,575436
67,4262072,574015
67,4625042,572092
67,5012556,570169
67,5386989,568182
67,5741613,566033
67,6094919,563672
67,6486812,560807
67,6868308,557790
67,7282923,555022
67,7648714,551609
67,8038938,548387
67,8412231,544517
67,8806792,540495
67,9222276,536395
67,9631158,532503
67,9994475,527787
67,10411212,523056
67,10812563,518196
67,11221781,512866
67,11628564,508084
67,11990733,503438
67,12366374,497648
67,12766226,491510
67,13160285,486383
67,13559050,480035
67,13940055,473974
67,14325513,469986
67,14701348,464540
67,15115579,459449
67,15468971,455321
67,15847429,450193
67,16241502,445373
67,16605157,440832
67,17014834,436738
67,17365009,432349
67,17721301,428562
67,18074527,425129
67,18447247,420870
67,18851575,416957
67,19264693,413443
67,19660865,410402
67,20035052,407073
67,20430051,403955
67,20847624,400997
67,21244673,398622
67,21627542,396216
67,22013601,394240
67,22386006,392377
67,22745305,390466
67,23140539,389002
67,23513817,387491
67,23911437,386331
67,24290779,385262
67,24687721,384349
67,25073880,383728
67,25448853,383291
67,25828269,382965
67,26200903,382825
67,26604593,382841
67,26991631,382666
67,27366055,382160
67,27742730,382042
67,28115694,382000
67,28469707,381865
67,28845571,381849
67,29198713,381883
67,29605559,381934
67,30015730,382028
67,30412922,382054
67,30792112,382136
67,31193804,382179
67,31610844,382232
67,31995069,382277
67,32367748,382290
67,32766666,382330
67,33138561,382341
67,33534808,382376
67,33906976,382401
67,34285650,382422
67,34668329,382453
67,35033646,382473
67,35429997,382511
67,35849955,382534
67,36263930,382566
67,36660383,382587
67,37059533,382610
67,37447169,382637
67,37850128,382655
67,38273010,382679
67,38665505,382692
67,39076184,382713
67,39468991,382722
67,39846149,382733
67,40240145,382741
67,40604136,382748
67,40997224,382765
67,41367960,382782
67,41765237,382814
67,42139410,382850
67,42513256,382902
67,42913331,382964
67,43307611,383017
67,43699554,383077
67,44075167,383124
67,44469344,383169
67,44867277,383202
67,45262300,383225
67,45626154,383238
67,46012744,383239
67,46386157,383238
67,46742496,383225
67,47115126,383211
67,47468274,383188
67,47829294,383165
67,48222053,383145
67,48606691,383122
67,48996127,383104
67,49368380,383087
67,49764621,383073
67,50136847,383065
67,50492495,383057
67,50887882,383054
67,51263538,383051
67,51680571,383051
67,52075965,383051
67,52472830,383051
67,52869147,383052
67,53241711,383053
67,53605136,383054
67,53972004,383054
67,54366621,383054
67,54744372,383054
67,55136166,383053
67,55499080,383051
67,55870646,383048
67,56281358,383045
67,56649456,383044
67,57035989,383043
67,57404931,383039
67,57763334,383036
67,58157250,383036
67,58510525,383031
67,58891207,383029
67,59282979,383029
67,59671672,383028
67,60054135,383027
67,60404564,383024
67,60784498,383023
67,61177013,383023
67,61535122,383021
67,61911890,383020
67,62316511,383020
67,62682161,383019
67,63076929,383018
67,63471407,383017
67,63868923,383015
67,64265560,383015
67,64683209,383014
67,65075585,383013
67,65469534,383012
67,65848205,383011
67,66243410,383011
67,66628106,383010
67,67014943,383008
67,67389012,383008
67,67787494,383008
67,68164512,383008
67,68551976,383007
67,68908221,383007
67,69287647,383006
67,69683925,383006
67,70094485,383004
67,70448559,383004
67,70825312,383003
67,71219949,383002
67,71573074,383002
67,71970486,383000
67,72344603,383000
67,72700444,383000
67,73073201,383000
67,73469132,382999
67,73850598,382999
67,74244417,382998
67,74649238,382998
67,75018791,382998
67,75409710,382998
67,75785873,382997
67,76176430,382996
67,76536320,382996
67,76912369,382995
67,77310538,382993
67,77725378,382994
67,78097362,382994
67,78492887,382994
67,78891089,382993
67,79285430,382994
68,699983,582986
68,1062832,582636
68,1439300,581940
68,1834216,581457
68,2225084,580681
68,2620401,579607
68,3016937,578657
68,3391448,577491
68,3744882,576068
68,4099357,574438
68,4496584,572877
68,4870148,571013
68,5230579,568768
68,5619384,566672
68,5995734,564367
68,6372120,561541
68,6766728,558935
68,7129801,555822
68,7517769,552926
68,7889932,549787
68,8246111,545995
68,8660980,542521
68,9014771,539001
68,9372733,534782
68,9766345,530770
68,10152720,526012
68,10542974,521888
68,10914818,516924
68,11311929,512186
68,11709975,506751
68,12099208,501341
68,12499702,495332
68,12893905,490032
68,13271376,484102
68,13686101,477543
68,14079851,472236
68,14476917,468122
68,14848756,463008
68,15228031,457625
68,15600762,453506
68,15995691,448748
68,16374857,443540
68,16744979,439690
68,17098513,434781
68,17521649,430054
68,17932925,426583
68,18308901,422447
68,18707982,418319
68,19097572,414732
68,19496518,411687
68,19869554,408692
68,20226978,405474
68,20620429,402814
68,20994896,400291
68,21380636,397684
68,21749428,395645
68,22154851,393426
68,22539516,391395
68,22935977,389824
68,23309340,388243
68,23710149,386803
68,24098186,385779
68,24496341,384801
68,24890914,384073
68,25268506,383473
68,25665857,383081
68,26058653,382882
68,26437710,382830
68,26828470,382783
68,27247333,382274
68,27661104,382030
68,28017116,382002
68,28414327,381872
68,28808550,381814
68,29191820,381858
68,29624470,381913
68,30016842,382004
68,30374995,382055
68,30791609,382127
68,31200304,382181
68,31584811,382225
68,31974053,382273
68,32375554,382298
68,32769132,382326
68,33155974,382349
68,33540378,382378
68,33935338,382404
68,34311821,382429
68,34707685,382456
68,35079034,382484
68,35476632,382512
68,35849194,382538
68,36228258,382563
68,36605323,382587
68,36973796,382605
68,37354991,382631
68,37727789,382652
68,38099559,382672
68,38497716,382689
68,38870652,382703
68,39227057,382717
68,39621195,382725
68,40015098,382736
68,40393858,382743
68,40768331,382755
68,41170976,382772
68,41559134,382795
68,41932707,382827
68,42314920,382874
68,42713554,382925
68,43080429,382985
68,43477805,383047
68,43873308,383094
68,44247680,383143
68,44639505,383180
68,45014722,383209
68,45373320,383231
68,45766312,383239
68,46130244,383243
68,46520378,383236
68,46912792,383223
68,47270253,383205
68,47661001,383184
68,48014963,383163
68,48394863,383138
68,48787331,383119
68,49152203,383101
68,49537683,383086
68,49922406,383073
68,50313598,383062
68,50687480,383058
68,51061933,383054
68,51458303,383052
68,51869026,383052
68,52224483,383051
68,52618944,383053
68,52993454,383054
68,53376997,383054
68,53769250,383056
68,54188592,383056
68,54579857,383056
68,54997125,383055
68,55406527,383052
68,55769725,383051
68,56172397,383048
68,56559163,383044
68,56932486,383044
68,57289876,383039
68,57661912,383038
68,58016921,383036
68,58372832,383035
68,58765858,383032
68,59150903,383031
68,59538802,383030
68,59909851,383030
68,60267149,383028
68,60661992,383027
68,61036172,383026
68,61395257,383024
68,61810368,383023
68,62205524,383023
68,62622516,383020
68,63017303,383019
68,63414852,383018
68,63807310,383017
68,64171963,383015
68,64557863,383014
68,64912095,383013
68,65291484,383012
68,65686413,383012
68,66059842,383011
68,66461144,383010
68,66872540,383008
68,67280739,383007
68,67642249,383007
68,68036849,383006
68,68412362,383006
68,68768335,383005
68,69173324,383004
68,69540078,383003
68,69933044,383003
68,70311845,383002
68,70707420,383001
68,71130821,383000
68,71520513,383000
68,71910926,382999
68,72309220,382999
68,72703615,382997
68,73057576,382997
68,73413587,382997
68,73808463,382997
68,74194232,382996
68,74584091,382996
68,74973267,382996
68,75377757,382996
68,75769420,382996
68,76154683,382996
68,76540070,382995
68,76914355,382995
68,77312222,382995
68,77686132,382994
68,78083015,382994
69,739290,582992
69,1121816,582635
69,1494826,581943
69,1909286,581458
69,2266248,580681
69,2663155,579757
69,3041357,578654
69,3455327,577296
69,3847027,575884
69,4201143,574447
69,4578602,572621
69,4952616,570756
69,5357027,568493
69,5742935,566344
69,6096435,564032
69,6453075,561559
69,6847441,558548
69,7243358,555823
69,7599245,552508
69,7992028,549331
69,8357887,545995
69,8727224,542026
69,9099120,538487
69,9475182,534771
69,9848280,530173
69,10246130,525418
69,10643468,521293
69,11034625,516262
69,11423012,511488
69,11806045,506094
69,12199489,500634
69,12599494,495341
69,12994520,489307
69,13380206,484099
69,13744893,477551
69,14137322,472805
69,14494951,468750
69,14889240,462977
69,15283685,458209
69,15664629,453477
69,16056387,447985
69,16454329,442947
69,16847310,439095
69,17220867,434757
69,17598381,430043
69,17971839,426570
69,18354760,422428
69,18742715,418802
69,19096647,415610
69,19474178,412109
69,19871473,409114
69,20266575,405866
69,20662999,402799
69,21065006,399949
69,21454609,397695
69,21846087,395356
69,22245155,393158
69,22643386,391160
69,23058213,389408
69,23455772,388053
69,23849499,386634
69,24245971,385518
69,24653077,384584
69,25035871,383899
69,25425417,383357
69,25793013,383047
69,26179820,382862
69,26543848,382835
69,26950216,382733
69,27357412,382213
69,27744036,382052
69,28116985,382028
69,28473175,381864
69,28867971,381861
69,29242028,381894
69,29598634,381919
69,29991691,382021
69,30383839,382057
69,30768760,382116
69,31140949,382182
69,31539486,382210
69,31915255,382276
69,32311961,382297
69,32726986,382332
69,33118790,382351
69,33495448,382374
69,33892101,382404
69,34264972,382425
69,34662774,382450
69,35056284,382477
69,35454481,382504
69,35850340,382536
69,36244584,382557
69,36644893,382585
69,37037682,382608
69,37436209,382631
69,37849977,382654
69,38241662,382672
69,38598733,382690
69,38973107,382706
69,39378036,382723
69,39745718,382735
69,40139881,382746
69,40535550,382758
69,40913781,382769
69,41287601,382788
69,41669147,382805
69,42036912,382834
69,42412253,382876
69,42799268,382924
69,43161249,382977
69,43543527,383034
69,43932429,383089
69,44357198,383140
69,44766123,383180
69,45161624,383207
69,45551758,383227
69,45953363,383235
69,46357371,383236
69,46743797,383227
69,47137511,383210
69,47514208,383191
69,47866991,383174
69,48240769,383152
69,48600242,383130
69,49002635,383111
69,49379790,383095
69,49768024,383081
69,50137276,383072
69,50496762,383064
69,50887933,383058
69,51241798,383057
69,51619685,383054
69,52033715,383054
69,52400439,383055
69,52789644,383056
69,53158192,383056
69,53517838,383057
69,53910824,383057
69,54287977,383058
69,54687232,383057
69,55097343,383056
69,55451723,383053
69,55826163,383053
69,56220450,383048
69,56602005,383045
69,56995832,383041
69,57401821,383040
69,57766854,383036
69,58162611,383035
69,58542981,383033
69,58932430,383031
69,59357481,383029
69,59722965,383029
69,60117725,383028
69,60473487,383026
69,60867606,383026
69,61241978,383024
69,61598785,383022
69,61992524,383020
69,62375591,383020
69,62763473,383020
69,63137822,383019
69,63498264,383018
69,63889208,383017
69,64264932,383017
69,64621717,383015
69,65015683,383013
69,65400862,383013
69,65786192,383013
69,66166223,383012
69,66563053,383011
69,66973450,383009
69,67358066,383008
69,67746243,383008
69,68138355,383007
69,68518719,383006
69,68933229,383006
69,69325186,383006
69,69744323,383005
69,70150145,383004
69,70518093,383003
69,70910356,383002
69,71262044,383002
69,71641190,383001
69,72056273,383000
69,72452657,383000
69,72845192,383000
69,73219567,382998
69,73608377,382998
69,73993542,382997
69,74400372,382997
69,74790226,382997
69,75165950,382997
69,75557415,382997
69,75952502,382997
69,76360856,382996
69,76745134,382996
69,77140527,382996
69,77536432,382996
69,77931296,382995
69,78358220,382994
70,731920,582984
70,1137579,582552
70,1552706,581868
70,1948663,581306
70,2364756,580439
70,2770998,579493
70,3135604,578333
70,3530978,576905
70,3933631,575485
70,4306982,573807
70,4759302,571833
70,5159085,569649
70,5554063,567282
70,5952493,564706
70,6344718,562276
70,6750657,559314
70,7115389,556612
70,7510982,553366
70,7888129,549786
70,8304241,545993
70,8697355,542026
70,9113750,537977
70,9531703,533655
70,9927483,529594
70,10303892,524835
70,10697367,520097
70,11093760,515604
70,11487611,510110
70,11888733,504782
70,12280706,499913
70,12654970,493789
70,13053186,488587
70,13430828,482503
70,13826038,476009
70,14217676,471669
70,14591681,466712
70,14993091,461499
70,15363739,456449
70,15793593,451504
70,16181212,446602
70,16603154,441862
70,16998904,437305
70,17366319,432312
70,17771412,428536
70,18138178,424577
70,18562036,420323
70,18956791,416941
70,19324991,413416
70,19718040,409948
70,20117213,407044
70,20487856,403920
70,20885815,401332
70,21259385,398612
70,21655861,396201
70,22054618,394230
70,22452394,392116
70,22843333,390236
70,23238070,388802
70,23613660,387306
70,24010712,386170
70,24385217,385137
70,24789854,384251
70,25197483,383587
70,25592355,383197
70,25993000,382918
70,26367020,382819
70,26749870,382850
70,27136245,382476
70,27531888,382129
70,27907124,382098
70,28302140,381975
70,28681735,381871
70,29072807,381911
70,29489562,381915
70,29887178,382001
70,30259399,382045
70,30655481,382089
70,31063012,382168
70,31450326,382193
70,31848360,382264
70,32239101,382277
70,32614978,382310
70,33011280,382338
70,33384037,382355
70,33792273,382396
70,34156296,382410
70,34551298,382445
70,34933130,382472
70,35322119,382503
70,35749606,382535
70,36135870,382552
70,36508596,382584
70,36909677,382599
70,37284305,382628
70,37675803,382644
70,38058677,382662
70,38447345,382674
70,38864186,382677
70,39260142,382682
70,39685083,382685
70,40062288,382698
70,40446800,382712
70,40867693,382737
70,41262260,382765
70,41665777,382808
70,42034363,382854
70,42403417,382905
70,42769099,382972
70,43155051,383026
70,43559420,383086
70,43949831,383139
70,44345758,383182
70,44772043,383213
70,45153433,383234
70,45506969,383242
70,45864115,383245
70,46236868,383242
70,46589029,383231
70,46986755,383215
70,47481898,383185
70,47984694,383156
70,48426688,383133
70,48842306,383108
70,49239845,383094
70,49611652,383078
70,49990508,383068
70,50381807,383058
70,50746663,383055
70,51112127,383051
70,51509795,383051
70,51904607,383050
70,52277353,383052
70,52632309,383052
70,52987789,383053
70,53359545,383053
70,53715127,383056
70,54113381,383055
70,54485474,383055
70,54844461,383053
70,55236325,383052
70,55590100,383048
70,55966816,383046
70,56359490,383045
70,56746293,383042
70,57131496,383039
70,57485920,383037
70,57863526,383036
70,58257036,383034
70,58611404,383031
70,58998094,383030
70,59386513,383029
70,59769747,383027
70,60156598,383027
70,60548849,383026
70,60931208,383024
70,61321536,383022
70,61714142,383022
70,62095029,383021
70,62464234,383020
70,62844931,383020
70,63237899,383018
70,63631594,383018
70,63988769,383016
70,64362547,383015
70,64766033,383013
70,65155251,383012
70,65548137,383011
70,65904885,383011
70,66312757,383009
70,66674042,383008
70,67050893,383008
70,67466770,383006
70,67842262,383006
70,68262036,383006
70,68667468,383005
70,69031156,383004
70,69424087,383003
70,69796974,383003
70,70159109,383002
70,70552473,383002
70,70953336,383002
70,71342745,383002
70,71753716,383002
70,72136736,383000
70,72507743,382999
70,72868505,382999
70,73259776,382999
70,73653175,382998
70,74034155,382997
70,74406201,382997
70,74813542,382996
70,75182886,382996
70,75555923,382995
70,75954985,382994
70,76342455,382994
70,76768103,382994
70,77157566,382994
70,77548888,382994
70,77929174,382994
70,78325288,382993
70,78714798,382994
71,767650,582968
71,1141540,582553
71,1515097,581946
71,1891351,581384
71,2282108,580554
71,2677513,579620
71,3077211,578494
71,3473001,577082
71,3869051,575668
71,4239422,574024
71,4633425,572086
71,5033991,570196
71,5405246,567903
71,5823631,565366
71,6217279,562628
71,6633114,559707
71,7032011,557011
71,7405149,553790
71,7817366,550249
71,8228291,546469
71,8616628,543024
71,8990948,538992
71,9379851,535323
71,9764221,530756
71,10159493,526591
71,10529185,521879
71,10951319,516915
71,11349874,512173
71,11719495,506736
71,12118812,502030
71,12534062,495313
71,12935056,490012
71,13300230,484081
71,13693542,478329
71,14092963,472780
71,14489994,468102
71,14881430,462237
71,15275169,457613
71,15647142,453497
71,16005350,448039
71,16401035,443553
71,16786268,439141
71,17169199,434813
71,17543491,430625
71,17898227,427092
71,18251380,423543
71,18605413,419836
71,18998814,416052
71,19390526,412552
71,19795232,409144
71,20201552,406269
71,20575014,403184
71,20964985,400319
71,21377281,398014
71,21731298,395648
71,22136676,393710
71,22515135,391648
71,22909774,390038
71,23280270,388438
71,23676014,387147
71,24071503,385911
71,24447120,385038
71,24831082,384170
71,25213569,383535
71,25607331,383167
71,25986781,382904
71,26400653,382825
71,26764879,382848
71,27175802,382414
71,27567692,382056
71,27923736,382006
71,28293498,381929
71,28650737,381808
71,29008255,381797
71,29399994,381847
71,29782688,381930
71,30173613,382000
71,30571044,382070
71,30967488,382147
71,31359835,382207
71,31763771,382253
71,32134647,382292
71,32525636,382317
71,32903270,382345
71,33297646,382368
71,33672331,382393
71,34069769,382414
71,34446840,382439
71,34845007,382464
71,35254700,382489
71,35604798,382514
71,35986425,382539
71,36382618,382568
71,36796010,382594
71,37203166,382619
71,37571139,382639
71,37985026,382664
71,38378986,382681
71,38731272,382701
71,39128672,382718
71,39502552,382732
71,39857010,382747
71,40230436,382762
71,40627163,382776
71,40988839,382792
71,41381513,382808
71,41787057,382830
71,42173576,382863
71,42568687,382902
71,42965895,382957
71,43356633,383015
71,43763735,383073
71,44152451,383117
71,44527976,383161
71,44923688,383192
71,45297816,383216
71,45693400,383227
71,46070663,383231
71,46465519,383228
71,46883685,383212
71,47275440,383198
71,47626226,383180
71,48006582,383160
71,48420081,383139
71,48782190,383121
71,49168166,383105
71,49520889,383091
71,49878693,383080
71,50250398,383071
71,50606924,383065
71,50982889,383060
71,51375871,383058
71,51730169,383054
71,52112963,383054
71,52500689,383055
71,52860998,383055
71,53235451,383055
71,53628578,383055
71,53985988,383055
71,54378420,383055
71,54762000,383054
71,55151244,383053
71,55521293,383052
71,55876571,383049
71,56234726,383046
71,56607843,383045
71,56984397,383042
71,57379819,383039
71,57733175,383037
71,58131452,383037
71,58500772,383033
71,58860105,383030
71,59273924,383029
71,59625232,383028
71,59983115,383027
71,60357001,383024
71,60749442,383024
71,61163070,383021
71,61523457,383021
71,61878503,383021
71,62230094,383020
71,62605122,383020
71,63008860,383018
71,63400407,383017
71,63781177,383015
71,64170851,383015
71,64522587,383013
71,64876991,383013
71,65250601,383012
71,65604810,383011
71,65981119,383011
71,66375897,383010
71,66729976,383009
71,67156436,383009
71,67567117,383009
71,67922647,383006
71,68316427,383006
71,68690312,383007
71,69071054,383007
71,69458993,383006
71,69830776,383005
71,70218226,383005
71,70625233,383005
71,70985388,383005
71,71377315,383001
71,71750799,383001
71,72147834,383002
71,72520863,383002
71,72878800,383001
71,73230007,383000
71,73620194,382999
71,74014710,382999
71,74380562,382999
71,74789294,382998
71,75152350,382998
71,75545716,382998
71,75900849,382997
71,76273130,382997
71,76625984,382997
71,76984499,382997
71,77379498,382997
71,77764995,382997
71,78152762,382997
71,78524259,382998
71,78880641,382997
72,734108,582987
72,1137834,582553
72,1537123,581868
72,1930257,581379
72,2337991,580553
72,2740504,579486
72,3117677,578352
72,3553431,576698
72,3990054,575057
72,4408074,573347
72,4798461,571558
72,5219502,569061
72,5636136,566651
72,6027586,564014
72,6447034,561180
72,6872902,558155
72,7262520,555407
72,7636980,552043
72,8027050,548374
72,8428791,545004
72,8819790,541002
72,9214463,537447
72,9580276,533071
72,9971069,528985
72,10355761,524231
72,10742592,519467
72,11132038,514917
72,11536054,509431
72,11928764,504108
72,12352133,498407
72,12741312,492271
72,13132782,487126
72,13534768,480883
72,13927568,474620
72,14331961,470563
72,14695334,465344
72,15090391,459500
72,15489781,455320
72,15868471,450931
72,16235812,445434
72,16632810,440843
72,17050190,436164
72,17446570,431832
72,17839803,427605
72,18217487,423577
72,18633807,419307
72,19055478,415548
72,19452400,412103
72,19840903,409101
72,20237216,405799
72,20632598,402786
72,21028665,399946
72,21425557,397669
72,21821413,395358
72,22216126,393167
72,22634001,391158
72,23027164,389414
72,23447845,387869
72,23841460,386641
72,24237100,385535
72,24622799,384678
72,24991884,383873
72,25396230,383410
72,25762581,383042
72,26153948,382833
72,26556491,382823
72,26926632,382717
72,27335445,382241
72,27698094,381983
72,28090411,381965
72,28468670,381814
72,28861773,381749
72,29240288,381788
72,29638369,381823
72,30049491,381923
72,30467047,381997
72,30865403,382081
72,31260507,382145
72,31656548,382197
72,32040737,382248
72,32409802,382276
72,32801231,382312
72,33173608,382343
72,33601270,382376
72,33998565,382409
72,34383191,382443
72,34806261,382480
72,35199451,382509
72,35573567,382534
72,35948027,382565
72,36352021,382590
72,36760886,382615
72,37153025,382629
72,37555905,382638
72,37926133,382644
72,38339966,382650
72,38737642,382656
72,39132717,382670
72,39550433,382688
72,39924228,382712
72,40331439,382737
72,40695176,382773
72,41090300,382815
72,41469268,382866
72,41861208,382916
72,42237780,382976
72,42632185,383037
72,43048761,383096
72,43446215,383140
72,43818987,383184
72,44237284,383215
72,44640065,383240
72,45052105,383250
72,45451543,383253
72,45823820,383246
72,46216291,383233
72,46596515,383214
72,46988948,383195
72,47378883,383170
72,47781461,383145
72,48173980,383121
72,48573217,383103
72,48944766,383085
72,49352702,383073
72,49736756,383060
72,50130191,383055
72,50492818,383050
72,50886658,383047
72,51307881,383045
72,51697766,383049
72,52068315,383050
72,52461192,383052
72,52821592,383052
72,53193815,383056
72,53553007,383056
72,53944497,383056
72,54331902,383054
72,54717464,383052
72,55110563,383051
72,55489232,383048
72,55860813,383045
72,56259808,383042
72,56644874,383040
72,57028754,383037
72,57425631,383036
72,57819745,383034
72,58193127,383031
72,58554307,383031
72,58947496,383029
72,59332130,383028
72,59694670,383027
72,60090936,383026
72,60467527,383024
72,60861224,383023
72,61234927,383021
72,61593220,383021
72,61987038,383020
72,62383737,383019
72,62777477,383017
72,63173492,383017
72,63573660,383016
72,63945094,383014
72,64352598,383014
72,64743111,383013
72,65136295,383012
72,65553690,383011
72,65945945,383011
72,66351813,383011
72,66737696,383010
72,67131584,383008
72,67555648,383008
72,67946163,383007
72,68352290,383007
72,68750273,383005
72,69118447,383005
72,69490309,383005
72,69866215,383005
72,70240138,383004
72,70635224,383002
72,71027196,383002
72,71426582,383002
72,71819245,383002
72,72193752,383000
72,72593009,382999
72,73007602,382999
72,73404045,382999
72,73799572,382998
72,74173720,382998
72,74558376,382998
72,74947925,382998
72,75351960,382998
72,75738750,382998
72,76131735,382996
72,76550656,382996
72,76944879,382996
72,77349443,382996
72,77739724,382995
73,720242,582967
73,1099610,582551
73,1473802,581939
73,1849114,581369
73,2219946,580673
73,2599777,579766
73,2973154,578606
73,3371799,577257
73,3769262,575891
73,4140248,574217
73,4545203,572569
73,4933773,570462
73,5324806,568472
73,5685027,565992
73,6080062,563331
73,6468582,560820
73,6848754,558148
73,7219755,555009
73,7617969,551612
73,8012515,548384
73,8366259,545021
73,8742175,541516
73,9137195,537454
73,9523833,533651
73,9910141,529001
73,10283469,524835
73,10640412,520098
73,11036320,515605
73,11430872,510119
73,11832112,504787
73,12223477,499912
73,12620080,493796
73,13010869,488593
73,13366972,483319
73,13723565,476773
73,14114916,472241
73,14499290,467456
73,14888733,462277
73,15241784,457631
73,15620442,452869
73,16014897,448045
73,16408610,442987
73,16787083,438546
73,17201866,433573
73,17599266,429576
73,17971384,425620
73,18366114,421931
73,18721916,418315
73,19115686,414697
73,19501308,411253
73,19890513,408287
73,20261955,405458
73,20638892,402443
73,21033183,399962
73,21385552,397688
73,21746996,395644
73,22136611,393432
73,22523673,391637
73,22888604,389819
73,23284382,388237
73,23683413,386961
73,24054255,385765
73,24506974,384780
73,24866500,384055
73,25255048,383455
73,25644281,383062
73,26036885,382863
73,26430875,382810
73,26826694,382760
73,27219638,382316
73,27598995,382028
73,27992572,382018
73,28376847,381863
73,28766922,381837
73,29158754,381876
73,29542984,381910
73,29934808,382007
73,30310852,382054
73,30706069,382124
73,31116676,382171
73,31469766,382215
73,31867109,382260
73,32240690,382284
73,32597733,382310
73,32970366,382337
73,33365209,382356
73,33721875,382385
73,34095734,382408
73,34469637,382438
73,34848756,382463
73,35222005,382495
73,35638643,382525
73,36032878,382549
73,36389560,382573
73,36762742,382599
73,37156759,382621
73,37529415,382639
73,37888206,382661
73,38282984,382677
73,38639265,382689
73,39035991,382701
73,39431568,382711
73,39825982,382722
73,40240853,382731
73,40598500,382746
73,40991705,382765
73,41365218,382793
73,41722793,382835
73,42137202,382880
73,42501987,382939
73,42888049,382993
73,43262395,383049
73,43622496,383104
73,44011626,383146
73,44364604,383182
73,44743671,383213
73,45136387,383231
73,45521875,383242
73,45911171,383242
73,46282072,383237
73,46638553,383221
73,47032248,383204
73,47385683,383182
73,47766717,383159
73,48159822,383136
73,48546730,383115
73,48933255,383096
73,49336894,383080
73,49745811,383067
73,50139360,383058
73,50544539,383053
73,50934723,383050
73,51322873,383049
73,51701203,383050
73,52117091,383052
73,52521356,383052
73,52919201,383056
73,53284305,383057
73,53658880,383056
73,54054629,383055
73,54407009,383055
73,54764652,383054
73,55137107,383052
73,55498280,383050
73,55892766,383046
73,56264766,383045
73,56660999,383043
73,57033270,383038
73,57388540,383036
73,57788253,383035
73,58157325,383033
73,58541497,383030
73,58930732,383028
73,59325414,383028
73,59744171,383027
73,60137735,383024
73,60545615,383024
73,60907854,383022
73,61281656,383022
73,61639874,383020
73,62035571,383019
73,62428740,383019
73,62804473,383018
73,63157268,383017
73,63542504,383016
73,63929485,383013
73,64306497,383013
73,64704900,383013
73,65115305,383012
73,65468718,383010
73,65891054,383009
73,66282459,383008
73,66659712,383007
73,67054515,383006
73,67429416,383006
73,67783783,383006
73,68178517,383006
73,68542461,383005
73,68930421,383005
73,69326988,383005
73,69743040,383003
73,70135521,383003
73,70498996,383002
73,70908197,383001
73,71260206,383001
73,71616643,382998
73,71973830,382998
73,72345223,382998
73,72744676,382998
73,73137247,382996
73,73532908,382995
73,73931376,382996
73,74327115,382996
73,74741330,382996
73,75137885,382996
73,75542868,382996
73,75930792,382996
73,76328680,382996
73,76744478,382996
74,727979,582986
74,1096228,582555
74,1489803,581872
74,1903560,581303
74,2298187,580589
74,2671998,579650
74,3055560,578437
74,3446248,577104
74,3844934,575729
74,4222142,574007
74,4617414,572081
74,5009054,570219
74,5402502,568191
74,5754954,565690
74,6155751,562996
74,6549974,560451
74,6926377,557386
74,7321322,554610
74,7715221,551164
74,8095172,547915
74,8468041,544028
74,8878439,539994
74,9309690,535859
74,9758515,530755
74,10168704,525996
74,10546746,521880
74,10914146,517555
74,11265192,512858
74,11619861,508066
74,11990055,503415
74,12328066,498388
74,12697904,493000
74,13036673,487836
74,13410660,482488
74,13792935,475995
74,14164398,471662
74,14516069,467429
74,14917999,461519
74,15313896,457028
74,15665304,452862
74,16022179,448041
74,16399327,443552
74,16750625,439134
74,17145018,434825
74,17520746,430645
74,17880014,427101
74,18249715,423015
74,18644286,419325
74,19031101,415597
74,19426262,412123
74,19858013,408710
74,20243544,405460
74,20651723,402804
74,21032907,399966
74,21423003,397700
74,21775675,395372
74,22174744,393452
74,22546912,391666
74,22924456,389848
74,23318385,388462
74,23673155,387175
74,24028924,385940
74,24422094,385051
74,24820687,384180
74,25221343,383550
74,25619572,383172
74,26010727,382909
74,26383825,382833
74,26790176,382844
74,27155661,382405
74,27550630,382045
74,27927838,381994
74,28323566,381878
74,28716618,381778
74,29095381,381799
74,29493664,381855
74,29884101,381945
74,30262495,382011
74,30633253,382083
74,31030583,382149
74,31425694,382204
74,31829334,382254
74,32217660,382285
74,32614189,382316
74,33028319,382343
74,33424654,382368
74,33827458,382396
74,34214505,382418
74,34570973,382448
74,34986685,382477
74,35380415,382508
74,35756153,382536
74,36157516,382561
74,36533509,382588
74,36926956,382614
74,37342017,382638
74,37742025,382657
74,38112795,382677
74,38508317,382692
74,38884111,382704
74,39279965,382714
74,39675568,382719
74,40050504,382729
74,40446770,382739
74,40828634,382757
74,41238061,382779
74,41593965,382817
74,41995522,382856
74,42360730,382901
74,42715201,382959
74,43112968,383021
74,43526596,383073
74,43883985,383121
74,44256096,383166
74,44661197,383201
74,45051255,383226
74,45423334,383238
74,45790603,383244
74,46154563,383243
74,46547051,383235
74,46905994,383220
74,47278138,383203
74,47630271,383182
74,48006861,383158
74,48382460,383135
74,48754649,383113
74,49158646,383095
74,49539960,383081
74,49927421,383067
74,50323386,383059
74,50696606,383054
74,51094288,383050
74,51469569,383049
74,51844849,383049
74,52221682,383049
74,52594713,383051
74,53035228,383052
74,53425313,383054
74,53826913,383054
74,54235875,383055
74,54594243,383054
74,54991925,383052
74,55403070,383051
74,55775442,383047
74,56173798,383045
74,56526977,383044
74,56882018,383040
74,57254371,383038
74,57629402,383035
74,58033785,383033
74,58425676,383031
74,58831095,383028
74,59196383,383027
74,59592649,383027
74,59972345,383022
74,60363022,383023
74,60786962,383023
74,61174703,383021
74,61549380,383020
74,61927846,383020
74,62320833,383020
74,62738389,383018
74,63132132,383017
74,63525684,383015
74,63906097,383015
74,64276341,383013
74,64629138,383013
74,65030598,383011
74,65421793,383010
74,65807600,383008
74,66195364,383007
74,66567653,383007
74,66924300,383006
74,67320171,383005
74,67693051,383005
74,68049926,383005
74,68422803,383003
74,68775537,383003
74,69188840,383003
74,69548738,383002
74,69906795,383002
74,70301503,383002
74,70674507,383001
74,71073244,383001
74,71446392,382999
74,71841492,382999
74,72241916,382999
74,72640345,382999
74,73029297,382998
74,73426756,382997
74,73829658,382997
74,74226702,382997
74,74612623,382997
74,75030998,382996
74,75424376,382996
74,75828267,382996
74,76194818,382996
74,76548065,382995
74,76904067,382993
74,77278082,382993
74,77673256,382994
74,78029369,382993
74,78422580,382993
74,78834780,382994
75,738056,582986
75,1121209,582553
75,1514466,581941
75,1891309,581371
75,2307724,580562
75,2708100,579635
75,3101681,578443
75,3474132,577074
75,3872087,575700
75,4246951,574001
75,4663435,572064
75,5062333,569920
75,5470808,567876
75,5828133,565353
75,6222281,562982
75,6609804,560065
75,6998222,557379
75,7372846,554193
75,7790577,550696
75,8182853,546951
75,8578904,543521
75,8953458,539483
75,9347414,535854
75,9705251,531931
75,10077232,527188
75,10474277,523051
75,10849426,518196
75,11244001,513547
75,11628665,508076
75,12036047,503427
75,12388744,498394
75,12765942,492254
75,13207966,485619
75,13611476,480040
75,13977815,473983
75,14368745,469979
75,14747975,464587
75,15142015,459508
75,15515935,454739
75,15914374,450214
75,16312084,444790
75,16705318,440295
75,17099737,435518
75,17492840,431245
75,17871563,427124
75,18267833,423581
75,18664057,419307
75,19040202,416012
75,19413540,412538
75,19821841,409125
75,20223088,405841
75,20628691,403164
75,21017917,400307
75,21388812,398003
75,21766132,395643
75,22160993,393441
75,22612247,391411
75,22995089,389620
75,23389324,388249
75,23765204,386814
75,24161805,385662
75,24575290,384678
75,24975687,383974
75,25352003,383421
75,25745763,383045
75,26142132,382867
75,26516709,382842
75,26915188,382777
75,27286729,382260
75,27704762,382005
75,28098819,381967
75,28495636,381831
75,28869580,381768
75,29265178,381806
75,29663897,381856
75,30056974,381957
75,30450898,382021
75,30832585,382098
75,31224798,382171
75,31630673,382215
75,31994430,382259
75,32347442,382287
75,32702626,382312
75,33076864,382342
75,33472851,382369
75,33828259,382397
75,34200655,382426
75,34605912,382456
75,34994351,382484
75,35368166,382512
75,35726433,382540
75,36098842,382566
75,36492377,382591
75,36851640,382611
75,37222863,382636
75,37640133,382656
75,38037419,382676
75,38450944,382686
75,38849605,382696
75,39221719,382703
75,39574932,382709
75,39976376,382721
75,40346667,382735
75,40703243,382756
75,41100399,382784
75,41475554,382822
75,41872808,382865
75,42263709,382920
75,42650107,382983
75,43059614,383041
75,43470667,383092
75,43828735,383140
75,44222340,383180
75,44586174,383210
75,44994985,383233
75,45388078,383241
75,45764989,383244
75,46160035,383239
75,46533306,383227
75,46896763,383209
75,47310440,383186
75,47705478,383164
75,48078952,383141
75,48472740,383118
75,48849642,383100
75,49245631,383082
75,49648258,383070
75,50013450,383060
75,50367999,383056
75,50729957,383051
75,51099001,383049
75,51494354,383048
75,51869575,383048
75,52265243,383051
75,52665268,383052
75,53039093,383052
75,53428893,383054
75,53811957,383054
75,54199745,383054
75,54577395,383053
75,54975108,383052
75,55368502,383048
75,55745506,383048
75,56118547,383044
75,56471776,383043
75,56829694,383039
75,57222318,383037
75,57609073,383036
75,57997060,383034
75,58370275,383029
75,58769222,383029
75,59160752,383029
75,59535661,383028
75,59889943,383026
75,60263160,383024
75,60627375,383024
75,61015570,383023
75,61388179,383022
75,61747745,383021
75,62150761,383020
75,62535403,383019
75,62911782,383019
75,63283995,383016
75,63648213,383015
75,64036317,383013
75,64387795,383013
75,64746263,383012
75,65120169,383012
75,65513338,383010
75,65868663,383010
75,66264047,383009
75,66627282,383008
75,67015414,383007
75,67420782,383007
75,67812876,383006
75,68202789,383006
75,68595908,383004
75,69030996,383004
75,69411274,383004
75,69794313,383003
75,70183155,383002
75,70608658,383001
75,70995944,383001
75,71370216,382999
75,71766861,382999
75,72161944,382999
75,72558638,382998
75,72952383,382998
75,73347349,382996
75,73726496,382996
75,74120037,382996
75,74492998,382996
75,74851663,382996
75,75267121,382996
75,75665493,382996
75,76057645,382996
75,76451316,382996
75,76849327,382996
75,77243768,382996
75,77608435,382996
76,735751,582983
76,1140540,582551
76,1534886,581937
76,1911072,581370
76,2305220,580680
76,2681318,579636
76,3090551,578600
76,3456289,577262
76,3825761,575904
76,4208469,574434
76,4574893,572581
76,4970926,570473
76,5365660,568469
76,5743108,565993
76,6176857,563334
76,6554236,560814
76,6933561,557762
76,7328437,554599
76,7741322,551149
76,8141847,547903
76,8510670,544519
76,8864753,541002
76,9244340,536917
76,9636773,532504
76,10044235,528389
76,10410685,523640
76,10803888,519467
76,11180275,514229
76,11574055,509422
76,11927726,504774
76,12304614,499161
76,12698993,493784
76,13080657,487859
76,13457574,482514
76,13823797,476772
76,14205040,471687
76,14579459,467491
76,14953362,462327
76,15326747,457066
76,15718306,452904
76,16107657,447397
76,16497126,442463
76,16908320,437973
76,17306796,433611
76,17679691,429091
76,18074987,425634
76,18468444,421412
76,18843145,417836
76,19219875,414252
76,19615485,411245
76,19987719,407853
76,20390346,404669
76,20804394,401704
76,21200966,398934
76,21599066,396780
76,21990043,394516
76,22385941,392629
76,22741197,390682
76,23136319,389196
76,23488139,387851
76,23863643,386627
76,24240870,385507
76,24635715,384658
76,24988752,383957
76,25391576,383399
76,25788557,383031
76,26182867,382838
76,26577152,382826
76,26971725,382719
76,27367609,382189
76,27742455,381997
76,28118712,381970
76,28514061,381835
76,28887690,381790
76,29285309,381836
76,29676069,381893
76,30062789,382000
76,30452912,382050
76,30827147,382109
76,31202376,382169
76,31597865,382213
76,32033890,382258
76,32409132,382283
76,32781350,382311
76,33138549,382341
76,33531008,382365
76,33885510,382393
76,34264485,382422
76,34657277,382451
76,35043633,382483
76,35429030,382511
76,35801652,382539
76,36162805,382566
76,36561571,382590
76,36929947,382615
76,37328087,382637
76,37699375,382655
76,38101502,382670
76,38510601,382679
76,38863892,382687
76,39242430,382694
76,39615104,382703
76,39987384,382716
76,40399923,382732
76,40785808,382755
76,41180950,382791
76,41576702,382830
76,41952928,382883
76,42344477,382935
76,42706153,382987
76,43090525,383047
76,43488912,383104
76,43884709,383145
76,44242237,383188
76,44635343,383215
76,45010271,383235
76,45409177,383242
76,45781240,383243
76,46136798,383240
76,46530418,383224
76,46905786,383209
76,47285739,383185
76,47678262,383163
76,48042754,383137
76,48432195,383118
76,48813268,383095
76,49206621,383082
76,49593764,383064
76,50025575,383056
76,50391249,383049
76,50778158,383046
76,51150341,383044
76,51500539,383044
76,51853695,383044
76,52229103,383048
76,52630907,383050
76,52991508,383050
76,53356549,383051
76,53746229,383052
76,54089043,383053
76,54380076,383053
76,54690886,383051
76,54981255,383050
76,55300736,383049
76,55608428,383046
76,55928321,383044
76,56232820,383043
76,56528064,383039
76,56835454,383039
76,57153702,383038
76,57463581,383033
76,57754039,383033
76,58065573,383030
76,58383775,383030
76,58714990,383028
76,59058326,383027
76,59384807,383027
76,59738517,383025
76,60097326,383025
76,60448509,383024
76,60802609,383023
76,61158134,383020
76,61533082,383020
76,61886326,383020
76,62243698,383019
76,62596586,383017
76,62954085,383015
76,63295240,383016
76,63662253,383013
76,63994122,383012
76,64369819,383012
76,64723559,383011
76,65066652,383011
76,65411131,383010
76,65763396,383009
76,66104832,383007
76,66499091,383007
76,66874573,383006
76,67235138,383006
76,67629600,383005
76,67985608,383005
76,68378437,383005
76,68748358,383004
76,69127296,383003
76,69505167,383003
76,69881917,383003
76,70254377,383002
76,70608613,383002
76,70984446,383002
76,71388458,383000
76,71781025,383000
76,72139725,382999
76,72512613,382998
76,72908065,382998
76,73285286,382997
76,73679971,382996
76,74077730,382996
76,74452115,382996
76,74827846,382996
76,75228143,382994
76,75595993,382994
76,75990192,382994
76,76393624,382994
76,76783296,382993
76,77181454,382993
76,77575407,382993
76,77975406,382991
76,78346485,382991
77,721595,582984
77,1106684,582639
77,1500344,581939
77,1874727,581442
77,2251749,580682
77,2624311,579773
77,3009268,578593
77,3417461,577439
77,3769090,576112
77,4132678,574434
77,4528529,572823
77,4896156,571012
77,5251885,569065
77,5623863,566950
77,5977355,564363
77,6373573,561914
77,6745999,559304
77,7106787,556204
77,7495977,553359
77,7874687,549781
77,8273442,546469
77,8666571,542519
77,9087944,538485
77,9457487,534770
77,9831108,530178
77,10212795,526016
77,10582555,521309
77,11007299,516280
77,11397772,511505
77,11790977,506105
77,12167167,500640
77,12567327,495347
77,12988595,488592
77,13379267,483320
77,13746399,477551
77,14128104,472235
77,14522160,467440
77,14916933,462257
77,15293336,457031
77,15709254,452196
77,16106564,447321
77,16480001,442419
77,16872857,438526
77,17249762,433560
77,17649016,429065
77,18064998,425105
77,18457791,421384
77,18833647,417375
77,19230405,414263
77,19624084,410815
77,20008643,407453
77,20415536,404690
77,20769957,402071
77,21127724,399277
77,21520662,397097
77,21896101,394808
77,22313520,392640
77,22706735,390933
77,23084799,389212
77,23476418,387864
77,23867426,386484
77,24254615,385386
77,24666677,384448
77,25066298,383726
77,25479376,383240
77,25899667,382931
77,26294132,382810
77,26664462,382838
77,27033342,382591
77,27417164,382139
77,27796070,382022
77,28193207,381947
77,28604151,381818
77,29012131,381856
77,29377575,381875
77,29770363,381947
77,30147529,382031
77,30546117,382064
77,30919426,382144
77,31317769,382184
77,31727415,382232
77,32094102,382271
77,32458458,382298
77,32851525,382330
77,33208191,382356
77,33604133,382384
77,34001720,382418
77,34378154,382439
77,34748451,382469
77,35105520,382497
77,35499835,382524
77,35872730,382549
77,36228808,382575
77,36626211,382597
77,37010965,382620
77,37399723,382636
77,37772214,382651
77,38170773,382656
77,38548348,382662
77,38940239,382666
77,39315240,382674
77,39710049,382685
77,40084059,382700
77,40478407,382715
77,40834121,382737
77,41208429,382768
77,41602112,382811
77,41956981,382864
77,42358123,382917
77,42751047,382977
77,43146822,383041
77,43562350,383092
77,43916897,383143
77,44316482,383186
77,44727840,383213
77,45082452,383232
77,45457548,383244
77,45853158,383246
77,46208553,383242
77,46581405,383229
77,46977514,383210
77,47376439,383190
77,47759778,383167
77,48150576,383145
77,48520876,383121
77,48917123,383105
77,49298697,383087
77,49689657,383072
77,50104881,383061
77,50501851,383056
77,50875254,383051
77,51273805,383049
77,51667784,383049
77,52067099,383050
77,52457270,383051
77,52830738,383051
77,53229062,383054
77,53625335,383054
77,54010848,383054
77,54400357,383054
77,54770276,383052
77,55126163,383050
77,55521009,383050
77,55895577,383045
77,56292018,383044
77,56669624,383042
77,57066366,383037
77,57477110,383036
77,57830581,383034
77,58218533,383031
77,58604692,383029
77,59011907,383028
77,59377200,383026
77,59772935,383024
77,60168266,383023
77,60567974,383023
77,60957292,383022
77,61333598,383020
77,61728673,383020
77,62126980,383020
77,62499997,383019
77,62896093,383017
77,63272743,383015
77,63666667,383015
77,64063278,383012
77,64455032,383012
77,64851572,383010
77,65209448,383010
77,65605369,383009
77,65977093,383007
77,66396272,383006
77,66790482,383006
77,67166903,383006
77,67573140,383005
77,67990050,383005
77,68375008,383004
77,68768567,383003
77,69146903,383002
77,69518465,383002
77,69872071,383002
77,70233177,383001
77,70626168,383000
77,71013532,382999
77,71396753,382998
77,71770391,382998
77,72127656,382998
77,72548681,382998
77,72940089,382998
77,73313377,382997
77,73708744,382997
77,74105532,382997
77,74478381,382996
77,74872161,382995
77,75254251,382995
77,75667962,382995
77,76068274,382994
77,76479781,382994
77,76872517,382994
77,77252027,382994
77,77645050,382993
77,78009180,382992
77,78401916,382992
78,740179,582986
78,1108545,582553
78,1500977,581864
78,1895250,581376
78,2271308,580584
78,2665569,579625
78,3084216,578415
78,3457882,577098
78,3851402,575706
78,4247225,573976
78,4624620,572062
78,5030202,570202
78,5397856,567872
78,5809363,565671
78,6172951,562978
78,6561752,560056
78,6988090,557374
78,7355615,554194
78,7727317,551153
78,8103817,547908
78,8498331,544027
78,8872540,540501
78,9227435,536922
78,9601182,533075
78,9957215,528398
78,10355542,524239
78,10726737,520089
78,11081710,514915
78,11499111,509428
78,11893758,504782
78,12269541,499168
78,12664158,493798
78,13026827,487877
78,13415714,482531
78,13791916,476044
78,14225851,471151
78,14602006,466754
78,14975211,460831
78,15372278,456480
78,15746455,452207
78,16104978,446626
78,16500526,442422
78,16872180,438520
78,17230061,433543
78,17624795,429558
78,18010767,425594
78,18395011,421902
78,18790595,417833
78,19187879,414262
78,19579959,411239
78,19985698,407460
78,20373109,404701
78,20766894,402074
78,21128255,399278
78,21517271,397094
78,21870687,395081
78,22250504,392897
78,22642430,391161
78,23007037,389410
78,23395744,388053
78,23769134,386635
78,24188766,385514
78,24580932,384679
78,24955468,383891
78,25373972,383351
78,25768261,383037
78,26125817,382857
78,26496790,382823
78,26849746,382809
78,27210519,382329
78,27602872,382064
78,27987325,382045
78,28375608,381902
78,28770169,381850
78,29177401,381889
78,29561991,381915
78,29975491,382018
78,30378456,382046
78,30768044,382115
78,31145231,382164
78,31539906,382205
78,31913187,382254
78,32271375,382284
78,32666311,382313
78,33061972,382343
78,33458553,382370
78,33871031,382402
78,34232785,382426
78,34624485,382453
78,35011356,382479
78,35395851,382512
78,35791558,382536
78,36171430,382564
78,36565373,382590
78,36976147,382615
78,37372405,382637
78,37749237,382659
78,38147870,382677
78,38518601,382691
78,38871430,382704
78,39230024,382718
78,39602060,382727
78,40009335,382737
78,40372254,382741
78,40727987,382754
78,41124776,382766
78,41498949,382788
78,41905788,382816
78,42275496,382860
78,42666779,382916
78,43068476,382970
78,43455194,383029
78,43831985,383081
78,44209326,383130
78,44600819,383169
78,44975697,383202
78,45375831,383223
78,45767588,383234
78,46145288,383236
78,46517423,383234
78,46871776,383224
78,47228263,383203
78,47621363,383185
78,48006736,383162
78,48395277,383142
78,48766425,383120
78,49124043,383102
78,49517335,383086
78,49871662,383073
78,50253260,383062
78,50666817,383054
78,51061788,383050
78,51478909,383047
78,51873492,383047
78,52271437,383048
78,52663754,383048
78,53027256,383050
78,53416881,383051
78,53804229,383053
78,54209683,383053
78,54583250,383053
78,54986549,383053
78,55373156,383051
78,55726491,383049
78,56082063,383045
78,56475974,383044
78,56850708,383041
78,57207066,383037
78,57601535,383036
78,57986847,383034
78,58372924,383031
78,58747535,383030
78,59103381,383028
78,59496693,383027
78,59872436,383026
78,60230613,383024
78,60625415,383024
78,61011865,383023
78,61395949,383022
78,61770340,383021
78,62167964,383020
78,62558534,383018
78,62934101,383017
78,63288866,383016
78,63670360,383015
78,64061451,383014
78,64492989,383013
78,64851603,383013
78,65207313,383012
78,65601414,383012
78,65999963,383009
78,66395983,383009
78,66768352,383009
78,67147320,383007
78,67560161,383006
78,67916957,383006
78,68315469,383006
78,68725598,383005
78,69083656,383004
78,69476957,383004
78,69850969,383003
78,70206940,383002
78,70579103,383001
78,70975129,383001
78,71399828,382999
78,71791577,382998
78,72171015,382998
78,72565719,382998
78,72987380,382998
78,73352882,382998
78,73748210,382998
78,74165212,382998
78,74560305,382998
78,74989507,382998
78,75375437,382998
78,75767423,382996
78,76147815,382996
78,76522362,382996
78,76913543,382996
78,77272024,382996
78,77669091,382995
78,78075067,382995
78,78459911,382994
78,78873156,382993
78,79228643,382992
78,79623025,382992
78,80008189,382992
78,80399875,382991
78,80771304,382991
79,723248,582984
79,1117909,582555
79,1536612,581873
79,1929564,581382
79,2324704,580591
79,2723297,579501
79,3116896,578440
79,3478629,577123
79,3867748,575739
79,4219800,574225
79,4601742,572339
79,4994952,570496
79,5372236,568191
79,5786935,565700
79,6181148,563359
79,6556988,560459
79,6950777,557783
79,7345097,554627
79,7723776,551186
79,8117695,547942
79,8500448,544058
79,8889505,540029
79,9302492,536424
79,9683067,531967
79,10076035,527230
79,10479273,523086
79,10846455,518866
79,11222169,513579
79,11618892,508099
79,12058203,502753
79,12427432,496900
79,12825056,491518
79,13179576,486364
79,13555326,480865
79,13948421,474612
79,14325270,470515
79,14679400,465918
79,15052953,460724
79,15427271,455825
79,15830028,450726
79,16223124,445244
79,16619165,441276
79,16997914,436630
79,17393721,432286
79,17761787,428524
79,18136094,424560
79,18512421,420321
79,18931576,416490
79,19345053,413418
79,19702107,409963
79,20097564,407048
79,20480032,403935
79,20888099,401358
79,21245620,398634
79,21639661,396227
79,22065663,394260
79,22428930,392145
79,22824466,390482
79,23178053,389020
79,23556059,387506
79,23949432,386332
79,24323721,385400
79,24682816,384477
79,25077214,383821
79,25482800,383308
79,25850039,382981
79,26243126,382839
79,26625618,382847
79,26996879,382673
79,27370338,382204
79,27743078,382016
79,28141001,381965
79,28556938,381826
79,28931076,381822
79,29326028,381861
79,29724105,381928
79,30116928,382008
79,30485628,382058
79,30868908,382129
79,31260378,382172
79,31645063,382223
79,32033445,382261
79,32427902,382291
79,32840100,382325
79,33221339,382350
79,33661833,382383
79,34033243,382408
79,34406712,382437
79,34803828,382462
79,35157360,382487
79,35536421,382520
79,35931821,382543
79,36325597,382570
79,36702916,382599
79,37115981,382620
79,37480118,382646
79,37869893,382665
79,38246195,382687
79,38642610,382704
79,39053365,382718
79,39443794,382731
79,39827650,382743
79,40243308,382753
79,40642043,382768
79,41055549,382782
79,41463247,382803
79,41848826,382832
79,42220563,382871
79,42579407,382914
79,42951669,382973
79,43345519,383023
79,43725433,383080
79,44119414,383123
79,44498729,383169
79,44893589,383202
79,45302709,383223
79,45659477,383236
79,46053040,383240
79,46427384,383236
79,46835505,383224
79,47220438,383204
79,47596600,383186
79,47969433,383166
79,48323678,383143
79,48684643,383121
79,49077369,383105
79,49463470,383087
79,49848751,383075
79,50221977,383065
79,50641210,383059
79,51034939,383055
79,51428125,383054
79,51827852,383053
79,52219566,383053
79,52578313,383053
79,52972846,383054
79,53347838,383055
79,53744698,383057
79,54135618,383055
79,54515556,383055
79,54930835,383056
79,55323069,383054
79,55702711,383051
79,56096557,383049
79,56481510,383046
79,56869793,383043
79,57240241,383041
79,57609078,383038
79,57992141,383037
79,58347059,383036
79,58720545,383033
79,59073688,383031
79,59427588,383030
79,59851090,383028
79,60245099,383027
79,60644833,383025
79,61034111,383023
79,61442171,383021
79,61805728,383020
79,62199419,383020
79,62554898,383020
79,62951866,383016
79,63326113,383017
79,63723438,383016
79,64097388,383016
79,64497327,383014
79,64873483,383013
79,65266529,383013
79,65682518,383012
79,66072715,383011
79,66460431,383009
79,66848584,383008
79,67218617,383007
79,67588650,383007
79,67951404,383006
79,68344341,383005
79,68701567,383005
79,69094642,383004
79,69478996,383003
79,69867542,383003
79,70239275,383002
79,70600048,383002
79,70993232,383001
79,71379592,383001
79,71746512,383001
79,72136243,383001
79,72496454,382999
79,72895224,382999
79,73309586,382999
79,73682811,382998
79,74073982,382997
79,74439182,382997
79,74804392,382997
79,75155970,382996
79,75535972,382996
79,75931401,382996
79,76325775,382996
79,76722571,382995
79,77096957,382994
79,77497422,382995
79,77868083,382995
79,78268301,382994
79,78683701,382994
80,712463,582991
80,1072272,582637
80,1490222,581947
80,1864805,581457
80,2271549,580704
80,2638543,579796
80,3032391,578598
80,3430067,577295
80,3823275,575948
80,4229087,574231
80,4592191,572592
80,4966132,570768
80,5324682,568491
80,5716647,566331
80,6089542,564050
80,6449396,561200
80,6842512,558536
80,7215095,555418
80,7613180,552505
80,7964784,549326
80,8343111,545516
80,8736632,542028
80,9112399,538490
80,9467886,534220
80,9860247,530185
80,10252897,525429
80,10635209,521307
80,11029888,516278
80,11406471,510803
80,11820329,506103
80,12194761,500641
80,12591555,495348
80,12945212,490045
80,13324269,484106
80,13715601,478366
80,14068505,473384
80,14448538,468744
80,14841030,463747
80,15195130,458205
80,15591805,454079
80,15965033,449393
80,16323726,444092
80,16751050,439661
80,17136424,435411
80,17534098,430596
80,17925574,427053
80,18283792,422966
80,18676739,418769
80,19071686,415550
80,19449788,412074
80,19843928,409073
80,20215438,405801
80,20637715,402764
80,21029128,400281
80,21384167,397985
80,21760104,395634
80,22153390,393703
80,22531762,391642
80,22923141,390032
80,23283615,388626
80,23657932,387147
80,24052771,385906
80,24471222,384911
80,24863723,384163
80,25245856,383527
80,25639259,383161
80,26041920,382903
80,26429500,382821
80,26820785,382833
80,27193303,382396
80,27592068,382031
80,27990212,381998
80,28365181,381884
80,28760128,381797
80,29135781,381821
80,29533445,381886
80,29949257,381974
80,30345842,382027
80,30740747,382093
80,31133966,382149
80,31491480,382197
80,31883733,382240
80,32270323,382273
80,32655218,382305
80,33007730,382333
80,33364428,382362
80,33737177,382391
80,34091302,382414
80,34446186,382449
80,34840704,382475
80,35215792,382508
80,35636882,382539
80,36028350,382562
80,36389154,382586
80,36760510,382609
80,37156114,382628
80,37533098,382643
80,37925505,382653
80,38287940,382662
80,38659836,382669
80,39053335,382681
80,39469196,382692
80,39865250,382710
80,40250497,382730
80,40635905,382754
80,41028696,382791
80,41441318,382836
80,41821178,382882
80,42194355,382939
80,42597083,382998
80,42987508,383052
80,43343273,383100
80,43738738,383149
80,44132599,383185
80,44488489,383217
80,44883033,383237
80,45267048,383244
80,45655047,383244
80,46006227,383242
80,46366194,383228
80,46737941,383211
80,47090279,383192
80,47446722,383169
80,47821428,383146
80,48214306,383121
80,48612225,383103
80,48986497,383087
80,49453769,383070
80,49962220,383058
80,50468852,383051
80,50980809,383048
80,51504951,383048
80,52030143,383050
80,52573494,383052
80,53008730,383055
80,53416790,383056
80,53807824,383056
80,54230510,383055
80,54709131,383053
80,55251867,383051
80,55753434,383045
80,56269094,383043
80,56813835,383038
80,57276457,383036
80,57776886,383032
80,58230203,383031
80,58644769,383029
80,59033134,383028
80,59526599,383027
80,60043038,383025
80,60546875,383023
80,61063292,383023
80,61587316,383020
80,62086363,383020
80,62609281,383018
80,63050934,383017
80,63458480,383015
80,63827180,383014
80,64216234,383014
80,64597242,383013
80,64969417,383011
80,65365878,383010
80,65738924,383009
80,66130952,383009
80,66486022,383009
80,66839151,383007
80,67213476,383006
80,67636661,383006
80,68031457,383006
80,68468691,383005
80,68856763,383005
80,69227646,383005
80,69615063,383003
80,69989050,383002
80,70384221,383002
80,70738765,383002
80,71113559,382999
80,71469643,382999
80,71863331,382999
80,72248981,382999
80,72633788,382999
80,73026889,382998
80,73406593,382998
80,73786390,382999
80,74176243,382998
80,74593461,382997
80,74984481,382997
80,75346658,382997
80,75736511,382997
80,76109235,382996
80,76487575,382996
80,76840393,382996
80,77192837,382996
80,77582776,382994
80,77968917,382994
80,78363937,382994
80,78737580,382994
80,79087553,382994
80,79450297,382993
81,708545,582983
81,1072857,582554
81,1468498,581866
81,1897700,581289
81,2282689,580566
81,2659704,579499
81,3058830,578431
81,3426059,577080
81,3822749,575720
81,4217623,574005
81,4593701,572074
81,5011710,569930
81,5405821,567883
81,5798995,565370
81,6173651,562999
81,6532143,560459
81,6911790,557391
81,7285115,554618
81,7659135,551635
81,8036221,547941
81,8408595,544556
81,8783768,541041
81,9159820,536951
81,9552614,532533
81,9967705,527822
81,10361490,523668
81,10736560,519489
81,11093437,514256
81,11485717,509444
81,11873722,504113
81,12258281,499169
81,12610035,493793
81,12991864,487850
81,13407055,481692
81,13825374,475300
81,14223140,470531
81,14635498,465225
81,15054180,459422
81,15447544,454658
81,15874350,449354
81,16258334,444674
81,16633729,440215
81,17032733,435397
81,17424967,431169
81,17819034,427080
81,18220338,422989
81,18611528,419308
81,18989063,415589
81,19384115,412102
81,19778159,409108
81,20155301,405829
81,20555116,403168
81,20967513,400309
81,21373794,397684
81,21737197,395634
81,22115783,393436
81,22509211,391395
81,22926447,389602
81,23341848,388046
81,23717785,386791
81,24094529,385759
81,24469018,384786
81,24872551,383970
81,25284511,383400
81,25676347,383031
81,26093989,382837
81,26489171,382827
81,26874191,382721
81,27260750,382252
81,27656752,382037
81,28052636,382011
81,28447143,381838
81,28854851,381857
81,29218290,381893
81,29610269,381909
81,29990448,382024
81,30405258,382061
81,30808526,382136
81,31218019,382175
81,31611105,382211
81,31968529,382256
81,32361530,382286
81,32734853,382320
81,33114055,382347
81,33506412,382372
81,33870952,382397
81,34259610,382426
81,34632261,382452
81,34993729,382483
81,35364846,382511
81,35759611,382540
81,36157393,382566
81,36533903,382593
81,36916103,382615
81,37304839,382638
81,37714227,382652
81,38070749,382671
81,38476510,382685
81,38874027,382697
81,39259071,382707
81,39652439,382715
81,40012689,382722
81,40407097,382737
81,40784075,382751
81,41159325,382780
81,41554197,382818
81,41967257,382867
81,42383263,382926
81,42777369,382981
81,43135077,383032
81,43508543,383090
81,43909756,383134
81,44277438,383171
81,44632634,383200
81,44987214,383227
81,45382133,383238
81,45745617,383244
81,46121135,383243
81,46488506,383234
81,46894974,383218
81,47280984,383199
81,47659267,383176
81,48055931,383148
81,48466825,383120
81,48891750,383096
81,49278673,383078
81,49653342,383060
81,50010390,383049
81,50403481,383041
81,50758361,383040
81,51156967,383037
81,51549362,383041
81,51948203,383043
81,52320402,383046
81,52714256,383047
81,53072153,383052
81,53464846,383052
81,53839261,383052
81,54258217,383052
81,54609904,383052
81,54967130,383052
81,55361327,383050
81,55735496,383047
81,56091896,383045
81,56464520,383043
81,56817694,383039
81,57221514,383036
81,57589349,383033
81,57948239,383030
81,58344564,383028
81,58716824,383028
81,59114646,383027
81,59487452,383025
81,59892090,383024
81,60283589,383024
81,60656238,383023
81,61091796,383021
81,61466106,383021
81,61872769,383019
81,62258815,383019
81,62652340,383017
81,63021298,383017
81,63384055,383014
81,63778153,383014
81,64135685,383012
81,64528720,383012
81,64908849,383010
81,65303870,383010
81,65713859,383008
81,66070452,383008
81,66465167,383007
81,66838302,383007
81,67214828,383006
81,67570533,383005
81,67968202,383005
81,68363403,383004
81,68759927,383003
81,69156863,383002
81,69557707,383002
81,69925354,383002
81,70328762,383000
81,70715960,382998
81,71090815,382998
81,71464745,382998
81,71821569,382998
81,72217243,382997
81,72591347,382997
81,72989854,382997
81,73360445,382996
81,73715202,382995
81,74073128,382995
81,74464969,382995
81,74819135,382995
81,75216736,382995
81,75589181,382993
81,75966882,382992
81,76381921,382992
81,76755775,382993
81,77133826,382992
81,77506917,382991
81,77873598,382991
81,78259984,382993
81,78652469,382991
82,691061,582984
82,1074225,582555
82,1468347,581945
82,1854534,581378
82,2240887,580721
82,2614559,579645
82,3034243,578424
82,3426395,577310
82,3834569,575741
82,4197925,574002
82,4594011,572347
82,4968677,570224
82,5364978,568192
82,5760704,565706
82,6157654,563011
82,6551906,560079
82,6949827,557393
82,7344740,554221
82,7739039,550735
82,8138179,547468
82,8537146,543557
82,8929811,539524
82,9324547,535357
82,9717002,531393
82,10097222,526637
82,10490651,522506
82,10872448,517603
82,11263190,512221
82,11660889,507445
82,12052479,502077
82,12448129,496155
82,12853462,490794
82,13217533,485650
82,13573219,479245
82,13969719,474025
82,14342690,469961
82,14706626,464435
82,15098685,459395
82,15469354,454648
82,15890829,449302
82,16280054,444004
82,16696641,439585
82,17094583,435310
82,17467760,430510
82,17871479,426515
82,18261990,422916
82,18656122,418757
82,19053657,415128
82,19447373,412071
82,19853185,408635
82,20243507,405421
82,20634235,402768
82,20991715,399920
82,21386454,397670
82,21759315,395344
82,22156157,393145
82,22572451,391385
82,22949830,389601
82,23342468,388040
82,23737673,386777
82,24117292,385629
82,24510596,384790
82,24889019,383962
82,25301961,383395
82,25695763,383070
82,26057745,382849
82,26449166,382813
82,26855709,382764
82,27241427,382269
82,27656401,382103
82,28055921,382071
82,28448686,381888
82,28851112,381911
82,29238966,381915
82,29633367,381945
82,29991671,382034
82,30364599,382053
82,30764664,382120
82,31142751,382162
82,31534983,382203
82,31948164,382259
82,32343075,382278
82,32715902,382318
82,33073865,382342
82,33467196,382370
82,33864060,382407
82,34264134,382438
82,34661086,382476
82,35073372,382508
82,35468402,382538
82,35873835,382564
82,36238616,382588
82,36614636,382607
82,37012080,382619
82,37389595,382627
82,37785664,382628
82,38158151,382631
82,38550229,382635
82,38928616,382646
82,39333064,382658
82,39720977,382673
82,40094611,382693
82,40490868,382717
82,40876196,382755
82,41261031,382792
82,41638017,382845
82,42073322,382904
82,42447242,382969
82,42853598,383024
82,43220439,383083
82,43614555,383130
82,43990367,383177
82,44384630,383208
82,44763635,383235
82,45158603,383248
82,45548620,383253
82,45926133,383252
82,46318603,383243
82,46696098,383227
82,47095224,383209
82,47467086,383183
82,47873570,383156
82,48264214,383130
82,48636062,383107
82,49017338,383085
82,49404900,383067
82,49821321,383054
82,50220467,383047
82,50592391,383043
82,50991640,383043
82,51362193,383043
82,51714726,383043
82,52072481,383046
82,52465437,383049
82,52850202,383050
82,53238130,383052
82,53611148,383053
82,53969059,383055
82,54362048,383055
82,54714880,383053
82,55092059,383052
82,55485910,383049
82,55870784,383045
82,56260372,383043
82,56637845,383039
82,57034655,383036
82,57445850,383034
82,57871382,383028
82,58268422,383027
82,58661878,383027
82,59050684,383027
82,59445440,383023
82,59800989,383023
82,60198360,383023
82,60572620,383023
82,60968302,383020
82,61361369,383020
82,61736965,383020
82,62093946,383019
82,62467240,383018
82,62873483,383015
82,63263873,383015
82,63637688,383013
82,64026362,383013
82,64426364,383011
82,64834871,383010
82,65218404,383009
82,65592055,383008
82,65988158,383007
82,66363285,383006
82,66764563,383006
82,67146515,383005
82,67529143,383005
82,67910553,383003
82,68301378,383002
82,68695201,383002
82,69078892,383002
82,69469504,383001
82,69875599,383000
82,70260875,383000
82,70654314,382999
82,71074210,382999
82,71465701,382999
82,71853544,382997
82,72238746,382997
82,72634456,382997
82,73016792,382997
82,73389175,382996
82,73777345,382996
82,74156673,382996
82,74549768,382996
82,74948549,382996
82,75320860,382994
82,75716508,382994
82,76072013,382994
82,76446197,382994
82,76799832,382994
82,77199853,382993
82,77569745,382991
82,77926351,382991
82,78322317,382991
82,78695850,382991
83,736087,582987
83,1097406,582555
83,1493070,581876
83,1890035,581386
83,2262321,580713
83,2616428,579654
83,3013224,578591
83,3384686,577470
83,3780602,575942
83,4160310,574228
83,4552062,572598
83,4931171,570489
83,5305055,568487
83,5698922,566343
83,6052354,564067
83,6406980,561586
83,6768186,558567
83,7162142,555859
83,7555077,552564
83,7931546,549394
83,8305184,545583
83,8702229,541593
83,9118872,538047
83,9510308,533727
83,9890400,529079
83,10304089,524904
83,10666232,520165
83,11075234,515674
83,11430160,510181
83,11846897,504844
83,12238932,499974
83,12592604,494624
83,12968785,488634
83,13365983,483367
83,13742315,477613
83,14092983,472242
83,14489970,467972
83,14875659,461990
83,15267833,456829
83,15667087,452585
83,16056421,446976
83,16450713,442150
83,16868382,437677
83,17266054,432732
83,17683738,428443
83,18081825,424510
83,18473294,420796
83,18848215,416972
83,19242574,413883
83,19617836,410792
83,20015216,407460
83,20388939,404336
83,20786285,401692
83,21160579,398930
83,21555044,396797
83,21930251,394511
83,22327753,392370
83,22721855,390688
83,23115732,389199
83,23469538,387649
83,23867784,386315
83,24261502,385400
83,24614570,384566
83,24996668,383798
83,25388100,383352
83,25770052,383000
83,26183333,382824
83,26576285,382846
83,26995389,382610
83,27409513,382202
83,27807710,382196
83,28182089,382056
83,28576549,381929
83,29007940,381985
83,29388301,381933
83,29766980,382007
83,30161501,382064
83,30557015,382084
83,30934861,382161
83,31330673,382174
83,31721631,382232
83,32095655,382268
83,32470666,382294
83,32857358,382332
83,33243343,382352
83,33650622,382379
83,34015475,382409
83,34410204,382432
83,34786723,382468
83,35179776,382498
83,35574626,382531
83,35950686,382561
83,36366698,382589
83,36723549,382616
83,37115814,382635
83,37493255,382656
83,37890737,382670
83,38263762,382688
83,38670952,382696
83,39034878,382704
83,39429792,382709
83,39787820,382714
83,40159733,382722
83,40556557,382734
83,40955828,382749
83,41345447,382774
83,41723733,382806
83,42094966,382850
83,42469359,382908
83,42871723,382972
83,43283834,383026
83,43667501,383084
83,44056492,383136
83,44455161,383180
83,44870058,383213
83,45263435,383233
83,45615485,383244
83,45993129,383251
83,46388365,383249
83,46765844,383237
83,47157169,383223
83,47513372,383203
83,47891040,383178
83,48282159,383153
83,48668205,383125
83,49054902,383101
83,49427686,383082
83,49785360,383062
83,50179997,383052
83,50533140,383044
83,50888970,383042
83,51262071,383041
83,51614875,383043
83,52013150,383045
83,52365035,383048
83,52742407,383051
83,53138318,383053
83,53522903,383054
83,53914251,383056
83,54283048,383057
83,54673542,383055
83,55058653,383055
83,55457048,383053
83,55869514,383050
83,56264078,383046
83,56668916,383044
83,57068069,383041
83,57450907,383036
83,57870796,383034
83,58264600,383030
83,58668375,383029
83,59054338,383027
83,59409690,383026
83,59807111,383025
83,60183587,383025
83,60575221,383023
83,60928624,383023
83,61305689,383021
83,61702823,383021
83,62117422,383020
83,62533577,383019
83,62890764,383019
83,63284011,383017
83,63669372,383015
83,64056531,383014
83,64432605,383013
83,64832714,383013
83,65259670,383011
83,65653580,383010
83,66012796,383008
83,66415367,383007
83,66788430,383007
83,67177515,383007
83,67554392,383005
83,67908761,383005
83,68301614,383005
83,68667470,383005
83,69057628,383005
83,69449893,383004
83,69811114,383002
83,70204527,383002
83,70616887,383002
83,71013318,383002
83,71387567,383000
83,71743419,383000
83,72138977,382999
83,72513889,383000
83,72910907,382997
83,73283356,382997
83,73646671,382997
83,74036152,382998
83,74409742,382998
83,74806453,382998
83,75184116,382997
83,75578446,382997
83,75991299,382996
83,76345887,382996
83,76722728,382996
83,77116469,382995
83,77469883,382995
83,77858723,382995
83,78243238,382995
84,737139,582969
84,1152329,582467
84,1539060,581881
84,1927293,581319
84,2314300,580610
84,2682763,579515
84,3076545,578448
84,3435650,577325
84,3807950,575762
84,4188975,574258
84,4575498,572636
84,4932382,570527
84,5331587,568231
84,5720649,566069
84,6094656,563761
84,6498028,560881
84,6866840,558214
84,7225686,555491
84,7600020,552150
84,7994403,548953
84,8369889,545603
84,8724100,541603
84,9119305,537535
84,9514919,533733
84,9887751,529674
84,10265995,525500
84,10617600,521367
84,10969005,516992
84,11371020,511562
84,11764915,506151
84,12165860,500690
84,12557142,495394
84,12912603,490069
84,13288327,484126
84,13681479,478398
84,14032752,473390
84,14412293,469219
84,14764823,464206
84,15116839,458512
84,15517481,454362
84,15891350,449708
84,16246099,444948
84,16597251,441021
84,16970505,436401
84,17372356,431560
84,17787727,427480
84,18193674,423448
84,18625344,419311
84,19015233,416124
84,19369636,413012
84,19723662,409941
84,20099958,406673
84,20494449,403568
84,20888044,400976
84,21267523,398303
84,21658173,396215
84,22032928,394232
84,22393688,392119
84,22807432,390465
84,23167406,388795
84,23580274,387292
84,23984912,386050
84,24373568,385160
84,24765400,384254
84,25146124,383669
84,25517683,383215
84,25909466,382950
84,26295040,382826
84,26684061,382864
84,27032996,382621
84,27390513,382235
84,27763661,382204
84,28115991,382092
84,28515490,381937
84,28886951,381988
84,29245895,381952
84,29638746,381967
84,30016388,382067
84,30411437,382060
84,30784746,382124
84,31145441,382171
84,31533724,382191
84,31909057,382258
84,32264163,382274
84,32621644,382305
84,32995246,382340
84,33350133,382356
84,33743335,382389
84,34094901,382411
84,34475738,382436
84,34868112,382464
84,35226070,382488
84,35598393,382518
84,35975483,382549
84,36371914,382582
84,36764872,382609
84,37119572,382630
84,37518647,382654
84,37894175,382672
84,38263760,382689
84,38618439,382703
84,38982217,382718
84,39416743,382731
84,39786430,382741
84,40151257,382751
84,40534990,382760
84,40907333,382771
84,41267380,382783
84,41660665,382804
84,42055607,382833
84,42414385,382879
84,42807379,382930
84,43173775,382983
84,43562205,383043
84,43932766,383092
84,44334765,383141
84,44723126,383181
84,45115931,383211
84,45514756,383228
84,45891065,383236
84,46245155,383239
84,46599347,383234
84,46971055,383220
84,47372088,383201
84,47764811,383181
84,48193620,383155
84,48579961,383127
84,48972018,383105
84,49370095,383085
84,49765990,383072
84,50172862,383061
84,50575332,383055
84,50976478,383051
84,51372076,383051
84,51766091,383051
84,52117877,383052
84,52499530,383054
84,52893143,383055
84,53267146,383057
84,53663122,383058
84,54037134,383059
84,54434886,383059
84,54829792,383058
84,55228093,383054
84,55600329,383053
84,55975276,383050
84,56372867,383047
84,56766861,383044
84,57150853,383042
84,57540384,383038
84,57934770,383037
84,58335894,383035
84,58723504,383031
84,59097938,383031
84,59495499,383029
84,59869317,383028
84,60225246,383028
84,60618324,383027
84,60993823,383025
84,61353978,383024
84,61767193,383024
84,62173821,383022
84,62538510,383020
84,62933400,383020
84,63330826,383019
84,63726378,383017
84,64120444,383016
84,64516795,383015
84,64871397,383014
84,65268370,383013
84,65661442,383013
84,66015467,383011
84,66370805,383010
84,66777219,383010
84,67152468,383009
84,67537595,383008
84,67889384,383008
84,68266954,383007
84,68682955,383006
84,69035215,383006
84,69395397,383005
84,69787501,383005
84,70170859,383003
84,70558228,383002
84,70910136,383001
84,71288393,383001
84,71683456,383001
84,72035007,382999
84,72416159,382998
84,72822167,382998
84,73187310,382997
84,73592642,382996
84,73964314,382996
84,74394148,382996
84,74798177,382995
84,75202806,382995
84,75616802,382994
84,76008891,382994
84,76397198,382992
84,76794684,382992
84,77193412,382993
84,77581088,382992
84,78007710,382992
84,78412803,382992
85,715479,582992
85,1076423,582640
85,1479329,581958
85,1867854,581479
85,2239716,580737
85,2645319,579826
85,3034628,578621
85,3434648,577346
85,3828570,575783
85,4226256,574277
85,4641246,572403
85,5035130,570267
85,5432178,567946
85,5829873,565445
85,6226805,562710
85,6639458,560141
85,7013432,557457
85,7371368,554280
85,7762399,551257
85,8139171,547535
85,8536832,543615
85,8932671,540085
85,9328959,535949
85,9727281,531445
85,10137205,527290
85,10496097,522554
85,10890308,518286
85,11299802,512954
85,11662119,507482
85,12055334,502805
85,12433179,496952
85,12828129,491551
85,13227415,485649
85,13619751,479231
85,14014771,473380
85,14433710,468566
85,14827850,463407
85,15222772,457877
85,15617143,453087
85,16011575,448280
85,16372173,443155
85,16765996,439340
85,17138512,435134
85,17495106,430990
85,17867275,426974
85,18263823,423424
85,18661765,419288
85,19054453,415653
85,19454519,412092
85,19855212,408652
85,20244378,405849
85,20620455,402779
85,21013941,400263
85,21370247,397986
85,21764984,395637
85,22158302,393687
85,22516348,391632
85,22907993,390026
85,23294377,388402
85,23705871,386946
85,24101629,385782
85,24515471,384792
85,24929987,384055
85,25292975,383470
85,25681509,383115
85,26055587,382885
85,26412096,382810
85,26806923,382832
85,27180545,382418
85,27577339,382210
85,27956969,382204
85,28354975,381987
85,28764282,381991
85,29158915,381986
85,29536043,381951
85,29952155,382060
85,30356477,382061
85,30726974,382123
85,31118725,382165
85,31537105,382198
85,31931415,382253
85,32334606,382279
85,32720296,382314
85,33073667,382339
85,33432449,382362
85,33825992,382392
85,34180677,382415
85,34536520,382441
85,34929003,382476
85,35314917,382506
85,35703476,382543
85,36078063,382572
85,36459824,382601
85,36848196,382625
85,37264299,382642
85,37662579,382656
85,38033701,382667
85,38391484,382675
85,38783359,382680
85,39158749,382687
85,39515512,382696
85,39930265,382707
85,40298190,382723
85,40685960,382740
85,41054581,382764
85,41414013,382803
85,41828757,382851
85,42222877,382906
85,42642310,382965
85,43037390,383018
85,43433223,383076
85,43839408,383129
85,44229013,383174
85,44640581,383208
85,45032631,383231
85,45391501,383244
85,45763453,383251
85,46158294,383252
85,46536994,383241
85,46931150,383226
85,47332935,383204
85,47724234,383176
85,48117244,383153
85,48493569,383124
85,48889497,383101
85,49292500,383083
85,49658643,383069
85,50012428,383059
85,50367240,383054
85,50742791,383050
85,51137280,383049
85,51496602,383049
85,51891308,383051
85,52264468,383053
85,52662126,383055
85,53036462,383057
85,53433008,383058
85,53824607,383058
85,54200975,383058
85,54559163,383057
85,54931154,383057
85,55296633,383053
85,55683140,383052
85,56057368,383048
85,56455424,383044
85,56826945,383042
85,57224668,383037
85,57638618,383036
85,57991662,383034
85,58370643,383031
85,58762288,383030
85,59114983,383029
85,59493544,383029
85,59887792,383026
85,60240567,383026
85,60641030,383025
85,61033079,383025
85,61390953,383022
85,61784640,383021
85,62138357,383021
85,62496878,383021
85,62867598,383019
85,63262372,383019
85,63662433,383017
85,64032188,383015
85,64390737,383015
85,64764332,383013
85,65159097,383012
85,65537404,383012
85,65930440,383012
85,66333387,383010
85,66707232,383008
85,67099469,383007
85,67516607,383007
85,67887388,383007
85,68280628,383005
85,68649896,383005
85,69012422,383005
85,69370629,383005
85,69763691,383003
85,70136232,383002
85,70492400,383002
85,70888186,383001
85,71240422,383000
85,71619245,383000
85,72035383,383000
85,72431374,382999
85,72826972,382998
85,73202618,382998
85,73598432,382998
85,73993910,382998
85,74371425,382997
85,74743987,382997
85,75141687,382996
85,75537254,382996
85,75931953,382996
85,76328162,382996
85,76766244,382996
85,77137192,382994
85,77495334,382994
85,77868614,382994
86,738477,582984
86,1119091,582639
86,1496143,581960
86,1891053,581404
86,2286305,580739
86,2660755,579823
86,3033288,578767
86,3397485,577515
86,3787719,575993
86,4182877,574490
86,4561436,572649
86,4956178,570540
86,5367628,568238
86,5763593,566076
86,6138086,563766
86,6492219,561247
86,6866847,558585
86,7220788,555872
86,7603015,552570
86,7992720,549396
86,8345917,545581
86,8745760,542083
86,9140296,538029
86,9537410,533716
86,9932180,529656
86,10284031,525479
86,10678338,520751
86,11058840,515651
86,11475849,510150
86,11890578,504812
86,12285770,499937
86,12643264,493804
86,13057295,488588
86,13432960,482505
86,13829332,476018
86,14222785,471617
86,14597380,467196
86,15031924,460490
86,15404069,456186
86,15768456,451837
86,16160959,446250
86,16539778,441590
86,16952156,437650
86,17309938,432739
86,17709807,428466
86,18116460,425035
86,18497608,420808
86,18890396,417433
86,19240083,414337
86,19620539,410809
86,20015363,407865
86,20417204,404716
86,20787687,401708
86,21203510,398941
86,21598189,396806
86,21974077,394528
86,22367722,392636
86,22763247,390704
86,23136592,389212
86,23494545,387850
86,23868099,386633
86,24218822,385664
86,24619804,384694
86,24994453,383976
86,25346732,383422
86,25750931,383085
86,26140782,382855
86,26542876,382835
86,26934500,382731
86,27329823,382235
86,27743120,382136
86,28095622,382103
86,28471185,381925
86,28845116,381939
86,29241981,381952
86,29599865,381943
86,30011904,382044
86,30370452,382067
86,30764699,382121
86,31136758,382174
86,31493680,382195
86,31845658,382251
86,32221064,382287
86,32599709,382317
86,32969868,382346
86,33345414,382370
86,33742392,382395
86,34094340,382422
86,34473279,382445
86,34866643,382470
86,35239308,382489
86,35598712,382521
86,35992240,382545
86,36345869,382579
86,36742587,382605
86,37115064,382632
86,37472810,382654
86,37854867,382674
86,38242465,382690
86,38602652,382703
86,38982125,382716
86,39381578,382725
86,39746009,382732
86,40139628,382739
86,40496408,382746
86,40871694,382757
86,41262806,382773
86,41620085,382793
86,41994453,382822
86,42348135,382870
86,42746899,382923
86,43140102,382987
86,43515596,383043
86,43889882,383093
86,44239314,383140
86,44597052,383179
86,44970255,383214
86,45353942,383236
86,45746137,383249
86,46141212,383253
86,46538888,383249
86,46932595,383235
86,47308233,383218
86,47685087,383191
86,48058843,383169
86,48439617,383140
86,48829653,383117
86,49220590,383093
86,49596599,383076
86,49970835,383064
86,50345548,383055
86,50740469,383051
86,51095717,383051
86,51473458,383049
86,51869459,383051
86,52265607,383052
86,52640613,383056
86,53035653,383057
86,53402480,383057
86,53765793,383059
86,54158258,383060
86,54535380,383060
86,54887709,383059
86,55242834,383056
86,55599388,383055
86,55970002,383052
86,56366411,383048
86,56763652,383044
86,57137057,383044
86,57496218,383039
86,57886525,383037
86,58261659,383035
86,58618867,383033
86,58990455,383030
86,59343752,383030
86,59745366,383030
86,60138198,383029
86,60516088,383026
86,60909661,383026
86,61284545,383026
86,61638829,383026
86,62004601,383023
86,62366700,383022
86,62770089,383022
86,63151456,383020
86,63539096,383019
86,63933522,383018
86,64311576,383016
86,64706331,383014
86,65117414,383014
86,65475220,383012
86,65849435,383012
86,66243289,383012
86,66610661,383012
86,66973505,383011
86,67365990,383010
86,67743722,383010
86,68096778,383009
86,68475408,383008
86,68866776,383008
86,69242245,383006
86,69617890,383006
86,69992994,383005
86,70345514,383005
86,70765911,383003
86,71161616,383002
86,71558341,383002
86,71935840,383002
86,72309026,383001
86,72709317,383000
86,73118606,382999
86,73475412,382999
86,73869346,382999
86,74245060,382998
86,74640916,382997
86,75036972,382998
86,75440896,382998
86,75833359,382998
86,76244244,382998
86,76640472,382998
86,77037214,382996
86,77435000,382997
86,77832530,382997
86,78222412,382997
87,737816,582985
87,1119854,582640
87,1494948,581960
87,1887050,581487
87,2263282,580861
87,2619594,579834
87,3013461,578785
87,3388226,577537
87,3784412,576218
87,4158921,574718
87,4513773,572906
87,4908179,571097
87,5283290,569128
87,5638897,566705
87,6033710,564442
87,6436421,561602
87,6830417,558570
87,7208779,555849
87,7605137,552538
87,7992572,549362
87,8367558,545545
87,8781179,541543
87,9184052,537475
87,9623476,533117
87,10022583,528448
87,10409256,524282
87,10758484,520127
87,11109561,515638
87,11507500,510146
87,11875091,505475
87,12248010,500675
87,12600548,495380
87,12935719,490061
87,13288146,484891
87,13644354,480079
87,13973075,474650
87,14310443,471069
87,14640222,466525
87,14993685,461256
87,15346819,456837
87,15712009,452588
87,16065233,447674
87,16422703,443258
87,16793577,439458
87,17166808,434568
87,17550676,430472
87,17905385,427012
87,18256200,423460
87,18626536,419765
87,18977933,416513
87,19335725,413433
87,19699184,410333
87,20049109,407400
87,20432965,404671
87,20814101,401673
87,21188234,399245
87,21569720,396790
87,21962972,394795
87,22321449,392890
87,22682351,390929
87,23078062,389413
87,23460093,388038
87,23826915,386628
87,24226495,385538
87,24639381,384580
87,25033840,383899
87,25386698,383425
87,25763979,383086
87,26116071,382881
87,26494358,382832
87,26866261,382821
87,27241458,382408
87,27619129,382097
87,27992313,382100
87,28368058,381924
87,28767141,381871
87,29159207,381927
87,29542131,381903
87,29912430,382003
87,30323374,382055
87,30685855,382090
87,31078420,382171
87,31481130,382183
87,31848078,382247
87,32263014,382279
87,32621633,382310
87,33016258,382345
87,33411965,382363
87,33811195,382395
87,34203654,382423
87,34606691,382450
87,34972680,382484
87,35367025,382516
87,35765818,382547
87,36158885,382575
87,36514625,382600
87,36910061,382621
87,37261857,382632
87,37617855,382643
87,37993167,382650
87,38388221,382657
87,38808836,382664
87,39179349,382675
87,39539460,382686
87,39933580,382701
87,40307306,382720
87,40704912,382748
87,41098372,382778
87,41495322,382826
87,41867581,382875
87,42242696,382925
87,42620242,382984
87,43014093,383046
87,43419389,383097
87,43789914,383149
87,44182312,383189
87,44599345,383225
87,44992904,383246
87,45369606,383254
87,45763648,383257
87,46116063,383251
87,46506691,383234
87,46887266,383214
87,47265059,383186
87,47661131,383163
87,48035110,383135
87,48443611,383114
87,48805582,383093
87,49199358,383078
87,49579050,383068
87,49976752,383058
87,50388811,383054
87,50787071,383052
87,51181852,383052
87,51580440,383052
87,51975194,383054
87,52365418,383055
87,52764844,383057
87,53157976,383059
87,53516398,383058
87,53909233,383058
87,54262826,383058
87,54629161,383057
87,54994218,383054
87,55420277,383051
87,55810326,383050
87,56179926,383044
87,56534723,383043
87,56929196,383040
87,57283576,383039
87,57673273,383035
87,58056431,383035
87,58438037,383030
87,58826154,383029
87,59199487,383029
87,59576189,383028
87,59950310,383027
87,60302376,383025
87,60680112,383023
87,61033341,383023
87,61385767,383021
87,61785125,383020
87,62159523,383020
87,62576601,383019
87,62977983,383018
87,63389686,383015
87,63786004,383016
87,64182445,383014
87,64599326,383013
87,64991128,383013
87,65386707,383012
87,65785222,383011
87,66161029,383009
87,66579562,383007
87,66976702,383008
87,67365988,383006
87,67765626,383006
87,68160627,383005
87,68558705,383005
87,68949832,383003
87,69325448,383003
87,69683112,383003
87,70076133,383002
87,70453287,383000
87,70843788,382999
87,71225916,382999
87,71618689,382999
87,71991129,382999
87,72365417,382998
87,72763945,382997
87,73156987,382997
87,73519304,382997
87,73889652,382995
87,74284622,382995
87,74641265,382995
87,75013780,382995
87,75420279,382994
87,75807920,382993
87,76179215,382993
87,76535087,382993
87,76908406,382993
87,77262677,382992
87,77622216,382992
87,78013395,382992
88,711184,582985
88,1074539,582553
88,1470085,581882
88,1875079,581401
88,2237571,580737
88,2613128,579817
88,2970302,578615
88,3364864,577340
88,3781257,575771
88,4180435,574258
88,4550867,572385
88,4948308,570526
88,5321074,568514
88,5674000,566368
88,6074547,563740
88,6446335,560857
88,6852293,557800
88,7263297,554649
88,7652830,551667
88,8032533,547975
88,8425944,544588
88,8798386,540561
88,9197661,536979
88,9569811,533142
88,9925660,528469
88,10320461,524299
88,10694080,520146
88,11051296,514978
88,11445084,510160
88,11819792,504830
88,12217768,499970
88,12591309,494611
88,12946665,488617
88,13342143,483355
88,13714976,477601
88,14091095,472231
88,14491026,467252
88,14874558,461979
88,15262421,456848
88,15658832,451912
88,16050829,446955
88,16426724,442166
88,16850844,437681
88,17216699,433318
88,17590652,429444
88,17966221,426043
88,18318510,422361
88,18670830,418769
88,19047685,415195
88,19444576,412091
88,19817851,408628
88,20221303,405448
88,20610499,402772
88,20991071,399912
88,21384536,397679
88,21760256,395630
88,22115082,393406
88,22509078,391624
88,22884125,390020
88,23237294,388593
88,23609831,387104
88,24021026,385907
88,24411458,384908
88,24823181,384051
88,25239878,383464
88,25636440,383071
88,26032507,382865
88,26425121,382820
88,26818245,382772
88,27214335,382352
88,27569919,382182
88,27926827,382187
88,28319480,381967
88,28703665,381945
88,29072414,381980
88,29464234,381924
88,29848071,382032
88,30241138,382062
88,30610273,382076
88,30967754,382162
88,31320581,382173
88,31671920,382210
88,32055039,382276
88,32447642,382291
88,32852756,382340
88,33219135,382357
88,33633682,382385
88,34009390,382422
88,34383980,382444
88,34734737,382480
88,35111890,382509
88,35468126,382540
88,35885899,382569
88,36279251,382587
88,36634650,382603
88,37037056,382613
88,37424704,382618
88,37818268,382624
88,38241205,382632
88,38634166,382644
88,39009725,382656
88,39362781,382672
88,39716814,382684
88,40071325,382702
88,40423160,382721
88,40798000,382751
88,41197419,382785
88,41571720,382837
88,41969449,382897
88,42364664,382954
88,42736913,383009
88,43094727,383067
88,43466845,383117
88,43819505,383168
88,44219088,383209
88,44611644,383237
88,44989522,383256
88,45384193,383263
88,45760224,383261
88,46120752,383248
88,46564832,383227
88,46975007,383202
88,47343581,383172
88,47740929,383149
88,48152427,383119
88,48576455,383096
88,48972160,383080
88,49342780,383066
88,49736675,383058
88,50117312,383051
88,50530265,383049
88,50894152,383049
88,51281164,383049
88,51696367,383050
88,52053431,383053
88,52425317,383054
88,52821110,383056
88,53233195,383057
88,53595569,383057
88,54012407,383058
88,54403065,383056
88,54757477,383054
88,55117197,383052
88,55508993,383048
88,55893115,383045
88,56280990,383043
88,56675700,383038
88,57073387,383037
88,57469234,383035
88,57854354,383033
88,58239015,383030
88,58614196,383030
88,59031992,383028
88,59424950,383028
88,59801632,383026
88,60199600,383026
88,60591344,383024
88,60969393,383024
88,61384800,383022
88,61761360,383022
88,62138404,383019
88,62512567,383019
88,62905335,383017
88,63319943,383017
88,63674604,383013
88,64052953,383013
88,64445803,383013
88,64798665,383011
88,65176261,383010
88,65572111,383009
88,65969636,383009
88,66345026,383006
88,66740032,383006
88,67128606,383006
88,67532895,383006
88,67928792,383005
88,68322539,383004
88,68719960,383004
88,69116340,383003
88,69511036,383002
88,69892309,383002
88,70279794,383001
88,70631865,383001
88,71013430,382999
88,71408763,382998
88,71820007,382998
88,72224493,382998
88,72613917,382997
88,73023807,382997
88,73411140,382997
88,73821966,382997
88,74220010,382996
88,74612596,382996
88,74991905,382995
88,75363152,382995
88,75716414,382995
88,76075797,382994
88,76469109,382994
88,76856464,382994
88,77242862,382993
88,77625094,382993
89,712942,582968
89,1117060,582466
89,1511195,581884
89,1909395,581321
89,2303439,580484
89,2703144,579384
89,3095978,578313
89,3490413,576964
89,3887650,575338
89,4281948,573826
89,4654479,572131
89,5032767,569967
89,5428774,567620
89,5830954,565100
89,6245025,562333
89,6655025,559737
89,7013021,556655
89,7426313,553842
89,7789310,550309
89,8179899,547024
89,8555956,543085
89,8953984,539037
89,9363699,535368
89,9737188,530818
89,10139378,526059
89,10532528,521928
89,10930031,516960
89,11306163,512220
89,11681250,506771
89,12058232,502069
89,12431113,496919
89,12808383,490782
89,13204677,484875
89,13613190,479211
89,13968928,473383
89,14363361,469247
89,14737693,463471
89,15156556,457995
89,15551371,453851
89,15928342,448361
89,16326857,443260
89,16717393,439452
89,17093322,435184
89,17467845,430487
89,17865774,426533
89,18258892,422902
89,18654408,418802
89,19032077,415657
89,19404420,412551
89,19774654,409087
89,20155444,406268
89,20530566,403564
89,20886409,400628
89,21301870,398307
89,21655478,396219
89,22013528,393963
89,22428391,391878
89,22825584,390031
89,23218540,388605
89,23594061,387113
89,24013086,385911
89,24425726,385036
89,24799434,384152
89,25181868,383597
89,25571164,383162
89,25954663,382893
89,26388438,382816
89,26801034,382815
89,27202809,382359
89,27595515,382184
89,27994751,382165
89,28365724,381951
89,28772333,381962
89,29136317,381971
89,29530225,381936
89,29886751,382041
89,30260953,382064
89,30658864,382097
89,31033905,382179
89,31406985,382184
89,31791219,382257
89,32202549,382288
89,32591178,382312
89,32973193,382355
89,33365296,382367
89,33737426,382403
89,34139118,382424
89,34511641,382451
89,34909515,382481
89,35304335,382505
89,35676996,382539
89,36073500,382563
89,36470478,382591
89,36868236,382617
89,37261222,382635
89,37656565,382653
89,38054883,382666
89,38454387,382677
89,38846106,382684
89,39240601,382692
89,39634435,382699
89,39992325,382709
89,40384787,382726
89,40790151,382741
89,41158471,382765
89,41575209,382801
89,41970016,382846
89,42343671,382909
89,42739354,382970
89,43116626,383038
89,43524337,383094
89,43911500,383149
89,44280465,383191
89,44634605,383221
89,44991209,383243
89,45365498,383256
89,45773568,383257
89,46137119,383250
89,46532305,383231
89,46952127,383208
89,47344697,383184
89,47740465,383156
89,48136237,383131
89,48529120,383110
89,48888374,383092
89,49282231,383078
89,49664347,383067
89,50077398,383058
89,50468429,383056
89,50846355,383052
89,51241260,383052
89,51634313,383053
89,51990593,383055
89,52363001,383055
89,52736324,383058
89,53138560,383058
89,53550252,383059
89,53909934,383059
89,54304128,383059
89,54681185,383056
89,55074270,383054
89,55487613,383051
89,55843717,383049
89,56238133,383045
89,56613890,383044
89,56968982,383042
89,57342914,383039
89,57738062,383037
89,58137088,383035
89,58510400,383033
89,58908993,383030
89,59281828,383029
89,59677195,383029
89,60053712,383028
89,60451995,383026
89,60865995,383025
89,61259517,383024
89,61633877,383024
89,61991633,383022
89,62362860,383021
89,62717299,383020
89,63121386,383020
89,63488893,383018
89,63886700,383017
89,64280246,383015
89,64655147,383016
89,65031764,383015
89,65403398,383013
89,65792489,383012
89,66158074,383012
89,66551130,383011
89,66908861,383010
89,67290937,383008
89,67682297,383007
89,68078180,383007
89,68466185,383006
89,68843481,383005
89,69238935,383005
89,69634019,383005
89,69991749,383002
89,70383268,383003
89,70736728,383002
89,71135693,383002
89,71528292,383002
89,71886833,383002
89,72279046,383000
89,72632552,383000
89,72992451,382999
89,73363114,382999
89,73737189,382999
89,74127485,382999
89,74491713,382999
89,74887462,382998
89,75261069,382997
89,75655688,382997
89,76054039,382997
89,76432028,382997
89,76808238,382996
89,77199347,382996
89,77616179,382996
89,78012176,382996
90,736772,582985
90,1112328,582553
90,1495831,581886
90,1889265,581410
90,2267451,580606
90,2706279,579550
90,3075700,578342
90,3474454,577150
90,3845915,575768
90,4206370,574287
90,4578754,572405
90,4973077,570534
90,5372592,568227
90,5744271,565736
90,6163185,563040
90,6579165,560115
90,6972715,557424
90,7330969,554647
90,7703432,551214
90,8108449,547488
90,8496514,544077
90,8890505,540037
90,9291705,535894
90,9679233,531972
90,10055808,527239
90,10455219,523095
90,10827780,518233
90,11202902,513586
90,11597272,508775
90,11951954,503447
90,12368064,497664
90,12767358,491516
90,13171441,486371
90,13536222,480035
90,13930904,474614
90,14308309,469891
90,14701902,465061
90,15074638,459266
90,15475892,454540
90,15890799,449148
90,16292274,443877
90,16700042,440073
90,17056015,435245
90,17473348,430500
90,17867656,427030
90,18246602,422924
90,18661580,418774
90,19056454,415177
90,19474536,411639
90,19868072,408632
90,20246059,405433
90,20665175,402402
90,21057528,399591
90,21455205,397389
90,21827088,395363
90,22183158,393163
90,22577443,391405
90,22951044,389831
90,23306671,388239
90,23700977,386956
90,24075927,385789
90,24494783,384807
90,24889822,383974
90,25288589,383473
90,25681286,383079
90,26077505,382856
90,26476967,382825
90,26848664,382776
90,27245417,382334
90,27619656,382110
90,28012137,382097
90,28393043,381902
90,28790864,381903
90,29183846,381926
90,29557873,381924
90,29952899,382024
90,30330059,382051
90,30727460,382105
90,31112098,382165
90,31496923,382189
90,31888047,382252
90,32289749,382282
90,32681769,382320
90,33074474,382348
90,33452097,382369
90,33804189,382402
90,34181108,382430
90,34575972,382457
90,34928612,382484
90,35306358,382512
90,35680647,382536
90,36054091,382557
90,36455054,382573
90,36830174,382589
90,37234975,382599
90,37599277,382616
90,37996372,382628
90,38392366,382646
90,38784418,382658
90,39145837,382676
90,39535458,382693
90,39931640,382711
90,40307592,382733
90,40701547,382757
90,41077510,382793
90,41473665,382837
90,41848936,382893
90,42245204,382951
90,42617934,383007
90,42995627,383072
90,43391543,383131
90,43783623,383174
90,44145874,383211
90,44519757,383241
90,44913928,383252
90,45339553,383258
90,45721216,383253
90,46106444,383237
90,46493511,383219
90,46844941,383198
90,47205120,383175
90,47598621,383151
90,47993490,383129
90,48351375,383108
90,48744528,383092
90,49129004,383079
90,49519072,383069
90,49886792,383062
90,50247021,383057
90,50641752,383054
90,51019384,383053
90,51413013,383053
90,51827768,383053
90,52225152,383056
90,52599313,383058
90,52993233,383059
90,53350292,383059
90,53724814,383059
90,54126193,383059
90,54495186,383055
90,54889838,383053
90,55245731,383052
90,55619978,383049
90,56014258,383044
90,56390505,383044
90,56790413,383039
90,57201988,383037
90,57596805,383036
90,57950486,383035
90,58331957,383030
90,58746256,383030
90,59168172,383030
90,59588629,383028
90,59956574,383027
90,60329409,383026
90,60725620,383025
90,61131952,383024
90,61496168,383023
90,61908610,383021
90,62290518,383020
90,62681116,383018
90,63057804,383017
90,63434399,383017
90,63804391,383015
90,64185247,383013
90,64577512,383013
90,64994091,383013
90,65348077,383011
90,65742447,383011
90,66110921,383009
90,66494299,383009
90,66866581,383008
90,67225590,383007
90,67611146,383007
90,68015087,383006
90,68416071,383005
90,68825562,383005
90,69184702,383005
90,69575579,383004
90,69960465,383004
90,70351260,383003
90,70722564,383002
90,71075998,383001
90,71494937,383000
90,71889202,383000
90,72247007,382999
90,72620334,382998
90,73015675,382998
90,73393591,382998
90,73786159,382997
90,74203844,382997
90,74598070,382997
90,74993574,382998
90,75390733,382996
90,75790534,382996
90,76202109,382996
90,76598611,382997
90,76991151,382996
90,77368930,382996
90,77743335,382996
91,725854,582985
91,1121009,582554
91,1516586,581959
91,1894102,581404
91,2308564,580599
91,2710353,579681
91,3082672,578482
91,3477485,577136
91,3872302,575761
91,4265602,574266
91,4639430,572383
91,5042317,570248
91,5435455,567918
91,5831967,565726
91,6231571,563030
91,6621189,560098
91,7016610,557024
91,7415530,554228
91,7789565,550732
91,8185647,547467
91,8560104,543553
91,8957331,539512
91,9356296,535878
91,9748047,531362
91,10144082,526610
91,10538394,522485
91,10914969,517573
91,11311427,512886
91,11711095,507420
91,12099866,502051
91,12497008,496127
91,12915554,490031
91,13310335,484103
91,13712633,478368
91,14082974,472795
91,14473762,468683
91,14850074,462846
91,15265131,458118
91,15619755,453377
91,16020634,448554
91,16393600,443398
91,16791302,439566
91,17197445,434660
91,17561230,429991
91,17957134,426532
91,18329256,422381
91,18727296,418292
91,19142712,415146
91,19539152,411631
91,19916545,408237
91,20309497,405437
91,20694929,402403
91,21101761,399606
91,21494355,397392
91,21874322,395082
91,22266416,392908
91,22673685,391170
91,23058614,389414
91,23452418,388052
91,23809545,386622
91,24225097,385641
91,24580612,384686
91,24975798,383883
91,25390038,383406
91,25766758,383042
91,26163568,382843
91,26555755,382830
91,26915980,382775
91,27286154,382338
91,27671198,382091
91,28059758,382063
91,28453692,381900
91,28830505,381884
91,29229576,381907
91,29639829,381938
91,30058722,382025
91,30410777,382046
91,30771602,382115
91,31162874,382160
91,31566530,382201
91,31957271,382261
91,32369961,382289
91,32767041,382330
91,33162436,382355
91,33556505,382383
91,33938734,382414
91,34334527,382439
91,34706582,382466
91,35078209,382493
91,35476254,382522
91,35893871,382544
91,36282689,382565
91,36672390,382582
91,37061852,382597
91,37458113,382611
91,37853491,382627
91,38269792,382645
91,38670159,382663
91,39057538,382682
91,39407376,382701
91,39769705,382716
91,40164140,382739
91,40572694,382758
91,40957863,382784
91,41349740,382812
91,41743099,382858
91,42132741,382910
91,42491672,382969
91,42876151,383033
91,43265949,383088
91,43617582,383142
91,44034355,383184
91,44400007,383217
91,44791158,383239
91,45174019,383247
91,45553431,383249
91,45916706,383243
91,46282822,383229
91,46639606,383205
91,47057884,383185
91,47409638,383162
91,47764616,383139
91,48127051,383119
91,48496144,383099
91,48913283,383082
91,49289374,383072
91,49683168,383062
91,50058618,383058
91,50430825,383054
91,50789745,383052
91,51179590,383052
91,51552121,383054
91,51911438,383055
91,52262648,383057
91,52620519,383058
91,52995774,383059
91,53392935,383059
91,53768226,383059
91,54159671,383059
91,54515167,383056
91,54871159,383054
91,55245564,383051
91,55640788,383048
91,56049355,383043
91,56414831,383043
91,56788828,383038
91,57183506,383037
91,57578704,383035
91,57976552,383032
91,58371408,383030
91,58766850,383029
91,59161133,383028
91,59536232,383028
91,59895689,383025
91,60267181,383025
91,60674626,383025
91,61039143,383023
91,61434310,383021
91,61852832,383021
91,62267117,383021
91,62671818,383019
91,63079251,383017
91,63472621,383015
91,63852509,383014
91,64245842,383013
91,64621049,383013
91,65019269,383013
91,65392272,383012
91,65791008,383011
91,66191512,383011
91,66578347,383009
91,66957172,383008
91,67330609,383007
91,67729686,383006
91,68142680,383005
91,68536818,383005
91,68915235,383004
91,69307867,383004
91,69694014,383002
91,70080349,383002
91,70474792,383001
91,70871965,383000
91,71267483,383000
91,71674969,383001
91,72041406,383000
91,72455012,382999
91,72871637,382998
91,73265592,382999
91,73618742,382999
91,74017833,382998
91,74392545,382998
91,74790068,382997
91,75162473,382996
91,75576528,382996
91,75936417,382996
91,76331414,382996
91,76709533,382996
91,77100030,382994
91,77518464,382994
91,77934789,382994
91,78331168,382993
91,78728727,382993
91,79120042,382993
92,717745,582982
92,1076755,582556
92,1448364,581957
92,1827994,581478
92,2221973,580716
92,2596180,579681
92,2995398,578638
92,3367468,577311
92,3785704,575754
92,4180305,574042
92,4596807,572121
92,4997302,570235
92,5368028,567896
92,5767907,565703
92,6140010,563008
92,6534747,560457
92,6931172,557388
92,7326635,554208
92,7723005,550721
92,8141134,546979
92,8532490,543552
92,8891497,540025
92,9264343,535888
92,9666631,531966
92,10056207,527231
92,10453081,522501
92,10849028,517592
92,11244166,512902
92,11646813,507433
92,12053109,502063
92,12416215,496919
92,12790816,491530
92,13184469,485636
92,13576925,479229
92,13949213,474015
92,14323015,469948
92,14706618,464408
92,15097268,458738
92,15493264,454632
92,15868723,449277
92,16263923,444569
92,16649651,440136
92,17036864,435943
92,17427795,431064
92,17791738,427494
92,18157966,423987
92,18532554,420263
92,18889068,416454
92,19283417,413375
92,19666953,409894
92,20057996,406588
92,20469040,403894
92,20826828,400971
92,21242792,398610
92,21593791,396213
92,22035528,393978
92,22431562,391883
92,22828507,390033
92,23242231,388627
92,23592810,387127
92,24016154,385905
92,24388104,385044
92,24773918,384162
92,25159233,383596
92,25530339,383214
92,25894156,382952
92,26262457,382824
92,26623082,382853
92,27015664,382608
92,27389018,382129
92,27785892,382058
92,28163623,381971
92,28558349,381844
92,28973286,381872
92,29324746,381891
92,29699514,381965
92,30094266,382025
92,30449593,382058
92,30825371,382137
92,31220709,382175
92,31571006,382236
92,31972919,382272
92,32346135,382303
92,32743024,382333
92,33137159,382359
92,33534195,382388
92,33887496,382413
92,34241592,382435
92,34592594,382466
92,34990745,382488
92,35365337,382515
92,35720827,382533
92,36073813,382555
92,36459800,382578
92,36848445,382596
92,37219293,382615
92,37573058,382634
92,37973602,382651
92,38346028,382666
92,38704136,382682
92,39094303,382698
92,39447347,382709
92,39828173,382726
92,40241780,382737
92,40595496,382756
92,40994135,382776
92,41366333,382803
92,41722317,382848
92,42114784,382899
92,42467316,382957
92,42845807,383014
92,43199507,383071
92,43571344,383130
92,43973016,383176
92,44366271,383209
92,44741733,383229
92,45095742,383242
92,45448815,383244
92,45855897,383238
92,46236457,383226
92,46722001,383198
92,47161018,383175
92,47552947,383153
92,48033441,383127
92,48434136,383109
92,48851856,383095
92,49240986,383082
92,49609198,383072
92,49975066,383068
92,50309398,383062
92,50655322,383059
92,51016360,383057
92,51368359,383057
92,51730674,383057
92,52082342,383057
92,52458470,383056
92,52817435,383056
92,53192167,383056
92,53586982,383056
92,53936754,383054
92,54293385,383052
92,54656492,383051
92,55024989,383050
92,55382462,383047
92,55767399,383043
92,56159932,383042
92,56556449,383039
92,56964817,383036
92,57339474,383034
92,57725901,383030
92,58117552,383029
92,58471683,383029
92,58823948,383027
92,59218433,383025
92,59572862,383025
92,59952428,383023
92,60358066,383022
92,60726445,383021
92,61118018,383020
92,61492728,383019
92,61849698,383019
92,62243922,383017
92,62645091,383016
92,63035340,383017
92,63426061,383015
92,63807689,383014
92,64201767,383013
92,64596186,383013
92,64997391,383012
92,65367305,383011
92,65743666,383011
92,66096644,383007
92,66447112,383007
92,66828185,383006
92,67218552,383006
92,67571543,383005
92,67970092,383004
92,68343872,383003
92,68699492,383003
92,69073155,383003
92,69467279,383003
92,69824350,383001
92,70197877,383000
92,70591572,383000
92,70994571,383000
92,71367667,383000
92,71723163,383000
92,72139241,383000
92,72533592,383000
92,72891653,383000
92,73262864,382999
92,73665928,382998
92,74040633,382998
92,74430661,382997
92,74848679,382996
92,75244087,382996
92,75646570,382996
92,76032753,382996
92,76389848,382996
92,76783895,382995
92,77135141,382995
92,77489938,382995
92,77870364,382994
92,78263993,382994
92,78645568,382994
92,79036235,382994
92,79414570,382994
92,79810220,382993
93,713335,582968
93,1115228,582467
93,1509292,581881
93,1865213,581397
93,2260660,580581
93,2664053,579533
93,3052940,578483
93,3444703,577115
93,3827707,575534
93,4239181,573812
93,4693927,571582
93,5113335,569371
93,5512217,567276
93,5885438,565049
93,6238740,562644
93,6589161,559692
93,6989214,556998
93,7364396,553794
93,7760789,550729
93,8151213,546997
93,8547993,543578
93,8909141,539545
93,9301649,535922
93,9685048,531419
93,10075421,526665
93,10469104,522536
93,10865393,517635
93,11256281,512943
93,11610904,507466
93,12030266,502792
93,12384435,497708
93,12761186,491556
93,13155019,486403
93,13510063,480925
93,13864383,475345
93,14216520,471107
93,14589634,465848
93,14987011,460626
93,15359927,456337
93,15718449,451310
93,16114618,446362
93,16500810,441686
93,16887744,437119
93,17279182,432758
93,17665792,428459
93,18053026,425020
93,18447523,420769
93,18846903,416936
93,19238895,413835
93,19592722,410747
93,19970196,407432
93,20364355,404677
93,20719673,402032
93,21094285,399264
93,21484796,397089
93,21863017,395070
93,22217756,393152
93,22612943,391154
93,22988804,389606
93,23364041,388031
93,23740220,386773
93,24120407,385645
93,24510505,384796
93,24883208,384054
93,25241494,383462
93,25667831,383073
93,26056038,382849
93,26446142,382811
93,26823371,382764
93,27218701,382355
93,27592437,382186
93,27993587,382141
93,28364178,381963
93,28719748,381952
93,29113054,381948
93,29478603,381945
93,29868816,382030
93,30264364,382041
93,30666984,382122
93,31076869,382158
93,31467657,382210
93,31847070,382267
93,32241018,382287
93,32615496,382331
93,33012423,382349
93,33386099,382385
93,33784526,382409
93,34177587,382433
93,34555912,382461
93,34952149,382486
93,35365567,382514
93,35763673,382536
93,36155813,382562
93,36521479,382583
93,36911781,382605
93,37322660,382622
93,37742511,382638
93,38134237,382653
93,38487335,382664
93,38845616,382679
93,39218620,382695
93,39611607,382711
93,40013679,382725
93,40385400,382740
93,40772497,382763
93,41157842,382786
93,41552072,382814
93,41948944,382859
93,42344504,382915
93,42740560,382973
93,43113994,383030
93,43465644,383090
93,43868980,383139
93,44263175,383184
93,44669424,383216
93,45055657,383237
93,45467977,383243
93,45866773,383242
93,46262202,383230
93,46665404,383213
93,47052154,383194
93,47406146,383169
93,47803637,383149
93,48181759,383127
93,48571868,383108
93,48925508,383094
93,49301152,383083
93,49665933,383069
93,50054094,383064
93,50430231,383058
93,50822231,383057
93,51238052,383054
93,51591467,383054
93,51968622,383055
93,52363486,383056
93,52719569,383056
93,53092344,383059
93,53487250,383058
93,53846480,383057
93,54229832,383056
93,54617246,383056
93,54990958,383052
93,55385940,383051
93,55762556,383048
93,56154821,383045
93,56508492,383043
93,56863499,383041
93,57237303,383038
93,57594265,383035
93,57993119,383034
93,58363634,383032
93,58719582,383030
93,59134501,383028
93,59488156,383027
93,59866192,383026
93,60259131,383025
93,60611545,383024
93,61010017,383022
93,61382303,383022
93,61761197,383019
93,62153097,383019
93,62508354,383019
93,62864575,383018
93,63257595,383016
93,63644594,383015
93,64037396,383014
93,64406900,383012
93,64834878,383012
93,65220227,383010
93,65614322,383009
93,65989184,383008
93,66384849,383008
93,66760636,383008
93,67158341,383007
93,67552202,383007
93,67952501,383007
93,68343612,383006
93,68760989,383006
93,69153897,383005
93,69506683,383005
93,69887831,383004
93,70301682,383003
93,70703774,383003
93,71111723,383002
93,71466086,383001
93,71842903,383000
93,72238856,382999
93,72590582,382999
93,73009818,382999
93,73405346,382997
93,73760033,382997
93,74154321,382997
93,74529492,382997
93,74884791,382997
93,75257975,382996
93,75611805,382995
93,76009453,382995
93,76506247,382996
93,77028764,382995
93,77469714,382995
93,77876096,382995
93,78262911,382994
93,78772098,382994
94,719717,582993
94,1087685,582642
94,1472862,582034
94,1831583,581552
94,2211673,580828
94,2605360,579821
94,3018236,578663
94,3409374,577493
94,3783561,576166
94,4144422,574495
94,4560158,572637
94,4951924,570795
94,5310813,568807
94,5684063,566344
94,6085300,564057
94,6475321,561215
94,6866894,558172
94,7247760,555431
94,7618060,552523
94,7993630,548900
94,8369074,545559
94,8741259,542074
94,9120020,538025
94,9513181,534268
94,9868511,530245
94,10252216,525492
94,10621028,521371
94,10995860,517003
94,11392428,511578
94,11762630,506824
94,12122468,502112
94,12494996,496202
94,12889112,490836
94,13269232,484926
94,13660538,479267
94,14012772,474039
94,14391193,469895
94,14740811,465037
94,15140135,459203
94,15514140,455047
94,15866360,450473
94,16252368,444980
94,16643611,440506
94,17048913,436414
94,17413141,431550
94,17807979,427938
94,18164484,424476
94,18535182,420768
94,18887840,417401
94,19267443,413859
94,19659744,410758
94,20012203,407445
94,20412882,404699
94,20785576,402042
94,21144924,399266
94,21539452,397096
94,21934960,394793
94,22332102,392627
94,22725953,390695
94,23143418,388994
94,23537271,387652
94,23908961,386479
94,24279301,385409
94,24686049,384464
94,25088620,383741
94,25481773,383311
94,25867322,382975
94,26269200,382819
94,26663308,382846
94,27068415,382609
94,27453195,382231
94,27805137,382193
94,28162741,382101
94,28513766,381943
94,28867304,381968
94,29247358,381947
94,29641141,381969
94,29996062,382052
94,30414229,382059
94,30804420,382141
94,31161434,382169
94,31512449,382212
94,31886788,382277
94,32271913,382291
94,32663287,382343
94,33081994,382359
94,33476335,382398
94,33904734,382421
94,34292328,382443
94,34661731,382468
94,35013091,382484
94,35431389,382511
94,35784496,382529
94,36145016,382556
94,36539332,382575
94,36914129,382597
94,37310874,382620
94,37684292,382633
94,38046966,382654
94,38434246,382666
94,38804501,382682
94,39163266,382700
94,39577973,382716
94,39930580,382732
94,40287311,382746
94,40682580,382763
94,41063455,382780
94,41472598,382796
94,41829792,382821
94,42228323,382856
94,42639130,382901
94,42990259,382956
94,43373042,383019
94,43767721,383081
94,44165161,383129
94,44557793,383172
94,44933714,383206
94,45310128,383232
94,45700312,383240
94,46063168,383242
94,46434163,383235
94,46831239,383225
94,47204086,383208
94,47557637,383187
94,47909163,383169
94,48267399,383148
94,48672885,383126
94,49066007,383107
94,49452774,383093
94,49804825,383079
94,50164020,383072
94,50534523,383066
94,50886345,383060
94,51245615,383057
94,51618138,383057
94,52011864,383055
94,52409305,383056
94,52761075,383058
94,53139564,383059
94,53492194,383059
94,53864821,383059
94,54271253,383059
94,54662224,383059
94,55045955,383056
94,55434612,383055
94,55786461,383051
94,56163003,383051
94,56516189,383047
94,56866337,383044
94,57247154,383042
94,57649677,383038
94,58043713,383037
94,58412412,383035
94,58763074,383033
94,59121279,383031
94,59495133,383029
94,59886553,383028
94,60265537,383028
94,60617182,383027
94,60991184,383025
94,61367239,383024
94,61742350,383022
94,62235114,383020
94,62767755,383020
94,63281914,383018
94,63780854,383015
94,64230411,383015
94,64631441,383013
94,65019169,383012
94,65532234,383011
94,65976545,383009
94,66497230,383008
94,67009833,383007
94,67511040,383006
94,68047398,383006
94,68554225,383005
94,69002167,383004
94,69422798,383004
94,69887843,383002
94,70386246,383002
94,70906821,383000
94,71408150,383000
94,71927973,382999
94,72427620,382998
94,72879937,382998
94,73361648,382998
94,73789893,382998
94,74280688,382997
94,74706497,382996
94,75118837,382995
94,75515537,382995
94,75915271,382995
94,76300199,382994
94,76687454,382994
94,77089263,382993
94,77483575,382993
95,713979,582985
95,1086024,582556
95,1473779,581958
95,1853622,581409
95,2264840,580714
95,2616418,579822
95,2993058,578661
95,3388617,577497
95,3741961,576168
95,4120280,574496
95,4517847,572647
95,4914585,570795
95,5290015,568509
95,5702183,566355
95,6067464,563733
95,6454307,561231
95,6804752,558568
95,7207285,555451
95,7581844,552541
95,7956019,548912
95,8350635,545084
95,8744358,541573
95,9120016,537500
95,9515062,533698
95,9866934,529647
95,10248004,524885
95,10637909,520742
95,10991604,516310
95,11391840,510832
95,11783538,506119
95,12141204,501366
95,12498144,495364
95,12891666,490050
95,13283295,484876
95,13710948,477573
95,14103638,472212
95,14498996,467241
95,14891938,461978
95,15308630,456829
95,15690411,451907
95,16096898,446984
95,16479468,442179
95,16870175,437692
95,17270314,432753
95,17666499,428959
95,18050334,425020
95,18433432,421295
95,18829080,417396
95,19205488,413858
95,19606262,410765
95,19994381,407439
95,20392151,404318
95,20787231,401691
95,21183985,398946
95,21577526,396810
95,21933775,394524
95,22348895,392380
95,22745295,390700
95,23145237,389008
95,23516096,387660
95,23870402,386471
95,24249743,385408
95,24643029,384469
95,25053613,383810
95,25415522,383307
95,25811826,382976
95,26209243,382827
95,26585161,382844
95,26995072,382609
95,27391703,382214
95,27785341,382167
95,28166858,382035
95,28559431,381923
95,28932129,381975
95,29290005,381952
95,29684512,382004
95,30110860,382080
95,30521563,382092
95,30889349,382178
95,31246578,382194
95,31640680,382246
95,31992985,382295
95,32370802,382308
95,32765293,382357
95,33120441,382369
95,33494774,382394
95,33868120,382426
95,34247096,382435
95,34619929,382466
95,35014612,382477
95,35415340,382506
95,35788230,382526
95,36185417,382551
95,36582175,382579
95,36972854,382599
95,37330900,382626
95,37726066,382642
95,38121384,382667
95,38497430,382683
95,38871366,382703
95,39289933,382722
95,39686985,382739
95,40086989,382752
95,40473873,382766
95,40869639,382780
95,41246518,382795
95,41618989,382809
95,41993825,382830
95,42390922,382852
95,42754911,382893
95,43124491,382949
95,43515371,383004
95,43868967,383056
95,44244584,383103
95,44618122,383151
95,45036647,383189
95,45435014,383215
95,45830244,383231
95,46228190,383233
95,46620129,383231
95,47006110,383217
95,47412800,383200
95,47787151,383183
95,48141965,383160
95,48538563,383140
95,48911860,383120
95,49309958,383102
95,49704402,383087
95,50085331,383076
95,50478240,383068
95,50866778,383061
95,51246494,383059
95,51619446,383056
95,51992083,383056
95,52389859,383056
95,52742759,383056
95,53118665,383056
95,53493862,383058
95,53866797,383058
95,54247525,383058
95,54628198,383057
95,54996430,383056
95,55390239,383055
95,55764181,383053
95,56121884,383050
95,56518568,383048
95,56888416,383045
95,57246600,383043
95,57641850,383041
95,58014099,383038
95,58412885,383037
95,58806247,383035
95,59183514,383032
95,59578007,383031
95,59950975,383029
95,60307589,383028
95,60681956,383027
95,61044331,383027
95,61431190,383025
95,61806137,383022
95,62186863,383022
95,62579287,383021
95,62978522,383020
95,63392762,383019
95,63787443,383017
95,64182755,383015
95,64555114,383015
95,64931097,383014
95,65286428,383013
95,65638238,383013
95,65993862,383012
95,66393426,383011
95,66787907,383010
95,67206698,383009
95,67581509,383009
95,67957218,383007
95,68373712,383007
95,68764078,383006
95,69122548,383006
95,69495152,383005
95,69891329,383004
95,70291094,383004
95,70682773,383002
95,71069053,383002
95,71444449,383002
95,71831080,383000
95,72205251,383000
95,72604655,383000
95,73016318,383000
95,73436416,382998
95,73829578,382998
95,74210915,383000
95,74602138,382998
95,75016497,382998
95,75413559,382998
95,75786142,382998
95,76143724,382996
95,76538572,382996
95,76912356,382996
95,77310434,382996
95,77683052,382995
95,78090380,382994
95,78460915,382994
95,78862808,382994
95,79231060,382992
95,79623330,382992
96,715667,582984
96,1098055,582640
96,1495578,581957
96,1887966,581481
96,2244123,580824
96,2595089,579954
96,2970088,578809
96,3376408,577486
96,3788168,575956
96,4197157,574481
96,4563193,572627
96,4936926,570780
96,5330605,568492
96,5724029,566330
96,6095584,563703
96,6494639,561204
96,6845361,558537
96,7228371,555409
96,7600511,552499
96,7970884,549332
96,8351832,545527
96,8745582,542031
96,9095333,538486
96,9495070,534216
96,9866830,530194
96,10224769,526034
96,10597416,521320
96,10991203,516946
96,11369822,511513
96,11764420,506762
96,12116154,502057
96,12491793,496922
96,12845457,491532
96,13222975,485636
96,13595870,480081
96,13969766,474662
96,14347866,469934
96,14742172,465134
96,15095721,459330
96,15497768,455195
96,15894235,449947
96,16312665,444536
96,16707237,440117
96,17100218,435302
96,17493015,431065
96,17867347,427512
96,18226073,423485
96,18620608,419766
96,18995780,416037
96,19392250,412981
96,19787206,409507
96,20185745,406231
96,20576655,403560
96,20934875,400997
96,21311602,398305
96,21705427,395937
96,22104816,393981
96,22496542,391882
96,22886076,390254
96,23243098,388821
96,23594605,387479
96,23970215,386173
96,24346232,385282
96,24719314,384464
96,25094004,383727
96,25498096,383256
96,25889044,382973
96,26264702,382824
96,26615928,382839
96,26990753,382727
96,27368617,382211
96,27747070,382070
96,28151001,382041
96,28542146,381878
96,28912440,381907
96,29288947,381932
96,29682438,381954
96,30037102,382057
96,30411320,382079
96,30766028,382125
96,31120286,382198
96,31516327,382214
96,31887001,382274
96,32246557,382306
96,32618489,382329
96,32969076,382371
96,33369951,382391
96,33723447,382415
96,34094807,382442
96,34492860,382457
96,34846520,382476
96,35221910,382494
96,35595678,382516
96,35993634,382538
96,36354068,382561
96,36746700,382583
96,37120126,382606
96,37519745,382626
96,37891747,382647
96,38309294,382670
96,38701999,382690
96,39053577,382707
96,39409784,382726
96,39787703,382742
96,40201303,382760
96,40563975,382775
96,40958573,382792
96,41350396,382805
96,41724484,382819
96,42118920,382835
96,42494691,382858
96,42887588,382894
96,43245445,382937
96,43618214,382989
96,43992182,383045
96,44370166,383094
96,44743018,383134
96,45095569,383175
96,45492240,383200
96,45865547,383220
96,46231742,383230
96,46619331,383231
96,46990737,383224
96,47354072,383210
96,47722765,383192
96,48116590,383172
96,48518393,383151
96,48890788,383131
96,49247876,383111
96,49642042,383095
96,50015547,383082
96,50368645,383071
96,50744902,383062
96,51148191,383056
96,51539709,383053
96,51911458,383052
96,52288699,383050
96,52683540,383050
96,53082407,383052
96,53495759,383052
96,53886634,383052
96,54266283,383054
96,54661245,383054
96,55032778,383054
96,55388405,383053
96,55741224,383051
96,56094540,383049
96,56490995,383046
96,56866296,383044
96,57223849,383042
96,57595170,383039
96,57968606,383035
96,58348080,383034
96,58723063,383031
96,59093545,383030
96,59495807,383028
96,59890788,383027
96,60266611,383025
96,60657177,383023
96,61011833,383022
96,61392272,383022
96,61784090,383021
96,62147649,383021
96,62515343,383020
96,62865764,383019
96,63226230,383017
96,63618034,383016
96,63990786,383014
96,64359028,383013
96,64723481,383013
96,65117063,383013
96,65514929,383011
96,65886072,383011
96,66246878,383008
96,66639719,383008
96,67010752,383008
96,67368546,383006
96,67720327,383006
96,68093597,383005
96,68491176,383004
96,68865218,383003
96,69225095,383003
96,69615772,383000
96,69990591,383000
96,70356840,383000
96,70747377,383000
96,71119995,382999
96,71517831,382999
96,71910997,382998
96,72288947,382997
96,72700831,382997
96,73056784,382996
96,73459804,382996
96,73870236,382995
96,74247120,382995
96,74641895,382994
96,75036442,382994
96,75413470,382993
96,75807631,382993
96,76167257,382993
96,76536036,382993
96,76886626,382993
96,77244956,382993
96,77597604,382993
96,77969114,382992
96,78349265,382992
97,716637,582986
97,1097081,582641
97,1474281,581956
97,1888330,581478
97,2240022,580834
97,2616740,579822
97,3010187,578785
97,3385561,577492
97,3790271,575963
97,4183653,574476
97,4586354,572626
97,4954286,570501
97,5347511,568486
97,5707865,566335
97,6078077,564053
97,6452551,561194
97,6833076,558530
97,7208060,555811
97,7583708,552506
97,7978050,548864
97,8386149,545516
97,8747014,541523
97,9156859,537973
97,9508030,533661
97,9908058,529609
97,10300891,524855
97,10682726,520726
97,11055114,516296
97,11406181,511510
97,11762802,506769
97,12115666,502070
97,12488781,496145
97,12885482,490782
97,13240446,485635
97,13614195,479222
97,14009574,474009
97,14394490,469321
97,14768178,464365
97,15159385,459331
97,15514793,454596
97,15914374,449228
97,16307446,444544
97,16702673,440130
97,17093304,435932
97,17451798,431077
97,17853088,427035
97,18243432,423467
97,18618882,419767
97,18992193,416039
97,19387453,412961
97,19766210,409505
97,20159471,406640
97,20510019,403936
97,20908828,400994
97,21280603,398630
97,21639309,396518
97,22032654,394255
97,22404521,392384
97,22784877,390699
97,23135671,389210
97,23488222,387667
97,23886990,386462
97,24259185,385518
97,24615299,384684
97,24988915,383876
97,25385440,383401
97,25746880,383038
97,26158286,382848
97,26509678,382817
97,26911100,382766
97,27305650,382271
97,27681984,382093
97,28055774,382092
97,28409029,381945
97,28762875,381909
97,29114791,381958
97,29487652,381950
97,29891800,382058
97,30304702,382083
97,30661025,382127
97,31056749,382201
97,31408201,382215
97,31785978,382288
97,32201392,382317
97,32560465,382345
97,32950136,382387
97,33302039,382396
97,33657987,382429
97,34031758,382449
97,34395159,382465
97,34785776,382486
97,35157116,382493
97,35509033,382514
97,35887860,382530
97,36238492,382550
97,36639656,382573
97,37017993,382593
97,37411049,382619
97,37785170,382636
97,38190143,382661
97,38604556,382681
97,38991771,382699
97,39365255,382718
97,39761234,382733
97,40113248,382750
97,40492298,382765
97,40888955,382781
97,41262304,382796
97,41620087,382811
97,42013489,382827
97,42388104,382844
97,42743976,382875
97,43139347,382914
97,43509362,382970
97,43908128,383020
97,44258463,383072
97,44617900,383115
97,44990808,383155
97,45362461,383191
97,45763301,383211
97,46112301,383226
97,46486711,383230
97,46885701,383227
97,47237372,383216
97,47620032,383199
97,47990328,383181
97,48362872,383164
97,48743299,383142
97,49138481,383125
97,49492316,383106
97,49890971,383093
97,50262298,383082
97,50618292,383073
97,50994865,383067
97,51383187,383061
97,51742802,383059
97,52115152,383057
97,52507941,383057
97,52907578,383057
97,53280085,383057
97,53640699,383057
97,54010256,383058
97,54361614,383058
97,54761419,383056
97,55115895,383056
97,55487225,383054
97,55884112,383053
97,56238223,383051
97,56614037,383048
97,56997279,383046
97,57385602,383045
97,57739658,383042
97,58121627,383040
97,58489162,383037
97,58891039,383037
97,59263338,383034
97,59639025,383032
97,59989417,383031
97,60363237,383030
97,60761864,383027
97,61114971,383027
97,61487282,383027
97,61885044,383025
97,62275859,383024
97,62644678,383022
97,63010231,383022
97,63384430,383020
97,63745994,383019
97,64140291,383018
97,64547402,383017
97,64910441,383015
97,65325289,383014
97,65681991,383013
97,66075912,383012
97,66426586,383011
97,66805312,383010
97,67158280,383009
97,67512621,383008
97,67913501,383008
97,68305726,383006
97,68680950,383006
97,69054970,383006
97,69406079,383006
97,69763432,383005
97,70118195,383005
97,70492098,383005
97,70892078,383005
97,71260714,383003
97,71618689,383003
97,72014688,383002
97,72405579,383001
97,72786937,382999
97,73161577,382999
97,73564347,382998
97,73956143,382998
97,74326994,382997
97,74708752,382997
97,75103444,382997
97,75489745,382997
97,75867077,382997
97,76242910,382996
97,76618782,382996
97,76991135,382996
97,77364783,382996
97,77741683,382995
97,78116090,382995
98,735317,582983
98,1095644,582638
98,1474116,581954
98,1888036,581396
98,2282070,580714
98,2639282,579811
98,3013749,578621
98,3430190,577304
98,3845997,575744
98,4242483,574024
98,4638704,572353
98,5033206,570219
98,5417109,567880
98,5830449,565363
98,6244060,562632
98,6641418,559679
98,7048686,556987
98,7418107,554189
98,7786250,550700
98,8162249,547437
98,8537986,543522
98,8929939,539491
98,9344498,535869
98,9722049,531362
98,10116806,527218
98,10557794,521915
98,10950419,516952
98,11344525,511514
98,11743684,506767
98,12137800,502069
98,12493898,496159
98,12886580,490788
98,13240777,485637
98,13599670,480082
98,13972935,474026
98,14381111,469954
98,14743270,464401
98,15139512,458737
98,15536357,454632
98,15911840,449972
98,16282522,445174
98,16643313,440688
98,17035726,435947
98,17453509,431076
98,17846394,427512
98,18242373,423474
98,18640072,419264
98,19033066,416027
98,19420233,412524
98,19803209,409516
98,20158374,406244
98,20558093,403182
98,20972496,400653
98,21347115,398008
98,21746958,395657
98,22160129,393439
98,22562621,391642
98,22927399,390034
98,23286023,388422
98,23703830,386938
98,24094423,385896
98,24450980,385031
98,24846645,384147
98,25239478,383585
98,25596464,383160
98,25994571,382894
98,26398278,382818
98,26768931,382842
98,27178329,382473
98,27543352,382074
98,27932885,382061
98,28347403,381947
98,28745504,381879
98,29150601,381938
98,29539530,381954
98,29936454,382058
98,30346719,382092
98,30744831,382144
98,31137867,382202
98,31547055,382242
98,31929995,382295
98,32345098,382330
98,32746038,382363
98,33138321,382397
98,33535792,382424
98,33935489,382457
98,34345097,382478
98,34743082,382496
98,35137388,382512
98,35514359,382529
98,35886872,382542
98,36250572,382559
98,36658985,382576
98,37069953,382592
98,37486072,382613
98,37890058,382633
98,38303284,382652
98,38719322,382672
98,39113062,382690
98,39517773,382708
98,39909526,382725
98,40281187,382741
98,40631540,382758
98,40981662,382773
98,41339328,382791
98,41709606,382807
98,42070865,382825
98,42439352,382853
98,42841302,382889
98,43189119,382935
98,43559030,382987
98,43893977,383039
98,44244201,383079
98,44579284,383121
98,44931241,383159
98,45269290,383187
98,45593764,383211
98,45925683,383226
98,46283182,383232
98,46619683,383233
98,46970748,383230
98,47319303,383217
98,47679210,383201
98,48051660,383180
98,48395757,383162
98,48719779,383141
98,49071047,383120
98,49430647,383099
98,49786228,383085
98,50136740,383070
98,50536224,383058
98,50885296,383053
98,51214954,383049
98,51566480,383047
98,51887808,383047
98,52237221,383047
98,52549439,383048
98,52961483,383049
98,53346568,383051
98,53760989,383053
98,54147239,383054
98,54472103,383054
98,54818099,383055
98,55179460,383053
98,55512637,383052
98,55860110,383051
98,56170003,383049
98,56487751,383046
98,56819692,383043
98,57194040,383041
98,57552108,383038
98,57910805,383035
98,58240297,383033
98,58598841,383031
98,58951946,383030
98,59309576,383028
98,59727476,383028
98,60129371,383027
98,60519550,383025
98,60893259,383023
98,61244028,383022
98,61649096,383021
98,62016691,383021
98,62380733,383019
98,62744459,383019
98,63095126,383017
98,63454517,383017
98,63803511,383015
98,64162284,383014
98,64494859,383013
98,64825994,383013
98,65180852,383013
98,65523349,383012
98,65872671,383011
98,66228892,383011
98,66591116,383010
98,66941144,383009
98,67315566,383008
98,67707637,383007
98,68059324,383007
98,68420190,383006
98,68796399,383006
98,69170364,383005
98,69540043,383005
98,69919258,383003
98,70272178,383002
98,70629781,383002
98,71003793,383001
98,71366444,382999
98,71742685,383000
98,72136403,383000
98,72484798,382998
98,72837410,382997
98,73211607,382998
98,73600062,382998
98,73970834,382998
98,74376149,382997
98,74735002,382997
98,75089106,382997
98,75452955,382997
98,75865371,382996
98,76264613,382996
98,76638588,382996
98,77033864,382996
98,77418368,382995
98,77802388,382995
98,78171236,382995
98,78532452,382995
98,78931694,382994
98,79343935,382994
98,79742200,382993
99,734881,582985
99,1123028,582554
99,1516747,581948
99,1888454,581465
99,2247039,580716
99,2639141,579797
99,3013658,578593
99,3411285,577473
99,3784102,576145
99,4173570,574440
99,4597684,572346
99,5020480,570210
99,5415992,568179
99,5787469,566009
99,6168100,563342
99,6563722,560433
99,6955623,557752
99,7351020,554593
99,7747037,551146
99,8146191,547423
99,8541550,544016
99,8914284,539994
99,9332832,535872
99,9710878,531958
99,10090367,527823
99,10454305,523077
99,10828668,518862
99,11207931,514257
99,11600651,508766
99,11994804,503447
99,12394032,497677
99,12807894,492275
99,13163302,486378
99,13557522,480921
99,13911825,475359
99,14287371,471135
99,14640063,466636
99,14994567,460704
99,15415790,455828
99,15807477,451381
99,16183829,445814
99,16578447,441769
99,16953480,437795
99,17313167,432821
99,17727599,428492
99,18123856,424519
99,18517644,420798
99,18912259,416931
99,19312171,413402
99,19702499,410376
99,20068332,407491
99,20453109,404366
99,20849846,401384
99,21254322,398653
99,21644936,396541
99,22037446,394269
99,22436465,392143
99,22828169,390481
99,23207418,388821
99,23605021,387302
99,23994062,386169
99,24396663,385145
99,24786821,384348
99,25142206,383645
99,25537948,383242
99,25912970,382942
99,26316954,382822
99,26728805,382861
99,27123642,382554
99,27517973,382088
99,27912992,382047
99,28311755,381946
99,28705484,381850
99,29094169,381904
99,29454206,381941
99,29831859,382016
99,30205088,382104
99,30626119,382160
99,31015044,382225
99,31412875,382253
99,31787231,382286
99,32168695,382322
99,32559824,382352
99,32956428,382379
99,33335338,382410
99,33725931,382440
99,34145237,382469
99,34514706,382493
99,34870070,382523
99,35267923,382543
99,35640831,382561
99,35995613,382580
99,36396903,382600
99,36770936,382618
99,37166068,382634
99,37538445,382649
99,37935726,382660
99,38333788,382671
99,38709019,382684
99,39108591,382695
99,39476234,382707
99,39871111,382719
99,40248622,382732
99,40640911,382742
99,40993767,382755
99,41391899,382772
99,41787975,382786
99,42143202,382808
99,42536515,382832
99,42890629,382868
99,43247177,382915
99,43640472,382973
99,44014974,383026
99,44414053,383080
99,44786888,383122
99,45143576,383160
99,45526718,383192
99,45920525,383212
99,46293256,383227
99,46683164,383232
99,47049119,383228
99,47413718,383215
99,47807349,383200
99,48185484,383176
99,48585255,383157
99,48956038,383130
99,49356459,383108
99,49766468,383088
99,50124315,383072
99,50519319,383060
99,50911342,383053
99,51289875,383046
99,51665299,383046
99,52067515,383045
99,52434279,383047
99,52787445,383049
99,53205366,383051
99,53603821,383053
99,54014490,383054
99,54412760,383054
99,54786431,383055
99,55141624,383055
99,55536675,383054
99,55890747,383052
99,56269056,383051
99,56663279,383046
99,57050154,383044
99,57435312,383040
99,57830864,383038
99,58211098,383036
99,58580196,383034
99,58974499,383031
99,59328958,383030
99,59723662,383028
99,60108332,383026
99,60475365,383025
99,60871650,383025
99,61269663,383024
99,61643065,383023
99,62048305,383022
99,62412812,383021
99,62806941,383020
99,63187820,383018
99,63580492,383017
99,63955236,383017
99,64357702,383017
99,64725537,383014
99,65124039,383013
99,65515285,383013
99,65889308,383013
99,66247979,383011
99,66641135,383011
99,67014720,383009
99,67418689,383008
99,67785919,383007
99,68141843,383006
99,68537098,383006
99,68910631,383006
99,69267026,383004
99,69662755,383003
99,70058962,383003
99,70446982,383003
99,70812294,383002
99,71229132,383002
99,71622918,383002
99,72017422,383000
99,72394123,382999
99,72789326,382999
99,73185973,382998
99,73561074,382998
99,73934128,382997
99,74332564,382997
99,74727455,382996
99,75123011,382996
99,75517823,382995
99,75933026,382995
99,76289822,382995
99,76685467,382994
99,77067468,382994
99,77454887,382994
99,77828590,382994
99,78240820,382993
