trial_id,t_ns_since_cmd,position_counts
0,740352,582982
0,1133743,582645
0,1497590,582048
0,1913970,581559
0,2314989,580729
0,2726433,579675
0,3131612,578700
0,3499064,577354
0,3890855,576296
0,4248631,576086
0,4623015,575414
0,5016635,574672
0,5393779,574456
0,5788943,573989
0,6191325,573721
0,6557946,573808
0,6952105,573392
0,7330516,573018
0,7745200,573019
0,8150853,572630
0,8537480,572555
0,8936235,572530
0,9330791,572352
0,9723260,572426
0,10098441,572370
0,10500607,572366
0,10871054,572455
0,11269825,572438
0,11662026,572542
0,12041833,572585
0,12440760,572647
0,12804921,572727
0,13169824,572777
0,13607081,572849
0,13996062,572888
0,14395251,572926
0,14808209,572950
0,15206291,572963
0,15600828,572967
0,15995209,572965
0,16393610,572955
0,16790672,572947
0,17173723,572936
0,17556603,572928
0,17909423,572920
0,18287828,572916
0,18683520,572912
0,19097821,572910
0,19517443,572913
0,19910307,572917
0,20287402,572918
0,20686748,572926
0,21097677,572929
0,21504320,572931
0,21871887,572935
0,22289654,572938
0,22681935,572942
0,23099619,572943
0,23497858,572943
0,23892374,572948
0,24290588,572948
0,24682192,572949
0,25120642,572953
0,25495466,572952
0,25893640,572954
0,26292283,572956
0,26687582,572957
0,27100854,572958
0,27496120,572960
0,27889491,572961
0,28267251,572962
0,28660836,572964
0,29037075,572967
0,29444782,572968
0,29828902,572968
0,30203531,572969
0,30597697,572971
0,31001941,572971
0,31391772,572972
0,31805117,572973
0,32178033,572975
0,32565468,572976
0,32934087,572977
0,33332261,572977
0,33714614,572977
0,34101150,572978
0,34477931,572979
0,34869565,572979
0,35224043,572980
0,35602179,572980
0,35996639,572982
0,36394026,572982
0,36787580,572982
0,37185654,572982
0,37578331,572982
0,37951200,572984
0,38349397,572984
0,38724121,572984
0,39129308,572985
0,39518818,572985
0,39890415,572986
0,40246332,572986
0,40642267,572987
0,41035482,572987
0,41391220,572987
0,41786392,572987
0,42148430,572988
0,42536417,572988
0,42912910,572989
0,43311808,572989
0,43725675,572989
0,44098038,572989
0,44498382,572989
0,44890491,572989
0,45266639,572989
0,45683328,572989
0,46040426,572989
0,46441592,572989
0,46831719,572989
0,47206020,572990
1,750165,582968
1,1184553,582466
1,1564870,581839
1,1966809,581300
1,2390436,580386
1,2764818,579292
1,3160823,578307
1,3554312,577105
1,3919338,576145
1,4286099,576017
1,4658972,575316
1,5058239,574632
1,5434949,574509
1,5828326,574026
1,6223302,573846
1,6594265,573910
1,6973239,573349
1,7366569,573137
1,7723252,573150
1,8098601,572756
1,8490436,572678
1,8865833,572663
1,9277828,572480
1,9639181,572545
1,10035334,572506
1,10410232,572473
1,10803974,572567
1,11164025,572543
1,11558094,572628
1,11940373,572691
1,12349520,572741
1,12765592,572831
1,13162457,572870
1,13556454,572929
1,13945109,572958
1,14304772,572990
1,14698334,573007
1,15064136,573016
1,15429550,573017
1,15802770,573012
1,16183993,573003
1,16560429,572990
1,16957182,572978
1,17366239,572969
1,17720462,572958
1,18097430,572951
1,18491966,572947
1,18843533,572944
1,19262029,572942
1,19615646,572944
1,19972416,572946
1,20369314,572949
1,20765139,572955
1,21163310,572957
1,21555619,572959
1,21958966,572963
1,22346660,572964
1,22741250,572967
1,23095757,572968
1,23490760,572969
1,23865743,572970
1,24268211,572970
1,24658971,572970
1,25037609,572971
1,25409756,572972
1,25808498,572972
1,26186471,572973
1,26581676,572974
1,26987186,572974
1,27349989,572976
1,27763125,572976
1,28118806,572976
1,28512362,572977
1,28864888,572977
1,29263205,572980
1,29635371,572979
1,30014030,572981
1,30410933,572982
1,30782541,572982
1,31144618,572982
1,31535798,572983
1,31921657,572984
1,32307385,572984
1,32685825,572984
1,33083232,572985
1,33463021,572985
1,33845523,572986
1,34265233,572986
1,34658357,572987
1,35014971,572988
1,35388190,572988
1,35739465,572988
1,36097531,572988
1,36472632,572988
1,36865416,572989
1,37264176,572988
1,37637144,572988
1,37995719,572990
1,38389689,572990
1,38761811,572990
1,39117995,572991
1,39493645,572992
1,39902067,572992
1,40264590,572993
1,40660629,572993
1,41057599,572995
1,41436302,572992
1,41830191,572994
1,42242156,572994
1,42642807,572992
1,43016679,572994
1,43410129,572994
1,43786227,572994
1,44182747,572994
1,44557851,572994
2,761850,582985
2,1118014,582637
2,1494455,581972
2,1887991,581459
2,2306944,580648
2,2700691,579700
2,3078010,578599
2,3475960,577301
2,3886087,576265
2,4242613,576076
2,4657198,575469
2,5031095,574687
2,5414037,574563
2,5783203,574122
2,6189674,573862
2,6605215,573969
2,6974167,573469
2,7369396,573175
2,7784601,573168
2,8191660,572806
2,8554860,572734
2,8951680,572682
2,9353189,572514
2,9720532,572594
2,10137928,572519
2,10537510,572524
2,10930062,572602
2,11305165,572580
2,11700725,572679
2,12084823,572712
2,12458324,572770
2,12846439,572853
2,13246035,572886
2,13640237,572950
2,14035028,572983
2,14430761,573016
2,14873326,573030
2,15243096,573037
2,15678543,573037
2,16057797,573029
2,16431737,573017
2,16847395,573005
2,17243405,572992
2,17637238,572981
2,18034539,572973
2,18429166,572965
2,18822972,572962
2,19191222,572959
2,19555115,572958
2,19971947,572960
2,20366965,572960
2,20762014,572963
2,21137584,572967
2,21532304,572968
2,21904640,572972
2,22264722,572972
2,22656344,572974
2,23029426,572976
2,23387051,572976
2,23738207,572976
2,24112307,572978
2,24510022,572978
2,24883598,572978
2,25239928,572978
2,25633550,572978
2,25989513,572978
2,26365175,572978
2,26737079,572980
2,27112297,572981
2,27493833,572981
2,27887689,572982
2,28263751,572982
2,28658672,572982
2,29033416,572983
2,29431915,572983
2,29821452,572984
2,30206477,572986
2,30620270,572986
2,31030129,572986
2,31403634,572985
2,31783552,572986
2,32167192,572986
2,32559257,572986
2,32949511,572986
2,33325684,572986
2,33724090,572988
2,34133223,572988
2,34531626,572987
2,34907557,572987
2,35262655,572989
2,35634340,572988
2,35989879,572988
2,36378361,572988
2,36743651,572990
2,37137162,572990
2,37511777,572989
2,37883685,572989
2,38244293,572989
2,38636335,572989
2,38990873,572989
2,39366211,572989
2,39739603,572991
2,40137083,572991
2,40554379,572991
2,40904419,572991
2,41260547,572992
2,41617493,572990
2,42013612,572991
2,42388057,572991
2,42783677,572992
2,43166142,572992
2,43555219,572991
2,43949198,572992
2,44324656,572992
2,44675749,572992
2,45029548,572992
2,45407320,572992
2,45759833,572992
2,46112236,572993
2,46491824,572993
2,46885573,572991
2,47252473,572994
2,47638150,572992
2,48028540,572993
2,48390632,572993
2,48781843,572994
2,49135569,572993
2,49558811,572994
2,49950002,572994
2,50324924,572993
2,50677716,572992
2,51027900,572994
2,51386870,572994
2,51758588,572994
2,52114584,572994
2,52535699,572994
3,949017,582942
3,1462277,582205
3,1960838,581531
3,2409499,580775
3,2803287,579701
3,3207294,578600
3,3622390,577303
3,4013959,576209
3,4480521,576048
3,4869348,575220
3,5241416,574646
3,5678357,574472
3,6077076,573967
3,6477125,573945
3,6867991,573889
3,7257556,573291
3,7830680,573226
3,8367786,572769
3,8870175,572790
3,9379034,572553
3,9881184,572626
3,10400280,572519
3,10906724,572624
3,11349908,572594
3,11745631,572690
3,12164267,572731
3,12650229,572822
3,13176892,572888
3,13595948,572948
3,14089716,572996
3,14606749,573034
3,15112178,573047
3,15551810,573050
3,16029809,573042
3,16551923,573027
3,17067317,573009
3,17567059,572994
3,18086707,572981
3,18514774,572973
3,19004220,572968
3,19452460,572964
3,19856254,572964
3,20243781,572967
3,20635142,572968
3,21014737,572971
3,21406284,572973
3,21794560,572975
3,22182999,572981
3,22554126,572980
3,22954852,572982
3,23364965,572982
3,23769192,572982
3,24155584,572983
3,24529070,572983
3,24885758,572983
3,25260134,572983
3,25611038,572983
3,25969234,572983
3,26339846,572983
3,26736525,572983
3,27132131,572984
3,27507709,572985
3,27865976,572985
3,28240949,572986
3,28634873,572986
3,28993326,572988
3,29364209,572988
3,29718531,572988
3,30117410,572988
3,30487071,572988
3,30862140,572988
3,31264804,572988
3,31655975,572987
3,32054607,572987
3,32450375,572989
3,32844194,572988
3,33238857,572988
3,33595854,572989
3,33982281,572989
3,34365209,572989
3,34735764,572989
3,35136386,572990
3,35506570,572990
3,35864067,572990
3,36258835,572990
3,36610599,572990
3,36988794,572990
3,37404832,572992
3,37765094,572991
3,38153664,572991
3,38528357,572991
3,38890341,572991
3,39283657,572992
3,39652667,572991
3,40011958,572991
3,40407109,572991
3,40787933,572991
3,41176823,572991
3,41527375,572992
3,41884713,572991
3,42256517,572991
3,42609464,572992
3,42967649,572991
3,43340903,572991
3,43735145,572991
3,44110933,572991
3,44464041,572993
3,44862567,572994
3,45215790,572992
3,45591206,572993
3,45987247,572993
3,46339604,572993
3,46714345,572992
3,47119711,572992
3,47489034,572993
3,47885242,572992
3,48256165,572992
3,48610527,572993
3,48965497,572994
3,49338723,572993
3,49735980,572993
3,50138854,572994
3,50510807,572993
3,50909125,572994
3,51281257,572994
3,51677443,572994
3,52079615,572993
3,52464695,572994
3,52845132,572994
3,53240761,572994
3,53634799,572994
4,737363,582988
4,1125121,582555
4,1538307,581905
4,1930738,581459
4,2326326,580650
4,2705485,579701
4,3107606,578603
4,3534277,577305
4,3950218,576177
4,4356060,576005
4,4752901,575228
4,5141663,574661
4,5538446,574484
4,5932997,574029
4,6329331,573945
4,6724139,573906
4,7121134,573311
4,7521750,573257
4,7912770,573127
4,8285803,572794
4,8662107,572815
4,9055268,572699
4,9411148,572566
4,9786233,572650
4,10179729,572563
4,10537961,572572
4,10909567,572643
4,11325956,572607
4,11684185,572713
4,12076841,572735
4,12464699,572792
4,12848548,572872
4,13246722,572901
4,13625386,572966
4,14016072,572993
4,14411954,573029
4,14809255,573041
4,15203885,573054
4,15581820,573055
4,15971918,573049
4,16324837,573039
4,16685260,573028
4,17057814,573013
4,17462949,573003
4,17828575,572989
4,18221372,572983
4,18577265,572975
4,18951222,572972
4,19345928,572969
4,19722781,572969
4,20123575,572969
4,20535368,572970
4,20930430,572974
4,21283593,572975
4,21660129,572979
4,22055001,572983
4,22441071,572982
4,22832581,572983
4,23224676,572984
4,23603731,572984
4,23978167,572984
4,24372799,572985
4,24785256,572985
4,25183652,572985
4,25556261,572985
4,25973182,572985
4,26370830,572984
4,26786626,572984
4,27182808,572985
4,27569226,572985
4,27954689,572985
4,28370493,572986
4,28763990,572987
4,29138330,572987
4,29515333,572987
4,29887774,572987
4,30263956,572987
4,30643179,572987
4,31013377,572987
4,31387485,572987
4,31786136,572988
4,32157817,572988
4,32514049,572988
4,32928888,572990
4,33282481,572990
4,33644431,572990
4,34037301,572990
4,34442493,572990
4,34829313,572990
4,35224070,572990
4,35621618,572991
4,36014688,572991
4,36408117,572990
4,36808348,572991
4,37179666,572992
4,37537852,572990
4,37954833,572992
4,38346864,572992
4,38705514,572992
4,39077631,572992
4,39480604,572992
4,39873781,572992
4,40261425,572993
4,40660435,572993
4,41056518,572994
4,41442479,572994
4,41827222,572993
4,42222099,572994
4,42599399,572994
4,43000173,572993
4,43387655,572994
4,43787886,572994
4,44180377,572994
4,44562622,572994
4,44957621,572994
4,45349212,572994
5,740903,582986
5,1121329,582641
5,1513653,581976
5,1919265,581462
5,2309754,580652
5,2712178,579701
5,3080406,578602
5,3511129,577310
5,3896321,576285
5,4286060,576098
5,4686491,575363
5,5058850,574718
5,5431828,574572
5,5863537,574098
5,6268231,573933
5,6668085,573973
5,7078861,573377
5,7484065,573271
5,7876315,573194
5,8246280,572836
5,8625487,572825
5,9017411,572716
5,9414918,572581
5,9809929,572666
5,10183904,572579
5,10563519,572600
5,10955140,572657
5,11358326,572623
5,11749904,572727
5,12144591,572741
5,12566228,572824
5,13097132,572892
5,13625401,572970
5,14142452,573009
5,14646199,573046
5,15155864,573060
5,15679689,573063
5,16103607,573054
5,16523506,573043
5,16995148,573024
5,17439624,573012
5,17927732,572996
5,18453830,572983
5,18989861,572977
5,19440685,572974
5,19928214,572973
5,20352418,572973
5,20840464,572977
5,21287237,572978
5,21777311,572984
5,22204300,572985
5,22675977,572985
5,23121463,572987
5,23523743,572987
5,24010911,572987
5,24549051,572987
5,25033303,572987
5,25566602,572985
5,26072965,572986
5,26509605,572986
5,27027781,572987
5,27492659,572988
5,27880054,572988
5,28268610,572988
5,28676388,572988
5,29043028,572988
5,29432859,572988
5,29813512,572988
5,30202177,572989
5,30579510,572989
5,30933155,572989
5,31303611,572989
5,31700784,572989
5,32054476,572989
5,32452220,572989
5,32834016,572989
5,33234521,572989
5,33624801,572990
5,34016415,572991
5,34369113,572990
5,34725995,572990
5,35138174,572990
5,35499845,572991
5,35895386,572991
5,36271724,572991
5,36663744,572991
5,37079944,572992
5,37487311,572990
5,37848162,572990
5,38201440,572991
5,38561572,572991
5,38954616,572991
5,39329758,572992
5,39726575,572993
5,40101236,572993
5,40507436,572993
5,40871204,572993
5,41265289,572993
5,41622788,572993
5,41996045,572992
5,42349474,572992
5,42703968,572992
5,43057155,572993
5,43433491,572992
5,43827039,572993
5,44179008,572995
5,44558145,572995
5,44951301,572992
5,45303782,572995
5,45723393,572995
5,46103546,572994
5,46509298,572993
5,46870589,572994
5,47220747,572994
5,47582632,572994
5,47973715,572994
5,48324094,572994
5,48704817,572994
5,49096301,572994
5,49479608,572995
5,49872472,572995
5,50265812,572995
5,50643848,572995
6,715505,582986
6,1118236,582556
6,1513415,581977
6,1898109,581464
6,2308887,580653
6,2702107,579568
6,3116143,578610
6,3474013,577317
6,3920673,576230
6,4308615,576071
6,4710607,575244
6,5103507,574692
6,5513264,574501
6,5931626,573997
6,6325591,573981
6,6739962,573926
6,7099623,573381
6,7492970,573271
6,7900620,573141
6,8286520,572787
6,8676736,572828
6,9036341,572711
6,9409986,572582
6,9805390,572663
6,10186713,572561
6,10602907,572617
6,10992805,572648
6,11387405,572640
6,11780553,572755
6,12158211,572765
6,12531948,572835
6,12895176,572905
6,13285723,572936
6,13680011,573001
6,14224591,573038
6,14761954,573064
6,15290076,573070
6,15760008,573064
6,16174709,573055
6,16536011,573040
6,16945695,573027
6,17313419,573013
6,17706314,573000
6,18118399,572990
6,18509312,572982
6,18895931,572978
6,19282829,572973
6,19639298,572974
6,20014128,572974
6,20406426,572975
6,20762207,572978
6,21117357,572982
6,21488253,572981
6,21842838,572986
6,22243350,572986
6,22615891,572988
6,22994690,572988
6,23385958,572988
6,23740669,572988
6,24094545,572989
6,24466438,572987
6,24862805,572988
6,25268427,572988
6,25666035,572988
6,26052834,572988
6,26413049,572988
6,26805233,572988
6,27216082,572988
6,27618435,572987
6,27993044,572987
6,28386725,572989
6,28761001,572989
6,29117930,572989
6,29511145,572988
6,29894228,572988
6,30300142,572988
6,30675229,572989
6,31091890,572990
6,31472124,572990
6,31866027,572990
6,32262880,572990
6,32635077,572990
6,33020694,572989
6,33426967,572989
6,33779232,572989
6,34137656,572990
6,34554287,572990
6,34914185,572990
6,35301613,572990
6,35676125,572992
6,36032606,572992
6,36384736,572992
6,36737648,572991
6,37095002,572993
6,37468866,572992
6,37863808,572992
6,38243878,572991
6,38637505,572994
6,38992538,572993
6,39386592,572993
6,39762284,572991
6,40119055,572994
6,40488874,572993
6,40842361,572992
6,41242542,572992
6,41616940,572993
6,42035275,572993
6,42428021,572993
6,42782524,572993
6,43140395,572993
6,43509317,572994
6,43862844,572994
6,44284771,572993
6,44677979,572993
6,45034679,572993
6,45407626,572994
6,45761526,572993
6,46116148,572994
6,46530765,572994
6,46893407,572994
7,725660,582987
7,1111321,582558
7,1524898,581910
7,1924869,581388
7,2335917,580528
7,2729719,579571
7,3106943,578466
7,3523095,577133
7,3899858,576234
7,4277339,576107
7,4650695,575368
7,5034551,574729
7,5415888,574612
7,5769377,574245
7,6150567,573929
7,6527377,574043
7,6899477,573622
7,7300096,573254
7,7710713,573279
7,8106892,572936
7,8491058,572813
7,8876031,572811
7,9253929,572599
7,9645809,572654
7,10010683,572637
7,10398628,572568
7,10769885,572661
7,11152864,572627
7,11551079,572687
7,11918419,572754
7,12316299,572771
7,12688934,572871
7,13108941,572907
7,13529589,572973
7,13902395,573005
7,14278399,573036
7,14680043,573058
7,15095216,573067
7,15481450,573070
7,15860489,573065
7,16257152,573054
7,16628724,573041
7,17035572,573029
7,17401061,573014
7,17799591,573004
7,18215241,572992
7,18607116,572986
7,18992256,572982
7,19379588,572977
7,19752769,572977
7,20147452,572977
7,20526381,572980
7,20921758,572983
7,21334731,572983
7,21732114,572987
7,22107782,572989
7,22500101,572989
7,22854911,572989
7,23230074,572990
7,23624600,572991
7,23991097,572991
7,24355612,572991
7,24749585,572990
7,25128983,572990
7,25539636,572990
7,25934213,572990
7,26396406,572989
7,26845652,572990
7,27215623,572990
7,27582760,572990
7,27939582,572990
7,28340290,572991
7,28708859,572991
7,29109979,572991
7,29482345,572991
7,29874944,572990
7,30232747,572990
7,30628442,572990
7,31031209,572991
7,31422589,572991
7,31811383,572991
7,32187822,572991
7,32583739,572992
7,32991991,572992
7,33392867,572992
7,33773900,572993
7,34173822,572992
7,34564879,572993
7,34936661,572993
7,35313147,572992
7,35708753,572992
7,36086200,572992
7,36480299,572992
7,36855051,572992
7,37255629,572992
7,37649696,572992
7,38037109,572993
7,38398634,572993
7,38799269,572993
7,39191315,572994
7,39586729,572994
7,39989179,572993
7,40379670,572993
7,40772044,572994
7,41148822,572993
7,41540954,572993
7,41900321,572993
7,42277477,572993
7,42671476,572993
7,43066796,572994
8,718164,582988
8,1122841,582558
8,1519048,581979
8,1891938,581538
8,2246393,580782
8,2643291,579849
8,3014631,578893
8,3374154,577684
8,3790107,576393
8,4182786,576150
8,4541533,575754
8,4913992,574844
8,5318476,574640
8,5751749,574255
8,6121817,573941
8,6500370,574051
8,6894029,573714
8,7298689,573264
8,7687979,573308
8,8082568,572940
8,8480018,572813
8,8851668,572820
8,9244324,572622
8,9623783,572664
8,10015400,572647
8,10373029,572573
8,10765604,572672
8,11143214,572643
8,11519757,572694
8,11940707,572758
8,12365795,572788
8,12775401,572881
8,13146142,572911
8,13543907,572971
8,13915977,573005
8,14316758,573034
8,14706856,573058
8,15103928,573067
8,15520795,573069
8,15914638,573064
8,16317186,573054
8,16689313,573040
8,17085073,573026
8,17500585,573013
8,17894153,573002
8,18298738,572993
8,18686912,572987
8,19082468,572982
8,19500179,572979
8,19891649,572979
8,20244601,572979
8,20622218,572981
8,21016782,572983
8,21392589,572984
8,21806797,572988
8,22162140,572989
8,22516517,572989
8,22868552,572992
8,23237328,572992
8,23672242,572991
8,24039071,572991
8,24417321,572991
8,24820016,572990
8,25196161,572992
8,25582489,572990
8,25998014,572990
8,26396404,572990
8,26789694,572990
8,27184726,572990
8,27586795,572990
8,28001052,572990
8,28396106,572990
8,28788343,572992
8,29160987,572992
8,29519156,572992
8,29891570,572991
8,30245145,572991
8,30647331,572992
8,31015891,572992
8,31371734,572991
8,31787973,572991
8,32182066,572991
8,32560518,572993
8,32958639,572990
8,33371842,572992
8,33788209,572994
8,34182986,572992
8,34538535,572991
8,34934121,572994
8,35352023,572993
8,35727515,572993
8,36119038,572993
8,36496758,572994
8,36892148,572994
8,37277476,572992
8,37666429,572994
8,38037378,572994
8,38398248,572994
8,38790244,572994
8,39185486,572994
8,39591397,572993
8,39977521,572994
8,40394481,572994
8,40788933,572993
8,41183696,572993
8,41559060,572994
8,41957288,572994
8,42352536,572994
8,42725500,572994
8,43101526,572995
8,43498908,572995
8,43891233,572995
8,44277170,572995
8,44684279,572995
8,45078469,572994
8,45459252,572995
8,45848001,572995
8,46223067,572994
8,46620843,572994
9,696634,582986
9,1085287,582559
9,1496223,581915
9,1912887,581470
9,2268978,580662
9,2684256,579717
9,3036593,578761
9,3397702,577509
9,3809147,576308
9,4202263,576120
9,4604578,575508
9,4976205,574785
9,5394040,574598
9,5817523,574122
9,6224580,573967
9,6624614,574000
9,7040861,573405
9,7447243,573301
9,7836054,573219
9,8226520,572836
9,8603266,572854
9,8974253,572739
9,9375208,572606
9,9769597,572691
9,10174295,572588
9,10563800,572640
9,10954590,572663
9,11373103,572654
9,11747672,572759
9,12173036,572770
9,12560374,572862
9,12954563,572908
9,13373776,572962
9,13769234,573005
9,14174952,573034
9,14561457,573059
9,14953638,573070
9,15314843,573075
9,15688528,573073
9,16110917,573062
9,16508253,573051
9,16895231,573036
9,17292330,573022
9,17720540,573009
9,18105109,572999
9,18500551,572990
9,18981433,572985
9,19379310,572980
9,19769018,572981
9,20174551,572980
9,20562547,572980
9,20953157,572984
9,21311710,572985
9,21667129,572986
9,22060634,572989
9,22456308,572989
9,22872312,572993
9,23271671,572992
9,23661212,572992
9,24015453,572992
9,24375419,572992
9,24768788,572991
9,25173912,572990
9,25563886,572989
9,25959465,572990
9,26376522,572990
9,26767485,572989
9,27172198,572990
9,27562270,572990
9,27958009,572990
9,28376706,572991
9,28769411,572992
9,29176181,572992
9,29562621,572992
9,29956196,572992
9,30371226,572992
9,30766697,572992
9,31157167,572993
9,31539339,572993
9,31911648,572993
9,32269371,572993
9,32664153,572993
9,33058338,572993
9,33456041,572993
9,33871280,572993
9,34269150,572993
9,34663266,572993
9,35015380,572993
9,35391864,572993
9,35747168,572993
9,36097722,572994
9,36480167,572994
9,36884290,572994
9,37251430,572994
9,37645091,572994
9,38061591,572994
9,38462105,572994
9,38873285,572994
9,39269977,572994
9,39665528,572994
9,40061415,572994
9,40464620,572995
9,40830971,572995
9,41229210,572995
10,716503,582988
10,1123296,582558
10,1537306,581914
10,1933167,581391
10,2350842,580532
10,2784754,579448
10,3190535,578331
10,3577826,576967
10,3994081,576189
10,4392057,575958
10,4784059,575133
10,5141840,574697
10,5535739,574523
10,5931202,574027
10,6347392,574019
10,6741006,573956
10,7097935,573415
10,7493653,573311
10,7877049,573176
10,8286177,572825
10,8679162,572865
10,9060444,572709
10,9452884,572612
10,9828180,572689
10,10227945,572589
10,10600861,572639
10,10995718,572666
10,11386749,572659
10,11742568,572756
10,12120013,572773
10,12491293,572831
10,12847834,572905
10,13244362,572938
10,13617312,572995
10,13976380,573026
10,14369405,573055
10,14741557,573072
10,15099890,573080
10,15494609,573080
10,15899348,573075
10,16288644,573061
10,16678721,573051
10,17036467,573033
10,17408145,573023
10,17761662,573009
10,18118419,572999
10,18512476,572990
10,18908050,572985
10,19286836,572983
10,19663077,572982
10,20064100,572980
10,20430538,572983
10,20823958,572986
10,21226259,572988
10,21597913,572989
10,22016571,572994
10,22409766,572993
10,22762109,572995
10,23120058,572996
10,23492574,572996
10,23844282,572994
10,24246746,572995
10,24616104,572994
10,24975180,572994
10,25369732,572993
10,25743448,572991
10,26142301,572992
10,26514069,572992
10,26927315,572992
10,27290143,572992
10,27685462,572993
10,28098870,572994
10,28493041,572994
10,28928864,572993
10,29326965,572994
10,29721642,572993
10,30100079,572993
10,30498132,572993
10,30900374,572994
10,31266581,572994
10,31639771,572993
10,32037471,572993
10,32414528,572993
10,32812079,572993
10,33224031,572993
10,33618429,572994
10,33997530,572994
10,34390878,572994
10,34787737,572994
10,35161382,572994
10,35540228,572994
10,35933729,572994
10,36340698,572994
10,36743889,572994
10,37154485,572995
10,37573402,572995
10,37976677,572995
10,38348571,572994
10,38742737,572995
11,762858,582988
11,1140357,582558
11,1554773,581980
11,1910163,581470
11,2325429,580784
11,2700258,579718
11,3097062,578620
11,3491431,577510
11,3845701,576395
11,4220066,576146
11,4615815,575641
11,4976593,574854
11,5348364,574653
11,5743953,574340
11,6119322,573960
11,6513918,574063
11,6868936,573733
11,7264466,573297
11,7638898,573339
11,8037476,573070
11,8411108,572822
11,8813917,572869
11,9204724,572656
11,9594155,572657
11,9994706,572660
11,10388547,572581
11,10771690,572682
11,11158001,572656
11,11511092,572689
11,11889258,572775
11,12302926,572787
11,12656856,572869
11,13027290,572913
11,13389920,572964
11,13793286,573013
11,14220915,573042
11,14594702,573067
11,14973312,573078
11,15365419,573081
11,15719580,573080
11,16097876,573069
11,16493878,573058
11,17058437,573035
11,17570486,573020
11,18097466,573003
11,18591130,572993
11,19111991,572984
11,19613304,572982
11,20135822,572983
11,20554803,572983
11,20965368,572986
11,21348895,572988
11,21834522,572991
11,22318321,572992
11,22851793,572994
11,23338648,572995
11,23801271,572995
11,24215448,572994
11,24598611,572993
11,24996082,572992
11,25368100,572991
11,25771442,572991
11,26159034,572991
11,26532890,572990
11,26891535,572991
11,27284614,572993
11,27656619,572992
11,28012274,572992
11,28363737,572992
11,28736797,572992
11,29143364,572993
11,29512202,572993
11,29868420,572992
11,30260386,572994
11,30615845,572992
11,30991040,572993
11,31343293,572993
11,31722042,572993
11,32124270,572993
11,32515739,572993
11,32892223,572994
11,33285487,572994
11,33656950,572993
11,34016421,572993
11,34407485,572994
11,34792102,572994
11,35182609,572994
11,35560710,572993
11,35958880,572994
11,36366914,572994
11,36718072,572994
11,37118648,572994
11,37488782,572994
11,37865396,572995
11,38221617,572995
11,38613494,572995
11,38984261,572995
11,39347260,572995
11,39739413,572995
11,40139733,572995
11,40509263,572995
11,40866480,572995
11,41219851,572995
12,692056,582986
12,1074508,582560
12,1491727,581916
12,1913046,581396
12,2303132,580536
12,2719214,579446
12,3118365,578479
12,3491692,577150
12,3888075,576256
12,4282836,576085
12,4655299,575383
12,5012554,574747
12,5406780,574607
12,5811485,574136
12,6204117,573983
12,6592598,574052
12,6971986,573492
12,7365334,573291
12,7738739,573277
12,8137552,572880
12,8530589,572853
12,8909759,572780
12,9304188,572613
12,9680174,572690
12,10121907,572603
12,10510482,572625
12,10909081,572675
12,11303683,572652
12,11679522,572764
12,12077084,572783
12,12488425,572851
12,12842926,572915
12,13218097,572952
12,13612857,573008
12,13994458,573038
12,14387858,573067
12,14812089,573080
12,15203875,573084
12,15614869,573083
12,16010943,573073
12,16406774,573059
12,16809956,573045
12,17202059,573028
12,17612426,573017
12,17970357,573005
12,18363167,572996
12,18716718,572992
12,19095978,572985
12,19489735,572984
12,19866497,572984
12,20260242,572984
12,20636816,572984
12,21055652,572989
12,21451435,572989
12,21868168,572993
12,22261618,572992
12,22647993,572994
12,23035388,572995
12,23407372,572995
12,23811124,572995
12,24202099,572994
12,24592437,572992
12,24992028,572992
12,25384378,572992
12,25737920,572992
12,26118300,572992
12,26508735,572992
12,26885730,572993
12,27299842,572994
12,27653835,572993
12,28011457,572992
12,28425353,572993
12,28812763,572994
12,29200882,572992
12,29591400,572993
12,29970259,572994
12,30365542,572992
12,30775463,572992
12,31138088,572993
12,31531175,572993
12,31907561,572993
12,32303263,572993
12,32699884,572994
12,33091433,572993
12,33488258,572993
12,33845292,572995
12,34238696,572993
12,34612009,572993
12,34970915,572994
12,35375781,572994
12,35738627,572994
12,36137024,572994
12,36510888,572994
12,36909150,572995
12,37302954,572995
12,37682362,572995
12,38056893,572995
12,38454695,572994
12,38867074,572994
12,39259970,572994
12,39615005,572993
12,40012533,572995
12,40407416,572995
12,40810529,572995
12,41246208,572995
12,41637431,572995
12,42031621,572995
12,42428552,572995
12,42810911,572995
12,43199599,572996
12,43615777,572996
12,44013133,572995
12,44407362,572995
12,44810249,572995
12,45201230,572995
13,763625,582987
13,1249345,582383
13,1764566,581669
13,2305900,580666
13,2753452,579585
13,3167535,578482
13,3660183,576797
13,4177426,576155
13,4604826,575640
13,4993354,574796
13,5375846,574654
13,5754410,574342
13,6134959,573968
13,6525034,574079
13,6941994,573652
13,7335179,573290
13,7708912,573341
13,8066591,573018
13,8479760,572833
13,8884028,572839
13,9275668,572638
13,9662308,572676
13,10040002,572659
13,10413741,572580
13,10787839,572678
13,11184927,572652
13,11538861,572684
13,11919923,572773
13,12314553,572792
13,12709000,572878
13,13086335,572919
13,13497509,572970
13,13867336,573017
13,14251773,573042
13,14621312,573066
13,14978275,573077
13,15331373,573081
13,15683810,573081
13,16040659,573074
13,16414131,573060
13,16808084,573047
13,17204052,573032
13,17579562,573020
13,17934858,573008
13,18288418,572999
13,18776294,572989
13,19308249,572983
13,19843287,572983
13,20348327,572982
13,20877358,572986
13,21367610,572987
13,21815555,572991
13,22239278,572993
13,22607516,572994
13,23096914,572995
13,23622741,572993
13,24136621,572994
13,24564266,572992
13,25053492,572993
13,25501507,572992
13,25903816,572992
13,26294964,572991
13,26688108,572992
13,27087027,572993
13,27478107,572991
13,27847435,572992
13,28231048,572993
13,28637626,572991
13,29000891,572992
13,29399907,572992
13,29793112,572992
13,30172399,572991
13,30542891,572993
13,30960425,572993
13,31351528,572993
13,31704340,572992
13,32083750,572994
13,32480260,572992
13,32895249,572993
13,33252207,572993
13,33620118,572993
13,33982951,572993
13,34378301,572993
13,34770433,572992
13,35148254,572993
13,35547188,572993
13,35916973,572993
13,36308775,572992
13,36681847,572993
13,37040737,572993
13,37413382,572993
13,37811038,572993
13,38207922,572994
13,38584396,572994
13,38979640,572995
13,39344824,572995
13,39708258,572995
13,40107417,572995
13,40477073,572995
13,40841658,572994
13,41231172,572994
13,41582242,572994
13,41958006,572994
14,714031,582986
14,1095597,582642
14,1472696,581981
14,1886029,581541
14,2252158,580788
14,2643890,579720
14,3057037,578625
14,3472891,577335
14,3846507,576317
14,4222684,576129
14,4616043,575518
14,4993203,574755
14,5410559,574621
14,5806351,574145
14,6218560,573998
14,6618549,574069
14,6989138,573579
14,7348824,573295
14,7718479,573344
14,8071099,572975
14,8471020,572838
14,8822269,572868
14,9195540,572643
14,9601018,572662
14,9993189,572664
14,10391980,572586
14,10784203,572679
14,11161380,572648
14,11538652,572697
14,11911759,572770
14,12313081,572796
14,12722175,572881
14,13096666,572916
14,13451850,572975
14,13845670,573015
14,14199846,573041
14,14596788,573070
14,14987931,573081
14,15343414,573087
14,15701197,573086
14,16092013,573077
14,16453147,573067
14,16823612,573054
14,17198612,573037
14,17717905,573020
14,18199076,573007
14,18705697,572994
14,19201608,572987
14,19676946,572986
14,20172851,572984
14,20641973,572985
14,21128465,572988
14,21535273,572990
14,21976906,572993
14,22417022,572993
14,22898909,572996
14,23297680,572996
14,23754548,572995
14,24145941,572995
14,24589286,572992
14,24998643,572992
14,25473614,572992
14,25901469,572992
14,26349896,572991
14,26738655,572991
14,27109543,572993
14,27485893,572992
14,27884211,572993
14,28244099,572993
14,28639972,572993
14,29009415,572993
14,29369854,572995
14,29782364,572994
14,30134941,572994
14,30495862,572993
14,30885633,572995
14,31272314,572994
14,31665694,572994
14,32040362,572994
14,32436971,572994
14,32846932,572995
14,33261931,572995
14,33618264,572994
14,34014033,572994
14,34389039,572994
14,34787537,572994
14,35158363,572994
14,35515526,572994
14,35931122,572994
15,736113,582986
15,1144107,582557
15,1535841,581912
15,1954697,581393
15,2350152,580660
15,2742714,579583
15,3140237,578481
15,3534024,577333
15,3897032,576257
15,4287467,576125
15,4659214,575513
15,5036085,574758
15,5430230,574618
15,5828906,574146
15,6242145,574001
15,6637246,574067
15,7013868,573504
15,7407995,573305
15,7783653,573326
15,8139627,572931
15,8554849,572853
15,8973612,572793
15,9369639,572620
15,9763786,572700
15,10147683,572614
15,10560269,572631
15,10945922,572681
15,11347676,572654
15,11743600,572757
15,12139322,572775
15,12554155,572842
15,12922410,572908
15,13305118,572944
15,13657899,573000
15,14039491,573030
15,14433563,573060
15,14809776,573076
15,15207851,573084
15,15617926,573085
15,16014107,573078
15,16387125,573067
15,16739148,573055
15,17097358,573038
15,17491116,573027
15,17865256,573012
15,18264015,573004
15,18635637,572995
15,18991417,572992
15,19388893,572986
15,19760880,572986
15,20116285,572985
15,20468813,572986
15,20843917,572988
15,21247313,572990
15,21639457,572992
15,22036232,572996
15,22430320,572996
15,22782511,572996
15,23139088,572996
15,23555230,572997
15,23917222,572996
15,24303526,572996
15,24678734,572995
15,25033670,572994
15,25400078,572994
15,25765021,572994
15,26163798,572993
15,26577491,572993
15,26971719,572994
15,27346097,572994
15,27742931,572994
15,28140681,572994
15,28534248,572994
15,28936696,572995
15,29329212,572995
15,29726098,572994
15,30097390,572995
15,30483291,572995
15,30867223,572995
15,31241344,572995
15,31635482,572994
15,31993195,572994
16,781782,582987
16,1184016,582558
16,1579690,581982
16,1968300,581472
16,2463810,580403
16,2889667,579317
16,3380348,577866
16,3901180,576321
16,4405822,576038
16,4938009,574941
16,5443980,574648
16,5887630,574215
16,6362622,574021
16,6781798,573978
16,7205003,573381
16,7601218,573348
16,7994449,573201
16,8371899,572848
16,8762381,572885
16,9163503,572731
16,9536033,572640
16,9925301,572706
16,10282036,572606
16,10674726,572638
16,11061306,572685
16,11429034,572661
16,11827487,572760
16,12240962,572768
16,12636778,572841
16,13019642,572901
16,13411357,572938
16,13777747,572994
16,14137285,573023
16,14530193,573054
16,14902992,573070
16,15286487,573081
16,15679155,573081
16,16090155,573077
16,16444367,573066
16,16803483,573054
16,17209765,573037
16,17616847,573026
16,17985751,573011
16,18385359,573003
16,18757017,572996
16,19138652,572989
16,19512771,572986
16,19903802,572985
16,20283051,572983
16,20696758,572985
16,21072047,572987
16,21450324,572989
16,21860332,572991
16,22219560,572995
16,22590748,572993
16,22986642,572997
16,23385839,572996
16,23777867,572996
16,24143247,572996
16,24544179,572996
16,24932425,572995
16,25308360,572995
16,25702705,572993
16,26117439,572995
16,26490038,572994
16,26883404,572994
16,27260702,572994
17,736034,582987
17,1143807,582557
17,1537152,581982
17,1919071,581470
17,2309170,580663
17,2701740,579725
17,3081192,578632
17,3517863,577338
17,3889943,576322
17,4265611,576130
17,4658221,575518
17,5015587,574809
17,5388766,574649
17,5782301,574283
17,6159551,573981
17,6554823,574093
17,6916385,573753
17,7283875,573319
17,7637194,573357
17,8025322,573091
17,8392511,572845
17,8786869,572885
17,9161817,572705
17,9536676,572662
17,9940018,572694
17,10329583,572604
17,10699773,572678
17,11076771,572678
17,11469320,572681
17,11831156,572763
17,12206447,572766
17,12596660,572852
17,13015212,572900
17,13410453,572940
17,13785595,572996
17,14182720,573022
17,14576268,573053
17,14977984,573070
17,15367866,573078
17,15782678,573078
17,16138016,573073
17,16557406,573061
17,16961761,573048
17,17365771,573036
17,17739461,573023
17,18117893,573013
17,18490520,573003
17,18864336,572997
17,19267945,572990
17,19680572,572988
17,20078962,572987
17,20486993,572987
17,20848968,572989
17,21244893,572990
17,21616239,572992
17,21992946,572996
17,22367409,572996
17,22741304,572995
17,23118199,572998
17,23491233,572997
17,23864523,572996
17,24262828,572996
17,24635782,572996
17,24991459,572996
17,25366583,572996
17,25763048,572996
17,26160176,572996
17,26533155,572995
17,26885787,572995
17,27282723,572994
18,712740,582988
18,1140786,582558
18,1531925,581914
18,1929083,581395
18,2323568,580664
18,2718376,579587
18,3117868,578486
18,3533247,577150
18,3929335,576220
18,4326751,576040
18,4737157,575268
18,5137914,574719
18,5531666,574547
18,5931621,574055
18,6328641,574050
18,6740984,573985
18,7117239,573388
18,7512129,573353
18,7909021,573207
18,8282753,572855
18,8698479,572892
18,9093121,572740
18,9467331,572652
18,9868671,572709
18,10261994,572610
18,10638107,572678
18,11035092,572688
18,11428500,572684
18,11816611,572765
18,12175923,572768
18,12530818,572844
18,12929466,572898
18,13301066,572937
18,13702438,572994
18,14137497,573026
18,14532489,573058
18,14929272,573072
18,15305329,573080
18,15700172,573081
18,16115739,573075
18,16540291,573063
18,16936287,573049
18,17324658,573037
18,17719775,573024
18,18118456,573012
18,18530300,573002
18,18887794,572996
18,19282708,572989
18,19655511,572988
18,20035487,572986
18,20426641,572985
18,20827665,572988
18,21239066,572989
18,21591185,572989
18,21969271,572995
18,22364121,572993
18,22716173,572996
18,23135919,572997
18,23530377,572996
18,23889642,572996
18,24260751,572995
18,24655218,572995
18,25032516,572995
18,25427801,572995
18,25824603,572995
18,26219614,572995
18,26612580,572995
18,26967809,572995
18,27364256,572994
18,27736662,572994
19,739215,582987
19,1123342,582559
19,1537396,581914
19,1931893,581469
19,2309134,580662
19,2705445,579584
19,3123429,578484
19,3518208,577338
19,3892029,576265
19,4289389,576141
19,4685531,575402
19,5069520,574777
19,5431384,574639
19,5811498,574229
19,6183427,573993
19,6556153,574100
19,6956025,573590
19,7370120,573315
19,7785723,573329
19,8140677,572931
19,8535577,572855
19,8890727,572848
19,9271367,572632
19,9711517,572692
19,10102084,572631
19,10497164,572622
19,10912306,572687
19,11312390,572661
19,11716868,572756
19,12084430,572777
19,12494419,572852
19,12893247,572910
19,13289816,572953
19,13684310,573011
19,14082731,573042
19,14493142,573069
19,14847404,573082
19,15227107,573090
19,15619632,573091
19,16023554,573080
19,16412415,573070
19,16784909,573056
19,17142224,573042
19,17515160,573026
19,17910071,573014
19,18286985,573004
19,18681883,572995
19,19044792,572990
19,19454784,572986
19,19847153,572986
19,20225393,572985
19,20620668,572986
19,20995544,572990
19,21394485,572991
19,21787053,572994
19,22183025,572995
19,22581602,572996
19,22970935,572997
19,23349861,572998
19,23743806,572997
19,24121992,572997
19,24518622,572996
19,24909377,572995
19,25289199,572995
19,25704094,572995
19,26100715,572994
19,26493556,572994
19,26868050,572994
20,698064,582988
20,1084226,582557
20,1499988,581911
20,1893913,581466
20,2279644,580658
20,2664284,579583
20,3057776,578630
20,3438069,577339
20,3850779,576264
20,4244469,576102
20,4664220,575272
20,5056847,574745
20,5438084,574605
20,5833260,574107
20,6244130,574036
20,6664136,573990
20,7056328,573446
20,7414719,573329
20,7806840,573256
20,8183173,572898
20,8563375,572881
20,8967307,572799
20,9331984,572628
20,9746855,572710
20,10139727,572621
20,10503353,572637
20,10917192,572683
20,11321086,572653
20,11685646,572750
20,12085280,572762
20,12499105,572840
20,12894003,572895
20,13277960,572935
20,13662908,572994
20,14058845,573022
20,14436417,573054
20,14807389,573072
20,15202443,573083
20,15564030,573085
20,15957816,573080
20,16350791,573068
20,16745916,573055
20,17140939,573042
20,17517579,573029
20,17910729,573014
20,18275208,573006
20,18642478,572997
20,19058836,572990
20,19459685,572987
20,19869440,572985
20,20224683,572984
20,20643021,572984
20,21034971,572987
20,21397262,572988
20,21768869,572992
20,22162190,572993
20,22539982,572993
20,22956362,572996
20,23354225,572996
20,23746464,572996
20,24142388,572996
20,24541170,572996
20,24953561,572996
20,25320716,572995
20,25705339,572993
20,26120291,572994
20,26479808,572994
20,26872380,572993
20,27244974,572994
21,718905,582988
21,1107956,582642
21,1497010,581978
21,1889968,581536
21,2246993,580783
21,2641836,579856
21,3018312,578772
21,3417161,577521
21,3826113,576407
21,4184669,576167
21,4579721,575661
21,4951893,574877
21,5314650,574692
21,5706847,574373
21,6077435,573995
21,6509994,574107
21,6895767,573763
21,7274297,573312
21,7662774,573355
21,8078504,572985
21,8474446,572855
21,8847919,572877
21,9205783,572658
21,9597707,572684
21,9973970,572695
21,10331846,572603
21,10725572,572689
21,11107624,572666
21,11496264,572691
21,11890795,572762
21,12267049,572764
21,12644796,572858
21,13040428,572897
21,13453464,572954
21,13848249,572998
21,14225869,573029
21,14619452,573059
21,14994911,573074
21,15348999,573081
21,15743979,573083
21,16132357,573078
21,16518557,573070
21,16889754,573056
21,17246413,573043
21,17640240,573032
21,17992636,573020
21,18375497,573008
21,18788186,573000
21,19185766,572995
21,19579526,572991
21,19975398,572988
21,20353522,572987
21,20722929,572990
21,21077305,572990
21,21496737,572993
21,21889229,572996
21,22249051,572996
21,22622466,572996
21,23015364,572998
21,23395616,572998
21,23790628,572998
21,24203792,572996
21,24599819,572996
21,24993390,572997
21,25370819,572996
21,25749029,572995
21,26149518,572995
21,26536411,572995
21,26930418,572995
22,763076,582986
22,1122318,582558
22,1519711,581981
22,1914622,581467
22,2311176,580660
22,2707289,579586
22,3106987,578484
22,3519093,577337
22,3933858,576224
22,4353831,576049
22,4746367,575275
22,5119389,574732
22,5520389,574560
22,5914234,574110
22,6308333,574040
22,6687012,574042
22,7060045,573450
22,7464122,573336
22,7832370,573257
22,8222913,572904
22,8602181,572892
22,8996037,572803
22,9370752,572639
22,9768790,572721
22,10161144,572629
22,10540459,572651
22,10933536,572697
22,11306171,572655
22,11668592,572746
22,12081130,572759
22,12478543,572821
22,12893007,572888
22,13309103,572928
22,13709888,572991
22,14097835,573015
22,14478795,573054
22,14890878,573069
22,15246870,573080
22,15644113,573082
22,16016688,573080
22,16422675,573071
22,16788596,573058
22,17181052,573044
22,17560658,573031
22,17955110,573019
22,18330581,573006
22,18730893,572999
22,19140180,572993
22,19496149,572989
22,19892193,572987
22,20265450,572985
22,20621118,572986
22,21016225,572988
22,21388565,572989
22,21788515,572993
22,22161249,572995
22,22518143,572994
22,22915200,572996
22,23307341,572996
22,23697277,572996
22,24061992,572997
22,24464422,572997
22,24833946,572996
22,25225100,572996
22,25643807,572995
22,26041370,572994
22,26422205,572994
22,26807944,572994
22,27161724,572994
23,716769,582970
23,1117592,582469
23,1538046,581847
23,1949994,581305
23,2343675,580531
23,2726951,579445
23,3116050,578332
23,3545952,576971
23,3931248,576225
23,4305852,576051
23,4701677,575158
23,5117405,574723
23,5546072,574509
23,5931493,574070
23,6328304,574064
23,6722704,573925
23,7117355,573351
23,7526906,573358
23,7886705,573145
23,8280821,572856
23,8642587,572896
23,9011211,572769
23,9363315,572643
23,9723496,572725
23,10115204,572633
23,10490969,572658
23,10892095,572702
23,11260587,572662
23,11618100,572749
23,12020021,572761
23,12407893,572812
23,12805923,572884
23,13198649,572921
23,13618018,572985
23,14020921,573010
23,14408426,573048
23,14805190,573069
23,15201031,573080
23,15617989,573084
23,16013478,573080
23,16408625,573073
23,16806385,573057
23,17203033,573045
23,17595256,573031
23,17969654,573019
23,18366263,573009
23,18743985,572999
23,19139780,572994
23,19523828,572990
23,19921822,572989
23,20282931,572988
23,20683868,572989
23,21122607,572990
23,21524361,572994
23,21910078,572996
23,22303969,572996
23,22683737,572997
23,23078549,572998
23,23488993,572997
23,23909329,572997
23,24302820,572997
23,24660864,572996
23,25034538,572997
23,25430391,572997
23,25809169,572996
23,26206726,572996
23,26594106,572995
24,712851,582987
24,1118818,582558
24,1532721,581914
24,1951355,581390
24,2345256,580529
24,2769966,579450
24,3160080,578486
24,3531165,577341
24,3887061,576267
24,4280229,576140
24,4654179,575533
24,5012020,574781
24,5406058,574674
24,5769232,574305
24,6158909,574001
24,6552676,574107
24,6954180,573596
24,7364961,573320
24,7772732,573328
24,8136096,572930
24,8531727,572858
24,8907742,572818
24,9303331,572625
24,9696829,572697
24,10061521,572643
24,10431942,572597
24,10815028,572688
24,11202201,572652
24,11594120,572729
24,11969492,572774
24,12364221,572809
24,12719781,572891
24,13096860,572925
24,13492216,572984
24,13866778,573025
24,14259947,573050
24,14612046,573077
24,14991680,573087
24,15386396,573091
24,15770221,573090
24,16158514,573078
24,16530269,573069
24,16888576,573051
24,17280504,573038
24,17654716,573024
24,18013001,573011
24,18453888,573001
24,18845684,572993
24,19237402,572988
24,19591464,572987
24,19968041,572985
24,20363381,572984
24,20716899,572987
24,21113513,572989
24,21487591,572989
24,21866454,572995
24,22261301,572995
24,22658223,572994
24,23033854,572998
24,23428124,572995
24,23817959,572996
24,24220086,572996
24,24629486,572995
24,25012014,572995
24,25387321,572994
24,25816603,572994
24,26203145,572994
24,26612621,572993
24,26972503,572993
24,27365331,572993
24,27770705,572994
24,28134608,572995
24,28487761,572995
24,28866728,572995
24,29280468,572995
24,29632983,572995
24,29991629,572995
24,30408011,572996
24,30811325,572996
24,31197376,572995
24,31575714,572994
24,31946896,572994
24,32304473,572994
24,32699103,572994
24,33116823,572995
25,766499,582986
25,1167100,582558
25,1567462,581979
25,1962646,581465
25,2351937,580660
25,2750634,579723
25,3121487,578629
25,3519357,577338
25,3914941,576324
25,4289925,576138
25,4684583,575529
25,5060132,574777
25,5463885,574671
25,5835537,574233
25,6226718,574008
25,6644838,574082
25,7042332,573589
25,7425542,573321
25,7809862,573328
25,8182981,572976
25,8539282,572869
25,8954347,572824
25,9348828,572639
25,9704520,572699
25,10082280,572651
25,10478311,572619
25,10890805,572692
25,11244546,572652
25,11621055,572721
25,12014625,572762
25,12369292,572780
25,12749155,572875
25,13140092,572902
25,13500264,572957
25,13872112,573006
25,14267156,573032
25,14645314,573066
25,15038277,573079
25,15445000,573086
25,15810077,573087
25,16235858,573077
25,16624742,573070
25,16994424,573052
25,17392764,573041
25,17767590,573025
25,18140402,573014
25,18520008,573004
25,18912377,572997
25,19285081,572989
25,19644714,572988
25,20016538,572986
25,20368848,572984
25,20767308,572987
25,21140951,572988
25,21495984,572989
25,21890836,572993
25,22243123,572994
25,22620821,572994
25,23016703,572995
25,23423177,572996
25,23814467,572996
25,24207570,572996
25,24603268,572995
25,25018248,572995
25,25424319,572994
25,25790271,572994
25,26164757,572992
25,26559455,572993
25,26978373,572993
25,27372112,572994
25,27749989,572994
25,28143499,572994
25,28519913,572994
25,28913133,572994
25,29309573,572994
25,29685955,572995
25,30081746,572995
25,30473797,572995
25,30871955,572994
25,31265874,572994
25,31622498,572994
26,709891,582995
26,1076808,582641
26,1490545,581983
26,1896705,581470
26,2304616,580663
26,2697639,579726
26,3074982,578630
26,3473210,577340
26,3913025,576233
26,4348055,576050
26,4740028,575274
26,5122644,574734
26,5534386,574559
26,5920881,574109
26,6283856,574019
26,6680406,574038
26,7078050,573444
26,7470680,573344
26,7873356,573243
26,8244056,572869
26,8635034,572886
26,9013295,572757
26,9408934,572644
26,9806282,572714
26,10199370,572608
26,10574943,572651
26,10971199,572682
26,11344046,572661
26,11716766,572749
26,12077961,572762
26,12491400,572834
26,12897290,572893
26,13261193,572932
26,13657310,572997
26,14057835,573020
26,14447652,573057
26,14820733,573074
26,15202158,573084
26,15596038,573087
26,15992059,573083
26,16386988,573073
26,16784740,573058
26,17184387,573045
26,17571415,573030
26,17973453,573018
26,18365961,573005
26,18742225,572998
26,19139027,572989
26,19532545,572987
26,19920057,572987
26,20280520,572984
26,20634436,572986
26,20992044,572988
26,21384958,572989
26,21737658,572993
26,22105827,572994
26,22468855,572994
26,22876208,572995
26,23244535,572997
26,23637410,572997
26,24014982,572997
26,24407424,572996
26,24781421,572996
26,25181160,572996
26,25593162,572996
26,25953578,572994
26,26345661,572994
26,26719856,572995
26,27118151,572995
27,753373,582988
27,1140307,582557
27,1556400,581915
27,1954225,581393
27,2394631,580535
27,2788383,579454
27,3179749,578342
27,3595759,577159
27,3951644,576228
27,4367391,576054
27,4767104,575151
27,5161306,574729
27,5534740,574561
27,5932668,574103
27,6303924,574018
27,6703735,574038
27,7083810,573439
27,7470445,573345
27,7888967,573186
27,8303774,572866
27,8667928,572893
27,9054817,572753
27,9427754,572635
27,9788331,572718
27,10185885,572618
27,10613280,572672
27,11049572,572668
27,11455104,572686
27,11826929,572763
27,12204012,572763
27,12599874,572855
27,12996659,572892
27,13368912,572943
27,13789643,572997
27,14181274,573026
27,14576782,573059
27,14959013,573069
27,15324226,573081
27,15691652,573084
27,16078652,573078
27,16473464,573070
27,16870232,573056
27,17243749,573042
27,17614907,573029
27,18028950,573015
27,18387166,573007
27,18742869,572999
27,19137780,572992
27,19510945,572988
27,19865403,572988
27,20240631,572984
27,20635384,572985
27,21032851,572987
27,21408882,572988
27,21806311,572992
27,22179253,572993
27,22531188,572993
27,22888025,572995
27,23282700,572996
27,23667292,572996
27,24058659,572996
27,24432184,572996
27,24827863,572994
27,25205584,572994
27,25602088,572992
27,26015394,572993
27,26411584,572994
27,26784389,572994
27,27180946,572993
27,27577473,572994
27,27956757,572994
27,28330042,572994
27,28730851,572994
27,29096419,572994
27,29492738,572995
27,29888982,572995
27,30284690,572994
27,30701002,572994
27,31080220,572994
28,742215,582987
28,1141862,582559
28,1544906,581983
28,1916754,581471
28,2310669,580664
28,2730623,579595
28,3143182,578492
28,3549111,577346
28,3918954,576275
28,4313653,576109
28,4725457,575271
28,5120136,574751
28,5506946,574606
28,5870403,574157
28,6247017,574001
28,6622726,574074
28,7016019,573578
28,7368558,573308
28,7726773,573340
28,8122561,572959
28,8526027,572865
28,8912424,572808
28,9311100,572636
28,9704764,572711
28,10097315,572646
28,10452911,572630
28,10849506,572699
28,11223925,572657
28,11577787,572720
28,11951375,572763
28,12349184,572786
28,12704098,572877
28,13097182,572902
28,13475023,572969
28,13873104,573004
28,14245139,573030
28,14620943,573064
28,15014664,573075
28,15369765,573085
28,15725279,573087
28,16139935,573079
28,16507650,573069
28,16893788,573055
28,17263884,573042
28,17624996,573028
28,18016302,573015
28,18411423,573005
28,18793119,572998
28,19162610,572991
28,19577505,572988
28,19975669,572986
28,20368900,572986
28,20750407,572988
28,21143331,572988
28,21535916,572989
28,21917923,572994
28,22284594,572993
28,22644703,572996
28,23039848,572997
28,23500339,572996
28,23919782,572996
28,24295745,572996
28,24671715,572996
28,25059126,572996
28,25467771,572994
28,25897163,572994
28,26269066,572994
28,26643537,572994
28,27039218,572993
29,755727,582986
29,1160580,582558
29,1577070,581915
29,1977681,581394
29,2388165,580539
29,2815141,579461
29,3202669,578346
29,3596442,577163
29,3978295,576238
29,4388378,576110
29,4741762,575271
29,5143301,574749
29,5515371,574603
29,5934270,574096
29,6329736,574031
29,6721113,574027
29,7098737,573435
29,7513195,573327
29,7870471,573229
29,8284162,572884
29,8636173,572873
29,8993760,572774
29,9408681,572630
29,9761496,572709
29,10163654,572621
29,10537174,572637
29,10934595,572686
29,11326103,572653
29,11699469,572741
29,12056466,572761
29,12429119,572800
29,12792726,572886
29,13183157,572914
29,13556388,572984
29,13952928,573015
29,14328995,573050
29,14719847,573075
29,15077221,573084
29,15453752,573093
29,15861790,573090
29,16266027,573080
29,16660401,573069
29,17036242,573052
29,17431238,573038
29,17837620,573024
29,18223546,573010
29,18616014,573001
29,18991745,572992
29,19388193,572988
29,19743448,572987
29,20139819,572985
29,20514084,572985
29,20910943,572988
29,21304328,572988
29,21678236,572991
29,22037528,572995
29,22420982,572995
29,22817309,572995
29,23180424,572998
29,23534240,572998
29,23890425,572997
29,24283161,572997
29,24657838,572996
29,25014569,572996
29,25408430,572996
29,25797124,572995
29,26182876,572995
29,26557412,572995
29,26953389,572995
29,27329862,572995
30,738115,582988
30,1137570,582643
30,1495642,581983
30,1891446,581543
30,2269378,580790
30,2662190,579871
30,3016780,578781
30,3415290,577707
30,3789264,576423
30,4188814,576181
30,4579256,575655
30,4953449,574876
30,5333812,574687
30,5731941,574285
30,6146739,573987
30,6539040,574095
30,6914789,573652
30,7314356,573307
30,7685553,573338
30,8089852,573007
30,8482581,572855
30,8870724,572837
30,9268554,572633
30,9684366,572702
30,10045865,572638
30,10435984,572608
30,10807981,572694
30,11164264,572648
30,11580581,572722
30,11932174,572770
30,12298902,572792
30,12723264,572888
30,13124386,572918
30,13519970,572988
30,13936965,573022
30,14347829,573056
30,14747646,573080
30,15164134,573087
30,15560543,573093
30,15935480,573085
30,16332974,573076
30,16711276,573062
30,17097345,573045
30,17496109,573032
30,17870992,573018
30,18248608,573006
30,18641408,572998
30,18995006,572989
30,19393700,572987
30,19785715,572986
30,20166202,572983
30,20538746,572983
30,20935648,572987
30,21314551,572988
30,21706170,572990
30,22090651,572992
30,22475023,572994
30,22833476,572995
30,23212295,572995
30,23605506,572995
30,24015638,572996
30,24412718,572996
30,24785348,572996
30,25147000,572994
30,25548872,572993
30,25938955,572993
30,26332569,572993
30,26729824,572993
30,27145216,572993
30,27535301,572993
31,717307,582995
31,1083166,582643
31,1482761,581984
31,1894275,581472
31,2321054,580668
31,2728045,579600
31,3121951,578497
31,3541273,577168
31,3954080,576280
31,4342008,576103
31,4704117,575391
31,5098836,574745
31,5484452,574635
31,5849610,574210
31,6203143,573983
31,6562425,574084
31,6955135,573647
31,7342758,573303
31,7725231,573306
31,8140486,572953
31,8497684,572865
31,8890941,572833
31,9264807,572633
31,9662520,572703
31,10037176,572659
31,10392715,572614
31,10787417,572698
31,11147838,572659
31,11559814,572733
31,11960738,572781
31,12357268,572823
31,12758298,572901
31,13126074,572932
31,13537001,572998
31,13934612,573029
31,14297502,573057
31,14677772,573081
31,15037449,573086
31,15426969,573093
31,15819538,573089
31,16169778,573078
31,16525235,573067
31,16879721,573053
31,17240690,573039
31,17614366,573024
31,18002796,573011
31,18352323,573003
31,18803460,572993
31,19197614,572988
31,19634749,572988
31,20041862,572985
31,20492491,572985
31,20884553,572988
31,21238191,572989
31,21623489,572990
31,21998074,572994
31,22366530,572995
31,22721837,572995
31,23055911,572996
31,23409608,572996
31,23736986,572996
31,24074058,572996
31,24404649,572996
31,24736809,572996
31,25047806,572996
31,25367838,572996
31,25712967,572994
31,26025640,572994
31,26341143,572994
31,26651041,572994
31,26983600,572993
31,27307402,572993
31,27631809,572993
31,27985116,572993
31,28338536,572994
31,28653394,572995
31,29003615,572994
31,29358276,572994
31,29691830,572994
31,30018171,572994
31,30332334,572995
31,30755836,572995
31,31093054,572995
31,31453834,572995
31,31826480,572995
31,32224815,572994
31,32627322,572995
31,33047668,572995
31,33480204,572995
32,690593,582986
32,1078384,582642
32,1462599,581987
32,1843862,581546
32,2201672,580906
32,2576676,579875
32,2975844,578784
32,3383464,577527
32,3802351,576419
32,4156556,576171
32,4514902,575640
32,4930180,574807
32,5327739,574678
32,5706371,574274
32,6096139,573982
32,6493987,574090
32,6889031,573644
32,7267253,573302
32,7662295,573332
32,8054666,572948
32,8460871,572864
32,8849561,572831
32,9268272,572631
32,9662670,572713
32,10052828,572640
32,10414324,572631
32,10801967,572700
32,11154820,572661
32,11510754,572738
32,11884397,572787
32,12237245,572805
32,12614969,572898
32,13008218,572928
32,13363580,572977
32,13745336,573025
32,14138674,573050
32,14557124,573079
32,14948100,573086
32,15321827,573090
32,15681618,573089
32,16074593,573078
32,16457256,573065
32,16848858,573049
32,17258812,573035
32,17615824,573021
32,17987189,573008
32,18384003,572997
32,18787531,572991
32,19159637,572986
32,19555696,572985
32,19952023,572984
32,20349885,572983
32,20740590,572986
32,21115314,572989
32,21511838,572989
32,21868070,572993
32,22261780,572994
32,22639274,572996
32,23055656,572997
32,23461448,572996
32,23849267,572997
32,24241816,572997
32,24638781,572996
32,25051986,572995
32,25417811,572993
32,25808772,572993
32,26176745,572994
32,26538965,572994
32,26931168,572994
32,27306470,572994
32,27703508,572995
32,28081208,572995
32,28478369,572994
32,28884316,572995
32,29239253,572995
32,29620200,572995
32,30013275,572996
32,30416488,572995
32,30784081,572995
32,31164445,572995
32,31557020,572995
33,758900,582987
33,1118256,582560
33,1511273,581920
33,1914992,581477
33,2281319,580795
33,2638137,579874
33,3011557,578921
33,3386154,577703
33,3763665,576518
33,4136707,576169
33,4488860,575862
33,4875995,574931
33,5266333,574686
33,5685803,574344
33,6075917,573982
33,6515450,574088
33,6888842,573725
33,7283110,573303
33,7679346,573329
33,8074262,572999
33,8427204,572843
33,8785719,572870
33,9179935,572651
33,9563786,572686
33,9970033,572666
33,10323407,572592
33,10678895,572690
33,11073090,572662
33,11449001,572707
33,11805254,572787
33,12178118,572798
33,12542138,572888
33,12928842,572928
33,13281921,572969
33,13639146,573018
33,14012036,573041
33,14363585,573065
33,14741615,573083
33,15135677,573085
33,15489349,573088
33,15868822,573077
33,16263736,573067
33,16659024,573053
33,17032002,573036
33,17384085,573025
33,17747245,573011
33,18149701,572996
33,18591322,572990
33,18977275,572985
33,19393449,572982
33,19812763,572981
33,20204953,572981
33,20595678,572983
33,20992038,572985
33,21387883,572988
33,21786994,572990
33,22180418,572993
33,22590154,572994
33,22979658,572994
33,23347348,572995
33,23743847,572995
33,24157206,572994
33,24564750,572993
33,24940319,572992
33,25323792,572992
33,25684862,572991
33,26076054,572992
33,26451707,572990
33,26831422,572991
33,27220995,572993
33,27616610,572991
33,27990319,572991
33,28365079,572993
33,28763196,572993
33,29179200,572993
33,29542361,572992
33,29928751,572993
33,30300016,572993
33,30675835,572993
33,31055543,572992
33,31430045,572993
33,31826039,572993
33,32205213,572992
33,32613441,572992
33,33011506,572993
33,33408383,572992
33,33792887,572992
33,34179856,572992
33,34566894,572992
33,34952208,572994
33,35346043,572993
33,35743624,572992
33,36117717,572994
33,36491119,572992
33,36910676,572993
33,37303201,572993
33,37659988,572994
33,38034563,572993
33,38426539,572993
33,38784689,572994
33,39178068,572992
33,39564312,572994
33,39951416,572994
33,40327829,572993
33,40700792,572994
33,41093594,572994
33,41451158,572995
33,41834938,572994
33,42221040,572995
33,42638661,572994
33,43054580,572994
33,43447658,572994
33,43804482,572993
33,44177107,572995
33,44542359,572994
33,44934386,572994
34,737662,582987
34,1118800,582560
34,1520352,581986
34,1889857,581479
34,2289359,580793
34,2661042,579735
34,3097049,578637
34,3505349,577339
34,3889462,576259
34,4310706,576074
34,4702466,575367
34,5079695,574728
34,5459785,574616
34,5825078,574202
34,6212349,573999
34,6596958,574059
34,7012933,573567
34,7368803,573324
34,7762281,573308
34,8138066,572915
34,8538657,572873
34,8908394,572827
34,9265914,572634
34,9660528,572702
34,10034272,572649
34,10391315,572616
34,10784359,572692
34,11171058,572658
34,11560897,572739
34,11933121,572781
34,12330429,572819
34,12708207,572903
34,13102954,572937
34,13514943,572999
34,13909804,573027
34,14288103,573056
34,14682172,573077
34,15055583,573082
34,15453070,573085
34,15826246,573080
34,16243684,573069
34,16639875,573054
34,17033067,573039
34,17411308,573025
34,17805428,573014
34,18168598,573002
34,18535778,572994
34,18953892,572987
34,19348366,572984
34,19764670,572984
34,20191682,572983
34,20576491,572983
34,20930092,572987
34,21288076,572988
34,21660864,572990
34,22057296,572992
34,22433680,572993
34,22827956,572995
34,23224716,572995
34,23618433,572994
34,24012267,572994
34,24371563,572994
34,24765179,572994
34,25139928,572994
34,25536665,572993
34,25910398,572992
34,26310080,572993
34,26681439,572990
34,27085221,572991
34,27475692,572992
34,27866346,572992
34,28264954,572992
34,28690469,572993
34,29077310,572993
34,29478668,572993
34,29867144,572993
34,30264529,572992
34,30660562,572994
34,31032411,572994
34,31394501,572994
34,31784794,572992
34,32167843,572992
34,32560325,572993
34,32931572,572994
34,33329526,572992
34,33727484,572993
34,34117751,572994
34,34517581,572994
34,34908969,572994
34,35265789,572994
34,35637384,572994
34,35990840,572995
34,36370052,572993
34,36765908,572994
34,37168296,572994
34,37539587,572994
34,37929925,572994
34,38286750,572994
34,38658963,572994
34,39013477,572995
35,737284,582986
35,1122081,582559
35,1536838,581921
35,1928851,581478
35,2310354,580669
35,2702180,579598
35,3139453,578492
35,3534379,577162
35,3929071,576263
35,4308662,576075
35,4701942,575367
35,5065756,574725
35,5475431,574576
35,5886851,574137
35,6245077,574012
35,6638472,574055
35,6990310,573561
35,7369036,573318
35,7764132,573305
35,8140318,572915
35,8535651,572872
35,8909000,572832
35,9264776,572634
35,9660178,572705
35,10045714,572636
35,10434448,572617
35,10808074,572695
35,11204472,572662
35,11638437,572765
35,12045233,572785
35,12431890,572860
35,12825994,572916
35,13203565,572954
35,13602351,573011
35,14022973,573036
35,14430906,573062
35,14805555,573078
35,15160005,573080
35,15554713,573082
35,15908993,573077
35,16263898,573064
35,16637218,573054
35,16991247,573039
35,17372011,573026
35,17743104,573013
35,18121411,573003
35,18514377,572995
35,18910082,572989
35,19308769,572986
35,19700729,572986
35,20065697,572985
35,20455379,572985
35,20827687,572989
35,21209531,572990
35,21597134,572993
35,22012754,572995
35,22414050,572995
35,22803861,572997
35,23186590,572997
35,23576858,572996
35,23955354,572996
35,24330773,572996
35,24722894,572995
35,25118499,572995
35,25493652,572994
35,25889731,572993
35,26265241,572993
35,26659391,572993
36,707082,582985
36,1071758,582559
36,1464382,581922
36,1881543,581400
36,2302513,580543
36,2692725,579601
36,3069862,578498
36,3463881,577344
36,3816208,576327
36,4194258,576112
36,4587455,575490
36,4941691,574798
36,5318347,574643
36,5691049,574265
36,6081921,573990
36,6444324,574088
36,6841290,573642
36,7238596,573318
36,7632205,573333
36,8019569,573002
36,8381870,572868
36,8774672,572852
36,9153109,572643
36,9550954,572706
36,9962107,572631
36,10361724,572624
36,10754054,572693
36,11130449,572662
36,11504144,572748
36,11868341,572792
36,12260419,572834
36,12650506,572915
36,13061563,572950
36,13444362,573009
36,13859676,573037
36,14215149,573062
36,14629920,573082
36,14993159,573083
36,15403210,573085
36,15800688,573075
36,16213274,573062
36,16568059,573048
36,16961405,573033
36,17363559,573019
36,17757690,573005
36,18154424,572997
36,18554145,572989
36,18944001,572984
36,19320424,572984
36,19694616,572984
36,20109523,572983
36,20507737,572985
36,20882727,572988
36,21278858,572990
36,21677662,572993
36,22069678,572994
36,22463143,572994
36,22817117,572996
36,23196655,572997
36,23588210,572997
36,23942336,572996
36,24340617,572995
36,24712874,572994
36,25069792,572994
36,25463640,572991
36,25861747,572992
36,26255809,572993
36,26651404,572994
36,27015958,572994
36,27402057,572994
36,27774116,572995
36,28134737,572994
36,28506050,572994
36,28900682,572995
36,29260056,572995
36,29653373,572995
36,30040583,572994
36,30404314,572994
36,30802881,572994
36,31217922,572994
36,31611516,572993
36,32034252,572994
36,32435186,572994
36,32799328,572994
36,33217336,572994
36,33611254,572995
36,33995392,572995
36,34387745,572995
36,34756094,572994
36,35124601,572994
36,35509201,572994
36,35880118,572994
36,36236224,572994
36,36663467,572994
36,37053947,572995
37,735636,582985
37,1142253,582560
37,1536802,581922
37,1930580,581476
37,2309573,580669
37,2699219,579597
37,3117701,578488
37,3537244,577151
37,3933303,576251
37,4332216,576053
37,4702436,575226
37,5120311,574700
37,5533348,574515
37,5935224,574045
37,6347421,574063
37,6742595,573960
37,7141461,573391
37,7511896,573360
37,7890049,573179
37,8283118,572869
37,8678303,572904
37,9057691,572715
37,9449252,572679
37,9868433,572714
37,10240618,572611
37,10593964,572678
37,10978765,572689
37,11371124,572706
37,11774668,572792
37,12139495,572800
37,12532528,572877
37,12892420,572924
37,13265420,572965
37,13660979,573014
37,14038189,573039
37,14430751,573066
37,14833154,573078
37,15200380,573081
37,15594294,573083
37,15974931,573072
37,16370386,573061
37,16788156,573046
37,17171742,573031
37,17552724,573020
37,17931589,573007
37,18464749,572996
37,18995827,572987
37,19486414,572983
37,20009159,572984
37,20527470,572984
37,21043956,572988
37,21514627,572991
37,22009120,572992
37,22531938,572995
37,23032970,572997
37,23547522,572996
37,24071141,572996
37,24567773,572995
37,24995853,572994
37,25396737,572995
37,25800946,572994
37,26320150,572993
37,26779011,572993
37,27189435,572995
37,27577193,572992
37,27997652,572994
37,28366251,572994
37,28739899,572993
37,29118564,572995
37,29489683,572994
37,29847078,572994
37,30243354,572995
37,30633570,572995
37,31036205,572994
37,31428089,572994
37,31788812,572994
37,32180199,572994
37,32555726,572994
37,32942498,572995
37,33326354,572994
37,33742041,572994
37,34143363,572994
38,758420,582995
38,1117103,582643
38,1515507,581990
38,1912828,581550
38,2285134,580788
38,2704553,579731
38,3103378,578630
38,3516514,577328
38,3929657,576305
38,4284076,576086
38,4680880,575468
38,5076644,574743
38,5462746,574630
38,5824849,574258
38,6179926,573999
38,6598415,574087
38,6990764,573650
38,7365836,573334
38,7765255,573324
38,8182621,572934
38,8579446,572899
38,8977909,572815
38,9350025,572651
38,9765471,572730
38,10182345,572619
38,10578429,572681
38,10975231,572697
38,11370436,572693
38,11744975,572789
38,12116928,572795
38,12517270,572866
38,12889710,572924
38,13282982,572956
38,13642714,573008
38,14015440,573035
38,14418200,573057
38,14787229,573077
38,15178703,573078
38,15537010,573080
38,15907923,573075
38,16260150,573064
38,16630742,573053
38,16995937,573037
38,17387532,573023
38,17787129,573012
38,18179635,573000
38,18580624,572993
38,18976585,572987
38,19388594,572983
38,19786318,572983
38,20156864,572984
38,20514520,572983
38,20929063,572986
38,21281081,572987
38,21637598,572990
38,22032041,572991
38,22414959,572993
38,22804133,572994
38,23176578,572995
38,23532725,572995
38,23927071,572994
38,24444242,572994
38,24982983,572994
38,25503754,572992
38,25889800,572993
38,26310315,572992
38,26703871,572991
38,27061275,572994
38,27423349,572994
38,27764473,572991
38,28119654,572993
38,28472490,572994
38,28825849,572994
38,29158665,572993
38,29511243,572993
38,29867561,572993
38,30221644,572993
38,30590007,572993
38,30938035,572993
38,31286980,572993
38,31621083,572993
38,31969387,572993
38,32307026,572993
38,32635020,572992
38,32982849,572992
38,33348135,572993
38,33706955,572994
38,34066387,572992
38,34443566,572992
38,34798130,572993
38,35174093,572994
38,35528860,572994
38,35874527,572992
38,36246969,572993
38,36625624,572995
38,36983908,572995
38,37358324,572994
38,37751508,572994
38,38123997,572994
38,38489418,572994
38,38879460,572994
38,39251699,572994
38,39610917,572994
38,40012155,572994
38,40386811,572994
38,40795047,572994
38,41160500,572994
38,41554788,572995
39,717061,582993
39,1080157,582644
39,1481482,582062
39,1846857,581545
39,2241437,580904
39,2619889,579867
39,3013006,578770
39,3431273,577511
39,3826686,576396
39,4221034,576111
39,4602755,575468
39,4991669,574782
39,5380520,574626
39,5762348,574254
39,6136739,573991
39,6494239,574094
39,6891429,573727
39,7265797,573331
39,7661800,573369
39,8036934,573020
39,8434692,572880
39,8807412,572877
39,9199318,572675
39,9558849,572706
39,9951296,572694
39,10339404,572623
39,10700381,572713
39,11054879,572694
39,11414192,572731
39,11806232,572806
39,12179417,572809
39,12535537,572895
39,12951497,572935
39,13353389,572984
39,13762711,573025
39,14159978,573045
39,14536543,573072
39,14949709,573079
39,15315862,573081
39,15700635,573079
39,16073616,573069
39,16437342,573059
39,16829237,573045
39,17206976,573028
39,17603999,573018
39,18014209,573003
39,18413313,572995
39,18786281,572990
39,19203009,572984
39,19605392,572985
39,19972773,572985
39,20371851,572985
39,20783821,572987
39,21137880,572990
39,21495961,572990
39,21888629,572994
39,22292727,572994
39,22682134,572996
39,23074641,572996
39,23429789,572996
39,23794665,572996
39,24180274,572994
39,24577919,572994
39,24970281,572993
39,25340534,572993
39,25703448,572992
39,26094940,572992
39,26472213,572992
39,26867032,572992
39,27239886,572993
39,27639971,572994
39,28034388,572994
39,28413514,572994
39,28808107,572994
39,29186856,572994
39,29588543,572994
39,30000436,572994
39,30375779,572994
39,30769708,572994
39,31163135,572993
39,31557472,572993
39,31974227,572995
39,32373489,572994
39,32767611,572994
39,33154266,572994
39,33507141,572994
39,33873632,572993
39,34227051,572993
39,34588939,572994
39,34964107,572994
39,35330565,572993
39,35708549,572993
39,36068487,572993
39,36435998,572993
39,36756372,572994
39,37077105,572994
39,37391032,572993
39,37737651,572994
39,38036490,572994
39,38347465,572994
39,38662976,572994
39,38988577,572994
39,39362607,572994
39,39725432,572994
39,40049015,572994
39,40404730,572994
39,40779821,572994
39,41137602,572994
39,41499453,572995
39,41844791,572994
39,42196441,572994
39,42547221,572994
39,42856505,572994
40,741528,582987
40,1124096,582643
40,1497982,581991
40,1894809,581476
40,2306412,580663
40,2723899,579593
40,3119093,578628
40,3490559,577510
40,3850843,576310
40,4289403,576082
40,4682951,575333
40,5076457,574709
40,5470860,574594
40,5852516,574127
40,6243879,574009
40,6646176,574054
40,7013525,573493
40,7409177,573336
40,7785249,573275
40,8179801,572923
40,8554258,572901
40,8957328,572809
40,9328755,572647
40,9725983,572730
40,10099978,572632
40,10495386,572672
40,10898042,572718
40,11263796,572699
40,11682875,572810
40,12077723,572822
40,12452547,572889
40,12849561,572945
40,13245673,572974
40,13630742,573024
40,13998901,573046
40,14372155,573064
40,14748511,573075
40,15116297,573075
40,15470111,573075
40,15828394,573065
40,16242186,573053
40,16609278,573040
40,16993356,573026
40,17365787,573017
40,17735266,573004
40,18116839,572998
40,18471330,572990
40,18847074,572987
40,19242012,572984
40,19609682,572983
40,19972551,572985
40,20367247,572985
40,20724282,572989
40,21096412,572991
40,21470884,572991
40,21827405,572994
40,22220032,572995
40,22587087,572995
40,22974638,572994
40,23367392,572994
40,23723004,572994
40,24117370,572992
40,24470463,572991
40,24831067,572991
40,25204087,572992
40,25612732,572992
40,25974778,572991
40,26368392,572991
40,26766578,572992
40,27180730,572993
40,27586323,572991
40,27973889,572992
40,28366488,572993
40,28732297,572992
40,29142367,572992
40,29532541,572993
40,29908990,572993
40,30306186,572992
40,30682499,572992
40,31079696,572992
40,31473085,572992
40,31870968,572992
40,32248716,572992
40,32632470,572993
40,32993326,572993
40,33372651,572993
40,33747745,572994
40,34136679,572993
40,34512386,572994
40,34874523,572994
40,35267968,572991
40,35680574,572992
40,36075120,572994
40,36449987,572991
40,36805680,572992
40,37178038,572994
40,37533212,572994
40,37912518,572992
40,38283942,572994
40,38684105,572994
40,39076173,572994
40,39472740,572993
40,39869312,572993
40,40245954,572994
40,40630519,572993
40,41011818,572994
40,41366150,572994
40,41738454,572994
40,42098649,572994
40,42492635,572995
40,42872306,572995
40,43270122,572995
40,43684691,572994
41,910509,582971
41,1345606,582474
41,1864723,581675
41,2408339,580783
41,2848575,579586
41,3362771,578169
41,3825889,576622
41,4235977,576137
41,4623252,575801
41,5113093,574771
41,5539117,574616
41,6029635,574078
41,6556369,574086
41,7053878,573649
41,7497451,573346
41,7904322,573329
41,8291420,572943
41,8684154,572913
41,9087724,572822
41,9458616,572665
41,9847606,572743
41,10249750,572643
41,10640567,572670
41,11016927,572725
41,11412899,572708
41,11828983,572811
41,12181781,572822
41,12536840,572869
41,12899369,572946
41,13293615,572965
41,13684849,573024
41,14081861,573045
41,14478391,573070
41,14893037,573081
41,15285307,573082
41,15661720,573083
41,16015313,573071
41,16408552,573061
41,16782116,573046
41,17185049,573032
41,17556688,573022
41,17918445,573007
41,18331471,573000
41,18729040,572991
41,19144214,572987
41,19538646,572985
41,19914755,572985
41,20305332,572985
41,20681108,572988
41,21038683,572988
41,21431275,572993
41,21820027,572993
41,22210641,572995
41,22599883,572995
41,23001275,572996
41,23394595,572996
41,23818129,572996
41,24204578,572996
41,24581897,572995
41,24983163,572994
41,25349940,572994
41,25706172,572994
41,26107585,572994
41,26518020,572992
41,26916074,572994
41,27289555,572994
41,27679775,572993
41,28058733,572994
41,28454203,572994
41,28816343,572994
41,29180736,572994
41,29533931,572994
41,29891576,572994
41,30242180,572994
41,30615877,572994
41,31022553,572993
41,31393379,572993
41,31798054,572993
41,32166060,572993
41,32559309,572993
41,32954907,572993
41,33329922,572994
41,33720939,572994
41,34103126,572994
41,34494308,572994
41,34870458,572994
41,35265491,572994
41,35626937,572994
41,35996612,572993
41,36389942,572993
41,36741362,572993
41,37118679,572994
41,37492428,572994
41,37892091,572994
41,38286241,572994
41,38638452,572994
41,38994477,572995
41,39369071,572995
41,39742416,572995
41,40142571,572995
41,40535808,572995
41,40889359,572995
41,41263333,572995
41,41663587,572995
41,42086425,572994
41,42465751,572994
41,42862028,572995
41,43247620,572995
41,43645292,572995
41,44040867,572995
41,44430958,572996
41,44797863,572996
41,45160254,572996
41,45519742,572996
41,45915182,572996
41,46287485,572996
41,46658204,572996
41,47041484,572996
41,47415921,572996
41,47818860,572996
41,48205987,572996
42,744051,582987
42,1145571,582561
42,1559717,581926
42,1951559,581478
42,2304955,580787
42,2668821,579730
42,3058886,578767
42,3430596,577503
42,3830937,576380
42,4205439,576091
42,4622539,575451
42,5021141,574724
42,5432126,574579
42,5828893,574176
42,6201323,573991
42,6559489,574078
42,6952650,573638
42,7348675,573332
42,7726688,573348
42,8100901,572967
42,8504436,572888
42,8873729,572846
42,9263011,572658
42,9641398,572730
42,10036554,572670
42,10409832,572646
42,10806860,572727
42,11202177,572691
42,11578116,572794
42,11993688,572822
42,12391851,572880
42,12806757,572945
42,13223421,572976
42,13624384,573026
42,14018976,573044
42,14409979,573068
42,14807552,573075
42,15202271,573076
42,15557325,573075
42,15952121,573061
42,16326300,573052
42,16682714,573038
42,17055846,573026
42,17408260,573014
42,17785548,573004
42,18180185,572994
42,18558151,572987
42,18956046,572985
42,19370366,572980
42,19765219,572981
42,20181872,572982
42,20580319,572983
42,20952932,572986
42,21346698,572986
42,21734517,572990
42,22120072,572991
42,22519113,572991
42,22908888,572992
42,23283554,572994
42,23662241,572993
42,24055014,572992
42,24429010,572991
42,24834166,572991
42,25203079,572991
42,25600310,572991
42,25976456,572991
42,26370609,572991
42,26772434,572990
42,27137792,572990
42,27506541,572992
42,27870867,572992
42,28264254,572992
42,28714479,572991
42,29103669,572992
42,29528223,572991
42,29925499,572991
42,30306263,572992
42,30699286,572992
42,31080161,572993
42,31463949,572992
42,31848342,572993
42,32244011,572993
42,32620613,572991
42,33014571,572992
42,33430162,572992
42,33827588,572993
42,34201562,572993
42,34558673,572992
42,34951831,572992
42,35326601,572994
42,35684514,572994
42,36057108,572993
42,36473008,572993
42,36870232,572994
42,37269775,572994
42,37682465,572993
42,38055244,572993
42,38410646,572994
42,38805418,572994
42,39159123,572994
42,39550547,572994
42,39931335,572994
42,40283564,572994
42,40661144,572993
43,742884,582987
43,1121187,582561
43,1546593,581928
43,1937911,581401
43,2349925,580665
43,2713222,579594
43,3105634,578477
43,3515278,577134
43,3936208,576181
43,4347151,576017
43,4709781,575191
43,5104111,574669
43,5494641,574532
43,5870255,574114
43,6245140,574024
43,6642650,574010
43,7040367,573499
43,7413612,573362
43,7811599,573287
43,8185345,572913
43,8591396,572919
43,8953273,572791
43,9354418,572671
43,9747756,572741
43,10141477,572629
43,10515122,572681
43,10892169,572715
43,11287022,572700
43,11643404,572807
43,12016221,572820
43,12370526,572863
43,12745646,572941
43,13140141,572961
43,13495609,573013
43,13872689,573038
43,14266087,573059
43,14644045,573076
43,15036831,573076
43,15388788,573076
43,15746058,573071
43,16139857,573057
43,16516714,573044
43,16894226,573030
43,17287982,573017
43,17686388,573006
43,18059382,572997
43,18455757,572990
43,18837430,572986
43,19225368,572982
43,19645062,572983
43,20039377,572983
43,20424745,572984
43,20813873,572987
43,21184140,572990
43,21588616,572990
43,21959368,572994
43,22353177,572995
43,22768927,572994
43,23161660,572995
43,23546155,572994
43,23936443,572994
43,24306734,572993
43,24665235,572991
43,25082133,572993
43,25481240,572993
43,25897134,572991
43,26288991,572991
43,26664605,572993
43,27058685,572993
43,27411653,572993
43,27792460,572992
43,28182589,572993
43,28579516,572993
43,28960301,572993
43,29333176,572993
43,29730730,572994
43,30142432,572994
43,30568314,572993
43,30959486,572994
43,31353974,572994
43,31748092,572994
43,32141421,572994
43,32545290,572994
43,32913277,572994
43,33266008,572994
43,33672694,572993
43,34057363,572993
43,34430479,572993
43,34806609,572993
43,35200828,572993
43,35568832,572994
43,35956094,572994
43,36347466,572994
43,36711705,572994
43,37097157,572994
43,37456123,572994
43,37832594,572994
43,38226549,572994
43,38647728,572994
43,39038633,572994
43,39412892,572994
43,39811544,572993
43,40184428,572993
43,40590485,572994
43,40978583,572994
43,41367815,572994
43,41766389,572994
43,42160378,572995
43,42512596,572995
43,42892874,572995
43,43304639,572995
43,43664087,572996
43,44058320,572996
43,44409725,572995
43,44787863,572995
43,45213987,572995
43,45605334,572995
44,713598,582995
44,1079779,582645
44,1476179,581997
44,1891721,581479
44,2292373,580787
44,2698076,579587
44,3119140,578472
44,3540262,577131
44,3928725,576223
44,4306785,576014
44,4700005,575313
44,5051424,574717
44,5428840,574573
44,5821058,574175
44,6177211,574000
44,6551360,574088
44,6945717,573651
44,7304412,573350
44,7696313,573366
44,8071358,573031
44,8433577,572899
44,8805149,572887
44,9201362,572683
44,9577091,572730
44,9970157,572693
44,10328411,572637
44,10716748,572725
44,11091353,572687
44,11452259,572740
44,11845056,572815
44,12216722,572830
44,12632327,572916
44,12989813,572940
44,13349199,572991
44,13742124,573027
44,14137036,573047
44,14513851,573069
44,14885617,573073
44,15251120,573076
44,15640371,573073
44,16012386,573059
44,16406326,573051
44,16763927,573036
44,17141739,573022
44,17540110,573010
44,17949058,572999
44,18324950,572993
44,18679933,572987
44,19071227,572984
44,19452232,572982
44,19845971,572983
44,20199002,572983
44,20575493,572984
44,20968549,572988
44,21346148,572990
44,21699336,572994
44,22049788,572995
44,22430400,572994
44,22826417,572997
44,23229348,572997
44,23617749,572996
44,24003565,572996
44,24370138,572992
44,24763720,572994
44,25163357,572994
44,25553506,572992
44,25947750,572992
44,26303718,572993
44,26697087,572993
44,27072050,572994
44,27429476,572994
44,27843828,572994
44,28195980,572994
44,28592975,572994
44,28968107,572993
44,29323577,572993
44,29674142,572994
44,30058725,572994
44,30456177,572994
44,30867637,572994
44,31269558,572992
44,31636954,572994
44,31991838,572994
44,32348588,572993
44,32741244,572992
44,33111696,572994
44,33472781,572994
44,33862040,572994
44,34247014,572993
44,34636014,572994
44,35009552,572994
44,35368971,572994
44,35763012,572994
44,36133959,572994
44,36494346,572995
44,36887871,572995
44,37267939,572995
44,37679178,572993
44,38070151,572994
44,38428051,572994
44,38802926,572993
44,39195706,572993
44,39571881,572993
44,39945086,572995
44,40322990,572994
44,40677211,572994
44,41049800,572995
44,41452898,572995
44,41845795,572995
44,42217326,572994
44,42595854,572994
44,42947048,572994
44,43303006,572995
44,43675433,572994
44,44072598,572994
44,44427043,572995
44,44800191,572995
44,45195266,572995
45,734603,582988
45,1095438,582644
45,1452734,581995
45,1847283,581478
45,2263658,580662
45,2693029,579589
45,3075783,578474
45,3473140,577316
45,3845813,576289
45,4200144,576084
45,4556775,575561
45,4949161,574750
45,5336754,574616
45,5704195,574231
45,6098666,573996
45,6517080,574085
45,6910194,573649
45,7286256,573351
45,7690479,573369
45,8056376,572988
45,8451983,572921
45,8848519,572866
45,9243043,572667
45,9625611,572743
45,9992017,572664
45,10397378,572649
45,10765128,572732
45,11159192,572685
45,11534582,572788
45,11928722,572816
45,12284825,572838
45,12658591,572929
45,13053375,572945
45,13410467,572997
45,13784260,573031
45,14178119,573049
45,14555811,573072
45,14950036,573074
45,15302789,573076
45,15678624,573073
45,16033631,573059
45,16433282,573049
45,16805078,573034
45,17200061,573022
45,17554201,573011
45,17950256,573000
45,18358943,572991
45,18742923,572988
45,19141243,572983
45,19535625,572983
45,19907901,572983
45,20283519,572985
45,20679534,572987
45,21053560,572990
45,21409757,572989
45,21807527,572995
45,22179668,572995
45,22557518,572994
45,22952299,572994
45,23357505,572994
45,23722144,572993
45,24115761,572994
45,24474372,572990
45,24846028,572993
45,25199507,572994
45,25557345,572991
45,25949838,572991
45,26341259,572991
45,26754644,572991
45,27156480,572992
45,27561593,572991
45,27956553,572992
45,28368553,572992
45,28763760,572993
45,29180364,572993
45,29555955,572993
45,29970917,572993
45,30379872,572993
45,30770044,572992
45,31181334,572992
45,31558682,572992
45,31962701,572993
45,32336176,572992
45,32723264,572993
45,33137644,572994
45,33500052,572994
45,33867523,572994
45,34266558,572994
45,34659022,572994
45,35053120,572995
45,35430697,572994
45,35804508,572994
45,36198655,572994
45,36554651,572994
45,36951734,572995
45,37357290,572995
45,37741927,572995
45,38095289,572995
45,38456970,572995
46,735194,582987
46,1123858,582646
46,1536994,581929
46,1952937,581402
46,2347520,580533
46,2742938,579587
46,3119943,578472
46,3536265,577125
46,3936270,576171
46,4325777,576008
46,4700717,575303
46,5082698,574677
46,5474650,574523
46,5880904,574109
46,6244630,574028
46,6639928,574056
46,7016108,573507
46,7410982,573362
46,7789057,573298
46,8186549,572923
46,8596876,572933
46,8952949,572799
46,9346874,572670
46,9739392,572752
46,10124082,572647
46,10494703,572689
46,10901947,572732
46,11267773,572709
46,11662270,572815
46,12043799,572828
46,12433177,572898
46,12848359,572952
46,13245030,572980
46,13638308,573033
46,14018625,573045
46,14409863,573071
46,14784410,573077
46,15141118,573077
46,15514268,573077
46,15879512,573065
46,16279826,573053
46,16643815,573039
46,17040643,573026
46,17415801,573013
46,17811706,573003
46,18227594,572995
46,18617935,572989
46,18995418,572987
46,19392960,572984
46,19767000,572984
46,20163212,572984
46,20534800,572986
46,20936582,572987
46,21349434,572989
46,21743678,572991
46,22120095,572995
46,22514683,572992
46,22919308,572994
46,23309634,572994
46,23700478,572994
46,24077251,572993
46,24471810,572993
46,24824944,572992
46,25202855,572993
46,25597230,572991
46,25996549,572991
46,26388625,572993
46,26790785,572992
46,27186394,572992
46,27597799,572993
46,27996080,572992
46,28390845,572993
46,28766446,572993
46,29142036,572993
46,29535796,572992
46,29936457,572994
46,30327205,572993
46,30704917,572993
46,31098101,572993
46,31512652,572993
46,31902273,572993
46,32266596,572993
46,32660825,572993
46,33063839,572993
46,33431425,572993
46,33825726,572994
46,34201554,572993
46,34598578,572994
46,34994526,572994
46,35388950,572994
46,35742385,572993
46,36099363,572993
46,36491515,572993
46,36845684,572993
46,37222600,572993
46,37616662,572993
46,37995402,572994
46,38402843,572993
46,38767210,572993
46,39163850,572995
46,39557239,572994
46,39954331,572994
46,40328699,572993
46,40709850,572993
46,41099052,572994
46,41493377,572993
46,41879666,572993
46,42245939,572994
46,42640211,572995
46,43028273,572993
46,43414126,572995
46,43811183,572995
46,44202370,572994
46,44598109,572994
46,44994163,572995
46,45370253,572995
46,45762614,572994
46,46119908,572995
46,46514910,572995
46,46918173,572994
46,47304846,572995
46,47664218,572995
46,48039655,572995
46,48433477,572995
47,769840,582969
47,1173686,582478
47,1588418,581866
47,1986999,581401
47,2363191,580533
47,2759855,579452
47,3173372,578324
47,3585704,577128
47,3943993,576178
47,4337812,576014
47,4722291,575186
47,5107098,574686
47,5481641,574530
47,5882847,574062
47,6294981,574050
47,6698615,573952
47,7090600,573443
47,7461719,573370
47,7840746,573245
47,8234900,572900
47,8628141,572929
47,9026052,572757
47,9424394,572682
47,9819197,572736
47,10190008,572626
47,10545050,572692
47,10943747,572713
47,11335605,572706
47,11725228,572810
47,12088042,572814
47,12481174,572883
47,12840245,572939
47,13233542,572967
47,13614607,573023
47,14010215,573039
47,14415662,573064
47,14798203,573072
47,15191039,573074
47,15572359,573071
47,15964389,573059
47,16338269,573049
47,16746341,573034
47,17113183,573022
47,17485543,573010
47,17864979,573000
47,18229971,572994
47,18584343,572988
47,18942405,572984
47,19336086,572982
47,19741597,572982
47,20128048,572982
47,20521771,572984
47,20898484,572988
47,21294677,572988
47,21688189,572992
47,22090743,572992
47,22460857,572992
47,22837813,572994
47,23231941,572994
47,23585800,572992
47,23941630,572993
47,24335716,572993
47,24748570,572992
47,25135248,572991
47,25545953,572992
47,25944224,572993
47,26339069,572993
47,26743730,572993
47,27132008,572994
47,27525393,572994
47,27919952,572994
47,28315837,572991
47,28671021,572993
47,29066398,572994
47,29439949,572993
47,29796248,572992
47,30189503,572993
47,30544937,572995
47,30941317,572993
47,31335232,572993
47,31698781,572993
47,32087226,572994
47,32460507,572992
47,32817936,572992
47,33213034,572993
47,33585896,572994
47,33943317,572993
47,34360061,572993
47,34756792,572994
47,35169684,572994
47,35566243,572994
47,35943042,572994
47,36338401,572994
47,36743867,572994
47,37127431,572994
47,37523063,572994
47,37944440,572995
47,38338182,572995
47,38742528,572995
47,39117326,572994
47,39486104,572994
47,39885095,572994
48,760119,582987
48,1119678,582563
48,1515840,581930
48,1912596,581484
48,2285278,580668
48,2705572,579597
48,3102336,578485
48,3513770,577142
48,3910294,576236
48,4282819,576066
48,4642189,575324
48,5035050,574717
48,5408016,574601
48,5787970,574165
48,6181204,573996
48,6584286,574076
48,6972486,573555
48,7365681,573340
48,7765378,573286
48,8178769,572931
48,8531695,572913
48,8932056,572823
48,9304438,572651
48,9660644,572741
48,10075536,572658
48,10428415,572639
48,10790389,572733
48,11183271,572687
48,11587461,572792
48,11952564,572827
48,12326884,572857
48,12728156,572946
48,13137692,572959
48,13490533,573014
48,13866404,573040
48,14264149,573064
48,14682593,573077
48,15076655,573077
48,15475781,573078
48,15866774,573066
48,16242285,573056
48,16620230,573041
48,17012608,573026
48,17387216,573017
48,17746203,573004
48,18158856,572995
48,18564912,572987
48,18971078,572986
48,19328916,572982
48,19700407,572983
48,20095375,572983
48,20453359,572984
48,20830111,572987
48,21223922,572990
48,21643016,572992
48,22036068,572995
48,22410179,572994
48,22829788,572995
48,23222513,572995
48,23618965,572995
48,24000835,572995
48,24386631,572994
48,24765125,572994
48,25158158,572993
48,25543895,572992
48,25932360,572993
48,26303428,572993
48,26683460,572992
48,27075178,572992
48,27427636,572994
48,27791339,572993
48,28181270,572993
48,28585751,572993
48,28970318,572993
48,29365132,572994
48,29742328,572992
48,30136353,572993
48,30492337,572993
48,30888875,572993
48,31282039,572991
48,31684301,572994
48,32078745,572992
48,32476286,572992
48,32869543,572992
48,33243319,572992
48,33621320,572992
48,34013458,572992
48,34386314,572992
48,34743170,572992
48,35159774,572991
48,35567164,572992
48,35932325,572992
48,36327298,572993
48,36729264,572992
48,37119342,572993
48,37514171,572992
48,37909412,572992
48,38282868,572993
48,38640286,572993
48,39033840,572992
48,39386970,572992
48,39766052,572992
48,40178890,572992
48,40542411,572992
48,40929227,572993
48,41304657,572992
48,41679512,572993
48,42052906,572993
48,42408123,572994
48,42784458,572994
48,43179685,572992
48,43543874,572994
48,43934063,572993
48,44306383,572993
48,44683531,572994
48,45076301,572994
48,45455350,572994
48,45853704,572993
48,46260572,572994
48,46618205,572994
48,47015493,572994
48,47400982,572994
48,47767477,572994
48,48159687,572994
48,48575181,572994
49,737720,582986
49,1120539,582563
49,1540052,581936
49,1935724,581488
49,2312861,580676
49,2705543,579603
49,3122096,578485
49,3538186,577144
49,3932181,576189
49,4331347,576021
49,4723828,575187
49,5119575,574660
49,5540119,574471
49,5932467,574007
49,6332341,574027
49,6746407,573933
49,7140324,573373
49,7517143,573366
49,7911012,573168
49,8286277,572872
49,8642457,572912
49,9057146,572742
49,9422198,572666
49,9832548,572719
49,10243284,572610
49,10599765,572705
49,10992676,572707
49,11368384,572723
49,11766290,572831
49,12160224,572827
49,12539970,572922
49,12934647,572955
49,13313754,572997
49,13712584,573038
49,14080145,573053
49,14478222,573075
49,14850438,573077
49,15243859,573078
49,15601444,573073
49,15973652,573059
49,16373623,573048
49,16746873,573032
49,17138205,573021
49,17493186,573008
49,17882264,572998
49,18278289,572991
49,18646008,572986
49,19037227,572982
49,19452597,572981
49,19859200,572983
49,20222177,572983
49,20601459,572984
49,20975185,572989
49,21347820,572988
49,21745494,572992
49,22162707,572993
49,22558599,572993
49,22937831,572994
49,23330926,572994
49,23744511,572993
49,24138316,572993
49,24526391,572991
49,24892936,572992
49,25289108,572991
49,25684100,572991
49,26058723,572991
49,26457585,572991
49,26869095,572991
49,27242816,572994
49,27598531,572991
49,27992583,572993
49,28368129,572993
49,28766950,572992
49,29160763,572992
49,29536046,572992
49,29930288,572992
49,30304052,572994
49,30668353,572991
49,31079072,572992
49,31476535,572992
49,31846743,572992
49,32241726,572991
49,32597939,572994
49,32971957,572992
49,33367805,572992
49,33744075,572993
49,34139386,572993
49,34517467,572993
49,34909856,572994
49,35262890,572994
49,35621548,572993
49,36015694,572993
49,36399763,572993
49,36767346,572993
49,37161393,572993
49,37559321,572993
49,37950052,572993
49,38308245,572993
49,38707517,572993
49,39098912,572993
50,694071,582988
50,1071725,582648
50,1427232,582073
50,1802398,581562
50,2197137,580801
50,2601137,579879
50,2995956,578771
50,3385930,577512
50,3803550,576303
50,4196693,576065
50,4618089,575317
50,5011624,574711
50,5405335,574565
50,5803670,574098
50,6215262,574007
50,6611377,574038
50,6975064,573480
50,7369516,573346
50,7761088,573275
50,8132887,572922
50,8507770,572907
50,8904443,572778
50,9299721,572647
50,9679984,572734
50,10085196,572634
50,10446740,572675
50,10844776,572725
50,11220649,572705
50,11616941,572825
50,12028276,572832
50,12402403,572891
50,12758798,572957
50,13153020,572981
50,13506566,573032
50,13882969,573048
50,14277533,573072
50,14648178,573079
50,15006613,573079
50,15401531,573076
50,15758090,573066
50,16131204,573052
50,16529889,573040
50,16909346,573024
50,17300856,573010
50,17698155,573001
50,18072933,572992
50,18466286,572988
50,18844126,572984
50,19243116,572983
50,19655287,572983
50,20030951,572984
50,20425304,572987
50,20822550,572988
50,21218917,572990
50,21631549,572993
50,22009837,572995
50,22405665,572993
50,22802596,572993
50,23198590,572994
50,23602803,572992
50,23971305,572993
50,24366990,572993
50,24779059,572992
50,25131931,572993
50,25506832,572991
50,25910494,572993
50,26300379,572991
50,26698939,572991
50,27073537,572994
50,27449326,572993
50,27865960,572993
50,28258778,572993
50,28657833,572994
50,29029890,572994
50,29425379,572994
50,29801126,572994
50,30216292,572994
50,30594747,572995
50,30973174,572995
50,31346897,572995
50,31746734,572995
50,32111958,572994
50,32465617,572994
50,32824464,572994
50,33217207,572994
50,33601581,572994
50,33986715,572995
50,34345124,572995
50,34732360,572995
50,35133783,572995
50,35528150,572995
50,35946831,572996
50,36298816,572996
50,36657471,572996
50,37053973,572996
50,37426530,572996
50,37824360,572996
50,38218739,572996
50,38615150,572995
50,39008657,572995
51,712155,582989
51,1123548,582562
51,1517376,582001
51,1892536,581491
51,2283729,580803
51,2641413,579881
51,3018238,578778
51,3411033,577693
51,3762257,576507
51,4139472,576130
51,4491891,575799
51,4873047,574883
51,5266374,574632
51,5659384,574352
51,6040129,573967
51,6433570,574068
51,6834190,573779
51,7206370,573318
51,7601203,573354
51,8015755,573044
51,8389223,572855
51,8741168,572897
51,9117250,572671
51,9491208,572679
51,9867700,572710
51,10241892,572604
51,10636785,572709
51,11000791,572702
51,11391337,572735
51,11766895,572845
51,12166513,572845
51,12536486,572939
51,12934319,572973
51,13304233,573004
51,13657297,573048
51,14039784,573061
51,14434999,573081
51,14835374,573082
51,15226990,573080
51,15615669,573070
51,15995366,573057
51,16368342,573046
51,16741146,573029
51,17138929,573016
51,17490710,573006
51,17867975,572996
51,18262862,572990
51,18615773,572986
51,18993559,572983
51,19387261,572981
51,19740516,572983
51,20131374,572984
51,20513994,572986
51,20868066,572988
51,21242646,572989
51,21636073,572992
51,21998506,572994
51,22372082,572993
51,22766526,572994
51,23183963,572994
51,23577625,572994
51,23954040,572994
51,24304411,572993
51,24656714,572991
51,25016903,572994
51,25420581,572991
51,25801883,572992
51,26162779,572994
51,26554530,572992
51,26913775,572993
51,27308009,572994
51,27680537,572993
51,28059926,572993
51,28454127,572993
51,28852263,572992
51,29265766,572993
51,29616426,572994
51,29995931,572994
51,30389820,572994
51,30742193,572994
51,31117778,572994
51,31511923,572994
51,31869138,572994
51,32241703,572993
51,32616509,572993
51,32999165,572994
51,33371701,572994
51,33766852,572993
51,34162366,572993
51,34558634,572994
51,34955938,572994
51,35344972,572994
51,35703645,572994
51,36084772,572995
51,36474703,572995
51,36871814,572995
51,37262682,572995
51,37615376,572995
51,37998642,572995
51,38378947,572995
51,38742778,572995
51,39120236,572994
51,39514188,572994
51,39869544,572994
52,745031,582988
52,1137712,582567
52,1535383,581937
52,1951589,581416
52,2364223,580682
52,2727279,579608
52,3118373,578638
52,3488554,577522
52,3865338,576319
52,4240920,576106
52,4614532,575580
52,4968617,574759
52,5385002,574618
52,5747936,574219
52,6136378,573959
52,6512895,574065
52,6913087,573612
52,7327295,573307
52,7733376,573330
52,8096622,572940
52,8492270,572866
52,8887444,572832
52,9265159,572634
52,9642724,572716
52,10038294,572658
52,10409441,572628
52,10804086,572729
52,11199320,572691
52,11572004,572784
52,11929629,572843
52,12324263,572867
52,12700434,572960
52,13093973,572976
52,13489456,573033
52,13865529,573055
52,14238680,573071
52,14592759,573085
52,14948058,573083
52,15344737,573080
52,15727063,573071
52,16116783,573056
52,16487748,573044
52,16845352,573027
52,17238564,573015
52,17612090,573004
52,17972987,572994
52,18364578,572989
52,18751288,572984
52,19136373,572982
52,19508053,572982
52,19866779,572983
52,20280249,572983
52,20637639,572987
52,21037962,572990
52,21415881,572990
52,21804015,572993
52,22197494,572994
52,22591696,572993
52,22949935,572994
52,23343257,572994
52,23695669,572994
52,24095363,572993
52,24487534,572993
52,24846763,572992
52,25240806,572993
52,25635912,572991
52,26016063,572992
52,26409564,572992
52,26823017,572992
52,27197071,572992
52,27549510,572993
52,27947101,572993
52,28300150,572993
52,28684287,572992
52,29080034,572994
52,29448356,572993
52,29847319,572993
52,30221527,572993
52,30614954,572994
52,31013848,572992
52,31385493,572993
52,31829784,572994
52,32198659,572994
52,32593666,572994
52,32969955,572994
52,33363292,572994
52,33751500,572994
52,34115692,572994
52,34510269,572993
52,34867518,572993
52,35260484,572994
52,35635414,572994
52,35992475,572993
52,36406842,572993
52,36804609,572995
52,37197325,572994
52,37593197,572994
52,37949828,572995
52,38362763,572995
52,38726640,572995
52,39117267,572995
52,39511603,572995
52,39893432,572995
52,40285160,572995
52,40695767,572994
52,41076044,572994
52,41467114,572994
52,41823858,572994
53,737873,582971
53,1121899,582566
53,1500585,582008
53,1888223,581418
53,2309709,580562
53,2705516,579619
53,3078738,578501
53,3491736,577354
53,3847695,576260
53,4265721,576045
53,4660011,575335
53,5055240,574685
53,5449430,574567
53,5805620,574085
53,6200754,573959
53,6552839,574018
53,6975128,573449
53,7370291,573300
53,7748950,573249
53,8142896,572858
53,8557062,572883
53,8950176,572755
53,9327894,572627
53,9722216,572716
53,10098732,572601
53,10495708,572657
53,10874913,572715
53,11270485,572705
53,11691375,572832
53,12080017,572837
53,12454245,572917
53,12850053,572969
53,13244140,573002
53,13632418,573047
53,13991446,573061
53,14386114,573082
53,14742612,573086
53,15120661,573084
53,15515108,573075
53,15929445,573061
53,16323781,573048
53,16703163,573031
53,17094921,573017
53,17448008,573007
53,17830857,572996
53,18243658,572989
53,18642225,572985
53,19055992,572982
53,19470648,572981
53,19829855,572984
53,20241573,572984
53,20656331,572986
53,21057168,572990
53,21453264,572990
53,21849636,572994
53,22244081,572992
53,22658984,572995
53,23037600,572993
53,23410516,572992
53,23806351,572993
53,24180775,572993
53,24584773,572989
53,24978180,572991
53,25346268,572993
53,25723263,572991
53,26120324,572991
53,26515191,572993
53,26940179,572994
53,27306267,572993
53,27700962,572991
53,28095779,572994
53,28470112,572994
53,28832317,572991
53,29226011,572994
53,29609845,572995
53,29989034,572991
53,30402031,572994
53,30790572,572992
53,31178341,572993
53,31586450,572993
53,31968350,572993
53,32332722,572994
53,32727383,572994
53,33139832,572994
53,33498747,572994
53,33891488,572994
53,34304212,572994
53,34660265,572993
53,35054114,572993
53,35428855,572993
53,35785341,572993
53,36157536,572993
53,36551739,572994
54,718694,582987
54,1120727,582566
54,1541893,581943
54,1934283,581424
54,2351790,580565
54,2752738,579621
54,3142932,578501
54,3520270,577171
54,3940061,576220
54,4354087,575987
54,4750924,575090
54,5143304,574665
54,5541407,574472
54,5935891,573984
54,6347716,574011
54,6748543,573836
54,7161660,573333
54,7520976,573331
54,7914583,573138
54,8302710,572826
54,8685167,572884
54,9056179,572722
54,9417637,572642
54,9811765,572718
54,10181691,572606
54,10541212,572681
54,10935265,572725
54,11322582,572713
54,11703322,572840
54,12120620,572845
54,12475418,572912
54,12850661,572976
54,13244560,573006
54,13662743,573054
54,14060312,573064
54,14440777,573085
54,14827081,573085
54,15186865,573085
54,15562659,573074
54,15959522,573062
54,16375376,573044
54,16769187,573031
54,17143726,573015
54,17541084,573005
54,17912456,572996
54,18318273,572989
54,18688757,572985
54,19082239,572983
54,19495579,572983
54,19910773,572983
54,20275450,572984
54,20665759,572987
54,21035589,572990
54,21393617,572990
54,21789569,572995
54,22160579,572996
54,22520881,572994
54,22913736,572995
54,23298245,572995
54,23686019,572995
54,24056165,572995
54,24426081,572993
54,24809286,572992
54,25182332,572992
54,25580118,572991
54,25996221,572992
54,26392025,572992
54,26766350,572992
54,27117410,572993
54,27479604,572993
54,27852473,572993
54,28247475,572992
54,28624071,572993
54,29017442,572994
54,29415815,572994
54,29789825,572993
54,30203662,572993
54,30564791,572993
54,30958033,572994
54,31372675,572992
54,31767615,572993
54,32142583,572994
54,32561741,572994
54,32956759,572993
54,33373735,572993
54,33790088,572994
54,34184609,572994
54,34565993,572993
54,34954034,572993
54,35372257,572993
54,35766527,572995
54,36141656,572992
54,36538386,572995
54,36912523,572995
54,37265925,572994
54,37665029,572994
54,38048651,572994
54,38440817,572994
54,38836912,572993
54,39206331,572993
54,39621091,572994
54,40015385,572994
54,40375269,572993
54,40745379,572995
54,41141039,572995
54,41496400,572995
54,41870093,572994
55,737720,582987
55,1140396,582567
55,1539102,582011
55,1908936,581575
55,2263547,580934
55,2622339,579897
55,3036597,578794
55,3444137,577714
55,3807717,576425
55,4203570,576122
55,4599897,575592
55,4994721,574760
55,5389964,574594
55,5806737,574138
55,6201338,573934
55,6560968,574033
55,6951723,573588
55,7345261,573273
55,7703940,573301
55,8096569,572909
55,8514578,572849
55,8910588,572808
55,9282051,572613
55,9639055,572699
55,10034729,572647
55,10389532,572609
55,10768388,572733
55,11158837,572702
55,11517660,572780
55,11891291,572860
55,12286747,572879
55,12663780,572973
55,13058277,572993
55,13443636,573043
55,13829126,573068
55,14226571,573080
55,14619712,573091
55,15013480,573088
55,15419822,573080
55,15784816,573071
55,16138589,573055
55,16496448,573039
55,16889518,573025
55,17263417,573012
55,17619899,573001
55,18033584,572993
55,18387416,572987
55,18817238,572983
55,19201785,572982
55,19597151,572983
55,19992314,572985
55,20387652,572985
55,20785558,572989
55,21158671,572990
55,21517132,572991
55,21908028,572995
55,22284222,572993
55,22641265,572993
55,23054898,572995
55,23421480,572993
55,23807785,572991
55,24200214,572992
55,24602322,572992
55,24994779,572993
55,25419956,572991
55,25809773,572992
55,26201392,572994
55,26585100,572993
55,26952157,572993
55,27345755,572994
55,27709155,572992
55,28078275,572993
55,28489766,572994
55,28890762,572992
55,29283166,572993
55,29640311,572993
55,30033485,572993
55,30408763,572994
55,30786434,572994
55,31178261,572992
55,31557488,572994
55,31962315,572993
55,32329158,572993
55,32732439,572993
55,33098269,572993
55,33494994,572994
55,33912191,572995
55,34305772,572994
55,34661467,572994
55,35055939,572994
55,35440626,572994
55,35826178,572992
55,36203003,572994
55,36604645,572994
55,36973374,572994
55,37390438,572994
55,37786930,572994
55,38159382,572994
55,38517332,572994
55,38910451,572994
55,39305787,572994
55,39684129,572995
55,40055371,572995
55,40460837,572995
55,40867084,572994
55,41242002,572995
56,720771,582987
56,1080074,582568
56,1473843,581947
56,1872403,581505
56,2267592,580698
56,2671295,579626
56,3062859,578508
56,3474346,577181
56,3871348,576282
56,4264982,576056
56,4670606,575213
56,5039970,574690
56,5415024,574561
56,5791865,574070
56,6164289,573939
56,6539736,574021
56,6920376,573498
56,7306886,573277
56,7728502,573219
56,8141876,572832
56,8537334,572853
56,8919383,572736
56,9307406,572614
56,9727605,572704
56,10120824,572598
56,10517688,572684
56,10916283,572718
56,11308496,572741
56,11705498,572850
56,12079682,572866
56,12472112,572945
56,12831975,572988
56,13204698,573024
56,13618770,573064
56,14019212,573074
56,14409168,573091
56,14786847,573090
56,15182164,573086
56,15629616,573071
56,16020188,573055
56,16432021,573038
56,16828646,573023
56,17201661,573010
56,17597092,572998
56,18022539,572990
56,18413710,572984
56,18792828,572983
56,19183630,572979
56,19598461,572982
56,19975986,572983
56,20368530,572985
56,20725477,572989
56,21119448,572991
56,21515687,572994
56,21911911,572996
56,22307254,572996
56,22723995,572996
56,23118150,572996
56,23494043,572994
56,23849836,572994
56,24264161,572994
56,24619343,572991
56,25018108,572994
56,25412506,572992
56,25801432,572993
56,26171116,572993
56,26562337,572993
56,26976232,572993
56,27390202,572993
56,27808871,572993
56,28201730,572993
56,28577245,572993
56,28977997,572994
56,29371337,572994
56,29749095,572994
56,30142594,572994
56,30516293,572994
56,30916036,572994
56,31289793,572994
56,31700901,572994
56,32099375,572994
56,32495626,572994
56,32872288,572993
56,33265516,572995
56,33652294,572995
56,34039606,572995
56,34430453,572995
56,34808500,572996
56,35222052,572996
56,35576024,572994
56,35954446,572995
56,36347982,572995
56,36703268,572995
56,37121152,572995
56,37515152,572995
56,37871297,572995
56,38264978,572996
56,38651798,572996
57,738800,582986
57,1120369,582648
57,1518463,582012
57,1914241,581509
57,2313059,580702
57,2707672,579768
57,3087875,578663
57,3480599,577375
57,3874105,576355
57,4270235,576115
57,4665284,575347
57,5078877,574719
57,5457509,574572
57,5866251,574071
57,6256343,573952
57,6644825,574000
57,7028041,573418
57,7442143,573282
57,7834198,573217
57,8223624,572818
57,8622131,572851
57,8995427,572728
57,9374299,572600
57,9769114,572696
57,10173826,572589
57,10557026,572650
57,10914450,572722
57,11311952,572707
57,11685417,572840
57,12079019,572861
57,12463370,572930
57,12858291,572991
57,13228831,573017
57,13621417,573067
57,14015607,573076
57,14396783,573094
57,14808634,573094
57,15213013,573087
57,15622229,573074
57,16015080,573063
57,16372050,573045
57,16766716,573028
57,17140898,573017
57,17519915,573004
57,17911060,572994
57,18268612,572987
57,18664456,572984
57,19057119,572983
57,19416529,572981
57,19809357,572982
57,20194297,572984
57,20583704,572986
57,20951983,572989
57,21310620,572990
57,21704497,572994
57,22057572,572995
57,22412951,572995
57,22809799,572995
57,23214533,572995
57,23608270,572994
57,23978368,572993
57,24374552,572993
57,24766344,572992
57,25140882,572992
57,25561196,572991
57,25956929,572992
57,26345927,572993
57,26746876,572993
57,27141259,572994
57,27545122,572994
57,27915617,572994
57,28313043,572994
57,28685339,572993
57,29082002,572993
57,29483367,572993
57,29849150,572993
57,30217615,572993
57,30580260,572993
57,30980017,572993
57,31393400,572994
57,31808259,572994
57,32171528,572994
57,32562552,572994
57,32932391,572994
57,33289855,572994
57,33682702,572994
57,34056840,572994
57,34426588,572993
57,34808803,572994
57,35193109,572993
57,35580447,572994
57,35957194,572994
57,36362141,572994
57,36727671,572994
57,37121699,572994
57,37541547,572994
57,37956185,572994
57,38358224,572994
57,38727225,572994
57,39122022,572994
57,39518265,572994
57,39890982,572995
57,40249931,572994
57,40664925,572994
58,739747,582986
58,1121766,582649
58,1493652,582015
58,1912343,581515
58,2306702,580708
58,2724422,579636
58,3118297,578667
58,3494189,577379
58,3892173,576290
58,4291211,576111
58,4688552,575345
58,5078078,574682
58,5473415,574565
58,5850103,574066
58,6243741,573945
58,6649986,573996
58,7018517,573414
58,7415237,573275
58,7828646,573211
58,8244554,572793
58,8650899,572846
58,9022409,572686
58,9417069,572609
58,9830496,572680
58,10245962,572572
58,10668307,572703
58,11056910,572695
58,11451121,572750
58,11830003,572856
58,12244846,572875
58,12648332,572969
58,13014373,572993
58,13413579,573047
58,13829031,573072
58,14242491,573086
58,14595918,573097
58,14995688,573094
58,15368193,573084
58,15725465,573073
58,16119681,573058
58,16492951,573043
58,16849823,573025
58,17243895,573013
58,17629171,573001
58,18015586,572990
58,18393304,572986
58,18790855,572982
58,19202194,572979
58,19597203,572981
58,19974302,572983
58,20367237,572983
58,20724277,572987
58,21101388,572990
58,21492768,572989
58,21851013,572993
58,22246587,572994
58,22649641,572994
58,23036482,572994
58,23452061,572994
58,23807376,572994
58,24203003,572992
58,24597510,572991
58,24995712,572993
58,25410952,572993
58,25765128,572992
58,26162194,572993
58,26576613,572993
58,26980339,572993
58,27349330,572992
58,27747075,572992
58,28119329,572993
58,28517251,572992
58,28914149,572992
58,29306947,572993
58,29706296,572993
58,30099221,572993
58,30494549,572993
58,30891408,572993
58,31292084,572993
58,31705987,572994
58,32098739,572992
58,32493104,572994
58,32872001,572994
58,33264860,572994
58,33650406,572994
58,34041072,572994
58,34451136,572994
58,34808131,572994
58,35202914,572992
58,35619079,572992
58,35997045,572994
58,36410825,572993
58,36809164,572994
58,37201817,572994
58,37597019,572994
58,38000406,572994
58,38413286,572995
58,38810144,572995
58,39203720,572995
58,39610961,572995
58,39995234,572995
58,40391736,572994
58,40771215,572993
58,41166078,572993
59,737520,582986
59,1145621,582568
59,1536354,581954
59,1952544,581517
59,2310751,580713
59,2726151,579643
59,3142317,578528
59,3535733,577385
59,3890543,576297
59,4308066,576071
59,4702698,575346
59,5087442,574682
59,5478059,574521
59,5869545,574066
59,6249083,573926
59,6643062,573993
59,7051205,573415
59,7415586,573263
59,7789101,573210
59,8206738,572811
59,8603499,572844
59,9015620,572683
59,9434063,572604
59,9827739,572684
59,10186886,572576
59,10560282,572663
59,10954340,572704
59,11357236,572708
59,11725792,572845
59,12143550,572857
59,12536004,572939
59,12909809,572993
59,13269217,573023
59,13661712,573067
59,14034674,573080
59,14453358,573099
59,14805839,573099
59,15161683,573093
59,15557130,573083
59,15909127,573070
59,16287517,573050
59,16682083,573036
59,17067504,573018
59,17457070,573006
59,17825975,572995
59,18183956,572987
59,18578083,572982
59,18970929,572978
59,19353310,572976
59,19766495,572980
59,20161877,572980
59,20557785,572983
59,20951766,572985
59,21312797,572988
59,21709677,572990
59,22089061,572993
59,22475061,572993
59,22893521,572994
59,23289916,572994
59,23662512,572993
59,24077246,572993
59,24479201,572991
59,24889822,572991
59,25245212,572991
59,25639842,572991
59,26015484,572991
59,26411996,572991
59,26785480,572991
59,27140730,572992
59,27534898,572991
59,27888328,572994
59,28270639,572992
59,28684714,572991
59,29091575,572994
59,29459819,572992
59,29854655,572991
59,30267740,572992
59,30663489,572992
59,31069062,572992
59,31452217,572992
59,31807027,572992
59,32165341,572993
59,32559746,572993
59,32955157,572993
59,33335824,572994
59,33704005,572993
59,34107783,572993
59,34472611,572992
59,34847599,572993
59,35231828,572993
59,35598387,572992
59,35992928,572992
59,36370849,572992
59,36765320,572994
59,37162348,572992
59,37557720,572992
59,37930664,572994
59,38309479,572993
59,38702642,572992
59,39068477,572994
59,39434847,572994
59,39828414,572993
59,40224955,572994
59,40618983,572994
59,41013974,572994
59,41415041,572994
59,41785338,572994
59,42143772,572994
59,42560979,572994
59,42955632,572994
59,43334947,572994
59,43735654,572994
59,44144636,572994
60,715410,582995
60,1083859,582649
60,1473445,582019
60,1890011,581517
60,2309340,580709
60,2743679,579646
60,3125241,578531
60,3538202,577201
60,3942240,576302
60,4309922,576076
60,4682882,575343
60,5061028,574713
60,5433371,574562
60,5826765,574126
60,6185134,573907
60,6556478,574021
60,6909378,573563
60,7329133,573243
60,7728164,573245
60,8145246,572835
60,8535636,572816
60,8908886,572748
60,9308228,572577
60,9679509,572672
60,10036420,572606
60,10433031,572604
60,10827749,572720
60,11205438,572695
60,11602949,572809
60,11995031,572857
60,12369687,572903
60,12743769,572990
60,13162568,573012
60,13557107,573062
60,13941283,573078
60,14332610,573095
60,14721310,573098
60,15077562,573094
60,15456611,573083
60,15825027,573070
60,16181964,573053
60,16578169,573037
60,16959147,573021
60,17352980,573007
60,17765026,572995
60,18160859,572988
60,18535249,572983
60,18887456,572981
60,19287589,572979
60,19659599,572982
60,20014989,572983
60,20432434,572986
60,20829508,572989
60,21209869,572992
60,21602299,572993
60,22015204,572996
60,22410878,572996
60,22785158,572996
60,23140822,572996
60,23535037,572995
60,23888541,572995
60,24281075,572994
60,24662640,572993
60,25040137,572994
60,25431370,572992
60,25795569,572993
60,26170386,572993
60,26537712,572993
60,26943060,572993
60,27338526,572994
60,27704290,572994
60,28101720,572994
60,28514008,572994
60,28867046,572994
60,29245129,572994
60,29638967,572994
60,29996435,572994
60,30391401,572994
60,30763683,572994
60,31122051,572994
60,31495540,572994
60,31888560,572994
60,32310220,572994
60,32701189,572994
61,713859,582987
61,1120653,582568
61,1533513,582015
61,1921172,581515
61,2306226,580710
61,2698858,579780
61,3063086,578815
61,3430349,577565
61,3828281,576365
61,4222699,576141
61,4595091,575606
61,4971750,574758
61,5368090,574589
61,5782253,574200
61,6141526,573915
61,6534029,574027
61,6918056,573569
61,7305358,573248
61,7657797,573300
61,8038502,572932
61,8435025,572792
61,8810041,572813
61,9207823,572586
61,9618919,572675
61,10015955,572628
61,10424986,572600
61,10783601,572717
61,11140345,572687
61,11533881,572783
61,11922370,572855
61,12285838,572882
61,12683252,572974
61,13063441,572999
61,13452407,573054
61,13868300,573074
61,14265622,573089
61,14637131,573098
61,14996032,573096
61,15387630,573087
61,15763020,573074
61,16179186,573056
61,16576870,573040
61,16993782,573022
61,17396411,573011
61,17782952,573000
61,18160993,572993
61,18533484,572987
61,18887325,572984
61,19285885,572983
61,19658318,572983
61,20015398,572983
61,20411828,572985
61,20809400,572989
61,21217281,572990
61,21604474,572993
61,22016489,572996
61,22409978,572996
61,22823703,572996
61,23249439,572996
61,23637772,572996
61,24018001,572995
61,24411602,572994
61,24804328,572994
61,25185481,572994
61,25577110,572994
61,25975717,572994
61,26368773,572994
61,26761731,572994
61,27120519,572994
62,721462,582987
62,1107450,582568
62,1520934,581951
62,1937030,581440
62,2353781,580583
62,2745726,579505
62,3140113,578528
62,3518207,577199
62,3934815,576244
62,4340080,576010
62,4730642,575215
62,5118220,574658
62,5496839,574521
62,5891879,574014
62,6286090,573968
62,6685578,573955
62,7059062,573356
62,7459385,573278
62,7833293,573169
62,8224240,572813
62,8587836,572829
62,8956492,572723
62,9352110,572581
62,9767532,572683
62,10185148,572564
62,10582716,572648
62,10953907,572700
62,11358886,572693
62,11724328,572822
62,12082218,572846
62,12477218,572926
62,12889717,572988
62,13244724,573006
62,13648078,573066
62,14016145,573076
62,14372527,573097
62,14766729,573100
62,15139195,573095
62,15497412,573084
62,15938642,573071
62,16319182,573053
62,16708366,573037
62,17076381,573020
62,17456724,573008
62,17852860,572995
62,18270064,572989
62,18667806,572983
62,19038722,572982
62,19436477,572981
62,19806510,572982
62,20164137,572982
62,20561008,572986
62,20932429,572988
62,21285801,572990
62,21687212,572994
62,22059044,572996
62,22456505,572996
62,22835673,572996
62,23228678,572995
62,23644583,572993
62,24037267,572994
62,24414210,572993
62,24808972,572991
62,25202365,572994
62,25581111,572994
62,25960668,572993
62,26357131,572993
62,26767369,572993
62,27161099,572994
62,27517082,572994
62,27912225,572994
62,28285932,572993
62,28686021,572993
62,29058251,572993
62,29436628,572993
62,29829170,572993
62,30182572,572993
62,30538809,572993
63,737473,582986
63,1123035,582648
63,1497857,582016
63,1912049,581586
63,2265898,580831
63,2683440,579780
63,3081568,578672
63,3500074,577380
63,3890767,576361
63,4245542,576133
63,4623349,575470
63,5015734,574748
63,5393215,574584
63,5803086,574197
63,6161716,573907
63,6519215,574026
63,6911058,573658
63,7264767,573252
63,7656213,573303
63,8037455,572996
63,8393184,572784
63,8766237,572835
63,9161367,572621
63,9541669,572630
63,9933304,572657
63,10298796,572553
63,10665974,572678
63,11057753,572679
63,11418332,572698
63,11791016,572831
63,12184524,572835
63,12564338,572933
63,12958335,572980
63,13373452,573026
63,13769185,573065
63,14140120,573075
63,14500157,573100
63,14892420,573097
63,15264909,573094
63,15662648,573082
63,16037366,573068
63,16434768,573051
63,16807490,573033
63,17206622,573015
63,17620207,573003
63,18015914,572993
63,18393439,572985
63,18786828,572982
63,19142069,572977
63,19517125,572976
63,19911490,572980
63,20300036,572980
63,20708366,572985
63,21099639,572986
63,21499771,572989
63,21893277,572992
63,22277433,572994
63,22645157,572993
63,23060000,572994
63,23440968,572992
63,23805892,572992
63,24161294,572992
63,24517224,572991
63,24890655,572990
63,25244944,572990
63,25647248,572990
63,26014797,572990
63,26392192,572990
63,26785908,572990
63,27138706,572991
63,27499924,572992
63,27892031,572992
63,28264558,572994
63,28667120,572991
63,29035911,572992
63,29393169,572992
63,29797903,572991
63,30185078,572992
63,30559294,572991
63,30935721,572991
63,31349246,572993
63,31749282,572992
63,32135333,572992
63,32520759,572992
64,717314,582994
64,1083922,582649
64,1480213,582016
64,1888840,581587
64,2243699,580834
64,2663282,579782
64,3057064,578819
64,3434947,577568
64,3826644,576456
64,4211214,576144
64,4602516,575475
64,5014045,574755
64,5369110,574588
64,5813227,574130
64,6210366,573926
64,6596218,574021
64,6956123,573489
64,7347341,573263
64,7763069,573257
64,8139980,572842
64,8534560,572815
64,8888195,572785
64,9257818,572577
64,9621361,572661
64,10017999,572616
64,10394242,572576
64,10786796,572696
64,11160629,572663
64,11558318,572756
64,11930555,572837
64,12286163,572860
64,12683561,572957
64,13055255,572984
64,13414648,573037
64,13807166,573070
64,14212679,573084
64,14601649,573101
64,14991297,573094
64,15372445,573090
64,15742454,573075
64,16117373,573061
64,16495109,573045
64,16887715,573027
64,17243415,573012
64,17637842,573003
64,18011607,572993
64,18370823,572985
64,18763178,572983
64,19136545,572981
64,19538021,572981
64,19908687,572983
64,20284191,572983
64,20661965,572986
64,21034539,572989
64,21432476,572990
64,21806170,572995
64,22158440,572995
64,22557862,572995
64,22929101,572996
64,23285843,572995
64,23704704,572994
64,24114003,572994
64,24518882,572993
64,24912647,572994
64,25309353,572993
64,25707291,572993
64,26099085,572993
64,26516683,572993
64,26912937,572994
65,736413,582986
65,1097280,582647
65,1473281,582015
65,1868208,581587
65,2222541,580948
65,2596082,579915
65,2991250,578956
65,3346687,577904
65,3719877,576555
65,4115680,576153
65,4518550,575723
65,4891382,574810
65,5287006,574602
65,5681712,574273
65,6036469,573917
65,6413008,574008
65,6781952,573827
65,7138186,573272
65,7537217,573307
65,7909762,573120
65,8266901,572782
65,8661087,572848
65,9036219,572691
65,9389172,572578
65,9740807,572681
65,10095982,572585
65,10471327,572618
65,10865310,572704
65,11222422,572668
65,11595558,572794
65,11989951,572838
65,12352756,572873
65,12724609,572973
65,13121272,572989
65,13489499,573042
65,13862987,573070
65,14238434,573087
65,14606424,573101
65,14961087,573097
65,15341292,573093
65,15746389,573080
65,16090981,573066
65,16454519,573050
65,16788078,573034
65,17140667,573019
65,17488528,573009
65,17841308,572997
65,18165760,572992
65,18488266,572985
65,18840958,572982
65,19164785,572978
65,19491016,572977
65,19875260,572982
65,20221180,572982
65,20586871,572985
65,20951915,572987
65,21294599,572989
65,21664244,572991
65,22014551,572995
65,22373006,572994
65,22725286,572993
65,23077435,572995
65,23438515,572995
65,23792556,572995
65,24168927,572994
65,24518114,572993
65,24870275,572993
65,25225457,572992
65,25602334,572991
65,25956919,572992
65,26322685,572991
65,26673437,572991
65,27024269,572992
65,27399266,572992
65,27777559,572993
65,28166325,572994
65,28521412,572994
65,28875334,572994
65,29232851,572993
65,29587158,572993
65,29966658,572993
65,30341518,572993
65,30743844,572993
65,31095496,572994
65,31474610,572994
65,31868563,572993
65,32227002,572993
65,32617624,572994
65,32989850,572995
66,701838,582986
66,1088116,582647
66,1461484,582014
66,1856096,581515
66,2254774,580830
66,2628412,579779
66,3050705,578672
66,3438893,577557
66,3812501,576351
66,4237936,576099
66,4650409,575331
66,5036494,574700
66,5395259,574581
66,5749110,574198
66,6105492,573910
66,6500242,574032
66,6874342,573659
66,7231527,573247
66,7646275,573314
66,8010786,572945
66,8420301,572809
66,8810961,572828
66,9188721,572587
66,9582699,572656
66,9936304,572654
66,10318633,572566
66,10708031,572694
66,11063921,572677
66,11449017,572729
66,11833922,572834
66,12232570,572839
66,12625324,572937
66,12977829,572976
66,13378053,573025
66,13769927,573065
66,14153061,573075
66,14543962,573098
66,14958438,573095
66,15356549,573091
66,15728134,573080
66,16085865,573068
66,16460642,573049
66,16852878,573034
66,17231239,573017
66,17625337,573004
66,18029555,572994
66,18400878,572988
66,18789902,572983
66,19171047,572979
66,19584247,572980
66,19977018,572981
66,20378106,572982
66,20748800,572987
66,21130766,572988
66,21524299,572989
66,21922337,572995
66,22335707,572993
66,22732115,572995
66,23128306,572995
66,23521241,572995
66,23874012,572995
66,24231315,572993
66,24645668,572993
66,25010572,572993
66,25417584,572992
66,25776016,572991
66,26173942,572992
66,26582838,572993
66,26936235,572992
66,27312771,572993
66,27707022,572993
66,28085035,572993
66,28506308,572992
66,28896161,572993
66,29252557,572993
66,29646626,572992
66,30029139,572994
66,30422620,572994
66,30831408,572993
66,31189431,572993
66,31560831,572993
66,31956755,572994
66,32335270,572993
66,32727655,572994
66,33084740,572994
66,33457078,572994
66,33810075,572993
66,34193114,572993
66,34585087,572994
66,34977722,572995
66,35356593,572994
67,718548,582994
67,1080595,582647
67,1482810,582082
67,1850549,581583
67,2247601,580827
67,2640561,579911
67,3015107,578948
67,3370906,577727
67,3764984,576547
67,4143363,576141
67,4540003,575710
67,4911697,574805
67,5311608,574614
67,5705365,574271
67,6082899,573920
67,6481768,574028
67,6869028,573658
67,7268925,573247
67,7661367,573309
67,8014085,572999
67,8393471,572793
67,8787050,572844
67,9160248,572606
67,9557593,572636
67,9909759,572671
67,10269438,572562
67,10639644,572667
67,10992536,572699
67,11371861,572701
67,11764663,572828
67,12117576,572840
67,12495692,572919
67,12889363,572981
67,13246751,573005
67,13642933,573062
67,14016281,573069
67,14414358,573093
67,14807316,573097
67,15191868,573093
67,15558682,573082
67,15970728,573069
67,16330240,573053
67,16729910,573035
67,17138783,573016
67,17536028,573006
67,17888876,572995
67,18265696,572986
67,18661697,572981
67,19034275,572980
67,19391977,572977
67,19786680,572979
67,20159154,572981
67,20577163,572983
67,20933343,572987
67,21333068,572988
67,21709294,572990
67,22122207,572993
67,22518618,572992
67,22934495,572994
67,23330621,572992
67,23721610,572993
67,24098196,572994
67,24460617,572991
67,24830942,572992
67,25246160,572992
67,25646585,572991
67,26039232,572991
67,26414195,572991
67,26827783,572991
67,27196071,572992
67,27579214,572991
67,27956108,572991
67,28354441,572992
67,28764681,572993
67,29118622,572991
67,29495700,572991
67,29889223,572992
67,30251287,572992
67,30640360,572992
67,31014085,572992
67,31372411,572992
67,31764595,572992
67,32138714,572992
67,32560707,572992
67,32951587,572992
67,33333071,572994
67,33730265,572994
67,34142013,572992
67,34540261,572994
67,34912777,572994
67,35330851,572992
67,35728523,572993
67,36138509,572995
67,36542350,572992
67,36910103,572993
67,37267567,572994
67,37661314,572994
67,38013555,572994
67,38394771,572994
67,38786575,572994
67,39160149,572994
67,39558261,572994
67,39911372,572994
67,40288108,572994
67,40694215,572994
67,41058022,572994
67,41453885,572994
67,41831870,572995
67,42228590,572995
68,724336,582987
68,1111949,582647
68,1486365,582012
68,1899724,581511
68,2301400,580699
68,2711636,579632
68,3129618,578520
68,3525455,577185
68,3917062,576273
68,4274592,576092
68,4647071,575463
68,5012106,574744
68,5382007,574584
68,5776170,574207
68,6155240,573923
68,6545938,574034
68,6961037,573499
68,7387261,573270
68,7775945,573232
68,8174896,572851
68,8564509,572838
68,8938300,572768
68,9315981,572576
68,9711859,572682
68,10087601,572592
68,10482347,572603
68,10857820,572715
68,11253530,572676
68,11647442,572803
68,12033966,572847
68,12423013,572891
68,12815262,572984
68,13194407,572998
68,13567068,573062
68,13981702,573074
68,14359606,573095
68,14730230,573104
68,15086738,573099
68,15458451,573093
68,15812721,573079
68,16191549,573064
68,16585204,573045
68,16937589,573029
68,17319333,573014
68,17711702,573000
68,18110251,572990
68,18483143,572983
68,18876502,572980
68,19257015,572977
68,19648454,572978
68,20036453,572980
68,20421747,572983
68,20836993,572986
68,21247795,572987
68,21607383,572990
68,22014796,572995
68,22378931,572993
68,22773149,572993
68,23128750,572995
68,23503833,572994
68,23896692,572992
68,24252030,572992
68,24609617,572992
68,24980010,572993
68,25379655,572991
68,25754011,572992
68,26149683,572993
68,26527911,572992
68,26917899,572993
68,27272998,572993
68,27652486,572992
68,28064775,572992
68,28464288,572992
68,28857979,572992
68,29255284,572992
68,29651353,572991
68,30050718,572993
68,30462273,572993
68,30857182,572993
68,31256210,572993
68,31650834,572993
68,32063016,572993
68,32463687,572993
68,32858864,572993
68,33253201,572994
68,33649060,572994
68,34056049,572994
68,34420822,572993
68,34815902,572993
68,35214071,572993
69,693285,582985
69,1079115,582567
69,1494453,581946
69,1920619,581431
69,2309376,580573
69,2722607,579493
69,3139022,578366
69,3533214,577002
69,3939245,576228
69,4303289,576048
69,4655819,575332
69,5034999,574675
69,5426303,574559
69,5785326,574140
69,6164095,573940
69,6536048,574037
69,6921248,573587
69,7283901,573261
69,7679416,573279
69,8098673,572859
69,8492391,572829
69,8864571,572779
69,9286966,572583
69,9684223,572694
69,10076048,572600
69,10449023,572601
69,10822591,572711
69,11222498,572674
69,11615539,572795
69,11974203,572842
69,12347242,572880
69,12741465,572970
69,13140785,572988
69,13534792,573054
69,13935310,573069
69,14325615,573091
69,14696982,573101
69,15073817,573097
69,15469408,573092
69,15824502,573078
69,16222347,573063
69,16595942,573045
69,16993426,573029
69,17367435,573013
69,17761365,573002
69,18118274,572993
69,18490385,572985
69,18843145,572982
69,19241495,572980
69,19636055,572980
69,20012390,572982
69,20385790,572981
69,20738701,572987
69,21095189,572988
69,21500866,572991
69,21866957,572994
69,22242886,572996
69,22636531,572995
69,22991734,572996
69,23385694,572996
69,23761165,572996
69,24115963,572996
69,24532111,572995
69,24912308,572994
69,25293574,572994
69,25673362,572993
69,26062799,572992
69,26428793,572992
69,26825193,572995
69,27201618,572994
69,27594371,572994
69,27951536,572994
69,28346756,572994
69,28742146,572993
69,29138795,572993
69,29552968,572993
69,29922756,572994
69,30305685,572994
69,30721470,572994
69,31138657,572994
69,31531193,572994
69,31896456,572994
69,32263764,572993
69,32657582,572994
69,33037614,572994
69,33443760,572994
69,33805046,572994
69,34202719,572994
69,34572640,572995
69,34972307,572995
69,35388967,572995
69,35783358,572995
69,36164969,572994
69,36558356,572994
69,36973015,572995
69,37368551,572995
69,37741971,572993
69,38139265,572994
69,38534397,572995
69,38922490,572995
69,39284351,572994
69,39676682,572994
69,40039738,572995
69,40412003,572995
69,40805868,572994
69,41220181,572995
69,41636905,572995
69,42033649,572995
69,42412243,572995
69,42806356,572995
69,43198574,572995
70,691239,582987
70,1075581,582648
70,1438940,582012
70,1851864,581510
70,2268673,580703
70,2682578,579640
70,3082921,578521
70,3476072,577374
70,3848571,576289
70,4256162,576098
70,4621529,575338
70,5012046,574708
70,5375024,574583
70,5747741,574136
70,6139279,573919
70,6499854,574034
70,6866290,573666
70,7234621,573255
70,7621034,573318
70,7989918,573011
70,8348095,572792
70,8699422,572858
70,9072625,572666
70,9432476,572618
70,9825306,572684
70,10178144,572567
70,10579620,572664
70,10974057,572688
70,11370790,572713
70,11767925,572835
70,12179961,572846
70,12577351,572943
70,12949285,572980
70,13317305,573021
70,13700771,573067
70,14074268,573074
70,14435298,573100
70,14829340,573099
70,15201961,573099
70,15600560,573086
70,15973339,573074
70,16329269,573058
70,16699638,573044
70,17073366,573022
70,17454970,573011
70,17865308,572996
70,18286880,572988
70,18683415,572983
70,19078405,572981
70,19483404,572977
70,19875198,572980
70,20275598,572980
70,20638542,572985
70,20998155,572986
70,21390482,572989
70,21803260,572993
70,22177999,572994
70,22580967,572994
70,22993536,572996
70,23352410,572996
70,23767501,572995
70,24162082,572994
70,24537070,572992
70,24931328,572992
70,25309342,572992
70,25705813,572990
70,26096911,572992
70,26472731,572992
70,26828261,572991
70,27248445,572991
70,27648951,572992
70,28014809,572993
70,28414076,572993
70,28785052,572993
70,29180994,572994
70,29576330,572994
70,29949504,572994
70,30309276,572994
70,30677700,572994
70,31032655,572994
70,31432342,572994
70,31824510,572993
70,32197932,572993
70,32576256,572994
70,32927642,572995
70,33284683,572994
70,33659187,572995
70,34032087,572995
70,34415611,572995
70,34804950,572995
70,35178742,572995
70,35580838,572995
70,35973184,572994
70,36350859,572994
70,36725387,572994
70,37128208,572994
70,37538032,572994
70,37931672,572994
71,728322,582987
71,1131564,582566
71,1551175,581946
71,1942687,581436
71,2365623,580576
71,2777139,579500
71,3182653,578374
71,3592161,577010
71,3988546,576236
71,4382193,575996
71,4756508,575085
71,5150194,574633
71,5548686,574468
71,5941604,573973
71,6344422,573992
71,6754626,573837
71,7148379,573279
71,7570206,573320
71,7963378,573078
71,8350070,572794
71,8759073,572856
71,9151524,572618
71,9551044,572640
71,9922821,572667
71,10320623,572568
71,10694714,572697
71,11088356,572684
71,11470663,572729
71,11884719,572837
71,12279284,572848
71,12671280,572946
71,13067551,572977
71,13446766,573024
71,13818698,573066
71,14245025,573081
71,14655324,573101
71,15026280,573097
71,15402729,573096
71,15795280,573083
71,16186972,573068
71,16589493,573049
71,16983154,573032
71,17402877,573016
71,17787717,573004
71,18141713,572996
71,18543768,572986
71,18913674,572983
71,19269855,572982
71,19645256,572981
71,20061935,572982
71,20466247,572984
71,20843278,572987
71,21260696,572990
71,21653456,572991
71,22045658,572996
71,22450126,572995
71,22855383,572996
71,23246030,572997
71,23655569,572996
71,24047631,572995
71,24423833,572994
71,24813158,572994
71,25196426,572994
71,25594345,572990
71,26005596,572993
71,26407030,572993
71,26768538,572993
71,27162605,572992
71,27552052,572994
71,27943640,572994
71,28319662,572994
71,28708172,572994
71,29100008,572994
71,29463384,572994
71,29835772,572994
71,30239401,572994
71,30600711,572994
71,30961083,572993
71,31358728,572993
71,31747341,572995
71,32143060,572993
71,32545872,572994
71,32935071,572995
71,33314578,572995
71,33709333,572995
71,34087523,572995
71,34479280,572994
71,34894836,572994
71,35271783,572994
71,35663096,572994
71,36038981,572994
71,36393722,572994
71,36787633,572995
71,37164884,572994
71,37563837,572994
72,738550,582986
72,1141350,582649
72,1518638,582013
72,1891820,581583
72,2264994,580942
72,2622107,579908
72,3035232,578948
72,3387817,577725
72,3794686,576542
72,4182847,576136
72,4562552,575706
72,4955939,574797
72,5329441,574607
72,5706962,574271
72,6104810,573910
72,6518421,574031
72,6913868,573664
72,7285993,573253
72,7642802,573319
72,8035012,573015
72,8403439,572798
72,8813657,572840
72,9203916,572618
72,9559856,572639
72,9934147,572684
72,10285311,572568
72,10642583,572666
72,11014669,572708
72,11367230,572682
72,11744925,572823
72,12140414,572839
72,12495752,572889
72,12867577,572977
72,13263420,572990
72,13619401,573050
72,13993023,573066
72,14388527,573092
72,14812537,573098
72,15206416,573095
72,15584739,573086
72,15980110,573073
72,16392167,573053
72,16789877,573039
72,17163716,573023
72,17514918,573011
72,17888750,572998
72,18243190,572991
72,18641833,572984
72,19014141,572982
72,19367428,572978
72,19764341,572980
72,20117882,572982
72,20495947,572983
72,20889886,572986
72,21242445,572987
72,21617849,572992
72,22014285,572994
72,22368527,572993
72,22747127,572995
72,23138486,572996
72,23495546,572996
72,23867860,572995
72,24242437,572995
72,24641352,572994
72,24992502,572993
72,25370394,572993
72,25756878,572992
72,26119718,572993
72,26495856,572991
72,26888714,572991
72,27241844,572994
72,27625431,572992
72,28038259,572993
72,28444579,572993
72,28831617,572994
72,29246463,572994
72,29622238,572991
72,30014839,572993
72,30368255,572993
72,30748124,572992
72,31117269,572992
72,31511587,572993
72,31892523,572994
72,32275325,572994
72,32665410,572994
72,33038459,572994
72,33389540,572993
72,33806583,572993
72,34160739,572993
72,34516446,572993
72,34889362,572993
72,35241805,572994
72,35640853,572994
72,35995116,572994
72,36369310,572993
72,36770103,572994
73,736494,582986
73,1120422,582647
73,1517570,582013
73,1916054,581510
73,2309723,580698
73,2703972,579767
73,3077636,578659
73,3496616,577365
73,3890936,576338
73,4278496,576087
73,4663526,575328
73,5075256,574698
73,5434272,574554
73,5827677,574143
73,6202458,573939
73,6600202,574037
73,6971981,573590
73,7329797,573260
73,7743815,573288
73,8137436,572916
73,8518576,572833
73,8914058,572791
73,9326939,572591
73,9722173,572689
73,10117672,572611
73,10494823,572603
73,10867012,572713
73,11220517,572674
73,11621296,572769
73,12012552,572838
73,12394507,572861
73,12771114,572965
73,13182645,572983
73,13582380,573047
73,13975643,573063
73,14350353,573083
73,14745727,573096
73,15118477,573092
73,15516900,573086
73,15916004,573073
73,16308350,573059
73,16700764,573040
73,17096410,573026
73,17453249,573013
73,17846103,572999
73,18241458,572991
73,18641163,572983
73,19033816,572983
73,19409105,572981
73,19823524,572980
73,20180960,572982
73,20576134,572986
73,20949604,572986
73,21321263,572987
73,21700474,572992
73,22074410,572994
73,22431735,572992
73,22846144,572994
73,23200471,572995
73,23622559,572995
73,24016503,572993
73,24417787,572993
73,24784138,572992
73,25199608,572992
73,25599188,572993
73,25973031,572992
73,26370900,572993
73,26765124,572993
73,27140826,572992
73,27521451,572993
73,27909978,572994
73,28308472,572994
73,28702711,572993
73,29073911,572993
73,29431426,572993
73,29824769,572993
73,30200170,572993
73,30601377,572993
73,30972103,572993
73,31353736,572993
73,31745272,572994
73,32119713,572993
73,32535967,572993
73,32934905,572993
73,33330052,572994
73,33723945,572994
73,34118282,572993
73,34515755,572993
73,34914459,572994
73,35329267,572995
73,35721920,572995
73,36118709,572994
73,36514679,572994
73,36912320,572994
73,37329067,572994
73,37722186,572994
73,38131609,572995
73,38518509,572995
73,38913389,572995
73,39329009,572996
73,39723786,572996
73,40117913,572995
74,700143,582986
74,1086674,582565
74,1517272,581946
74,1917942,581430
74,2334247,580571
74,2725035,579631
74,3099997,578514
74,3496007,577363
74,3851200,576332
74,4229741,576078
74,4621500,575449
74,4975664,574732
74,5353942,574570
74,5746168,574204
74,6100055,573920
74,6476539,574041
74,6872031,573674
74,7249113,573257
74,7641063,573330
74,8015000,572969
74,8419457,572820
74,8811533,572849
74,9199941,572606
74,9587753,572680
74,10009741,572634
74,10397006,572586
74,10769896,572716
74,11176145,572677
74,11538707,572768
74,11936004,572839
74,12318980,572857
74,12706664,572962
74,13122402,572980
74,13522782,573037
74,13894521,573063
74,14294033,573078
74,14666293,573095
74,15059571,573093
74,15438964,573087
74,15837033,573075
74,16228881,573062
74,16603350,573042
74,16995591,573028
74,17373999,573012
74,17768350,573001
74,18141065,572991
74,18540943,572984
74,18932713,572982
74,19309266,572978
74,19663607,572980
74,20036713,572982
74,20395119,572983
74,20787523,572987
74,21141585,572988
74,21543571,572991
74,21937315,572994
74,22337189,572994
74,22766185,572995
74,23145630,572995
74,23518200,572995
74,23916788,572994
74,24289753,572992
74,24686120,572992
74,25064491,572993
74,25462246,572991
74,25890247,572992
74,26272687,572993
74,26649564,572993
74,27041587,572993
74,27459164,572993
74,27853008,572993
74,28254502,572993
74,28645365,572993
74,29037798,572992
74,29393565,572993
74,29767122,572993
74,30141394,572992
74,30542758,572993
74,30933211,572994
74,31290296,572994
74,31661778,572994
74,32015865,572993
74,32377534,572994
74,32769553,572995
74,33141462,572994
74,33543441,572993
74,33936852,572993
74,34317095,572994
74,34685170,572994
74,35085008,572992
74,35498213,572993
74,35891186,572994
74,36250378,572995
74,36645003,572994
74,37039960,572994
74,37439694,572994
74,37835844,572994
74,38247886,572994
74,38642853,572994
74,39016116,572994
74,39374118,572993
74,39768443,572994
74,40141268,572994
74,40542444,572994
75,603770,582996
75,899861,582852
75,1210109,582395
75,1502183,581948
75,1823451,581583
75,2108224,581050
75,2423878,580306
75,2742098,579493
75,3047634,578657
75,3378493,577538
75,3713422,576530
75,4047751,576142
75,4408837,575805
75,4754618,574965
75,5108985,574623
75,5460252,574509
75,5779228,574078
75,6125506,573927
75,6439359,574041
75,6746141,573766
75,7081372,573323
75,7377097,573296
75,7696704,573299
75,8005086,572980
75,8294375,572808
75,8605674,572880
75,8918455,572771
75,9231798,572602
75,9547852,572670
75,9875244,572685
75,10215137,572581
75,10543863,572668
75,10877782,572720
75,11196903,572675
75,11545971,572785
75,11901965,572837
75,12236920,572842
75,12595776,572938
75,12948984,572971
75,13303473,573004
75,13660249,573055
75,14036832,573063
75,14388221,573087
75,14742723,573092
75,15100580,573092
75,15454498,573086
75,15805211,573075
75,16178888,573064
75,16533160,573048
75,16887824,573034
75,17245406,573020
75,17603864,573010
75,17960908,572998
75,18332106,572994
75,18685789,572986
75,19041005,572984
75,19419283,572982
75,19794391,572982
75,20190117,572983
75,20543005,572985
75,20899121,572987
75,21272387,572989
75,21646362,572990
75,22027448,572994
75,22407890,572993
75,22805735,572995
75,23195720,572995
75,23544805,572995
75,23922416,572994
75,24278762,572994
75,24632581,572993
75,25012511,572993
75,25396436,572992
75,25749804,572993
75,26134737,572993
75,26529156,572993
75,26907015,572993
75,27301582,572993
75,27694946,572993
75,28088706,572993
75,28490278,572994
75,28885481,572994
75,29259847,572993
75,29663117,572993
75,30052676,572993
75,30425904,572994
75,30778563,572994
75,31200010,572994
75,31593932,572994
75,31974204,572994
75,32372797,572994
75,32740497,572994
75,33137315,572994
75,33512913,572993
75,33907821,572993
75,34320258,572993
75,34675225,572994
75,35033457,572994
75,35428339,572994
75,35803078,572994
75,36200421,572995
75,36595245,572994
75,36995221,572994
75,37383814,572994
75,37759723,572993
75,38155197,572993
75,38507716,572993
75,38904278,572994
75,39281507,572994
75,39678532,572994
75,40054006,572994
75,40468424,572994
75,40866907,572994
75,41279842,572994
75,41632557,572994
75,42013851,572994
75,42407321,572994
75,42834879,572995
75,43222037,572995
75,43614288,572995
75,44013074,572995
76,733848,582987
76,1120111,582647
76,1489673,582081
76,1847011,581580
76,2264890,580818
76,2658390,579763
76,3076519,578654
76,3471125,577353
76,3868182,576319
76,4265160,576067
76,4657579,575440
76,5013523,574677
76,5409806,574567
76,5789043,574139
76,6200128,573927
76,6554757,574044
76,6948738,573595
76,7307350,573260
76,7680235,573325
76,8073653,572982
76,8446453,572812
76,8838692,572864
76,9197016,572637
76,9555286,572649
76,9939015,572705
76,10304525,572580
76,10696006,572690
76,11055849,572700
76,11469260,572708
76,11845910,572839
76,12240055,572834
76,12594969,572906
76,12971252,572971
76,13366418,572997
76,13758302,573053
76,14137612,573056
76,14486682,573081
76,14847087,573088
76,15260732,573085
76,15610520,573081
76,15972077,573068
76,16386876,573053
76,16736584,573037
76,17158325,573022
76,17550069,573010
76,17909113,572997
76,18280648,572990
76,18631906,572983
76,18991198,572981
76,19383030,572976
76,19757071,572979
76,20155526,572979
76,20507237,572982
76,20887421,572984
76,21238107,572987
76,21590339,572989
76,21968122,572991
76,22363697,572992
76,22715615,572994
76,23092060,572995
76,23487232,572995
76,23844076,572994
76,24222126,572994
76,24615143,572993
76,24971216,572992
76,25368965,572992
76,25761816,572992
76,26156839,572991
76,26507890,572992
76,26867179,572993
76,27261225,572993
76,27633984,572993
76,27992116,572992
76,28385441,572993
76,28756350,572993
76,29134875,572992
76,29486794,572992
76,29843010,572992
76,30214792,572993
76,30611581,572993
76,30966877,572993
76,31340043,572993
76,31737348,572993
76,32138548,572993
76,32521078,572993
76,32939634,572994
76,33324417,572992
76,33740518,572993
76,34133346,572993
76,34489377,572993
76,34863094,572992
76,35218690,572992
76,35592884,572992
76,35991825,572994
76,36385297,572994
76,36758950,572992
76,37156392,572994
76,37507866,572994
76,37888758,572994
76,38280026,572994
76,38652169,572994
76,39014556,572994
76,39405176,572993
76,39787490,572993
76,40196184,572994
76,40547752,572994
76,40905167,572994
76,41258615,572995
76,41611023,572995
76,41967986,572995
76,42341199,572995
77,716952,582995
77,1079716,582646
77,1475875,582008
77,1874018,581576
77,2246020,580810
77,2676990,579754
77,3065463,578789
77,3430549,577701
77,3794261,576401
77,4181277,576087
77,4597331,575430
77,5015803,574675
77,5408730,574565
77,5784456,574207
77,6137755,573931
77,6490052,574053
77,6847852,573692
77,7243022,573284
77,7615112,573356
77,8040658,573000
77,8431905,572848
77,8849414,572857
77,9245461,572630
77,9654564,572703
77,10036921,572660
77,10438424,572613
77,10848508,572732
77,11243791,572679
77,11651597,572783
77,12017341,572839
77,12391559,572853
77,12788098,572958
77,13207370,572970
77,13622263,573038
77,14015007,573054
77,14410136,573075
77,14787154,573089
77,15195008,573087
77,15558317,573084
77,15953134,573074
77,16326139,573059
77,16724701,573044
77,17096776,573030
77,17451092,573018
77,17825644,573004
77,18219966,572996
77,18575500,572990
77,18956254,572984
77,19349376,572983
77,19746724,572983
77,20139870,572983
77,20535954,572984
77,20933740,572989
77,21326989,572990
77,21725871,572993
77,22118905,572995
77,22515829,572995
77,22915372,572997
77,23284678,572997
77,23689762,572996
77,24077766,572994
77,24449453,572994
77,24829741,572994
77,25242733,572994
77,25597711,572992
77,25999335,572993
77,26368273,572993
77,26768202,572992
77,27160956,572992
77,27537701,572994
77,27937522,572993
77,28325569,572994
77,28704922,572994
77,29076648,572994
77,29491824,572994
77,29853317,572993
77,30246550,572994
77,30652562,572993
77,31017316,572992
77,31412579,572994
77,31788151,572994
77,32182776,572992
77,32598225,572994
77,32972767,572995
77,33367914,572995
77,33726223,572993
77,34096421,572993
77,34450693,572995
77,34830383,572995
77,35224755,572994
77,35617702,572994
77,36017102,572994
77,36389425,572993
77,36788892,572993
77,37164751,572994
77,37569033,572994
77,37931701,572994
77,38325049,572994
77,38703210,572994
77,39096310,572994
77,39460708,572994
77,39829349,572993
77,40241936,572994
77,40596498,572994
77,40997875,572994
77,41368262,572994
77,41768960,572995
77,42141365,572995
77,42536091,572995
77,42956341,572995
77,43348569,572995
77,43746691,572995
77,44140031,572995
77,44533600,572995
77,44891227,572995
77,45285104,572994
78,730889,582986
78,1112615,582565
78,1506088,582013
78,1901603,581505
78,2277530,580809
78,2642021,579889
78,3027250,578930
78,3367983,577868
78,3719947,576643
78,4077136,576132
78,4423987,575870
78,4782137,575044
78,5136398,574612
78,5479935,574494
78,5828658,574133
78,6140914,573931
78,6453494,574037
78,6764819,573929
78,7057886,573452
78,7358558,573287
78,7662784,573363
78,7975861,573125
78,8309679,572851
78,8625867,572900
78,8972985,572793
78,9331033,572617
78,9683863,572706
78,10004048,572682
78,10356951,572587
78,10708705,572707
78,11062863,572693
78,11419439,572696
78,11779531,572808
78,12108659,572818
78,12439681,572856
78,12814866,572949
78,13170970,572955
78,13527930,573002
78,13868330,573047
78,14192632,573051
78,14547694,573080
78,14886034,573085
78,15238841,573085
78,15590109,573085
78,15944559,573075
78,16301010,573062
78,16658713,573049
78,17028859,573034
78,17392223,573021
78,17745643,573008
78,18096166,572997
78,18449898,572990
78,18805179,572985
78,19186376,572982
78,19554094,572980
78,19929228,572981
78,20309947,572980
78,20703876,572983
78,21061490,572984
78,21434856,572986
78,21806491,572989
78,22207444,572990
78,22557888,572991
78,22933101,572993
78,23336848,572993
78,23693194,572992
78,24109258,572992
78,24504028,572992
78,24856569,572992
78,25236792,572992
78,25627443,572991
78,26017849,572991
78,26406002,572991
78,26779121,572991
78,27178836,572991
78,27546064,572991
78,27939822,572992
78,28320339,572993
78,28713688,572993
78,29110143,572993
78,29506754,572993
78,29902371,572991
78,30297844,572994
78,30716949,572993
78,31112433,572991
78,31507644,572992
78,31901833,572993
78,32303762,572992
78,32692071,572992
78,33069575,572994
78,33462721,572994
78,33817246,572993
78,34215094,572993
78,34609355,572993
78,35013999,572994
78,35424218,572993
78,35818663,572993
78,36214576,572992
78,36608664,572994
78,37017077,572994
78,37401443,572994
78,37794605,572993
78,38195890,572994
78,38607991,572994
78,38964917,572994
78,39362083,572994
78,39776968,572994
78,40175136,572994
78,40590109,572994
78,41017518,572994
78,41401228,572994
78,41767079,572994
79,743692,582986
79,1145135,582565
79,1543806,581945
79,1952612,581423
79,2385020,580552
79,2773918,579477
79,3183993,578338
79,3582823,577141
79,3975192,576174
79,4362551,575930
79,4769816,575033
79,5164106,574604
79,5540639,574439
79,5956192,573984
79,6364018,574026
79,6771867,573867
79,7162334,573319
79,7580792,573378
79,7976779,573145
79,8363442,572858
79,8748117,572925
79,9118180,572707
79,9518919,572666
79,9891708,572736
79,10290858,572612
79,10663542,572706
79,11058087,572717
79,11434483,572705
79,11827705,572825
79,12225365,572815
79,12605516,572898
79,13001231,572946
79,13383997,572976
79,13775287,573035
79,14185935,573043
79,14581575,573075
79,14975551,573078
79,15360935,573079
79,15766341,573076
79,16168866,573063
79,16580629,573051
79,16970354,573034
79,17378825,573022
79,17767152,573008
79,18160262,572998
79,18561196,572989
79,18953203,572985
79,19362650,572982
79,19787137,572982
79,20182498,572981
79,20584429,572983
79,20989225,572986
79,21394139,572987
79,21770765,572990
79,22160620,572992
79,22580376,572992
79,22965662,572995
79,23340237,572995
79,23749593,572994
79,24119423,572994
79,24520571,572994
79,24881552,572993
79,25247968,572993
79,25644274,572992
79,26019579,572992
79,26427086,572992
79,26821491,572993
79,27216561,572993
79,27598542,572992
79,27990307,572994
79,28376525,572994
79,28763549,572994
79,29134876,572993
79,29537239,572993
79,29946312,572992
79,30374119,572993
79,30759438,572993
79,31113801,572992
79,31489790,572993
79,31884725,572994
79,32262430,572994
79,32659572,572992
79,33070525,572993
79,33426316,572994
79,33820252,572991
79,34195562,572992
79,34555296,572993
79,34966905,572993
79,35319660,572993
79,35699346,572993
79,36094496,572993
79,36491266,572993
79,36863742,572993
79,37261745,572993
79,37634019,572992
79,38029889,572993
79,38449967,572994
79,38864211,572992
79,39259918,572994
79,39640990,572994
79,40034974,572994
79,40449762,572994
79,40844069,572993
79,41216466,572994
79,41573539,572994
79,41966794,572994
79,42320275,572994
79,42720625,572994
79,43112474,572994
79,43469677,572994
79,43861381,572994
79,44225790,572994
79,44615735,572994
80,893165,582987
80,1373555,582391
80,1799390,581819
80,2288590,581029
80,2736725,580012
80,3210857,578634
80,3724252,576954
80,4229215,576099
80,4674253,575655
80,5077117,574759
80,5465066,574582
80,5881121,574206
80,6396577,573981
80,6894163,573873
80,7394378,573296
80,7914648,573307
80,8438491,572862
80,8863485,572926
80,9271927,572706
80,9674400,572683
80,10072811,572733
80,10441655,572609
80,10793961,572682
80,11150404,572722
80,11522079,572686
80,11919013,572811
80,12320281,572805
80,12689705,572856
80,13046191,572933
80,13396644,572942
80,13771044,573013
80,14176945,573027
80,14565548,573055
80,14939261,573071
80,15338200,573071
80,15689333,573075
80,16065332,573067
80,16418337,573057
80,16771777,573046
80,17156201,573028
80,17567072,573019
80,17918652,573004
80,18320224,572995
80,18713838,572987
80,19091113,572984
80,19485797,572980
80,19876055,572979
80,20255512,572981
80,20610402,572981
80,21001126,572984
80,21377001,572985
80,21755260,572988
80,22152731,572991
80,22527676,572991
80,22917706,572993
80,23297021,572993
80,23705695,572994
80,24068686,572992
80,24461927,572993
80,24813354,572991
80,25169973,572990
80,25544371,572991
80,25897105,572990
80,26272322,572990
80,26667662,572990
80,27027480,572990
80,27417938,572990
80,27793083,572991
80,28154695,572991
80,28563873,572991
80,28917000,572992
80,29323361,572993
80,29692283,572992
80,30049555,572992
80,30463607,572993
80,30829234,572992
80,31219660,572991
80,31589647,572992
80,31991073,572992
80,32361533,572992
80,32754215,572992
80,33173321,572991
80,33566239,572992
80,33939208,572992
80,34337178,572992
80,34688029,572993
80,35068180,572992
80,35418930,572992
80,35770887,572993
80,36151133,572993
80,36571646,572993
80,36969682,572994
80,37356090,572995
80,37710039,572994
80,38065966,572992
80,38439275,572992
80,38792254,572992
81,720396,582995
81,1081478,582644
81,1479301,582003
81,1889893,581567
81,2242039,580914
81,2621767,579876
81,3012623,578918
81,3372516,577680
81,3785436,576490
81,4137566,576101
81,4518008,575656
81,4910403,574837
81,5261085,574583
81,5660485,574337
81,6032551,573960
81,6388339,574030
81,6742635,573946
81,7116337,573354
81,7518503,573372
81,7952330,573152
81,8340539,572863
81,8706356,572933
81,9104800,572710
81,9517875,572687
81,9912854,572744
81,10287535,572608
81,10683649,572707
81,11055404,572723
81,11411112,572686
81,11766329,572815
81,12161740,572807
81,12539240,572868
81,12935093,572936
81,13339101,572952
81,13722936,573017
81,14074758,573029
81,14432996,573061
81,14927022,573073
81,15351875,573078
81,15768401,573075
81,16161539,573065
81,16536681,573052
81,16933505,573037
81,17337146,573024
81,17724742,573011
81,18116910,573000
81,18506370,572994
81,18896577,572987
81,19285937,572984
81,19686920,572983
81,20055936,572983
81,20415817,572983
81,20789168,572986
81,21181481,572988
81,21541167,572989
81,21935490,572993
81,22335591,572993
81,22728548,572994
81,23140195,572994
81,23495343,572995
81,23889798,572994
81,24244233,572994
81,24620561,572994
81,25015641,572992
81,25394350,572992
81,25787548,572991
81,26161451,572992
81,26515916,572992
81,26930236,572993
81,27285204,572992
81,27683323,572992
81,28056903,572995
81,28413666,572992
81,28805501,572993
81,29183430,572994
81,29589038,572992
81,30026515,572993
81,30421144,572993
81,30813351,572992
81,31209378,572992
81,31587915,572993
81,31954259,572993
81,32370768,572992
81,32753057,572994
81,33124273,572994
81,33525235,572993
81,33917755,572992
81,34287254,572994
81,34666288,572994
81,35056222,572994
81,35438768,572994
81,35830499,572994
81,36242345,572994
81,36629998,572994
81,37015848,572994
81,37383504,572994
81,37765707,572995
81,38118727,572994
81,38494862,572994
81,38868979,572994
81,39263751,572994
81,39661920,572994
82,737702,582986
82,1119717,582565
82,1538138,581941
82,1934382,581496
82,2308772,580671
82,2731954,579605
82,3123816,578489
82,3540113,577137
82,3935465,576178
82,4334435,576003
82,4703344,575157
82,5100224,574629
82,5485327,574535
82,5872173,574082
82,6267118,573980
82,6643450,574045
82,7038887,573465
82,7444883,573331
82,7828692,573267
82,8243104,572876
82,8641515,572919
82,9035232,572785
82,9443098,572648
82,9833087,572754
82,10200762,572626
82,10601855,572682
82,11013114,572722
82,11420580,572683
82,11784694,572813
82,12180430,572806
82,12578161,572882
82,12990989,572940
82,13366005,572960
82,13771471,573023
82,14138278,573032
82,14540785,573067
82,14933459,573073
82,15328088,573078
82,15740598,573075
82,16143344,573065
82,16549826,573051
82,16935987,573038
82,17302518,573024
82,17707631,573012
82,18074537,573000
82,18497206,572991
82,18888096,572986
82,19282986,572984
82,19659607,572982
82,20053924,572982
82,20444343,572983
82,20836615,572986
82,21220503,572987
82,21600229,572988
82,21993950,572993
82,22366660,572993
82,22743188,572994
82,23137213,572995
82,23633030,572995
82,24198860,572995
82,24757349,572993
82,25274853,572994
82,25738946,572994
82,26186163,572993
82,26687673,572993
82,27169767,572993
82,27579887,572993
82,27942486,572993
82,28379058,572994
82,28802995,572994
82,29242330,572995
82,29701498,572994
82,30168495,572993
82,30626323,572995
82,31114088,572993
82,31614748,572994
82,32112791,572995
82,32611692,572994
82,33023949,572994
82,33385355,572994
82,33778536,572994
82,34127246,572994
82,34488756,572993
82,34864920,572995
82,35215698,572995
82,35594804,572994
82,35995964,572994
82,36388660,572994
82,36763768,572994
82,37158374,572995
82,37531378,572994
82,37883084,572995
82,38242518,572995
82,38659496,572995
82,39054043,572995
82,39442360,572995
82,39824114,572995
82,40237010,572995
83,687470,582986
83,1072086,582644
83,1447919,582006
83,1840822,581573
83,2193995,580920
83,2575407,579880
83,2964760,578922
83,3346147,577686
83,3739936,576494
83,4093240,576099
83,4471573,575652
83,4863619,574831
83,5252673,574573
83,5620305,574332
83,5990317,573958
83,6369144,574043
83,6761371,573788
83,7156112,573310
83,7532518,573371
83,7945710,573145
83,8303686,572850
83,8697802,572921
83,9068843,572733
83,9450947,572655
83,9842952,572742
83,10195440,572601
83,10593796,572677
83,10944593,572724
83,11320451,572673
83,11673614,572789
83,12049387,572820
83,12406302,572845
83,12799029,572935
83,13151717,572945
83,13531390,573010
83,13925134,573036
83,14301022,573048
83,14651365,573077
83,15048630,573078
83,15405072,573079
83,15777641,573074
83,16172154,573063
83,16549261,573050
83,16902257,573038
83,17333793,573020
83,17718159,573007
83,18132852,572997
83,18491694,572989
83,18881102,572983
83,19249427,572983
83,19609791,572981
83,19965796,572982
83,20341546,572980
83,20696646,572984
83,21048567,572986
83,21405496,572988
83,21799931,572992
83,22173743,572992
83,22570383,572992
83,22942913,572995
83,23300805,572994
83,23652005,572994
83,24070378,572994
83,24434137,572992
83,24844486,572991
83,25252315,572991
83,25614476,572991
83,26009645,572992
83,26371235,572992
83,26758458,572993
83,27130571,572993
83,27487382,572993
83,27843423,572992
83,28227368,572993
83,28615987,572993
83,28992947,572994
83,29385231,572994
83,29802728,572994
83,30197564,572994
83,30572038,572993
83,30943652,572992
83,31301738,572992
83,31697278,572993
83,32047864,572994
83,32405210,572993
83,32779939,572993
83,33172542,572994
83,33547736,572994
83,33902293,572994
83,34298649,572994
83,34673240,572993
83,35046720,572994
83,35430663,572994
83,35804432,572994
83,36233020,572994
83,36617276,572994
83,37010879,572994
84,712264,582987
84,1082719,582565
84,1472880,582007
84,1846450,581498
84,2249248,580675
84,2662924,579607
84,3064916,578634
84,3434007,577324
84,3824647,576290
84,4226323,576038
84,4617580,575279
84,5020178,574624
84,5435334,574494
84,5824708,574033
84,6248095,574003
84,6637413,574000
84,7016657,573401
84,7411097,573333
84,7787219,573269
84,8186879,572903
84,8556654,572919
84,8964310,572822
84,9326916,572634
84,9720871,572749
84,10142982,572623
84,10538656,572677
84,10939606,572729
84,11325717,572676
84,11721045,572808
84,12121007,572805
84,12513877,572859
84,12901495,572935
84,13269039,572946
84,13665116,573021
84,14064311,573029
84,14433897,573063
84,14829138,573073
84,15227085,573078
84,15617639,573078
84,16020055,573071
84,16433662,573057
84,16825530,573045
84,17223436,573029
84,17616366,573016
84,18015688,573001
84,18408685,572996
84,18781855,572987
84,19187529,572984
84,19555646,572980
84,19963853,572980
84,20327243,572980
84,20720755,572984
84,21118612,572984
84,21513377,572987
84,21919233,572990
84,22325849,572991
84,22719547,572994
84,23121686,572995
84,23513181,572993
84,23905209,572993
84,24324820,572992
84,24722924,572991
84,25121017,572991
84,25513287,572991
84,25921638,572991
84,26314121,572990
84,26724199,572992
84,27122105,572992
84,27515393,572991
84,27899155,572991
84,28264579,572993
84,28657955,572993
84,29036054,572994
84,29436408,572993
84,29804053,572993
84,30202073,572993
84,30618442,572993
84,31016616,572993
84,31389008,572992
84,31783034,572992
84,32184390,572994
84,32575165,572991
84,32976454,572993
84,33367684,572992
84,33741916,572992
84,34143291,572993
84,34534953,572992
84,34933773,572993
84,35331748,572993
84,35746092,572992
84,36143816,572993
84,36536772,572993
84,36940189,572993
84,37329587,572993
84,37724974,572994
84,38122494,572994
84,38515450,572994
84,38919779,572994
84,39311419,572993
84,39678099,572994
84,40078645,572995
84,40450040,572993
84,40846547,572993
84,41222706,572995
85,713214,582970
85,1119431,582480
85,1534202,581881
85,1931534,581421
85,2307778,580553
85,2720313,579477
85,3117292,578342
85,3532367,576968
85,3931213,576154
85,4329605,575944
85,4719433,575042
85,5122158,574600
85,5533343,574402
85,5934566,573960
85,6347527,574043
85,6740315,573791
85,7139470,573310
85,7533089,573375
85,7953201,573095
85,8368625,572859
85,8741384,572925
85,9116782,572680
85,9513026,572697
85,9913364,572729
85,10285567,572600
85,10680560,572710
85,11057230,572695
85,11472729,572715
85,11868819,572816
85,12262936,572795
85,12638525,572897
85,13036213,572929
85,13430465,572971
85,13849256,573024
85,14222400,573035
85,14596677,573071
85,14994430,573075
85,15386342,573082
85,15762635,573078
85,16182603,573069
85,16558206,573056
85,16943967,573044
85,17313057,573028
85,17700441,573015
85,18116572,573002
85,18532076,572994
85,18930676,572988
85,19323817,572983
85,19720480,572982
85,20117847,572982
85,20511776,572983
85,20888712,572984
85,21282488,572987
85,21656797,572989
85,22062486,572993
85,22433738,572993
85,22844407,572995
85,23247612,572995
85,23637218,572995
85,24038394,572995
85,24430370,572995
85,24842846,572993
85,25222156,572993
85,25615051,572993
85,26013795,572993
85,26409976,572992
85,26822507,572992
85,27247725,572994
85,27641078,572993
85,28040388,572993
85,28433299,572993
85,28834461,572993
85,29225873,572993
85,29619476,572992
85,29997111,572993
85,30413736,572994
85,30816039,572993
85,31182278,572992
85,31579014,572994
85,31998570,572993
85,32389633,572993
85,32762482,572994
85,33172486,572994
85,33536134,572994
85,33932039,572992
85,34324182,572993
85,34719952,572993
85,35116256,572994
85,35534189,572993
85,35929863,572994
85,36324157,572995
85,36720766,572995
85,37117773,572995
85,37513317,572995
85,37897054,572995
85,38285375,572995
85,38658317,572995
85,39059730,572995
85,39457535,572995
85,39845292,572995
85,40247102,572995
85,40641192,572995
85,41040775,572995
86,713374,582984
86,1104392,582646
86,1476574,582075
86,1842315,581638
86,2198989,580919
86,2595134,579884
86,3008865,578926
86,3370235,577692
86,3758197,576506
86,4141915,576098
86,4530569,575669
86,4904300,574763
86,5306351,574582
86,5700277,574276
86,6073952,573940
86,6471711,574059
86,6845476,573703
86,7243084,573287
86,7633685,573374
86,8007825,573093
86,8371448,572851
86,8743449,572920
86,9155164,572677
86,9553930,572677
86,9950197,572724
86,10346284,572603
86,10741141,572725
86,11149622,572695
86,11511289,572721
86,11904910,572815
86,12284438,572801
86,12676770,572900
86,13072926,572931
86,13471482,572976
86,13842362,573023
86,14219237,573038
86,14634714,573069
86,14993542,573074
86,15384435,573081
86,15799404,573080
86,16175838,573068
86,16572597,573057
86,16988886,573043
86,17393805,573028
86,17759733,573015
86,18158446,573005
86,18550614,572997
86,18926676,572991
86,19284181,572987
86,19677551,572985
86,20049286,572985
86,20453783,572985
86,20844587,572987
86,21245089,572990
86,21633492,572990
86,21986984,572995
86,22368536,572995
86,22759418,572996
86,23179766,572996
86,23572651,572996
86,23957693,572996
86,24347849,572996
86,24739223,572995
86,25128650,572995
86,25489158,572994
86,25853964,572994
86,26242062,572994
86,26633851,572993
86,27006340,572994
86,27368089,572994
86,27746966,572994
86,28143025,572995
86,28552957,572995
86,28949430,572995
86,29345887,572995
86,29739681,572995
86,30105681,572995
86,30491015,572995
86,30870666,572995
86,31268270,572995
86,31636342,572995
86,32031902,572994
87,741142,582987
87,1140538,582564
87,1546224,581942
87,1954734,581420
87,2369478,580550
87,2771738,579478
87,3161557,578490
87,3549741,577144
87,3932746,576232
87,4305808,576039
87,4662899,575277
87,5054192,574649
87,5408954,574550
87,5787582,574206
87,6181516,573940
87,6566476,574064
87,6958520,573619
87,7348306,573288
87,7725735,573368
87,8096736,573036
87,8470670,572869
87,8848699,572909
87,9223524,572655
87,9646409,572715
87,10039545,572687
87,10432591,572606
87,10813026,572733
87,11204682,572686
87,11598541,572739
87,11992485,572820
87,12346842,572804
87,12724924,572903
87,13095678,572934
87,13472553,572966
87,13847568,573026
87,14220267,573034
87,14607757,573069
87,15014491,573073
87,15386941,573080
87,15763486,573077
87,16117236,573071
87,16491802,573057
87,16887925,573046
87,17240583,573030
87,17617184,573023
87,17970415,573008
87,18343758,573001
87,18746994,572991
87,19140676,572989
87,19514107,572984
87,19912539,572984
87,20283781,572984
87,20642238,572984
87,21036011,572986
87,21409601,572989
87,21765651,572990
87,22179765,572994
87,22545290,572993
87,22932953,572996
87,23307976,572996
87,23705061,572996
87,24115361,572995
87,24470680,572995
87,24845133,572994
87,25241491,572994
87,25605224,572992
87,25991758,572992
87,26365828,572992
87,26720819,572993
87,27093597,572993
87,27490644,572994
87,27888309,572994
87,28262012,572994
87,28617951,572994
87,28990519,572994
87,29344057,572994
87,29727655,572994
87,30098691,572994
87,30494430,572994
87,30891372,572994
87,31285361,572994
87,31641652,572995
87,32011484,572994
87,32386197,572993
87,32766296,572994
87,33135862,572994
87,33501799,572994
87,33892011,572994
87,34282754,572993
87,34682318,572993
87,35077083,572993
87,35490786,572993
87,35888934,572995
87,36241394,572995
87,36598285,572993
87,36992278,572994
87,37366428,572994
87,37742845,572994
87,38096331,572994
87,38469854,572994
87,38876278,572995
87,39264017,572995
87,39617153,572995
87,39991430,572995
87,40344235,572995
87,40725957,572995
87,41117574,572995
87,41469593,572995
87,41848056,572995
87,42244556,572994
88,718366,582986
88,1119539,582563
88,1497466,581942
88,1911554,581498
88,2279504,580670
88,2662141,579742
88,3037990,578778
88,3391265,577502
88,3807144,576374
88,4165042,576059
88,4559377,575402
88,4953079,574690
88,5341293,574548
88,5723084,574211
88,6098622,573942
88,6455801,574066
88,6826416,573710
88,7223435,573289
88,7621336,573380
88,8015981,573043
88,8396210,572863
88,8767734,572909
88,9161526,572682
88,9520083,572674
88,9892592,572724
88,10315229,572602
88,10706175,572707
88,11075835,572692
88,11474422,572703
88,11848787,572810
88,12223828,572803
88,12619077,572873
88,12972759,572928
88,13354518,572958
88,13722666,573015
88,14076840,573028
88,14454161,573060
88,14847323,573070
88,15222697,573076
88,15676645,573075
88,16043470,573066
88,16447295,573054
88,16828117,573041
88,17200486,573027
88,17586105,573014
88,17978370,573001
88,18354623,572994
88,18747603,572986
88,19149826,572983
88,19527152,572980
88,19919151,572981
88,20298905,572980
88,20686587,572983
88,21098336,572984
88,21457776,572986
88,21830531,572989
88,22221498,572991
88,22641284,572992
88,23034885,572995
88,23412848,572994
88,23853660,572994
88,24221770,572993
88,24640812,572991
88,24994957,572993
88,25349118,572991
88,25703713,572990
88,26076312,572993
88,26483298,572991
88,26896879,572991
88,27300886,572993
88,27672029,572993
88,28063160,572992
88,28480581,572993
88,28873741,572993
88,29244531,572993
88,29644175,572991
88,30015574,572993
88,30379711,572994
88,30789140,572994
88,31186464,572993
88,31606683,572993
88,32015132,572994
88,32378200,572994
88,32767882,572992
88,33140713,572993
88,33499896,572995
88,33892790,572995
88,34276296,572995
88,34661657,572995
88,35014484,572995
88,35393439,572994
88,35785171,572993
88,36139448,572995
88,36517966,572995
88,36931228,572995
88,37301852,572995
88,37687779,572995
88,38098242,572995
88,38462726,572995
89,691932,582987
89,1080040,582562
89,1492758,581937
89,1920958,581414
89,2309447,580540
89,2720509,579603
89,3087579,578484
89,3476778,577319
89,3851059,576217
89,4262217,575987
89,4665399,575149
89,5068533,574616
89,5438176,574492
89,5828900,574088
89,6205162,573976
89,6596937,574048
89,6977182,573468
89,7372373,573325
89,7763878,573322
89,8166401,572908
89,8561933,572916
89,8963222,572831
89,9331422,572636
89,9721806,572744
89,10109061,572651
89,10498535,572657
89,10901211,572739
89,11268245,572683
89,11660475,572779
89,12039626,572816
89,12451456,572848
89,12845343,572928
89,13243369,572946
89,13618092,573008
89,14023487,573028
89,14393741,573055
89,14788725,573069
89,15163584,573075
89,15562427,573077
89,15937476,573071
89,16327472,573061
89,16702305,573048
89,17102825,573030
89,17492934,573022
89,17866425,573005
89,18264063,573000
89,18657309,572991
89,19060687,572986
89,19450456,572983
89,19825233,572984
89,20222140,572982
89,20616595,572985
89,20994840,572986
89,21387693,572988
89,21762450,572990
89,22181827,572992
89,22575061,572993
89,22974409,572994
89,23345523,572995
89,23761960,572995
89,24119698,572994
89,24512242,572994
89,24907476,572992
89,25296419,572993
89,25659589,572990
89,26068440,572993
89,26435702,572991
89,26843192,572992
89,27252079,572992
89,27643159,572992
89,28019258,572992
89,28424582,572992
89,28788878,572992
89,29190300,572993
89,29560505,572993
89,29956153,572993
89,30347829,572993
89,30743666,572993
89,31122470,572993
89,31495184,572993
89,31899992,572992
89,32264658,572994
89,32659898,572994
89,33039668,572993
89,33434793,572993
89,33845664,572993
89,34263776,572993
89,34660084,572993
89,35055581,572993
89,35449903,572993
89,35846351,572994
89,36252605,572994
89,36623391,572994
89,37020114,572994
89,37413530,572994
90,719006,582987
90,1125748,582563
90,1518156,581938
90,1935330,581413
90,2342910,580667
90,2708393,579601
90,3108236,578482
90,3499121,577318
90,3873537,576289
90,4248698,576034
90,4622327,575403
90,4999899,574694
90,5372768,574549
90,5768427,574145
90,6192226,573957
90,6585910,574038
90,6999813,573463
90,7393394,573305
90,7788382,573313
90,8188415,572903
90,8585790,572915
90,9001448,572790
90,9393520,572639
90,9788858,572752
90,10188169,572633
90,10586031,572681
90,10998075,572725
90,11394022,572692
90,11788799,572813
90,12166513,572816
90,12538827,572871
90,12953016,572939
90,13322553,572958
90,13711892,573022
90,14126301,573037
90,14534802,573064
90,14895450,573075
90,15293955,573078
90,15685743,573077
90,16087948,573067
90,16482534,573055
90,16872819,573042
90,17250574,573026
90,17644454,573018
90,18024406,573002
90,18416502,572995
90,18810428,572987
90,19190462,572984
90,19585705,572983
90,20001346,572983
90,20394475,572981
90,20790149,572986
90,21187797,572986
90,21586741,572989
90,21997844,572992
90,22394888,572993
90,22789632,572994
90,23186343,572995
90,23580788,572995
90,24001268,572995
90,24418784,572994
90,24811491,572993
90,25195696,572993
90,25586424,572992
90,26004387,572991
90,26398153,572992
90,26792660,572992
90,27191601,572993
90,27584153,572991
90,28004344,572994
90,28396711,572993
90,28789351,572993
90,29192656,572991
90,29584081,572994
90,29990287,572993
90,30356960,572992
90,30746999,572993
90,31127282,572994
90,31519553,572993
90,31893629,572993
90,32292418,572993
90,32684670,572994
90,33087687,572994
90,33476945,572994
90,33871100,572994
90,34290919,572994
90,34684382,572994
90,35095134,572994
90,35482262,572994
90,35875542,572994
90,36257206,572994
90,36648590,572994
90,37045441,572994
90,37417008,572994
90,37810766,572994
91,723962,582986
91,1119565,582562
91,1537325,581938
91,1935439,581415
91,2348443,580539
91,2754988,579604
91,3124386,578485
91,3512262,577136
91,3920808,576222
91,4309481,575988
91,4700588,575148
91,5097455,574596
91,5492668,574492
91,5879310,574085
91,6244793,573967
91,6642280,573994
91,7061496,573385
91,7488794,573333
91,7903400,573202
91,8352957,572844
91,8757901,572913
91,9147031,572706
91,9513241,572671
91,9912353,572737
91,10304539,572606
91,10701742,572715
91,11097140,572708
91,11492355,572720
91,11890084,572837
91,12318726,572826
91,12685343,572926
91,13099759,572954
91,13491612,572996
91,13880861,573040
91,14285335,573053
91,14679956,573079
91,15075928,573080
91,15449616,573081
91,15850887,573073
91,16220611,573062
91,16615456,573048
91,16975518,573034
91,17346308,573020
91,17750483,573004
91,18142909,572996
91,18532835,572987
91,18935684,572984
91,19326979,572980
91,19699513,572980
91,20098237,572982
91,20491127,572981
91,20873259,572985
91,21242596,572987
91,21636843,572989
91,22054561,572992
91,22449708,572992
91,22826495,572994
91,23222150,572993
91,23597772,572994
91,24001672,572994
91,24377380,572994
91,24773561,572991
91,25205930,572993
91,25602732,572991
91,25998679,572991
91,26425413,572991
91,26824225,572991
91,27227105,572991
91,27638340,572993
91,28059137,572993
91,28456206,572993
91,28874784,572993
91,29266502,572993
91,29680818,572992
91,30061094,572993
91,30451067,572992
91,30850432,572992
91,31223758,572992
91,31617727,572992
91,31999794,572992
91,32386931,572992
91,32806897,572993
91,33200883,572993
91,33596784,572992
91,33993327,572992
91,34386165,572994
91,34828756,572993
91,35225919,572992
91,35620509,572993
91,36022855,572994
91,36392932,572993
91,36810523,572994
91,37201324,572994
91,37597058,572994
91,38000503,572994
91,38391679,572993
91,38811522,572993
91,39203891,572993
91,39616487,572993
91,40024768,572993
91,40392805,572993
91,40795922,572994
92,713231,582986
92,1096944,582645
92,1470100,582004
92,1867052,581569
92,2241439,580911
92,2591733,579876
92,2990767,578923
92,3362627,577856
92,3718285,576628
92,4113421,576109
92,4486181,575767
92,4843750,574926
92,5216822,574585
92,5611723,574346
92,6009347,573963
92,6382783,574018
92,6740020,573941
92,7091903,573388
92,7465264,573331
92,7869859,573204
92,8262898,572859
92,8636851,572907
92,9035652,572737
92,9449594,572626
92,9810500,572738
92,10179024,572636
92,10532849,572628
92,10904411,572738
92,11286085,572683
92,11668319,572790
92,12056026,572835
92,12425128,572840
92,12783712,572946
92,13179343,572958
92,13528888,573005
92,13907912,573042
92,14256924,573048
92,14611079,573075
92,14988071,573079
92,15339813,573079
92,15763096,573074
92,16117986,573066
92,16508904,573052
92,16865256,573040
92,17238969,573025
92,17591621,573016
92,17968876,573002
92,18343146,572996
92,18736739,572990
92,19113926,572987
92,19468300,572985
92,19843449,572985
92,20216580,572985
92,20593057,572986
92,20969181,572989
92,21343115,572992
92,21741109,572993
92,22134582,572995
92,22510426,572996
92,22866159,572997
92,23242773,572995
92,23639879,572995
92,24035342,572996
92,24448774,572996
92,24805877,572993
92,25180535,572993
92,25571758,572994
92,25930290,572994
92,26307484,572993
92,26708913,572995
92,27073043,572995
92,27430024,572995
92,27830301,572995
92,28239315,572995
92,28591003,572995
92,28968209,572995
92,29363137,572995
92,29760553,572995
92,30139959,572995
92,30533234,572994
92,30890182,572995
92,31262012,572995
92,31627707,572995
92,32036134,572995
92,32425757,572995
92,32781197,572995
92,33158834,572995
92,33512078,572995
92,33867333,572995
92,34240306,572995
92,34599489,572995
92,34991875,572995
92,35363664,572995
92,35739658,572995
92,36138636,572995
93,715870,582987
93,1119207,582564
93,1544579,581942
93,1933505,581499
93,2308221,580675
93,2701186,579610
93,3117074,578639
93,3469469,577509
93,3851033,576294
93,4243731,576038
93,4642855,575407
93,5016969,574648
93,5412160,574548
93,5787538,574147
93,6159810,573935
93,6549792,574063
93,6912105,573614
93,7307187,573272
93,7706725,573356
93,8095013,572971
93,8492916,572861
93,8890106,572873
93,9262769,572623
93,9661679,572693
93,10034126,572677
93,10430335,572602
93,10833566,572726
93,11219325,572682
93,11619656,572760
93,12012231,572833
93,12366035,572826
93,12721854,572920
93,13114864,572955
93,13490095,572992
93,13866993,573044
93,14260539,573050
93,14619882,573079
93,14990403,573082
93,15343660,573082
93,15720852,573078
93,16114984,573070
93,16468772,573056
93,16845741,573040
93,17238859,573025
93,17608890,573016
93,18008933,572998
93,18366311,572994
93,18721256,572985
93,19116544,572982
93,19489808,572978
93,19943136,572978
93,20305406,572979
93,20686447,572983
93,21080751,572984
93,21489483,572987
93,21888336,572990
93,22262434,572992
93,22617663,572992
93,23047667,572994
93,23429416,572994
93,23785762,572994
93,24157160,572994
93,24510373,572993
93,24933012,572991
93,25323892,572992
93,25684209,572991
93,26061272,572991
93,26456357,572991
93,26868022,572992
93,27264935,572991
93,27638685,572992
93,28056896,572992
93,28456801,572992
93,28867922,572992
93,29284706,572992
93,29682437,572992
93,30079806,572991
93,30474920,572992
93,30868156,572993
93,31261971,572994
93,31641196,572993
93,32033925,572993
93,32428442,572994
93,32807470,572992
93,33223267,572992
93,33618935,572993
93,34012570,572994
93,34388351,572993
93,34765793,572993
93,35156886,572994
93,35510562,572994
93,35910699,572994
93,36303089,572994
93,36666019,572995
93,37055619,572994
93,37453014,572994
93,37849553,572994
93,38221381,572994
93,38618997,572995
94,714137,582995
94,1080450,582645
94,1478844,582005
94,1887181,581570
94,2243118,580798
94,2681654,579744
94,3055432,578783
94,3438158,577512
94,3807819,576386
94,4178597,576087
94,4537894,575658
94,4909288,574754
94,5316347,574571
94,5680544,574275
94,6074648,573934
94,6453231,574045
94,6850989,573693
94,7242547,573269
94,7617474,573353
94,7991122,573080
94,8394029,572836
94,8786466,572907
94,9170476,572669
94,9560750,572662
94,9932054,572722
94,10337089,572600
94,10729307,572711
94,11115499,572711
94,11493704,572721
94,11888258,572843
94,12264703,572834
94,12664644,572920
94,13035623,572966
94,13414047,572994
94,13807294,573046
94,14201658,573056
94,14582532,573082
94,14975112,573083
94,15370247,573086
94,15743183,573078
94,16115261,573069
94,16495271,573052
94,16890049,573038
94,17282671,573022
94,17661696,573011
94,18054315,572996
94,18410036,572993
94,18803902,572982
94,19199954,572981
94,19556152,572978
94,19950434,572982
94,20313511,572981
94,20702954,572984
94,21081815,572985
94,21458620,572989
94,21855210,572990
94,22237741,572995
94,22620503,572992
94,23014898,572997
94,23390248,572995
94,23783259,572995
94,24161159,572994
94,24558819,572994
94,24931240,572992
94,25338297,572992
94,25707287,572992
94,26094869,572992
94,26454262,572991
94,26844482,572993
94,27242105,572993
94,27640276,572993
94,28034113,572994
94,28411456,572994
94,28805270,572993
94,29198893,572993
94,29577749,572994
94,29954607,572993
94,30362097,572994
94,30721268,572994
94,31073978,572994
94,31431665,572994
94,31827042,572994
94,32205186,572994
94,32599215,572994
94,33013021,572994
94,33410148,572994
94,33816778,572994
94,34181288,572994
94,34555901,572994
94,34952520,572994
94,35375736,572995
95,714939,582987
95,1076308,582561
95,1490430,581939
95,1888684,581419
95,2282868,580671
95,2665611,579608
95,3124815,578342
95,3534570,576958
95,3948668,576142
95,4343657,575932
95,4697378,575152
95,5070858,574598
95,5467533,574492
95,5849415,574029
95,6240312,573980
95,6649970,573983
95,7011094,573373
95,7427935,573294
95,7781888,573239
95,8180682,572844
95,8592817,572891
95,8992104,572763
95,9362859,572611
95,9721374,572725
95,10117069,572631
95,10490958,572647
95,10888906,572734
95,11261380,572694
95,11669438,572797
95,12036881,572841
95,12430284,572888
95,12844273,572964
95,13238183,572977
95,13616187,573039
95,14012391,573052
95,14405509,573073
95,14787259,573081
95,15154956,573081
95,15508814,573078
95,15868335,573068
95,16259561,573054
95,16645566,573040
95,17033406,573025
95,17408936,573010
95,17806727,572998
95,18218011,572993
95,18592305,572983
95,18990048,572981
95,19383646,572978
95,19762516,572980
95,20157229,572980
95,20529148,572982
95,20888894,572983
95,21285214,572987
95,21671304,572988
95,22055111,572992
95,22468728,572992
95,22877549,572995
95,23243192,572995
95,23647971,572994
95,24012029,572994
95,24426724,572993
95,24789371,572992
95,25177921,572991
95,25591784,572991
95,25992266,572991
95,26362994,572991
95,26717905,572992
95,27111985,572991
95,27488973,572993
95,27842254,572993
95,28217296,572993
95,28570370,572993
95,28966909,572993
95,29320587,572993
95,29697381,572993
95,30090505,572993
95,30470954,572992
95,30869606,572993
95,31261443,572993
95,31648689,572993
95,32033790,572993
95,32408349,572993
95,32804894,572993
95,33219597,572991
95,33592133,572995
95,33989827,572993
95,34383329,572993
95,34762019,572994
95,35154542,572994
95,35528393,572992
95,35885644,572994
95,36278847,572993
95,36663846,572993
95,37055921,572994
95,37465365,572994
95,37845094,572994
95,38241284,572994
95,38646170,572994
95,39023300,572994
95,39429066,572994
95,39823952,572993
95,40217126,572992
95,40590163,572993
95,40989575,572993
95,41363588,572994
95,41743350,572994
95,42136952,572995
95,42552437,572995
95,42949607,572995
95,43345767,572995
95,43746975,572994
95,44176284,572995
95,44593075,572994
95,44991741,572994
95,45384302,572994
95,45771742,572994
96,729649,582994
96,1090888,582644
96,1485199,582008
96,1925068,581503
96,2298419,580800
96,2690724,579748
96,3089103,578642
96,3482548,577514
96,3835365,576387
96,4193362,576063
96,4585715,575537
96,4940470,574756
96,5339956,574560
96,5735042,574209
96,6153947,573931
96,6566516,574046
96,6964146,573517
96,7358510,573266
96,7733656,573320
96,8129891,572955
96,8506870,572855
96,8904750,572830
96,9320082,572608
96,9713274,572705
96,10090106,572642
96,10483937,572604
96,10877681,572730
96,11255241,572685
96,11631713,572773
96,12035301,572837
96,12399822,572854
96,12793969,572945
96,13170463,572968
96,13567737,573026
96,13991017,573051
96,14377750,573068
96,14751343,573081
96,15113096,573082
96,15506600,573080
96,15882759,573071
96,16281052,573055
96,16704244,573039
96,17091574,573024
96,17485178,573010
96,17877755,572998
96,18236311,572990
96,18629717,572983
96,19015933,572978
96,19398828,572975
96,19815382,572976
96,20169710,572976
96,20585938,572980
96,20991581,572983
96,21378384,572985
96,21752482,572988
96,22108490,572991
96,22481479,572992
96,22835814,572994
96,23190917,572994
96,23585243,572994
96,23960818,572992
96,24358309,572993
96,24730949,572992
96,25088659,572991
96,25502372,572991
96,25859231,572991
96,26255558,572991
96,26641974,572991
96,27033070,572991
96,27442957,572991
96,27858844,572991
96,28257700,572992
96,28628885,572993
96,29034095,572992
96,29400996,572992
96,29793344,572992
96,30170450,572993
96,30568527,572992
96,30964795,572992
96,31340041,572993
96,31731163,572993
96,32090231,572992
96,32485120,572992
96,32877307,572994
96,33237353,572994
96,33628420,572994
96,33993923,572993
96,34358563,572993
96,34752226,572993
96,35108986,572993
96,35483074,572993
96,35877692,572993
96,36254656,572994
96,36649069,572994
96,37068206,572994
96,37482855,572993
96,37834872,572993
96,38194837,572994
97,738169,582985
97,1141085,582564
97,1534297,581944
97,1952766,581427
97,2346944,580681
97,2726397,579618
97,3120209,578501
97,3518268,577339
97,3912502,576240
97,4306318,576001
97,4704940,575285
97,5098802,574620
97,5471510,574521
97,5827066,574140
97,6200649,573934
97,6608523,574041
97,6971345,573513
97,7367099,573261
97,7723386,573339
97,8095336,573007
97,8450343,572835
97,8853858,572875
97,9224056,572624
97,9628421,572683
97,10017913,572680
97,10407771,572584
97,10806771,572721
97,11198880,572684
97,11553499,572727
97,11932004,572836
97,12325204,572832
97,12818161,572958
97,13420491,573000
97,13924250,573053
97,14422406,573080
97,14945059,573088
97,15464878,573089
97,15966575,573074
97,16413698,573057
97,16795035,573043
97,17161942,573025
97,17553916,573015
97,18031512,572996
97,18453609,572990
97,18837598,572983
97,19205679,572981
97,19613683,572978
97,19973560,572980
97,20366582,572979
97,20720769,572983
97,21193621,572985
97,21658776,572988
97,22069939,572993
97,22480129,572993
97,22853902,572994
97,23245453,572995
97,23649275,572994
97,24052605,572994
97,24408514,572994
97,24789521,572991
97,25180255,572991
97,25554996,572992
97,25953461,572992
97,26323054,572990
97,26696689,572992
97,27078753,572992
97,27447742,572992
97,27806231,572992
97,28197970,572992
97,28552340,572993
97,28927980,572993
97,29282612,572993
97,29702976,572993
97,30102060,572993
97,30472584,572993
97,30829331,572993
97,31222397,572993
97,31630218,572993
97,32000688,572993
97,32364478,572993
97,32722499,572993
97,33119434,572992
97,33497315,572993
97,33912685,572993
97,34302666,572993
97,34660459,572994
97,35053719,572994
97,35426443,572994
97,35783481,572992
97,36178423,572992
97,36551040,572993
97,36969891,572994
97,37323532,572993
97,37678361,572993
97,38031246,572994
97,38415396,572994
97,38810208,572993
97,39201014,572993
97,39572344,572994
97,39969115,572995
97,40343796,572994
97,40699904,572994
97,41052053,572994
97,41406011,572994
97,41787713,572994
98,712559,582987
98,1118172,582563
98,1534656,581946
98,1936539,581426
98,2344244,580551
98,2738488,579618
98,3115822,578503
98,3530333,577338
98,3881621,576234
98,4279863,576042
98,4632232,575414
98,5009585,574696
98,5365595,574560
98,5719629,574269
98,6094276,573921
98,6489720,574033
98,6844262,573766
98,7221376,573263
98,7637907,573345
98,8033835,573008
98,8429920,572840
98,8830599,572881
98,9220083,572634
98,9614111,572672
98,9973048,572688
98,10387211,572597
98,10779281,572716
98,11139033,572699
98,11532550,572737
98,11916889,572836
98,12303185,572838
98,12675947,572924
98,13031875,572962
98,13385591,572992
98,13758888,573045
98,14115604,573056
98,14530509,573080
98,14883368,573085
98,15281383,573087
98,15633137,573081
98,16012045,573071
98,16409407,573056
98,16781206,573044
98,17138108,573025
98,17530331,573014
98,17882977,573000
98,18261206,572994
98,18611778,572986
98,18971782,572982
98,19345370,572978
98,19737341,572978
98,20095851,572980
98,20470079,572981
98,20875235,572984
98,21284492,572987
98,21675330,572989
98,22032231,572993
98,22426980,572992
98,22799261,572994
98,23177270,572995
98,23530541,572995
98,23882469,572995
98,24259263,572994
98,24613114,572994
98,24975166,572992
98,25366461,572992
98,25738993,572992
98,26091614,572992
98,26465476,572991
98,26861373,572993
98,27264401,572994
98,27636935,572993
98,28032877,572993
98,28427201,572994
98,28799954,572994
98,29158367,572993
98,29530441,572992
98,29906098,572992
98,30282106,572993
98,30632853,572993
98,31011319,572991
98,31435676,572992
98,31825917,572992
98,32238509,572993
98,32613170,572991
98,33088883,572993
98,33630760,572993
98,34133900,572991
98,34652974,572992
98,35158120,572993
98,35654431,572992
98,36192589,572992
98,36711320,572992
98,37235538,572992
98,37756352,572994
98,38283364,572993
98,38798730,572993
98,39319211,572993
98,39741562,572992
98,40214816,572992
98,40733451,572994
98,41238510,572993
98,41758561,572993
98,42256675,572995
98,42775607,572994
98,43296610,572994
98,43739071,572994
98,44236518,572994
98,44660251,572994
98,45130430,572994
98,45581393,572994
98,45981738,572994
99,927951,582942
99,1446180,582226
99,1940432,581580
99,2441454,580553
99,2985466,579215
99,3409857,578040
99,3811095,576645
99,4290480,576077
99,4813466,575155
99,5298528,574576
99,5742086,574327
99,6162187,573920
99,6554721,574026
99,6945415,573757
99,7326100,573253
99,7715456,573334
99,8067489,573115
99,8452973,572813
99,8843503,572886
99,9198143,572713
99,9571591,572606
99,9944585,572718
99,10299209,572600
99,10693550,572638
99,11047065,572729
99,11433733,572686
99,11824527,572812
99,12221424,572842
99,12608533,572888
99,12992156,572964
99,13365823,572986
99,13761390,573041
99,14145622,573058
99,14530903,573080
99,14946295,573086
99,15298854,573090
99,15673213,573080
99,16070923,573072
99,16467276,573054
99,16840112,573041
99,17197088,573023
99,17594116,573012
99,17964032,572999
99,18323485,572991
99,18694942,572985
99,19046486,572981
99,19445159,572977
99,19797795,572978
99,20171533,572980
99,20547598,572980
99,20942910,572984
99,21297774,572984
99,21671682,572989
99,22047918,572990
99,22427923,572992
99,22821855,572994
99,23178088,572996
99,23550994,572995
99,23924550,572995
99,24323737,572994
99,24717749,572994
99,25068097,572993
99,25447857,572991
99,25862573,572991
99,26241224,572992
99,26636301,572992
99,27030245,572992
99,27449544,572993
99,27854140,572993
99,28243952,572993
99,28635053,572993
99,28985406,572993
99,29347098,572993
99,29736273,572993
99,30087858,572993
99,30469818,572993
99,30859161,572993
99,31241728,572994
99,31633743,572994
99,32005140,572993
99,32362682,572993
99,32734670,572992
99,33121134,572993
99,33491099,572992
99,33881585,572993
99,34237979,572993
99,34612165,572993
99,34964841,572994
99,35323127,572993
99,35716327,572994
99,36090019,572994
99,36517867,572994
99,36907887,572994
99,37328040,572994
99,37741621,572993
99,38144490,572993
99,38577861,572993
99,38944967,572994
