trial_id,t_ns_since_cmd,position_counts
0,716341,24001
0,1077652,24334
0,1475057,24777
0,1868555,25320
0,2242476,26050
0,2625090,27052
0,3016003,28240
0,3415260,29464
0,3813223,31028
0,4204072,32802
0,4599576,34537
0,4973818,36664
0,5369044,38706
0,5765218,41176
0,6141704,43893
0,6560133,46845
0,6977098,50044
0,7371540,53400
0,7786956,56888
0,8185810,60070
0,8558856,63969
0,8952956,67565
0,9337995,71778
0,9722770,76146
0,10117791,80230
0,10515077,85147
0,10908924,90113
0,11323731,95324
0,11721796,100862
0,12138253,106444
0,12536541,112251
0,12975064,118417
0,13383100,124522
0,13769039,131073
0,14161086,136935
0,14538397,143584
0,14936730,149907
0,15319737,156950
0,15723986,164358
0,16117499,171116
0,16518618,178686
0,16912157,186794
0,17316292,194833
0,17701715,202198
0,18075185,210651
0,18476541,218361
0,18845335,227200
0,19241165,235245
0,19656485,245673
0,20057268,255191
0,20472958,263733
0,20867377,273554
0,21241579,283728
0,21662734,293920
0,22058833,303874
0,22453016,312721
0,22825219,321479
0,23220573,331574
0,23617611,341651
0,24013463,351726
0,24416214,361984
0,24828291,372159
0,25222616,381148
0,25619121,391430
0,26014336,401580
0,26416056,411887
0,26854658,422099
0,27243746,432317
0,27640227,441322
0,28035554,451486
0,28433238,461728
0,28826419,471969
0,29221750,480459
0,29617642,490015
0,30014173,499529
0,30411928,508793
0,30804463,517901
0,31225858,525702
0,31619868,534482
0,32024510,543064
0,32392317,550472
0,32763064,558671
0,33159032,565772
0,33539578,572663
0,33929438,581321
0,34354851,587893
0,34742933,595103
0,35116519,602312
0,35521940,608214
0,35910530,615092
0,36322370,621472
0,36725370,627847
0,37119556,634011
0,37539851,639758
0,37936081,644969
0,38319836,650431
0,38723976,655727
0,39117069,661134
0,39519610,665371
0,39909037,670135
0,40298338,675022
0,40701545,679342
0,41116498,683352
0,41516234,687000
0,41908465,690974
0,42297866,694450
0,42702060,697741
0,43096028,700563
0,43472130,703629
0,43880602,706125
0,44244830,708696
0,44640812,710776
0,45043895,712979
0,45414809,714765
0,45784102,716592
0,46162206,718058
0,46561028,719556
0,46953836,720861
0,47371518,721976
0,47762388,722829
0,48159147,723437
0,48543902,723904
0,48911531,724262
0,49321104,724390
0,49722501,724353
0,50117761,724533
0,50514203,724706
0,50908422,724795
0,51298272,724968
0,51701086,724992
0,52075526,725028
0,52472458,725069
0,52845116,725090
0,53241512,725068
0,53638034,725049
0,54012424,724999
0,54433319,724941
0,54825141,724881
0,55220905,724841
0,55617575,724806
0,56011983,724756
0,56411180,724718
0,56783064,724678
0,57194426,724641
0,57605605,724608
0,57993896,724582
0,58370833,724554
0,58765551,724520
0,59139519,724488
0,59540282,724461
0,59935864,724440
0,60317866,724419
0,60723055,724399
0,61116674,724382
0,61518309,724360
0,61910155,724340
0,62320389,724318
0,62722474,724297
0,63116720,724281
0,63515415,724263
0,63887320,724251
0,64262591,724240
0,64662733,724227
0,65054006,724218
0,65452670,724204
0,65827310,724196
0,66198921,724189
0,66600358,724182
0,66983764,724176
0,67372034,724170
0,67742754,724166
0,68137684,724158
0,68540264,724150
0,68917887,724145
0,69297656,724135
0,69668761,724128
0,70051069,724119
0,70455242,724107
0,70848056,724101
0,71222861,724093
0,71617368,724084
0,72013726,724071
0,72391657,724065
0,72785543,724057
0,73164130,724049
0,73564794,724038
0,73930181,724019
0,74336358,723985
0,74742389,723937
0,75117784,723892
0,75513590,723854
0,75908438,723827
0,76298503,723805
0,76700406,723792
0,77095345,723785
0,77472967,723784
0,77865841,723783
0,78263025,723776
0,78638848,723744
0,79053212,723713
0,79457615,723693
0,79847556,723686
0,80220582,723697
0,80620563,723715
0,81013110,723748
0,81425827,723789
0,81828698,723830
0,82221219,723860
0,82621116,723883
0,83011275,723904
0,83392024,723913
0,83764867,723920
0,84157880,723926
0,84541663,723930
0,84928901,723930
0,85353568,723930
0,85764108,723932
0,86158431,723934
0,86534131,723934
0,86928552,723934
0,87353445,723934
0,87742064,723934
0,88116845,723933
0,88513625,723930
0,88888030,723929
0,89295385,723928
0,89658741,723928
0,90053935,723932
0,90478421,723939
0,90868012,723942
0,91240386,723948
0,91639929,723952
0,92014601,723957
0,92412619,723962
0,92809745,723964
0,93201117,723966
0,93577804,723968
0,93951970,723970
0,94348298,723972
0,94741481,723972
0,95130030,723972
0,95498717,723972
0,95888984,723972
0,96264218,723972
0,96660392,723972
0,97058059,723972
0,97451065,723972
0,97823411,723973
0,98221525,723974
0,98617654,723976
0,99012826,723976
0,99410130,723977
0,99786080,723978
0,100177324,723979
0,100576303,723981
0,100949624,723981
0,101342786,723982
0,101742618,723983
0,102136769,723983
0,102539283,723983
0,102930868,723983
0,103336139,723984
0,103725471,723985
0,104115778,723984
0,104517056,723984
0,104910039,723984
0,105319067,723985
0,105721704,723985
0,106115730,723985
0,106529008,723986
0,106890997,723987
0,107262880,723987
0,107660621,723987
0,108032063,723987
0,108430073,723986
0,108846083,723987
0,109240533,723988
0,109617985,723988
0,110034052,723988
0,110429816,723988
0,110845573,723989
0,111240475,723989
0,111616648,723989
0,112012082,723988
0,112410436,723988
0,112782005,723988
0,113162203,723989
0,113559631,723989
0,113929639,723989
0,114336540,723989
0,114743530,723989
0,115138405,723989
0,115515660,723989
0,115909490,723989
0,116298333,723989
0,116700426,723989
0,117096045,723990
0,117513149,723990
0,117907439,723990
0,118323063,723989
1,692973,24003
1,1077183,24347
1,1477362,24806
1,1865168,25326
1,2240290,26027
1,2620355,27022
1,3014067,28005
1,3363137,29174
1,3744509,30728
1,4159181,32216
1,4512161,33915
1,4863922,35722
1,5219069,37707
1,5576227,39813
1,5968865,42417
1,6322565,44892
1,6703287,47561
1,7097472,50821
1,7476131,54221
1,7865687,57297
1,8239572,60522
1,8596532,64468
1,8990338,68095
1,9365669,71805
1,9720176,75614
1,10073210,79654
1,10459313,84537
1,10865884,88854
1,11220083,93299
1,11575691,98767
1,11968555,103636
1,12343299,108521
1,12703627,114521
1,13097407,119916
1,13474776,126035
1,13868320,131852
1,14262100,138538
1,14640110,145260
1,15030730,151643
1,15405549,158690
1,15825262,165267
1,16221246,172923
1,16596994,179674
1,16949422,186777
1,17346264,194850
1,17722461,202245
1,18072823,209614
1,18458523,218431
1,18844705,226133
1,19197764,234160
1,19575097,243358
1,19969500,251689
1,20321715,260064
1,20699832,269877
1,21072786,278666
1,21457786,288792
1,21870322,298987
1,22262860,307642
1,22639930,317771
1,23032719,326577
1,23384509,335366
1,23763137,344266
1,24115490,353028
1,24482840,363319
1,24866473,372207
1,25272407,382461
1,25658287,391467
1,26010250,400340
1,26363533,409360
1,26721847,419542
1,27119263,431073
1,27609846,441349
1,27998736,450222
1,28369774,460501
1,28764584,469414
1,29157728,479286
1,29556981,488822
1,29955155,498324
1,30367750,507664
1,30762765,516741
1,31156907,524617
1,31533945,532267
1,31886184,539916
1,32260551,547295
1,32621270,555672
1,33014214,562737
1,33388099,570788
1,33785707,577464
1,34158051,584229
1,34515683,591495
1,34907869,597883
1,35297345,604864
1,35682207,611670
1,36075379,617577
1,36478084,623854
1,36866289,629489
1,37219022,634768
1,37574771,639807
1,37948252,645776
1,38344369,650520
1,38707311,655847
1,39119254,661290
1,39513172,665513
1,39866312,669689
1,40240405,674575
1,40647019,678412
1,41016656,682472
1,41409139,686092
1,41791598,690067
1,42164467,693179
1,42563808,696545
1,42952153,699411
1,43347175,702511
1,43723865,705375
1,44140760,708031
1,44559212,710457
1,44953785,712676
1,45345979,714457
1,45725002,716335
1,46140752,718037
1,46535660,719378
1,46928896,720707
1,47308963,721844
1,47701030,722621
1,48097146,723346
1,48493144,723886
1,48886960,724205
1,49263377,724347
1,49664314,724314
1,50073844,724446
1,50479857,724660
1,50869413,724732
1,51263279,724896
1,51618226,724949
1,52014874,724974
1,52428538,724998
1,52832962,725006
1,53198906,725022
1,53577518,725001
1,53970324,724984
1,54323563,724949
1,54705112,724881
1,55077281,724825
1,55462379,724769
1,55868534,724737
1,56264234,724706
1,56682921,724669
1,57075040,724640
1,57459097,724598
1,57868362,724552
1,58263307,724508
1,58662126,724477
1,59038626,724459
1,59441525,724442
1,59860244,724430
1,60222961,724416
1,60622536,724398
1,61012992,724377
1,61386761,724354
1,61790511,724345
1,62162943,724333
1,62561160,724320
1,62973484,724305
1,63367035,724288
1,63744802,724267
1,64159699,724251
1,64515150,724233
1,64909532,724224
1,65286562,724211
1,65688974,724199
1,66057892,724186
1,66462123,724172
1,66827867,724159
1,67225799,724148
1,67620389,724137
1,67990636,724132
1,68345018,724123
1,68702619,724115
1,69077702,724105
1,69473314,724100
1,69868768,724095
1,70264340,724089
1,70661980,724089
1,71059564,724087
1,71478434,724086
1,71866812,724084
1,72241821,724080
1,72597293,724079
1,72992461,724075
1,73368556,724069
1,73765116,724066
1,74157771,724060
1,74536487,724055
1,74924922,724047
1,75326415,724041
1,75722886,724027
1,76116731,724004
1,76497940,723961
1,76889970,723919
1,77263521,723880
1,77662654,723850
1,78043160,723826
1,78441999,723812
1,78846740,723802
1,79267961,723797
1,79670705,723796
1,80055297,723792
1,80461508,723761
1,80845586,723723
1,81201259,723695
1,81598992,723679
1,81971877,723683
1,82366836,723700
1,82746502,723733
1,83139589,723771
1,83516229,723816
1,83910832,723848
1,84288812,723879
1,84697149,723901
1,85098008,723914
1,85493116,723922
1,85866473,723925
1,86219472,723928
1,86574651,723931
1,86971452,723931
1,87344262,723931
1,87702504,723932
1,88096435,723932
1,88477609,723931
1,88868072,723928
1,89264604,723927
1,89660057,723925
1,90055442,723926
1,90476533,723929
1,90889180,723932
1,91285630,723937
1,91683439,723940
1,92075795,723945
1,92473248,723949
1,92867228,723952
1,93220040,723956
1,93578564,723959
1,93971435,723962
1,94326295,723964
1,94723723,723964
1,95116069,723965
1,95478443,723967
1,95868643,723967
1,96264408,723968
1,96662769,723969
1,97039174,723970
1,97445882,723970
1,97805197,723971
1,98200058,723972
1,98579133,723972
1,98972518,723973
1,99399897,723974
1,99793293,723975
1,100159500,723977
1,100563247,723977
1,100972515,723977
1,101366766,723978
1,101724206,723979
1,102097015,723980
1,102494226,723980
1,102868991,723981
1,103261438,723982
1,103619755,723982
1,103993251,723982
1,104433240,723982
1,104831166,723984
1,105221487,723985
1,105619012,723983
1,105993143,723983
1,106389300,723984
1,106763383,723984
1,107156663,723984
1,107513844,723984
1,107886693,723985
1,108242213,723985
1,108597774,723984
1,109014220,723986
1,109429328,723985
1,109829679,723985
1,110243029,723987
1,110641551,723986
1,111036562,723987
1,111426992,723988
1,111827402,723988
1,112220083,723988
1,112578861,723988
1,112972525,723988
1,113368137,723988
1,113765454,723988
1,114158103,723988
1,114536546,723989
1,114951030,723989
1,115344706,723989
1,115703205,723989
1,116075606,723990
1,116477381,723990
1,116867774,723990
1,117265266,723990
1,117660163,723990
1,118059216,723991
1,118476800,723991
1,118865104,723991
1,119240340,723991
1,119600360,723991
1,119973493,723991
1,120366984,723992
1,120788515,723992
1,121180409,723992
2,756970,24001
2,1122582,24346
2,1534333,24867
2,1928488,25328
2,2326184,26151
2,2702068,27163
2,3120950,28329
2,3512934,29556
2,3891043,31153
2,4285776,32940
2,4678682,34704
2,5098741,36855
2,5493602,39218
2,5889958,41748
2,6271956,44164
2,6640582,46779
2,7024850,49967
2,7417808,52893
2,7785770,56372
2,8182492,60016
2,8597493,63926
2,8993623,67536
2,9369375,71764
2,9763366,76137
2,10163556,80225
2,10554008,85142
2,10949914,90094
2,11345967,94638
2,11720446,100160
2,12118037,105023
2,12491348,110735
2,12887553,116864
2,13326337,122975
2,13720734,129348
2,14117562,136111
2,14533759,142698
2,14927836,148949
2,15305471,156090
2,15699767,162408
2,16097675,170138
2,16494086,177695
2,16888851,185756
2,17291301,192766
2,17658295,201159
2,18094685,209572
2,18493822,218387
2,18887760,227229
2,19289232,235263
2,19658732,244494
2,20089479,253999
2,20478587,263733
2,20891540,273554
2,21286580,283728
2,21701465,293940
2,22099970,302664
2,22491448,312757
2,22888322,322805
2,23284327,332885
2,23679142,341733
2,24082409,351797
2,24471257,362041
2,24866900,370918
2,25264248,381169
2,25641927,391444
2,26047703,400324
2,26431398,410636
2,26825675,420831
2,27228633,429807
2,27598653,440092
2,27994603,448967
2,28384035,459264
2,28790738,469441
2,29161651,479300
2,29575238,487641
2,29950860,497140
2,30346367,506537
2,30742025,514450
2,31126509,522433
2,31514128,531169
2,31891117,539911
2,32292226,547292
2,32658856,555663
2,33064571,562722
2,33430174,570754
2,33825280,577419
2,34202606,585113
2,34594760,592332
2,34991192,598758
2,35369421,605680
2,35762632,611656
2,36144215,617576
2,36544731,624653
2,36950381,630297
2,37348624,636211
2,37720120,642067
2,38123026,647200
2,38513113,652468
2,38891798,657221
2,39271061,662537
2,39660364,667243
2,40077871,672126
2,40470905,676246
2,40845753,680376
2,41266211,684465
2,41643837,688065
2,42044389,691804
2,42471628,695250
2,42845747,698556
2,43245462,701307
2,43619832,704272
2,44025229,706690
2,44393664,709223
2,44783890,711536
2,45202024,713664
2,45596336,715379
2,45971106,717152
2,46388816,718775
2,46766827,720006
2,47142146,721120
2,47532242,722162
2,47928712,722973
2,48325563,723602
2,48719750,724010
2,49112375,724280
2,49496444,724337
2,49890295,724301
2,50269773,724518
2,50637947,724690
2,51046299,724808
2,51452269,724969
2,51845969,724976
2,52224036,725016
2,52617490,725022
2,52992740,725005
2,53402296,724979
2,53785096,724981
2,54184999,724960
2,54578665,724910
2,54969940,724877
2,55347874,724818
2,55740581,724766
2,56139588,724723
2,56510234,724690
2,56906002,724666
2,57325637,724648
2,57699102,724635
2,58097075,724617
2,58470522,724585
2,58864719,724550
2,59265343,724517
2,59640759,724484
2,60059847,724461
2,60452204,724445
2,60824706,724420
2,61234497,724402
2,61600928,724380
2,61990863,724361
2,62390716,724345
2,62765820,724335
2,63166749,724325
2,63537066,724311
2,63928552,724297
2,64306845,724280
2,64701017,724263
2,65097743,724248
2,65492963,724231
2,65887031,724221
2,66290688,724210
2,66657752,724199
2,67063731,724189
2,67428986,724177
2,67824521,724166
2,68221530,724158
2,68595703,724152
2,68991176,724144
2,69366285,724135
2,69762545,724130
2,70142642,724127
2,70531074,724123
2,70948709,724118
2,71350516,724114
2,71722721,724106
2,72119869,724099
2,72492375,724093
2,72887519,724088
2,73286668,724081
2,73679830,724077
2,74078009,724074
2,74490717,724070
2,74886336,724064
2,75286694,724060
2,75676995,724053
2,76082612,724046
2,76472262,724039
2,76845564,724024
2,77245182,723993
2,77615099,723947
2,78049612,723897
2,78432446,723856
2,78844876,723822
2,79246090,723801
2,79637893,723789
2,80019926,723782
2,80388597,723777
2,80787546,723770
2,81200770,723727
2,81594417,723688
2,81989234,723661
2,82369601,723642
2,82761687,723651
2,83137066,723672
2,83537851,723709
2,83947905,723755
2,84327361,723800
2,84723815,723836
2,85119001,723858
2,85493257,723882
2,85907902,723893
2,86317068,723900
2,86683229,723908
2,87094778,723915
2,87494103,723923
2,87888781,723925
2,88270554,723927
2,88664194,723929
2,89044676,723928
2,89427904,723925
2,89804391,723920
2,90179854,723918
2,90553322,723918
2,90928269,723918
2,91325021,723919
2,91698708,723927
2,92098653,723929
2,92492448,723933
2,92887771,723938
2,93285387,723942
2,93678478,723944
2,94063910,723947
2,94453112,723951
2,94867886,723955
2,95266024,723957
2,95641052,723958
2,96052463,723961
2,96450205,723961
2,96844814,723963
2,97225675,723963
2,97615689,723963
2,97990303,723966
2,98388271,723966
2,98786151,723966
2,99180904,723967
2,99572465,723969
2,99969362,723969
2,100346925,723971
2,100740012,723971
2,101116538,723974
2,101513381,723974
2,101884732,723974
2,102283716,723974
2,102677280,723974
2,103072605,723975
2,103450826,723975
2,103822278,723977
2,104222720,723977
2,104595741,723978
2,104991105,723978
2,105392712,723979
2,105784082,723980
2,106183444,723980
2,106597892,723982
2,106992707,723982
2,107389129,723982
2,107787133,723982
2,108181164,723983
2,108576082,723983
2,108948561,723983
2,109346694,723983
2,109722224,723983
2,110118743,723983
2,110511431,723984
2,110892049,723986
2,111298591,723986
2,111700726,723986
2,112098780,723984
2,112490588,723986
2,112886749,723986
2,113288027,723986
2,113698334,723988
2,114109430,723988
2,114471316,723987
2,114866254,723987
2,115247458,723987
2,115637825,723987
2,116027580,723987
2,116430816,723988
2,116825748,723988
2,117224209,723988
2,117595872,723988
2,117991699,723988
2,118388032,723988
2,118786507,723989
2,119182480,723990
2,119573868,723990
2,119948318,723990
2,120346479,723990
2,120719473,723991
2,121117964,723991
2,121489850,723991
2,121886846,723991
2,122268999,723992
2,122656908,723992
2,123063521,723992
2,123428765,723992
2,123823270,723992
5,756467,23996
5,1120805,24274
5,1494005,24719
5,1886285,25229
5,2285029,26022
5,2704342,27028
5,3101109,28027
5,3493569,29394
5,3886847,30966
5,4282552,32486
5,4640895,34472
5,5037316,36593
5,5447988,38641
5,5824162,40797
5,6200697,43480
5,6594293,46027
5,6967753,49163
5,7351034,52063
5,7741260,55509
5,8121111,59101
5,8525954,62437
5,8905193,66505
5,9307512,70707
5,9702100,74474
5,10099138,79029
5,10494106,83902
5,10885289,88847
5,11303402,93959
5,11698011,98755
5,12058367,103616
5,12430590,109215
5,12823186,114485
5,13203510,120638
5,13598987,126815
5,13996207,132671
5,14388256,139328
5,14781078,145245
5,15139266,152528
5,15538080,159575
5,15938427,166236
5,16326005,172901
5,16677651,180632
5,17075773,187727
5,17427714,194791
5,17800282,203226
5,18206231,211719
5,18598735,219449
5,18995597,228330
5,19390531,237503
5,19788752,246872
5,20203983,256366
5,20616693,264939
5,20994744,274786
5,21391429,284941
5,21785952,295179
5,22200813,303844
5,22554583,312706
5,22936137,322747
5,23301658,331583
5,23698170,340393
5,24053657,350487
5,24426116,359439
5,24801355,368336
5,25181256,378619
5,25574596,387540
5,25939676,396516
5,26306920,406750
5,26701534,415688
5,27057039,424690
5,27441122,434887
5,27820887,443887
5,28193993,452794
5,28561360,461758
5,28941221,471991
5,29311103,480472
5,29658217,488833
5,30021003,497152
5,30377318,505421
5,30717384,513333
5,31075046,521349
5,31427427,529007
5,31799179,536723
5,32153801,544161
5,32510160,551579
5,32864826,558718
5,33215325,564803
5,33543219,570805
5,33854350,577465
5,34189334,583278
5,34522699,589688
5,34857104,595127
5,35172743,600605
5,35483897,605735
5,35789413,610845
5,36168471,617629
5,36483465,622347
5,36837312,627945
5,37170154,632645
5,37485868,637678
5,37831872,642097
5,38167059,647210
5,38504426,651171
5,38813350,655796
5,39168771,659894
5,39484442,663666
5,39794236,667763
5,40137749,672008
5,40487412,675585
5,40821625,679322
5,41184723,682849
5,41532746,686460
5,41900868,689974
5,42245531,692696
5,42597351,696071
5,42955457,698535
5,43285847,701302
5,43627186,703932
5,43979106,706390
5,44331241,708314
5,44660548,710438
5,44993740,712115
5,45326849,713950
5,45686586,715653
5,46040501,717193
5,46415030,718623
5,46774638,719873
5,47133088,720999
5,47480072,721961
5,47852061,722724
5,48187515,723350
5,48565807,723831
5,48928759,724180
5,49305261,724364
5,49693495,724363
5,50045719,724384
5,50419959,724649
5,50795399,724742
5,51282305,724951
5,51787667,725013
5,52286355,725054
5,52783631,725050
5,53284942,725007
5,53800215,724960
5,54298219,724922
5,54744236,724902
5,55130632,724886
5,55494654,724845
5,56000006,724801
5,56497697,724731
5,56947223,724678
5,57425257,724628
5,57847034,724593
5,58254820,724558
5,58620750,724520
5,59086963,724486
5,59538275,724464
5,59951764,724438
5,60352243,724417
5,60743007,724404
5,61119926,724391
5,61513103,724377
5,61865683,724368
5,62245391,724353
5,62637322,724340
5,63002845,724322
5,63395800,724297
5,63765435,724278
5,64144251,724263
5,64538569,724247
5,64956615,724233
5,65345582,724225
5,65720345,724218
5,66079814,724206
5,66473774,724197
5,66847904,724188
5,67246158,724184
5,67618741,724173
5,67974216,724162
5,68388648,724151
5,68741442,724141
5,69095975,724130
5,69447602,724122
5,69803169,724113
5,70180129,724105
5,70554517,724096
5,70940073,724088
5,71330098,724084
5,71700856,724079
5,72099543,724077
5,72492646,724074
5,72843060,724071
5,73200872,724067
5,73598004,724064
5,73997047,724059
5,74364740,724057
5,74721885,724056
5,75115402,724053
5,75497266,724049
5,75868768,724044
5,76263554,724041
5,76615785,724036
5,76976587,724031
5,77349833,724028
5,77743080,724028
5,78099464,724024
5,78494284,724017
5,78889804,724007
5,79286148,723993
5,79700853,723976
5,80058109,723958
5,80450125,723948
5,80824294,723936
5,81191647,723925
5,81555641,723903
5,81956143,723886
5,82350638,723869
5,82722202,723858
5,83077625,723844
5,83472552,723835
5,83844116,723806
5,84199366,723766
5,84556461,723738
5,84940084,723709
5,85326078,723703
5,85699650,723709
5,86059529,723731
5,86453124,723761
5,86826744,723800
5,87222368,723834
5,87619623,723854
5,87993815,723873
5,88389429,723885
5,88784886,723895
5,89182286,723904
5,89573822,723910
5,89937080,723919
5,90347291,723927
5,90700936,723929
5,91054458,723930
5,91429600,723930
5,91823579,723928
5,92201173,723926
5,92555013,723923
5,92956434,723923
5,93325274,723923
5,93678529,723927
5,94057024,723931
5,94450752,723935
5,94845462,723936
5,95210644,723938
5,95598888,723942
5,95994023,723945
5,96392840,723948
5,96789207,723953
5,97202341,723955
5,97595676,723958
5,97973332,723958
5,98346316,723960
5,98696072,723961
5,99055108,723962
5,99460504,723963
5,99827284,723965
5,100223976,723966
5,100595161,723967
5,100950710,723969
5,101305061,723969
5,101674208,723969
5,102075152,723971
5,102427730,723972
5,102800433,723972
5,103198953,723974
5,103553000,723976
5,103934921,723976
5,104327189,723975
5,104767630,723976
5,105194835,723977
5,105596964,723977
5,105961194,723978
5,106321992,723979
5,106667543,723979
5,107045048,723980
5,107438467,723980
5,107786878,723980
5,108147228,723980
5,108504564,723980
5,108873779,723981
5,109230365,723981
5,109578658,723981
5,109941379,723984
5,110328519,723984
5,110667630,723983
5,111063299,723985
5,111436334,723985
5,111797214,723985
5,112172919,723986
5,112567911,723986
5,112930389,723986
5,113297117,723986
5,113691588,723986
5,114048138,723986
5,114419989,723986
5,114824503,723986
5,115178886,723988
5,115552224,723988
5,115960157,723987
5,116349043,723987
5,116719651,723988
5,117099971,723988
5,117496014,723989
5,117902178,723990
5,118271612,723990
5,118659299,723990
5,119057543,723989
5,119429292,723990
5,119806265,723990
5,120204134,723991
5,120596619,723991
5,120953884,723991
5,121328675,723991
5,121721080,723991
5,122100570,723991
5,122496196,723991
5,122888414,723992
5,123287322,723992
5,123696134,723992
5,124081215,723992
5,124452922,723992
6,704194,24015
6,1109825,24412
6,1504429,24860
6,1877655,25328
6,2240277,26156
6,2629969,27039
6,3027073,28190
6,3420905,29397
6,3774051,30771
6,4155670,32504
6,4548460,34489
6,4952846,36611
6,5359344,38954
6,5755302,41128
6,6150728,43844
6,6545244,46419
6,6898087,49578
6,7317800,52920
6,7732737,55950
6,8087488,59564
6,8461425,62936
6,8836203,66506
6,9213513,70703
6,9607525,74466
6,9974644,78430
6,10341242,83280
6,10733880,88216
6,11131207,92638
6,11505373,98061
6,11923000,103635
6,12322853,109247
6,12732097,114521
6,13088990,119909
6,13485375,126045
6,13877554,131861
6,14235923,138542
6,14609522,144406
6,15007886,151675
6,15400973,158703
6,15817470,166278
6,16216188,173865
6,16610424,180666
6,16991736,188750
6,17380449,195856
6,17755426,204290
6,18173645,212839
6,18564437,220552
6,18922657,228349
6,19295897,237521
6,19689745,245693
6,20066958,255208
6,20461892,263750
6,20835042,273572
6,21239192,283743
6,21650020,292659
6,22007244,302680
6,22423732,312765
6,22821437,322812
6,23234686,332891
6,23649683,343035
6,24050919,353077
6,24447957,362083
6,24837840,372256
6,25235660,382505
6,25631291,391514
6,26008390,401654
6,26400303,411963
6,26796769,420872
6,27178622,429839
6,27547374,440116
6,27956150,448982
6,28348561,459274
6,28715383,469447
6,29109479,478110
6,29482920,487650
6,29877496,495967
6,30253864,504259
6,30611848,513315
6,31006265,521324
6,31377167,528975
6,31732019,536692
6,32112111,545174
6,32506152,553623
6,32901901,560690
6,33277166,568796
6,33671268,576438
6,34069347,583203
6,34460365,590525
6,34857762,596899
6,35214513,604013
6,35606830,609934
6,35992865,616778
6,36380354,622312
6,36755174,628706
6,37153413,634066
6,37546097,639816
6,37952276,645742
6,38338362,651105
6,38732163,655724
6,39109599,661096
6,39503476,665308
6,39879562,670063
6,40278124,674297
6,40670396,678662
6,41046362,682816
6,41461783,686464
6,41857657,690329
6,42235031,693903
6,42648250,696899
6,43022528,700130
6,43382264,702792
6,43754669,705318
6,44152239,707979
6,44547447,710421
6,44951738,712636
6,45339020,714424
6,45712906,716323
6,46110842,717827
6,46484660,719370
6,46879313,720534
6,47254736,721699
6,47652246,722601
6,48049938,723249
6,48468664,723810
6,48838621,724184
6,49235879,724322
6,49607118,724322
6,49976829,724376
6,50358254,724623
6,50753488,724731
6,51129313,724884
6,51505651,724985
6,51900327,725002
6,52300381,725024
6,52675594,725016
6,53077781,724982
6,53481695,724955
6,53835464,724922
6,54216535,724894
6,54608552,724859
6,54984609,724821
6,55380118,724789
6,55776196,724762
6,56152865,724729
6,56544372,724712
6,56920111,724701
6,57320860,724667
6,57733435,724639
6,58111124,724606
6,58503183,724569
6,58855742,724540
6,59214732,724512
6,59588153,724484
6,59989991,724456
6,60360248,724423
6,60753882,724400
6,61132078,724380
6,61523668,724361
6,61878443,724340
6,62234597,724325
6,62606283,724312
6,62968912,724294
6,63358203,724279
6,63731302,724266
6,64086926,724255
6,64460658,724243
6,64834538,724229
6,65213472,724219
6,65607553,724209
6,66016647,724197
6,66384573,724182
6,66756143,724171
6,67152247,724167
6,67548191,724158
6,67961363,724153
6,68340276,724146
6,68733083,724140
6,69109886,724134
6,69503592,724129
6,69856166,724124
6,70235466,724118
6,70631894,724114
6,71005998,724112
6,71400912,724110
6,71774656,724108
6,72130996,724103
6,72523857,724099
6,72889650,724091
6,73299908,724086
6,73670795,724080
6,74067678,724075
6,74481635,724073
6,74837845,724070
6,75232425,724064
6,75607354,724060
6,75970374,724053
6,76380762,724046
6,76775116,724041
6,77161344,724035
6,77548008,724030
6,77961265,724025
6,78358407,724016
6,78752026,724006
6,79131663,723992
6,79501650,723971
6,79856435,723948
6,80215367,723915
6,80609078,723891
6,80985166,723867
6,81377696,723852
6,81751948,723838
6,82110380,723808
6,82503026,723758
6,82876534,723723
6,83235724,723690
6,83629577,723679
6,84018681,723682
6,84400679,723700
6,84773995,723731
6,85128930,723768
6,85481186,723801
6,85834684,723826
6,86211563,723847
6,86586132,723867
6,86972981,723879
6,87341426,723891
6,87733472,723901
6,88110544,723912
6,88505161,723922
6,88878751,723928
6,89277181,723930
6,89671650,723931
6,90048501,723928
6,90458308,723923
6,90857386,723921
6,91214150,723920
6,91588221,723920
6,91984520,723923
6,92355476,723925
6,92710174,723928
6,93089255,723932
6,93460621,723933
6,93835376,723937
6,94213458,723940
6,94585082,723941
6,94969382,723947
6,95357935,723949
6,95733072,723953
6,96130671,723957
6,96502246,723958
6,96856901,723958
6,97225042,723960
6,97587551,723961
6,98002478,723962
6,98380222,723963
6,98753841,723965
6,99152195,723965
6,99546900,723966
6,99936227,723968
6,100339030,723968
6,100751525,723969
6,101117855,723971
6,101504229,723971
6,101878807,723971
6,102234893,723972
6,102649009,723973
6,103006485,723974
6,103398945,723974
6,103752419,723974
6,104131921,723975
6,104523019,723975
6,104877050,723976
6,105253411,723977
6,105648166,723977
6,106024631,723977
6,106378913,723977
6,106751968,723978
6,107107186,723978
6,107461099,723980
6,107855695,723980
6,108212016,723980
6,108587032,723980
6,108998849,723980
6,109360669,723981
6,109754288,723981
6,110130632,723981
6,110526207,723982
6,110953422,723984
6,111338048,723984
6,111711449,723983
6,112108802,723984
6,112482109,723984
6,112836161,723984
6,113234597,723984
6,113608763,723984
6,114007752,723987
6,114400260,723985
6,114776564,723984
6,115173443,723987
6,115550578,723988
6,115956617,723986
6,116317563,723987
6,116713924,723988
6,117087179,723988
6,117481231,723988
6,117835162,723989
6,118212297,723989
6,118606063,723989
6,118970144,723989
6,119339064,723989
6,119733969,723989
6,120110708,723988
6,120504265,723988
6,120880335,723989
6,121288005,723990
6,121649202,723990
6,122006041,723990
6,122401753,723992
6,122795310,723991
6,123172455,723991
6,123571168,723992
6,123970579,723992
6,124358612,723993
6,124753437,723993
6,125109301,723993
6,125491101,723993
6,125878849,723993
6,126233599,723993
7,738788,24002
7,1097919,24347
7,1491722,24807
7,1879854,25336
7,2293075,26164
7,2682251,27047
7,3079630,28199
7,3455278,29404
7,3863648,31191
7,4265416,32751
7,4657906,34760
7,5057958,36917
7,5451027,38978
7,5803650,41481
7,6252930,44231
7,6619728,46836
7,6995741,50029
7,7388569,52958
7,7761607,55986
7,8119439,59599
7,8512241,62971
7,8895621,67057
7,9285344,70742
7,9658645,74511
7,10016801,79066
7,10413668,83314
7,10785628,88249
7,11183792,92664
7,11577591,98075
7,11958644,103646
7,12351084,108539
7,12741182,114530
7,13139889,120677
7,13536882,126064
7,13910930,132729
7,14304348,138549
7,14657955,144423
7,15035246,151689
7,15430865,157814
7,15783853,164338
7,16159553,172022
7,16555831,178673
7,16932063,186782
7,17325500,193787
7,17681243,201148
7,18077597,209572
7,18475600,218369
7,18875947,227206
7,19286467,236381
7,19702366,245669
7,20100734,255181
7,20512462,263712
7,20879412,273523
7,21266597,282428
7,21659640,292613
7,22057703,302634
7,22460489,312730
7,22859785,322775
7,23263297,331611
7,23658965,341689
7,24036980,351761
7,24451390,362011
7,24856067,372174
7,25263577,382414
7,25658170,391412
7,26016622,400291
7,26388034,409316
7,26761855,418215
7,27119214,428508
7,27512261,437455
7,27877088,446398
7,28268173,456677
7,28660488,466850
7,29059140,476903
7,29452247,485219
7,29807186,493569
7,30184657,503091
7,30580498,511061
7,30957148,520212
7,31396298,528993
7,31785793,537787
7,32183714,546255
7,32575908,553630
7,32953267,561686
7,33331308,568778
7,33705467,575497
7,34083237,583235
7,34472753,590575
7,34876230,596938
7,35265057,604037
7,35661377,610836
7,36057246,616800
7,36432071,623107
7,36825614,628719
7,37226551,634797
7,37616876,640549
7,37992951,645743
7,38365810,650448
7,38741939,655716
7,39120148,660440
7,39492628,664700
7,39876531,669427
7,40264252,673694
7,40616884,677596
7,40993530,681748
7,41387580,685380
7,41762293,688898
7,42122079,692577
7,42515329,695578
7,42894412,698934
7,43286505,702087
7,43681598,704619
7,44079766,707373
7,44486174,709859
7,44878914,711845
7,45242517,713960
7,45638693,715862
7,46037851,717398
7,46409890,718997
7,46849178,720364
7,47246209,721562
7,47638921,722394
7,47995486,723074
7,48371113,723685
7,48762229,724074
7,49119229,724295
7,49491903,724344
7,49899194,724324
7,50311235,724601
7,50701385,724711
7,51079069,724860
7,51475100,725002
7,51892943,725015
7,52284010,725047
7,52657069,725039
7,53016564,725012
7,53412389,724983
7,53785594,724943
7,54183976,724912
7,54577332,724880
7,54957034,724842
7,55329742,724805
7,55724632,724774
7,56120853,724746
7,56493698,724715
7,56895037,724690
7,57264095,724662
7,57660394,724641
7,58036091,724612
7,58431223,724585
7,58803467,724559
7,59201191,724532
7,59564143,724506
7,59935801,724475
7,60327527,724448
7,60699865,724422
7,61060558,724392
7,61470411,724371
7,61828655,724345
7,62222504,724323
7,62639052,724303
7,63036319,724285
7,63408147,724268
7,63763849,724251
7,64158927,724236
7,64534773,724222
7,64932803,724211
7,65305201,724199
7,65659149,724189
7,66015289,724183
7,66388662,724174
7,66782592,724171
7,67138748,724166
7,67512992,724158
7,67876368,724152
7,68263434,724146
7,68638850,724140
7,69052284,724134
7,69411557,724127
7,69806222,724123
7,70224174,724114
7,70617864,724106
7,70994861,724102
7,71396814,724098
7,71786068,724092
7,72163346,724089
7,72534220,724084
7,72933819,724078
7,73326862,724074
7,73700212,724071
7,74100446,724065
7,74514836,724059
7,74911779,724056
7,75287169,724050
7,75679017,724046
7,76058287,724043
7,76474547,724040
7,76877567,724035
7,77288058,724032
7,77678491,724029
7,78057705,724025
7,78451744,724021
7,78823569,724010
7,79227651,723997
7,79639854,723981
7,80035520,723964
7,80410035,723954
7,80825640,723943
7,81221870,723933
7,81637689,723927
7,81993297,723906
7,82386818,723891
7,82764936,723863
7,83182400,723828
7,83575259,723799
7,83933232,723772
7,84307320,723754
7,84704106,723748
7,85077084,723756
7,85474495,723771
7,85896041,723792
7,86286291,723811
7,86681622,723826
7,87077038,723842
7,87469935,723852
7,87842441,723867
7,88244722,723879
7,88638500,723888
7,88994970,723898
7,89366676,723906
7,89740483,723909
7,90139667,723912
7,90533666,723913
7,90896222,723913
7,91262904,723917
7,91616190,723917
7,91993781,723920
7,92386899,723921
7,92740805,723924
7,93118360,723927
7,93521965,723929
7,93936205,723932
7,94329116,723934
7,94705599,723937
7,95104473,723940
7,95472441,723943
7,95877792,723945
7,96276101,723950
7,96637116,723951
7,96994512,723955
7,97390219,723956
7,97762782,723957
7,98119103,723959
7,98494170,723961
7,98891279,723962
7,99285742,723963
7,99679036,723965
7,100055829,723965
7,100429906,723966
7,100782346,723967
7,101139469,723967
7,101513365,723969
7,101874602,723971
7,102262055,723971
7,102637937,723972
7,102992988,723972
7,103386503,723973
7,103762010,723973
7,104118552,723973
7,104511248,723975
7,104896006,723975
7,105285849,723975
7,105681989,723975
7,106077917,723976
7,106476589,723977
7,106878119,723977
7,107268232,723977
7,107657744,723978
7,108014971,723979
7,108407620,723979
7,108763229,723979
7,109120165,723981
7,109491704,723981
7,109876391,723981
7,110264046,723982
7,110659426,723982
7,111014738,723982
7,111385969,723982
7,111739669,723982
7,112118437,723983
7,112511318,723983
7,112874977,723982
7,113263482,723982
7,113636228,723982
7,113993964,723982
7,114387630,723984
7,114761288,723984
7,115118335,723984
7,115490855,723984
7,115895580,723984
7,116284518,723985
7,116678661,723987
7,117057143,723985
7,117450573,723985
7,117844121,723987
7,118202298,723987
7,118596652,723986
7,118985958,723986
7,119369184,723987
7,119762972,723988
7,120138779,723988
7,120545549,723988
7,120911054,723988
7,121307136,723988
7,121675293,723988
7,122031481,723988
7,122383859,723990
7,122740954,723990
7,123117866,723990
7,123513406,723990
7,123872366,723990
7,124263866,723991
7,124659472,723991
7,125054816,723991
7,125404612,723991
7,125783908,723991
7,126136379,723991
7,126492328,723991
7,126876799,723991
7,127263538,723991
7,127661048,723991
8,735397,23995
8,1095926,24280
8,1489555,24752
8,1846911,25261
8,2236876,25929
8,2616598,26919
8,3009904,27893
8,3386278,29044
8,3742129,30582
8,4136347,32057
8,4509940,33744
8,4886762,35798
8,5284361,38081
8,5683681,40193
8,6070174,42816
8,6444309,45304
8,6824915,48375
8,7217116,51249
8,7589805,54227
8,7945957,57299
8,8298374,60512
8,8681633,64448
8,9071000,68067
8,9423122,71770
8,9802130,76136
8,10175462,80218
8,10548104,84515
8,10930722,89470
8,11322689,93966
8,11699788,99459
8,12093580,104322
8,12445487,109241
8,12824494,115287
8,13218116,120661
8,13569224,126044
8,13929057,132703
8,14341637,138529
8,14707962,145278
8,15125890,152551
8,15511836,158690
8,15907799,166271
8,16303355,173860
8,16705381,181688
8,17112030,188754
8,17470280,196913
8,17887533,205346
8,18283422,213968
8,18705499,222760
8,19093702,230680
8,19468683,238682
8,19823084,246905
8,20196947,256395
8,20570467,264967
8,20929779,273560
8,21299580,282453
8,21687242,292635
8,22073231,302644
8,22469604,311454
8,22866687,321516
8,23260564,330351
8,23615217,340419
8,24008972,349267
8,24386216,358146
8,24743047,368197
8,25131637,376703
8,25510058,384892
8,25888771,394541
8,26264893,403149
8,26635889,413507
8,27036985,424253
8,27447328,433658
8,27804439,443054
8,28196933,453564
8,28569077,462677
8,28925388,471858
8,29299054,481667
8,29702027,490979
8,30096636,499229
8,30485854,508711
8,30863661,516647
8,31236861,524538
8,31589979,532347
8,31949245,540041
8,32321883,547427
8,32681332,555942
8,33095016,564277
8,33489256,571329
8,33845096,578988
8,34239626,585754
8,34589720,592177
8,34967044,598623
8,35344771,605608
8,35719455,611511
8,36090530,617442
8,36464135,623049
8,36824965,629365
8,37220178,634675
8,37589931,639745
8,37946566,644906
8,38300052,649743
8,38691285,654935
8,39071112,659629
8,39431871,664629
8,39823966,668653
8,40194697,672804
8,40549376,676830
8,40926035,680938
8,41306063,684430
8,41705842,688460
8,42128355,692191
8,42514742,695583
8,42909807,698852
8,43322790,701986
8,43723386,704561
8,44092117,706965
8,44445615,709168
8,44803978,711499
8,45196378,713395
8,45551081,715162
8,45930241,716770
8,46322478,718444
8,46704619,719883
8,47094777,720992
8,47488858,722070
8,47865973,722806
8,48239943,723421
8,48591695,723902
8,48948538,724204
8,49343028,724354
8,49714363,724341
8,50074211,724416
8,50445718,724674
8,50804056,724739
8,51197061,724877
8,51549935,724993
8,51929364,724977
8,52321749,725017
8,52703439,725006
8,53095235,724985
8,53489617,724982
8,53866853,724975
8,54280766,724951
8,54637003,724916
8,55013279,724864
8,55390051,724809
8,55766081,724745
8,56161797,724701
8,56552036,724661
8,56928512,724632
8,57302954,724597
8,57704342,724587
8,58093570,724571
8,58487840,724545
8,58847631,724513
8,59242031,724476
8,59636591,724444
8,60015972,724411
8,60409644,724380
8,60824591,724367
8,61197246,724353
8,61550067,724345
8,61927167,724339
8,62301688,724333
8,62715792,724318
8,63075330,724302
8,63447881,724283
8,63854909,724264
8,64219426,724248
8,64614153,724240
8,64990561,724229
8,65386188,724225
8,65788159,724219
8,66174809,724213
8,66553449,724202
8,66929320,724186
8,67322872,724176
8,67700991,724166
8,68091327,724159
8,68445716,724153
8,68804991,724147
8,69176358,724141
8,69550068,724132
8,69950250,724127
8,70342625,724123
8,70705017,724118
8,71094720,724117
8,71489662,724114
8,71888979,724108
8,72281046,724100
8,72683821,724095
8,73072242,724086
8,73459481,724076
8,73849043,724071
8,74240095,724068
8,74613399,724064
8,75015458,724058
8,75403785,724056
8,75783938,724055
8,76198347,724047
8,76593692,724044
8,76949004,724041
8,77323331,724037
8,77739448,724036
8,78096436,724033
8,78487358,724029
8,78845589,724025
8,79218377,724025
8,79570838,724021
8,79926650,724021
8,80320826,724024
8,80703635,724025
8,81093807,724029
8,81489593,724032
8,81866050,724032
8,82239885,724030
8,82634465,724027
8,83051662,724025
8,83448308,724025
8,83822420,724023
8,84216432,724022
8,84592376,724022
8,84947727,724022
8,85340976,724016
8,85704325,724010
8,86092181,724008
8,86468472,724006
8,86847176,724004
8,87249434,724005
8,87616202,724010
8,88021107,724011
8,88389484,724011
8,88786934,724011
8,89195908,724011
8,89550649,724011
8,89931981,724008
8,90302833,724007
8,90701102,724007
8,91094641,724007
8,91489346,724003
8,91846731,724003
8,92215995,724001
8,92570412,723997
8,92930260,723995
8,93300453,723992
8,93704306,723988
8,94094931,723985
8,94489500,723986
8,94866739,723986
8,95239519,723986
8,95633565,723986
8,96030552,723986
8,96425914,723987
8,96823357,723988
8,97217727,723990
8,97592054,723990
8,97950405,723990
8,98342511,723989
8,98721193,723987
8,99137224,723986
8,99535786,723983
8,99949324,723982
8,100367394,723978
8,100761414,723971
8,101134933,723963
8,101533037,723947
8,101946831,723929
8,102345249,723909
8,102720423,723891
8,103113490,723877
8,103467737,723866
8,103824768,723856
8,104195882,723850
8,104550129,723847
8,104929779,723844
8,105321429,723835
8,105683744,723817
8,106074027,723790
8,106448693,723760
8,106845640,723741
8,107218564,723731
8,107615092,723731
8,107991415,723749
8,108385302,723774
8,108767309,723801
8,109160594,723832
8,109573612,723855
8,109991781,723873
8,110386397,723884
8,110766347,723893
8,111160924,723898
8,111571092,723901
8,111940861,723903
8,112310352,723905
8,112709847,723907
8,113095775,723909
8,113468241,723909
8,113825129,723909
8,114217995,723910
8,114590604,723911
8,114947962,723911
8,115342045,723912
8,115719399,723916
8,116114500,723918
8,116487501,723923
8,116844795,723927
8,117237593,723929
8,117612057,723935
8,118013905,723937
8,118389516,723942
8,118781153,723946
8,119198169,723948
8,119591684,723950
8,119969482,723952
8,120362588,723955
8,120722307,723955
8,121092410,723958
8,121489901,723958
8,121866482,723960
8,122262051,723960
8,122634470,723962
8,123032225,723963
8,123446593,723964
8,123804624,723966
8,124199790,723967
8,124593795,723968
8,124990624,723971
8,125386572,723972
8,125760495,723973
8,126159950,723975
8,126571260,723975
8,126925942,723976
8,127300160,723978
8,127704102,723979
8,128114085,723979
8,128466695,723980
8,128824237,723981
8,129215456,723981
8,129591560,723981
8,129946591,723981
8,130299993,723981
8,130686107,723983
8,131072744,723983
8,131424640,723984
8,131801808,723987
8,132196440,723986
8,132557385,723986
8,132928650,723987
8,133322439,723988
8,133699886,723988
8,134092909,723988
8,134438936,723988
8,134794066,723989
8,135166866,723989
8,135536508,723990
8,135872210,723990
8,136234925,723990
8,136596610,723990
8,136951195,723990
8,137271453,723991
8,137584379,723991
8,137896610,723992
8,138187872,723991
8,138499386,723992
8,138814246,723992
8,139126814,723992
8,139459704,723992
8,139792772,723993
8,140115807,723993
9,733644,23999
9,1121239,24350
9,1514387,24831
9,1912050,25357
9,2307461,26186
9,2701684,27211
9,3138148,28368
9,3514308,29596
9,3910197,31202
9,4304806,32976
9,4699332,34728
9,5058074,36871
9,5451581,38915
9,5822720,41431
9,6241514,44185
9,6637363,46804
9,7014927,49995
9,7408901,52897
9,7760903,55906
9,8138845,59531
9,8532265,62930
9,8921661,67032
9,9305637,71221
9,9701407,75014
9,10097047,79646
9,10492549,84536
9,10909801,89451
9,11303844,93924
9,11656564,98767
9,12011085,103657
9,12385658,108492
9,12743016,114517
9,13138820,119960
9,13512749,126032
9,13911577,131844
9,14305063,138590
9,14700656,144393
9,15056330,151646
9,15451392,158730
9,15899771,166224
9,16263722,172908
9,16642038,180671
9,17035769,187733
9,17429419,195868
9,17804575,204314
9,18201309,211762
9,18577386,220570
9,18995146,229520
9,19407640,237519
9,19763588,246894
9,20139194,255192
9,20522226,264958
9,20914517,273554
9,21306841,283717
9,21698246,292638
9,22061084,302634
9,22449398,311439
9,22825056,321528
9,23229183,331618
9,23638402,340454
9,24035617,350561
9,24410136,360755
9,24803478,369655
9,25200172,379909
9,25574718,388859
9,25955001,399087
9,26344827,408064
9,26723195,418255
9,27117560,427258
9,27512382,437471
9,27909808,447698
9,28303619,456693
9,28657555,465579
9,29013705,474485
9,29407862,484005
9,29782328,492364
9,30158530,500699
9,30516342,509908
9,30926008,517871
9,31306895,526808
9,31700905,534480
9,32056465,543070
9,32451038,550504
9,32805753,558684
9,33223348,566816
9,33617421,573627
9,34014156,581301
9,34408880,588772
9,34803035,595990
9,35221746,603153
9,35614826,609063
9,35993137,615933
9,36386112,621509
9,36741543,627071
9,37119157,633346
9,37511474,638363
9,37875009,643542
9,38263732,649230
9,38637247,653748
9,39014010,659195
9,39407807,663677
9,39760621,667713
9,40138000,672563
9,40531046,676709
9,40907591,680319
9,41260746,683835
9,41614555,687458
9,42017132,691331
9,42409077,694777
9,42806075,698074
9,43203285,701260
9,43612766,704255
9,44016054,706692
9,44407910,709215
9,44782300,711261
9,45149951,713185
9,45512216,714966
9,45874637,716811
9,46263256,718281
9,46636859,719576
9,46991861,720865
9,47387731,721845
9,47761011,722624
9,48116539,723344
9,48512225,723842
9,48894994,724192
9,49285701,724332
9,49659290,724320
9,50056765,724379
9,50430759,724655
9,50824170,724726
9,51227440,724881
9,51614739,724977
9,52012110,724983
9,52406612,725019
9,52784341,724995
9,53181369,724973
9,53555649,724939
9,53952401,724901
9,54350840,724872
9,54740825,724841
9,55121722,724821
9,55511756,724816
9,55898278,724780
9,56265510,724743
9,56656970,724704
9,57015206,724661
9,57410049,724611
9,57803256,724567
9,58202443,724532
9,58599876,724509
9,58993554,724476
9,59365715,724453
9,59741202,724430
9,60139511,724411
9,60512434,724392
9,60874551,724375
9,61263061,724366
9,61636696,724356
9,61992739,724342
9,62386314,724335
9,62761131,724332
9,63124177,724323
9,63514557,724309
9,63935926,724293
9,64305084,724277
9,64698802,724257
9,65058591,724238
9,65429770,724218
9,65823548,724204
9,66227334,724194
9,66616382,724184
9,67013820,724178
9,67421139,724174
9,67793906,724171
9,68180276,724170
9,68552567,724168
9,68912697,724162
9,69303203,724152
9,69668106,724140
9,70058327,724128
9,70430921,724121
9,70803212,724109
9,71203213,724102
9,71596215,724096
9,71994115,724090
9,72387326,724084
9,72783517,724080
9,73139027,724077
9,73513214,724076
9,73915546,724074
9,74304317,724068
9,74700838,724062
9,75103569,724054
9,75512620,724050
9,75877673,724044
9,76243439,724038
9,76636503,724031
9,77015026,724022
9,77409311,724011
9,77805421,723996
9,78226919,723981
9,78616788,723964
9,79014389,723951
9,79408408,723939
9,79761232,723931
9,80115789,723925
9,80512369,723921
9,80912461,723916
9,81305003,723917
9,81698007,723920
9,82057324,723923
9,82427298,723923
9,82780427,723925
9,83139671,723928
9,83531369,723930
9,83907290,723931
9,84260133,723931
9,84612914,723925
9,84991374,723910
9,85386134,723900
9,85739169,723892
9,86121216,723879
9,86513436,723876
9,86910765,723872
9,87305784,723866
9,87700703,723852
9,88055783,723835
9,88450082,723817
9,88823847,723802
9,89225662,723799
9,89636669,723805
9,89993253,723816
9,90369116,723838
9,90760229,723859
9,91119470,723880
9,91514550,723893
9,91910917,723905
9,92315614,723911
9,92699200,723916
9,93057212,723919
9,93429234,723922
9,93855526,723926
9,94252848,723927
9,94619397,723930
9,95014052,723932
9,95408390,723933
9,95804888,723934
9,96200998,723934
9,96598821,723935
9,97015163,723936
9,97406183,723937
9,97782150,723940
9,98139557,723943
9,98533922,723947
9,98911770,723949
9,99305770,723951
9,99701977,723954
9,100103555,723956
9,100490389,723957
9,100875839,723959
9,101265612,723961
9,101655889,723963
9,102034369,723963
9,102427829,723965
9,102802670,723965
9,103199724,723966
9,103552280,723966
9,103930235,723967
9,104324409,723969
9,104698909,723969
9,105053660,723969
9,105407341,723971
9,105759985,723973
9,106117138,723973
9,106510007,723974
9,106892537,723974
9,107261118,723974
9,107613533,723977
9,107996643,723978
9,108387665,723979
9,108783514,723979
9,109140365,723980
9,109513111,723981
9,109910534,723981
9,110305162,723980
9,110698864,723980
9,111054968,723981
9,111428928,723981
9,111801779,723981
9,112201247,723981
9,112578136,723982
9,112954615,723982
9,113345248,723982
9,113703471,723982
9,114078577,723984
9,114473585,723985
9,114873513,723984
9,115239687,723985
9,115614864,723986
9,116012569,723985
9,116406839,723986
9,116771192,723985
9,117157510,723986
9,117532266,723986
9,117907630,723987
9,118290679,723987
9,118657465,723987
9,119034764,723988
9,119428295,723987
9,119802437,723987
9,120202176,723988
9,120579064,723988
9,120976407,723988
9,121386825,723988
9,121741645,723988
9,122139845,723989
9,122509338,723988
9,122876122,723988
9,123263530,723988
9,123636943,723989
9,123993855,723990
9,124387370,723990
9,124762236,723990
9,125160688,723991
9,125532600,723991
9,125896750,723991
9,126302807,723992
9,126655690,723992
9,127014205,723992
9,127407682,723992
9,127760598,723992
9,128136975,723992
9,128510448,723993
9,128873716,723993
10,757663,24037
10,1146493,24421
10,1518760,24891
10,1850739,25356
10,2213447,26068
10,2620225,27079
10,2991620,28063
10,3373895,29415
10,3724772,30595
10,4035188,31847
10,4346511,33238
10,4663435,34745
10,4976161,36326
10,5342861,38641
10,5705457,40808
10,6061186,43150
10,6387109,45300
10,6720470,47988
10,7051814,50425
10,7366444,52913
10,7679737,55480
10,7991072,58151
10,8310484,61434
10,8663282,64434
10,8971659,68068
10,9347669,71749
10,9698561,75564
10,10039444,79647
10,10394969,83940
10,10752005,88238
10,11103725,92622
10,11522936,98076
10,11879303,102978
10,12237421,107092
10,12586539,112171
10,12926181,117638
10,13273777,122969
10,13638836,128432
10,13986151,134404
10,14348087,140198
10,14703586,146142
10,15076357,152521
10,15448507,159613
10,15847129,166213
10,16205311,172894
10,16561191,179667
10,16910375,186733
10,17265012,193768
10,17640631,201157
10,18014852,209575
10,18396411,217274
10,18777372,226084
10,19169639,234104
10,19562553,243302
10,19937559,251624
10,20294749,260000
10,20672402,269816
10,21065090,278603
10,21436365,288736
10,21857828,298921
10,22253665,308810
10,22670261,317715
10,23023240,326551
10,23373057,335334
10,23754977,345539
10,24150414,355580
10,24571763,365792
10,24960095,374669
10,25315573,383408
10,25712031,393405
10,26085749,403174
10,26493656,411796
10,26854905,420391
10,27223828,429174
10,27594584,439440
10,27993421,448546
10,28360551,459185
10,28769246,469721
10,29176632,479739
10,29575043,488167
10,29964472,497844
10,30368097,507439
10,30762437,516529
10,31176931,525631
10,31575943,533469
10,31947375,542173
10,32344671,549774
10,32719808,558237
10,33110081,566465
10,33535716,574391
10,33930606,581194
10,34301595,588718
10,34698964,595088
10,35071714,602323
10,35480169,609104
10,35886748,615938
10,36277306,621539
10,36676266,627881
10,37084314,634080
10,37485032,639796
10,37884609,645661
10,38260920,650492
10,38658309,655670
10,39031771,660324
10,39405477,665251
10,39804492,669249
10,40178054,674031
10,40575530,677938
10,40943006,681920
10,41367882,685961
10,41760272,689465
10,42136238,693058
10,42522523,696405
10,42950427,699662
10,43344621,702740
10,43746668,705264
10,44157685,707927
10,44535393,710360
10,44942965,712601
10,45345519,714425
10,45725818,716330
10,46134380,718045
10,46538636,719549
10,46927792,720684
10,47303185,721819
10,47699710,722601
10,48068934,723327
10,48465609,723898
10,48884799,724229
10,49277958,724336
10,49678746,724314
10,50049735,724520
10,50445471,724811
10,50906408,724849
10,51276733,725009
10,51675719,725062
10,52069879,725045
10,52457278,725043
10,52860154,724974
10,53275669,724927
10,53677492,724893
10,54047952,724867
10,54456331,724849
10,54856209,724813
10,55206987,724789
10,55563360,724767
10,55937604,724742
10,56318617,724703
10,56693104,724674
10,57065762,724641
10,57497743,724602
10,57889932,724564
10,58256921,724531
10,58673418,724509
10,59078905,724493
10,59481381,724477
10,59884020,724468
10,60271723,724455
10,60647982,724436
10,61000964,724414
10,61380414,724395
10,61781292,724374
10,62165110,724353
10,62574659,724332
10,62944929,724311
10,63320043,724283
10,63714927,724262
10,64089091,724248
10,64493955,724243
10,64856324,724236
10,65250078,724235
10,65651375,724239
10,66041523,724237
10,66431720,724224
10,66844701,724213
10,67225437,724200
10,67637972,724189
10,68033220,724180
10,68429403,724170
10,68845278,724163
10,69217288,724151
10,69618525,724139
10,70010899,724131
10,70380008,724121
10,70779030,724111
10,71171829,724103
10,71569322,724100
10,71961911,724098
10,72368035,724093
10,72741074,724086
10,73131592,724084
10,73513017,724076
10,73897163,724072
10,74256616,724064
10,74635190,724057
10,75027398,724054
10,75403063,724048
10,75805039,724043
10,76168563,724042
10,76528939,724039
10,76918978,724034
10,77278720,724031
10,77677810,724028
10,78068645,724028
10,78459144,724028
10,78859662,724028
10,79260396,724027
10,79657900,724027
10,80053488,724024
10,80419693,724024
10,80815099,724024
10,81188349,724025
10,81544090,724029
10,81942242,724031
10,82313685,724032
10,82672049,724035
10,83080943,724036
10,83439477,724039
10,83840099,724040
10,84209218,724040
10,84564671,724033
10,84959022,724028
10,85334341,724025
10,85689468,724025
10,86085522,724026
10,86480525,724025
10,86882430,724022
10,87253599,724021
10,87629633,724018
10,88003181,724022
10,88399274,724023
10,88799510,724021
10,89167183,724018
10,89532220,724011
10,89920599,724007
10,90292692,724005
10,90650973,724000
10,91043363,723995
10,91418706,723990
10,91773054,723985
10,92168458,723978
10,92544787,723973
10,92937906,723969
10,93312831,723967
10,93670306,723966
10,94063353,723966
10,94438542,723968
10,94861939,723974
10,95250319,723974
10,95628295,723974
10,96021747,723975
10,96374301,723974
10,96752061,723971
10,97146373,723966
10,97530612,723963
10,97921872,723959
10,98315663,723957
10,98692355,723956
10,99086375,723956
10,99460020,723956
10,99859236,723956
10,100272066,723955
10,100626750,723951
10,101001585,723947
10,101398483,723944
10,101774883,723936
10,102168958,723929
10,102566871,723924
10,102959952,723919
10,103333896,723919
10,103714494,723922
10,104110109,723924
10,104529348,723929
10,104917307,723933
10,105293542,723939
10,105648906,723942
10,106022369,723944
10,106375242,723947
10,106772505,723949
10,107146244,723950
10,107518884,723951
10,107897938,723952
10,108272156,723953
10,108628406,723951
10,109024230,723951
10,109399672,723951
10,109794599,723951
10,110169019,723954
10,110530171,723954
10,110927714,723957
10,111295873,723959
10,111698525,723962
10,112089115,723963
10,112462808,723967
10,112876976,723969
10,113249619,723970
10,113630569,723970
10,114001354,723964
10,114376130,723949
10,114772669,723936
10,115125045,723925
10,115511623,723911
10,115876372,723905
10,116247840,723895
10,116628639,723874
10,117019977,723851
10,117375422,723826
10,117753218,723800
10,118146181,723783
10,118521289,723778
10,118922929,723785
10,119312666,723804
10,119673126,723828
10,120064821,723856
10,120460287,723885
10,120905442,723903
10,121273318,723914
10,121669998,723922
10,122065028,723925
10,122458548,723926
10,122862262,723926
10,123270455,723928
10,123630338,723929
10,124045887,723930
10,124440758,723931
10,124858958,723931
10,125250786,723931
10,125629790,723932
10,126023126,723932
10,126396281,723934
10,126754507,723937
10,127147515,723938
10,127529461,723943
10,127918217,723946
10,128271533,723950
10,128646395,723951
10,129000881,723958
10,129375113,723959
10,129771838,723961
10,130126288,723962
10,130512222,723963
10,130902534,723964
10,131292981,723966
10,131680369,723967
10,132067178,723968
10,132462948,723970
10,132841778,723971
10,133210725,723971
10,133613695,723973
10,134023294,723974
10,134418043,723974
10,134773631,723976
10,135166907,723976
10,135558197,723977
10,135923049,723978
10,136313714,723980
10,136673898,723980
10,137065791,723980
10,137459268,723981
10,137861374,723981
10,138270318,723981
10,138628823,723984
10,139021086,723984
10,139394376,723984
10,139753353,723985
10,140145580,723985
10,140528025,723985
10,140939137,723985
10,141291058,723986
10,141652429,723987
10,142065221,723986
10,142461577,723987
10,142843295,723987
10,143230870,723986
10,143591509,723986
10,143959437,723986
10,144312136,723986
10,144670906,723987
10,145062572,723987
10,145438798,723987
10,145861096,723988
10,146270867,723989
10,146629908,723989
10,147024550,723989
10,147417568,723989
10,147793651,723990
10,148211056,723990
10,148566204,723989
10,148960596,723989
10,149312544,723989
10,149690327,723989
10,150085793,723989
10,150464217,723989
10,150882640,723989
11,739243,24001
11,1119936,24282
11,1496013,24846
11,1910962,25305
11,2270843,26089
11,2666131,27113
11,3075583,28095
11,3454257,29436
11,3848042,30819
11,4211060,32535
11,4622835,34496
11,5018067,36330
11,5399375,38635
11,5789149,41123
11,6215927,43844
11,6600876,46432
11,6971785,49193
11,7349880,52486
11,7743405,55465
11,8100918,59051
11,8495631,62412
11,8870003,65977
11,9247133,70140
11,9642952,74382
11,10040243,78965
11,10457877,83875
11,10870101,88180
11,11226093,93200
11,11640391,98015
11,11993528,102957
11,12350127,108454
11,12763842,113652
11,13116925,119931
11,13515954,125223
11,13888804,130922
11,14247423,137724
11,14660112,143523
11,15017440,150673
11,15416135,157806
11,15825559,164271
11,16189699,170997
11,16580710,178675
11,16975465,185736
11,17330874,193767
11,17702128,201168
11,18074779,208514
11,18456981,217284
11,18850488,224970
11,19208357,232977
11,19599898,242138
11,19970887,250462
11,20351470,260023
11,20744597,268626
11,21097688,277348
11,21454101,286225
11,21845900,296460
11,22224874,306204
11,22619456,315099
11,22991255,323931
11,23347931,332704
11,23722556,341602
11,24075313,350487
11,24451560,360725
11,24847239,369662
11,25208441,379922
11,25605096,388875
11,25976104,399105
11,26373496,408104
11,26767485,418313
11,27145810,427310
11,27516875,437531
11,27913926,447731
11,28337006,458023
11,28723300,466929
11,29100887,476957
11,29497283,485268
11,29894467,494790
11,30277971,503158
11,30641494,512248
11,31043298,521351
11,31455952,530163
11,31850674,537831
11,32248616,546310
11,32621028,554724
11,33014202,561751
11,33420870,569837
11,33808614,577470
11,34208457,584201
11,34575061,590593
11,34929549,596942
11,35328218,604032
11,35700033,609960
11,36054706,615959
11,36440025,622313
11,36828270,627888
11,37191394,634082
11,37580404,639087
11,37953791,644261
11,38310311,649855
11,38703207,654385
11,39074857,659158
11,39436047,664247
11,39850471,668848
11,40247577,673110
11,40623053,677740
11,41016648,681773
11,41419268,685341
11,41807878,689359
11,42209013,693002
11,42601030,695969
11,42971837,698836
11,43328259,701577
11,43681006,704188
11,44053059,706948
11,44453491,709145
11,44806381,711207
11,45188237,713390
11,45576294,715152
11,45928335,716757
11,46305915,718441
11,46679977,719715
11,47053359,720835
11,47434692,721939
11,47807001,722694
11,48188618,723318
11,48579640,723894
11,48954483,724234
11,49351592,724341
11,49725279,724321
11,50118053,724501
11,50493729,724952
11,50850488,725089
11,51209118,725094
11,51576974,725223
11,51930494,725220
11,52330673,725194
11,52714379,725183
11,53098756,725113
11,53453668,725062
11,53847272,724985
11,54226505,724929
11,54597885,724884
11,54949453,724839
11,55307603,724785
11,55701590,724746
11,56054972,724709
11,56432122,724678
11,56804538,724641
11,57207298,724605
11,57605406,724580
11,57972947,724552
11,58329434,724524
11,58722006,724500
11,59073938,724478
11,59452805,724459
11,59804725,724439
11,60192983,724416
11,60583693,724396
11,60971344,724378
11,61354869,724358
11,61745633,724342
11,62098810,724328
11,62478234,724315
11,62871405,724299
11,63229098,724286
11,63601789,724267
11,63995679,724253
11,64372247,724237
11,64767597,724224
11,65168539,724212
11,65557632,724198
11,65950161,724190
11,66307839,724184
11,66704438,724174
11,67076049,724167
11,67453876,724160
11,67847876,724151
11,68207729,724140
11,68596715,724133
11,68971330,724127
11,69328920,724122
11,69679946,724118
11,70053682,724114
11,70455902,724108
11,70829563,724102
11,71225893,724095
11,71620727,724090
11,71995459,724083
11,72371704,724077
11,72762962,724073
11,73116896,724071
11,73514749,724067
11,73887887,724064
11,74248573,724063
11,74640284,724057
11,75013122,724054
11,75372863,724050
11,75743430,724047
11,76095547,724045
11,76464054,724041
11,76850365,724036
11,77227162,724030
11,77618898,724024
11,77971330,724019
11,78348157,724008
11,78699915,724000
11,79053807,723980
11,79432035,723959
11,79824899,723947
11,80191086,723933
11,80580575,723923
11,80953564,723906
11,81310121,723891
11,81691245,723870
11,82076554,723854
11,82436213,723828
11,82805983,723785
11,83207315,723748
11,83580687,723714
11,83970286,723694
11,84325991,723693
11,84679490,723702
11,85053256,723728
11,85431719,723763
11,85803743,723796
11,86189873,723829
11,86579870,723850
11,86954424,723867
11,87350537,723878
11,87723209,723884
11,88074216,723893
11,88432296,723900
11,88806420,723907
11,89207839,723914
11,89597408,723917
11,89949846,723920
11,90327059,723922
11,90678767,723920
11,91052266,723919
11,91454846,723917
11,91849759,723914
11,92224025,723917
11,92574024,723919
11,92949692,723921
11,93304374,723927
11,93699103,723931
11,94052755,723933
11,94433448,723936
11,94829483,723939
11,95192342,723942
11,95581224,723945
11,95955268,723948
11,96328869,723952
11,96678574,723953
11,97074708,723954
11,97434400,723958
11,97807079,723960
11,98210670,723960
11,98575264,723961
11,98928625,723962
11,99308939,723963
11,99700884,723963
11,100053227,723964
11,100442484,723966
11,100805296,723967
11,101187826,723967
11,101574211,723968
11,101948958,723969
11,102309190,723971
11,102700350,723971
11,103073641,723973
11,103436473,723973
11,103828233,723974
11,104191881,723974
11,104579733,723974
11,104953091,723976
11,105330281,723977
11,105729824,723977
11,106097102,723978
11,106451498,723980
11,106804885,723980
11,107188550,723979
11,107576258,723979
11,107928757,723981
11,108306364,723982
11,108703095,723982
11,109053665,723983
11,109431323,723984
11,109826192,723984
11,110186371,723985
11,110554787,723985
11,110948604,723985
11,111304541,723985
11,111679662,723986
11,112073039,723986
11,112429175,723985
11,112804499,723985
11,113189851,723986
11,113558852,723986
11,113954352,723986
11,114350296,723986
11,114745234,723987
11,115095750,723987
11,115473750,723987
11,115825038,723987
11,116189517,723987
11,116597134,723988
11,116949868,723989
11,117305538,723988
11,117678975,723988
11,118074506,723988
11,118436269,723989
11,118828004,723989
11,119213105,723989
11,119601722,723990
11,119973307,723989
11,120328892,723989
11,120720385,723989
11,121096347,723990
11,121451766,723990
11,121804463,723991
11,122187949,723991
11,122574970,723991
11,122948816,723991
11,123305458,723991
11,123699286,723991
12,716036,23995
12,1082404,24283
12,1487524,24839
12,1891843,25385
12,2285908,26099
12,2661613,27115
12,3054888,28106
12,3429776,29450
12,3838038,30831
12,4207503,32552
12,4605958,34517
12,4998052,36350
12,5390324,38660
12,5810662,41154
12,6183654,43524
12,6581994,46464
12,6952496,49218
12,7333060,52506
12,7709023,55486
12,8081085,58606
12,8456231,62422
12,8871027,66501
12,9262937,70138
12,9642346,74375
12,10032996,78363
12,10388131,82657
12,10744210,87590
12,11138507,91923
12,11521188,97311
12,11909553,102275
12,12281534,107087
12,12643544,112888
12,13035176,118400
12,13387948,123739
12,13765424,130088
12,14159879,136068
12,14535626,142698
12,14950597,148844
12,15303380,155173
12,15680843,162383
12,16075451,169094
12,16430180,176695
12,16829261,183726
12,17201549,191736
12,17619501,200119
12,18014060,207469
12,18388247,215098
12,18744567,223882
12,19136946,231842
12,19500274,239834
12,19887026,249283
12,20262624,257586
12,20637803,266188
12,20997357,276077
12,21391904,286226
12,21787072,295205
12,22198728,304991
12,22557795,313846
12,22930706,322697
12,23284250,331501
12,23656946,340338
12,24015501,350507
12,24411661,359447
12,24786208,369670
12,25181069,379927
12,25582160,388875
12,25958012,399104
12,26351481,408103
12,26745738,418319
12,27140517,428576
12,27538156,437535
12,27907434,446468
12,28260489,455448
12,28619998,465626
12,29033440,474520
12,29385419,482858
12,29742600,491206
12,30131264,500731
12,30521110,509966
12,30909213,517904
12,31282420,525752
12,31639930,534539
12,32053787,542036
12,32406413,549465
12,32789876,557661
12,33179879,564719
12,33535766,572647
12,33931140,579338
12,34303187,586043
12,34664441,593278
12,35079623,600560
12,35488867,606576
12,35850199,613418
12,36245469,619977
12,36663284,626274
12,37055910,631830
12,37430284,637622
12,37830053,642759
12,38226976,648498
12,38619700,653677
12,39013489,658424
12,39387498,663589
12,39767318,667627
12,40140983,672451
12,40537519,676605
12,40911183,680706
12,41306326,684230
12,41684908,688407
12,42077097,691745
12,42442506,695058
12,42849674,698375
12,43242783,701255
12,43618798,704224
12,44012725,706592
12,44388122,708853
12,44742515,710963
12,45116376,713116
12,45522464,715167
12,45933130,717012
12,46328815,718449
12,46725841,719882
12,47119003,721149
12,47526713,722192
12,47922569,722903
12,48285194,723502
12,48644216,724009
12,49035349,724256
12,49410332,724352
12,49767433,724331
12,50161107,724563
12,50538455,725042
12,50931804,725113
12,51307386,725176
12,51704045,725283
12,52097945,725235
12,52500499,725230
12,52888873,725177
12,53239935,725106
12,53618069,725030
12,54011842,724961
12,54386089,724903
12,54753680,724850
12,55121378,724798
12,55500280,724755
12,55889483,724719
12,56261083,724686
12,56622325,724648
12,57016038,724619
12,57388894,724590
12,57745813,724566
12,58119439,724539
12,58522509,724515
12,58908384,724493
12,59284203,724473
12,59640414,724450
12,60033626,724433
12,60410439,724413
12,60807354,724397
12,61184874,724377
12,61588739,724361
12,61956613,724346
12,62348982,724332
12,62763903,724318
12,63158114,724303
12,63548024,724286
12,63928927,724273
12,64284305,724260
12,64660462,724249
12,65011769,724235
12,65365127,724227
12,65743093,724216
12,66135389,724203
12,66504860,724191
12,66867589,724179
12,67262676,724168
12,67618781,724160
12,67991595,724151
12,68365768,724140
12,68745354,724130
12,69114884,724124
12,69501590,724115
12,69888870,724106
12,70239510,724098
12,70620827,724091
12,70992597,724085
12,71366659,724080
12,71754638,724074
12,72139678,724071
12,72535965,724069
12,72907498,724066
12,73259775,724064
12,73620108,724058
12,74010894,724054
12,74385245,724048
12,74744039,724045
12,75136489,724042
12,75518240,724040
12,75907133,724033
12,76281700,724029
12,76637130,724024
12,76990168,724020
12,77364318,724015
12,77761940,724011
12,78113893,724006
12,78501660,723994
12,78906222,723971
12,79309138,723948
12,79705195,723923
12,80083014,723896
12,80489334,723873
12,80891401,723847
12,81283386,723813
12,81660144,723767
12,82054540,723732
12,82431648,723703
12,82831210,723696
12,83208399,723698
12,83603846,723722
12,84015859,723754
12,84410535,723786
12,84784964,723817
12,85200950,723838
12,85556979,723855
12,85950358,723869
12,86325366,723878
12,86681414,723888
12,87075909,723900
12,87450217,723908
12,87850136,723915
12,88262242,723921
12,88617005,723924
12,88990364,723924
12,89387774,723922
12,89748308,723918
12,90118156,723918
12,90521595,723918
12,90910323,723918
12,91285750,723925
12,91704890,723926
12,92101187,723930
12,92522039,723934
12,92908274,723935
12,93285351,723940
12,93684300,723942
12,94056823,723946
12,94453740,723948
12,94830887,723950
12,95220420,723954
12,95584055,723956
12,95955179,723958
12,96362541,723959
12,96726676,723961
12,97116834,723962
12,97503521,723964
12,97892207,723964
12,98305118,723966
12,98663122,723966
12,99055231,723966
12,99428752,723968
12,99827632,723969
12,100204355,723970
12,100599255,723970
12,101014205,723973
12,101366616,723973
12,101742782,723974
12,102138385,723974
12,102501879,723976
12,102910030,723975
12,103272391,723976
12,103683880,723977
12,104080572,723979
12,104451915,723979
12,104870299,723979
12,105266051,723979
12,105660501,723980
12,106055249,723980
12,106429849,723980
12,106809135,723980
12,107202298,723981
12,107584962,723982
12,107971899,723983
12,108388543,723984
12,108743181,723984
12,109137990,723984
12,109522469,723984
12,109909080,723985
12,110262278,723985
12,110640000,723985
12,111033927,723986
12,111408833,723986
12,111765592,723984
12,112180274,723984
12,112538636,723986
12,112954646,723986
12,113346512,723986
12,113708321,723985
12,114080711,723987
12,114484955,723986
12,114890376,723987
12,115281896,723987
12,115660094,723987
12,116053976,723988
12,116410485,723989
12,116785780,723989
12,117179646,723990
12,117558070,723990
12,117952366,723990
12,118328993,723990
12,118724977,723990
12,119138947,723991
12,119535717,723991
12,119910920,723991
12,120304221,723991
12,120682963,723989
12,121087108,723990
12,121481818,723991
12,121868667,723990
12,122262999,723991
12,122622811,723992
12,123017237,723992
12,123390424,723990
12,123787148,723990
12,124161329,723991
12,124558487,723992
12,124929706,723992
12,125283389,723992
12,125641913,723992
12,126034602,723992
12,126408003,723993
13,904755,24001
13,1302465,24353
13,1733642,24909
13,2121005,25493
13,2516473,26365
13,2910913,27270
13,3285811,28438
13,3677956,29660
13,4053115,31055
13,4408885,32571
13,4760290,34280
13,5114939,36087
13,5498165,38372
13,5890627,40833
13,6287871,43173
13,6660162,45695
13,7014053,48813
13,7411476,51680
13,7780475,54638
13,8135657,57700
13,8496110,60958
13,8865523,64958
13,9271097,69109
13,9656954,72784
13,10030352,76640
13,10388914,80814
13,10762559,85151
13,11114952,90059
13,11511810,94577
13,11885169,99468
13,12250403,105042
13,12635863,109911
13,13008898,115260
13,13370209,121473
13,13765710,126815
13,14159329,133506
13,14558630,140210
13,14951534,147042
13,15387775,154280
13,15760032,160527
13,16134719,167191
13,16495301,174787
13,16884259,181711
13,17283517,189726
13,17660881,196921
13,18052405,205350
13,18430165,213978
13,18824371,221654
13,19176935,229513
13,19576346,238667
13,19968472,246882
13,20328715,255175
13,20724063,264937
13,21135161,274796
13,21517066,284936
13,21910407,293891
13,22306292,303755
13,22680996,313821
13,23096045,322668
13,23449974,331463
13,23802521,340298
13,24155541,349216
13,24533791,359412
13,24929612,368364
13,25284164,377347
13,25657690,386244
13,26020569,396536
13,26408977,405448
13,26801891,415722
13,27176463,424714
13,27558306,434908
13,27952237,445147
13,28351860,454058
13,28762595,464191
13,29118861,472882
13,29494850,481811
13,29885328,489473
13,30273140,498422
13,30662144,506559
13,31035061,515802
13,31451612,525259
13,31850668,534556
13,32249691,542293
13,32617404,549923
13,32989182,558464
13,33371023,565803
13,33760936,573840
13,34135214,580618
13,34494960,587258
13,34867627,593658
13,35249256,601102
13,35635102,607125
13,35988323,613120
13,36366640,619928
13,36759934,625443
13,37113319,630960
13,37491456,636975
13,37864310,642125
13,38249541,647856
13,38640331,652458
13,39009810,657076
13,39369987,661725
13,39764106,666514
13,40159141,670563
13,40515000,675297
13,40887944,679079
13,41273624,683037
13,41671396,686584
13,42030729,690075
13,42388799,693196
13,42761809,696091
13,43116931,698965
13,43515065,702117
13,43889666,705023
13,44285670,707380
13,44679526,709860
13,45051003,711851
13,45409437,713725
13,45803762,715720
13,46154732,717279
13,46531807,718709
13,46905674,719942
13,47267158,721192
13,47656561,722120
13,48030979,722854
13,48386477,723466
13,48760035,724004
13,49135446,724275
13,49495349,724383
13,49868833,724373
13,50284907,724610
13,50681665,725056
13,51056227,725191
13,51452812,725224
13,51825728,725356
13,52229800,725372
13,52634469,725330
13,52986990,725289
13,53368265,725176
13,53762543,725089
13,54117104,725003
13,54493628,724919
13,54887451,724857
13,55250992,724797
13,55658496,724752
13,56010302,724714
13,56367371,724681
13,56740019,724648
13,57133925,724625
13,57492210,724606
13,57863691,724582
13,58266134,724554
13,58655328,724529
13,59030411,724502
13,59386418,724475
13,59737710,724449
13,60111860,724427
13,60496279,724412
13,60867132,724402
13,61290771,724387
13,61680820,724377
13,62053606,724360
13,62409444,724343
13,62822600,724332
13,63175560,724319
13,63594758,724303
13,63956212,724286
13,64353066,724267
13,64763052,724251
13,65116607,724234
13,65492762,724219
13,65898394,724208
13,66288066,724200
13,66657978,724191
13,67009431,724183
13,67367306,724175
13,67762117,724172
13,68133356,724169
13,68491421,724163
13,68865582,724157
13,69247742,724146
13,69613487,724137
13,69988973,724130
13,70364694,724123
13,70759334,724118
13,71113075,724112
13,71495077,724107
13,71885907,724104
13,72249555,724097
13,72659140,724095
13,73011887,724091
13,73367739,724091
13,73762298,724089
13,74142893,724085
13,74558502,724074
13,74950412,724070
13,75307558,724067
13,75680150,724062
13,76032988,724054
13,76389784,724046
13,76782063,724044
13,77155528,724040
13,77511565,724039
13,77864135,724039
13,78248029,724041
13,78634487,724036
13,78986991,724032
13,79366997,724029
13,79759094,724027
13,80112460,724027
13,80489275,724028
13,80862892,724030
13,81265772,724030
13,81654948,724030
13,82008028,724028
13,82366019,724024
13,82740876,724017
13,83112365,724012
13,83490010,724007
13,83863429,724004
13,84246219,724001
13,84635201,723999
13,84987250,723997
13,85366191,723996
13,85760566,723996
13,86113174,723997
13,86494549,723999
13,86888512,724000
13,87270111,723999
13,87658683,723998
13,88008701,723998
13,88368840,723997
13,88760701,723991
13,89143446,723989
13,89544771,723984
13,89910450,723981
13,90305894,723980
13,90678315,723979
13,91031260,723979
13,91387694,723981
13,91759081,723985
13,92114208,723989
13,92510828,723990
13,92864280,723992
13,93252542,723992
13,93641201,723992
13,94014875,723990
13,94411124,723989
13,94805584,723989
13,95181367,723989
13,95625114,723989
13,95988635,723988
13,96366946,723985
13,96760485,723980
13,97114567,723973
13,97494225,723956
13,97886388,723937
13,98281437,723914
13,98658747,723895
13,99008626,723878
13,99366522,723865
13,99738281,723853
13,100113067,723845
13,100490257,723841
13,100863217,723835
13,101252867,723825
13,101616703,723802
13,101987664,723759
13,102368337,723720
13,102759860,723693
13,103112740,723681
13,103490405,723684
13,103884199,723702
13,104250058,723737
13,104657236,723774
13,105008705,723806
13,105365374,723834
13,105743751,723858
13,106133614,723875
13,106493944,723885
13,106865733,723893
13,107268415,723898
13,107656476,723903
13,108030793,723906
13,108386136,723909
13,108761168,723910
13,109112015,723913
13,109515665,723913
13,109889563,723913
13,110285311,723913
13,110679617,723913
13,111051408,723913
13,111409303,723915
13,111803802,723915
13,112175404,723920
13,112574770,723923
13,112947870,723926
13,113302100,723929
13,113663541,723933
13,114030773,723936
13,114385410,723939
13,114737720,723942
13,115113156,723945
13,115516007,723947
13,115906165,723949
13,116269427,723952
13,116659081,723955
13,117054494,723956
13,117409936,723957
13,117805641,723958
13,118177703,723961
13,118573578,723961
13,118929051,723962
13,119288084,723963
13,119658997,723964
13,120012181,723965
13,120368353,723966
13,120762589,723967
13,121136589,723968
13,121494114,723970
13,121866894,723971
13,122276259,723972
13,122636547,723974
13,122988187,723975
13,123388897,723976
13,123760712,723978
13,124112183,723979
13,124513035,723979
13,124863856,723979
13,125245993,723980
13,125635794,723981
13,125987312,723981
13,126369881,723982
13,126759959,723983
13,127113373,723983
13,127493733,723983
13,127888676,723983
13,128272462,723987
13,128659164,723987
13,129011940,723985
13,129388921,723987
13,129780983,723987
13,130155167,723987
13,130509838,723987
13,130864523,723987
13,131246040,723988
13,131634589,723988
13,131987909,723989
13,132364447,723989
13,132761418,723989
13,133113539,723989
13,133491625,723991
13,133886650,723991
13,134266847,723991
13,134654977,723991
13,135009430,723992
13,135365106,723992
13,135738295,723992
13,136134582,723991
13,136490304,723991
13,136863515,723991
13,137290259,723992
14,762564,24015
14,1146723,24342
14,1541555,24878
14,1936325,25361
14,2291471,26196
14,2707511,27225
14,3105912,28238
14,3504120,29617
14,3894450,31230
14,4293022,33012
14,4686196,34758
14,5063966,36903
14,5457282,38947
14,5830662,41137
14,6188240,43863
14,6582017,46449
14,6955999,49611
14,7359980,52916
14,7797550,56350
14,8191158,59990
14,8582303,63417
14,8956996,67538
14,9377711,71716
14,9773060,76057
14,10167233,80184
14,10562055,85138
14,10935138,89423
14,11296794,93866
14,11667666,99442
14,12064690,104346
14,12460265,109900
14,12854135,116041
14,13256996,122235
14,13645897,127614
14,14048914,134376
14,14438410,141032
14,14831928,147058
14,15188214,153403
14,15582589,160536
14,15956525,168162
14,16379527,175761
14,16792347,183752
14,17188758,191760
14,17582585,199081
14,17956436,207482
14,18356746,215109
14,18753400,223888
14,19149322,232990
14,19542915,242147
14,19957162,251652
14,20358179,260021
14,20728773,269835
14,21125397,279896
14,21540477,288748
14,21893944,297683
14,22269942,307363
14,22644816,316145
14,23053193,326275
14,23439910,336292
14,23847040,345301
14,24211381,355482
14,24604649,364497
14,24984364,374790
14,25397475,384974
14,25768037,394043
14,26149183,404227
14,26540508,413220
14,26894405,422209
14,27271828,431131
14,27665714,441424
14,28049145,451588
14,28438819,460573
14,28811070,469504
14,29173032,479331
14,29564168,487646
14,29957621,497155
14,30358665,506616
14,30759078,514488
14,31126762,523588
14,31543783,532357
14,31936259,539962
14,32295148,548447
14,32707664,555742
14,33064611,563798
14,33481704,571778
14,33885932,579392
14,34296067,587010
14,34710329,594235
14,35107049,600597
14,35499583,607444
14,35894268,614300
14,36271240,620008
14,36644922,625500
14,37029888,631857
14,37419786,637651
14,37813399,642793
14,38188216,648539
14,38582746,653073
14,38957684,658481
14,39355119,663682
14,39753790,667726
14,40146628,672512
14,40541439,677227
14,40958100,681319
14,41354396,685338
14,41756578,688864
14,42168426,692598
14,42562254,695969
14,42959396,699219
14,43355716,702353
14,43753444,705251
14,44170386,707579
14,44564656,710055
14,44959549,712329
14,45354900,714415
14,45752826,716308
14,46148502,717825
14,46519920,719194
14,46893461,720517
14,47293855,721679
14,47686533,722488
14,48063028,723230
14,48457251,723768
14,48865669,724169
14,49253405,724330
14,49644004,724336
14,50030517,724442
14,50421428,724926
14,50811283,725041
14,51194630,725078
14,51608032,725208
14,52015346,725164
14,52419773,725175
14,52834525,725114
14,53255836,725052
14,53647117,724979
14,54061853,724916
14,54460287,724864
14,54852032,724824
14,55232038,724776
14,55629336,724746
14,56028866,724711
14,56417372,724682
14,56810726,724652
14,57165780,724625
14,57562379,724601
14,57956469,724590
14,58353552,724562
14,58707429,724535
14,59089141,724506
14,59459820,724477
14,59859611,724446
14,60250268,724418
14,60643980,724394
14,61031178,724371
14,61416263,724351
14,61790682,724333
14,62148717,724319
14,62542842,724308
14,62918031,724292
14,63313908,724283
14,63686460,724273
14,64049578,724263
14,64436435,724251
14,64810163,724242
14,65169024,724227
14,65561398,724213
14,65936638,724201
14,66354955,724189
14,66753027,724177
14,67167948,724162
14,67561375,724150
14,67914812,724140
14,68269558,724133
14,68644690,724126
14,69029851,724119
14,69395176,724113
14,69767493,724110
14,70146781,724109
14,70540849,724104
14,70935275,724103
14,71312610,724100
14,71707133,724096
14,72063685,724091
14,72457148,724086
14,72831177,724081
14,73202566,724076
14,73562198,724076
14,73956624,724077
14,74356761,724075
14,74749971,724073
14,75147293,724070
14,75542531,724064
14,75913735,724057
14,76271692,724047
14,76663739,724038
14,77048882,724023
14,77458904,724009
14,77851542,723992
14,78211062,723976
14,78583381,723958
14,78978152,723944
14,79358302,723934
14,79752416,723927
14,80124228,723921
14,80518993,723916
14,80893076,723913
14,81290557,723915
14,81643897,723919
14,82034183,723920
14,82416057,723923
14,82769109,723926
14,83146519,723927
14,83549608,723931
14,83959763,723932
14,84353960,723931
14,84733967,723922
14,85131904,723909
14,85500422,723897
14,85896140,723888
14,86272030,723878
14,86666206,723875
14,87064875,723872
14,87458747,723870
14,87853564,723870
14,88249477,723871
14,88669119,723863
14,89087077,723832
14,89478340,723815
14,89831612,723796
14,90190989,723789
14,90562423,723793
14,90956363,723807
14,91355156,723831
14,91747546,723856
14,92110812,723883
14,92498876,723900
14,92914037,723910
14,93271469,723918
14,93665585,723922
14,94047249,723925
14,94457068,723927
14,94808916,723931
14,95168353,723934
14,95561998,723938
14,95955894,723939
14,96354679,723938
14,96748018,723938
14,97103366,723938
14,97491360,723938
14,97873184,723937
14,98232947,723939
14,98607063,723941
14,99017865,723945
14,99420585,723947
14,99812918,723950
14,100189579,723953
14,100584138,723955
14,100956815,723958
14,101356994,723959
14,101732769,723961
14,102129633,723961
14,102541635,723964
14,102957558,723965
14,103355079,723966
14,103754398,723966
14,104144528,723966
14,104539608,723967
14,104893535,723968
14,105271334,723968
14,105665827,723971
14,106089931,723971
14,106480615,723972
14,106880820,723973
14,107271385,723974
14,107666529,723975
14,108067115,723975
14,108469987,723977
14,108834468,723977
14,109229472,723977
14,109603214,723977
14,110011192,723977
14,110394910,723977
14,110768423,723978
14,111146722,723978
14,111539789,723979
14,111914346,723979
14,112270285,723980
14,112664660,723980
14,113031401,723982
14,113393849,723982
14,113768069,723982
14,114148396,723983
14,114518875,723983
14,114892476,723983
14,115271580,723985
14,115664702,723985
14,116028406,723985
14,116414796,723984
14,116766869,723984
14,117146394,723985
14,117540271,723985
14,117893239,723986
14,118273163,723986
14,118666922,723986
14,119063442,723986
14,119459535,723987
14,119853985,723988
14,120256349,723988
14,120665657,723988
14,121028757,723989
14,121440590,723989
14,121832021,723989
14,122200739,723989
14,122564736,723989
14,122955705,723990
14,123354118,723990
14,123731888,723991
14,124107983,723991
14,124502980,723991
14,124913510,723993
14,125271478,723992
14,125666366,723992
14,126062657,723990
15,719764,24000
15,1104152,24348
15,1515773,24833
15,1893934,25317
15,2250249,26111
15,2683633,27121
15,3042916,28117
15,3418358,29463
15,3815926,30845
15,4187217,32340
15,4543315,34026
15,4943090,36085
15,5314325,38368
15,5731355,40828
15,6147276,43521
15,6563814,46458
15,6962319,49621
15,7362134,52503
15,7731127,55919
15,8127132,59064
15,8521027,62913
15,8897750,67020
15,9293667,70675
15,9683463,74954
15,10083467,78994
15,10439466,83913
15,10836460,88214
15,11207433,93221
15,11621475,98746
15,12022419,104346
15,12439554,109896
15,12835517,115247
15,13206149,120711
15,13564245,126812
15,13958666,132629
15,14335481,139387
15,14718092,145254
15,15083238,151576
15,15464646,158704
15,15856338,166206
15,16271269,173806
15,16672508,180662
15,17062224,188704
15,17459595,196900
15,17843565,204300
15,18206992,211749
15,18607643,220557
15,19010618,229507
15,19389779,237514
15,19754547,246877
15,20146741,255177
15,20521306,264939
15,20918797,273533
15,21291875,283691
15,21691067,292608
15,22083931,302538
15,22479821,312511
15,22877049,322648
15,23271892,331460
15,23676545,341602
15,24063615,350499
15,24414859,359447
15,24772661,369672
15,25168191,378658
15,25542761,388875
15,25943584,397832
15,26322987,408095
15,26718933,417025
15,27101764,427299
15,27529380,437513
15,27915259,447711
15,28309910,456713
15,28661537,465607
15,29016510,474501
15,29363051,482848
15,29738652,492389
15,30134777,500732
15,30485302,508848
15,30843663,516757
15,31207566,524669
15,31565649,532351
15,31922719,539960
15,32280318,547376
15,32656134,554720
15,33008939,561747
15,33369964,568843
15,33745275,576509
15,34137186,583268
15,34492251,589724
15,34870745,596975
15,35243593,603220
15,35626478,609135
15,35994055,615977
15,36395919,621552
15,36753585,627903
15,37167965,634086
15,37555470,639097
15,37930524,644263
15,38292325,649180
15,38667225,654355
15,39063349,659787
15,39458448,664185
15,39814387,668199
15,40186332,672426
15,40541400,676578
15,40917122,680199
15,41269729,683713
15,41638759,687894
15,42023251,691713
15,42428227,694637
15,42796242,697978
15,43196618,700866
15,43584766,703848
15,43984678,706596
15,44373887,708875
15,44754577,711225
15,45148084,713369
15,45542729,715174
15,45921648,717002
15,46313282,718432
15,46692652,719878
15,47086474,720990
15,47461994,722060
15,47863568,722801
15,48230779,723494
15,48633756,724005
15,49022593,724256
15,49394874,724350
15,49772035,724326
15,50167471,724633
15,50582012,725048
15,50982902,725075
15,51394232,725191
15,51749222,725253
15,52144817,725212
15,52518378,725223
15,52878680,725150
15,53272726,725093
15,53655887,725017
15,54043522,724956
15,54417617,724894
15,54814630,724848
15,55186867,724798
15,55550603,724751
15,55939785,724710
15,56315857,724673
15,56712312,724639
15,57083949,724605
15,57485216,724574
15,57878047,724550
15,58251403,724526
15,58637612,724501
15,59021032,724477
15,59372549,724457
15,59750814,724434
15,60144725,724416
15,60498573,724396
15,60873963,724375
15,61269395,724356
15,61635092,724339
15,62002521,724317
15,62392997,724303
15,62750796,724286
15,63122969,724270
15,63497313,724251
15,63880273,724234
15,64250431,724217
15,64658139,724205
15,65021772,724193
15,65417242,724184
15,65795997,724172
15,66186624,724165
15,66540600,724156
15,66896971,724148
15,67269811,724138
15,67645696,724130
15,68022941,724121
15,68393177,724114
15,68753163,724107
15,69148934,724104
15,69520621,724099
15,69877294,724095
15,70271733,724091
15,70656168,724085
15,71044253,724080
15,71414461,724077
15,71770939,724075
15,72123032,724071
15,72499214,724070
15,72897796,724068
15,73292033,724065
15,73678661,724063
15,74065933,724060
15,74434969,724060
15,74793976,724057
15,75189856,724055
15,75584016,724054
15,75985451,724051
15,76374935,724046
15,76750079,724043
15,77145985,724040
15,77540541,724036
15,77917731,724030
15,78312335,724025
15,78689206,724020
15,79083823,724012
15,79463801,724002
15,79873331,723985
15,80274178,723965
15,80691888,723951
15,81085848,723939
15,81462938,723931
15,81861062,723919
15,82270185,723904
15,82635166,723888
15,83021860,723876
15,83394839,723863
15,83749487,723838
15,84123106,723795
15,84518304,723762
15,84874417,723739
15,85246575,723725
15,85657059,723727
15,86045214,723740
15,86415372,723766
15,86772096,723800
15,87165324,723826
15,87539553,723847
15,87897500,723865
15,88293453,723877
15,88681309,723886
15,89044850,723898
15,89439148,723907
15,89837042,723916
15,90212539,723927
15,90620863,723929
15,91021662,723929
15,91413591,723930
15,91795181,723928
15,92221191,723926
15,92618889,723924
15,93000778,723925
15,93372105,723925
15,93750743,723929
15,94146074,723933
15,94539421,723934
15,94916587,723938
15,95270935,723940
15,95632927,723942
15,95998408,723946
15,96394520,723948
15,96772331,723951
15,97165571,723955
15,97518926,723957
15,97878327,723957
15,98272824,723957
15,98655941,723959
15,99044653,723960
15,99415411,723962
15,99774646,723962
15,100146167,723964
15,100540424,723965
15,100895921,723966
15,101269762,723967
15,101634674,723968
15,102019839,723970
15,102372580,723971
15,102749178,723971
15,103122386,723972
15,103519786,723973
15,103884176,723973
15,104292017,723974
15,104658553,723974
15,105041003,723976
15,105394762,723976
15,105772910,723976
15,106185693,723978
15,106538635,723978
15,106894874,723978
15,107247829,723978
15,107638901,723980
15,108019940,723980
15,108373315,723980
15,108751457,723981
15,109144394,723981
15,109497473,723981
15,109878798,723982
15,110271861,723982
15,110669599,723982
15,111043571,723982
15,111438064,723982
15,111816541,723983
15,112206735,723983
15,112580716,723983
15,113026286,723983
15,113393626,723982
15,113752970,723983
15,114125471,723983
15,114518012,723983
15,114876235,723985
15,115270250,723984
15,115652862,723984
15,116020385,723984
15,116383666,723985
15,116775071,723985
15,117145549,723985
15,117497741,723984
15,117874111,723987
15,118249597,723987
15,118636719,723986
15,119025556,723985
15,119395152,723987
15,119749930,723986
15,120122318,723986
15,120497840,723987
15,120878249,723987
15,121294240,723988
15,121690679,723988
15,122085039,723988
15,122481587,723988
15,122877251,723988
15,123269104,723988
15,123635711,723989
15,124001719,723990
15,124394933,723990
15,124774966,723990
15,125166515,723989
15,125540490,723990
15,125895709,723990
15,126290529,723990
15,126653336,723990
16,738611,24014
16,1133992,24421
16,1573898,24960
16,1969369,25577
16,2361999,26352
16,2730115,27256
16,3113945,28428
16,3487278,29650
16,3843365,31050
16,4238271,32802
16,4614015,34782
16,5010512,36638
16,5382874,38668
16,5745237,41155
16,6132970,43523
16,6507254,46076
16,6889990,49219
16,7283115,52515
16,7678411,55497
16,8057863,59082
16,8450626,62937
16,8867430,67031
16,9281556,71209
16,9674770,75521
16,10093233,80205
16,10508638,84534
16,10864830,89442
16,11258205,93886
16,11632414,98744
16,11989617,104346
16,12394065,109175
16,12784012,115247
16,13177636,121469
16,13575275,127604
16,13990426,134356
16,14404165,140204
16,14763873,147033
16,15158450,153376
16,15531827,160514
16,15928988,167179
16,16326224,174770
16,16730544,182705
16,17113322,189707
16,17486767,197985
16,17885407,206400
16,18279450,213967
16,18653457,222762
16,19051840,231833
16,19445660,239822
16,19826799,249281
16,20215931,257587
16,20592313,266194
16,20968196,276088
16,21363960,286235
16,21781345,296480
16,22175123,305035
16,22529635,313911
16,22885207,322749
16,23279035,332787
16,23653696,342985
16,24051722,351803
16,24428538,360777
16,24811101,370988
16,25203063,381201
16,25615047,391510
16,26012364,400376
16,26396406,410695
16,26785269,419606
16,27175363,429832
16,27552465,440124
16,27955098,448977
16,28361043,459288
16,28752898,469457
16,29134992,478105
16,29527963,487638
16,29887129,495946
16,30281295,505432
16,30679689,514410
16,31094163,523421
16,31486813,530955
16,31864671,539435
16,32259072,546569
16,32611516,553707
16,32989982,561489
16,33383815,568403
16,33744752,575087
16,34112236,581828
16,34486157,589365
16,34884729,596791
16,35279710,603227
16,35632457,609390
16,36014964,616567
16,36407717,622374
16,36805580,628913
16,37193494,635250
16,37594417,641134
16,37991518,646342
16,38386108,651774
16,38783731,656985
16,39158235,661662
16,39531307,666408
16,39929111,670343
16,40308153,675108
16,40713123,678976
16,41095197,682982
16,41487671,686547
16,41844892,690527
16,42239459,693633
16,42612986,696612
16,42971648,699851
16,43364222,702509
16,43745294,705482
16,44134474,707848
16,44508281,709944
16,44862702,711904
16,45216229,713825
16,45591972,715859
16,45967059,717388
16,46340913,718781
16,46730279,720206
16,47095083,721316
16,47488252,722326
16,47887238,723103
16,48302592,723782
16,48710968,724219
16,49115583,724405
16,49508137,724460
16,49863625,724446
16,50237520,724765
16,50594082,725041
16,51004100,725043
16,51367102,725209
16,51784385,725216
16,52177974,725185
16,52572256,725196
16,52970807,725130
16,53342690,725093
16,53726970,725037
16,54136363,724986
16,54527899,724944
16,54885497,724897
16,55258066,724848
16,55611141,724815
16,55968394,724768
16,56382687,724730
16,56744226,724686
16,57133048,724652
16,57485513,724614
16,57868279,724580
16,58292907,724549
16,58678636,724527
16,59057836,724503
16,59447921,724478
16,59866600,724458
16,60258789,724441
16,60611471,724422
16,60990435,724401
16,61382629,724384
16,61784641,724365
16,62156591,724351
16,62531510,724335
16,62928192,724323
16,63301785,724312
16,63708263,724299
16,64092585,724284
16,64487588,724271
16,64864714,724257
16,65238279,724244
16,65591926,724228
16,65968445,724214
16,66362938,724199
16,66726503,724183
16,67115015,724165
16,67487918,724154
16,67842032,724140
16,68216583,724130
16,68613492,724122
16,68991643,724112
16,69383868,724097
16,69746576,724086
16,70135583,724077
16,70510355,724074
16,70908894,724077
16,71281201,724083
16,71707858,724079
16,72091976,724077
16,72469506,724077
16,72867037,724080
16,73282377,724079
16,73676579,724078
16,74056558,724078
16,74444302,724075
16,74809432,724071
16,75185352,724067
16,75576235,724063
16,75992057,724060
16,76382694,724056
16,76759897,724054
16,77155178,724053
16,77507836,724049
16,77885041,724046
16,78281180,724042
16,78654227,724039
16,79052713,724036
16,79429121,724034
16,79823199,724033
16,80240272,724032
16,80634914,724031
16,81011367,724030
16,81405814,724029
16,81782633,724028
16,82175418,724022
16,82527799,724021
16,82884785,724019
16,83258790,724015
16,83653072,724018
16,84028781,724024
16,84382701,724025
16,84744196,724026
16,85132588,724026
16,85508923,724024
16,85895611,724019
16,86280333,724016
16,86633015,724015
16,86991666,724015
16,87366017,724014
16,87773076,724012
16,88132846,724009
16,88488004,724007
16,88843903,724005
16,89237307,724000
16,89590507,723992
16,89968106,723982
16,90383425,723974
16,90749248,723966
16,91134205,723957
16,91486398,723950
16,91865556,723942
16,92259267,723935
16,92633083,723923
16,92987762,723904
16,93382087,723895
16,93759224,723894
16,94152644,723900
16,94505976,723905
16,94889463,723914
16,95279652,723921
16,95633156,723929
16,96009705,723934
16,96426582,723936
16,96829360,723939
16,97239253,723940
16,97632314,723943
16,98008869,723944
16,98402610,723943
16,98781427,723946
16,99175028,723948
16,99550774,723949
16,99946993,723951
16,100362633,723955
16,100724143,723956
16,101112329,723958
16,101486358,723958
16,101842726,723961
16,102237936,723962
16,102611069,723963
16,102969741,723962
16,103364331,723954
16,103747692,723940
16,104138191,723930
16,104509250,723916
16,104907354,723905
16,105303468,723898
16,105705072,723867
16,106094212,723832
16,106487620,723807
16,106864569,723780
16,107259400,723777
16,107633665,723779
16,107987805,723794
16,108341088,723815
16,108726712,723839
16,109114399,723856
16,109487570,723873
16,109852513,723880
16,110237759,723891
16,110590630,723901
16,110966976,723907
16,111361353,723918
16,111725496,723926
16,112091264,723928
16,112485336,723930
16,112843827,723931
16,113219015,723931
16,113614349,723929
16,113989737,723929
16,114384562,723929
16,114746402,723932
16,115111300,723933
16,115464459,723936
16,115845069,723939
16,116215208,723939
16,116590298,723941
16,116969899,723945
16,117343331,723948
16,117749384,723952
16,118136774,723954
16,118529028,723956
16,118888090,723959
16,119259163,723959
16,119610522,723959
16,119969930,723961
16,120361870,723962
16,120744647,723963
16,121132754,723964
16,121506440,723965
16,121862497,723966
16,122216614,723966
16,122589269,723969
16,122987839,723969
16,123340419,723970
16,123738053,723972
16,124117349,723972
16,124507334,723974
16,124885984,723976
16,125302200,723976
16,125712048,723977
16,126072172,723979
16,126468181,723980
16,126843819,723981
16,127239430,723981
16,127633820,723981
16,128009414,723982
16,128404089,723983
16,128782758,723983
16,129176275,723985
16,129552825,723985
16,129953045,723984
16,130362802,723984
16,130726109,723986
16,131133353,723987
16,131486373,723986
16,131842329,723986
16,132215399,723988
16,132612015,723986
16,132988738,723986
16,133381727,723987
16,133744930,723988
16,134141918,723988
16,134529161,723988
16,134909466,723988
16,135304390,723989
16,135681711,723990
16,136095418,723990
16,136489638,723990
16,136887388,723991
16,137277411,723991
16,137632461,723991
16,137991534,723991
16,138382781,723991
16,138762083,723991
16,139157515,723991
16,139529915,723990
16,139887099,723990
16,140278905,723990
16,140654283,723990
17,757922,24001
17,1154972,24348
17,1569621,24895
17,1967318,25391
17,2361330,26220
17,2771491,27244
17,3173536,28413
17,3567133,29823
17,3964184,31236
17,4359530,33018
17,4736372,34761
17,5107188,36612
17,5462187,38645
17,5830574,41137
17,6214326,43506
17,6586542,46058
17,6964692,49201
17,7359270,52496
17,7771649,55914
17,8176373,59526
17,8566872,62920
17,8964220,67026
17,9359920,71204
17,9765987,75520
17,10174812,80204
17,10568123,85153
17,10966013,89441
17,11359554,94566
17,11770851,100157
17,12171923,105717
17,12569276,111394
17,12985458,117631
17,13398582,123751
17,13804933,130101
17,14191701,136083
17,14566161,141869
17,14925741,148863
17,15315818,155179
17,15670278,161450
17,16048145,168145
17,16440686,175737
17,16816448,183728
17,17215576,190721
17,17588229,199049
17,17985421,206391
17,18356756,213960
17,18710906,222746
17,19133450,231814
17,19526249,239801
17,19902376,249245
17,20295802,257549
17,20670980,267382
17,21069918,277307
17,21463263,286183
17,21861930,296431
17,22260343,306241
17,22671639,316426
17,23070358,326495
17,23464114,335251
17,23839426,345478
17,24256131,355547
17,24648896,364570
17,25027848,374793
17,25422790,384980
17,25840717,395299
17,26259820,405481
17,26650898,415763
17,27048678,424740
17,27423397,434946
17,27841159,445188
17,28236755,455446
17,28632519,464358
17,29025755,474517
17,29421182,484065
17,29828533,492409
17,30191027,500746
17,30565196,509979
17,30946933,517919
17,31316452,525766
17,31671332,534554
17,32112469,543112
17,32519682,551570
17,32904695,559670
17,33295090,566781
17,33670837,573606
17,34024961,580318
17,34394685,587893
17,34784171,594192
17,35171899,601419
17,35563097,607315
17,35919968,613185
17,36272298,618817
17,36648665,624903
17,37025739,630422
17,37397935,635525
17,37779994,641401
17,38145337,646675
17,38522747,651403
17,38901673,656866
17,39292068,661746
17,39645363,665994
17,40023922,670774
17,40417059,675110
17,40779540,678910
17,41171527,682898
17,41575847,687095
17,41967276,691012
17,42357173,693962
17,42728365,697316
17,43134864,700654
17,43545983,703597
17,43943499,706051
17,44313105,708391
17,44669732,710509
17,45026997,712437
17,45419376,714542
17,45804407,716449
17,46189919,717935
17,46562270,719299
17,46923728,720482
17,47318461,721663
17,47692437,722588
17,48110483,723327
17,48503882,723860
17,48879933,724251
17,49275306,724399
17,49666794,724414
17,50044079,724461
17,50398625,724878
17,50780466,725107
17,51171690,725120
17,51566933,725239
17,51962922,725219
17,52336297,725216
17,52711446,725193
17,53106850,725119
17,53459839,725079
17,53838953,725002
17,54229114,724941
17,54608507,724891
17,54963443,724839
17,55356922,724797
17,55733778,724752
17,56134077,724705
17,56543419,724673
17,56933960,724634
17,57297853,724600
17,57671816,724572
17,58067883,724545
17,58461857,724521
17,58830337,724495
17,59210826,724473
17,59563930,724454
17,59920375,724431
17,60270645,724412
17,60645540,724398
17,61027776,724381
17,61399338,724368
17,61780661,724352
17,62171572,724339
17,62544923,724324
17,62900420,724311
17,63273350,724291
17,63665861,724280
17,64026815,724265
17,64420476,724255
17,64802325,724242
17,65192909,724229
17,65575027,724222
17,65965898,724208
17,66358840,724193
17,66739339,724180
17,67116774,724166
17,67504721,724153
17,67902093,724143
17,68273597,724138
17,68647282,724131
17,69048286,724124
17,69442033,724118
17,69830915,724113
17,70210722,724110
17,70563473,724109
17,70921765,724108
17,71293272,724105
17,71646162,724100
17,72023861,724093
17,72418991,724090
17,72783079,724090
17,73173703,724089
17,73566148,724090
17,73922731,724091
17,74315952,724092
17,74670220,724090
17,75025972,724079
17,75398580,724076
17,75803386,724071
17,76190461,724066
17,76565484,724062
17,76923697,724054
17,77298207,724047
17,77693217,724042
17,78070205,724038
17,78464442,724037
17,78860670,724033
17,79236922,724027
17,79635619,724023
17,80048934,724021
17,80443222,724016
17,80820617,724015
17,81223289,724012
17,81587256,724009
17,81945850,724006
17,82338599,724004
17,82711560,724000
17,83132520,723996
17,83524603,723995
17,83902761,723993
17,84296208,723993
17,84671574,723993
17,85068647,723992
17,85482337,723992
17,85839680,723992
17,86235363,723992
17,86611857,723992
17,87010318,723988
17,87419981,723982
17,87784501,723968
17,88171504,723954
17,88564831,723941
17,88921185,723928
17,89316019,723915
17,89668857,723899
17,90034299,723887
17,90422385,723870
17,90806335,723861
17,91172881,723840
17,91567139,723795
17,91965640,723762
17,92338762,723728
17,92731853,723715
17,93114942,723713
17,93508382,723733
17,93923847,723753
17,94295094,723780
17,94647930,723810
17,95047927,723830
17,95420916,723845
17,95816559,723861
17,96211260,723872
17,96587119,723882
17,96962996,723895
17,97355271,723905
17,97710826,723913
17,98111150,723916
17,98488215,723917
17,98887207,723918
17,99295459,723916
17,99650637,723914
17,100024952,723914
17,100418446,723915
17,100784122,723919
17,101171856,723920
17,101546223,723923
17,101923464,723926
17,102316863,723928
17,102692930,723930
17,103087955,723933
17,103482954,723937
17,103859401,723939
17,104267411,723944
17,104628090,723946
17,104991982,723947
17,105358411,723949
17,105776648,723953
17,106177048,723954
17,106567537,723957
17,106986732,723958
17,107399921,723961
17,107804139,723961
17,108193383,723961
17,108564951,723964
17,108922763,723964
17,109296709,723965
17,109691766,723966
17,110068412,723968
17,110461780,723968
17,110830290,723969
17,111191876,723972
17,111585773,723971
17,111964065,723973
17,112358217,723974
17,112766523,723974
17,113127896,723974
17,113522741,723977
17,113900300,723977
17,114294511,723977
17,114677796,723977
17,115070773,723978
17,115464861,723979
17,115860431,723979
17,116251726,723980
17,116611119,723980
17,117010801,723981
17,117420544,723981
17,117802924,723982
17,118193746,723983
17,118587271,723983
17,118962888,723983
17,119379203,723985
17,119738334,723985
17,120149134,723987
17,120544396,723987
17,120902091,723987
17,121272387,723987
17,121669141,723988
17,122026770,723988
17,122400640,723988
17,122805054,723988
17,123194503,723988
17,123563857,723988
17,123923073,723989
17,124296080,723989
17,124692033,723990
17,125068206,723990
17,125463583,723991
17,125860668,723992
17,126236157,723992
17,126631464,723991
17,127046046,723991
17,127418988,723991
17,127784547,723992
17,128174151,723992
17,128544075,723992
17,128901374,723992
17,129293481,723992
18,752955,24001
18,1164124,24350
18,1561806,24900
18,1959992,25482
18,2379345,26346
18,2792652,27385
18,3182975,28579
18,3601419,30025
18,3994584,31451
18,4390329,33264
18,4793974,35270
18,5183163,37470
18,5586463,39545
18,5952414,42121
18,6367641,44565
18,6727832,47598
18,7118094,50425
18,7503910,53765
18,7891146,57239
18,8305931,60463
18,8710032,64942
18,9122818,69100
18,9531378,72783
18,9891887,77206
18,10285553,81416
18,10663724,86386
18,11057649,90682
18,11435148,95923
18,11828775,101576
18,12222555,106408
18,12599081,111395
18,12996131,117633
18,13388933,122999
18,13770895,129251
18,14141648,136078
18,14539051,141860
18,14910235,147943
18,15286075,155172
18,15665580,161444
18,16039873,169090
18,16431840,175729
18,16835286,183723
18,17225828,191725
18,17620441,200106
18,18036347,208507
18,18431922,217271
18,18829044,224948
18,19223085,234103
18,19599844,242115
18,19992182,250434
18,20370872,259995
18,20745019,269817
18,21140870,278605
18,21526992,288741
18,21912796,297686
18,22284616,306221
18,22644021,316397
18,23057321,326484
18,23468343,335246
18,23830842,345490
18,24224381,355572
18,24622810,364600
18,25013710,374833
18,25387933,383745
18,25759146,392788
18,26121378,402936
18,26531554,411983
18,26892478,422191
18,27284340,431124
18,27664950,441407
18,28058910,450270
18,28431100,460565
18,28835865,469461
18,29202505,479298
18,29601744,488837
18,29995072,497146
18,30390277,506573
18,30791974,515514
18,31183736,524273
18,31578371,531430
18,31974737,539575
18,32369984,547670
18,32789087,555975
18,33193535,563182
18,33558628,571516
18,33952371,579462
18,34367366,586339
18,34724055,593877
18,35141045,601320
18,35537830,607438
18,35933826,614510
18,36303925,620348
18,36683154,626745
18,37083414,633182
18,37505168,639065
18,37893363,644118
18,38266071,649816
18,38641270,654480
18,39014306,659142
18,39390096,663563
18,39744331,668223
18,40139356,672356
18,40642563,678589
18,41167349,683586
18,41679718,688602
18,42122329,692316
18,42521477,695690
18,43011138,699770
18,43546391,703601
18,44032543,707067
18,44562718,710169
18,44996656,712433
18,45506958,715271
18,46030674,717518
18,46491182,719291
18,46922193,720631
18,47310591,721662
18,47778945,722789
18,48209694,723495
18,48699472,724134
18,49201632,724400
18,49721316,724402
18,50219227,724764
18,50740017,725159
18,51162405,725189
18,51655388,725350
18,52098336,725327
18,52574895,725284
18,53032686,725188
18,53527802,725077
18,54029624,724974
18,54550077,724883
18,55091762,724815
18,55531484,724781
18,56009677,724736
18,56475223,724703
18,56859754,724665
18,57246775,724634
18,57624024,724595
18,58016086,724559
18,58409614,724531
18,58809355,724504
18,59199219,724478
18,59568117,724452
18,59960312,724428
18,60370548,724402
18,60769037,724379
18,61155596,724355
18,61541273,724337
18,61914735,724318
18,62307980,724305
18,62684073,724289
18,63082965,724275
18,63503217,724262
18,63892370,724254
18,64283536,724243
18,64663408,724231
18,65039349,724224
18,65432480,724216
18,65827283,724202
18,66198861,724190
18,66557900,724182
18,66936410,724173
18,67329388,724166
18,67744704,724158
18,68139038,724148
18,68515709,724137
18,68929456,724130
18,69283127,724125
18,69639712,724116
18,69990261,724109
18,70345050,724103
18,70726704,724099
18,71119658,724095
18,71480110,724092
18,71849825,724084
18,72245710,724079
18,72620261,724072
18,73014987,724066
18,73407694,724061
18,73784109,724053
18,74140147,724048
18,74505263,724043
18,74889671,724038
18,75281178,724034
18,75642202,724032
18,76036513,724026
18,76427715,724023
18,76832350,724021
18,77218646,724021
18,77600672,724020
18,77991964,724016
18,78354811,724021
18,78745296,724021
18,79115563,724018
18,79478335,724018
18,79865973,724018
18,80218134,724019
18,80598917,724021
18,80990060,724021
18,81343341,724018
18,81728845,724016
18,82117732,724014
18,82499267,724012
18,82890595,724011
18,83286108,724008
18,83682677,724008
18,84080479,724005
18,84500338,724001
18,84886180,724000
18,85248310,724000
18,85621319,724003
18,86015051,724004
18,86389667,724004
18,86743251,724003
18,87096343,724003
18,87478093,724003
18,87865352,724004
18,88220095,724006
18,88598560,724007
18,88992366,724006
18,89343806,724005
18,89722250,724005
18,90117531,724005
18,90477825,724004
18,90844762,724004
18,91240417,724004
18,91595932,724004
18,91968919,724004
18,92365602,724005
18,92723245,724006
18,93095643,724007
18,93499561,724008
18,93871215,724008
18,94266032,724010
18,94661857,724010
18,95035436,724009
18,95390540,724007
18,95741469,724004
18,96097922,724003
18,96481070,724003
18,96865594,724002
18,97218207,723997
18,97600638,723988
18,97993301,723973
18,98343749,723955
18,98724469,723931
18,99118396,723912
18,99498241,723896
18,99888009,723882
18,100239550,723873
18,100599013,723861
18,100971612,723851
18,101343538,723841
18,101744225,723817
18,102145412,723766
18,102514301,723734
18,102866947,723704
18,103218495,723688
18,103601044,723693
18,103994715,723705
18,104347689,723734
18,104725233,723775
18,105118276,723809
18,105502926,723836
18,105887116,723854
18,106239470,723872
18,106599412,723882
18,106994911,723892
18,107365746,723900
18,107725126,723907
18,108099633,723919
18,108499067,723925
18,108889840,723925
18,109270417,723925
18,109662253,723924
18,110034791,723917
18,110385647,723915
18,110742396,723914
18,111094175,723917
18,111477828,723918
18,111865931,723923
18,112219457,723925
18,112599042,723929
18,112990569,723931
18,113345260,723934
18,113724504,723937
18,114119159,723941
18,114502692,723942
18,114912919,723946
18,115303607,723949
18,115664078,723950
18,116035919,723951
18,116432793,723954
18,116825941,723957
18,117199492,723957
18,117563679,723957
18,117936484,723960
18,118332826,723960
18,118745266,723962
18,119140520,723964
18,119503439,723964
18,119888480,723966
18,120282073,723966
18,120642421,723968
18,121035842,723968
18,121385394,723972
18,121765040,723973
18,122155794,723973
18,122515218,723973
18,122887477,723975
18,123239268,723976
18,123596651,723977
18,123968793,723978
18,124364590,723980
18,124722102,723980
18,125094185,723980
18,125501104,723981
18,125891329,723983
18,126295948,723983
18,126685650,723983
18,127081608,723987
18,127502699,723987
18,127911850,723986
18,128302543,723987
18,128679820,723987
18,129032293,723988
18,129390198,723989
18,129807804,723989
18,130207262,723990
18,130620951,723990
18,131016636,723990
18,131389080,723992
18,131743465,723992
18,132136677,723992
18,132499073,723992
18,132886674,723992
18,133249447,723992
18,133620522,723993
18,133989773,723993
18,134342836,723993
18,134721111,723993
19,736962,24002
19,1128620,24282
19,1495167,24828
19,1888713,25309
19,2268163,26106
19,2661740,27115
19,3076072,28260
19,3493557,29640
19,3890829,31247
19,4287893,32789
19,4661932,34766
19,5075824,36902
19,5478004,39246
19,5890468,41791
19,6308114,44568
19,6700805,47213
19,7076027,50433
19,7494873,53772
19,7889517,57246
19,8289733,60469
19,8662066,64436
19,9056997,68584
19,9457562,72250
19,9825532,76071
19,10186558,80204
19,10557586,85155
19,10952682,89437
19,11349126,94555
19,11743206,100149
19,12129674,105026
19,12493640,110636
19,12909764,116034
19,13267680,122231
19,13681709,128414
19,14076926,134361
19,14458261,141027
19,14846828,147037
19,15212197,153367
19,15578176,160515
19,15956952,167179
19,16358130,174772
19,16747513,182719
19,17174069,190728
19,17558454,197988
19,17951357,206404
19,18329260,213972
19,18721419,222758
19,19114493,231827
19,19516503,240966
19,19910023,249267
19,20288708,258794
19,20681537,267406
19,21076141,277342
19,21474426,287495
19,21878530,297699
19,22266107,306217
19,22639727,316371
19,23034528,325192
19,23432017,335222
19,23827026,344200
19,24186632,354276
19,24558073,363314
19,24953480,373512
19,25355394,383720
19,25745846,392759
19,26151544,402906
19,26537516,413210
19,26930266,422164
19,27285979,432368
19,27701252,441391
19,28057436,451550
19,28479201,461823
19,28889573,472040
19,29287992,481687
19,29682797,490041
19,30057846,498364
19,30473698,508873
19,30872191,516777
19,31245493,525777
19,31639008,533456
19,32034507,542067
19,32411132,550567
19,32805084,557724
19,33167019,564804
19,33534229,571775
19,33887842,578438
19,34266236,586087
19,34659175,592396
19,35032878,598768
19,35394408,605701
19,35785994,611666
19,36162662,618383
19,36558432,624648
19,36954113,630275
19,37334685,635534
19,37702045,641279
19,38109215,647159
19,38494311,651787
19,38869384,657057
19,39266088,661759
19,39638221,665922
19,39995390,670605
19,40393207,674880
19,40766568,679217
19,41176463,682713
19,41538101,686890
19,41929824,690352
19,42289714,693391
19,42662044,696757
19,43066960,700064
19,43477806,703100
19,43867730,705581
19,44243515,708254
19,44639705,710365
19,45033600,712587
19,45410365,714442
19,45785078,716349
19,46173676,717837
19,46564363,719389
19,46955258,720702
19,47369710,721835
19,47763587,722624
19,48146212,723348
19,48533920,723856
19,48888974,724189
19,49265363,724353
19,49662547,724359
19,50037190,724465
19,50435240,724906
19,50829087,724991
19,51226143,725066
19,51619583,725178
19,52013504,725138
19,52370722,725165
19,52744613,725136
19,53146928,725080
19,53535304,725044
19,53908385,724984
19,54265816,724932
19,54639433,724879
19,55034369,724828
19,55389093,724790
19,55740986,724753
19,56128578,724712
19,56516851,724680
19,56887530,724648
19,57245946,724609
19,57643078,724581
19,58012528,724554
19,58373174,724528
19,58762624,724504
19,59150471,724477
19,59534091,724456
19,59887108,724433
19,60264809,724409
19,60657815,724390
19,61033437,724372
19,61391109,724352
19,61804045,724336
19,62173787,724321
19,62558155,724309
19,62929856,724294
19,63288738,724282
19,63683719,724267
19,64053903,724254
19,64474390,724240
19,64866467,724226
19,65254852,724212
19,65640799,724197
19,66055968,724185
19,66472639,724173
19,66867044,724164
19,67243299,724154
19,67639598,724145
19,68054100,724136
19,68456893,724129
19,68828736,724121
19,69225262,724115
19,69640183,724109
19,70036274,724105
19,70412405,724099
19,70806775,724093
19,71192472,724088
19,71580727,724081
19,71979874,724076
19,72350141,724074
19,72744127,724071
19,73148000,724066
19,73536557,724064
19,73931358,724059
19,74327206,724056
19,74701132,724052
19,75055371,724045
19,75473793,724040
19,75867841,724035
19,76244713,724029
19,76638067,724023
19,76992733,724010
19,77367526,723998
19,77742333,723983
19,78151272,723966
19,78534652,723952
19,78887026,723941
19,79266760,723933
19,79662150,723926
19,80036103,723921
19,80434086,723921
19,80807023,723921
19,81203260,723915
19,81600996,723909
19,81994102,723903
19,82372167,723890
19,82743312,723875
19,83148709,723861
19,83540674,723848
19,83908137,723840
19,84266681,723832
19,84640852,723825
19,85033753,723822
19,85390547,723820
19,85762668,723821
19,86126334,723827
19,86536286,723836
19,86928721,723845
19,87307405,723856
19,87701490,723866
19,88078317,723873
19,88471759,723882
19,88887835,723888
19,89242844,723895
19,89638000,723900
19,90022666,723905
19,90418803,723909
19,90788524,723914
19,91184460,723916
19,91556856,723921
19,91951965,723923
19,92346813,723924
19,92742990,723928
19,93146653,723930
19,93534215,723931
19,93888454,723936
19,94263958,723937
19,94657643,723939
19,95033165,723942
19,95401086,723943
19,95785172,723946
19,96150051,723948
19,96538085,723950
19,96930136,723952
19,97285297,723956
19,97678836,723956
19,98054936,723957
19,98474641,723959
19,98866956,723960
19,99244577,723962
19,99636740,723963
19,99991076,723963
19,100369245,723965
19,100761806,723967
19,101148040,723968
19,101537553,723970
19,101930156,723970
19,102286307,723972
19,102658350,723973
19,103012402,723974
19,103372964,723975
19,103744202,723976
19,104148306,723976
19,104559399,723976
19,104952643,723978
19,105350075,723978
19,105741225,723978
19,106148959,723979
19,106556732,723979
19,106952847,723979
19,107349470,723981
19,107745372,723981
19,108147135,723981
19,108555749,723981
19,108908475,723982
19,109264415,723982
19,109659669,723982
19,110053597,723983
19,110451529,723984
19,110829545,723983
19,111205659,723983
19,111574111,723983
19,111928876,723984
19,112289680,723984
19,112704395,723984
19,113111749,723984
19,113473383,723985
19,113869388,723985
19,114266253,723984
19,114649725,723986
19,115035477,723985
19,115413091,723985
19,115805742,723986
19,116184424,723986
19,116578647,723987
19,116957091,723986
19,117354906,723986
19,117722090,723988
19,118129698,723988
19,118493597,723988
19,118888203,723988
19,119285991,723988
19,119659262,723988
19,120022841,723989
19,120411122,723990
19,120785148,723990
19,121182837,723990
19,121555078,723990
19,121907930,723990
19,122264921,723990
19,122679269,723991
19,123032625,723991
19,123391853,723990
19,123763114,723990
19,124166849,723991
19,124581076,723991
19,124977390,723991
19,125392650,723991
20,830665,24070
20,1357635,24688
20,1876239,25469
20,2394522,26581
20,2936989,27945
20,3362395,29257
20,3855559,31233
20,4279084,33015
20,4686205,35014
20,5092449,37181
20,5487706,39244
20,5866545,41793
20,6258091,44213
20,6640588,47216
20,7009548,50023
20,7382318,52922
20,7755867,56357
20,8133569,59529
20,8502717,62926
20,8909329,67024
20,9298384,71203
20,9675005,74969
20,10067550,79009
20,10421594,83916
20,10799148,88208
20,11191718,92572
20,11554097,98032
20,11944073,103659
20,12336627,108476
20,12717351,114473
20,13131261,119960
20,13481313,126029
20,13902469,131788
20,14257715,138577
20,14679144,145268
20,15069425,152490
20,15482252,158721
20,15839076,165254
20,16192224,171951
20,16555791,178693
20,16942490,186761
20,17316261,193792
20,17696485,202248
20,18088643,209612
20,18450218,217316
20,18844485,226126
20,19215841,235297
20,19633823,244524
20,20032949,254020
20,20439400,262514
20,20799046,271101
20,21194635,281195
20,21594463,291360
20,21989740,301394
20,22403648,311400
20,22800184,321509
20,23212846,330331
20,23597600,340413
20,23986261,350549
20,24379315,359491
20,24758296,369687
20,25155753,379933
20,25556623,388881
20,25943424,399099
20,26315746,408104
20,26696538,418307
20,27109459,427293
20,27462112,436178
20,27816517,445043
20,28190530,453798
20,28557847,463727
20,28942822,472320
20,29295616,480267
20,29671069,489406
20,30044521,497529
20,30420455,505714
20,30798788,514898
20,31194545,524247
20,31589302,532184
20,31961471,540017
20,32316093,547645
20,32697840,556249
20,33089868,563515
20,33444169,570775
20,33800260,577736
20,34194361,585629
20,34592399,593043
20,34987511,600449
20,35379296,606537
20,35739186,612557
20,36112089,619257
20,36534218,625539
20,36922999,631112
20,37294749,636934
20,37695471,641930
20,38085875,647584
20,38460484,652018
20,38828016,657180
20,39212099,661830
20,39602288,666062
20,39967699,670791
20,40339640,675060
20,40716493,679458
20,41131976,683501
20,41541686,687129
20,41903231,691084
20,42294355,694090
20,42671518,697402
20,43082046,700327
20,43447532,703391
20,43840849,706153
20,44236757,708453
20,44613669,710906
20,45006795,712806
20,45383014,714874
20,45783677,716769
20,46194910,718242
20,46593555,719717
20,46986269,721017
20,47379687,721985
20,47735548,722752
20,48087751,723398
20,48441454,723921
20,48819247,724295
20,49211445,724442
20,49587884,724465
20,49939815,724465
20,50295023,724764
20,50677150,724896
20,51070969,724970
20,51462511,725131
20,51820695,725118
20,52195314,725131
20,52605275,725137
20,52964566,725081
20,53314961,725051
20,53673833,724984
20,54086439,724923
20,54439904,724879
20,54796507,724841
20,55169520,724808
20,55581290,724782
20,55966065,724751
20,56339492,724722
20,56695549,724692
20,57087715,724665
20,57460120,724639
20,57817995,724610
20,58190111,724582
20,58556457,724551
20,58944208,724523
20,59292872,724498
20,59672361,724466
20,60066444,724443
20,60418808,724419
20,60798151,724390
20,61190715,724366
20,61556863,724347
20,61925761,724329
20,62314323,724318
20,62674554,724302
20,63058822,724289
20,63447789,724276
20,63819839,724263
20,64214585,724253
20,64577295,724244
20,64944480,724232
20,65294389,724227
20,65671143,724222
20,66049163,724213
20,66418724,724204
20,66807693,724198
20,67197901,724192
20,67592462,724189
20,67984264,724186
20,68357450,724180
20,68715742,724173
20,69087931,724171
20,69441118,724171
20,69796982,724170
20,70169385,724167
20,70574832,724156
20,70982576,724145
20,71336294,724136
20,71691726,724128
20,72043376,724121
20,72418514,724113
20,72822227,724106
20,73215715,724102
20,73591898,724096
20,73985407,724090
20,74339539,724082
20,74716505,724076
20,75106053,724074
20,75481509,724071
20,75836497,724066
20,76193198,724062
20,76556827,724054
20,76922563,724052
20,77293204,724049
20,77695617,724046
20,78090033,724041
20,78439624,724036
20,78799643,724034
20,79193082,724031
20,79573663,724031
20,79943275,724030
20,80292826,724030
20,80671159,724027
20,81066210,724026
20,81418545,724023
20,81796672,724023
20,82188526,724024
20,82552468,724022
20,82940801,724016
20,83314102,724015
20,83676216,724011
20,84048850,724008
20,84439124,724005
20,84799040,724003
20,85195562,724002
20,85578236,724002
20,85988647,724004
20,86381206,724003
20,86736797,724000
20,87120187,723998
20,87503954,723997
20,87886157,723996
20,88282015,723994
20,88694249,723998
20,89089204,724005
20,89464482,724005
20,89817706,724005
20,90179858,724001
20,90561285,723996
20,90941440,723991
20,91294654,723987
20,91672635,723986
20,92065027,723986
20,92419868,723988
20,92794495,723988
20,93189046,723986
20,93553038,723981
20,93919011,723980
20,94293117,723977
20,94694450,723974
20,95086258,723974
20,95440034,723975
20,95798435,723975
20,96193001,723974
20,96577043,723971
20,96943667,723967
20,97296984,723964
20,97674717,723959
20,98043189,723957
20,98421380,723951
20,98800086,723947
20,99194330,723944
20,99593798,723942
20,99965414,723938
20,100359322,723937
20,100716293,723936
20,101132324,723934
20,101506095,723934
20,101900730,723933
20,102256719,723934
20,102636020,723937
20,103030584,723937
20,103438874,723940
20,103798463,723942
20,104189358,723943
20,104572269,723944
20,104983455,723945
20,105335125,723948
20,105697253,723949
20,106111608,723950
20,106506300,723951
20,106903093,723954
20,107297600,723959
20,107694844,723959
20,108085937,723963
20,108460663,723966
20,108819845,723968
20,109210774,723972
20,109590146,723974
20,109943463,723976
20,110298223,723979
20,110674977,723980
20,111068896,723980
20,111496606,723980
20,111888319,723981
20,112257433,723982
20,112657937,723982
20,113065183,723982
20,113419725,723982
20,113796745,723982
20,114191182,723979
20,114554480,723968
20,114947725,723957
20,115315584,723942
20,115670364,723930
20,116042588,723917
20,116439943,723907
20,116801013,723900
20,117191296,723877
20,117573778,723826
20,117961772,723798
20,118335811,723762
20,118691328,723752
20,119043611,723754
20,119419264,723772
20,119816665,723794
20,120168713,723822
20,120558781,723847
20,120948581,723867
20,121318315,723878
20,121673684,723891
20,122067713,723905
20,122421713,723914
20,122798826,723926
20,123167794,723935
20,123551838,723940
20,123920408,723940
20,124296722,723938
20,124695722,723937
20,125089315,723935
20,125460046,723935
20,125815902,723935
20,126168527,723936
20,126555098,723937
20,126940903,723938
20,127293425,723939
20,127673279,723941
20,128066067,723944
20,128418267,723946
20,128798897,723948
20,129193750,723954
20,129556580,723955
20,129944306,723957
20,130318792,723959
20,130696380,723961
20,131090680,723963
20,131481522,723963
20,131861150,723966
20,132254381,723967
20,132611278,723967
20,133007254,723970
20,133378506,723970
20,133757529,723971
20,134155715,723973
20,134573387,723973
20,134962769,723973
20,135344700,723975
20,135737237,723976
20,136108970,723976
20,136460964,723977
20,136817010,723978
20,137167905,723978
20,137552785,723978
20,137939342,723980
20,138291961,723980
20,138673120,723981
20,139095103,723982
20,139483237,723983
20,139899346,723983
20,140257145,723984
20,140659233,723985
20,141068516,723985
20,141421766,723986
20,141799460,723985
20,142193600,723987
20,142554339,723987
20,142920115,723986
20,143314429,723987
20,143676312,723987
20,144047625,723986
20,144418361,723987
20,144799252,723987
20,145194006,723988
20,145593326,723988
20,145983813,723989
20,146335249,723989
20,146693556,723989
20,147089246,723990
20,147460709,723989
20,147817448,723989
20,148190168,723990
20,148553335,723990
20,148941427,723990
20,149313523,723991
20,149675598,723991
20,150066675,723991
20,150419305,723990
20,150800588,723990
20,151174502,723990
21,710230,24013
21,1116575,24344
21,1508539,24876
21,1905688,25443
21,2303891,26297
21,2702492,27330
21,3115723,28521
21,3509338,29773
21,3906759,31395
21,4303463,33212
21,4701673,35230
21,5115633,37435
21,5533016,39822
21,5928124,42094
21,6301980,44906
21,6695055,47573
21,7051906,50405
21,7431249,53754
21,7835335,56792
21,8194922,59993
21,8569178,63913
21,8968185,68039
21,9340010,71726
21,9715551,75539
21,10096172,80213
21,10478625,84532
21,10855187,88834
21,11216678,93915
21,11612175,99463
21,12031220,105023
21,12424713,109923
21,12803962,116066
21,13195732,122223
21,13611002,127629
21,13967533,134402
21,14361561,140214
21,14736925,146167
21,15096075,153415
21,15490574,159623
21,15887267,167206
21,16280159,174802
21,16696325,181710
21,17058209,189730
21,17445185,196928
21,17831383,205358
21,18216718,212870
21,18590512,221669
21,18967917,229526
21,19362331,238681
21,19756908,246906
21,20113372,256395
21,20528081,264975
21,20916219,274838
21,21307447,284986
21,21702410,295244
21,22116534,305126
21,22530854,315293
21,22928486,325352
21,23327850,334114
21,23714751,344296
21,24092453,353060
21,24468367,363340
21,24886524,373523
21,25282130,382449
21,25654260,391466
21,26013296,401601
21,26405873,410658
21,26798747,420864
21,27175419,429822
21,27549887,440121
21,27946512,450260
21,28340688,459292
21,28714557,468180
21,29092083,478115
21,29486642,486444
21,29854638,495956
21,30238658,504280
21,30616145,513316
21,31010152,521316
21,31403391,530105
21,31777739,537774
21,32185170,546264
21,32572522,554675
21,32969099,562725
21,33374523,569773
21,33738663,577388
21,34138064,584152
21,34506518,590559
21,34871233,597822
21,35270072,604012
21,35634882,610793
21,36031368,616748
21,36404356,623067
21,36801717,628662
21,37174517,634774
21,37547156,639774
21,37928294,644971
21,38303163,650444
21,38698206,655659
21,39115357,661084
21,39508064,665308
21,39905923,669986
21,40298821,674298
21,40651204,678194
21,41009094,682220
21,41402462,685883
21,41776460,689934
21,42175917,692990
21,42550684,696363
21,42948619,699723
21,43362024,702790
21,43756658,705267
21,44133624,707973
21,44526415,710105
21,44903772,712071
21,45257091,713971
21,45610329,715707
21,45965303,717250
21,46339667,718877
21,46733836,720094
21,47094997,721184
21,47488988,722228
21,47872695,723024
21,48262135,723598
21,48634874,724082
21,49052894,724325
21,49429203,724381
21,49802099,724349
21,50174332,724653
21,50570139,724845
21,50967784,724876
21,51340893,725050
21,51714861,725065
21,52112830,725066
21,52528586,725090
21,52884365,725036
21,53298988,725010
21,53652969,724966
21,54012824,724926
21,54405479,724891
21,54780520,724849
21,55198504,724807
21,55590466,724783
21,55969123,724747
21,56361580,724718
21,56715329,724686
21,57092293,724650
21,57487534,724617
21,57896374,724586
21,58258884,724554
21,58652738,724527
21,59030784,724499
21,59490856,724465
21,59942731,724435
21,60353826,724416
21,60721085,724393
21,61117907,724374
21,61511686,724354
21,61906573,724335
21,62303070,724314
21,62701785,724294
21,63093337,724281
21,63467391,724266
21,63852604,724251
21,64238358,724238
21,64614305,724228
21,65017602,724216
21,65407968,724204
21,65801040,724190
21,66205123,724183
21,66573742,724174
21,66971824,724165
21,67362223,724155
21,67718688,724145
21,68117937,724135
21,68510971,724125
21,68911120,724116
21,69302654,724108
21,69678726,724104
21,70082538,724099
21,70448897,724093
21,70851967,724089
21,71239367,724082
21,71610611,724077
21,71970601,724075
21,72341297,724071
21,72715534,724067
21,73116350,724063
21,73507426,724060
21,73871615,724056
21,74238935,724052
21,74632168,724046
21,75009658,724043
21,75402979,724038
21,75757638,724037
21,76119346,724034
21,76506957,724029
21,76896594,724027
21,77258433,724026
21,77611895,724024
21,77968243,724022
21,78362383,724017
21,78736409,724014
21,79099137,724006
21,79490446,723995
21,79873388,723975
21,80284909,723960
21,80674793,723948
21,81034941,723937
21,81407063,723926
21,81800222,723910
21,82212434,723894
21,82592905,723868
21,82990890,723825
21,83406354,723787
21,83798971,723756
21,84200938,723734
21,84640028,723732
21,85036356,723743
21,85404246,723763
21,85760040,723787
21,86155406,723805
21,86527425,723822
21,86914952,723835
21,87305527,723852
21,87700079,723869
21,88116900,723882
21,88510308,723898
21,88910975,723904
21,89301841,723911
21,89699444,723912
21,90117206,723913
21,90507887,723916
21,90897216,723916
21,91279884,723919
21,91673444,723922
21,92053251,723922
21,92449435,723923
21,92871244,723924
21,93236970,723926
21,93590422,723928
21,93966813,723932
21,94339547,723933
21,94714186,723937
21,95096250,723940
21,95465717,723942
21,95850638,723945
21,96239894,723947
21,96609878,723949
21,96967218,723951
21,97383043,723953
21,97736353,723957
21,98100042,723957
21,98509440,723959
21,98910171,723960
21,99303554,723961
21,99681737,723962
21,100079104,723963
21,100446684,723964
21,100965527,723967
21,101508979,723968
21,102117524,723971
21,102679441,723971
21,103170424,723973
21,103684830,723973
21,104170102,723974
21,104613724,723974
21,105070436,723975
21,105464469,723976
21,105913768,723977
21,106386046,723977
21,106757329,723977
21,107176793,723979
21,107614941,723979
21,108049853,723980
21,108507546,723980
21,108978329,723980
21,109435106,723981
21,109933313,723982
21,110348365,723982
21,110859081,723983
21,111341949,723983
21,111845675,723984
21,112336448,723985
21,112751379,723985
21,113155578,723985
21,113560099,723986
21,113929741,723986
21,114328057,723985
21,114730892,723984
21,115105849,723986
21,115489663,723986
21,115873715,723986
21,116259853,723987
21,116631117,723987
21,116993781,723987
21,117383260,723988
21,117736749,723988
21,118110964,723988
21,118464039,723988
21,118851189,723988
21,119239170,723987
21,119629888,723988
21,120006236,723988
21,120358702,723988
21,120716884,723988
21,121111133,723988
21,121486283,723988
21,121850577,723988
21,122251717,723989
21,122611185,723990
21,122965093,723990
21,123340379,723989
21,123733230,723989
21,124112126,723990
21,124464062,723990
21,124873145,723990
22,731504,24001
22,1148051,24346
22,1556124,24892
22,1950896,25471
22,2368554,26328
22,2763121,27228
22,3160040,28398
22,3537679,29617
22,3904934,31012
22,4263225,32761
22,4656277,34489
22,5032724,36596
22,5429432,38925
22,5845996,41439
22,6264094,44191
22,6659854,47196
22,7066119,50005
22,7427326,52908
22,7785771,55914
22,8162377,59533
22,8551668,62923
22,8925598,66498
22,9287884,70673
22,9659979,74430
22,10034592,78425
22,10405818,82686
22,10758393,87000
22,11113612,91330
22,11466656,95962
22,11842295,100874
22,12202941,106410
22,12595826,111437
22,12967845,116874
22,13325978,122998
22,13720727,128467
22,14105086,135278
22,14490848,141034
22,14865822,147071
22,15224316,154314
22,15615489,160531
22,15968081,167206
22,16348595,174798
22,16740592,181703
22,17129797,189725
22,17510155,196927
22,17884510,204317
22,18241711,212864
22,18635068,220576
22,19009690,229524
22,19434657,238678
22,19826069,248088
22,20225070,256379
22,20594671,264951
22,20948642,273544
22,21326623,283702
22,21718654,292621
22,22082898,302616
22,22491803,311420
22,22863834,321515
22,23267245,331580
22,23659864,341688
22,24070730,351771
22,24473346,360746
22,24866932,370927
22,25264256,381148
22,25659520,391436
22,26108578,401574
22,26471572,410638
22,26864215,420824
22,27243446,431070
22,27639936,440073
22,28012279,450218
22,28436725,460515
22,28824269,469427
22,29201964,479287
22,29593526,487609
22,29947093,495920
22,30328587,505323
22,30720790,512944
22,31114338,521527
22,31489142,528695
22,31864043,536019
22,32219886,544334
22,32614172,551873
22,32968189,559258
22,33358279,567692
22,33750420,575750
22,34153945,582700
22,34513153,590348
22,34909756,596893
22,35290633,603253
22,35655614,609345
22,36010374,616361
22,36387106,622016
22,36780529,627653
22,37158632,634036
22,37550196,639084
22,37904026,644144
22,38265467,649886
22,38657822,654504
22,39069945,660431
22,39473121,664790
22,39867271,669396
22,40265463,674135
22,40658900,678639
22,41083651,682612
22,41472872,686102
22,41843607,689598
22,42200541,693224
22,42616600,696546
22,42990075,699405
22,43366296,702142
22,43760846,705047
22,44116001,707404
22,44489545,709601
22,44863685,711626
22,45225160,713776
22,45617926,715519
22,45989495,717097
22,46348341,718749
22,46743621,719992
22,47119694,721248
22,47514701,722165
22,47885812,722894
22,48265634,723589
22,48657321,724048
22,49010110,724338
22,49430002,724425
22,49823902,724394
22,50202866,724679
22,50596050,725039
22,50989825,725049
22,51365868,725167
22,51762274,725204
22,52158187,725169
22,52536643,725187
22,52910840,725107
22,53309412,725055
22,53697180,724993
22,54083586,724925
22,54469447,724877
22,54843277,724836
22,55198724,724790
22,55572356,724754
22,55968822,724718
22,56328498,724686
22,56720135,724658
22,57104468,724628
22,57503907,724602
22,57869060,724580
22,58275968,724566
22,58640773,724548
22,59034736,724526
22,59428319,724502
22,59824938,724474
22,60221419,724445
22,60635853,724415
22,60991576,724396
22,61388690,724380
22,61761564,724367
22,62119519,724352
22,62512935,724346
22,62885761,724340
22,63244317,724324
22,63636248,724312
22,63989168,724295
22,64367789,724280
22,64760931,724264
22,65116946,724251
22,65490027,724238
22,65864008,724222
22,66219697,724206
22,66615800,724193
22,66970018,724183
22,67369861,724170
22,67761304,724161
22,68118894,724156
22,68514313,724148
22,68909422,724146
22,69284916,724139
22,69685110,724133
22,70109008,724129
22,70472187,724124
22,70864989,724118
22,71219637,724109
22,71572912,724107
22,71950146,724104
22,72348424,724100
22,72721902,724095
22,73118998,724090
22,73511086,724087
22,73886126,724081
22,74264212,724076
22,74656605,724074
22,75011656,724066
22,75407328,724060
22,75782824,724055
22,76136896,724048
22,76531190,724043
22,76907283,724040
22,77262751,724039
22,77657464,724036
22,78032849,724034
22,78415546,724031
22,78804353,724027
22,79201761,724023
22,79594125,724022
22,79967806,724021
22,80325506,724020
22,80697141,724019
22,81083635,724018
22,81469205,724020
22,81838551,724023
22,82221188,724023
22,82593422,724026
22,82947679,724028
22,83329954,724022
22,83722307,724015
22,84129323,724010
22,84491343,724005
22,84887774,724004
22,85263774,724004
22,85656018,724004
22,86008877,724002
22,86366964,724001
22,86761438,724000
22,87137003,724000
22,87511572,723999
22,87863434,723996
22,88220853,723993
22,88615844,723991
22,88967721,723989
22,89348829,723988
22,89724032,723988
22,90119119,723987
22,90513500,723985
22,90888353,723985
22,91285331,723987
22,91655404,723990
22,92009835,723990
22,92407832,723990
22,92786126,723990
22,93185458,723990
22,93596331,723988
22,93968832,723985
22,94326837,723981
22,94722367,723977
22,95102249,723968
22,95490220,723959
22,95865412,723947
22,96221352,723932
22,96614870,723917
22,96968595,723902
22,97323983,723894
22,97697622,723881
22,98083246,723873
22,98470780,723866
22,98864542,723860
22,99220659,723851
22,99592458,723826
22,99947830,723791
22,100327930,723771
22,100721487,723754
22,101119966,723755
22,101490148,723759
22,101843258,723766
22,102247777,723784
22,102616124,723805
22,103010301,723817
22,103408384,723830
22,103789152,723839
22,104176221,723851
22,104581819,723858
22,104993625,723866
22,105408646,723878
22,105785453,723885
22,106194330,723892
22,106599242,723895
22,106958031,723897
22,107320604,723900
22,107686227,723901
22,108072194,723904
22,108439904,723906
22,108803867,723909
22,109148942,723911
22,109501957,723914
22,109854242,723918
22,110182645,723920
22,110518156,723923
22,110843639,723924
22,111203070,723926
22,111553890,723931
22,111909962,723932
22,112263020,723935
22,112634258,723938
22,112963523,723939
22,113307051,723942
22,113636848,723944
22,113965176,723945
22,114296688,723948
22,114610601,723950
22,115028871,723951
22,115457530,723956
22,115805829,723956
22,116223312,723958
22,116585637,723960
22,116952084,723960
22,117303789,723961
22,117636518,723964
22,117983475,723964
22,118296897,723964
22,118656082,723966
22,119026943,723967
22,119384263,723967
22,119741959,723969
22,120153373,723971
22,120495758,723972
22,120816252,723972
22,121133658,723973
22,121459897,723973
22,121794910,723976
22,122132797,723977
22,122484252,723977
22,122840121,723977
22,123175935,723979
22,123531955,723980
22,123884476,723980
22,124244960,723981
22,124595547,723982
22,124929997,723983
22,125269456,723983
22,125638961,723983
22,125997287,723984
22,126353261,723984
22,126706042,723985
22,127088385,723988
22,127455882,723988
22,127825563,723988
22,128202872,723988
22,128562124,723987
22,128975648,723987
22,129359241,723988
22,129734188,723988
22,130116086,723988
22,130456134,723989
22,130815917,723989
22,131191755,723989
22,131586468,723990
22,131962072,723991
22,132361683,723991
22,132721659,723992
22,133138593,723992
22,133532359,723993
22,133926144,723993
22,134295589,723993
22,134655325,723993
22,135031931,723993
22,135427907,723993
22,135823200,723993
23,689530,24001
23,1072329,24345
23,1474578,24815
23,1866305,25371
23,2263850,26198
23,2663951,27084
23,3031781,28231
23,3429859,29422
23,3824140,31009
23,4206967,32760
23,4597773,34489
23,4967786,36320
23,5324702,38635
23,5719938,40803
23,6093869,43498
23,6511359,46439
23,6903254,49196
23,7290323,52489
23,7676362,55474
23,8049992,59061
23,8450301,62916
23,8864652,67010
23,9282060,71184
23,9675939,75511
23,10070353,79599
23,10449948,84535
23,10864130,88830
23,11220015,93896
23,11612792,98754
23,11987722,103667
23,12347833,109187
23,12761765,115258
23,13173535,121466
23,13574524,127604
23,13969765,133495
23,14345737,140218
23,14738324,146169
23,15113461,153408
23,15513443,160551
23,15908942,167210
23,16326538,174803
23,16699227,182746
23,17092330,189740
23,17479027,198012
23,17885056,205373
23,18243107,213998
23,18634458,221678
23,18988489,229539
23,19365813,238692
23,19758844,246909
23,20111877,255204
23,20488470,263741
23,20842103,272329
23,21208540,282461
23,21595916,291361
23,21966242,300184
23,22323439,310079
23,22737032,318976
23,23091299,327806
23,23452658,337826
23,23842738,346797
23,24205008,355600
23,24572432,365874
23,24967223,374830
23,25323853,383730
23,25700417,392759
23,26090885,402900
23,26469142,413199
23,26883443,422150
23,27240923,432352
23,27635922,441369
23,28013905,451523
23,28412957,461781
23,28822784,471992
23,29231252,480456
23,29594932,489987
23,29987670,498309
23,30369526,507695
23,30782169,516719
23,31186160,525716
23,31571086,533388
23,31945820,540953
23,32300995,549434
23,32695473,556660
23,33071001,563706
23,33426297,570728
23,33799786,578365
23,34209301,585110
23,34576050,592381
23,34969787,599672
23,35367481,605723
23,35739486,612551
23,36136850,618398
23,36512299,624670
23,36908875,631078
23,37302040,636221
23,37678706,641272
23,38073734,647149
23,38471685,652394
23,38865210,657752
23,39284177,663011
23,39676750,667069
23,40049140,671854
23,40440555,676056
23,40802977,679731
23,41186167,683767
23,41574400,687458
23,41954999,691273
23,42346089,694673
23,42770760,698062
23,43139171,700885
23,43530793,703835
23,43924857,706310
23,44302622,708895
23,44675429,710936
23,45049650,712896
23,45433042,714976
23,45801682,716596
23,46185259,718076
23,46576717,719587
23,46969584,720885
23,47366005,721990
23,47761669,722738
23,48135236,723437
23,48532501,723977
23,48927081,724248
23,49322874,724362
23,49717097,724338
23,50072217,724555
23,50490440,724926
23,50886041,724945
23,51264845,725080
23,51659729,725134
23,52069588,725095
23,52428132,725118
23,52823553,725072
23,53207550,725027
23,53596106,724985
23,53968908,724924
23,54386007,724884
23,54784053,724831
23,55205757,724777
23,55592723,724742
23,55967022,724706
23,56326854,724665
23,56718344,724633
23,57091748,724599
23,57449662,724572
23,57843581,724547
23,58221400,724519
23,58613064,724499
23,58987545,724479
23,59345930,724453
23,59739705,724434
23,60115744,724411
23,60512975,724396
23,60881734,724381
23,61242210,724366
23,61636264,724355
23,62012514,724345
23,62414505,724335
23,62780536,724329
23,63137197,724319
23,63530063,724310
23,63886511,724300
23,64281546,724291
23,64675514,724274
23,65081777,724258
23,65491539,724240
23,65883265,724222
23,66238965,724209
23,66622160,724199
23,67009773,724186
23,67389962,724173
23,67785030,724159
23,68204589,724149
23,68595849,724137
23,68968351,724128
23,69324468,724119
23,69718634,724114
23,70093601,724111
23,70512679,724106
23,70904338,724101
23,71259027,724098
23,71635797,724092
23,72030645,724087
23,72427522,724084
23,72800383,724080
23,73187130,724077
23,73571703,724074
23,73924363,724071
23,74302438,724065
23,74697544,724060
23,75090903,724053
23,75467527,724046
23,75821470,724041
23,76184182,724036
23,76758905,724012
23,77303363,723991
23,77819963,723966
23,78345819,723947
23,78861529,723934
23,79385872,723924
23,79922734,723916
23,80351571,723912
23,80748594,723908
23,81228304,723901
23,81708806,723900
23,82135661,723906
23,82561890,723913
23,82948926,723914
23,83345889,723911
23,83716357,723906
23,84069716,723900
23,84526251,723890
23,85022365,723880
23,85549942,723863
23,86065301,723840
23,86567592,723820
23,87085885,723813
23,87533434,723814
23,87934074,723823
23,88334874,723838
23,88724804,723851
23,89096111,723863
23,89493722,723870
23,89887966,723881
23,90267385,723886
23,90640840,723897
23,91033672,723905
23,91446580,723911
23,91867463,723916
23,92264998,723919
23,92662399,723922
23,93053997,723924
23,93439768,723926
23,93806470,723927
23,94207584,723930
23,94590635,723932
23,94966273,723933
23,95325430,723936
23,95696552,723937
23,96049735,723940
23,96429105,723942
23,96821084,723944
23,97185214,723947
23,97570637,723949
23,97944379,723951
23,98301372,723955
23,98715228,723955
23,99069041,723956
23,99424575,723960
23,99797925,723960
23,100207456,723960
23,100595838,723962
23,100990186,723963
23,101389184,723964
23,101787008,723964
23,102207336,723967
23,102598968,723967
23,102986355,723968
23,103363854,723969
23,103714952,723970
23,104093614,723970
23,104493092,723972
23,104886581,723972
23,105267057,723972
23,105640710,723973
23,106034941,723973
23,106450729,723975
23,106865827,723975
23,107262692,723975
23,107636404,723976
23,108026646,723976
23,108387913,723976
23,108764015,723978
23,109165933,723978
23,109528091,723978
23,109881693,723979
23,110237746,723980
23,110590430,723981
23,110944407,723981
23,111306037,723981
23,111719973,723981
23,112115254,723981
23,112515261,723982
23,112888348,723983
23,113267374,723983
23,113659691,723983
23,114070209,723983
23,114426861,723983
23,114800319,723986
23,115202980,723986
23,115590847,723985
23,115965487,723986
23,116331746,723987
23,116720019,723986
23,117091227,723987
23,117470030,723988
23,117867470,723987
23,118285443,723987
23,118677232,723988
23,119069935,723989
23,119447611,723988
23,119843418,723988
23,120225685,723990
23,120612944,723990
23,120986806,723990
23,121342578,723989
23,121737500,723990
23,122130531,723990
23,122535717,723990
23,122931448,723990
23,123306677,723990
23,123696930,723990
23,124093082,723991
23,124489891,723991
23,124886847,723991
23,125284567,723991
24,757831,24001
24,1117136,24348
24,1513611,24893
24,1930615,25480
24,2323685,26221
24,2702460,27245
24,3118567,28416
24,3513889,29830
24,3911243,31245
24,4284927,33028
24,4704296,35022
24,5093663,36906
24,5469484,39250
24,5870234,41796
24,6260908,44219
24,6636454,46838
24,6993906,50030
24,7389017,52929
24,7765340,56371
24,8179152,59545
24,8531574,62935
24,8910216,67035
24,9303921,70687
24,9659129,74970
24,10055591,79017
24,10432956,83930
24,10832840,88841
24,11242758,93911
24,11637026,98766
24,12012716,103672
24,12365488,108488
24,12720814,113693
24,13094636,119957
24,13490247,125243
24,13872971,131777
24,14264952,138561
24,14661305,144392
24,15034179,151590
24,15451122,158721
24,15847037,165253
24,16222524,172883
24,16625585,180690
24,17026567,187753
24,17412001,195875
24,17805429,204324
24,18203575,212867
24,18629874,221656
24,19012695,229514
24,19365109,237519
24,19744997,246881
24,20158368,255174
24,20512089,263701
24,20868193,273522
24,21262447,282416
24,21627176,291319
24,22012058,300142
24,22364568,308747
24,22721786,318933
24,23115765,327754
24,23490384,336507
24,23846297,346754
24,24239871,355565
24,24627494,365855
24,25015524,374815
24,25410106,384999
24,25811604,395320
24,26204728,405502
24,26625146,415769
24,27012812,424748
24,27364546,433651
24,27743579,443941
24,28136154,452843
24,28510383,461821
24,28866721,472040
24,29260230,480513
24,29630808,488854
24,29993078,498366
24,30411172,507752
24,30805295,516766
24,31199289,524675
24,31581289,533439
24,31992507,542052
24,32386041,549483
24,32741703,556706
24,33116711,564781
24,33509467,571733
24,33867064,578370
24,34240326,585097
24,34603769,592353
24,34992116,598744
24,35365629,604849
24,35723689,611642
24,36116362,617556
24,36491228,623065
24,36848635,629446
24,37265327,635471
24,37660440,640489
24,38054661,646418
24,38441405,651083
24,38828449,656323
24,39240854,661731
24,39624643,666459
24,40013519,670578
24,40386936,674869
24,40744341,679205
24,41138881,682707
24,41520668,686872
24,41910045,690853
24,42303781,693867
24,42661923,696731
24,43034803,699659
24,43406552,702440
24,43764216,705279
24,44157489,707596
24,44533491,710118
24,44928332,712078
24,45282058,713924
24,45659342,715921
24,46052556,717456
24,46405425,718860
24,46789529,720243
24,47181944,721317
24,47560049,722327
24,47973365,723111
24,48367065,723674
24,48727351,724124
24,49118043,724321
24,49493162,724376
24,49911965,724389
24,50306512,724740
24,50685943,724920
24,51081727,724978
24,51489680,725125
24,51847750,725101
24,52240780,725107
24,52624646,725105
24,53033067,725055
24,53384507,725019
24,53742681,724970
24,54136255,724927
24,54509838,724893
24,54867614,724840
24,55263811,724801
24,55637845,724764
24,56033901,724731
24,56406871,724695
24,56762692,724660
24,57158285,724630
24,57510055,724603
24,57893429,724572
24,58286378,724546
24,58660553,724518
24,59055124,724496
24,59429713,724469
24,59832876,724448
24,60198808,724430
24,60557292,724409
24,60956653,724390
24,61368769,724370
24,61764727,724352
24,62138099,724335
24,62553991,724319
24,62959710,724305
24,63367013,724291
24,63765149,724279
24,64136746,724264
24,64492030,724254
24,64890474,724243
24,65262033,724234
24,65626981,724223
24,66027266,724212
24,66388906,724196
24,66785849,724187
24,67158796,724179
24,67552792,724170
24,67933920,724162
24,68327507,724151
24,68702449,724139
24,69094595,724131
24,69469500,724124
24,69867414,724114
24,70260765,724107
24,70643206,724101
24,71034062,724095
24,71429802,724090
24,71810017,724087
24,72182270,724080
24,72587127,724078
24,72949686,724077
24,73306821,724074
24,73699490,724071
24,74119265,724070
24,74513606,724066
24,74909689,724062
24,75283484,724060
24,75640148,724057
24,76012012,724052
24,76365253,724049
24,76723089,724046
24,77116748,724042
24,77491111,724038
24,77846929,724030
24,78220678,724016
24,78624755,724001
24,79010666,723985
24,79386410,723969
24,79745951,723958
24,80118440,723948
24,80514166,723941
24,80910837,723937
24,81285933,723931
24,81680802,723922
24,82051174,723906
24,82407374,723887
24,82764430,723850
24,83135320,723816
24,83491026,723785
24,83848363,723754
24,84263362,723745
24,84660753,723743
24,85031729,723752
24,85386694,723768
24,85745793,723786
24,86136951,723801
24,86511226,723815
24,86878332,723829
24,87261681,723845
24,87637916,723860
24,88032534,723874
24,88406350,723885
24,88764685,723895
24,89157565,723900
24,89510297,723902
24,89904640,723906
24,90283384,723907
24,90672084,723910
24,91056151,723912
24,91431712,723914
24,91833975,723917
24,92200122,723919
24,92606497,723921
24,93019931,723923
24,93409384,723927
24,93786942,723928
24,94180531,723932
24,94558946,723936
24,94950141,723938
24,95363997,723940
24,95723025,723944
24,96139353,723946
24,96532349,723947
24,96930568,723949
24,97306474,723952
24,97683853,723955
24,98079722,723955
24,98490026,723958
24,98845366,723961
24,99241874,723961
24,99623097,723961
24,100010630,723964
24,100387091,723965
24,100741358,723966
24,101157656,723966
24,101509852,723966
24,101871606,723968
24,102264520,723968
24,102640907,723970
24,103034580,723970
24,103431275,723971
24,103827759,723972
24,104219524,723973
24,104604984,723974
24,104994606,723976
24,105388683,723975
24,105763696,723976
24,106179411,723977
24,106557434,723977
24,106928460,723977
24,107307144,723978
24,107705190,723978
24,108115606,723979
24,108468204,723979
24,108848472,723979
24,109240357,723979
24,109606900,723979
24,109969074,723980
24,110365228,723981
24,110722024,723982
24,111125400,723983
24,111511918,723983
24,111866902,723985
24,112259770,723984
24,112625452,723985
24,113033225,723986
24,113385623,723987
24,113742019,723985
24,114115075,723986
24,114478155,723986
24,114871740,723986
24,115243047,723985
24,115639030,723987
24,116034384,723987
24,116429190,723987
24,116811997,723987
24,117185945,723989
24,117588646,723989
24,117954337,723989
24,118346518,723989
24,118721975,723989
24,119118436,723989
24,119513519,723989
24,119910419,723989
24,120304427,723990
24,120701181,723991
24,121118675,723991
24,121513557,723991
24,121914751,723992
24,122283936,723992
25,710202,24001
25,1116191,24348
25,1529703,24827
25,1887265,25382
25,2280105,26088
25,2652756,26967
25,3010606,27945
25,3363473,29081
25,3744873,30622
25,4134425,32097
25,4483946,33761
25,4861942,35801
25,5235889,37769
25,5609235,39863
25,5993338,42470
25,6386645,45307
25,6803337,47999
25,7158092,51258
25,7551661,54205
25,7928017,57253
25,8281842,60476
25,8630802,63929
25,8989453,67547
25,9364981,71737
25,9767699,75533
25,10133747,79607
25,10485799,84523
25,10885567,88826
25,11257760,93229
25,11656420,99457
25,12074401,105037
25,12470653,110658
25,12881597,116050
25,13236289,121476
25,13610432,127620
25,14011335,134377
25,14403162,140225
25,14784316,147069
25,15226551,154304
25,15616268,161476
25,15994007,168173
25,16367985,174807
25,16792012,183758
25,17182043,190756
25,17574053,199084
25,17972247,207488
25,18363692,215117
25,18753765,223886
25,19118315,231849
25,19512078,240982
25,19912161,250471
25,20323556,258804
25,20677576,268624
25,21077651,277343
25,21452999,287491
25,21851970,296454
25,22217709,305036
25,22577560,315195
25,22975721,325214
25,23386407,333984
25,23748733,344197
25,24136135,352979
25,24489424,361992
25,24888468,372043
25,25280842,380712
25,25636414,389098
25,25992444,397347
25,26384702,407068
25,26768922,417151
25,27155964,426562
25,27509991,436018
25,27886733,445412
25,28281704,456039
25,28654376,465184
25,29010033,474237
25,29385395,482673
25,29753501,492107
25,30141942,500208
25,30531408,509354
25,30908972,517146
25,31303251,525909
25,31675976,533461
25,32031971,540920
25,32408119,549400
25,32798384,556819
25,33179636,565093
25,33576109,573161
25,34011853,581051
25,34386141,587841
25,34772758,595292
25,35161406,601794
25,35531158,607964
25,35885220,614154
25,36255956,620850
25,36635807,626494
25,37014832,632894
25,37407045,638000
25,37796846,643881
25,38178109,648879
25,38572957,654092
25,38932949,658758
25,39303747,663287
25,39680041,667918
25,40080649,672576
25,40475331,676651
25,40868015,680788
25,41274163,684737
25,41658655,688281
25,42054654,692045
25,42449738,695408
25,42853301,698679
25,43241816,701456
25,43613334,704064
25,44014969,706826
25,44387997,709349
25,44784230,711669
25,45177906,713565
25,45551115,715333
25,45907881,716929
25,46282222,718395
25,46633824,719688
25,46992230,720981
25,47385689,721956
25,47749509,722732
25,48116649,723460
25,48510745,723970
25,48887499,724321
25,49281923,724446
25,49680294,724446
25,50082768,724608
25,50471173,725088
25,50888407,725188
25,51282287,725264
25,51678245,725371
25,52073486,725346
25,52429056,725318
25,52822467,725250
25,53177695,725167
25,53531258,725092
25,53886225,725012
25,54281102,724939
25,54655361,724880
25,55030825,724828
25,55384105,724780
25,55747930,724732
25,56133351,724694
25,56508211,724661
25,56865189,724626
25,57237006,724592
25,57633490,724561
25,57988604,724535
25,58361503,724508
25,58767743,724484
25,59154289,724466
25,59528643,724453
25,59883835,724442
25,60237501,724427
25,60623886,724409
25,61017541,724394
25,61384452,724382
25,61749821,724362
25,62139073,724344
25,62510620,724326
25,62866540,724304
25,63259733,724286
25,63611576,724271
25,63991474,724260
25,64385972,724246
25,64748990,724232
25,65122462,724217
25,65511781,724207
25,65888564,724187
25,66282408,724173
25,66678125,724160
25,67076254,724150
25,67471892,724141
25,67864316,724135
25,68239429,724133
25,68611450,724127
25,68989418,724123
25,69384277,724113
25,69766266,724111
25,70135036,724111
25,70487046,724111
25,70863631,724110
25,71258877,724114
25,71611012,724119
25,71992540,724118
25,72386740,724118
25,72783396,724114
25,73176218,724102
25,73550130,724093
25,73907871,724086
25,74280914,724081
25,74632500,724073
25,74988953,724070
25,75383683,724066
25,75766698,724059
25,76152593,724055
25,76528830,724053
25,76884352,724052
25,77236712,724052
25,77611955,724049
25,78014327,724050
25,78385233,724050
25,78751110,724049
25,79136203,724053
25,79509379,724055
25,79864830,724051
25,80257808,724043
25,80612409,724034
25,80990716,724024
25,81382131,724015
25,81747694,724005
25,82112979,724001
25,82486942,724001
25,82887207,724003
25,83280321,724008
25,83632906,724013
25,83991880,724017
25,84374834,724020
25,84774500,724021
25,85136864,724016
25,85528957,724011
25,85886314,724009
25,86280456,724000
25,86653346,723997
25,87031418,723996
25,87383111,723995
25,87748172,723999
25,88156700,724008
25,88509034,724013
25,88864798,724026
25,89247652,724032
25,89632964,724034
25,89989747,724036
25,90362511,724041
25,90766862,724045
25,91155409,724048
25,91528773,724047
25,91884590,724043
25,92238428,724036
25,92610869,724030
25,93009218,724028
25,93362991,724025
25,93750386,724025
25,94140279,724026
25,94511960,724022
25,94908933,724014
25,95283341,724007
25,95677393,724005
25,96075434,724001
25,96446715,724001
25,96803009,724000
25,97199870,723999
25,97573917,724000
25,97974174,724003
25,98365878,724009
25,98769268,724013
25,99156843,724018
25,99530502,724023
25,99887852,724024
25,100280956,724027
25,100634530,724029
25,100991879,724029
25,101364112,724019
25,101752269,724011
25,102113966,724009
25,102487064,723998
25,102864923,723989
25,103259599,723979
25,103613893,723978
25,103988906,723974
25,104384469,723971
25,104753237,723969
25,105117668,723969
25,105511188,723971
25,105909985,723974
25,106282877,723973
25,106677799,723971
25,107077002,723969
25,107454258,723967
25,107826423,723965
25,108220539,723962
25,108645929,723961
25,109037266,723959
25,109407651,723953
25,109805296,723951
25,110178723,723949
25,110571180,723947
25,110930606,723946
25,111302679,723943
25,111696462,723941
25,112093892,723938
25,112486245,723936
25,112885650,723931
25,113280680,723925
25,113643144,723918
25,114011713,723906
25,114404608,723897
25,114787455,723883
25,115176550,723870
25,115528649,723860
25,115909875,723847
25,116303963,723839
25,116678951,723831
25,117074994,723825
25,117448468,723819
25,117844235,723818
25,118259902,723817
25,118611743,723817
25,118991172,723816
25,119383936,723811
25,119751253,723800
25,120113649,723779
25,120509494,723763
25,120888035,723754
25,121282032,723752
25,121676505,723760
25,122052010,723775
25,122448477,723796
25,122802482,723819
25,123175826,723840
25,123529211,723858
25,123885642,723877
25,124279704,723888
25,124654979,723900
25,125009566,723907
25,125364004,723913
25,125759803,723920
25,126138821,723925
25,126510950,723925
25,126910673,723929
25,127281438,723932
25,127675586,723935
25,128054817,723937
25,128446184,723939
25,128804879,723942
25,129177632,723943
25,129573335,723944
25,129990949,723946
25,130385339,723947
25,130787835,723948
25,131179468,723947
25,131572311,723946
25,131927667,723944
25,132322086,723943
25,132698726,723941
25,133112218,723940
25,133509344,723941
25,133868229,723943
25,134240656,723948
25,134635517,723950
25,135011516,723956
25,135406918,723960
25,135794291,723964
25,136178152,723969
25,136572060,723970
25,136951063,723976
25,137363408,723978
25,137770790,723981
25,138146338,723982
25,138533109,723983
25,138928739,723985
25,139302652,723984
25,139696837,723986
25,140093766,723986
25,140488973,723985
25,140885725,723984
25,141300930,723983
25,141654017,723982
25,142016703,723981
25,142387811,723980
25,142783984,723980
25,143177765,723980
25,143551376,723981
25,143908525,723982
25,144282047,723983
25,144676206,723983
25,145031288,723983
25,145404714,723987
25,145768354,723988
25,146155932,723988
25,146508104,723989
25,146885985,723991
25,147280029,723990
25,147635567,723990
25,148010069,723990
25,148425714,723991
25,148800417,723991
25,149179065,723990
25,149553431,723991
25,149951509,723991
25,150328375,723990
25,150729560,723989
25,151117580,723988
25,151488235,723987
25,151865529,723987
25,152262020,723986
25,152658295,723986
25,153032451,723987
25,153440159,723987
25,153805351,723988
25,154200773,723989
25,154598784,723989
25,154993961,723989
25,155386957,723989
25,155793571,723990
25,156158237,723990
25,156550346,723989
25,156907939,723990
25,157291855,723991
25,157679361,723991
25,158073458,723990
25,158445369,723989
25,158801511,723989
25,159177763,723989
25,159571282,723987
25,159930806,723988
25,160301798,723990
25,160654381,723989
25,161011706,723988
25,161408489,723988
25,161782524,723988
25,162186905,723986
25,162577875,723986
25,162952106,723987
25,163327436,723988
25,163732225,723988
25,164095018,723988
25,164491731,723989
25,164889176,723989
25,165282629,723989
25,165678320,723990
25,166074364,723989
25,166451082,723989
25,166848662,723989
25,167259797,723990
25,167655450,723989
25,168031225,723989
25,168384454,723989
25,168748563,723989
25,169137099,723989
25,169508905,723989
26,724645,24000
26,1091191,24344
26,1506269,24819
26,1859068,25294
26,2216554,26075
26,2629142,26945
26,2991017,28064
26,3378562,29219
26,3752533,30580
26,4112161,32273
26,4526173,33957
26,4878216,35748
26,5236804,38010
26,5629306,40128
26,6013342,42766
26,6400591,45259
26,6774572,47955
26,7130345,50803
26,7481845,53733
26,7835455,56759
26,8220307,60426
26,8611574,63879
26,8973972,68008
26,9361669,71677
26,9753856,75461
26,10112309,80139
26,10506388,85102
26,10900800,89392
26,11277646,94509
26,11671199,99404
26,12049467,104997
26,12446823,110608
26,12865456,116795
26,13260105,122208
26,13654501,128396
26,14050208,135198
26,14446294,141835
26,14857764,147921
26,15215701,155156
26,15609377,161432
26,15970598,168138
26,16337770,174783
26,16712774,182723
26,17098141,189730
26,17462919,196927
26,17835988,205368
26,18234741,212880
26,18585143,220584
26,18973523,229530
26,19362855,238690
26,19775366,246909
26,20133372,256388
26,20528192,264955
26,20925644,274809
26,21325425,284951
26,21714653,293908
26,22092762,303734
26,22486192,313684
26,22899975,322529
26,23253729,331362
26,23606905,340190
26,23970231,349178
26,24337326,359411
26,24731234,368380
26,25108583,377407
26,25463316,387611
26,25856753,396629
26,26237313,406845
26,26629338,415797
26,26989970,424799
26,27357292,433681
26,27710063,442716
26,28108292,452874
26,28481717,461843
26,28835847,470804
26,29234367,480518
26,29607911,488859
26,29977217,498380
26,30365063,506624
26,30736675,514503
26,31093166,523595
26,31486127,531252
26,31860767,538896
26,32215375,547373
26,32629712,554717
26,32991590,562791
26,33399678,569849
26,33756641,576538
26,34132963,584247
26,34529316,591543
26,34932532,597905
26,35302833,604914
26,35670523,610859
26,36051389,616807
26,36427527,623130
26,36819787,629528
26,37216747,634850
26,37589053,639879
26,37970475,645842
26,38358911,650633
26,38732390,655237
26,39087350,660720
26,39461985,665064
26,39836594,669064
26,40212234,673873
26,40607059,677880
26,40971977,681409
26,41372815,685391
26,41737478,689434
26,42135924,692640
26,42528850,695985
26,42924252,699257
26,43321211,702379
26,43736587,704915
26,44092183,707605
26,44485338,709780
26,44860080,711781
26,45217965,713658
26,45610928,715647
26,45975802,717210
26,46342768,718642
26,46711648,720045
26,47114228,721273
26,47506349,722166
26,47878244,722872
26,48238624,723470
26,48629235,723988
26,49012914,724259
26,49401471,724333
26,49772902,724300
26,50134100,724600
26,50527588,724982
26,50923125,725037
26,51325436,725161
26,51712544,725223
26,52089669,725194
26,52485538,725195
26,52877392,725114
26,53253993,725054
26,53607072,724987
26,53973217,724940
26,54341119,724891
26,54733980,724843
26,55088632,724802
26,55463669,724759
26,55837579,724707
26,56233154,724670
26,56585961,724638
26,56974601,724611
26,57362228,724580
26,57753300,724558
26,58112768,724533
26,58485007,724514
26,58845744,724490
26,59237301,724476
26,59629382,724458
26,60004601,724441
26,60357533,724420
26,60731475,724399
26,61090044,724377
26,61460676,724354
26,61857569,724334
26,62211586,724316
26,62585830,724297
26,62993815,724281
26,63383283,724261
26,63755342,724243
26,64111493,724223
26,64505960,724206
26,64880559,724188
26,65237391,724172
26,65637006,724160
26,66027666,724148
26,66424723,724134
26,66817675,724128
26,67173917,724120
26,67551343,724109
26,67959509,724106
26,68317730,724104
26,68673227,724101
26,69067086,724099
26,69440991,724095
26,69797321,724094
26,70196002,724091
26,70608570,724090
26,70969676,724090
26,71336677,724087
26,71730372,724086
26,72086529,724087
26,72461197,724089
26,72855500,724091
26,73211034,724092
26,73585752,724093
26,73972749,724093
26,74360941,724090
26,74709727,724087
26,75088572,724082
26,75461161,724078
26,75835261,724077
26,76222876,724073
26,76590723,724070
26,76982148,724064
26,77362474,724059
26,77735594,724053
26,78091263,724045
26,78485098,724036
26,78856454,724023
26,79212058,723997
26,79590455,723952
26,79994342,723902
26,80380662,723867
26,80753745,723837
26,81111354,723815
26,81525140,723801
26,81877653,723794
26,82234310,723789
26,82586866,723787
26,82983799,723787
26,83364564,723775
26,83756365,723735
26,84131908,723706
26,84527390,723687
26,84901678,723680
26,85255141,723686
26,85627869,723701
26,85996827,723734
26,86377980,723773
26,86733480,723811
26,87092744,723842
26,87463268,723866
26,87834876,723895
26,88237436,723911
26,88630604,723918
26,88993773,723926
26,89367915,723930
26,89756889,723933
26,90111706,723933
26,90484419,723935
26,90834300,723934
26,91216383,723934
26,91588882,723934
26,91969556,723931
26,92359877,723928
26,92731761,723926
26,93088065,723923
26,93461739,723921
26,93855353,723920
26,94214256,723924
26,94584648,723926
26,94988726,723931
26,95378483,723936
26,95750754,723942
26,96113005,723946
26,96505322,723951
26,96855871,723956
26,97235722,723958
26,97587648,723961
26,97969799,723963
26,98356600,723963
26,98732006,723965
26,99086326,723965
26,99483184,723965
26,99834666,723965
26,100217224,723965
26,100610917,723966
26,100973703,723966
26,101359907,723967
26,101735266,723968
26,102130985,723969
26,102503020,723969
26,102857248,723970
26,103236490,723973
26,103628477,723973
26,103992305,723974
26,104358431,723976
26,104710616,723976
26,105086768,723978
26,105461034,723979
26,105835569,723980
26,106210696,723980
26,106615792,723980
26,107044705,723980
26,107422032,723980
26,107773230,723980
26,108133131,723980
26,108526729,723980
26,108902791,723981
26,109278433,723982
26,109673195,723982
26,110028760,723982
26,110402403,723984
26,110751579,723984
26,111108771,723984
26,111460382,723985
26,111834744,723985
26,112236941,723986
26,112631014,723987
26,113006658,723987
26,113367916,723987
26,113732236,723988
26,114089521,723988
26,114483066,723987
26,114834408,723988
26,115213462,723988
26,115587342,723988
26,115970201,723988
26,116336332,723989
26,116709170,723990
26,117086790,723990
26,117462514,723990
26,117835161,723990
26,118237775,723990
26,118632091,723990
26,119027537,723991
26,119402611,723992
26,119756931,723993
26,120132459,723993
26,120524344,723993
26,120877130,723993
26,121257744,723991
26,121653792,723991
27,736093,24002
27,1117571,24281
27,1471816,24761
27,1824221,25220
27,2185321,25857
27,2575706,26826
27,2948000,27778
27,3330189,29056
27,3721184,30394
27,4084394,31842
27,4470909,33718
27,4844093,35497
27,5221733,37435
27,5574287,39511
27,5926548,41751
27,6309099,44532
27,6703488,47568
27,7097860,50399
27,7470729,53313
27,7823687,56330
27,8180872,59975
27,8574431,63406
27,8947966,67008
27,9324664,70660
27,9698880,74942
27,10084429,79573
27,10495430,84501
27,10887700,88797
27,11246075,93189
27,11639988,98706
27,12045122,104308
27,12432171,109866
27,12847965,116004
27,13245373,121446
27,13639312,127584
27,14012148,134335
27,14412246,140181
27,14821483,147020
27,15204342,154268
27,15597945,160520
27,15969897,167186
27,16329828,174783
27,16741851,181702
27,17097101,188736
27,17448791,195875
27,17801386,203283
27,18181425,211772
27,18573747,219488
27,18925311,227225
27,19305980,236389
27,19698461,244487
27,20061208,253987
27,20449111,262487
27,20823230,271075
27,21185435,281174
27,21576914,290053
27,21952100,298944
27,22329408,308705
27,22722844,317606
27,23099452,327729
27,23490635,336459
27,23842632,345473
27,24202307,355561
27,24594137,364575
27,24968251,373552
27,25352157,383753
27,25743183,392811
27,26098692,402958
27,26514484,411984
27,26864191,420931
27,27223299,431140
27,27617471,440158
27,27989486,449027
27,28347418,458037
27,28741175,468227
27,29117815,476959
27,29470681,485250
27,29849222,494789
27,30242169,503145
27,30593994,511108
27,30968356,519082
27,31344881,527955
27,31750000,536723
27,32143951,545226
27,32540569,552651
27,32948592,560745
27,33327656,568858
27,33742713,575587
27,34096379,582327
27,34448681,588836
27,34802353,595154
27,35178702,602347
27,35572426,608270
27,35928764,614280
27,36307997,620753
27,36701706,626269
27,37066746,632584
27,37457154,637642
27,37826761,642807
27,38181401,648554
27,38572446,653099
27,38925957,657841
27,39307608,663134
27,39700271,667236
27,40073130,671381
27,40429322,675581
27,40801405,679874
27,41180550,683366
27,41551541,686934
27,41936683,690856
27,42327700,694330
27,42718575,697210
27,43113660,700451
27,43496121,703140
27,43867927,705630
27,44225299,708245
27,44617736,710367
27,44972103,712334
27,45349696,714437
27,45743497,716120
27,46140226,717843
27,46540498,719377
27,46929958,720533
27,47306174,721699
27,47702030,722510
27,48064840,723159
27,48454432,723774
27,48823106,724136
27,49205082,724328
27,49577772,724351
27,49946714,724359
27,50328015,724810
27,50722056,725042
27,51080879,725060
27,51449019,725187
27,51802213,725222
27,52178228,725190
27,52550642,725188
27,52926167,725108
27,53303000,725040
27,53698609,724963
27,54062704,724895
27,54454008,724849
27,54827643,724808
27,55244570,724764
27,55638752,724732
27,56004769,724689
27,56396971,724654
27,56760187,724613
27,57117725,724583
27,57472769,724559
27,57847361,724537
27,58203286,724514
27,58597392,724496
27,58972712,724482
27,59346349,724467
27,59696754,724450
27,60061960,724436
27,60447650,724423
27,60801787,724409
27,61180383,724395
27,61574673,724382
27,61925223,724369
27,62306480,724354
27,62699729,724338
27,63061095,724324
27,63427829,724305
27,63822161,724283
27,64181619,724264
27,64551445,724245
27,64925782,724224
27,65327888,724208
27,65720158,724189
27,66085384,724175
27,66453085,724160
27,66847350,724151
27,67203517,724141
27,67577301,724132
27,67972175,724125
27,68349727,724120
27,68740529,724114
27,69096044,724107
27,69448814,724101
27,69827329,724094
27,70244502,724092
27,70637632,724090
27,70989131,724085
27,71346635,724081
27,71719440,724076
27,72080416,724074
27,72469225,724069
27,72844279,724065
27,73201987,724061
27,73594981,724057
27,73968460,724051
27,74324016,724046
27,74678459,724045
27,75060561,724044
27,75449681,724041
27,75823701,724040
27,76180445,724037
27,76577651,724036
27,76947845,724034
27,77307621,724029
27,77701735,724023
27,78065588,724011
27,78431227,723990
27,78827091,723964
27,79191361,723932
27,79556900,723894
27,79949103,723870
27,80327552,723846
27,80740120,723836
27,81102833,723824
27,81494009,723822
27,81867209,723818
27,82224791,723817
27,82618379,723806
27,82989105,723770
27,83347308,723730
27,83751047,723703
27,84142098,723688
27,84517514,723694
27,84887037,723708
27,85245469,723744
27,85635512,723782
27,85988220,723823
27,86365698,723853
27,86717807,723879
27,87082161,723901
27,87473160,723913
27,87856727,723922
27,88255919,723925
27,88642353,723932
27,89049730,723936
27,89433699,723937
27,89821821,723937
27,90200052,723938
27,90553001,723939
27,90929816,723936
27,91326672,723932
27,91722542,723931
27,92109897,723930
27,92492723,723929
27,92842950,723930
27,93225231,723933
27,93639238,723939
27,93992147,723940
27,94345975,723944
27,94698564,723947
27,95061676,723950
27,95428061,723951
27,95802505,723956
27,96178510,723958
27,96550858,723959
27,96926714,723962
27,97324407,723962
27,97677013,723964
27,98066601,723965
27,98433001,723966
27,98827182,723967
27,99202974,723968
27,99576007,723969
27,99932055,723970
27,100348498,723971
27,100739286,723972
27,101116538,723973
27,101472272,723973
27,101825461,723974
27,102183400,723975
27,102576900,723975
27,102947142,723976
27,103307003,723976
27,103711141,723976
27,104087803,723979
27,104450449,723978
27,104802411,723978
27,105201023,723979
27,105552822,723979
27,105925986,723980
27,106327467,723981
27,106720406,723982
27,107095416,723982
27,107451033,723982
27,107800800,723984
27,108177386,723985
27,108572249,723984
27,108925952,723983
27,109311380,723984
27,109701283,723984
27,110065132,723984
27,110435256,723985
27,110825812,723985
27,111180901,723985
27,111552181,723985
27,111935152,723984
27,112329321,723986
27,112723055,723986
27,113095262,723985
27,113452512,723987
27,113843201,723986
27,114223294,723986
27,114617642,723986
27,114967744,723987
27,115346084,723987
27,115697972,723987
27,116060135,723987
27,116448063,723989
27,116822714,723989
27,117294731,723989
27,117803023,723989
27,118299107,723989
27,118822013,723990
27,119341090,723989
27,119838761,723989
27,120351591,723991
27,120787140,723991
27,121193483,723990
27,121674203,723991
27,122199218,723991
27,122697980,723991
27,123240847,723993
27,123740643,723993
27,124244792,723993
27,124680823,723993
27,125077411,723993
27,125478905,723993
28,744345,24000
28,1138813,24347
28,1532637,24894
28,1952470,25467
28,2367292,26330
28,2772068,27367
28,3153081,28396
28,3527491,29612
28,3886774,31217
28,4278823,32757
28,4651789,34483
28,5031593,36590
28,5423184,38619
28,5779771,40786
28,6131689,43133
28,6484496,45661
28,6865295,48784
28,7262139,52074
28,7673536,55050
28,8033767,58606
28,8426444,61927
28,8804480,65993
28,9197370,69636
28,9568049,73318
28,9927336,77794
28,10344274,82679
28,10747945,87592
28,11134910,91916
28,11507131,96589
28,11864430,101542
28,12237112,107061
28,12641671,112874
28,13032077,118388
28,13425872,124467
28,13800044,130072
28,14151919,136060
28,14527433,141846
28,14886425,147945
28,15280734,155180
28,15656351,162391
28,16052816,169101
28,16427526,176700
28,16844284,184736
28,17238450,191737
28,17610722,200116
28,18031349,208519
28,18423728,216189
28,18779535,223865
28,19132959,231828
28,19504602,239820
28,19863479,249265
28,20256087,257566
28,20631754,266171
28,20986758,274805
28,21360268,284953
28,21748466,293919
28,22133022,303795
28,22506768,312600
28,22885036,322739
28,23280975,331542
28,23654660,340386
28,24032065,350553
28,24426002,359470
28,24782090,369696
28,25172191,378677
28,25531260,387596
28,25929041,397849
28,26321905,406798
28,26675558,415769
28,27041816,426028
28,27427437,434922
28,27803197,445173
28,28194116,454092
28,28546537,463042
28,28925982,471983
28,29278647,480419
28,29632283,488769
28,29993068,497096
28,30359874,506538
28,30770228,515570
28,31179774,524616
28,31589425,532272
28,31954929,540947
28,32343285,549434
28,32748837,556668
28,33138134,564758
28,33509109,571710
28,33884241,578356
28,34239532,586019
28,34630745,592343
28,35007799,598749
28,35365067,604860
28,35747670,611660
28,36137443,618389
28,36541190,623890
28,36928746,630294
28,37323181,636229
28,37726154,642053
28,38131719,647204
28,38485822,651828
28,38865066,657135
28,39258748,661872
28,39631615,666050
28,39990306,670767
28,40381389,675036
28,40745941,678851
28,41135484,682837
28,41508035,686434
28,41863770,689938
28,42238607,693495
28,42632697,696405
28,43010489,699665
28,43403827,702393
28,43764446,704948
28,44134827,707633
28,44526450,709786
28,44886407,711786
28,45259243,713668
28,45613156,715424
28,45990499,717226
28,46382738,718653
28,46744595,720044
28,47133742,721130
28,47483916,722064
28,47865251,722887
28,48280265,723478
28,48629383,723941
28,48990221,724245
28,49405836,724335
28,49765758,724312
28,50157161,724541
28,50529921,724914
28,50893082,724976
28,51305302,725100
28,51693261,725171
28,52095736,725132
28,52483986,725164
28,52860255,725097
28,53236016,725050
28,53608743,724990
28,54006998,724925
28,54360079,724878
28,54744404,724833
28,55135296,724787
28,55529230,724760
28,55884779,724731
28,56259281,724701
28,56611976,724667
28,56987956,724628
28,57381177,724594
28,57746153,724557
28,58131562,724529
28,58508396,724503
28,58863258,724480
28,59237169,724460
28,59631351,724442
28,59988699,724424
28,60363019,724406
28,60773411,724385
28,61135231,724361
28,61529899,724343
28,61884595,724330
28,62258278,724320
28,62610293,724309
28,62985377,724295
28,63380923,724289
28,63746380,724280
28,64131421,724270
28,64484702,724255
28,64862355,724240
28,65235028,724224
28,65629106,724213
28,65990949,724199
28,66385339,724193
28,66769729,724184
28,67155289,724175
28,67530476,724164
28,67886618,724154
28,68276471,724145
28,68629723,724139
28,68989813,724133
28,69363550,724128
28,69746687,724124
28,70134726,724117
28,70487102,724109
28,70863034,724100
28,71255178,724098
28,71608755,724095
28,71990634,724092
28,72382584,724091
28,72744160,724090
28,73131870,724084
28,73503946,724080
28,73862243,724076
28,74238500,724072
28,74629812,724068
28,74994424,724065
28,75361725,724061
28,75763021,724056
28,76130440,724053
28,76483394,724047
28,76862993,724041
28,77235867,724034
28,77609076,724031
28,77985941,724026
28,78359813,724020
28,78744735,724013
28,79130724,724007
28,79505606,723999
28,79860157,723985
28,80238115,723970
28,80634247,723955
28,80988890,723941
28,81383494,723932
28,81764904,723923
28,82155413,723917
28,82530275,723915
28,82881456,723913
28,83233531,723909
28,83611966,723900
28,84007981,723885
28,84361389,723875
28,84754298,723863
28,85135406,723854
28,85528890,723845
28,85906772,723843
28,86320917,723839
28,86675544,723816
28,87029808,723781
28,87382861,723756
28,87743339,723736
28,88133331,723727
28,88506650,723735
28,88890118,723755
28,89280834,723790
28,89676184,723823
28,90054762,723857
28,90447358,723878
28,90844610,723898
28,91238643,723910
28,91633893,723916
28,91991899,723921
28,92361318,723926
28,92767705,723929
28,93160345,723932
28,93529619,723934
28,93927581,723934
28,94298638,723934
28,94654750,723935
28,95033488,723932
28,95427876,723931
28,95821516,723930
28,96196512,723930
28,96548881,723930
28,96904810,723933
28,97258599,723936
28,97631463,723941
28,97987426,723942
28,98361654,723947
28,98779196,723951
28,99157851,723954
28,99529126,723956
28,99886391,723959
28,100281580,723959
28,100655043,723961
28,101051741,723963
28,101449790,723963
28,101845148,723964
28,102238525,723966
28,102642897,723966
28,103031261,723968
28,103428291,723968
28,103823510,723968
28,104216540,723969
28,104590852,723971
28,104952154,723972
28,105340726,723973
28,105731462,723973
28,106094146,723974
28,106487073,723975
28,106866315,723976
28,107258045,723977
28,107611967,723977
28,107987244,723978
28,108382759,723979
28,108748826,723979
28,109147933,723980
28,109509223,723980
28,109907434,723981
28,110279749,723981
28,110633726,723981
28,110990859,723981
28,111360543,723982
28,111770173,723982
28,112133742,723982
28,112485815,723982
28,112887134,723985
28,113280532,723985
28,113654912,723984
28,114011097,723984
28,114382424,723984
28,114746981,723985
28,115135542,723985
28,115529466,723985
28,115905403,723986
28,116299452,723987
28,116674206,723986
28,117028982,723986
28,117382187,723986
28,117766874,723987
28,118154802,723987
28,118506073,723988
28,118883413,723989
28,119236671,723989
28,119611475,723989
28,120008617,723989
28,120425236,723989
28,120801421,723989
28,121178081,723989
28,121552578,723989
28,121948640,723989
28,122347600,723989
28,122748831,723989
28,123149200,723991
28,123529978,723991
28,123903912,723991
29,714827,24013
29,1125736,24349
29,1512949,24895
29,1906239,25472
29,2287759,26215
29,2658797,27240
29,3083453,28412
29,3469397,29632
29,3842863,31233
29,4242703,33012
29,4655815,34754
29,5010687,36605
29,5388283,38929
29,5781422,41119
29,6156971,43843
29,6536143,46432
29,6906767,49192
29,7269623,52494
29,7659982,55481
29,8031281,58609
29,8411999,62437
29,8803793,66002
29,9180461,70158
29,9562437,73861
29,9927215,77813
29,10310066,82693
29,10706271,87610
29,11124431,92581
29,11513803,98043
29,11926805,102978
29,12285511,108480
29,12679648,113694
29,13056152,119962
29,13449453,126027
29,13864907,131796
29,14222351,137740
29,14614567,144391
29,14989251,150692
29,15344620,156932
29,15719345,164284
29,16122477,171006
29,16511943,178678
29,16865479,185744
29,17246049,192749
29,17614868,200117
29,17969571,208513
29,18367243,216177
29,18739806,223849
29,19103840,232948
29,19510910,240933
29,19866177,250420
29,20262578,258754
29,20635051,267359
29,21013358,277291
29,21406873,286165
29,21771870,296408
29,22166022,306180
29,22575292,316352
29,22968062,325176
29,23348562,335194
29,23740691,344180
29,24125415,354248
29,24511049,363279
29,24885080,372218
29,25243858,382423
29,25639437,391475
29,26010005,400357
29,26367515,410668
29,26759134,419615
29,27148227,429843
29,27530726,438857
29,27906145,447761
29,28265444,458041
29,28657493,466951
29,29031633,475776
29,29409457,485262
29,29805498,494798
29,30204792,504326
29,30598377,512238
29,30972273,521349
29,31392429,530147
29,31784339,537810
29,32182906,546302
29,32561743,553683
29,32926219,560729
29,33287575,568844
29,33693185,575572
29,34054117,583267
29,34435220,589711
29,34806682,596047
29,35184672,603193
29,35579098,609948
29,35967310,615926
29,36347915,622274
29,36740294,627854
29,37124231,634046
29,37531905,639055
29,37886859,644247
29,38241875,649847
29,38635257,654371
29,39011287,659141
29,39394323,664236
29,39783892,668840
29,40182277,673108
29,40575532,677766
29,40972659,681785
29,41368797,685819
29,41761801,689413
29,42143423,693079
29,42536576,695979
29,42910487,699261
29,43308626,702387
29,43705144,704927
29,44107552,707631
29,44493207,710094
29,44884873,712070
29,45265163,714182
29,45657078,715890
29,46011679,717434
29,46398725,719026
29,46804988,720373
29,47186445,721419
29,47551561,722284
29,47907171,722982
29,48283830,723640
29,48676505,724051
29,49031950,724270
29,49410679,724346
29,49801457,724324
29,50170261,724617
29,50535779,724996
29,50926621,725016
29,51307975,725152
29,51697868,725219
29,52051742,725177
29,52432928,725205
29,52826573,725132
29,53241271,725078
29,53635284,725015
29,54010631,724944
29,54392513,724885
29,54765266,724840
29,55142218,724787
29,55556606,724749
29,55951006,724708
29,56370190,724679
29,56761460,724646
29,57141569,724612
29,57532600,724581
29,57906830,724555
29,58275544,724523
29,58660394,724499
29,59030608,724475
29,59387734,724450
29,59781252,724432
29,60148949,724413
29,60509399,724391
29,60864980,724372
29,61223387,724356
29,61597553,724337
29,61992663,724321
29,62369938,724303
29,62763448,724284
29,63161845,724271
29,63532191,724261
29,63887087,724246
29,64285486,724229
29,64657460,724219
29,65053160,724209
29,65427248,724198
29,65781913,724189
29,66150931,724181
29,66512842,724174
29,66906151,724164
29,67264025,724155
29,67635023,724149
29,68009811,724142
29,68387269,724136
29,68759624,724129
29,69127554,724122
29,69578256,724116
29,69992730,724108
29,70481164,724100
29,70945066,724089
29,71459032,724078
29,71887994,724072
29,72383353,724070
29,72900523,724066
29,73402270,724060
29,73919248,724054
29,74446529,724048
29,74964788,724044
29,75463551,724038
29,75887722,724034
29,76380861,724024
29,76874127,724015
29,77291406,724003
29,77713602,723985
29,78131918,723970
29,78495118,723958
29,78886876,723944
29,79264823,723935
29,79656330,723927
29,80052254,723924
29,80428022,723921
29,80822133,723919
29,81204825,723918
29,81593304,723915
29,81966852,723905
29,82346320,723892
29,82716491,723875
29,83104443,723861
29,83495787,723834
29,83864070,723806
29,84237514,723776
29,84641993,723757
29,85034948,723750
29,85409986,723753
29,85805281,723768
29,86220392,723793
29,86615800,723818
29,87007994,723840
29,87406124,723856
29,87762920,723871
29,88158508,723882
29,88553005,723890
29,88929220,723899
29,89332514,723909
29,89740901,723915
29,90125265,723921
29,90512530,723925
29,90905009,723926
29,91283247,723926
29,91678169,723925
29,92058913,723925
29,92467464,723924
29,92866510,723924
29,93261213,723928
29,93632186,723929
29,93994792,723930
29,94410654,723935
29,94802846,723937
29,95178437,723939
29,95571936,723943
29,95989255,723946
29,96344643,723948
29,96715335,723952
29,97142203,723956
29,97532185,723957
29,97881757,723957
29,98240264,723959
29,98612402,723960
29,98964305,723961
29,99365776,723962
29,99736762,723963
29,100099967,723965
29,100512448,723965
29,100905882,723966
29,101261443,723968
29,101634816,723968
29,101984721,723969
29,102349159,723971
29,102738955,723971
29,103119082,723972
29,103508709,723973
29,103860598,723974
29,104237868,723974
29,104589662,723976
29,104963828,723976
29,105368900,723978
29,105760874,723978
29,106137730,723978
29,106532951,723978
29,106905098,723978
29,107261407,723978
29,107657930,723979
29,108027610,723980
29,108414200,723980
29,108805571,723980
29,109203894,723981
29,109611265,723982
29,109964364,723982
29,110345355,723983
29,110740915,723983
29,111137342,723983
29,111509742,723983
29,111865480,723984
29,112261626,723984
29,112635508,723984
29,112987135,723984
29,113345098,723986
29,113717965,723984
29,114121395,723984
29,114528624,723985
29,114881671,723986
29,115237077,723986
29,115588951,723987
29,115964463,723987
29,116365845,723987
29,116760245,723987
29,117137047,723987
29,117530383,723988
29,117906668,723988
29,118262915,723988
29,118652071,723988
29,119026200,723988
29,119404196,723989
29,119758951,723989
29,120125946,723988
29,120524554,723988
29,120885993,723988
29,121240673,723988
29,121613108,723989
29,121986242,723989
29,122364565,723989
29,122760267,723991
30,710403,24016
30,1118170,24424
30,1532752,24967
30,1930134,25484
30,2322834,26347
30,2697763,27249
30,3057260,28262
30,3428265,29639
30,3836756,31034
30,4199355,32784
30,4592710,34507
30,4949077,36335
30,5343667,38642
30,5695524,40809
30,6077570,43155
30,6449247,46062
30,6846524,49206
30,7242141,52080
30,7638372,55486
30,8034801,59074
30,8426988,62427
30,8812599,66508
30,9200410,70157
30,9595270,74413
30,9993704,79005
30,10389946,83919
30,10796447,88215
30,11156973,92577
30,11516678,98035
30,11911349,103655
30,12324223,109177
30,12718770,114469
30,13076433,119954
30,13472382,126028
30,13866127,132650
30,14262667,138576
30,14641840,145263
30,15031510,152499
30,15426031,158726
30,15815790,165264
30,16178805,172893
30,16573174,179690
30,16930158,186770
30,17304231,194842
30,17696904,202248
30,18054933,209609
30,18426088,218413
30,18832491,227258
30,19223675,235285
30,19594414,244512
30,20013798,254005
30,20452292,263738
30,20850579,273555
30,21274875,283709
30,21639406,292626
30,22019718,302582
30,22425563,312624
30,22815744,321466
30,23179697,331534
30,23574415,340362
30,23950984,350514
30,24344294,359445
30,24738726,369662
30,25136962,379918
30,25537683,390172
30,25954292,400353
30,26345598,409372
30,26740818,419596
30,27139527,429822
30,27532653,440118
30,27930456,448980
30,28301855,457996
30,28674636,468178
30,29075721,478098
30,29470785,486415
30,29848836,495938
30,30241174,504271
30,30639942,513308
30,31034726,522429
30,31427824,531206
30,31847906,539914
30,32240527,548376
30,32655837,555657
30,33032990,563573
30,33426914,571250
30,33833301,578446
30,34239738,584861
30,34593790,591040
30,34985908,598303
30,35365812,605404
30,35760978,611551
30,36158662,618549
30,36555031,625063
30,36951570,630887
30,37345488,637027
30,37739693,642233
30,38117411,648240
30,38489162,652952
30,38851571,658186
30,39239042,662856
30,39595166,667118
30,39993452,671748
30,40385141,675843
30,40738844,679624
30,41117576,683586
30,41491067,687122
30,41866829,691064
30,42260119,694100
30,42634460,696962
30,43004135,699798
30,43365977,702904
30,43760524,705770
30,44162348,708060
30,44551467,710499
30,44949277,712726
30,45343477,714538
30,45696351,716229
30,46088155,717953
30,46470050,719297
30,46848539,720620
30,47242487,721777
30,47636751,722585
30,48018078,723330
30,48428643,723918
30,48833207,724240
30,49222373,724397
30,49596048,724406
30,49971052,724500
30,50364541,724893
30,50741824,725029
30,51140006,725107
30,51537568,725233
30,51950098,725190
30,52343418,725208
30,52717376,725168
30,53075888,725102
30,53448364,725051
30,53851538,724966
30,54240042,724918
30,54636016,724866
30,55037900,724816
30,55427585,724776
30,55810621,724739
30,56198443,724714
30,56552351,724692
30,56928288,724659
30,57323974,724637
30,57701191,724608
30,58096290,724577
30,58470118,724542
30,58867282,724515
30,59260044,724499
30,59648690,724475
30,60035772,724457
30,60447737,724441
30,60813614,724423
30,61183687,724401
30,61572342,724383
30,61928686,724362
30,62300958,724346
30,62675590,724329
30,63052972,724317
30,63447417,724301
30,63831929,724288
30,64199249,724276
30,64595092,724268
30,64972336,724259
30,65367265,724252
30,65740834,724241
30,66136934,724231
30,66535201,724221
30,66928651,724212
30,67300757,724201
30,67676428,724190
30,68057073,724183
30,68448047,724177
30,68848952,724165
30,69221881,724157
30,69616123,724146
30,70014056,724133
30,70387069,724123
30,70803738,724117
30,71200851,724114
30,71574690,724107
30,71971543,724102
30,72343327,724096
30,72696014,724089
30,73055291,724079
30,73451178,724075
30,73830446,724073
30,74221123,724070
30,74594703,724063
30,74992144,724058
30,75367011,724051
30,75758932,724048
30,76162151,724048
30,76551348,724047
30,76927790,724047
30,77301469,724045
30,77675989,724040
30,78052598,724034
30,78427282,724030
30,78860094,724028
30,79241661,724024
30,79659226,724021
30,80054586,724014
30,80448544,724015
30,80852702,724015
30,81242188,724015
30,81637199,724013
30,82016024,724010
30,82410080,724006
30,82834067,724003
30,83241971,723998
30,83634528,723997
30,84001411,723995
30,84365056,723993
30,84717686,723992
30,85073859,723992
30,85448275,723992
30,85823463,723992
30,86203211,723990
30,86575687,723988
30,86972983,723989
30,87344301,723988
30,87741204,723984
30,88158364,723983
30,88561470,723982
30,88951206,723985
30,89341826,723988
30,89695973,723986
30,90056893,723985
30,90448374,723983
30,90853412,723986
30,91242786,723988
30,91634786,723988
30,91990938,723989
30,92384174,723989
30,92758958,723985
30,93161729,723984
30,93552095,723976
30,93950057,723956
30,94344895,723931
30,94750290,723902
30,95158681,723877
30,95572355,723862
30,95926190,723850
30,96300470,723843
30,96695495,723839
30,97051292,723836
30,97425770,723828
30,97814996,723781
30,98175577,723745
30,98551117,723712
30,98948653,723691
30,99342241,723695
30,99718465,723702
30,100071580,723729
30,100447086,723764
30,100811484,723808
30,101203290,723837
30,101575330,723865
30,101971603,723882
30,102344905,723897
30,102741516,723904
30,103135334,723910
30,103516271,723920
30,103912421,723928
30,104303616,723929
30,104679073,723931
30,105054038,723935
30,105446559,723935
30,105831975,723929
30,106219216,723927
30,106570903,723925
30,106930559,723924
30,107300550,723923
30,107674640,723923
30,108074625,723927
30,108480058,723930
30,108850634,723932
30,109241972,723938
30,109637307,723939
30,110034861,723945
30,110426901,723946
30,110810430,723949
30,111198471,723952
30,111552335,723956
30,111971979,723958
30,112363862,723959
30,112737259,723960
30,113118800,723961
30,113491881,723961
30,113868102,723963
30,114263310,723963
30,114638994,723964
30,115017886,723964
30,115390578,723966
30,115766139,723966
30,116157717,723968
30,116551912,723968
30,116949104,723971
30,117345744,723972
30,117738720,723973
30,118115058,723974
30,118512498,723974
30,118913894,723976
30,119291233,723978
30,119678670,723978
30,120054427,723980
30,120448527,723980
30,120849665,723980
30,121237858,723980
30,121592854,723980
30,121948228,723982
30,122342350,723982
30,122696271,723983
30,123076830,723983
30,123468455,723984
30,123848097,723984
30,124241826,723984
30,124617620,723986
30,125013218,723986
30,125390670,723985
30,125798269,723986
30,126197492,723987
30,126552395,723987
30,126948850,723987
30,127342776,723989
30,127720908,723989
30,128118314,723989
30,128489413,723989
30,128849945,723989
30,129241185,723990
30,129637190,723991
30,130035731,723991
30,130448602,723992
30,130851963,723992
30,131239436,723992
30,131614279,723992
30,131991975,723992
30,132384723,723992
31,695693,24001
31,1076341,24351
31,1507983,24895
31,1887101,25385
31,2261203,26101
31,2622206,27112
31,3013481,28106
31,3388647,29454
31,3784411,30835
31,4157966,32555
31,4556848,34264
31,4935712,36346
31,5323649,38652
31,5744469,41143
31,6159246,43861
31,6556803,46829
31,6954924,49609
31,7344826,52918
31,7741994,56357
31,8137043,59531
31,8534045,63423
31,8929765,67542
31,9328296,71731
31,9742344,76084
31,10158880,80825
31,10561848,85779
31,10957420,90060
31,11322836,94573
31,11685335,100167
31,12081929,105725
31,12500963,111403
31,12912954,117635
31,13326395,123747
31,13722408,129256
31,14117646,136082
31,14499556,142711
31,14886570,148872
31,15261835,156076
31,15681197,163354
31,16080453,171029
31,16500940,178701
31,16911226,186773
31,17326310,194842
31,17721080,203294
31,18137260,211780
31,18535458,219499
31,18928069,228374
31,19301870,236399
31,19659708,244500
31,20031876,252817
31,20385626,261247
31,20740897,271077
31,21157684,279906
31,21530652,290044
31,21932792,300159
31,22325065,310051
31,22744239,320218
31,23138311,329043
31,23536607,339093
31,23927883,348046
31,24283547,358155
31,24680348,368397
31,25077480,377380
31,25483599,387570
31,25881778,397817
31,26267230,406765
31,26638825,416987
31,27032321,425984
31,27408052,436179
31,27805636,446410
31,28199220,455389
31,28617281,465580
31,28991262,475704
31,29386324,484004
31,29763865,493548
31,30157581,501912
31,30548614,511071
31,30933011,520189
31,31344073,528994
31,31740447,536638
31,32116252,544024
31,32484561,552376
31,32866943,559319
31,33240596,566257
31,33595958,573844
31,33989933,580352
31,34364290,586837
31,34719929,593015
31,35105953,600307
31,35510967,607251
31,35889258,613429
31,36264133,620237
31,36660273,625915
31,37055332,632540
31,37434370,638557
31,37847627,644550
31,38240566,649640
31,38617008,654942
31,39010847,659680
31,39388680,664828
31,39783499,669404
31,40178392,673510
31,40555922,678139
31,40968952,681687
31,41365360,685615
31,41741349,689628
31,42135914,692848
31,42517858,696157
31,42889282,699003
31,43264289,701784
31,43641935,704720
31,44033151,707416
31,44429282,709601
31,44808195,711903
31,45205434,713779
31,45618028,715760
31,45989467,717310
31,46345873,718924
31,46744758,720134
31,47116626,721367
31,47513772,722257
31,47886523,722959
31,48239565,723548
31,48597883,724053
31,48994369,724302
31,49367425,724396
31,49764716,724360
31,50148155,724632
31,50536168,724922
31,50931446,724952
31,51322713,725091
31,51678375,725147
31,52057923,725103
31,52425587,725129
31,52808737,725085
31,53199788,725041
31,53618236,724993
31,54012737,724951
31,54387698,724914
31,54783384,724874
31,55157921,724826
31,55556081,724795
31,55952662,724765
31,56344872,724731
31,56723444,724697
31,57094912,724663
31,57498500,724636
31,57884039,724607
31,58263210,724573
31,58638846,724544
31,59032865,724522
31,59437640,724498
31,59845849,724477
31,60219445,724462
31,60599442,724442
31,60970746,724426
31,61346483,724408
31,61742706,724395
31,62115807,724382
31,62522071,724366
31,62889248,724344
31,63281292,724329
31,63638236,724319
31,64031533,724306
31,64409532,724294
31,64806201,724278
31,65178463,724264
31,65582598,724250
31,65949527,724232
31,66344167,724218
31,66723460,724204
31,67114674,724188
31,67482173,724176
31,67848364,724161
31,68241921,724153
31,68619350,724142
31,69011908,724131
31,69385527,724121
31,69745555,724110
31,70136151,724104
31,70501204,724100
31,70872464,724097
31,71261862,724096
31,71637931,724092
31,72034190,724087
31,72430456,724080
31,72808877,724073
31,73176324,724068
31,73533355,724062
31,73930245,724059
31,74308526,724054
31,74711345,724048
31,75118671,724045
31,75518135,724043
31,75888374,724042
31,76282879,724041
31,76659287,724039
31,77053797,724035
31,77433885,724035
31,77826306,724032
31,78243105,724030
31,78639792,724029
31,79024705,724029
31,79407037,724027
31,79763194,724027
31,80144304,724025
31,80535270,724022
31,80930493,724017
31,81309256,724013
31,81685428,724012
31,82073815,724009
31,82499205,724007
31,82888599,724002
31,83262120,723999
31,83657854,723995
31,84041311,723993
31,84431044,723993
31,84829968,723991
31,85218022,723990
31,85616650,723989
31,86011508,723983
31,86364817,723982
31,86742294,723979
31,87134616,723977
31,87501053,723977
31,87889541,723975
31,88283765,723970
31,88682105,723968
31,89058495,723964
31,89462770,723959
31,89827142,723955
31,90220899,723946
31,90637222,723942
31,91041300,723938
31,91429450,723932
31,91811024,723931
31,92178550,723928
31,92559676,723926
31,92928799,723926
31,93328931,723926
31,93722425,723926
31,94114888,723928
31,94478030,723929
31,94868149,723931
31,95240592,723933
31,95595447,723935
31,95991041,723936
31,96365566,723937
31,96763966,723941
31,97135700,723942
31,97498374,723943
31,97887639,723946
31,98262537,723949
31,98660271,723952
31,99032418,723953
31,99395436,723956
31,99785224,723952
31,100160500,723943
31,100556199,723935
31,100933428,723927
31,101324864,723918
31,101743012,723913
31,102137965,723910
31,102534118,723909
31,102928560,723907
31,103281994,723904
31,103639387,723884
31,104034076,723844
31,104427974,723813
31,104831252,723781
31,105219346,723772
31,105597707,723777
31,105991071,723793
31,106387588,723816
31,106762386,723853
31,107156357,723877
31,107518315,723894
31,107886264,723905
31,108240657,723919
31,108650524,723924
31,109012545,723929
31,109407947,723933
31,109784942,723940
31,110197470,723942
31,110559886,723945
31,110946356,723946
31,111307089,723947
31,111685391,723947
31,112070888,723943
31,112432608,723941
31,112805374,723941
31,113198967,723941
31,113616088,723941
31,114030557,723943
31,114386260,723947
31,114805807,723950
31,115201180,723953
31,115595502,723956
31,115969903,723957
31,116366016,723958
31,116741701,723961
31,117135273,723963
31,117516678,723963
31,117906654,723966
31,118262245,723968
31,118637728,723968
31,119032678,723970
31,119406535,723971
31,119764196,723971
31,120159945,723973
31,120544644,723973
31,120929037,723974
31,121329880,723975
31,121719827,723975
31,122115103,723976
31,122479547,723978
31,122868123,723979
31,123240054,723979
31,123615991,723979
31,124021123,723981
31,124409393,723981
31,124808918,723981
31,125181902,723982
31,125561539,723983
31,125950325,723983
31,126366838,723984
31,126763564,723986
31,127137232,723986
31,127536107,723985
31,127929116,723986
31,128326558,723987
31,128719406,723987
31,129114535,723988
31,129502155,723988
31,129890381,723988
31,130259954,723988
31,130617117,723989
31,131031251,723989
31,131384566,723990
31,131744682,723990
31,132135932,723990
31,132519067,723990
31,132941756,723990
31,133331078,723991
31,133723069,723991
31,134095621,723991
31,134502000,723991
31,134866911,723991
31,135261693,723991
31,135637192,723991
32,711556,24001
32,1120571,24349
32,1532563,24833
32,1886997,25310
32,2237142,25987
32,2591861,26852
32,2971307,27957
32,3362895,29093
32,3743519,30629
32,4157699,32323
32,4536373,34010
32,4919331,36065
32,5319543,38348
32,5724792,40806
32,6135029,43148
32,6480380,45670
32,6904702,48791
32,7259922,51661
32,7606003,54625
32,7980070,57697
32,8348335,60954
32,8681277,64440
32,9024201,68064
32,9377643,71206
32,9705364,74967
32,10052547,79004
32,10446188,83911
32,10855174,88808
32,11248570,93211
32,11605331,98026
32,11980074,103649
32,12377135,108467
32,12718963,113676
32,13077397,119184
32,13425841,124483
32,13782851,129240
32,14136586,136065
32,14508283,141842
32,14862511,147934
32,15213085,153382
32,15567116,159605
32,15886788,166204
32,16233327,171934
32,16545407,177667
32,16908737,185730
32,17279019,192737
32,17626918,199046
32,17941724,206392
32,18275352,212847
32,18605143,220557
32,18944392,228351
32,19321454,236376
32,19668104,243298
32,19981036,250436
32,20292416,257556
32,20606345,266159
32,20959538,274792
32,21291386,282425
32,21603763,290029
32,21936978,298926
32,22307211,308752
32,22700354,317676
32,23069747,326520
32,23423596,335275
32,23754590,342974
32,24111964,351796
32,24467448,360756
32,24796094,369696
32,25141275,377398
32,25467483,386297
32,25831558,395342
32,26168466,402921
32,26482535,410672
32,26788486,418315
32,27128761,427305
32,27467472,436230
32,27826309,445195
32,28174543,452830
32,28487300,461810
32,28861253,470762
32,29190762,478113
32,29546131,486444
32,29919137,495974
32,30282652,504304
32,30609739,511101
32,30955241,519082
32,31301835,526868
32,31660623,534545
32,32007774,542052
32,32356940,548420
32,32668145,554703
32,32985920,561743
32,33337693,567859
32,33744552,576516
32,34128155,583260
32,34476821,589690
32,34827607,596009
32,35195020,602290
32,35549132,608217
32,35913519,614231
32,36259701,619938
32,36609656,624627
32,36921854,629455
32,37233616,634040
32,37545646,638320
32,37875212,643490
32,38262575,649164
32,38619361,653684
32,38967495,658443
32,39342547,663014
32,39698190,667063
32,40063095,671228
32,40424780,675476
32,40756943,678717
32,41086156,682222
32,41425950,685890
32,41823700,689421
32,42189672,692548
32,42502300,695124
32,42837408,698075
32,43172246,700475
32,43486001,703112
32,43825928,705633
32,44193328,707952
32,44571140,710060
32,44926616,712062
32,45284274,713947
32,45615883,715424
32,45972547,716990
32,46305981,718451
32,46645408,719718
32,47028618,720841
32,47397911,721836
32,47749228,722618
32,48103178,723253
32,48473508,723786
32,48817250,724147
32,49184213,724324
32,49525204,724363
32,49897310,724348
32,50246602,724678
32,50605039,724952
32,50989434,724976
32,51337779,725109
32,51689495,725180
32,52068291,725155
32,52461660,725190
32,52825241,725143
32,53191581,725094
32,53587262,725042
32,53941721,724974
32,54316744,724916
32,54718093,724872
32,55095642,724827
32,55442285,724781
32,55847295,724741
32,56193119,724707
32,56571596,724674
32,56969059,724639
32,57334438,724605
32,57699087,724576
32,58094914,724549
32,58448458,724524
32,58829842,724496
32,59218589,724475
32,59568586,724454
32,59951785,724430
32,60343086,724412
32,60697022,724395
32,61073273,724374
32,61444126,724351
32,61836991,724335
32,62196669,724320
32,62575021,724301
32,62979902,724286
32,63374355,724271
32,63767573,724259
32,64146922,724250
32,64539764,724237
32,64925649,724224
32,65328401,724215
32,65720937,724206
32,66098218,724197
32,66493177,724189
32,66996305,724175
32,67509504,724160
32,68031690,724142
32,68534669,724127
32,69048850,724120
32,69548545,724109
32,70029797,724106
32,70471322,724098
32,70868139,724093
32,71248756,724090
32,71624156,724085
32,72077983,724081
32,72471006,724076
32,72853850,724074
32,73242474,724072
32,73613049,724069
32,73971732,724064
32,74364970,724060
32,74737987,724056
32,75094124,724051
32,75454168,724046
32,75841128,724036
32,76230573,724029
32,76600700,724017
32,76999754,724003
32,77371631,723989
32,77764985,723973
32,78170830,723959
32,78540168,723947
32,78937769,723938
32,79300901,723931
32,79666791,723925
32,80065394,723921
32,80476378,723916
32,80898081,723914
32,81289454,723909
32,81675996,723896
32,82059147,723879
32,82476854,723862
32,82919402,723836
32,83352085,723808
32,83739040,723784
32,84138303,723763
32,84515949,723758
32,84919845,723757
32,85292331,723769
32,85670614,723790
32,86064256,723815
32,86448813,723834
32,86838419,723852
32,87221200,723867
32,87598275,723879
32,87999357,723887
32,88369908,723897
32,88762156,723906
32,89119554,723911
32,89498954,723916
32,89901463,723920
32,90329335,723922
32,90701746,723922
32,91098748,723921
32,91492497,723922
32,91889660,723923
32,92264087,723924
32,92655769,723927
32,93013364,723928
32,93386590,723930
32,93737297,723932
32,94137613,723936
32,94509388,723938
32,94870283,723941
32,95263061,723944
32,95636141,723946
32,95993283,723949
32,96387669,723952
32,96761977,723955
32,97116375,723955
32,97513046,723958
32,97906991,723960
32,98304863,723961
32,98699930,723962
32,99096617,723963
32,99491890,723964
32,99868501,723964
32,100238214,723966
32,100596769,723967
32,100989484,723967
32,101364999,723970
32,101723043,723971
32,102119657,723971
32,102492460,723972
32,102911429,723973
32,103303896,723974
32,103721484,723975
32,104137895,723975
32,104532363,723977
32,104888943,723977
32,105261247,723977
32,105614556,723978
32,105971855,723978
32,106365214,723979
32,106741110,723979
32,107111640,723979
32,107474134,723979
32,107869628,723979
32,108262898,723980
32,108637413,723981
32,109057327,723981
32,109449914,723981
32,109834848,723982
32,110224958,723982
32,110616563,723983
32,111025383,723984
32,111512278,723984
32,111955030,723985
32,112349193,723986
32,112760924,723987
32,113153166,723985
32,113565488,723984
32,113962558,723986
32,114375323,723986
32,114773101,723987
32,115196311,723987
32,115596987,723987
32,115995614,723987
32,116369666,723987
32,116764389,723988
32,117139800,723989
32,117534140,723989
32,117914353,723988
32,118310022,723989
32,118723036,723990
32,119119606,723990
32,119492712,723990
32,119891686,723990
32,120263320,723991
32,120658818,723991
32,121036270,723991
32,121433656,723991
32,121863589,723991
32,122250215,723991
32,122641798,723991
32,123019565,723992
32,123409815,723992
34,706128,24001
34,1093201,24285
34,1465274,24838
34,1861793,25319
34,2260183,26118
34,2655151,27128
34,3050760,28276
34,3448353,29658
34,3860582,31257
34,4280927,33034
34,4675861,34775
34,5071082,36909
34,5464905,39250
34,5859748,41789
34,6278526,44567
34,6672358,47212
34,7049800,50428
34,7427044,53343
34,7795471,56358
34,8174188,59999
34,8589708,63922
34,9000276,68053
34,9384674,71721
34,9756598,76082
34,10155487,80210
34,10527193,85154
34,10923059,90055
34,11324424,94561
34,11713363,100140
34,12112808,105693
34,12527377,111378
34,12922624,117610
34,13364915,123712
34,13764289,130071
34,14155577,136891
34,14567678,142674
34,14927346,148837
34,15299469,156039
34,15693728,163309
34,16112742,170992
34,16506326,178664
34,16901208,185728
34,17258938,192735
34,17652123,201161
34,18049540,209578
34,18463867,218386
34,18857652,226092
34,19235445,235259
34,19631356,244489
34,20052418,253968
34,20492194,263714
34,20860102,273533
34,21279372,283684
34,21675822,292586
34,22052384,302501
34,22448610,312353
34,22836279,320634
34,23215540,329848
34,23610902,338051
34,23994513,347936
34,24383521,357023
34,24755833,367917
34,25152873,377422
34,25525451,387972
34,25921450,398567
34,26324898,407756
34,26714514,418051
34,27111433,428684
34,27524770,437671
34,27882459,447618
34,28280482,456715
34,28651315,465808
34,29014088,475903
34,29404204,484014
34,29776196,493575
34,30173281,501915
34,30568151,510947
34,30978207,520025
34,31360998,528730
34,31775966,536261
34,32134744,544574
34,32528611,551861
34,32902806,559854
34,33300234,566926
34,33718725,575805
34,34136520,583701
34,34527154,590276
34,34921450,597747
34,35302369,604989
34,35695850,611149
34,36091297,618117
34,36484765,624591
34,36878236,630328
34,37261150,636415
34,37652078,642275
34,38049520,647409
34,38427358,652706
34,38825913,657311
34,39237550,662611
34,39608526,666750
34,39973575,671360
34,40365693,675494
34,40756196,679776
34,41152257,683723
34,41548655,687776
34,41998152,691610
34,42361109,694585
34,42733544,697441
34,43091699,700675
34,43498066,703352
34,43862699,706162
34,44279569,708724
34,44675205,711092
34,45071243,713285
34,45486305,715315
34,45881812,716910
34,46258088,718570
34,46675571,719996
34,47075622,721252
34,47464694,722166
34,47859475,722888
34,48215625,723573
34,48611150,724084
34,49013552,724327
34,49383881,724418
34,49777360,724387
34,50175373,724650
34,50552049,724900
34,50925814,724925
34,51318548,725094
34,51738948,725100
34,52154660,725093
34,52548329,725116
34,52928117,725079
34,53341831,725055
34,53735783,725006
34,54134162,724967
34,54504274,724926
34,54860486,724866
34,55256970,724818
34,55632577,724773
34,56029956,724740
34,56402557,724698
34,56797520,724669
34,57178876,724649
34,57550029,724623
34,57920023,724591
34,58303851,724561
34,58708425,724528
34,59115393,724504
34,59504997,724485
34,59879812,724481
34,60259618,724478
34,60630461,724469
34,61013451,724452
34,61402285,724423
34,61775069,724389
34,62131034,724353
34,62527315,724317
34,62900244,724296
34,63255730,724277
34,63661910,724265
34,64042104,724255
34,64447373,724253
34,64837415,724247
34,65216529,724241
34,65612343,724227
34,66008549,724212
34,66381685,724195
34,66777818,724187
34,67174695,724182
34,67554392,724175
34,67925482,724170
34,68320862,724162
34,68735231,724157
34,69090710,724151
34,69484722,724146
34,69861307,724137
34,70279789,724131
34,70672374,724127
34,71052162,724116
34,71446783,724108
34,71858929,724102
34,72215693,724095
34,72608069,724089
34,72994159,724081
34,73381642,724079
34,73756133,724078
34,74153821,724076
34,74525765,724073
34,74882021,724063
34,75279158,724056
34,75672831,724050
34,76055445,724048
34,76422660,724048
34,76818090,724048
34,77237420,724047
34,77628976,724047
34,77994450,724047
34,78362548,724048
34,78753878,724052
34,79113195,724051
34,79485056,724048
34,79880282,724044
34,80259566,724044
34,80652596,724043
34,81029408,724043
34,81423488,724045
34,81800056,724045
34,82200286,724044
34,82568358,724032
34,82984126,724029
34,83362310,724026
34,83733365,724024
34,84089709,724029
34,84462551,724031
34,84856772,724032
34,85234148,724032
34,85629363,724033
34,85994263,724033
34,86403826,724023
34,86798042,724021
34,87178892,724014
34,87569168,724012
34,88005672,724009
34,88382228,724001
34,88754301,723998
34,89110225,723992
34,89506008,723990
34,89879778,723990
34,90256945,723992
34,90653168,723998
34,91048376,724004
34,91422171,724009
34,91816860,724012
34,92176925,724014
34,92551153,724015
34,92957333,724017
34,93317356,724017
34,93679202,724021
34,94095601,724023
34,94485505,724024
34,94879324,724017
34,95257448,724013
34,95650148,724012
34,96027221,724012
34,96420886,724012
34,96773962,724011
34,97158828,724008
34,97551578,724005
34,97927749,723998
34,98341638,723995
34,98735612,723992
34,99134567,723989
34,99505012,723985
34,99900922,723981
34,100281172,723980
34,100671364,723977
34,101041798,723975
34,101403946,723972
34,101819607,723972
34,102217898,723973
34,102589033,723973
34,102994563,723973
34,103380585,723968
34,103753788,723966
34,104110361,723963
34,104505488,723962
34,104879164,723962
34,105237554,723962
34,105608819,723964
34,105970685,723968
34,106359356,723969
34,106753830,723973
34,107131074,723977
34,107537375,723979
34,107900958,723979
34,108255653,723978
34,108629290,723975
34,108991240,723974
34,109379713,723974
34,109733474,723975
34,110087872,723977
34,110461603,723974
34,110837196,723971
34,111237658,723966
34,111632791,723963
34,112009375,723956
34,112412651,723946
34,112779776,723932
34,113176411,723910
34,113573444,723890
34,113973112,723868
34,114361923,723846
34,114757267,723836
34,115131564,723824
34,115527245,723819
34,115923686,723816
34,116295960,723815
34,116649729,723812
34,117013448,723811
34,117378619,723809
34,117736147,723807
34,118132808,723807
34,118506113,723807
34,118901531,723800
34,119260457,723778
34,119629785,723761
34,119993438,723746
34,120384804,723742
34,120754126,723747
34,121111912,723765
34,121505208,723788
34,121878609,723815
34,122236715,723846
34,122630048,723869
34,123010875,723886
34,123401164,723902
34,123774054,723911
34,124135490,723919
34,124528937,723922
34,124902752,723928
34,125300223,723930
34,125675183,723931
34,126077513,723932
34,126442866,723935
34,126836707,723938
34,127214753,723938
34,127609745,723939
34,128011544,723940
34,128381342,723941
34,128773435,723941
34,129152080,723941
34,129568119,723940
34,129974204,723936
34,130342537,723931
34,130733474,723930
34,131091562,723930
34,131465402,723931
34,131874078,723935
34,132238992,723942
34,132633536,723948
34,133050892,723956
34,133448844,723963
34,133858504,723965
34,134213312,723967
34,134590548,723971
34,134997508,723971
34,135382538,723974
34,135778863,723974
34,136174256,723974
34,136573248,723974
34,137005286,723974
34,137380718,723974
34,137775595,723973
34,138154412,723973
34,138527125,723973
34,138921983,723973
34,139321520,723974
34,139712026,723976
34,140089005,723977
34,140462233,723978
34,140837204,723979
34,141219323,723980
34,141590236,723981
34,141997851,723983
34,142362763,723983
34,142777968,723986
34,143175302,723986
34,143549707,723986
34,143941199,723986
34,144360541,723985
34,144753684,723984
34,145111231,723986
34,145485193,723986
34,145879198,723985
34,146259676,723988
34,146650986,723989
34,147011988,723985
34,147383398,723987
34,147777716,723987
34,148174689,723985
34,148568623,723987
34,148972692,723988
34,149363622,723988
34,149732956,723988
34,150089852,723988
34,150485201,723988
34,150858221,723988
34,151214639,723988
34,151609808,723989
34,151994557,723989
34,152385499,723989
34,152779314,723989
34,153175607,723989
34,153575714,723989
34,153998273,723989
35,719660,24002
35,1078227,24280
35,1457882,24815
35,1834330,25283
35,2203688,25958
35,2627678,27072
35,3043340,28215
35,3436273,29403
35,3790285,30781
35,4186170,32502
35,4564190,34212
35,4954727,36295
35,5311497,38310
35,5682857,40451
35,6070528,43118
35,6458910,45640
35,6833331,48757
35,7241510,51628
35,7603051,55016
35,7996663,58112
35,8371691,61895
35,8744727,65437
35,9119277,69076
35,9501317,73293
35,9894842,77777
35,10293003,82037
35,10665737,86985
35,11059046,91295
35,11438066,96604
35,11831424,101561
35,12183124,106390
35,12564458,112122
35,12957214,117610
35,13334393,123725
35,13726734,129231
35,14085965,135219
35,14460418,141852
35,14854198,148855
35,15279994,156062
35,15667675,162408
35,16057527,170071
35,16461080,177704
35,16850577,184768
35,17202800,191761
35,17588273,200145
35,17961219,207490
35,18336411,215114
35,18710991,223887
35,19103839,232994
35,19501250,240982
35,19873773,250472
35,20275066,258810
35,20667657,268637
35,21062682,278644
35,21458892,287506
35,21836954,297722
35,22224167,307552
35,22643783,316467
35,22997999,325269
35,23375162,335310
35,23767136,344258
35,24119320,353039
35,24500872,363354
35,24875298,372252
35,25275336,382477
35,25668586,392780
35,26062614,401644
35,26457069,411982
35,26842365,422203
35,27229442,431149
35,27599863,440161
35,27954418,449025
35,28333131,459331
35,28731080,469501
35,29141889,478157
35,29496889,486469
35,29870075,495969
35,30288180,504289
35,30663804,513314
35,31016188,521313
35,31394159,528999
35,31766537,536693
35,32120296,545196
35,32521670,553648
35,32915117,560711
35,33279591,567833
35,33668067,575541
35,34040302,582285
35,34417027,589676
35,34807661,596016
35,35182577,602311
35,35559608,608230
35,35914394,614252
35,36278856,620727
35,36667984,626242
35,37039636,631801
35,37394711,637585
35,37786370,642734
35,38161903,647790
35,38520493,653004
35,38913582,657758
35,39294680,663036
35,39686452,667119
35,40060058,671305
35,40415696,675561
35,40767336,679348
35,41119445,682803
35,41500632,686880
35,41872746,690417
35,42255373,693955
35,42646736,696819
35,43015928,699667
35,43375220,702776
35,43770487,705303
35,44123405,707649
35,44520530,710106
35,44913539,712074
35,45275742,714189
35,45663528,715907
35,46015371,717453
35,46391758,718860
35,46766513,720074
35,47119818,721303
35,47516882,722199
35,47892024,722916
35,48280200,723590
35,48670981,724064
35,49061777,724303
35,49458431,724364
35,49835985,724357
35,50242931,724679
35,50602139,724910
35,50968040,724931
35,51352200,725088
35,51708023,725107
35,52083585,725104
35,52479811,725138
35,52890763,725064
35,53276978,725040
35,53666812,724966
35,54060216,724921
35,54444825,724887
35,54831593,724847
35,55207399,724805
35,55601058,724765
35,55959992,724722
35,56334802,724685
35,56726259,724653
35,57100859,724622
35,57472049,724588
35,57831966,724556
35,58210996,724528
35,58580068,724502
35,58954448,724476
35,59310908,724455
35,59704204,724436
35,60056977,724421
35,60416748,724405
35,60787179,724389
35,61139650,724369
35,61497118,724353
35,61869255,724337
35,62272685,724321
35,62672074,724310
35,63071118,724293
35,63467929,724281
35,63853066,724268
35,64301108,724259
35,64681623,724247
35,65051977,724235
35,65441981,724225
35,65804845,724212
35,66171602,724202
35,66507521,724191
35,66858260,724180
35,67216368,724171
35,67563881,724164
35,67904886,724153
35,68238880,724141
35,68614947,724129
35,68976803,724121
35,69319243,724109
35,69667253,724100
35,70020276,724095
35,70377558,724092
35,70748110,724087
35,71099846,724081
35,71456351,724075
35,71802608,724072
35,72139873,724068
35,72474320,724064
35,72828510,724063
35,73157387,724062
35,73505881,724061
35,73873516,724059
35,74223237,724054
35,74565760,724049
35,74887017,724045
35,75255779,724043
35,75602409,724039
35,75961281,724034
35,76320040,724030
35,76637495,724025
35,76968204,724020
35,77301031,724014
35,77630890,724005
35,77971121,723998
35,78285146,723986
35,78642524,723970
35,78979072,723957
35,79335179,723947
35,79653387,723937
35,79966589,723926
35,80326484,723919
35,80654474,723911
35,80968212,723907
35,81285586,723901
35,81637368,723891
35,81971687,723879
35,82311749,723871
35,82639241,723865
35,82975253,723856
35,83335151,723855
35,83663560,723852
35,84019939,723850
35,84358188,723850
35,84694112,723851
35,85047111,723853
35,85401377,723852
35,85756418,723832
35,86104865,723796
35,86464547,723774
35,86816566,723753
35,87146660,723741
35,87481636,723744
35,87818802,723759
35,88172020,723782
35,88530630,723815
35,88887628,723850
35,89272513,723882
35,89657603,723902
35,90012283,723917
35,90369753,723930
35,90740865,723935
35,91136250,723937
35,91522147,723939
35,91916460,723943
35,92333656,723943
35,92725857,723943
35,93073184,723943
35,93449921,723943
35,93832784,723943
35,94210877,723941
35,94581666,723939
35,94977279,723939
35,95393784,723939
35,95767791,723940
35,96121929,723944
35,96520925,723946
35,96913656,723950
35,97306228,723952
35,97689064,723957
35,98061238,723959
35,98459640,723960
35,98834682,723965
35,99239592,723965
35,99601004,723965
35,99956612,723968
35,100370271,723968
35,100771673,723969
35,101185159,723970
35,101584206,723970
35,101967825,723970
35,102360587,723972
35,102773302,723972
35,103171919,723973
35,103570934,723973
35,103940701,723973
35,104331344,723975
35,104739268,723975
35,105129426,723975
35,105549171,723977
35,105942133,723977
35,106335494,723977
35,106719996,723978
35,107127902,723978
35,107548135,723979
35,107946354,723980
35,108319501,723981
35,108714675,723981
35,109114781,723981
35,109484304,723981
35,109879235,723982
35,110287678,723982
35,110673812,723982
35,111060778,723982
35,111459265,723983
35,111836107,723983
35,112250888,723983
35,112650877,723983
35,113067613,723983
35,113483646,723983
35,113878549,723983
35,114286105,723985
35,114693779,723985
35,115067216,723985
35,115462719,723984
35,115839723,723987
35,116245715,723986
35,116649912,723986
35,117068673,723986
35,117466075,723987
35,117841904,723987
35,118243096,723987
35,118652712,723987
35,119043551,723988
35,119421537,723988
35,119815659,723988
35,120186535,723988
35,120583293,723988
35,120988207,723988
35,121359667,723989
35,121775377,723988
35,122174590,723988
35,122563042,723990
35,122940860,723990
35,123343582,723990
35,123713027,723990
35,124084383,723990
35,124478237,723991
35,124870499,723991
35,125277314,723991
35,125665891,723991
35,126059302,723992
35,126416453,723991
35,126789942,723992
35,127190597,723992
35,127570557,723992
36,738815,24002
36,1141337,24346
36,1539735,24886
36,1931208,25377
36,2304897,26089
36,2663545,26962
36,3055686,28086
36,3429852,29430
36,3830673,30810
36,4224926,32528
36,4621152,34486
36,5016409,36312
36,5410713,38619
36,5808407,41106
36,6203200,43835
36,6619846,46810
36,7014275,49592
36,7389142,52480
36,7768171,55901
36,8162029,59516
36,8556858,63410
36,8973211,67523
36,9366729,71180
36,9746075,75498
36,10119012,79589
36,10523431,84526
36,10912775,89431
36,11328796,94565
36,11767722,100165
36,12141560,105718
36,12558856,111394
36,12955122,117634
36,13371241,123749
36,13787157,130104
36,14184176,136921
36,14578418,142713
36,14972384,149782
36,15349607,156069
36,15725062,163360
36,16116715,170075
36,16484943,176727
36,16850651,184765
36,17263752,191762
36,17620889,200146
36,18015587,207486
36,18413761,216213
36,18809726,224986
36,19202808,234140
36,19620208,243330
36,20017948,251659
36,20409979,261257
36,20788409,269850
36,21190362,279919
36,21582659,290057
36,21973182,300184
36,22366686,308830
36,22746940,318992
36,23139707,327809
36,23520540,337829
36,23912980,348024
36,24306294,356858
36,24685133,367118
36,25077166,377362
36,25502290,386272
36,25911686,397794
36,26310002,406787
36,26688236,416994
36,27074672,426012
36,27451951,436220
36,27852223,445183
36,28224272,455449
36,28620503,464350
36,29014808,474537
36,29389076,482880
36,29766395,492393
36,30162597,501926
36,30560927,509943
36,30941575,517883
36,31327936,527908
36,31766276,536680
36,32163188,545180
36,32559952,552601
36,32929444,559701
36,33284237,566823
36,33642684,574591
36,34036014,581317
36,34409152,587909
36,34765456,594202
36,35159999,601456
36,35520002,607412
36,35909176,613392
36,36263904,619178
36,36619059,625444
36,37014219,631043
36,37388501,636183
36,37769277,641991
36,38139461,647118
36,38555718,653000
36,38989689,658411
36,39371985,662971
36,39766854,667635
36,40140838,671861
36,40541053,676600
36,40913308,680764
36,41329539,684839
36,41767137,688881
36,42142025,692622
36,42560914,696013
36,42952758,699275
36,43370822,702398
36,43791602,705296
36,44203896,707951
36,44616848,710105
36,44996999,712358
36,45367295,714191
36,45745662,716121
36,46148708,717857
36,46540524,719218
36,46911342,720552
36,47305451,721587
36,47661651,722428
36,48034196,723106
36,48408212,723757
36,48789602,724147
36,49160786,724359
36,49560528,724404
36,49933141,724425
36,50331791,724845
36,50726317,724992
36,51121421,725036
36,51522045,725194
36,51913917,725157
36,52306830,725170
36,52701892,725133
36,53097290,725063
36,53485437,725005
36,53870775,724923
36,54264272,724873
36,54622018,724832
36,55016502,724789
36,55408939,724763
36,55766938,724733
36,56162818,724706
36,56550805,724669
36,56930996,724634
36,57286637,724596
36,57661006,724561
36,58054692,724536
36,58409746,724515
36,58765243,724497
36,59138305,724480
36,59511458,724463
36,59872525,724443
36,60267965,724421
36,60663102,724397
36,61035544,724378
36,61433039,724360
36,61808936,724345
36,62205767,724327
36,62620747,724309
36,63013512,724293
36,63388632,724279
36,63768307,724260
36,64141148,724244
36,64517499,724225
36,64909155,724212
36,65283217,724200
36,65642463,724187
36,66034093,724178
36,66409399,724170
36,66768207,724160
36,67161064,724154
36,67542593,724147
36,67933676,724140
36,68310209,724134
36,68707721,724126
36,69129957,724120
36,69504394,724109
36,69895519,724099
36,70285633,724093
36,70672966,724087
36,71059850,724079
36,71430500,724074
36,71828871,724068
36,72244062,724062
36,72641464,724058
36,73014678,724052
36,73369984,724047
36,73768496,724045
36,74141999,724040
36,74538118,724037
36,74911489,724035
36,75305096,724034
36,75661316,724033
36,76036108,724029
36,76429632,724027
36,76812434,724025
36,77207983,724019
36,77619927,724010
36,78014900,723999
36,78411017,723985
36,78810092,723971
36,79206320,723958
36,79619708,723944
36,80013658,723936
36,80388381,723930
36,80764776,723924
36,81158848,723912
36,81533428,723902
36,81912878,723891
36,82286367,723878
36,82705400,723873
36,83097504,723866
36,83487260,723861
36,83870820,723857
36,84263445,723851
36,84641254,723812
36,85034866,723777
36,85411450,723748
36,85809005,723731
36,86201990,723733
36,86600245,723751
36,87011818,723780
36,87388067,723818
36,87766843,723853
36,88158509,723876
36,88514860,723893
36,88912366,723907
36,89311860,723916
36,89706342,723924
36,90120114,723928
36,90523699,723936
36,90910571,723939
36,91307696,723943
36,91710676,723944
36,92077449,723944
36,92483339,723940
36,92874779,723938
36,93243598,723935
36,93652299,723934
36,94016399,723935
36,94409566,723936
36,94786088,723941
36,95205590,723944
36,95600701,723948
36,96015193,723950
36,96410841,723953
36,96807957,723955
36,97200719,723957
36,97579828,723960
36,97995635,723961
36,98367634,723963
36,98725224,723965
36,99120744,723965
36,99522864,723966
36,99911455,723967
36,100307376,723968
36,100723372,723968
36,101118989,723969
36,101525465,723971
36,101913542,723971
36,102306458,723971
36,102661655,723971
36,103054717,723973
36,103431393,723973
36,103836591,723974
36,104201853,723977
36,104621279,723977
36,105015869,723977
36,105412362,723977
36,105809116,723978
36,106186274,723979
36,106563521,723978
36,106958112,723978
36,107369397,723979
36,107768168,723979
36,108141271,723979
36,108539223,723979
36,108911598,723979
36,109304365,723980
36,109663605,723980
36,110036466,723981
36,110430957,723983
36,110829185,723983
36,111223313,723984
36,111619603,723985
36,112014142,723983
36,112389656,723984
36,112766732,723986
36,113137905,723986
36,113521460,723986
36,113933136,723984
36,114332211,723984
36,114745713,723985
36,115140598,723985
36,115515169,723986
36,115910265,723986
36,116265106,723986
36,116639223,723986
36,117036545,723987
36,117411641,723987
36,117808309,723989
36,118203952,723989
36,118610656,723988
36,118994979,723990
36,119409572,723990
36,119776748,723989
36,120163438,723990
36,120551562,723990
36,120940517,723990
36,121326996,723990
36,121723217,723991
36,122117979,723992
36,122482374,723992
36,122869231,723991
36,123242951,723991
36,123597374,723991
36,123995205,723991
37,691327,24004
37,1080651,24322
37,1448195,25000
37,1854577,25640
37,2237782,26375
37,2615293,27402
37,3012568,28413
37,3405817,29766
37,3802569,31339
37,4199222,33096
37,4612659,34793
37,4970737,36891
37,5364062,38908
37,5736389,41060
37,6096042,43733
37,6508338,46288
37,6871505,49416
37,7260560,52272
37,7653890,55657
37,8031797,58773
37,8432819,62588
37,8807326,66656
37,9221541,70807
37,9613411,74539
37,9992338,79134
37,10407623,84038
37,10805234,88934
37,11204452,93338
37,11568739,98148
37,11927029,103748
37,12368422,109269
37,12736994,114571
37,13132920,120796
37,13511160,126885
37,13964557,133586
37,14344314,140278
37,14737191,146205
37,15136690,153440
37,15534315,160580
37,15927559,168190
37,16318915,174821
37,16694745,181744
37,17057797,189763
37,17445244,196953
37,17804952,204353
37,18196748,212894
37,18592679,221687
37,18987754,230701
37,19412918,239845
37,19803609,248101
37,20176799,257589
37,20576520,267422
37,20990636,277354
37,21385320,286228
37,21760864,296472
37,22156733,304988
37,22527858,313803
37,22907411,323969
37,23301401,333993
37,23695376,342930
37,24073516,353067
37,24467050,363291
37,24870871,372241
37,25236788,381214
37,25589402,390175
37,25969505,400396
37,26361327,409396
37,26712863,418302
37,27092780,428589
37,27486882,437523
37,27848801,446468
37,28215126,456724
37,28609628,465605
37,28993653,475740
37,29363917,483981
37,29737900,492252
37,30115222,501802
37,30514552,511000
37,30909634,518950
37,31302420,527905
37,31700014,536669
37,32117269,545157
37,32510502,553652
37,32906212,560655
37,33301534,568739
37,33694148,575592
37,34051494,583247
37,34447535,590544
37,34853349,596943
37,35218573,603187
37,35612304,609912
37,35991285,616721
37,36383003,622288
37,36735656,627824
37,37112666,633271
37,37468347,638326
37,37850569,644178
37,38237417,649124
37,38632225,654322
37,39010368,659644
37,39404044,664084
37,39756037,668120
37,40133661,672197
37,40508360,676297
37,40869425,680500
37,41257854,683942
37,41611952,687467
37,41987660,691352
37,42380305,694358
37,42737433,697198
37,43138254,700431
37,43510387,703130
37,43911698,705934
37,44304313,708498
37,44702234,710889
37,45114319,713081
37,45509199,714856
37,45920945,716689
37,46299165,718149
37,46652270,719444
37,47008716,720720
37,47402992,721698
37,47755682,722466
37,48133311,723164
37,48527845,723665
37,48905429,724022
37,49297905,724144
37,49649631,724128
37,50010750,724250
37,50384262,724777
37,50776579,724923
37,51135908,724909
37,51507224,725051
37,51870997,725085
37,52280634,725028
37,52694033,725031
37,53050438,724948
37,53448260,724907
37,53872994,724861
37,54262686,724806
37,54634652,724763
37,55032081,724717
37,55407570,724619
37,55800855,724535
37,56176475,724519
37,56571325,724513
37,56968221,724509
37,57343206,724509
37,57738367,724503
37,58114734,724483
37,58510794,724463
37,58891089,724422
37,59281226,724391
37,59654893,724369
37,60050498,724358
37,60403426,724354
37,60758935,724339
37,61136320,724325
37,61530131,724311
37,61906415,724289
37,62299031,724272
37,62652760,724262
37,63009145,724251
37,63403087,724240
37,63778721,724229
37,64153919,724221
37,64548494,724205
37,64920553,724199
37,65284370,724187
37,65698753,724178
37,66093601,724169
37,66492819,724163
37,66877224,724152
37,67241828,724147
37,67644069,724136
37,68040048,724132
37,68403178,724124
37,68759650,724119
37,69154713,724112
37,69529944,724109
37,69928433,724103
37,70298828,724099
37,70655170,724094
37,71053637,724089
37,71429527,724084
37,71823534,724081
37,72195347,724073
37,72588448,724072
37,72968028,724068
37,73360546,724064
37,73712695,724061
37,74091631,724058
37,74483989,724054
37,74848742,724052
37,75215025,724046
37,75611285,724046
37,75970006,724044
37,76342315,724042
37,76736859,724040
37,77114173,724036
37,77508365,724036
37,77886453,724034
37,78277294,724031
37,78629503,724029
37,79009464,724029
37,79402841,724026
37,79755028,724025
37,80113215,724024
37,80509248,724022
37,80884323,724022
37,81256233,724022
37,81610199,724019
37,81968079,724017
37,82360031,724017
37,82734304,724016
37,83134528,724015
37,83506402,724015
37,83869683,724011
37,84256062,724011
37,84609165,724011
37,84985907,724011
37,85337881,724012
37,85714723,724011
37,86111681,724008
37,86462959,724008
37,86850388,724007
37,87241051,724007
37,87635808,724006
37,88011608,724006
37,88404687,724005
37,88802200,724005
37,89197488,724005
37,89592060,724005
37,89971024,724004
37,90363692,724003
37,90758753,724003
37,91135477,724002
37,91530492,724002
37,91918282,724002
37,92311988,724002
37,92673930,724001
37,93033406,724001
37,93426077,724001
37,93802428,724000
37,94198117,723999
37,94611099,724000
37,94967658,724000
37,95340256,723999
37,95735321,723999
37,96113575,723998
37,96507457,723998
37,96871212,723998
37,97258756,723996
37,97632330,723996
37,97992734,723996
37,98365988,723996
37,98759674,723996
37,99157411,723996
37,99530968,723997
37,99928519,723996
37,100305206,723996
37,100702616,723996
37,101116632,723996
37,101490446,723995
37,101891993,723994
37,102284971,723994
37,102656597,723994
37,103074660,723994
37,103466570,723994
37,103851283,723995
37,104240839,723995
37,104611998,723995
37,104969013,723994
38,727741,24001
38,1089662,24400
38,1484896,25074
38,1878679,25634
38,2234308,26377
38,2627636,27279
38,2991778,28421
38,3378006,29593
38,3730582,30945
38,4109108,32420
38,4459735,34073
38,4855222,36077
38,5238032,38328
38,5631042,40749
38,6028430,43049
38,6401109,45537
38,6754068,48215
38,7133360,51452
38,7522258,54382
38,7876204,57417
38,8258173,61116
38,8651909,64594
38,9027201,68725
38,9422406,72388
38,9771019,76212
38,10154412,80954
38,10547148,85278
38,10897608,89549
38,11275277,93994
38,11649852,99557
38,12049078,105117
38,12446007,110731
38,12835540,116147
38,13214026,122313
38,13609300,127682
38,13989210,134457
38,14377853,140285
38,14750719,146208
38,15127794,153444
38,15523293,159680
38,15875527,166279
38,16238550,173870
38,16652578,181754
38,17048911,188785
38,17442345,196966
38,17801685,204367
38,18177463,211813
38,18550459,220617
38,18943269,228411
38,19320219,237555
38,19712883,245722
38,20087424,255213
38,20462722,263744
38,20839435,273562
38,21234713,282455
38,21607627,291355
38,21969809,300151
38,22359076,309906
38,22732985,318774
38,23087061,327673
38,23462025,337625
38,23859482,346689
38,24255300,356837
38,24627385,365764
38,24990839,374828
38,25381579,384999
38,25753969,394036
38,26128846,402967
38,26480483,411967
38,26836415,420894
38,27235631,431135
38,27629030,441404
38,28010902,450291
38,28401323,460551
38,28775058,469473
38,29132138,478114
38,29504060,486350
38,29862113,495810
38,30273336,504187
38,30628814,512124
38,30990549,521232
38,31391756,530100
38,31775026,537751
38,32151452,545169
38,32525982,552622
38,32878065,559665
38,33234620,566739
38,33585507,573653
38,33983553,581333
38,34361324,588736
38,34752310,595105
38,35109737,601443
38,35482598,607377
38,35844985,614198
38,36234972,619949
38,36628835,625432
38,36992298,631770
38,37382511,637605
38,37777263,642714
38,38152608,648456
38,38547541,653019
38,38942683,658312
38,39340049,663486
38,39731259,667550
38,40087986,671607
38,40462511,676302
38,40857099,679998
38,41234163,683440
38,41586324,687458
38,41995475,690887
38,42357357,693942
38,42710825,697188
38,43107702,700020
38,43459665,702753
38,43835390,705586
38,44252551,707857
38,44605900,710013
38,44975735,712269
38,45362060,714092
38,45730749,715793
38,46091546,717523
38,46483157,718913
38,46855727,720103
38,47234473,721297
38,47627424,722163
38,47993235,722925
38,48382055,723472
38,48753809,723882
38,49111915,724116
38,49507144,724156
38,49880086,724147
38,50237128,724593
38,50627028,724919
38,50990100,724912
38,51361579,725011
38,51754628,725113
38,52132960,725044
38,52526542,725038
38,52898558,725001
38,53256067,724919
38,53649348,724897
38,54009451,724843
38,54377357,724794
38,54733981,724758
38,55089928,724716
38,55464856,724611
38,55855660,724523
38,56235844,724503
38,56629324,724500
38,56999498,724498
38,57363927,724503
38,57762300,724501
38,58152837,724485
38,58546257,724462
38,58918456,724424
38,59298495,724381
38,59701496,724361
38,60112090,724351
38,60503576,724350
38,60879539,724338
38,61236522,724322
38,61631003,724301
38,62010102,724281
38,62422185,724263
38,62773361,724259
38,63131190,724246
38,63524318,724237
38,63899513,724228
38,64274413,724217
38,64626318,724205
38,64989891,724196
38,65376773,724185
38,65729739,724178
38,66088003,724171
38,66459792,724162
38,66835260,724154
38,67232158,724144
38,67586554,724140
38,67971681,724127
38,68357310,724124
38,68708815,724116
38,69087144,724113
38,69480945,724104
38,69834403,724101
38,70212283,724093
38,70605076,724092
38,70970308,724084
38,71361583,724081
38,71734707,724076
38,72152946,724074
38,72546311,724068
38,72899940,724063
38,73257325,724057
38,73648397,724054
38,74024441,724051
38,74402541,724050
38,74796580,724051
38,75151613,724049
38,75504485,724047
38,75874911,724044
38,76236525,724044
38,76609976,724040
38,77012177,724039
38,77402807,724035
38,77775566,724035
38,78129280,724032
38,78504540,724032
38,78854740,724027
38,79234020,724027
38,79607885,724025
38,79970860,724025
38,80335349,724025
38,80709351,724021
38,81086486,724020
38,81459258,724020
38,81842782,724016
38,82237393,724017
38,82630363,724017
38,82989785,724014
38,83359652,724014
38,83764312,724014
38,84153817,724013
38,84546946,724012
38,84897748,724012
38,85251778,724010
38,85608910,724011
38,86007145,724009
38,86376359,724008
38,86730124,724007
38,87090699,724007
38,87462670,724007
38,87855523,724007
38,88234878,724005
38,88630083,724005
38,88989496,724004
38,89358711,724004
38,89710604,724005
38,90109463,724005
38,90481993,724004
38,90832963,724004
38,91232474,724001
38,91604944,724001
38,91969455,724001
38,92359092,724001
38,92731742,723998
38,93089408,723998
38,93482379,723999
38,93857782,723999
38,94256404,724000
38,94646301,724000
38,95025363,723998
38,95399977,723998
38,95750360,723997
38,96108432,723996
38,96458827,723996
38,96833268,723996
38,97231688,723995
38,97584007,723995
38,97972079,723995
38,98361735,723995
38,98753825,723995
38,99131772,723995
38,99525990,723994
38,99899508,723994
38,100256114,723994
38,100647546,723995
38,101008675,723995
38,101377029,723994
38,101733328,723994
38,102088754,723994
38,102463251,723993
39,761931,24002
39,1121563,24399
39,1542696,25076
39,1934773,25715
39,2349681,26620
39,2766105,27698
39,3160164,28733
39,3516390,30157
39,3910751,31553
39,4284344,33103
39,4662404,35061
39,5056296,36898
39,5427173,38903
39,5788039,41386
39,6180661,43742
39,6537432,46667
39,6929715,49416
39,7285219,52272
39,7665690,55225
39,8058203,58774
39,8455280,62588
39,8852646,66657
39,9262810,70287
39,9619853,74537
39,10013816,78541
39,10398503,83431
39,10787685,87721
39,11159140,92053
39,11521730,97451
39,11915062,102385
39,12306044,107863
39,12683413,113790
39,13081376,119295
39,13460428,124565
39,13827737,131023
39,14225984,137834
39,14621806,143615
39,14992511,149837
39,15397586,156999
39,15786223,164353
39,16160582,171065
39,16519957,177732
39,16891164,185806
39,17285105,192797
39,17663689,201209
39,18066745,209639
39,18476161,218427
39,18868197,226131
39,19243811,235294
39,19642243,243344
39,20013284,251663
39,20381601,261262
39,20764678,269853
39,21138714,278637
39,21493487,287502
39,21866939,297702
39,22242579,306159
39,22622972,316206
39,23016203,325084
39,23403752,335080
39,23788423,344077
39,24161871,354273
39,24560227,363231
39,24951436,373509
39,25325847,383734
39,25725560,392748
39,26121136,402977
39,26549575,413226
39,26915886,422211
39,27286813,432402
39,27685432,442684
39,28077674,451588
39,28458628,461811
39,28895714,472048
39,29265423,480474
39,29663329,489898
39,30067912,499410
39,30461604,508768
39,30873640,517790
39,31265869,526814
39,31663941,534525
39,32058427,543034
39,32454510,551580
39,32849491,559698
39,33262594,566730
39,33622989,573623
39,34015519,581361
39,34399041,588746
39,34791609,595086
39,35162077,602321
39,35559631,608230
39,35953355,615036
39,36346694,621505
39,36744411,627049
39,37139140,633255
39,37518063,639050
39,37933157,644916
39,38327934,649777
39,38724936,654974
39,39118659,660304
39,39517771,665250
39,39909226,669244
39,40285082,673387
39,40642321,677943
39,41035576,681464
39,41434127,685424
39,41826858,688953
39,42181860,692660
39,42579365,695573
39,42957776,698823
39,43349410,701986
39,43745005,704561
39,44117706,706922
39,44498044,709407
39,44868997,711457
39,45242779,713345
39,45641081,715322
39,46015060,717124
39,46418637,718550
39,46787717,719941
39,47183276,721028
39,47561052,722062
39,47953629,722755
39,48332568,723410
39,48747239,723883
39,49118999,724103
39,49516967,724166
39,49910316,724174
39,50305377,724600
39,50662401,724940
39,51066366,724926
39,51457764,725044
39,51853185,725124
39,52283033,725050
39,52685345,725044
39,53078898,724957
39,53483395,724910
39,53848764,724874
39,54263418,724815
39,54628810,724769
39,55015838,724732
39,55400639,724648
39,55790077,724542
39,56161248,724492
39,56560083,724490
39,56953996,724490
39,57332196,724490
39,57702464,724495
39,58097078,724487
39,58457340,724472
39,58833826,724439
39,59228698,724393
39,59621315,724364
39,59996163,724347
39,60399254,724344
39,60767505,724336
39,61163578,724327
39,61560462,724309
39,61930490,724289
39,62307016,724265
39,62702697,724252
39,63096359,724243
39,63477537,724231
39,63867047,724225
39,64242619,724218
39,64617628,724204
39,65013433,724192
39,65384372,724184
39,65767051,724175
39,66160845,724164
39,66559341,724161
39,66952927,724150
39,67347656,724142
39,67745832,724134
39,68119282,724127
39,68493838,724121
39,68891549,724115
39,69264791,724109
39,69663912,724104
39,70036167,724097
39,70435080,724095
39,70808285,724089
39,71202699,724085
39,71606913,724078
39,71973496,724076
39,72380087,724071
39,72744428,724068
39,73138037,724065
39,73496289,724063
39,73867735,724058
39,74240907,724057
39,74639372,724051
39,75034341,724048
39,75398265,724048
39,75776612,724046
39,76160430,724042
39,76536796,724041
39,76931077,724037
39,77282701,724037
39,77664296,724035
39,78056776,724031
39,78456079,724030
39,78827139,724028
39,79211536,724026
39,79601440,724025
39,80015597,724023
39,80417826,724022
39,80786403,724020
39,81182692,724020
39,81558621,724017
39,81950967,724015
39,82307120,724015
39,82684306,724015
39,83078316,724014
39,83474487,724013
39,83867700,724011
39,84263804,724011
39,84620415,724011
39,85012927,724011
39,85401395,724010
39,85784903,724008
39,86159326,724007
39,86514513,724007
39,86908606,724007
39,87283304,724007
39,87639444,724005
39,88055240,724005
39,88422689,724005
39,88807715,724005
39,89181395,724005
39,89580571,724005
39,89957000,724003
39,90347999,724002
39,90766646,724002
39,91158769,724001
39,91537198,724000
39,91931007,724000
39,92283467,723999
39,92663657,723999
39,93056492,723998
39,93433850,723998
39,93849806,723998
39,94243133,723998
39,94642939,723998
39,95014840,723998
39,95416228,723996
39,95787263,723996
39,96178862,723997
39,96559410,723997
39,96952235,723997
39,97324037,723996
39,97722442,723995
39,98136972,723995
39,98493711,723995
39,98888763,723995
39,99261986,723995
39,99622314,723995
39,100026793,723995
39,100398537,723995
39,100788340,723994
39,101159942,723994
39,101514923,723993
39,101908750,723993
39,102283070,723992
39,102639530,723993
39,103036847,723993
40,735053,24001
40,1145429,24397
40,1540260,24995
40,1934090,25625
40,2312496,26369
40,2683906,27418
40,3079658,28571
40,3497071,29956
40,3911255,31342
40,4271401,33097
40,4661330,34799
40,5034876,36610
40,5389565,38602
40,5741302,40735
40,6096259,43038
40,6471717,45897
40,6844714,48602
40,7234325,51443
40,7598280,54797
40,7993611,57859
40,8348508,61109
40,8746361,65098
40,9142949,69241
40,9538985,73448
40,9954410,77942
40,10352302,82815
40,10744894,87113
40,11140019,92049
40,11519042,96746
40,11891594,102387
40,12290057,107165
40,12662891,113000
40,13058967,118526
40,13440838,124550
40,13829257,131012
40,14254696,137839
40,14644435,143598
40,15034522,150750
40,15433621,157893
40,15826349,164333
40,16178930,171072
40,16562107,178742
40,16955852,186798
40,17370347,194893
40,17784593,202272
40,18137777,209643
40,18498608,218445
40,18890725,226143
40,19274807,235308
40,19665691,243360
40,20055136,252844
40,20437813,261272
40,20833037,271105
40,21234150,281191
40,21599009,290064
40,21970948,298952
40,22348401,308649
40,22743936,317502
40,23117236,326426
40,23499112,336380
40,23871813,346687
40,24274632,355575
40,24642929,365762
40,25035724,374819
40,25426104,385006
40,25810681,394040
40,26186274,404248
40,26580159,414481
40,26993820,423491
40,27350112,433663
40,27743568,442686
40,28118295,451580
40,28473458,461806
40,28867973,470766
40,29264351,480461
40,29665638,489894
40,30056940,498190
40,30458960,507642
40,30848913,516651
40,31255716,525691
40,31641421,533394
40,32034140,541983
40,32409956,549451
40,32783896,556681
40,33140851,564690
40,33536590,571715
40,33930702,579419
40,34306940,586034
40,34683528,593259
40,35078773,600556
40,35473316,606554
40,35846451,612476
40,36232002,619133
40,36617632,624654
40,36970157,630234
40,37350781,636156
40,37744547,641970
40,38159556,647092
40,38539480,652351
40,38932320,657633
40,39333387,662891
40,39723085,666952
40,40095949,671013
40,40475552,675759
40,40867458,679472
40,41251774,683434
40,41643503,687473
40,42036424,690873
40,42433479,694360
40,42824100,697611
40,43237620,700810
40,43619033,703489
40,43991854,705946
40,44383233,708488
40,44769581,710892
40,45162468,712826
40,45537444,714847
40,45932069,716700
40,46336114,718156
40,46702182,719612
40,47118028,720722
40,47496306,721822
40,47889998,722655
40,48287185,723239
40,48681195,723775
40,49055652,724044
40,49412337,724144
40,49795900,724111
40,50185092,724362
40,50556957,724867
40,50956388,724909
40,51353101,724951
40,51746478,725117
40,52142892,725068
40,52538378,725044
40,52954661,725001
40,53351988,724922
40,53744918,724897
40,54139336,724840
40,54497374,724781
40,54893294,724746
40,55273305,724651
40,55661990,724548
40,56057484,724518
40,56439113,724514
40,56832405,724507
40,57253880,724503
40,57643107,724507
40,58012503,724493
40,58370902,724465
40,58742333,724433
40,59095621,724398
40,59474723,724379
40,59847847,724369
40,60232868,724366
40,60621689,724348
40,60992919,724331
40,61349058,724310
40,61744315,724291
40,62116755,724276
40,62478176,724267
40,62870288,724258
40,63254700,724244
40,63642486,724232
40,64036735,724218
40,64434764,724206
40,64826149,724199
40,65184562,724189
40,65556186,724182
40,65955972,724170
40,66350201,724164
40,66743215,724152
40,67116855,724146
40,67497022,724139
40,67892493,724133
40,68273062,724128
40,68662629,724120
40,69046787,724114
40,69435466,724108
40,69826760,724103
40,70200777,724098
40,70620135,724091
40,71013993,724087
40,71369473,724083
40,71743533,724080
40,72096904,724074
40,72473719,724071
40,72866994,724069
40,73233733,724064
40,73643652,724059
40,74037161,724057
40,74444718,724055
40,74819709,724051
40,75184242,724048
40,75583213,724046
40,75993926,724043
40,76350558,724042
40,76744750,724041
40,77139672,724035
40,77537439,724035
40,77930728,724035
40,78288905,724031
40,78660140,724029
40,79035329,724028
40,79412925,724026
40,79785259,724026
40,80135864,724023
40,80495405,724022
40,80888457,724021
40,81271016,724021
40,81659153,724017
40,82032220,724017
40,82388478,724017
40,82740511,724016
40,83094484,724015
40,83474289,724013
40,83866056,724011
40,84234044,724011
40,84598972,724011
40,84992458,724011
40,85349627,724011
40,85743670,724010
40,86116740,724010
40,86494942,724010
40,86888858,724010
40,87258985,724008
40,87621747,724007
40,88015278,724006
40,88392595,724005
40,88788302,724004
40,89158524,724004
40,89516215,724001
40,89911634,724002
40,90287464,724002
40,90680680,724002
40,91035179,724001
40,91412332,724001
40,91805967,724000
40,92160297,724000
40,92535877,724000
40,92931275,724000
40,93314253,724000
40,93706870,723999
40,94118598,723998
40,94473347,723998
40,94866952,723998
40,95255713,723998
40,95640227,723997
40,95992788,723996
40,96369378,723996
40,96766425,723997
40,97141210,723997
40,97537321,723996
40,97932749,723996
40,98329391,723995
40,98731512,723995
40,99140278,723995
40,99540581,723993
40,99934076,723993
40,100314442,723994
40,100699704,723994
40,101080120,723994
40,101497984,723995
40,101889426,723995
40,102271868,723994
40,102660028,723993
40,103012765,723993
40,103370098,723993
42,738893,24002
42,1124457,24402
42,1521245,24999
42,1898127,25638
42,2295643,26505
42,2705762,27556
42,3109990,28578
42,3499443,29964
42,3891099,31347
42,4247566,33102
42,4665305,35048
42,5071440,36885
42,5434612,39196
42,5807024,41376
42,6187365,43729
42,6580067,46655
42,6953362,49402
42,7333639,52676
42,7725461,55643
42,8088604,59221
42,8476496,62574
42,8829176,66130
42,9205375,69759
42,9599631,73982
42,9974943,77932
42,10330525,82183
42,10703725,86488
42,11068992,91404
42,11460075,96039
42,11832064,101670
42,12228725,106462
42,12622263,112216
42,12998713,118510
42,13416597,124538
42,13806977,130140
42,14184076,136985
42,14601846,143577
42,14998521,150726
42,15417310,157867
42,15808950,164315
42,16186739,171996
42,16581918,179711
42,16977897,186781
42,17352575,194871
42,17768460,203300
42,18170433,211808
42,18580643,220603
42,18995624,228391
42,19352446,237551
42,19767189,246912
42,20172440,255202
42,20537413,263742
42,20897313,273552
42,21294289,283711
42,21702977,292632
42,22069487,302532
42,22459363,311131
42,22831569,321240
42,23228133,330124
42,23601804,340138
42,23996548,349174
42,24375988,359403
42,24766203,368305
42,25143994,378677
42,25540629,388862
42,25937943,397850
42,26332739,408140
42,26727622,418318
42,27125413,427345
42,27519974,437539
42,27897912,446485
42,28273971,456744
42,28664748,466910
42,29068185,475745
42,29436602,485162
42,29850145,493431
42,30206191,503007
42,30604818,511015
42,30995620,520108
42,31393552,529005
42,31772280,536679
42,32146643,544114
42,32521024,552636
42,32895538,559677
42,33292822,567751
42,33684017,575585
42,34089999,582305
42,34458978,589650
42,34853058,596014
42,35227227,603192
42,35622700,609087
42,35997791,615872
42,36403662,622294
42,36789185,627874
42,37188885,633998
42,37581567,639768
42,37998254,645682
42,38393498,651091
42,38793435,655630
42,39209204,660985
42,39600745,665831
42,39973654,669842
42,40355041,674601
42,40746299,678479
42,41111355,682470
42,41498677,685951
42,41870603,689467
42,42227944,692689
42,42599991,695584
42,42955407,698829
42,43352930,701617
42,43724819,704221
42,44099844,706932
42,44502812,709438
42,44891549,711471
42,45250136,713345
42,45624032,715343
42,46018172,717125
42,46420877,718543
42,46809816,719943
42,47207819,721158
42,47601964,722053
42,47995164,722831
42,48392609,723391
42,48751019,723871
42,49146893,724104
42,49543573,724143
42,49932081,724153
42,50331951,724659
42,50726687,724962
42,51108270,724938
42,51495793,725037
42,51850082,725165
42,52205467,725127
42,52578067,725089
42,52933897,725071
42,53310110,724970
42,53704849,724930
42,54069086,724871
42,54456444,724805
42,54829736,724774
42,55185540,724729
42,55561137,724680
42,55956806,724582
42,56354154,724479
42,56726906,724453
42,57125054,724457
42,57495174,724459
42,57849373,724457
42,58209255,724454
42,58600979,724449
42,58995986,724422
42,59349832,724395
42,59703615,724367
42,60068737,724348
42,60456126,724335
42,60838746,724330
42,61228716,724327
42,61619997,724303
42,61994080,724288
42,62354538,724268
42,62726086,724254
42,63088602,724240
42,63476629,724235
42,63830007,724228
42,64206810,724214
42,64599956,724205
42,64953471,724193
42,65330920,724183
42,65725013,724173
42,66110257,724170
42,66501252,724157
42,66894220,724153
42,67274286,724144
42,67643015,724139
42,68038243,724127
42,68447571,724124
42,68809078,724115
42,69206650,724109
42,69579728,724105
42,69935394,724101
42,70332003,724094
42,70706479,724089
42,71113556,724084
42,71496348,724076
42,71870716,724075
42,72249060,724071
42,72642632,724070
42,72994352,724064
42,73372988,724063
42,73767528,724058
42,74124078,724057
42,74496238,724050
42,74849278,724048
42,75204611,724044
42,75599298,724042
42,75978189,724041
42,76392263,724040
42,76786358,724038
42,77148806,724036
42,77523887,724034
42,77920016,724032
42,78332215,724030
42,78726189,724028
42,79110469,724028
42,79498117,724027
42,79891635,724022
42,80267655,724022
42,80619477,724022
42,80995029,724020
42,81351372,724018
42,81766328,724018
42,82122475,724017
42,82516135,724015
42,82890931,724014
42,83248066,724013
42,83641455,724012
42,83994063,724012
42,84371383,724011
42,84734877,724011
42,85126990,724010
42,85496435,724008
42,85848452,724008
42,86206967,724008
42,86578188,724008
42,86931769,724008
42,87308612,724007
42,87703557,724006
42,88068772,724004
42,88460083,724004
42,88830326,724004
42,89228470,724004
42,89602358,724003
42,89997550,724003
42,90395398,724003
42,90772434,724003
42,91144063,724002
42,91539198,724001
42,91934111,724001
42,92332671,724001
42,92737107,724000
42,93125622,724000
42,93517762,723998
42,93890366,723998
42,94249261,723998
42,94623683,723998
42,95015387,723998
42,95418038,723998
42,95808629,723996
42,96204969,723996
42,96599215,723996
42,96953523,723996
42,97329363,723996
42,97681748,723996
42,98066742,723996
42,98453274,723996
42,98807847,723995
42,99185543,723995
42,99581828,723994
42,99998648,723994
42,100395235,723993
42,100793693,723993
42,101187635,723993
42,101577395,723994
42,101933050,723994
42,102332862,723994
42,102703158,723994
42,103070955,723994
42,103433657,723993
42,103829273,723993
44,724657,24001
44,1120154,24402
44,1514382,25006
44,1889033,25654
44,2284823,26396
44,2702026,27567
44,3095385,28596
44,3468072,29794
44,3846672,31361
44,4239003,32887
44,4591148,34569
44,4974939,36623
44,5365453,38624
44,5727249,41068
44,6117265,43393
44,6491691,46287
44,6910274,49414
44,7304635,52690
44,7704502,55654
44,8076584,59228
44,8468629,62582
44,8846287,66650
44,9258694,70277
44,9613204,73978
44,9994164,78530
44,10388619,83424
44,10786267,88324
44,11178435,92682
44,11551041,97434
44,11910226,102372
44,12283030,107852
44,12677012,113780
44,13094573,120043
44,13494768,125303
44,13889813,131853
44,14282024,137815
44,14635704,143590
44,14990195,149812
44,15345168,156983
44,15747059,163369
44,16118266,171049
44,16530510,177715
44,16890483,185771
44,17283207,192792
44,17678791,201187
44,18076477,209618
44,18470319,218412
44,18888022,227250
44,19283534,236410
44,19675549,244499
44,20078483,253990
44,20466970,262483
44,20848499,272297
44,21243140,282426
44,21634343,291324
44,22013738,301313
44,22409258,311090
44,22805184,319900
44,23179845,330053
44,23574990,338787
44,23991685,349104
44,24386033,359359
44,24766288,369567
44,25157961,378670
44,25533313,388861
44,25933098,397855
44,26309217,408158
44,26726849,418342
44,27123590,427367
44,27513819,437558
44,27887973,447772
44,28279495,456760
44,28637877,465633
44,29033781,475761
44,29429602,483998
44,29784727,493433
44,30175320,501812
44,30534931,509898
44,30911139,518965
44,31304946,526822
44,31684581,534533
44,32055312,543049
44,32453647,551592
44,32846727,558712
44,33219787,565726
44,33613306,573633
44,33990847,581367
44,34384235,587869
44,34768414,595091
44,35134439,601454
44,35509516,607422
44,35885687,613338
44,36238557,619148
44,36592437,624678
44,36989804,631008
44,37371700,636896
44,37804221,642752
44,38205515,648456
44,38595514,653674
44,38993984,658329
44,39386794,663495
44,39774236,667565
44,40139091,672203
44,40530726,676304
44,40885991,680009
44,41260481,683451
44,41616295,687468
44,42014589,690900
44,42387555,694363
44,42796312,697196
44,43179008,700426
44,43551175,703128
44,43910739,705590
44,44282242,707868
44,44634350,710029
44,44995513,712273
44,45422927,714349
44,45812676,716251
44,46205804,717729
44,46596424,719263
44,46992732,720557
44,47387202,721557
44,47767939,722456
44,48160458,723071
44,48534656,723647
44,48933207,723974
44,49327894,724136
44,49732282,724110
44,50097590,724293
44,50493510,724855
44,50868126,724992
44,51237734,724961
44,51606143,725114
44,51994532,725191
44,52367959,725125
44,52784204,725107
44,53179052,725036
44,53572119,724966
44,53955428,724917
44,54345769,724840
44,54728820,724791
44,55119092,724749
44,55490748,724691
44,55886974,724655
44,56282049,724562
44,56654640,724458
44,57012344,724428
44,57384937,724429
44,57750908,724430
44,58136582,724426
44,58509975,724426
44,58867594,724430
44,59281747,724402
44,59635054,724377
44,59997078,724347
44,60387120,724335
44,60791510,724320
44,61181119,724318
44,61579371,724310
44,62003971,724284
44,62386707,724267
44,62752204,724253
44,63116860,724237
44,63531937,724230
44,63890646,724227
44,64284879,724214
44,64680290,724202
44,65082310,724190
44,65469829,724180
44,65889316,724172
44,66284122,724166
44,66685783,724155
44,67115478,724147
44,67515772,724139
44,67888672,724129
44,68288106,724125
44,68689580,724116
44,69095712,724111
44,69491487,724103
44,69888910,724099
44,70282113,724094
44,70637946,724091
44,71015568,724084
44,71410015,724080
44,71808516,724076
44,72184829,724071
44,72575221,724065
44,72995187,724060
44,73388259,724054
44,73787256,724054
44,74178076,724054
44,74532611,724053
44,74887718,724049
44,75282750,724046
44,75678344,724043
44,76076278,724042
44,76502236,724040
44,76892061,724036
44,77282789,724036
44,77657137,724034
44,78012007,724031
44,78407144,724030
44,78798088,724028
44,79178181,724026
44,79530717,724025
44,79909539,724024
44,80303580,724022
44,80677833,724021
44,81074579,724020
44,81489297,724017
44,81850664,724016
44,82220973,724016
44,82614181,724015
44,82994865,724015
44,83387471,724014
44,83785747,724013
44,84179250,724012
44,84572078,724010
44,84932979,724009
44,85329203,724008
44,85749686,724008
44,86139086,724008
44,86511815,724007
44,86899605,724006
44,87285485,724005
44,87676829,724005
44,88059114,724005
44,88453822,724005
44,88868357,724004
44,89261829,724004
44,89634861,724003
44,89991158,724003
44,90365386,724000
44,90729838,724001
44,91118239,724001
44,91492627,724001
44,91887800,724001
44,92282804,724001
44,92678028,724000
44,93077639,723999
44,93471907,723999
44,93847151,723999
44,94239057,723999
44,94596898,723999
44,94992787,723998
44,95387128,723998
44,95786489,723998
44,96178116,723997
44,96532595,723997
44,96911245,723995
44,97325640,723995
44,97732378,723996
44,98097136,723996
44,98490007,723995
44,98848817,723995
44,99221949,723995
44,99616053,723994
44,99993292,723994
44,100387768,723995
44,100808126,723995
44,101206250,723995
44,101615044,723994
44,101992403,723994
44,102386324,723994
44,102750391,723993
44,103162558,723993
44,103554676,723993
45,758212,23995
45,1132612,24321
45,1517914,24920
45,1909280,25563
45,2287949,26395
45,2702292,27431
45,3101034,28442
45,3472826,29797
45,3887974,31167
45,4245323,32898
45,4640426,34824
45,5034861,36637
45,5411180,38930
45,5826619,41083
45,6183408,43756
45,6597220,46306
45,6955055,49434
45,7354808,52288
45,7723210,55671
45,8151212,59245
45,8520185,62595
45,8891628,66660
45,9287968,70297
45,9661627,74548
45,10056591,78541
45,10432265,83435
45,10828907,87729
45,11207718,92692
45,11600781,98161
45,12013625,103762
45,12432036,109271
45,12827836,114581
45,13206360,120812
45,13596914,126887
45,14012085,132728
45,14389715,139475
45,14783722,145320
45,15153495,152556
45,15537233,158776
45,15911249,166273
45,16307586,172937
45,16703142,180715
45,17097985,188783
45,17495631,196959
45,17887906,204346
45,18244259,211806
45,18619083,220593
45,19036341,229541
45,19432784,237541
45,19807119,246899
45,20205304,255189
45,20608610,264947
45,20992409,274802
45,21391448,284947
45,21786809,293905
45,22170402,303726
45,22539571,312340
45,22931273,322428
45,23330540,332530
45,23727123,341356
45,24127864,351637
45,24517586,361907
45,24909264,370869
45,25309940,381197
45,25702927,391470
45,26101561,401690
45,26497261,410730
45,26889289,420933
45,27287671,431169
45,27681350,441433
45,28075582,450321
45,28476841,460578
45,28870784,470795
45,29267366,479317
45,29641519,488728
45,30016094,497005
45,30393041,505361
45,30790045,514383
45,31168581,523487
45,31560612,531246
45,31932187,539893
45,32350181,548364
45,32762620,555729
45,33129534,563715
45,33514695,570713
45,33909345,578479
45,34287167,586060
45,34701709,592341
45,35054599,598760
45,35410363,605717
45,35806019,611633
45,36194247,618328
45,36575356,623862
45,36930418,629420
45,37310711,635468
45,37702029,640521
45,38080435,646376
45,38494132,651740
45,38888201,656293
45,39265234,661614
45,39658489,665835
45,40013457,669828
45,40390170,674575
45,40784182,678475
45,41150522,681961
45,41517257,685925
45,41908555,689443
45,42289568,693097
45,42661630,695972
45,43037569,698803
45,43413881,701978
45,43806630,704542
45,44205164,707223
45,44597897,709710
45,44992073,711711
45,45403833,713828
45,45766534,715786
45,46169701,717516
45,46561815,718900
45,46931385,720246
45,47329619,721289
45,47705847,722262
45,48099551,722910
45,48473459,723531
45,48866752,723910
45,49244829,724121
45,49640337,724141
45,50011937,724156
45,50389845,724666
45,50764679,724985
45,51148173,724963
45,51537640,725048
45,51907947,725179
45,52264868,725143
45,52661863,725107
45,53036049,725065
45,53431770,724972
45,53828649,724937
45,54206255,724862
45,54600219,724799
45,54994009,724752
45,55390277,724691
45,55786654,724638
45,56182309,724520
45,56554470,724452
45,56908795,724447
45,57277646,724448
45,57641203,724452
45,58034377,724452
45,58391903,724448
45,58765733,724428
45,59168223,724403
45,59557704,724374
45,59932537,724356
45,60307745,724344
45,60701716,724331
45,61054557,724327
45,61409218,724313
45,61784149,724291
45,62148059,724275
45,62556718,724262
45,62949772,724249
45,63308248,724238
45,63701354,724230
45,64075845,724215
45,64471938,724206
45,64867128,724193
45,65267825,724185
45,65661420,724175
45,66035202,724170
45,66433930,724162
45,66806927,724152
45,67204249,724144
45,67598329,724137
45,67994232,724131
45,68392038,724125
45,68807179,724117
45,69205090,724110
45,69597580,724105
45,70002255,724100
45,70393611,724093
45,70784550,724089
45,71168195,724088
45,71559708,724078
45,71930166,724076
45,72327793,724072
45,72723124,724070
45,73128176,724064
45,73517848,724063
45,73908690,724058
45,74267742,724056
45,74639286,724052
45,75033199,724048
45,75391555,724048
45,75766378,724044
45,76167908,724043
45,76579150,724039
45,77018761,724038
45,77390320,724035
45,77765523,724033
45,78166585,724030
45,78535774,724030
45,78931812,724024
45,79328520,724024
45,79703702,724024
45,80100107,724024
45,80471411,724023
45,80830882,724021
45,81223038,724018
45,81615415,724019
45,82024133,724016
45,82412309,724016
45,82805522,724015
45,83193672,724014
45,83554353,724014
45,83908022,724011
45,84264345,724012
45,84657581,724010
45,85011879,724010
45,85393100,724009
45,85786160,724009
45,86169446,724008
45,86559800,724008
45,86930973,724007
45,87329694,724006
45,87719581,724005
45,88099833,724005
45,88472531,724004
45,88864628,724003
45,89245652,724003
45,89618182,724003
45,89992815,724003
45,90391592,724003
45,90774776,724002
45,91169414,724000
45,91539377,723999
45,91927686,724000
45,92286336,724000
45,92659591,724000
45,93053747,723999
45,93410522,723998
45,93804625,723998
45,94192221,723998
45,94556254,723997
45,94950150,723996
45,95305789,723996
45,95701747,723997
45,96078827,723997
45,96453694,723996
45,96848708,723995
45,97266560,723995
45,97683337,723995
45,98076805,723995
45,98495440,723995
45,98891367,723994
45,99266890,723994
45,99660232,723995
45,100034302,723996
45,100391929,723995
45,100786215,723995
45,101168551,723995
45,101559455,723994
45,101931824,723994
45,102329590,723994
45,102705736,723993
45,103096398,723993
45,103514622,723994
45,103907853,723995
45,104264715,723994
45,104637764,723993
45,104992945,723992
45,105389084,723992
45,105761772,723992
46,754662,24002
46,1118625,24401
46,1512666,25000
46,1909957,25651
46,2281811,26392
46,2636407,27288
46,3013184,28443
46,3406559,29612
46,3761907,30960
46,4141392,32666
46,4532456,34332
46,4894869,36092
46,5264014,38346
46,5659948,40451
46,6034599,43065
46,6430450,45925
46,6855606,49029
46,7244431,51877
46,7614937,54820
46,7977661,58328
46,8371356,61610
46,8742774,65640
46,9140429,69258
46,9510992,72920
46,9879348,77351
46,10264665,81574
46,10635325,85899
46,11011304,90797
46,11387386,95372
46,11762909,100984
46,12159820,105805
46,12532796,111488
46,12929850,117738
46,13328748,123068
46,13720713,129317
46,14119517,136161
46,14511600,141927
46,14895485,148908
46,15284205,155234
46,15656460,161499
46,16014540,169156
46,16408165,175782
46,16781908,182760
46,17135999,189779
46,17489793,196954
46,17853933,205387
46,18242419,212903
46,18594163,220593
46,18972616,228399
46,19367040,237545
46,19760958,245705
46,20116462,255200
46,20511082,263729
46,20876493,273547
46,21286164,283702
46,21679035,292619
46,22056108,302525
46,22454761,312342
46,22853656,321154
46,23243260,331299
46,23636844,340064
46,23992243,350354
46,24386585,359340
46,24751863,368275
46,25141858,378661
46,25533482,387569
46,25921682,397856
46,26303298,406877
46,26659137,417064
46,27079266,427380
46,27471229,437565
46,27878119,446504
46,28264137,456767
46,28658537,466931
46,29078667,476954
46,29469788,485175
46,29857782,494629
46,30245661,504203
46,30638619,512136
46,31036964,521223
46,31430443,530137
46,31806813,537773
46,32181702,545143
46,32554369,553675
46,32951852,561700
46,33345521,568729
46,33740827,576524
46,34118043,583286
46,34490173,589643
46,34855000,596908
46,35244426,603188
46,35647767,609936
46,36036018,616691
46,36429852,622282
46,36829376,628657
46,37201066,634721
46,37615878,639760
46,37970849,645670
46,38387020,650430
46,38738738,654959
46,39117066,660314
46,39512338,665242
46,39911608,669234
46,40286141,673988
46,40680065,677938
46,41081395,681946
46,41449851,685923
46,41877371,689928
46,42266793,693089
46,42637784,696380
46,43047324,699209
46,43409689,702362
46,43782493,704909
46,44161255,707230
46,44534736,709707
46,44930098,711730
46,45328578,713837
46,45718447,715794
46,46116369,717533
46,46513370,718908
46,46898234,720252
46,47284848,721295
46,47658879,722264
46,48055964,722997
46,48455300,723536
46,48857481,723954
46,49241535,724133
46,49649188,724141
46,50015075,724251
46,50408718,724807
46,50805452,725005
46,51183024,724980
46,51581362,725110
46,51972702,725203
46,52347088,725151
46,52737246,725133
46,53138209,725034
46,53531168,724967
46,53895092,724929
46,54282639,724819
46,54655771,724773
46,55040247,724732
46,55427332,724670
46,55780816,724588
46,56139447,724488
46,56532249,724454
46,56921796,724455
46,57281743,724455
46,57635219,724452
46,57991065,724445
46,58385501,724434
46,58759563,724408
46,59119026,724390
46,59531974,724375
46,59897234,724359
46,60296920,724345
46,60659269,724333
46,61055944,724323
46,61450415,724297
46,61859011,724286
46,62242578,724267
46,62635002,724255
46,63013036,724243
46,63406250,724234
46,63761588,724224
46,64137953,724211
46,64531783,724203
46,64893563,724190
46,65261027,724183
46,65613476,724175
46,65970105,724166
46,66342813,724159
46,66738846,724150
46,67096299,724146
46,67468939,724134
46,67873787,724131
46,68261104,724122
46,68634653,724119
46,68990656,724110
46,69343667,724103
46,69718721,724103
46,70096362,724095
46,70468689,724091
46,70854511,724086
46,71239906,724080
46,71593070,724075
46,71974322,724074
46,72366086,724070
46,72738180,724065
46,73094887,724064
46,73489085,724060
46,73884319,724057
46,74264778,724054
46,74637208,724051
46,75036782,724047
46,75408379,724046
46,75803518,724044
46,76222080,724041
46,76616499,724039
46,76991886,724037
46,77386167,724035
46,77739940,724033
46,78137903,724031
46,78531073,724028
46,78893326,724028
46,79284715,724024
46,79658043,724023
46,80054354,724023
46,80453906,724023
46,80858041,724022
46,81242269,724020
46,81636780,724017
46,82035013,724017
46,82407804,724017
46,82784590,724016
46,83180582,724015
46,83574185,724014
46,83972218,724012
46,84367791,724012
46,84774000,724012
46,85139310,724009
46,85532999,724009
46,85894457,724010
46,86284083,724010
46,86657529,724010
46,87035166,724010
46,87428087,724008
46,87780659,724007
46,88137706,724006
46,88531541,724004
46,88907056,724004
46,89261407,724004
46,89636177,724004
46,89991226,724004
46,90385629,724004
46,90760204,724003
46,91116078,724002
46,91531468,724002
46,91896918,724000
46,92284740,724000
46,92658203,724000
46,93055356,724000
46,93432530,724000
46,93824094,723998
46,94243515,723998
46,94635006,723998
46,95011767,723998
46,95405308,723997
46,95761649,723997
46,96140176,723997
46,96553824,723997
46,96921217,723997
46,97301555,723997
46,97655349,723995
46,98035157,723995
46,98438224,723996
46,98808128,723995
46,99199700,723994
46,99616074,723994
46,99969656,723994
46,100367375,723994
46,100737548,723994
46,101094863,723995
46,101472667,723994
46,101988526,723994
46,102506262,723994
46,103024388,723992
46,103506326,723992
46,104028666,723992
47,725837,23995
47,1096271,24320
47,1486460,24998
47,1913087,25650
47,2299383,26510
47,2692870,27421
47,3089763,28590
47,3487390,29972
47,3930602,31565
47,4298914,33351
47,4690835,35056
47,5091235,37183
47,5486180,39511
47,5913349,42043
47,6300084,44808
47,6711264,47831
47,7131917,51052
47,7524000,54389
47,7955389,57871
47,8337287,61121
47,8708859,65114
47,9092440,68735
47,9480481,72928
47,9887069,76782
47,10274036,81578
47,10647979,86521
47,11049614,91432
47,11462604,96751
47,11855666,101698
47,12255299,107187
47,12647765,113011
47,13046800,118527
47,13418114,124567
47,13814846,130166
47,14213397,136997
47,14589393,143612
47,14988526,149829
47,15356347,156994
47,15751220,163401
47,16128534,171071
47,16544188,178730
47,16955596,185808
47,17316907,193837
47,17689425,201214
47,18086447,209648
47,18486116,218428
47,18912565,227277
47,19298092,236424
47,19703273,244521
47,20090532,254015
47,20482597,263739
47,20908393,273559
47,21294814,283712
47,21711933,293917
47,22155066,303737
47,22527937,313603
47,22931940,322446
47,23299425,332534
47,23691842,341342
47,24090721,351620
47,24465879,360608
47,24841442,370841
47,25252873,381176
47,25626685,390151
47,26005600,400402
47,26402739,409437
47,26795146,419638
47,27192719,429888
47,27586660,438868
47,27969022,449040
47,28355021,459322
47,28772700,469501
47,29180748,478133
47,29546167,487551
47,29953126,495817
47,30315367,505354
47,30709538,513255
47,31112657,522364
47,31501248,531228
47,31911771,539890
47,32296491,547305
47,32689629,555712
47,33095979,563698
47,33488856,570715
47,33857774,578465
47,34255065,586040
47,34647190,592334
47,35026507,599657
47,35420704,605713
47,35793305,612474
47,36193359,618316
47,36586514,624655
47,36968180,630228
47,37338045,636152
47,37709382,641233
47,38086963,646386
47,38480199,652355
47,38908743,656955
47,39274438,662262
47,39688223,666967
47,40087029,671606
47,40486685,675733
47,40911637,679980
47,41275340,683930
47,41668418,687449
47,42066661,691332
47,42440320,694767
47,42855597,697993
47,43252488,700802
47,43628441,703848
47,44029570,706593
47,44418837,708792
47,44806275,710889
47,45174526,713073
47,45567780,715088
47,45964332,716697
47,46339199,718344
47,46736128,719777
47,47130447,720871
47,47503153,721825
47,47910219,722663
47,48274190,723249
47,48668632,723787
47,49048261,724086
47,49439811,724166
47,49814924,724135
47,50212007,724456
47,50589650,724959
47,50989558,724999
47,51356340,725021
47,51751616,725168
47,52129548,725173
47,52523123,725131
47,52909062,725086
47,53295631,724977
47,53709771,724937
47,54123037,724850
47,54523283,724775
47,54935010,724748
47,55296748,724682
47,55688365,724609
47,56091109,724491
47,56481764,724453
47,56889417,724454
47,57254438,724454
47,57647373,724447
47,58047785,724445
47,58420776,724426
47,58815527,724404
47,59203382,724388
47,59588601,724370
47,59986711,724358
47,60377342,724337
47,60772263,724332
47,61170286,724314
47,61543129,724291
47,61950987,724281
47,62314590,724264
47,62709968,724255
47,63090938,724243
47,63480391,724232
47,63908614,724215
47,64295082,724208
47,64689965,724197
47,65086500,724186
47,65485741,724177
47,65915605,724167
47,66298654,724161
47,66692010,724152
47,67088453,724145
47,67479693,724135
47,67892154,724131
47,68254067,724122
47,68649494,724121
47,69033355,724109
47,69420634,724105
47,69806003,724102
47,70193069,724096
47,70585616,724091
47,70982977,724086
47,71377070,724080
47,71773152,724074
47,72148430,724075
47,72543339,724069
47,72952403,724067
47,73345926,724062
47,73716235,724060
47,74092880,724056
47,74459984,724054
47,74834004,724052
47,75218020,724047
47,75583836,724047
47,75966861,724043
47,76333527,724043
47,76733462,724039
47,77153540,724037
47,77522663,724032
47,77931290,724032
47,78294295,724030
47,78699468,724027
47,79071955,724026
47,79463181,724024
47,79861904,724024
47,80274127,724022
47,80646945,724022
47,81047527,724019
47,81420808,724016
47,81813711,724018
47,82212333,724017
47,82589494,724015
47,82986123,724014
47,83398112,724012
47,83792298,724012
47,84189543,724011
47,84584510,724008
47,84987565,724008
47,85355296,724008
47,85751068,724008
47,86126609,724007
47,86521739,724006
47,86926634,724005
47,87293731,724005
47,87688641,724005
47,88092172,724002
47,88465866,724003
47,88836214,724003
47,89235107,724005
47,89649653,724004
47,90046184,724002
47,90417793,724001
47,90815162,724001
47,91192367,724001
47,91584910,723999
47,91989972,723998
47,92355308,723999
47,92772185,724000
47,93194897,723999
47,93584440,723999
47,93969474,723999
47,94356046,723997
47,94762866,723997
47,95131868,723997
47,95521653,723997
47,95912137,723997
47,96294996,723996
47,96688485,723996
47,97087327,723996
47,97484739,723996
47,97907905,723994
47,98294815,723995
47,98688487,723995
47,99092903,723996
47,99485058,723994
47,99887833,723994
47,100256486,723994
47,100649463,723994
47,101027763,723994
47,101421412,723994
47,101795062,723993
47,102193746,723993
47,102586621,723993
47,102967682,723993
47,103348041,723993
47,103719041,723993
47,104093240,723993
47,104462227,723993
47,104840562,723993
48,737776,24001
48,1140256,24402
48,1536112,24999
48,1910648,25650
48,2304899,26388
48,2711683,27417
48,3088288,28432
48,3458309,29781
48,3856771,31148
48,4223291,32876
48,4625411,34803
48,5039804,36894
48,5442834,38909
48,5811993,41384
48,6206225,44089
48,6601819,47056
48,7017844,49827
48,7400615,53115
48,7808526,56533
48,8202865,60165
48,8640930,64086
48,9035477,68204
48,9442103,72390
48,9850313,76783
48,10243489,80958
48,10639736,85905
48,11013670,90803
48,11443865,96056
48,11827364,100982
48,12204351,106484
48,12641799,112224
48,13013766,118510
48,13452807,124559
48,13857858,131009
48,14248316,137821
48,14666123,144456
48,15062192,151650
48,15480028,158778
48,15871202,165308
48,16245815,172935
48,16645232,179725
48,17039497,187808
48,17443266,195914
48,17831683,204371
48,18230220,211825
48,18603330,220618
48,18996090,228421
48,19400414,237564
48,19767620,245731
48,20138481,255226
48,20540043,264983
48,20933323,273579
48,21305913,283736
48,21725791,293941
48,22128104,302559
48,22495807,312387
48,22889975,321214
48,23284509,331349
48,23660147,341394
48,24077111,351693
48,24480682,361929
48,24891655,372174
48,25305381,382474
48,25707281,391458
48,26085715,401676
48,26501084,411988
48,26893018,422214
48,27285377,431159
48,27665971,441417
48,28061399,450304
48,28460758,460570
48,28836354,469489
48,29207088,479309
48,29607449,487547
48,29976549,496991
48,30379932,505340
48,30767471,514372
48,31143902,523483
48,31559492,532302
48,31953299,539880
48,32352353,549445
48,32785858,557678
48,33180836,564683
48,33578212,572661
48,33950882,580382
48,34404730,587845
48,34765459,594153
48,35138562,601430
48,35544149,607395
48,35910561,614165
48,36305586,620693
48,36708630,626255
48,37105889,632502
48,37500790,638321
48,37893286,643481
48,38267035,649110
48,38666399,654315
48,39080521,659665
48,39481961,664075
48,39860517,668690
48,40244008,672806
48,40625795,677403
48,41015617,680987
48,41420102,684934
48,41807819,688952
48,42201187,692670
48,42600559,695984
48,43014991,699218
48,43443332,702379
48,43831260,704910
48,44205708,707554
48,44638785,710026
48,45015305,712276
48,45420367,714101
48,45786690,716034
48,46201533,717739
48,46612089,719272
48,46994624,720414
48,47409746,721569
48,47811970,722466
48,48205909,723164
48,48603362,723721
48,48996938,724018
48,49382274,724149
48,49767818,724117
48,50139218,724368
48,50540910,724857
48,50913014,724987
48,51306856,724988
48,51706143,725133
48,52080803,725173
48,52479623,725113
48,52847909,725066
48,53242833,724986
48,53620294,724928
48,54014954,724873
48,54420198,724808
48,54806646,724758
48,55201525,724714
48,55604271,724664
48,55972201,724550
48,56378348,724469
48,56742264,724454
48,57137712,724455
48,57516862,724451
48,57909245,724445
48,58304439,724443
48,58706277,724422
48,59083859,724399
48,59458218,724373
48,59849306,724358
48,60266055,724343
48,60645216,724334
48,61038324,724329
48,61435543,724305
48,61807759,724286
48,62201288,724272
48,62607975,724257
48,62974090,724247
48,63401482,724238
48,63766461,724223
48,64158872,724213
48,64559620,724201
48,64943916,724192
48,65328697,724181
48,65707387,724176
48,66096675,724166
48,66514091,724158
48,66909320,724150
48,67304873,724144
48,67702564,724135
48,68102016,724129
48,68520773,724122
48,68932668,724115
48,69325571,724109
48,69706812,724106
48,70096674,724097
48,70519266,724093
48,70910932,724088
48,71304144,724083
48,71701312,724077
48,72101977,724074
48,72508363,724069
48,72871739,724067
48,73264609,724064
48,73641600,724058
48,74033962,724054
48,74418149,724053
48,74805104,724048
48,75201637,724048
48,75603398,724043
48,75992604,724043
48,76405947,724040
48,76808425,724035
48,77201542,724030
48,77603541,724030
48,77992887,724028
48,78398967,724028
48,78764195,724027
48,79158754,724026
48,79561395,724025
48,79931316,724023
48,80326344,724023
48,80714317,724022
48,81081939,724018
48,81456336,724018
48,81826846,724018
48,82225700,724017
48,82646655,724015
48,83060552,724016
48,83456984,724016
48,83834379,724016
48,84221173,724013
48,84645279,724012
48,85038107,724011
48,85418775,724011
48,85809277,724011
48,86200151,724009
48,86606921,724009
48,86994825,724009
48,87399342,724008
48,87765974,724007
48,88179461,724006
48,88598101,724005
48,88992625,724005
48,89416817,724005
48,89804780,724004
48,90213639,724004
48,90620565,724002
48,90994503,724002
48,91403929,724000
48,91765506,724002
48,92158808,724002
48,92536205,724002
48,92929445,724002
48,93304428,724000
48,93701425,724000
48,94101617,724000
48,94493028,723999
48,94887006,723999
48,95283203,723998
48,95660224,723998
48,96054722,723998
48,96457832,723997
48,96826180,723997
48,97236716,723997
48,97601770,723997
48,97993350,723997
48,98380589,723997
48,98765560,723996
48,99137848,723995
48,99538343,723995
48,99909618,723995
48,100305392,723995
48,100702267,723995
48,101079488,723995
48,101480279,723995
48,101845989,723995
48,102241009,723995
48,102624954,723995
48,103016346,723995
48,103399674,723994
48,103788459,723994
49,713758,24003
49,1144996,24396
49,1536766,25073
49,1931322,25740
49,2324835,26503
49,2704282,27554
49,3143792,28741
49,3512922,29969
49,3890997,31560
49,4286671,33106
49,4681466,35049
49,5052749,36899
49,5406075,38913
49,5784839,41384
49,6179125,43740
49,6552228,46291
49,6907306,49016
49,7260704,51861
49,7626888,55227
49,8034340,58773
49,8427286,62091
49,8803613,65624
49,9155230,69250
49,9509797,72918
49,9871270,77348
49,10283730,81573
49,10668502,86515
49,11063430,91420
49,11451027,96046
49,11832636,101687
49,12220795,106493
49,12576508,111483
49,12948843,116939
49,13306154,123070
49,13723523,129318
49,14113557,135314
49,14487970,141929
49,14891080,148908
49,15284542,155237
49,15664317,162453
49,16055983,169157
49,16440644,176748
49,16828287,183788
49,17204000,191793
49,17592197,200153
49,17990168,207517
49,18363394,215128
49,18739942,223904
49,19136757,231866
49,19488472,239850
49,19865492,249291
49,20260365,257594
49,20625419,267428
49,21017829,276086
49,21384906,284965
49,21765846,295214
49,22160707,304940
49,22577779,314932
49,22977901,325092
49,23389268,335088
49,23786687,344062
49,24158488,353008
49,24509224,361955
49,24866176,370892
49,25241199,381218
49,25650266,390163
49,26035401,400405
49,26406875,409430
49,26765432,419611
49,27158315,428616
49,27512768,437540
49,27888555,446483
49,28260564,455482
49,28626511,465622
49,29014799,474533
49,29406557,483991
49,29784601,493419
49,30202066,502995
49,30602443,511004
49,30973341,520105
49,31365907,527902
49,31745180,536670
49,32138304,545174
49,32530285,552620
49,32890689,559662
49,33261709,566734
49,33628600,573641
49,33993041,581337
49,34388462,587847
49,34764900,595089
49,35166325,602323
49,35574640,609064
49,35975142,615851
49,36390191,622298
49,36783620,627849
49,37155488,633255
49,37509384,638321
49,37868396,643456
49,38261092,649123
49,38644678,653662
49,39014261,658985
49,39408557,664079
49,39805019,668112
49,40180968,672785
49,40573434,676852
49,40963060,680493
49,41347192,684916
49,41763241,688452
49,42156582,692239
49,42535583,695570
49,42952357,698812
49,43351142,701995
49,43764019,704902
49,44177403,707234
49,44529964,709419
49,44891095,711722
49,45285282,713588
49,45667367,715569
49,46076549,717322
49,46471668,718730
49,46831074,719939
49,47201860,721159
49,47598015,722054
49,47970038,722745
49,48327801,723393
49,48726432,723871
49,49134601,724094
49,49490043,724150
49,49867618,724129
49,50271117,724590
49,50669378,724965
49,51031434,724964
49,51386015,724997
49,51741112,725144
49,52114177,725141
49,52511093,725084
49,52886905,725040
49,53239245,724963
49,53625933,724912
49,54017152,724853
49,54405621,724797
49,54764359,724753
49,55156409,724713
49,55530033,724625
49,55889441,724519
49,56259079,724490
49,56622698,724485
49,57015475,724478
49,57388318,724478
49,57787709,724476
49,58159240,724465
49,58511916,724442
49,58870553,724407
49,59260287,724383
49,59654159,724370
49,60038616,724356
49,60406715,724355
49,60767043,724336
49,61179401,724315
49,61530953,724298
49,61889037,724282
49,62282878,724269
49,62663453,724260
49,63056611,724248
49,63429827,724233
49,63827727,724223
49,64204800,724211
49,64592635,724201
49,65011844,724193
49,65380123,724186
49,65746696,724173
49,66136643,724167
49,66492121,724158
49,66870008,724151
49,67263031,724142
49,67669377,724135
49,68055194,724127
49,68434821,724122
49,68805649,724114
49,69199671,724109
49,69573261,724103
49,69977889,724097
49,70388515,724092
49,70784715,724089
49,71158767,724084
49,71509636,724079
49,71866729,724077
49,72238669,724072
49,72646014,724068
49,73053109,724065
49,73405374,724061
49,73766666,724059
49,74166064,724056
49,74562699,724051
49,74948255,724047
49,75350072,724046
49,75769759,724044
49,76168435,724041
49,76525164,724039
49,76884921,724038
49,77248845,724036
49,77604403,724033
49,78006052,724031
49,78369413,724029
49,78737720,724027
49,79126552,724025
49,79499716,724024
49,79853663,724024
49,80182843,724023
49,80512055,724021
49,80850745,724020
49,81181455,724018
49,81509879,724019
49,81847985,724016
49,82180622,724016
49,82507682,724015
49,82845251,724015
49,83198082,724015
49,83536969,724015
49,83885174,724013
49,84243163,724011
49,84650475,724011
49,85024376,724011
49,85363427,724010
49,85716382,724010
49,86077056,724009
49,86407605,724007
49,86747649,724008
49,87092412,724009
49,87427192,724007
49,87778251,724006
49,88157451,724006
49,88506252,724005
49,88845051,724004
49,89199173,724004
49,89552352,724003
49,89920317,724002
49,90277830,724001
49,90638225,724001
49,90984309,724001
49,91302902,724001
49,91663245,724001
49,92008213,724000
49,92364167,724000
49,92740078,724000
49,93092409,724000
49,93454965,723999
49,93786290,723999
49,94138674,723999
49,94471393,723999
49,94868590,723998
49,95205334,723998
49,95560696,723998
49,95915995,723998
49,96288940,723997
49,96649998,723996
49,96997585,723996
49,97351052,723996
49,97714239,723996
49,98064837,723996
49,98434902,723995
49,98791951,723994
49,99144276,723995
49,99502968,723995
49,99877170,723995
49,100254819,723995
49,100652645,723995
49,101010762,723994
49,101358415,723993
49,101733147,723993
49,102105173,723993
49,102486718,723993
49,102861457,723994
49,103255349,723994
49,103605336,723993
50,737944,24003
50,1118766,24316
50,1499519,24990
50,1889577,25554
50,2263059,26263
50,2643430,27276
50,3036419,28425
50,3432380,29596
50,3807020,31153
50,4180665,32647
50,4557731,34316
50,4932674,36351
50,5325066,38335
50,5727492,40754
50,6119495,43400
50,6528284,46298
50,6935222,49427
50,7329975,52282
50,7722839,55665
50,8141707,59243
50,8535618,63099
50,8931558,66667
50,9285919,70827
50,9662282,74557
50,10035667,79147
50,10434222,83437
50,10826636,87731
50,11181335,92058
50,11536192,97449
50,11929591,102388
50,12305322,107185
50,12660804,113004
50,13057020,118514
50,13446857,124563
50,13827734,130167
50,14180710,136158
50,14557408,142768
50,14951790,148910
50,15326195,156121
50,15726942,163401
50,16116994,170103
50,16495793,177732
50,16908734,184798
50,17264359,191786
50,17644410,200161
50,18037378,208565
50,18434591,216233
50,18827752,225013
50,19207192,233007
50,19583956,242171
50,19976448,251674
50,20378918,260043
50,20743634,269857
50,21142302,278648
50,21538557,288778
50,21932457,298943
50,22326704,308598
50,22774312,318656
50,23160405,328842
50,23558248,338820
50,23951420,347879
50,24325031,358103
50,24728632,368296
50,25137485,377397
50,25515169,387585
50,25913817,397851
50,26304966,406870
50,26660014,415789
50,27055488,424804
50,27426674,434982
50,27785606,443972
50,28158517,452884
50,28536821,463097
50,28931761,473305
50,29324871,481641
50,29705813,489899
50,30101053,499397
50,30521413,508766
50,30913640,517809
50,31295202,526800
50,31684287,534506
50,32078526,543062
50,32479312,551581
50,32869847,558676
50,33244992,566738
50,33642612,573638
50,34037377,581335
50,34433490,588745
50,34825449,595083
50,35180687,601437
50,35536411,608234
50,35930128,614173
50,36304691,619929
50,36662169,625449
50,37034200,630991
50,37399116,636879
50,37787078,641973
50,38159083,647075
50,38516033,652383
50,38930241,656961
50,39285131,661604
50,39644453,666415
50,40058212,671021
50,40434007,675155
50,40826097,678993
50,41179581,682461
50,41536385,686442
50,41930423,689947
50,42303971,693108
50,42664026,696385
50,43055293,699222
50,43432397,702380
50,43825753,704905
50,44200601,707235
50,44557187,709724
50,44949991,711725
50,45324441,713847
50,45730378,715568
50,46096421,717112
50,46459423,718728
50,46833553,719937
50,47226505,721161
50,47619226,722052
50,48013649,722834
50,48398290,723473
50,48786161,723877
50,49158757,724097
50,49536673,724152
50,49930459,724137
50,50284120,724520
50,50645369,724963
50,51036342,724964
50,51435027,725022
50,51838886,725159
50,52229525,725106
50,52640750,725062
50,53036511,724999
50,53436589,724924
50,53827754,724881
50,54227037,724813
50,54641092,724761
50,55036838,724725
50,55418736,724659
50,55818316,724543
50,56185560,724486
50,56578835,724486
50,56954551,724476
50,57353206,724476
50,57764378,724473
50,58118361,724460
50,58535773,724430
50,58929412,724406
50,59286972,724385
50,59662656,724378
50,60056786,724361
50,60446383,724352
50,60827299,724331
50,61228460,724310
50,61672955,724293
50,62076617,724282
50,62464930,724267
50,62837918,724257
50,63279212,724239
50,63671889,724227
50,64058531,724218
50,64456333,724207
50,64833001,724196
50,65229068,724186
50,65644367,724177
50,66035327,724169
50,66417634,724162
50,66807643,724153
50,67181705,724144
50,67539837,724136
50,67911792,724131
50,68303175,724122
50,68662453,724117
50,69033208,724111
50,69397267,724105
50,69789026,724100
50,70159797,724095
50,70644592,724088
50,71187626,724081
50,71673869,724077
50,72101493,724073
50,72571009,724069
50,73037313,724064
50,73462377,724056
50,73923121,724053
50,74442560,724050
50,74969931,724049
50,75476092,724045
50,75965878,724043
50,76486533,724039
50,76931939,724038
50,77338182,724034
50,77748181,724033
50,78288045,724031
50,78824583,724028
50,79384674,724026
50,79882020,724024
50,80307211,724023
50,80713493,724022
50,81105064,724021
50,81475904,724017
50,81869672,724016
50,82242544,724015
50,82641741,724015
50,83035033,724015
50,83419816,724013
50,83832995,724011
50,84224420,724010
50,84641954,724011
50,85037292,724012
50,85434656,724012
50,85824476,724011
50,86182899,724010
50,86575055,724006
50,86927280,724006
50,87307885,724007
50,87704284,724007
50,88083026,724006
50,88474148,724006
50,88889913,724005
50,89286206,724004
50,89661844,724003
50,90056166,724003
50,90435373,724003
50,90828113,724002
50,91197784,724001
50,91555520,723999
50,91907749,723998
50,92262115,723998
50,92639588,723998
50,93032989,723998
50,93414970,723997
50,93803009,723997
50,94156250,723997
50,94541145,723997
50,94932564,723997
50,95347576,723997
50,95747764,723997
50,96139218,723997
50,96538306,723997
50,96928084,723997
50,97282286,723997
50,97642546,723996
50,98031032,723996
50,98417191,723996
50,98805756,723994
50,99177929,723995
50,99539069,723995
50,99931159,723996
50,100302979,723995
50,100660981,723995
50,101033695,723995
50,101395980,723995
50,101784222,723995
50,102135796,723994
50,102514702,723994
50,102919054,723994
50,103284238,723994
50,103637206,723993
50,103990598,723993
50,104373780,723993
50,104763234,723993
50,105137036,723993
50,105493489,723993
51,739358,24001
51,1147922,24397
51,1540677,25074
51,1933848,25651
51,2330884,26507
51,2725272,27558
51,3118927,28590
51,3477002,29783
51,3851733,31359
51,4245878,33112
51,4643075,34810
51,5038460,36906
51,5435942,39219
51,5834526,41718
51,6242958,44100
51,6599999,46687
51,6994228,49839
51,7382514,52705
51,7767745,56104
51,8140054,59245
51,8496314,63100
51,8891118,66674
51,9265162,70309
51,9622036,74007
51,10014324,78541
51,10378526,82819
51,10764930,87127
51,11118546,91429
51,11476777,96746
51,11872681,101690
51,12248196,107190
51,12644211,113010
51,13038666,118521
51,13436774,124572
51,13831695,131023
51,14244601,137835
51,14644563,144466
51,15056000,150749
51,15436690,157891
51,15834710,165317
51,16226831,171999
51,16626414,179735
51,17017606,187807
51,17417163,195916
51,17828521,203328
51,18184696,211817
51,18580536,220617
51,18973528,228409
51,19356764,237559
51,19767975,246924
51,20160448,255214
51,20538520,264972
51,20931103,273565
51,21306493,283723
51,21688838,292639
51,22096416,302544
51,22477071,312353
51,22869341,321168
51,23243616,330072
51,23598885,340087
51,23994116,349124
51,24392967,359379
51,24787948,369570
51,25180928,378674
51,25558039,388862
51,25942120,397849
51,26328327,408162
51,26725772,418342
51,27142407,428628
51,27539941,437557
51,27936145,447769
51,28331999,458036
51,28724430,468208
51,29139622,476952
51,29498377,486365
51,29890113,494612
51,30264719,503001
51,30647828,512134
51,31038148,521227
51,31434644,530106
51,31832988,537766
51,32223346,546235
51,32620012,554680
51,33013485,561669
51,33400982,569743
51,33789419,577489
51,34185166,584186
51,34559389,591448
51,34999784,598763
51,35382906,604876
51,35746989,611620
51,36138293,617511
51,36495094,623092
51,36871924,629425
51,37266475,634729
51,37642185,640511
51,38037809,646365
51,38435888,651093
51,38812682,656308
51,39206095,660959
51,39623409,665833
51,39996528,670427
51,40398254,675157
51,40787440,678996
51,41158992,682456
51,41517804,685926
51,41890570,689458
51,42242355,692679
51,42601078,695978
51,43026088,699226
51,43413293,701999
51,43808209,704909
51,44183789,707243
51,44587909,709724
51,44955877,712003
51,45361066,713850
51,45726364,715802
51,46141343,717332
51,46497194,718919
51,46901662,720102
51,47265352,721167
51,47620643,722170
51,48018832,722838
51,48400873,723476
51,48772010,723882
51,49153978,724102
51,49520100,724154
51,49916146,724141
51,50287352,724598
51,50682475,724976
51,51082976,724952
51,51474003,725045
51,51848500,725159
51,52223426,725106
51,52641955,725064
51,53036876,724989
51,53433237,724927
51,53808798,724892
51,54179694,724833
51,54535704,724782
51,54888339,724743
51,55243744,724689
51,55601801,724557
51,55993238,724502
51,56379463,724500
51,56767510,724491
51,57138577,724485
51,57499357,724488
51,57891646,724486
51,58266733,724453
51,58663926,724424
51,59037826,724394
51,59437519,724385
51,59813632,724370
51,60207728,724366
51,60624261,724342
51,61038135,724319
51,61437177,724302
51,61814051,724290
51,62205758,724278
51,62601169,724270
51,62973642,724255
51,63358629,724238
51,63764803,724221
51,64138237,724214
51,64493578,724204
51,64867712,724197
51,65218996,724187
51,65598138,724179
51,65990606,724168
51,66355616,724164
51,66749490,724153
51,67137326,724149
51,67498192,724138
51,67892582,724133
51,68286147,724124
51,68662380,724120
51,69058251,724112
51,69437730,724108
51,69832625,724102
51,70241372,724098
51,70595882,724091
51,70976015,724089
51,71391795,724081
51,71766833,724079
51,72138913,724074
51,72498001,724071
51,72889201,724068
51,73295338,724064
51,73664630,724061
51,74034629,724059
51,74395654,724056
51,74783736,724053
51,75158835,724048
51,75512892,724048
51,75885831,724044
51,76241901,724044
51,76595390,724039
51,76969355,724037
51,77357517,724037
51,77748122,724035
51,78137515,724032
51,78495356,724031
51,78889881,724029
51,79241362,724029
51,79598317,724025
51,79969691,724024
51,80356550,724023
51,80743484,724022
51,81093372,724021
51,81475912,724021
51,81870319,724018
51,82265709,724017
51,82641687,724017
51,83035345,724017
51,83396386,724015
51,83765776,724014
51,84156913,724012
51,84535054,724012
51,84886249,724011
51,85240600,724010
51,85598966,724010
51,85971415,724010
51,86375435,724010
51,86763341,724009
51,87135648,724008
51,87492104,724008
51,87844904,724008
51,88218026,724007
51,88618648,724007
51,88970665,724007
51,89360449,724006
51,89751008,724004
51,90141539,724004
51,90516952,724004
51,90891345,724004
51,91243454,724004
51,91599846,724004
51,91992018,724002
51,92356994,724002
51,92741404,724001
51,93116247,724000
51,93496803,724000
51,93891438,724000
51,94260977,724001
51,94621202,724000
51,95048767,724000
51,95435183,723999
51,95831612,723999
51,96221336,723999
51,96597441,723999
51,96980329,723999
51,97396716,723999
51,97782877,723998
51,98137110,723998
51,98492133,723998
51,98865047,723997
51,99220117,723997
51,99601584,723997
51,99995058,723996
51,100358792,723996
51,100745765,723996
51,101119476,723996
51,101475539,723997
51,101866232,723997
51,102239711,723996
51,102601397,723995
51,102974163,723995
51,103378798,723995
51,103767138,723995
51,104139728,723995
52,719959,24003
52,1098524,24397
52,1505281,25074
52,1934824,25740
52,2360847,26757
52,2941286,28433
52,3559033,30558
52,4095509,32655
52,4615849,35059
52,5116590,37763
52,5572531,40446
52,6001424,42720
52,6504369,46691
52,7012479,50660
52,7546538,54824
52,8033649,59255
52,8549195,64108
52,9069679,69275
52,9535981,74015
52,9942329,77951
52,10315170,82837
52,10799056,88959
52,11245769,94020
52,11713571,100290
52,12121281,105820
52,12518509,111495
52,13009947,119298
52,13527830,126890
52,14033487,135316
52,14567368,144457
52,15113059,153446
52,15584626,161514
52,15985519,168201
52,16350136,175790
52,16750021,183792
52,17163588,191790
52,17581537,200158
52,17974451,208569
52,18393882,217334
52,18799475,225013
52,19161293,234153
52,19560078,242174
52,19937565,251673
52,20327225,261270
52,20747714,271098
52,21141359,279920
52,21525507,290060
52,21914641,298943
52,22283201,307369
52,22642802,317344
52,23035707,326258
52,23409252,335010
52,23765732,345247
52,24161354,354186
52,24547496,364458
52,24933444,373468
52,25302388,382458
52,25682520,392751
52,26057624,401683
52,26431306,412002
52,26811685,420930
52,27201289,429890
52,27564470,440154
52,27956848,450316
52,28369552,460575
52,28768322,469502
52,29137337,478136
52,29505525,486366
52,29891729,495812
52,30260781,504189
52,30622843,513251
52,31013420,521228
52,31386670,529008
52,31764763,537763
52,32159278,545157
52,32521446,553660
52,32908136,560672
52,33265315,567739
52,33661978,575573
52,34053533,582306
52,34406792,588743
52,34762982,595082
52,35230247,604041
52,35719248,612472
52,36239742,620710
52,36757044,628641
52,37285787,636164
52,37782620,643465
52,38302882,650436
52,38750211,655649
52,39126586,660315
52,39510164,665258
52,39888992,669849
52,40285736,673985
52,40680733,678485
52,41077659,682465
52,41478426,686443
52,41867095,689950
52,42240198,693112
52,42598258,695983
52,42990949,699226
52,43366121,701997
52,43741151,704909
52,44133978,707238
52,44504236,709721
52,44911526,712003
52,45306312,713843
52,45686655,715795
52,46081316,717523
52,46505482,719089
52,46983560,720713
52,47526858,722046
52,48037435,722998
52,48546763,723719
52,49070653,724091
52,49581982,724132
52,50075085,724372
52,50513590,724909
52,50920040,724982
52,51310355,725011
52,51808401,725190
52,52322347,725120
52,52849448,725050
52,53341330,724947
52,53863319,724879
52,54307524,724812
52,54798346,724744
52,55265363,724683
52,55755792,724515
52,56205411,724486
52,56613023,724485
52,56998337,724477
52,57411753,724477
52,57815273,724471
52,58207827,724444
52,58601998,724420
52,58971107,724394
52,59344750,724383
52,59723882,724372
52,60095826,724360
52,60481717,724344
52,60875703,724321
52,61244275,724301
52,61643535,724293
52,62015969,724280
52,62410710,724267
52,62765494,724258
52,63142063,724239
52,63538286,724227
52,63911708,724221
52,64307926,724210
52,64709141,724199
52,65098328,724187
52,65483775,724181
52,65850894,724170
52,66261949,724163
52,66621115,724155
52,67012367,724145
52,67365351,724139
52,67744709,724132
52,68141193,724125
52,68519557,724119
52,68908355,724109
52,69262350,724106
52,69638261,724103
52,69991190,724098
52,70373760,724092
52,70766579,724089
52,71159381,724079
52,71548124,724077
52,71933071,724073
52,72307355,724069
52,72702573,724062
52,73119338,724060
52,73525757,724058
52,73889142,724058
52,74241453,724054
52,74596987,724053
52,74973290,724047
52,75368444,724047
52,75765188,724047
52,76138515,724045
52,76501569,724041
52,76889433,724038
52,77261180,724036
52,77621294,724036
52,77991296,724032
52,78344222,724030
52,78747396,724029
52,79116570,724028
52,79482885,724025
52,79870808,724025
52,80242815,724023
52,80599143,724023
52,80991561,724022
52,81364748,724022
52,81726951,724018
52,82118058,724017
52,82479674,724017
52,82870543,724017
52,83243146,724015
52,83600362,724013
52,83972507,724013
52,84364300,724013
52,84747667,724013
52,85139596,724011
52,85499877,724009
52,85866465,724009
52,86218297,724009
52,86595989,724009
52,86990679,724008
52,87343496,724007
52,87725261,724007
52,88119736,724007
52,88522317,724007
52,88889217,724006
52,89243316,724005
52,89597650,724005
52,89969181,724005
52,90363977,724005
52,90722740,724003
52,91096163,724003
52,91478645,724003
52,91865772,724003
52,92219391,724001
52,92616506,724001
52,92968890,724000
52,93344575,724000
52,93725654,724000
52,94107261,724000
52,94491432,724000
52,94870441,723999
52,95264889,723999
52,95650322,723998
52,96016017,723998
52,96407766,723998
52,96762517,723998
52,97117604,723997
52,97482106,723997
52,97868886,723997
52,98263873,723997
52,98619093,723997
52,99012671,723997
52,99366913,723997
52,99743236,723997
52,100093935,723996
52,100478732,723994
52,100865921,723994
52,101218584,723994
52,101598643,723994
52,101989667,723994
52,102365062,723995
52,102721358,723996
52,103115477,723994
52,103476883,723994
52,103866049,723994
52,104238979,723994
52,104597284,723992
52,104970791,723993
52,105363845,723993
53,761800,24002
53,1119232,24395
53,1520490,24988
53,1912933,25643
53,2284547,26387
53,2644742,27281
53,3014555,28278
53,3377220,29603
53,3769170,30955
53,4141165,32655
53,4537258,34320
53,4933449,36360
53,5306078,38343
53,5682578,40763
53,6079805,43414
53,6480129,46312
53,6890301,49036
53,7265885,52297
53,7663273,55679
53,8058225,58796
53,8448573,62116
53,8827505,66167
53,9180560,69786
53,9538705,73470
53,9912600,77372
53,10306362,82216
53,10683786,87135
53,11078473,91436
53,11460618,96057
53,11847612,102396
53,12268885,107188
53,12643312,113006
53,13047959,118519
53,13420578,124570
53,13808700,131021
53,14204303,137005
53,14579938,143621
53,14979125,150746
53,15400384,157893
53,15787549,164359
53,16160607,171066
53,16516573,177742
53,16888298,184807
53,17243174,191799
53,17639347,200164
53,18013921,207517
53,18380551,216240
53,18790717,225012
53,19182776,234152
53,19602664,243349
53,19994827,251670
53,20404743,261263
53,20788456,271091
53,21181385,279913
53,21537385,290054
53,21931134,298936
53,22307824,308584
53,22727745,318600
53,23116861,327525
53,23496847,337501
53,23891053,347799
53,24283934,356740
53,24664291,366997
53,25057751,376072
53,25440281,386276
53,25854601,396589
53,26242188,405567
53,26619884,415805
53,27017367,426099
53,27418611,434991
53,27788572,445240
53,28183032,454191
53,28580271,464377
53,28975372,474556
53,29399907,484000
53,29788094,493426
53,30183249,501803
53,30583463,511014
53,30956540,518944
53,31327987,527912
53,31731476,535619
53,32098213,544096
53,32494618,552623
53,32888183,559699
53,33264338,566739
53,33620739,574602
53,34015444,581350
53,34399248,588750
53,34786153,595089
53,35160056,601441
53,35516554,608235
53,35909444,614180
53,36285791,619929
53,36652620,625450
53,37015423,631760
53,37421586,637599
53,37843492,643466
53,38226152,649121
53,38641876,654317
53,39056782,659648
53,39455716,664083
53,39828103,668680
53,40206520,672783
53,40587138,676855
53,40958185,680987
53,41347368,684919
53,41766567,688950
53,42182646,692671
53,42580664,695576
53,42975298,698818
53,43381910,701989
53,43766128,704909
53,44180966,707237
53,44539098,709716
53,44929500,711732
53,45283985,713588
53,45665929,715564
53,46057983,717118
53,46439764,718727
53,46830386,719939
53,47222671,721156
53,47604999,722156
53,48015553,722915
53,48434442,723530
53,48809465,723914
53,49179665,724108
53,49557493,724143
53,49952204,724161
53,50305663,724594
53,50661514,724976
53,51035800,724982
53,51402646,725032
53,51785510,725188
53,52160484,725199
53,52515342,725127
53,52909771,725083
53,53283692,724995
53,53642993,724935
53,54038781,724874
53,54420870,724805
53,54811481,724758
53,55183275,724708
53,55578473,724628
53,55955992,724503
53,56352049,724459
53,56722545,724455
53,57078454,724459
53,57479092,724465
53,57889686,724466
53,58245708,724463
53,58619865,724441
53,59016175,724405
53,59421083,724373
53,59787923,724345
53,60180262,724331
53,60557977,724329
53,60961551,724324
53,61327707,724307
53,61722883,724295
53,62138966,724279
53,62512767,724255
53,62911860,724243
53,63304956,724232
53,63683120,724222
53,64077533,724216
53,64440579,724205
53,64809472,724192
53,65203684,724183
53,65605819,724172
53,65994269,724162
53,66400948,724156
53,66767474,724150
53,67159009,724140
53,67515384,724133
53,67913029,724127
53,68285156,724122
53,68642611,724113
53,69043469,724108
53,69422175,724105
53,69787352,724099
53,70179892,724095
53,70537425,724090
53,70932268,724084
53,71307499,724078
53,71701952,724075
53,72078809,724072
53,72473909,724067
53,72894739,724064
53,73284512,724060
53,73664848,724056
53,74060117,724055
53,74444935,724050
53,74834605,724046
53,75213934,724045
53,75600584,724042
53,76016661,724040
53,76419166,724039
53,76784829,724035
53,77140180,724035
53,77494312,724034
53,77888075,724031
53,78264059,724030
53,78619219,724027
53,78991890,724025
53,79401929,724024
53,79767347,724024
53,80162467,724020
53,80560021,724020
53,80934204,724019
53,81326362,724017
53,81708159,724017
53,82103479,724016
53,82515910,724015
53,82889259,724014
53,83243087,724012
53,83641413,724012
53,84015965,724011
53,84418230,724008
53,84829266,724008
53,85236895,724008
53,85642832,724008
53,86035933,724008
53,86418920,724007
53,86815687,724006
53,87181449,724006
53,87537136,724006
53,87930172,724006
53,88306747,724004
53,88710618,724003
53,89096801,724003
53,89473685,724004
53,89888942,724004
53,90240542,724004
53,90618098,724002
53,91012607,724002
53,91398874,724002
53,91787507,724002
53,92178915,724002
53,92559167,724001
53,92953130,724001
53,93329918,724001
53,93722383,724001
53,94097164,724001
53,94456633,724000
53,94852364,723997
53,95262735,723997
53,95623127,723997
53,95994758,723997
53,96399470,723998
53,96811857,723997
53,97204187,723995
53,97578921,723995
53,97974342,723996
53,98400168,723996
53,98785039,723996
53,99162111,723995
53,99559178,723994
53,99930326,723995
53,100285073,723995
53,100643291,723995
53,101036858,723995
53,101419768,723995
53,101807479,723994
53,102181251,723993
53,102539460,723993
53,102932201,723993
53,103306232,723993
53,103661906,723994
53,104055232,723993
53,104433811,723993
55,733869,24016
55,1119429,24399
55,1494256,25084
55,1908017,25743
55,2308788,26643
55,2729964,27707
55,3124154,28755
55,3495020,30174
55,3889434,31782
55,4330803,33600
55,4723076,35566
55,5117694,37476
55,5490934,39523
55,5846829,42052
55,6264328,44818
55,6655385,47843
55,7100619,51062
55,7510808,54397
55,7895867,57879
55,8305322,61612
55,8845313,67190
55,9367552,72387
55,9887170,77944
55,10404337,84060
55,10827559,88951
55,11296983,95368
55,11743389,100975
55,12236688,107865
55,12691338,113779
55,13198913,122309
55,13716903,130152
55,14237629,138644
55,14760457,147091
55,15280823,156104
55,15703424,163387
55,16175822,172917
55,16694867,182766
55,17211383,192786
55,17619759,201202
55,18120073,211806
55,18559276,220605
55,18976889,229542
55,19378077,238696
55,19769696,248101
55,20167228,256388
55,20533804,266185
55,20939313,274812
55,21306909,284951
55,21700417,293910
55,22078674,303725
55,22469154,312313
55,22845479,321104
55,23199335,330021
55,23572481,338755
55,23944459,349022
55,24308355,358007
55,24701617,368250
55,25101199,378624
55,25493947,387553
55,25867865,397847
55,26266387,406871
55,26639390,417073
55,27021750,426098
55,27409534,436280
55,27805304,446514
55,28206059,455492
55,28576316,465654
55,28994313,475776
55,29387752,484004
55,29784186,493437
55,30186451,503014
55,30577044,512136
55,30978590,520092
55,31369361,529015
55,31763032,536703
55,32118617,545160
55,32513419,552628
55,32868537,559703
55,33263098,567756
55,33646331,575574
55,34034271,582315
55,34426377,589652
55,34820881,596011
55,35183794,603188
55,35577653,609082
55,35979313,615877
55,36368743,622300
55,36763935,628652
55,37160900,634002
55,37555725,639789
55,37957782,645676
55,38345088,650439
55,38721861,655633
55,39119587,660314
55,39510339,665252
55,39863838,669253
55,40242283,673403
55,40595624,677423
55,40976342,681486
55,41368657,684943
55,41743145,688978
55,42139871,692248
55,42537043,695589
55,42938841,698833
55,43327067,702003
55,43720921,704581
55,44096688,707245
55,44489325,709417
55,44864939,711470
55,45221459,713600
55,45614469,715329
55,46005583,717129
55,46384762,718543
55,46759522,719781
55,47117347,721026
55,47510205,721940
55,47884595,722662
55,48246121,723329
55,48639099,723781
55,49020493,724075
55,49405744,724156
55,49767196,724120
55,50165766,724449
55,50553994,724958
55,50957182,724991
55,51366381,725021
55,51721156,725203
55,52119937,725222
55,52491723,725155
55,52848967,725112
55,53249420,725023
55,53618219,724957
55,54025038,724892
55,54392295,724820
55,54788876,724763
55,55206754,724715
55,55617858,724618
55,56011733,724504
55,56367367,724455
55,56721133,724450
55,57078853,724456
55,57468000,724460
55,57841099,724460
55,58232549,724458
55,58617588,724437
55,58995810,724404
55,59388115,724374
55,59743029,724352
55,60118775,724331
55,60512657,724330
55,60862386,724327
55,61243538,724311
55,61638492,724294
55,61992454,724282
55,62368972,724257
55,62783995,724244
55,63165879,724234
55,63553074,724224
55,63958100,724216
55,64369330,724206
55,64762493,724195
55,65137819,724185
55,65488083,724175
55,65846615,724164
55,66241910,724157
55,66616014,724153
55,66977266,724144
55,67368338,724140
55,67742007,724129
55,68162475,724123
55,68551783,724117
55,68941581,724109
55,69326874,724105
55,69710519,724100
55,70100883,724094
55,70493752,724091
55,70866890,724086
55,71223289,724077
55,71614487,724074
55,71992208,724073
55,72389023,724068
55,72783566,724064
55,73180961,724061
55,73573815,724057
55,73935233,724055
55,74307329,724050
55,74698960,724046
55,75072588,724046
55,75429399,724044
55,75829462,724040
55,76199251,724039
55,76551268,724038
55,76932543,724035
55,77324597,724034
55,77675099,724031
55,78052294,724030
55,78436148,724028
55,78800381,724026
55,79182865,724024
55,79576068,724024
55,79979834,724022
55,80365930,724021
55,80738381,724018
55,81096598,724017
55,81469304,724017
55,81820797,724017
55,82209553,724015
55,82577260,724014
55,82976069,724013
55,83365951,724012
55,83718526,724011
55,84073404,724010
55,84425236,724009
55,84800197,724009
55,85197479,724009
55,85550336,724009
55,85935648,724007
55,86322988,724007
55,86692185,724006
55,87098768,724005
55,87513074,724005
55,87937264,724005
55,88328755,724005
55,88721635,724003
55,89100207,724002
55,89490178,724005
55,89867651,724004
55,90263038,724004
55,90635928,724004
55,91007973,724003
55,91391245,724003
55,91784658,724002
55,92183231,724001
55,92575753,724001
55,92982906,724001
55,93347676,723999
55,93740090,723998
55,94121459,723998
55,94515862,723998
55,94908067,723998
55,95305850,723999
55,95697835,723998
55,96054112,723997
55,96448461,723997
55,96823728,723997
55,97179651,723997
55,97573625,723997
55,97957559,723996
55,98366670,723996
55,98718389,723996
55,99073196,723995
55,99428390,723994
55,99802553,723996
55,100200564,723995
55,100596830,723994
55,100981270,723994
55,101370015,723994
55,101743703,723995
55,102160927,723995
55,102571330,723995
55,102945168,723993
55,103327277,723993
55,103722133,723993
55,104097807,723993
55,104491173,723992
55,104867919,723991
55,105265946,723990
56,750537,24001
56,1113701,24398
56,1528635,25080
56,1924825,25736
56,2319449,26642
56,2735936,27569
56,3093596,28595
56,3464306,29984
56,3861634,31573
56,4258779,33129
56,4632159,34823
56,4995510,36913
56,5385764,38933
56,5758881,41408
56,6154270,43759
56,6527965,46693
56,6945886,49846
56,7340862,52711
56,7736573,56111
56,8133746,59711
56,8527107,63103
56,8883370,67188
56,9280044,70829
56,9653215,75102
56,10051676,79133
56,10422930,83433
56,10777968,88341
56,11199621,93343
56,11592790,98156
56,11997433,103765
56,12383405,109274
56,12778253,115362
56,13197857,121568
56,13590518,127687
56,13995879,133596
56,14383887,140298
56,14776782,146217
56,15135183,153458
56,15547479,159695
56,15903342,167256
56,16302792,173882
56,16679266,181758
56,17054626,188802
56,17443020,195920
56,17798149,204374
56,18202557,211822
56,18568520,219538
56,18927904,228418
56,19327735,236429
56,19695474,245730
56,20093247,254025
56,20488527,263748
56,20875014,272329
56,21241216,282458
56,21631869,291354
56,21996332,301337
56,22383972,309824
56,22757544,319848
56,23154492,328766
56,23527340,337488
56,23882514,347748
56,24279187,356691
56,24652182,365683
56,25016291,376028
56,25404548,384968
56,25780854,395315
56,26206052,405561
56,26592014,414534
56,26973027,424815
56,27360229,433703
56,27735187,442729
56,28090438,452902
56,28484450,461848
56,28859242,470809
56,29219403,480498
56,29612197,488741
56,29997056,498215
56,30389378,506518
56,30754950,514385
56,31112066,523488
56,31507177,531234
56,31881454,539900
56,32277523,548373
56,32672921,555709
56,33051636,563702
56,33446998,571708
56,33858340,578454
56,34237748,586040
56,34630482,592355
56,34996792,598757
56,35361424,605708
56,35754829,611626
56,36136911,618320
56,36529159,624653
56,36943637,630999
56,37341045,636158
56,37734266,641967
56,38132286,647769
56,38506346,652360
56,38881386,656941
56,39238477,661598
56,39630299,666385
56,40016835,670996
56,40429358,675718
56,40822456,679982
56,41239127,683429
56,41633855,687448
56,42029798,691336
56,42426166,694768
56,42842278,698004
56,43238444,701207
56,43632631,703858
56,44017266,706600
56,44424679,709107
56,44823934,711462
56,45246214,713594
56,45655391,715561
56,46050348,717118
56,46442878,718722
56,46819347,720098
56,47237351,721297
56,47632019,722153
56,48034282,722919
56,48423235,723537
56,48801799,723920
56,49178080,724120
56,49572508,724160
56,49973893,724217
56,50362867,724767
56,50759947,725032
56,51144378,725000
56,51530899,725138
56,51926372,725250
56,52320952,725194
56,52714259,725135
56,53091079,725042
56,53465716,724974
56,53841386,724910
56,54237827,724845
56,54632355,724780
56,55031931,724728
56,55422420,724637
56,55776519,724515
56,56133565,724465
56,56526049,724461
56,56900744,724464
56,57258129,724466
56,57630255,724477
56,57995419,724472
56,58386795,724450
56,58757050,724413
56,59155112,724376
56,59528075,724351
56,59921957,724340
56,60303730,724337
56,60692899,724334
56,61046973,724321
56,61423307,724303
56,61774743,724285
56,62135456,724262
56,62530604,724250
56,62902421,724244
56,63258811,724231
56,63654139,724224
56,64029067,724215
56,64424048,724200
56,64884087,724188
56,65394666,724175
56,65923981,724165
56,66437633,724154
56,66914393,724145
56,67352151,724135
56,67718628,724129
56,68113393,724124
56,68484041,724120
56,68837923,724115
56,69216975,724108
56,69587789,724104
56,69975682,724098
56,70383436,724091
56,70781876,724088
56,71154456,724084
56,71566903,724077
56,71930408,724074
56,72342038,724070
56,72734521,724067
56,73094742,724064
56,73486952,724059
56,73862507,724058
56,74258851,724054
56,74638226,724050
56,75034770,724047
56,75444422,724044
56,75871583,724043
56,76260374,724040
56,76652649,724038
56,77048644,724035
56,77429761,724034
56,77820893,724032
56,78218267,724030
56,78612011,724026
56,78998667,724026
56,79384569,724025
56,79777527,724023
56,80154139,724022
56,80548315,724021
56,80926001,724020
56,81299038,724018
56,81677042,724017
56,82052969,724017
56,82449845,724015
56,82861102,724014
56,83236776,724014
56,83631309,724013
56,84049033,724011
56,84449246,724010
56,84859474,724010
56,85216932,724010
56,85589700,724009
56,85998339,724008
56,86361956,724006
56,86757274,724006
56,87196671,724006
56,87591681,724005
56,87997180,724004
56,88382002,724004
56,88757290,724004
56,89155868,724004
56,89528356,724004
56,89925075,724003
56,90341981,724002
56,90736652,724001
56,91132567,724000
56,91527221,724000
56,91922109,724000
56,92302412,724000
56,92698221,724000
56,93109704,724000
56,93505097,723999
56,93860120,723999
56,94235917,723997
56,94630305,723997
56,95007478,723998
56,95427065,723998
56,95823362,723998
56,96238465,723998
56,96651488,723998
56,97015495,723997
56,97403622,723996
56,97798551,723996
56,98179251,723995
56,98573946,723995
56,98976367,723995
56,99340768,723995
56,99735322,723995
56,100136420,723994
56,100529203,723994
56,100932598,723994
56,101342633,723994
56,101734615,723994
56,102112892,723994
56,102485467,723993
56,102879670,723993
56,103239021,723993
57,800956,24017
57,1237070,24481
57,1642810,25152
57,2027262,25720
57,2405811,26626
57,2801224,27558
57,3169159,28733
57,3578295,30157
57,3956743,31555
57,4331009,33108
57,4669216,34809
57,4980802,36350
57,5293173,38042
57,5604180,39820
57,5920675,41718
57,6234497,43751
57,6523986,45922
57,6834693,48227
57,7149617,50648
57,7456572,53120
57,7791914,56103
57,8126184,59246
57,8501084,62101
57,8820855,65633
57,9177828,69263
57,9524476,72935
57,9880176,76791
57,10240305,80966
57,10596333,84674
57,10928200,88948
57,11285545,93347
57,11636436,98168
57,11989542,103089
57,12351135,107882
57,12702124,113020
57,13073499,118529
57,13433458,123828
57,13782153,129337
57,14144910,135333
57,14492215,141118
57,14849592,147120
57,15205221,153462
57,15573403,159697
57,15931588,166294
57,16287813,172942
57,16663455,179739
57,17015817,186822
57,17393124,194876
57,17773121,202282
57,18159880,210735
57,18544986,218438
57,18925572,227289
57,19321715,235302
57,19719969,244538
57,20116164,254032
57,20510069,263760
57,20922181,272343
57,21283200,282473
57,21676422,291375
57,22049269,300175
57,22404766,309857
57,22821335,318639
57,23183268,328828
57,23570808,337523
57,23945107,346533
57,24306995,356760
57,24720612,366991
57,25114787,377358
57,25511610,386273
57,25903372,396575
57,26285340,405555
57,26656657,415795
57,27072620,426086
57,27469478,436269
57,27909660,446502
57,28302701,456765
57,28696263,465641
57,29053727,474549
57,29425286,482830
57,29780743,492255
57,30186398,501792
57,30576937,509883
57,30947705,517794
57,31345241,526791
57,31720578,535610
57,32114971,543046
57,32488090,551564
57,32903147,558681
57,33260651,566726
57,33654195,573618
57,34028275,580366
57,34384759,587846
57,34798992,594160
57,35167050,601425
57,35551059,607386
57,35923683,613321
57,36283734,619919
57,36678002,625440
57,37050340,631757
57,37449045,636867
57,37834050,642720
57,38220892,647770
57,38614821,652987
57,39009384,658311
57,39408172,663489
57,39822319,668089
57,40219707,672783
57,40618579,676850
57,41028039,680973
57,41409030,684921
57,41804503,688449
57,42220625,692666
57,42611656,695577
57,42989553,698811
57,43404290,701984
57,43802029,704909
57,44204932,707236
57,44571421,709416
57,44923468,711474
57,45300652,713607
57,45686635,715343
57,46050679,716933
57,46450598,718564
57,46822880,719967
57,47219581,721050
57,47596342,722079
57,47993884,722864
57,48405141,723426
57,48777961,723858
57,49144083,724122
57,49528983,724180
57,49904917,724163
57,50302907,724547
57,50674299,724971
57,51028507,725011
57,51386066,725039
57,51780088,725183
57,52165920,725149
57,52550451,725092
57,52923419,725048
57,53281150,724949
57,53674187,724910
57,54027851,724854
57,54404837,724785
57,54799336,724712
57,55162738,724612
57,55529681,724527
57,55944147,724513
57,56300247,724518
57,56733135,724520
57,57123032,724520
57,57512928,724515
57,57904838,724486
57,58281229,724452
57,58656368,724413
57,59050042,724383
57,59427627,724362
57,59819520,724358
57,60184644,724357
57,60550802,724342
57,60945505,724330
57,61322744,724308
57,61717180,724284
57,62114596,724266
57,62496260,724256
57,62903035,724246
57,63260283,724236
57,63652652,724229
57,64026946,724219
57,64383347,724205
57,64776871,724194
57,65161980,724182
57,65547646,724174
57,65924074,724168
57,66282272,724163
57,66693029,724156
57,67047474,724146
57,67403884,724137
57,67757444,724131
57,68144269,724123
57,68531294,724116
57,68926083,724111
57,69321047,724106
57,69705636,724101
57,70073979,724097
57,70488545,724091
57,70881582,724088
57,71261912,724079
57,71654473,724077
57,72050098,724074
57,72425996,724068
57,72819959,724065
57,73185700,724063
57,73551293,724059
57,73943006,724057
57,74321834,724052
57,74715616,724050
57,75068405,724048
57,75449228,724044
57,75842755,724042
57,76217676,724039
57,76617879,724036
57,77027655,724036
57,77385420,724035
57,77785542,724032
57,78167879,724030
57,78530589,724028
57,78924529,724026
57,79279917,724024
57,79654855,724024
57,80045238,724023
57,80408320,724021
57,80776448,724020
57,81141093,724017
57,81531407,724017
57,81924276,724017
57,82303002,724015
57,82676121,724013
57,83066369,724013
57,83426179,724013
57,83820440,724012
57,84209196,724012
57,84570829,724010
57,84923383,724010
57,85278754,724010
57,85631468,724008
57,86002571,724007
57,86403576,724007
57,86770011,724007
57,87139333,724007
57,87526210,724006
57,87882556,724006
57,88259578,724005
57,88652332,724003
57,89006280,724003
57,89384935,724003
57,89776843,724002
57,90127043,724001
57,90505324,724000
57,90904708,724000
57,91323180,724001
57,91716364,724001
57,92069975,724001
57,92447620,724001
57,92837211,723999
57,93234131,723999
57,93632731,723998
57,94040631,723998
57,94416063,723998
57,94801671,723998
57,95219480,723998
57,95622927,723998
57,95987580,723998
57,96386408,723998
57,96778154,723998
57,97168303,723996
57,97548766,723995
57,97924702,723995
57,98364797,723995
57,98756081,723996
57,99163103,723996
57,99550749,723995
57,99922136,723995
57,100277833,723995
57,100631278,723994
57,101005772,723994
57,101408329,723994
57,101820302,723994
57,102218343,723993
57,102597694,723992
57,102990485,723992
57,103385482,723994
57,103758976,723994
57,104162770,723993
57,104533167,723993
57,104924000,723993
59,706699,24001
59,1091316,24401
59,1508297,25084
59,1901367,25626
59,2279136,26485
59,2674198,27425
59,3048185,28577
59,3464129,29764
59,3844592,31343
59,4244980,33096
59,4635737,35048
59,5037316,36897
59,5405449,39196
59,5827284,41706
59,6223306,44448
59,6610805,47053
59,6999301,49821
59,7362201,53107
59,7755549,56090
59,8112395,59232
59,8504883,63081
59,8882065,67160
59,9300237,71316
59,9693993,75085
59,10075139,79728
59,10449104,84037
59,10821721,88327
59,11218631,93339
59,11610787,98864
59,11997739,103746
59,12361372,108549
59,12754717,114574
59,13132096,120803
59,13537979,126077
59,13907127,132724
59,14300051,138654
59,14693630,145302
59,15076607,151651
59,15464208,158780
59,15843296,166263
59,16238951,172945
59,16613792,180723
59,17018396,187793
59,17384693,195923
59,17800149,204353
59,18196955,211818
59,18590687,220610
59,18993925,229558
59,19385961,238714
59,19778318,246928
59,20156090,256408
59,20550495,264979
59,20924266,274834
59,21320974,283726
59,21715012,293938
59,22110985,303755
59,22506068,312393
59,22859671,321244
59,23236293,331369
59,23631597,341427
59,24036583,350450
59,24403317,360677
59,24797415,369585
59,25173037,379950
59,25568630,388856
59,25944051,399129
59,26343965,409429
59,26737177,418329
59,27112659,428614
59,27528546,438849
59,27924890,447759
59,28329586,458025
59,28701336,468201
59,29132121,478128
59,29508238,486356
59,29883847,495799
59,30281242,504181
59,30657442,513238
59,31063441,521205
59,31424709,530100
59,31797338,537753
59,32176424,545137
59,32569899,553641
59,32964016,561663
59,33360698,569724
59,33774452,576510
59,34133293,584173
59,34525982,590544
59,34900418,596918
59,35258054,604017
59,35651761,609928
59,36034604,616698
59,36421500,622271
59,36797025,627861
59,37159119,634010
59,37549633,639030
59,37922340,644201
59,38292268,649801
59,38697173,654966
59,39076459,659673
59,39445471,664108
59,39817531,668106
59,40176986,672814
59,40568768,676887
59,40942661,680982
59,41340843,684952
59,41755257,688487
59,42113164,692235
59,42506063,695194
59,42860502,698033
59,43238457,701223
59,43631469,703870
59,44016016,706634
59,44401947,708831
59,44778334,711212
59,45175490,713126
59,45548229,715123
59,45942882,716734
59,46322923,718394
59,46713596,719649
59,47073063,720768
59,47446244,721864
59,47838116,722605
59,48217341,723298
59,48611687,723827
59,49019170,724097
59,49383397,724203
59,49778013,724172
59,50155226,724496
59,50550926,724921
59,50924264,724943
59,51319720,724990
59,51692716,725098
59,52056544,725012
59,52444157,724994
59,52827636,724990
59,53221648,724875
59,53631059,724869
59,54038013,724830
59,54404175,724745
59,54803770,724738
59,55231335,724620
59,55640615,724533
59,56042605,724529
59,56413864,724503
59,56813780,724505
59,57200290,724504
59,57589231,724497
59,57994185,724492
59,58385387,724458
59,58755792,724440
59,59116984,724399
59,59508299,724367
59,59881652,724350
59,60281584,724340
59,60654740,724338
59,61054317,724321
59,61427158,724314
59,61818071,724295
59,62176802,724277
59,62566950,724258
59,62944439,724245
59,63345839,724236
59,63734789,724221
59,64131419,724221
59,64526816,724206
59,64879299,724196
59,65256909,724185
59,65650916,724176
59,66035665,724164
59,66422819,724159
59,66797864,724155
59,67158289,724142
59,67549912,724140
59,67922196,724130
59,68278571,724125
59,68675028,724117
59,69062209,724112
59,69444542,724107
59,69820330,724104
59,70216067,724097
59,70629446,724091
59,70997883,724089
59,71360093,724080
59,71755935,724080
59,72112438,724075
59,72484902,724073
59,72882429,724067
59,73278359,724066
59,73651313,724062
59,74018008,724057
59,74381799,724056
59,74775541,724052
59,75131812,724049
59,75505831,724045
59,75858994,724045
59,76258297,724040
59,76631280,724039
59,77005678,724037
59,77402528,724036
59,77795340,724032
59,78153400,724029
59,78525956,724029
59,78880070,724029
59,79237929,724027
59,79630545,724024
59,79993681,724024
59,80381287,724022
59,80754634,724020
59,81112668,724020
59,81484405,724018
59,81859417,724017
59,82259304,724017
59,82652022,724015
59,83017493,724015
59,83383555,724013
59,83775575,724013
59,84132447,724012
59,84507824,724012
59,84902461,724011
59,85279212,724009
59,85674981,724009
59,86050884,724009
59,86444537,724008
59,86826169,724007
59,87222085,724007
59,87588438,724008
59,87946456,724006
59,88339995,724006
59,88697059,724004
59,89074683,724004
59,89467831,724004
59,89880341,724004
59,90235778,724001
59,90609329,724000
59,91014730,724001
59,91402710,724001
59,91775522,724001
59,92131184,724001
59,92525170,724000
59,92900785,724000
59,93258460,723999
59,93628808,723999
59,93993995,723999
59,94382426,723999
59,94754080,723998
59,95111022,723998
59,95505021,723997
59,95858723,723997
59,96234884,723997
59,96609652,723997
59,96995930,723996
59,97362122,723996
59,97757394,723995
59,98134793,723994
59,98527862,723994
59,98900427,723994
59,99260298,723994
59,99653465,723994
59,100037807,723994
59,100424030,723994
59,100776243,723995
59,101145165,723994
59,101507503,723994
59,101901013,723993
59,102258828,723993
59,102630009,723993
59,102992782,723992
60,717699,24001
60,1121928,24406
60,1517162,25013
60,1892158,25640
60,2298876,26373
60,2663745,27422
60,3058034,28414
60,3456198,29758
60,3849710,31332
60,4255193,33084
60,4642446,34787
60,5034574,36875
60,5411266,38884
60,5785581,41050
60,6139318,43377
60,6496010,46267
60,6911801,49399
60,7308248,52257
60,7681018,55211
60,8052663,58761
60,8434108,62076
60,8810737,66120
60,9205823,69753
60,9581832,73985
60,9973860,78536
60,10373485,82810
60,10745300,87713
60,11140418,92054
60,11538707,97460
60,11933805,103078
60,12312817,107860
60,12681296,113012
60,13059972,119305
60,13452519,125315
60,13868333,131022
60,14259728,137849
60,14640154,143605
60,14994162,149829
60,15351654,157027
60,15743651,163393
60,16118674,170111
60,16477315,176790
60,16868583,184793
60,17254820,192816
60,17642514,200187
60,18013360,207524
60,18392628,216248
60,18785036,223932
60,19139322,231886
60,19494920,239868
60,19889541,249324
60,20275393,258843
60,20676038,267448
60,21039295,277388
60,21456567,287538
60,21849637,296494
60,22256686,306203
60,22622581,316304
60,23014211,325202
60,23392265,335227
60,23786329,344200
60,24141657,353055
60,24540502,363262
60,24935666,373497
60,25330129,383724
60,25748787,394045
60,26140870,402962
60,26540082,413218
60,26932245,422185
60,27297372,432380
60,27687859,441391
60,28059598,451570
60,28453603,461809
60,28848659,470770
60,29252830,480463
60,29639395,488714
60,29994081,496987
60,30352949,506492
60,30744166,514379
60,31139009,522346
60,31520428,531167
60,31893178,539892
60,32297721,547306
60,32672981,555640
60,33061107,562666
60,33439942,570758
60,33829034,578415
60,34255397,585998
60,34642394,592365
60,35036175,599665
60,35414502,605675
60,35789603,612464
60,36184537,619150
60,36584787,624636
60,36971690,630987
60,37372658,636885
60,37784849,641970
60,38139469,647076
60,38497267,652375
60,38890017,656966
60,39257344,661627
60,39618982,665845
60,39972067,669862
60,40349908,674624
60,40743782,678508
60,41096385,682006
60,41474971,685995
60,41869999,689994
60,42276932,693157
60,42654703,696042
60,43038856,699275
60,43415590,702428
60,43807717,704956
60,44186685,707600
60,44580377,710074
60,44993702,712053
60,45357258,714144
60,45749505,715845
60,46141788,717572
60,46539837,719129
60,46953664,720445
60,47351180,721600
60,47745845,722398
60,48142017,723113
60,48540941,723693
60,48934655,724008
60,49315045,724165
60,49703827,724139
60,50116945,724287
60,50473992,724644
60,50869744,724655
60,51253678,724738
60,51638961,724894
60,51992469,724845
60,52369725,724803
60,52765124,724831
60,53138855,724776
60,53498083,724772
60,53893673,724800
60,54274842,724736
60,54665204,724743
60,55038451,724740
60,55434996,724670
60,55812020,724661
60,56208896,724602
60,56618815,724547
60,56982520,724546
60,57376977,724510
60,57745966,724503
60,58142478,724492
60,58537952,724457
60,58933644,724451
60,59335503,724411
60,59700664,724394
60,60060213,724379
60,60455284,724350
60,60868938,724348
60,61274705,724328
60,61642498,724318
60,62033896,724298
60,62412451,724283
60,62805725,724272
60,63157895,724253
60,63536349,724248
60,63889049,724231
60,64256047,724224
60,64619593,724215
60,64972063,724199
60,65372238,724195
60,65743320,724182
60,66096241,724175
60,66498600,724166
60,66870490,724157
60,67277166,724150
60,67642963,724141
60,68037699,724136
60,68456757,724126
60,68847341,724124
60,69229855,724111
60,69622707,724110
60,70039359,724103
60,70457515,724100
60,70851639,724091
60,71274461,724089
60,71662419,724082
60,72056012,724076
60,72453741,724072
60,72848264,724067
60,73232843,724066
60,73619671,724062
60,73973473,724062
60,74349404,724058
60,74744663,724057
60,75138236,724051
60,75519714,724049
60,75914036,724047
60,76289359,724044
60,76682694,724043
60,77063800,724038
60,77459454,724039
60,77867604,724034
60,78232275,724034
60,78638996,724032
60,78995675,724031
60,79393573,724026
60,79766373,724026
60,80162568,724025
60,80535623,724024
60,80930900,724023
60,81298965,724021
60,81670094,724021
60,82059550,724017
60,82434109,724016
60,82825691,724017
60,83179821,724017
60,83556634,724016
60,83955346,724014
60,84369324,724014
60,84763590,724014
60,85138838,724014
60,85495901,724011
60,85890015,724011
60,86277865,724009
60,86683627,724007
60,87082130,724007
60,87496338,724008
60,87890284,724007
60,88273693,724007
60,88660375,724005
60,89012924,724004
60,89393232,724004
60,89786313,724002
60,90160939,724002
60,90519939,724002
60,90910026,724002
60,91272497,724002
60,91639669,724000
60,91992093,724001
60,92350464,724001
60,92745594,724001
60,93138369,724000
60,93496955,723999
60,93890887,723998
60,94286125,723998
60,94671911,723998
60,95057519,723997
60,95437925,723995
60,95832378,723995
60,96254548,723995
60,96660723,723996
60,97014793,723996
60,97374212,723996
60,97746025,723994
60,98142748,723994
60,98539196,723994
60,98914003,723994
60,99310424,723994
60,99679777,723994
60,100035512,723993
60,100414831,723993
60,100808785,723994
60,101233166,723994
60,101622957,723994
60,101993117,723993
60,102349095,723992
60,102743173,723993
60,103098068,723991
61,730408,24001
61,1144214,24405
61,1530906,25089
61,1926765,25640
61,2299579,26503
61,2698821,27560
61,3128050,28730
61,3528978,30149
61,3939311,31545
61,4305151,33096
61,4680023,35046
61,5048489,36882
61,5434311,39192
61,5842854,41704
61,6243111,44082
61,6636077,47040
61,7019840,49811
61,7380826,53096
61,7780916,56521
61,8202254,60158
61,8591519,63576
61,8977562,67683
61,9359706,71328
61,9739314,75641
61,10140756,80339
61,10530107,84658
61,10922549,89552
61,11328163,94696
61,11715519,99588
61,12100492,105124
61,12488188,110739
61,12881660,116169
61,13281295,122321
61,13675409,128485
61,14062080,135337
61,14494243,141111
61,14862720,147997
61,15262558,155269
61,15652330,161517
61,16021056,168199
61,16400672,175830
61,16802558,183788
61,17195192,191804
61,17611056,200183
61,18020522,207522
61,18378138,215144
61,18870710,227297
61,19413148,239867
61,19970289,251688
61,20491926,264984
61,21056734,278663
61,21619001,291370
61,22140144,304954
61,22594407,314977
61,22998953,325148
61,23514053,338962
61,24059248,353016
61,24642062,367041
61,25114288,377375
61,25543125,388863
61,25955170,399136
61,26468655,411975
61,26911542,422189
61,27441089,436235
61,27971663,450286
61,28522488,463089
61,29018518,475750
61,29467390,485163
61,29844806,493427
61,30359919,506502
61,30934793,520097
61,31434509,530058
61,31920404,540953
61,32377080,549425
61,32772608,557623
61,33202897,565734
61,33601457,573641
61,33993674,580321
61,34371782,587841
61,34762596,594180
61,35145656,601414
61,35549861,608203
61,35944400,615028
61,36343334,620705
61,36742031,627027
61,37141822,633258
61,37528014,639046
61,37916660,644175
61,38296294,649779
61,38695225,654321
61,39069996,659667
61,39465995,664097
61,39833887,668698
61,40233803,672824
61,40603847,676891
61,40957881,680531
61,41359765,684479
61,41732290,688014
61,42096705,691851
61,42501811,694829
61,42858552,698067
61,43255657,700888
61,43630113,703913
61,44028659,706667
61,44428396,708883
61,44803502,710958
61,45177597,713143
61,45548941,714924
61,45921247,716757
61,46331353,718407
61,46738082,719673
61,47142662,720937
61,47528142,721993
61,47916473,722706
61,48294685,723296
61,48645435,723765
61,49005661,724084
61,49414420,724182
61,49774084,724148
61,50136961,724335
61,50526619,724627
61,50919576,724629
61,51296347,724749
61,51687513,724883
61,52065564,724809
61,52437649,724765
61,52799212,724808
61,53190362,724769
61,53547076,724776
61,53914968,724801
61,54276026,724741
61,54669915,724746
61,55019872,724744
61,55388900,724678
61,55755375,724663
61,56150277,724618
61,56524869,724550
61,56874824,724543
61,57231485,724522
61,57583055,724500
61,57957190,724501
61,58355794,724467
61,58708389,724457
61,59081880,724434
61,59479201,724397
61,59832596,724393
61,60210238,724366
61,60586375,724348
61,60961382,724343
61,61337991,724320
61,61730621,724315
61,62098418,724293
61,62461900,724282
61,62832603,724268
61,63230935,724248
61,63585522,724247
61,63960604,724227
61,64357867,724223
61,64710646,724211
61,65082781,724198
61,65481648,724192
61,65831634,724178
61,66214298,724174
61,66615292,724162
61,67020242,724157
61,67380093,724148
61,67770423,724141
61,68132328,724137
61,68522581,724126
61,68894862,724125
61,69272574,724114
61,69624061,724110
61,69976586,724106
61,70334673,724098
61,70706665,724096
61,71115808,724089
61,71507886,724088
61,71878072,724080
61,72233910,724077
61,72629034,724073
61,73023742,724069
61,73381940,724066
61,73772766,724060
61,74134884,724059
61,74543498,724054
61,74899646,724054
61,75255950,724050
61,75629169,724048
61,76025222,724046
61,76420682,724042
61,76799108,724043
61,77175847,724038
61,77563302,724038
61,77920020,724033
61,78300753,724033
61,78694422,724031
61,79082584,724031
61,79491611,724027
61,79877762,724025
61,80272414,724025
61,80624740,724024
61,81000677,724023
61,81356918,724022
61,81708079,724021
61,82083533,724017
61,82465242,724018
61,82837087,724018
61,83234371,724016
61,83627886,724016
61,84004306,724014
61,84380202,724014
61,84771068,724013
61,85134889,724013
61,85520961,724011
61,85899817,724012
61,86298300,724012
61,86675381,724011
61,87053372,724011
61,87462106,724009
61,87853435,724009
61,88213904,724008
61,88606687,724008
61,88978407,724006
61,89338537,724006
61,89730738,724005
61,90113869,724005
61,90533871,724005
61,90918229,724005
61,91294914,724004
61,91645861,724003
61,91998887,724003
61,92356084,724002
61,92708232,724001
61,93083052,724000
61,93486629,723999
61,93875548,723999
61,94255960,723999
61,94651674,723999
61,95023858,723999
61,95379597,723999
61,95774925,723999
61,96150443,723998
61,96546157,723998
61,96916275,723998
61,97294685,723998
61,97647185,723996
61,98004304,723995
61,98401595,723995
61,98796776,723995
61,99176785,723996
61,99568897,723995
61,99957454,723995
61,100357498,723994
61,100711320,723994
61,101081684,723994
61,101458985,723994
61,101833731,723994
61,102209567,723994
61,102583150,723994
61,102958530,723994
63,763178,24001
63,1126951,24404
63,1518562,24998
63,1870616,25532
63,2253814,26360
63,2645490,27271
63,3044431,28396
63,3421384,29568
63,3812321,31325
63,4231039,32845
63,4623062,34787
63,5004674,36597
63,5376730,38888
63,5769670,41053
63,6146640,43725
63,6519368,46269
63,6891697,48996
63,7251976,51845
63,7624300,54793
63,7984631,58307
63,8377990,61586
63,8772089,65613
63,9170469,69756
63,9567694,73973
63,9988091,78527
63,10374575,82809
63,10749387,87109
63,11104616,92050
63,11517858,96745
63,11870490,101678
63,12230429,107162
63,12645955,113001
63,13042233,119296
63,13440985,124548
63,13831375,131012
63,14208157,137010
63,14582821,143598
63,15005026,150744
63,15395864,157012
63,15748860,163375
63,16125587,171063
63,16520684,177752
63,16873919,184774
63,17249634,191793
63,17602980,199117
63,17954620,207504
63,18375958,216234
63,18770681,223919
63,19165602,233005
63,19538001,241003
63,19917494,250495
63,20318959,260038
63,20728136,268644
63,21086093,278654
63,21500171,288779
63,21896124,297714
63,22271521,307414
63,22663294,316265
63,23022520,325173
63,23414434,335199
63,23807123,344172
63,24172347,354309
63,24545124,363248
63,24928605,373486
63,25336268,383720
63,25750945,394038
63,26168622,404253
63,26565970,414489
63,26966213,423488
63,27330554,433652
63,27724289,442672
63,28103993,452852
63,28516883,461806
63,28872724,470770
63,29229614,480461
63,29623813,488712
63,30009222,498191
63,30422457,507644
63,30810559,515525
63,31171230,523472
63,31566685,532270
63,31987325,540947
63,32383616,549432
63,32750149,556637
63,33127128,564709
63,33532869,571741
63,33897139,579388
63,34293030,586933
63,34732760,594191
63,35126294,601430
63,35522006,608205
63,35913418,614198
63,36293704,620729
63,36694302,627032
63,37105033,632529
63,37498690,638347
63,37871012,643467
63,38228492,648471
63,38602561,653045
63,38953439,658347
63,39355479,662908
63,39728866,667584
63,40127658,672250
63,40520519,676347
63,40892550,680040
63,41254418,683503
63,41625254,687529
63,42034724,690958
63,42395909,694017
63,42761093,697270
63,43171498,700504
63,43566305,703569
63,43985495,706347
63,44371580,708581
63,44724210,710683
63,45106272,712889
63,45497237,714685
63,45849296,716324
63,46231457,718009
63,46624896,719328
63,47004432,720623
63,47416588,721620
63,47769913,722409
63,48126698,723122
63,48519284,723623
63,48869786,723947
63,49258327,724137
63,49646745,724127
63,50021877,724195
63,50414525,724540
63,50766281,724628
63,51121995,724631
63,51496573,724818
63,51848888,724861
63,52210043,724745
63,52584659,724787
63,52984932,724817
63,53355159,724781
63,53748840,724811
63,54103667,724786
63,54499139,724757
63,54870069,724771
63,55229470,724720
63,55625517,724686
63,56033612,724658
63,56415854,724579
63,56770772,724552
63,57176126,724525
63,57583734,724504
63,57993273,724495
63,58358467,724474
63,58755980,724468
63,59143007,724435
63,59519244,724413
63,59896329,724387
63,60302292,724364
63,60677540,724349
63,61066848,724334
63,61479878,724327
63,61874754,724308
63,62251221,724298
63,62649038,724281
63,63047119,724263
63,63422209,724250
63,63797421,724238
63,64191945,724228
63,64601340,724216
63,64969898,724212
63,65334481,724195
63,65726030,724189
63,66085528,724179
63,66456472,724170
63,66850711,724163
63,67230491,724153
63,67624678,724148
63,68043711,724138
63,68440903,724131
63,68850838,724123
63,69207319,724119
63,69581026,724108
63,69990062,724105
63,70357519,724101
63,70750201,724096
63,71168618,724089
63,71566799,724086
63,71990205,724079
63,72375039,724074
63,72750415,724072
63,73165635,724067
63,73559561,724067
63,73932844,724061
63,74337315,724060
63,74729247,724054
63,75126736,724053
63,75519037,724047
63,75871719,724046
63,76229957,724045
63,76626447,724040
63,77027756,724040
63,77416683,724038
63,77816796,724036
63,78230538,724033
63,78625868,724032
63,79025271,724029
63,79415382,724029
63,79813123,724025
63,80208857,724024
63,80580979,724023
63,80954975,724022
63,81357545,724018
63,81751907,724018
63,82124539,724018
63,82519280,724016
63,82885400,724018
63,83253721,724015
63,83644544,724015
63,84009273,724014
63,84396079,724013
63,84768751,724012
63,85150156,724010
63,85542692,724009
63,85942331,724007
63,86356024,724007
63,86729309,724007
63,87128101,724007
63,87520860,724007
63,87914011,724006
63,88270630,724005
63,88664509,724005
63,89035222,724004
63,89396188,724004
63,89792159,724003
63,90194507,724003
63,90560639,724002
63,90966501,724002
63,91334867,724002
63,91726147,724002
63,92084048,724002
63,92455419,724002
63,92831356,724000
63,93230202,724000
63,93623007,723999
63,93987805,723999
63,94374185,723998
63,94747269,723998
63,95123152,723998
63,95477068,723998
63,95830234,723998
63,96207006,723997
63,96601733,723996
63,96966102,723996
63,97376369,723996
63,97767905,723996
63,98145743,723995
63,98551013,723995
63,98936705,723995
63,99333309,723995
63,99727343,723995
63,100085091,723994
63,100477784,723994
63,100851827,723994
63,101207985,723993
63,101580982,723992
63,101987497,723992
63,102374926,723992
63,102747823,723993
63,103111717,723993
63,103523885,723993
64,687165,24001
64,1075246,24407
64,1485369,25082
64,1902198,25720
64,2296452,26495
64,2679548,27546
64,3070352,28716
64,3482002,29947
64,3858679,31327
64,4238269,33082
64,4610047,35035
64,5014667,36873
64,5383270,39188
64,5776482,41373
64,6153330,44075
64,6546845,46657
64,6918934,49406
64,7277251,52682
64,7670058,55653
64,8048585,59229
64,8444462,63081
64,8856847,66653
64,9213654,70803
64,9607448,74536
64,9996266,79139
64,10407932,84042
64,10795279,88334
64,11176955,93353
64,11568413,98882
64,11997070,104447
64,12383125,109272
64,12756294,115382
64,13152384,120822
64,13549068,126884
64,13939635,133614
64,14337970,139498
64,14710535,146206
64,15090154,152577
64,15462307,158802
64,15835390,166270
64,16236785,173910
64,16651437,181759
64,17049776,189784
64,17462929,196998
64,17835769,205410
64,18214273,212923
64,18588674,221724
64,18992179,229577
64,19361335,238721
64,19769097,246949
64,20135129,256419
64,20548069,266214
64,20940509,276108
64,21359656,286250
64,21755867,295232
64,22173830,306188
64,22587729,316283
64,22996120,325188
64,23360955,335213
64,23757871,345472
64,24174675,355597
64,24565877,364515
64,24940497,374805
64,25340224,383729
64,25736115,394045
64,26113248,404256
64,26504218,413226
64,26888998,423490
64,27301357,433653
64,27692138,443948
64,28112767,454156
64,28525644,463091
64,28877748,472045
64,29257189,481630
64,29650067,489900
64,30012995,499401
64,30402966,507638
64,30781517,516660
64,31197368,525656
64,31589671,534474
64,31992774,542003
64,32362872,550484
64,32756762,557615
64,33154482,565728
64,33547156,573648
64,33940522,581271
64,34360962,588735
64,34756527,595110
64,35152951,602294
64,35524494,608199
64,35900743,614197
64,36256552,620728
64,36650041,626229
64,37030725,632533
64,37424292,637617
64,37822605,643453
64,38215588,649150
64,38609010,654347
64,39014087,659015
64,39404445,664114
64,39774539,668153
64,40150135,672246
64,40502741,676341
64,40860784,680541
64,41276987,684495
64,41673953,688028
64,42077511,691857
64,42449633,695233
64,42843658,698070
64,43242387,701281
64,43647399,704263
64,44036816,706990
64,44452989,709489
64,44836126,711508
64,45207387,713392
64,45578961,715381
64,45978309,716931
64,46326663,718367
64,46692928,719625
64,47036003,720731
64,47410242,721708
64,47768216,722463
64,48135512,723088
64,48487199,723587
64,48814016,723907
64,49183903,724108
64,49550410,724125
64,49899448,724109
64,50257242,724454
64,50606093,724643
64,50956665,724603
64,51323433,724731
64,51650141,724881
64,51987268,724783
64,52333280,724740
64,52719190,724819
64,53067293,724800
64,53428822,724779
64,53749527,724816
64,54083246,724796
64,54394464,724758
64,54705311,724769
64,55024120,724748
64,55378903,724691
64,55727757,724682
64,56083420,724627
64,56436378,724567
64,56750085,724553
64,57104722,724529
64,57455967,724512
64,57784536,724509
64,58143059,724487
64,58503195,724475
64,58844884,724457
64,59200407,724427
64,59518231,724411
64,59869272,724393
64,60182020,724370
64,60494266,724360
64,60806396,724345
64,61146214,724340
64,61497572,724326
64,61832936,724310
64,62188217,724300
64,62525135,724283
64,62857506,724270
64,63211410,724257
64,63566584,724246
64,63925596,724236
64,64276851,724225
64,64615294,724220
64,64948946,724207
64,65328120,724197
64,65718114,724186
64,66071825,724178
64,66407397,724172
64,66769099,724162
64,67135023,724157
64,67465869,724148
64,67825204,724142
64,68202115,724132
64,68595614,724127
64,68948215,724122
64,69326342,724111
64,69726417,724110
64,70102053,724105
64,70479685,724100
64,70851791,724094
64,71230368,724091
64,71629659,724086
64,71991955,724081
64,72381147,724077
64,72755190,724072
64,73173421,724069
64,73548820,724066
64,73937835,724063
64,74343220,724059
64,74734990,724058
64,75112023,724052
64,75526831,724051
64,75922271,724047
64,76300284,724046
64,76702575,724042
64,77070964,724042
64,77469232,724037
64,77859562,724037
64,78254873,724035
64,78652243,724033
64,79063086,724030
64,79422401,724029
64,79821033,724026
64,80241253,724025
64,80641670,724024
64,81022989,724022
64,81406565,724022
64,81802308,724020
64,82178330,724017
64,82552884,724017
64,82953376,724015
64,83345144,724015
64,83739034,724015
64,84142127,724013
64,84533115,724012
64,84952672,724011
64,85367524,724011
64,85761858,724010
64,86179173,724009
64,86572990,724008
64,87005260,724008
64,87407236,724007
64,87804006,724007
64,88179042,724006
64,88577486,724006
64,88948796,724006
64,89344982,724006
64,89717695,724004
64,90118356,724004
64,90492142,724004
64,90865941,724003
64,91263321,724003
64,91671182,724003
64,92069556,724001
64,92469623,724001
64,92884414,724001
64,93284411,724001
64,93658350,724001
64,94057933,724001
64,94427812,723999
64,94829213,723999
64,95201186,723998
64,95595123,723998
64,96021471,723996
64,96407249,723996
64,96800467,723997
64,97185984,723998
64,97588737,723997
64,97995613,723996
64,98371025,723995
64,98766568,723995
64,99160218,723995
64,99534804,723995
64,99898887,723993
64,100256483,723993
64,100656930,723993
64,101057116,723995
64,101453077,723994
64,101845888,723995
64,102242747,723992
64,102617324,723993
64,103022441,723993
64,103426790,723993
65,743129,24001
65,1121225,24403
65,1534956,25083
65,1953518,25722
65,2346069,26495
65,2702730,27412
65,3097474,28560
65,3470487,29756
65,3827436,31125
65,4223943,32852
65,4622507,34787
65,5014247,36597
65,5366345,38600
65,5745084,41054
65,6139547,43378
65,6491616,45898
65,6854201,49002
65,7244631,51847
65,7622341,55220
65,8037476,58767
65,8431996,62084
65,8806774,66138
65,9202563,69769
65,9588356,73987
65,9972363,77933
65,10350904,82810
65,10744763,87723
65,11158627,92058
65,11518852,96751
65,11909834,103078
65,12326093,107869
65,12705158,113805
65,13118873,120065
65,13518347,126093
65,13917903,132745
65,14327564,139495
65,14746228,146201
65,15160794,153474
65,15554335,160592
65,15973092,168202
65,16367141,174866
65,16746208,182772
65,17138298,189784
65,17512637,196994
65,17871881,205402
65,18274474,214031
65,18669458,221717
65,19035337,230726
65,19452269,239868
65,19872990,249319
65,20264462,257613
65,20625538,266217
65,21016045,276115
65,21394834,284988
65,21792040,295234
65,22181876,304976
65,22590346,315034
65,22972921,323930
65,23348455,333971
65,23765481,344206
65,24158416,353064
65,24518735,361983
65,24890436,372202
65,25262399,381184
65,25640513,391472
65,26041148,400403
65,26428770,410701
65,26805964,419604
65,27180537,429842
65,27585489,438824
65,27971525,449001
65,28346332,458014
65,28723721,468195
65,29118724,476936
65,29492131,485159
65,29851444,494612
65,30267153,504175
65,30665784,513241
65,31078014,522347
65,31474736,530047
65,31849648,538829
65,32243445,546245
65,32640364,554616
65,33012769,561637
65,33370005,568785
65,33767888,576505
65,34161218,584130
65,34566930,591476
65,34953651,597859
65,35347215,604835
65,35724158,610763
65,36096904,616730
65,36451075,622285
65,36806458,628619
65,37200770,634030
65,37596897,639795
65,37975736,644933
65,38348965,650467
65,38768057,655662
65,39142552,660340
65,39516479,664703
65,39888702,669291
65,40262614,673443
65,40643404,677449
65,41020419,681526
65,41408703,684996
65,41767431,688528
65,42142511,692299
65,42537873,695237
65,42931104,698488
65,43308030,701675
65,43703094,704264
65,44078062,706988
65,44471400,709188
65,44849212,711509
65,45241209,713387
65,45631771,715370
65,46016984,716909
65,46387337,718347
65,46745943,719769
65,47160021,720858
65,47516252,721932
65,47895329,722636
65,48270282,723235
65,48661664,723734
65,49056359,724030
65,49451647,724140
65,49847201,724073
65,50223762,724399
65,50632822,724640
65,50993678,724599
65,51390635,724763
65,51764242,724876
65,52165101,724735
65,52585863,724786
65,52971724,724820
65,53347706,724778
65,53703057,724810
65,54098478,724793
65,54474363,724757
65,54870307,724770
65,55241260,724716
65,55606329,724683
65,56014133,724659
65,56367724,724578
65,56722908,724552
65,57117587,724534
65,57471803,724508
65,57847700,724506
65,58263697,724481
65,58622749,724471
65,59014644,724444
65,59391081,724412
65,59790187,724397
65,60200386,724367
65,60554370,724360
65,60971445,724342
65,61324268,724335
65,61685622,724321
65,62067596,724301
65,62453255,724289
65,62851223,724268
65,63223616,724256
65,63620360,724244
65,63992164,724236
65,64347926,724221
65,64746228,724215
65,65119622,724201
65,65514992,724190
65,65895968,724185
65,66263460,724172
65,66661165,724165
65,67054427,724157
65,67439236,724152
65,67830711,724141
65,68200831,724138
65,68553032,724126
65,68953481,724124
65,69346913,724113
65,69723738,724109
65,70119784,724106
65,70491957,724100
65,70848160,724097
65,71221555,724090
65,71585182,724089
65,71974530,724080
65,72349595,724078
65,72745276,724074
65,73141445,724072
65,73518682,724067
65,73887545,724064
65,74243910,724061
65,74639033,724057
65,74994586,724057
65,75368527,724050
65,75765962,724048
65,76164120,724046
65,76567543,724043
65,76950129,724041
65,77305799,724040
65,77702029,724035
65,78074997,724035
65,78428376,724034
65,78805915,724031
65,79200291,724031
65,79553091,724027
65,79954061,724026
65,80347420,724024
65,80723799,724025
65,81096841,724022
65,81449246,724022
65,81805720,724017
65,82199432,724018
65,82586320,724017
65,82973116,724017
65,83346146,724015
65,83704050,724013
65,84097559,724012
65,84471262,724012
65,84828217,724012
65,85219398,724011
65,85607117,724010
65,86013577,724009
65,86375852,724008
65,86769195,724008
65,87138538,724008
65,87539371,724008
65,87910613,724006
65,88305500,724006
65,88681092,724006
65,89075741,724006
65,89427452,724005
65,89804372,724003
65,90201428,724003
65,90585871,724003
65,90976886,724003
65,91397833,724003
65,91791465,724002
65,92202961,724001
65,92607782,724000
65,92975069,724000
65,93373041,724000
65,93892125,723997
65,94383599,723997
65,94796830,723998
65,95199154,723998
65,95604719,723998
65,96007632,723996
65,96400973,723996
65,96781996,723995
65,97189195,723995
65,97597893,723995
65,97983259,723995
65,98354267,723995
65,98773016,723995
65,99204705,723995
65,99681624,723994
65,100199688,723994
65,100723806,723994
65,101220957,723993
65,101736162,723993
65,102258986,723993
66,714624,24017
66,1118491,24491
66,1533563,25155
66,1930242,25715
66,2331549,26616
66,2723756,27674
66,3114959,28706
66,3468537,29934
66,3848965,31521
66,4242462,33306
66,4662787,35270
66,5055438,37428
66,5454213,39477
66,5846791,42011
66,6241014,44416
66,6592649,47415
66,6992707,50206
66,7364314,53089
66,7720847,56515
66,8136458,59681
66,8509488,63568
66,8887366,67161
66,9259815,70792
66,9627635,75075
66,10058031,79727
66,10435045,84648
66,10832445,88933
66,11200901,94013
66,11606424,98869
66,11971477,104433
66,12386526,109997
66,12804695,116162
66,13200173,122312
66,13637670,128490
66,14012549,135334
66,14407844,141103
66,14805246,148000
66,15200113,155266
66,15624948,162445
66,16014963,169162
66,16409730,176777
66,16805860,184784
66,17196677,191807
66,17556035,200164
66,17953491,208564
66,18365076,216246
66,18720204,223916
66,19113160,233012
66,19488480,241016
66,19844823,249312
66,20219836,258828
66,20626595,268656
66,21036777,278662
66,21450013,288792
66,21845414,297729
66,22218340,307464
66,22627837,317579
66,23010758,326430
66,23363466,335114
66,23741604,343860
66,24135217,353213
66,24509347,361208
66,24868002,369412
66,25239215,378329
66,25592415,389243
66,26017839,400225
66,26408203,410793
66,26827692,421472
66,27220319,430708
66,27626198,441096
66,28016989,451474
66,28407507,461630
66,28827142,471956
66,29218385,480470
66,29592297,489829
66,29970983,498151
66,30342920,506492
66,30722596,515496
66,31116539,524495
66,31529787,532192
66,31892371,540879
66,32304630,549447
66,32705661,557727
66,33115452,564771
66,33467248,571865
66,33844217,579673
66,34239903,586241
66,34613949,593456
66,35012162,600906
66,35406317,606908
66,35782850,613594
66,36177871,619428
66,36551061,625030
66,36908596,631319
66,37312137,636378
66,37685311,642231
66,38056941,647404
66,38448864,652601
66,38849171,657179
66,39241769,662521
66,39648764,667198
66,40032774,671822
66,40426645,675948
66,40803962,680182
66,41219474,684128
66,41625177,688152
66,42012351,691523
66,42384257,694531
66,42745185,697763
66,43137856,700574
66,43511023,703275
66,43868106,706090
66,44260865,708306
66,44625477,710437
66,45012179,712685
66,45406962,714479
66,45763868,716380
66,46177875,717872
66,46530968,719216
66,46908020,720526
66,47301372,721555
66,47665779,722471
66,48054411,723097
66,48432134,723697
66,48833029,724047
66,49200031,724218
66,49624895,724205
66,50013115,724381
66,50407854,724883
66,50805443,725078
66,51202755,725052
66,51591954,725219
66,51990045,725295
66,52364048,725237
66,52719624,725215
66,53114167,725188
66,53487363,725098
66,53846953,725026
66,54218822,724922
66,54625441,724829
66,55013021,724776
66,55384294,724719
66,55743952,724630
66,56117323,724499
66,56511469,724432
66,56909125,724425
66,57302559,724443
66,57679853,724449
66,58057691,724451
66,58452640,724452
66,58868082,724441
66,59273733,724421
66,59646770,724413
66,60035572,724387
66,60408142,724339
66,60804717,724303
66,61181992,724277
66,61576965,724267
66,61947739,724271
66,62305754,724275
66,62704506,724272
66,63072517,724265
66,63431512,724250
66,63824407,724223
66,64239742,724202
66,64626731,724187
66,65011934,724182
66,65406587,724177
66,65786596,724177
66,66179838,724174
66,66552416,724167
66,66955704,724155
66,67323586,724144
66,67680070,724132
66,68078176,724127
66,68488173,724123
66,68844697,724119
66,69219989,724112
66,69623311,724108
66,70014198,724102
66,70385951,724096
66,70741877,724089
66,71115110,724087
66,71467063,724082
66,71848266,724076
66,72218895,724072
66,72592280,724067
66,72991764,724066
66,73341380,724064
66,73719324,724060
66,74134955,724059
66,74488279,724056
66,74843948,724051
66,75218859,724047
66,75624467,724045
66,76014938,724042
66,76405579,724040
66,76806148,724031
66,77204941,724003
66,77625927,723913
66,78014297,723732
66,78388044,723519
66,78783252,723389
66,79179748,723335
66,79555102,723364
66,79952611,723454
66,80364658,723549
66,80721298,723633
66,81093739,723697
66,81467921,723775
66,81846964,723882
66,82218628,723976
66,82592935,724067
66,82970932,724129
66,83345046,724176
66,83751781,724201
66,84119531,724217
66,84509468,724222
66,84885313,724221
66,85238407,724214
66,85623698,724203
66,86010565,724177
66,86364693,724139
66,86732756,724114
66,87116110,724112
66,87512738,724125
66,87908483,724133
66,88300706,724137
66,88663638,724137
66,89030659,724125
66,89386168,724104
66,89742819,724088
66,90134239,724070
66,90518805,724050
66,90910843,724015
66,91282308,723963
66,91644586,723893
66,92053989,723845
66,92453011,723817
66,92866185,723814
66,93261333,723814
66,93643161,723836
66,94030537,723866
66,94405141,723902
66,94761284,723930
66,95156484,723945
66,95507881,723953
66,95887065,723966
66,96301445,723968
66,96661039,723963
66,97051623,723955
66,97404774,723945
66,97785276,723934
66,98178814,723928
66,98551287,723921
66,98908547,723921
66,99323956,723933
66,99678958,723959
66,100070853,723980
66,100445917,723998
66,100808099,724004
66,101204075,724007
66,101623358,723987
66,102011349,723961
66,102385890,723947
66,102739515,723938
66,103112877,723935
66,103468761,723938
66,103844325,723950
66,104218369,723971
66,104591686,724000
66,104988633,724030
66,105363185,724064
66,105780353,724100
66,106199067,724124
66,106617412,724136
66,107018486,724142
66,107409626,724144
66,107828931,724139
66,108261192,724135
66,108660346,724129
66,109042994,724126
66,109408141,724121
66,109810062,724115
66,110187680,724111
66,110578267,724104
66,110993349,724101
66,111417576,724096
66,111832280,724091
66,112224161,724088
66,112646341,724085
66,113034273,724078
66,113407582,724076
66,113808683,724072
66,114205477,724070
66,114593399,724066
66,114969088,724064
66,115344194,724061
66,115723061,724057
66,116116209,724054
66,116512116,724051
66,116869228,724047
66,117239761,724045
66,117593515,724044
66,118012816,724042
66,118408660,724040
66,118786178,724039
66,119220351,724036
66,119641158,724034
66,120021567,724032
66,120412037,724029
66,120809466,724027
66,121184579,724025
66,121572914,724025
66,121974883,724021
66,122365339,724021
66,122768491,724019
66,123160451,724019
66,123531542,724017
66,123911911,724017
66,124302551,724015
66,124673259,724015
66,125037794,724014
66,125427205,724013
66,125789512,724012
66,126157672,724011
66,126552316,724009
66,126910232,724009
66,127280899,724008
66,127645352,724007
66,128032979,724007
66,128406491,724006
66,128762546,724006
66,129159769,724006
66,129533376,724004
66,129931656,724004
66,130307811,724003
66,130711378,724003
66,131079394,724002
66,131473023,724001
66,131871428,724000
66,132244996,724000
66,132668328,724000
66,133059298,724001
66,133453796,724001
66,133855423,723999
66,134244828,723999
66,134653351,723999
66,135014868,723999
66,135409547,723999
66,135807612,723998
66,136190533,723997
66,136555275,723997
66,136958170,723997
66,137325075,723997
66,137721994,723997
66,138137616,723997
66,138533719,723996
66,138931940,723995
66,139309548,723995
66,139724595,723995
66,140116909,723995
66,140513767,723995
66,140910674,723995
66,141304563,723994
66,141749179,723995
66,142121385,723995
66,142515431,723995
66,142912321,723994
66,143285305,723994
66,143663693,723994
66,144054106,723996
66,144434099,723996
66,144835843,723994
66,145203867,723993
66,145631171,723993
66,146015561,723993
66,146409292,723993
66,146790403,723994
66,147180110,723994
66,147559290,723994
66,147955857,723993
66,148367775,723993
66,148765163,723993
66,149137024,723994
66,149532693,723993
66,149911283,723993
67,723363,23996
67,1086712,24291
67,1478771,24870
67,1874242,25343
67,2246442,26137
67,2646360,27008
67,3038709,28120
67,3434651,29468
67,3829733,31037
67,4229879,32547
67,4623834,34506
67,5018116,36612
67,5432325,38640
67,5790313,41131
67,6184487,43503
67,6564806,46440
67,6954872,49611
67,7350049,52499
67,7771800,55919
67,8143980,59534
67,8548908,62928
67,8932771,67027
67,9332385,71200
67,9738518,75529
67,10141600,80216
67,10549875,84537
67,10935398,89441
67,11329476,94573
67,11731100,100159
67,12142472,105704
67,12548435,111387
67,12955903,117621
67,13333730,122976
67,13733320,129245
67,14149353,136086
67,14547840,142685
67,14938232,148852
67,15305873,155197
67,15665108,162375
67,16081095,170060
67,16474269,177685
67,16894308,185728
67,17286478,192739
67,17664827,201156
67,18058219,208511
67,18431411,216178
67,18790465,224963
67,19204837,234115
67,19603586,243316
67,20015872,251645
67,20369710,260021
67,20745527,269840
67,21139883,278626
67,21510619,287498
67,21874442,297715
67,22264948,306295
67,22623461,316474
67,23017685,325304
67,23392301,335359
67,23808923,344312
67,24162466,354345
67,24562169,363337
67,24933544,373520
67,25347800,382453
67,25702830,391473
67,26059314,401625
67,26476382,411920
67,26872181,420833
67,27266234,431062
67,27642924,441355
67,28036176,450246
67,28388639,459259
67,28766513,469436
67,29160864,478089
67,29546059,487602
67,29953803,495930
67,30306594,504265
67,30688688,513309
67,31077837,521312
67,31431561,529018
67,31788182,537788
67,32182175,545218
67,32556980,553677
67,32959418,560727
67,33333865,568834
67,33731770,576500
67,34151184,584189
67,34564827,591471
67,34953830,597812
67,35330236,604802
67,35724582,611598
67,36140365,617519
67,36495297,623026
67,36873161,629415
67,37246773,634746
67,37621496,639750
67,37994331,645674
67,38391570,651081
67,38788379,655631
67,39161498,660373
67,39526990,665262
67,39913762,669312
67,40285129,673599
67,40642071,677590
67,41014862,681148
67,41369366,684736
67,41766822,688865
67,42140323,692157
67,42493971,695524
67,42893052,698396
67,43265963,701236
67,43621852,704243
67,44036813,706645
67,44390940,708872
67,44745515,711240
67,45139728,713156
67,45533732,715209
67,45917464,716816
67,46289061,718481
67,46687063,719746
67,47080558,721031
67,47476273,722114
67,47870621,722934
67,48286407,723526
67,48644510,724038
67,49036436,724286
67,49411260,724381
67,49768605,724362
67,50160963,724582
67,50545822,724906
67,50932926,724921
67,51286266,725052
67,51684667,725118
67,52078325,725079
67,52430952,725107
67,52788745,725074
67,53181303,725041
67,53544650,725009
67,53932335,724959
67,54305151,724922
67,54686817,724868
67,55081615,724820
67,55458129,724775
67,55851459,724736
67,56266589,724696
67,56663979,724660
67,57047402,724621
67,57433493,724591
67,57810698,724557
67,58206184,724525
67,58616632,724495
67,59039868,724472
67,59432692,724451
67,59788979,724429
67,60163663,724407
67,60559766,724394
67,60931250,724375
67,61285994,724360
67,61661936,724343
67,62035443,724330
67,62410281,724319
67,62765137,724307
67,63140356,724292
67,63492066,724281
67,63890052,724269
67,64244021,724258
67,64619955,724244
67,65014233,724230
67,65368610,724219
67,65745148,724207
67,66138722,724194
67,66492509,724182
67,66890889,724171
67,67264880,724161
67,67621075,724152
67,68054173,724142
67,68448382,724133
67,68816523,724126
67,69208951,724117
67,69638697,724104
67,70037316,724099
67,70429297,724096
67,70785175,724089
67,71179946,724087
67,71572430,724084
67,71940661,724079
67,72331067,724079
67,72731272,724075
67,73124018,724073
67,73530892,724071
67,73896181,724065
67,74289800,724061
67,74687024,724057
67,75059890,724050
67,75454793,724045
67,75830268,724040
67,76225615,724032
67,76644400,724027
67,77037922,724023
67,77435164,724016
67,77812445,724011
67,78185742,724005
67,78582529,724000
67,78964735,723993
67,79357489,723986
67,79774442,723975
67,80165902,723968
67,80552805,723961
67,80936424,723954
67,81347273,723945
67,81721842,723940
67,82123154,723935
67,82550370,723931
67,82935447,723928
67,83340954,723925
67,83715972,723912
67,84082280,723907
67,84460262,723900
67,84832840,723890
67,85248566,723881
67,85646468,723869
67,86038118,723848
67,86433870,723832
67,86832456,723816
67,87230241,723807
67,87622746,723803
67,88017444,723810
67,88412807,723824
67,88792916,723841
67,89184045,723863
67,89597643,723879
67,89956366,723893
67,90349263,723904
67,90772660,723910
67,91144102,723916
67,91549026,723921
67,91914987,723923
67,92309058,723927
67,92711882,723929
67,93086585,723931
67,93480205,723932
67,93853011,723933
67,94247630,723933
67,94646358,723935
67,95040160,723935
67,95433456,723935
67,95833432,723939
67,96206069,723941
67,96608178,723943
67,96977168,723947
67,97372516,723949
67,97750197,723951
67,98143194,723955
67,98547159,723957
67,98936201,723960
67,99330632,723961
67,99733905,723962
67,100146341,723964
67,100553672,723965
67,100916759,723966
67,101309895,723967
67,101711393,723968
67,102088953,723970
67,102455520,723971
67,102858564,723971
67,103226180,723971
67,103629234,723972
67,104040196,723974
67,104435699,723975
67,104831419,723975
67,105225398,723977
67,105625726,723978
67,106039561,723978
67,106445812,723978
67,106814410,723978
67,107205122,723979
67,107607827,723980
67,107975513,723980
67,108381604,723981
67,108750129,723981
67,109142438,723982
67,109554440,723982
67,109918979,723982
67,110288765,723982
67,110693707,723983
67,111066183,723986
67,111459930,723985
67,111834139,723984
67,112227113,723986
67,112648628,723986
67,113040749,723986
67,113434524,723984
67,113831988,723986
67,114230704,723988
67,114643525,723987
67,115039782,723987
67,115455359,723988
67,115872692,723988
67,116268014,723987
67,116665126,723988
67,117039162,723988
67,117433215,723990
67,117813901,723991
67,118230493,723990
67,118624922,723990
67,118998409,723989
67,119393572,723989
67,119789930,723990
67,120164065,723991
67,120583544,723991
67,120975688,723991
67,121392183,723992
67,121798321,723992
67,122168896,723990
67,122567456,723991
67,122941316,723992
67,123335854,723992
67,123716320,723992
67,124101483,723994
67,124532488,723994
67,124920321,723993
67,125288786,723993
67,125691667,723993
67,126084612,723993
67,126454976,723993
67,126831512,723994
67,127230017,723995
67,127646412,723995
68,736854,24001
68,1140580,24349
68,1558754,24891
68,1952466,25461
68,2347958,26336
68,2761913,27234
68,3156479,28404
68,3581696,29824
68,3965100,31446
68,4376870,33260
68,4740545,35019
68,5111973,36901
68,5512228,39242
68,5905762,41783
68,6301956,44557
68,6719614,47584
68,7112861,50819
68,7511865,53745
68,7884030,57215
68,8301304,60919
68,8697497,64410
68,9096511,68551
68,9496891,72763
68,9887085,77206
68,10280480,81418
68,10663355,86374
68,11055253,90674
68,11441624,95922
68,11828254,101569
68,12267384,107080
68,12661536,112896
68,13052038,119187
68,13450136,124476
68,13827938,130934
68,14221453,136903
68,14641114,144374
68,15033594,150684
68,15433785,157814
68,15827338,165236
68,16237356,172890
68,16637214,180683
68,17031867,187751
68,17433518,195878
68,17824390,204331
68,18221645,212879
68,18635058,221676
68,19031312,229541
68,19437635,238691
68,19823875,248100
68,20216099,257588
68,20641861,267416
68,21056770,277342
68,21451821,287498
68,21851091,296456
68,22221666,306246
68,22618043,315157
68,23013725,325235
68,23415820,335268
68,23803458,344214
68,24197686,354265
68,24577032,364546
68,24973445,373492
68,25342700,383719
68,25763329,394041
68,26155372,402913
68,26557333,413187
68,26948186,423450
68,27347548,433629
68,27759237,443946
68,28154168,454149
68,28553033,463092
68,28926529,473288
68,29341521,482861
68,29740906,491211
68,30113137,500733
68,30531773,509960
68,30924729,519067
68,31346275,527949
68,31745407,536724
68,32156172,545231
68,32558922,552647
68,32929801,560700
68,33326368,567807
68,33704326,575515
68,34092505,583234
68,34516202,590594
68,34931470,597848
68,35321805,604887
68,35724728,610844
68,36091790,617594
68,36515676,623887
68,36907638,629479
68,37286851,635509
68,37686247,640535
68,38052965,646432
68,38449579,651743
68,38843833,656362
68,39237840,661752
68,39636998,666497
68,40031693,670635
68,40433627,675496
68,40822902,679745
68,41218031,683775
68,41618760,687439
68,42008974,691252
68,42403209,694676
68,42786068,697634
68,43181346,700862
68,43577406,703811
68,43993040,706645
68,44403743,709189
68,44803468,711486
68,45197853,713410
68,45579006,715430
68,45967045,717213
68,46395434,718649
68,46780530,720065
68,47154496,721306
68,47574609,722321
68,47968374,723099
68,48372348,723667
68,48738988,724131
68,49132888,724337
68,49535107,724397
68,49926939,724408
68,50321912,724813
68,50722906,724945
68,51111744,724998
68,51510459,725135
68,51904435,725099
68,52278867,725105
68,52677260,725091
68,53049923,725039
68,53468047,724995
68,53867422,724951
68,54272916,724910
68,54651871,724860
68,55056293,724810
68,55452742,724769
68,55849434,724736
68,56216196,724697
68,56620034,724662
68,57012362,724624
68,57415806,724588
68,57805900,724553
68,58217443,724521
68,58619064,724502
68,59010155,724478
68,59395637,724455
68,59762427,724432
68,60153578,724413
68,60553473,724399
68,60927298,724382
68,61321018,724372
68,61702111,724357
68,62076355,724341
68,62462422,724322
68,62863619,724312
68,63236833,724295
68,63634243,724286
68,64029847,724273
68,64421677,724262
68,64787008,724249
68,65180201,724235
68,65578432,724225
68,65955255,724216
68,66325046,724204
68,66706467,724190
68,67076961,724179
68,67472302,724166
68,67887031,724158
68,68262803,724145
68,68660753,724132
68,69054370,724123
68,69434725,724113
68,69827089,724106
68,70204075,724096
68,70602935,724089
68,70968046,724077
68,71375034,724071
68,71739276,724067
68,72133229,724062
68,72534468,724056
68,72925886,724051
68,73322898,724044
68,73721896,724041
68,74133400,724036
68,74552223,724032
68,74945607,724029
68,75318468,724026
68,75684884,724022
68,76076676,724014
68,76456356,724009
68,76845749,724003
68,77240017,723995
68,77618011,723983
68,78009632,723976
68,78394752,723968
68,78760623,723959
68,79172850,723951
68,79559343,723942
68,79928614,723937
68,80320436,723930
68,80725496,723922
68,81090287,723912
68,81512890,723906
68,81927213,723900
68,82320946,723895
68,82700635,723888
68,83095642,723879
68,83530840,723871
68,83925446,723863
68,84319739,723853
68,84677031,723844
68,85051251,723834
68,85448651,723825
68,85840237,723820
68,86235506,723819
68,86620666,723819
68,87014290,723828
68,87418437,723840
68,87803166,723849
68,88175845,723863
68,88578693,723875
68,88990366,723884
68,89396991,723892
68,89761754,723898
68,90154429,723904
68,90554911,723909
68,90926210,723914
68,91321193,723918
68,91722085,723919
68,92111909,723924
68,92510822,723924
68,92882490,723925
68,93279338,723929
68,93655161,723929
68,94049668,723932
68,94449535,723933
68,94823997,723937
68,95215439,723938
68,95637980,723940
68,96029031,723945
68,96434190,723947
68,96821814,723948
68,97219244,723952
68,97643654,723955
68,98011099,723956
68,98416716,723958
68,98807337,723959
68,99199182,723962
68,99596937,723962
68,99990804,723962
68,100361374,723965
68,100762363,723965
68,101153740,723967
68,101559002,723967
68,101928808,723968
68,102320633,723968
68,102703645,723969
68,103070299,723971
68,103470071,723972
68,103895586,723973
68,104290922,723974
68,104657681,723974
68,105051004,723975
68,105432795,723976
68,105822143,723976
68,106199196,723977
68,106592777,723977
68,107008461,723979
68,107432319,723979
68,107820033,723979
68,108176006,723979
68,108559094,723980
68,108950057,723980
68,109319663,723981
68,109722566,723981
68,110138820,723981
68,110555494,723982
68,110950047,723983
68,111340548,723984
68,111739239,723985
68,112112181,723985
68,112494699,723985
68,112884049,723984
68,113259406,723985
68,113659798,723985
68,114030136,723986
68,114434544,723985
68,114805455,723985
68,115196209,723986
68,115600566,723986
68,115967831,723986
68,116361780,723988
68,116738397,723988
68,117132527,723988
68,117531016,723988
68,117924706,723988
68,118322233,723988
68,118717545,723988
68,119111380,723988
68,119496822,723988
68,119861991,723989
68,120257459,723989
68,120641854,723989
68,121034047,723989
68,121430824,723990
68,121823331,723990
68,122216128,723989
68,122617726,723990
68,122988298,723990
68,123394225,723991
68,123759901,723991
68,124153682,723992
68,124554069,723992
68,124927899,723992
69,735923,23996
69,1119412,24285
69,1519041,24837
69,1909587,25388
69,2304605,26103
69,2705914,27109
69,3074663,28253
69,3471781,29447
69,3869207,31032
69,4266704,32780
69,4660434,34509
69,5034877,36618
69,5444123,38646
69,5828971,41133
69,6223552,43851
69,6620710,46815
69,7015728,49591
69,7417979,52899
69,7806510,56332
69,8204993,59977
69,8617787,63906
69,9011206,67523
69,9431290,72241
69,9830816,76636
69,10241594,81427
69,10640047,85768
69,11012416,90681
69,11442873,95919
69,11833396,100848
69,12200461,106397
69,12601981,112141
69,13015714,118410
69,13413367,123734
69,13785999,130086
69,14180070,136069
69,14563930,142687
69,14953110,149770
69,15380255,156932
69,15786204,164278
69,16179482,171017
69,16582534,178679
69,16950140,186759
69,17345121,193790
69,17723480,202236
69,18137630,210687
69,18537228,218399
69,18930197,227248
69,19307824,235275
69,19681620,244505
69,20080514,253999
69,20472957,262497
69,20847738,272320
69,21262771,282456
69,21680367,292649
69,22079204,302603
69,22491201,312645
69,22885474,321484
69,23239108,330324
69,23621936,340403
69,24012075,349281
69,24414219,359462
69,24807731,369647
69,25205839,379920
69,25598758,388853
69,25970424,399081
69,26381363,408068
69,26741358,418261
69,27135514,427272
69,27530559,437479
69,27931431,447701
69,28322134,457957
69,28722318,466707
69,29124731,476157
69,29535418,484704
69,29928076,493621
69,30303695,501787
69,30657906,509989
69,31034788,519517
69,31430821,527745
69,31821034,536917
69,32219426,545600
69,32614668,553261
69,32968982,560615
69,33342343,568947
69,33738341,576752
69,34160102,584458
69,34561768,590994
69,34950602,598465
69,35343494,605426
69,35745751,612226
69,36138391,618308
69,36536741,624633
69,36926986,630133
69,37283245,636234
69,37684211,641358
69,38054807,647175
69,38452762,652462
69,38846792,657060
69,39238896,661713
69,39598924,666519
69,39971162,670552
69,40374137,675302
69,40762870,679591
69,41155299,683038
69,41535880,687092
69,41928928,690547
69,42304987,694042
69,42698286,696904
69,43072570,699750
69,43438287,702862
69,43824079,705717
69,44217336,708015
69,44594023,710157
69,44989051,712405
69,45385414,714499
69,45787357,716407
69,46177910,717908
69,46564361,719441
69,46953685,720749
69,47355659,721758
69,47723488,722665
69,48118172,723304
69,48515835,723897
69,48910595,724255
69,49323204,724387
69,49722940,724377
69,50115624,724539
69,50516518,724937
69,50907548,724991
69,51303295,725113
69,51658119,725182
69,52031067,725145
69,52406723,725175
69,52782248,725114
69,53136591,725061
69,53533070,724993
69,53936614,724923
69,54328069,724879
69,54739635,724846
69,55094301,724808
69,55470641,724773
69,55863511,724733
69,56218281,724706
69,56601290,724669
69,56993280,724639
69,57398558,724614
69,57765625,724585
69,58158962,724558
69,58537558,724530
69,58938109,724507
69,59302864,724480
69,59686783,724454
69,60055998,724431
69,60430824,724403
69,60825343,724379
69,61238444,724357
69,61600012,724342
69,61992597,724330
69,62375505,724317
69,62764246,724307
69,63135139,724293
69,63494178,724283
69,63888266,724269
69,64259579,724256
69,64618996,724240
69,65010417,724222
69,65394276,724207
69,65782853,724197
69,66155212,724187
69,66532954,724182
69,66929016,724176
69,67331762,724173
69,67747345,724166
69,68138881,724157
69,68537760,724149
69,68932603,724139
69,69331027,724139
69,69744245,724136
69,70138606,724133
69,70538681,724127
69,70929719,724119
69,71324003,724110
69,71723655,724103
69,72117447,724100
69,72517305,724100
69,72909849,724096
69,73284121,724095
69,73680051,724093
69,74074063,724093
69,74471534,724093
69,74844668,724089
69,75220266,724082
69,75619259,724075
69,75991966,724070
69,76399405,724065
69,76775254,724063
69,77159823,724060
69,77536183,724056
69,77929291,724050
69,78324482,724040
69,78756628,724032
69,79120617,724028
69,79539705,724024
69,79931366,724023
69,80332061,724023
69,80744484,724022
69,81117116,724019
69,81518456,724011
69,81932117,724010
69,82356582,724008
69,82744590,724004
69,83137381,724000
69,83538471,723998
69,83928809,723995
69,84329275,723992
69,84744128,723990
69,85137302,723989
69,85535345,723988
69,85928287,723987
69,86323928,723986
69,86745637,723987
69,87136950,723988
69,87534681,723990
69,87929594,723992
69,88323913,723994
69,88722530,723994
69,89115644,723994
69,89537438,723992
69,89931048,723991
69,90328632,723991
69,90722990,723991
69,91096518,723992
69,91493908,723994
69,91868079,723996
69,92262329,723998
69,92641945,723998
69,93036251,723999
69,93433384,723999
69,93826117,724000
69,94222502,724001
69,94620517,724001
69,94991824,724001
69,95398958,723997
69,95763775,723993
69,96227294,723993
69,96622706,723991
69,97033675,723990
69,97446611,723988
69,97810054,723989
69,98205444,723991
69,98626469,723991
69,98998643,723989
69,99401801,723988
69,99785217,723988
69,100158159,723988
69,100559515,723985
69,100948688,723982
69,101359807,723976
69,101746175,723966
69,102153771,723953
69,102542277,723932
69,102912571,723916
69,103285329,723892
69,103681226,723873
69,104064769,723853
69,104457086,723841
69,104868946,723834
69,105262900,723829
69,105643758,723826
69,106035980,723825
69,106417195,723825
69,106807444,723827
69,107205012,723816
69,107597535,723783
69,107990231,723753
69,108397842,723732
69,108764738,723721
69,109158141,723722
69,109534461,723741
69,109930369,723771
69,110324219,723806
69,110721146,723842
69,111114664,723874
69,111540095,723898
69,111931977,723915
69,112330219,723925
69,112743507,723927
69,113117580,723931
69,113538344,723931
69,113931192,723931
69,114330419,723930
69,114740397,723929
69,115137240,723928
69,115537195,723927
69,115928809,723924
69,116324415,723924
69,116743372,723926
69,117138146,723926
69,117534827,723929
69,117928905,723933
69,118324771,723938
69,118742510,723943
69,119137465,723947
69,119534177,723950
69,119928333,723954
69,120329484,723956
69,120741551,723958
69,121136319,723961
69,121535774,723961
69,121928624,723962
69,122324075,723965
69,122723970,723965
69,123116609,723965
69,123517487,723967
69,123909314,723968
69,124306074,723968
69,124680695,723969
69,125073015,723973
69,125495033,723973
69,125867047,723974
69,126261575,723976
69,126662789,723977
69,127033722,723977
69,127458058,723978
69,127850257,723979
69,128220187,723979
69,128620509,723981
69,129001581,723982
69,129402268,723982
69,129765314,723982
69,130157660,723984
69,130577174,723985
69,130971156,723985
69,131344671,723985
69,131743339,723985
69,132135888,723987
69,132534015,723986
69,132929087,723986
69,133323503,723988
69,133744872,723988
69,134140710,723988
69,134536452,723989
69,134931577,723989
69,135330596,723989
69,135742275,723989
69,136138478,723989
69,136536721,723990
69,136930729,723990
69,137329489,723991
69,137742136,723991
69,138138336,723991
69,138539495,723991
69,138929222,723991
69,139325637,723991
69,139724240,723991
70,711447,24001
70,1117194,24350
70,1511282,24832
70,1900378,25370
70,2290453,26085
70,2662576,27088
70,3058930,28227
70,3499525,29611
70,3877801,31009
70,4244095,32758
70,4635160,34491
70,5039326,36599
70,5431160,38923
70,5826740,41437
70,6241772,44187
70,6636880,47188
70,7033908,49991
70,7429852,53316
70,7826369,56771
70,8220180,59974
70,8593460,63904
70,8990152,67520
70,9384825,71703
70,9760093,76067
70,10156533,80201
70,10532956,85147
70,10957346,90060
70,11370653,95255
70,11767793,100864
70,12184193,106392
70,12581656,111390
70,12953731,117627
70,13347749,123726
70,13740279,129238
70,14142151,136087
70,14545825,142693
70,14935003,149770
70,15348091,156955
70,15764509,164279
70,16161681,171014
70,16556527,178690
70,16954907,186753
70,17347404,194834
70,17739749,202241
70,18139557,210699
70,18532584,219509
70,18932176,228399
70,19344754,237544
70,19738558,246913
70,20137437,255209
70,20531546,264966
70,20930999,274827
70,21327573,284979
70,21739271,295226
70,22146046,303821
70,22537082,313911
70,22931587,324005
70,23348615,334045
70,23739671,344260
70,24160347,354299
70,24553268,363297
70,24930476,373488
70,25328217,383705
70,25718003,392754
70,26093873,402924
70,26492052,411945
70,26881254,422169
70,27289011,432369
70,27683063,442687
70,28079947,451585
70,28471824,461832
70,28875841,472051
70,29262885,480503
70,29635596,490029
70,30036468,498356
70,30427017,507724
70,30821307,516750
70,31223609,525751
70,31614560,533415
70,31990527,542046
70,32384653,549482
70,32760554,557704
70,33164165,565807
70,33578964,573628
70,33994551,581294
70,34389600,587888
70,34785407,595081
70,35161344,602261
70,35553203,608169
70,35931764,615036
70,36342175,621451
70,36745221,627798
70,37162273,633985
70,37557644,638975
70,37946735,644861
70,38347683,650331
70,38739340,655508
70,39163808,660930
70,39553344,665198
70,39942122,669854
70,40345833,674771
70,40717946,678669
70,41097155,682695
70,41511640,686809
70,41930382,690828
70,42306059,693932
70,42680078,696836
70,43058375,700112
70,43446687,703217
70,43843608,706076
70,44289555,708678
70,44679278,711067
70,45120668,713264
70,45493378,715054
70,45882443,716902
70,46265577,718368
70,46635398,719819
70,47039222,721079
70,47453391,722141
70,47843640,722865
70,48242441,723548
70,48635151,724054
70,49037494,724314
70,49430147,724376
70,49800504,724350
70,50205446,724620
70,50572820,724884
70,50971617,724895
70,51343918,725056
70,51741545,725065
70,52138360,725060
70,52510611,725093
70,52913222,725035
70,53280818,725015
70,53677432,724966
70,54057442,724911
70,54452004,724872
70,54885172,724821
70,55286714,724783
70,55682572,724752
70,56056275,724725
70,56450555,724699
70,56882197,724669
70,57262785,724643
70,57634774,724615
70,58040237,724587
70,58414611,724560
70,58808931,724538
70,59188883,724513
70,59574310,724488
70,59996573,724463
70,60389504,724445
70,60759995,724420
70,61163068,724403
70,61547213,724379
70,61935663,724356
70,62345151,724331
70,62739159,724311
70,63139684,724289
70,63531920,724270
70,63931063,724254
70,64323192,724240
70,64719603,724223
70,65127365,724213
70,65534253,724199
70,65950804,724189
70,66345835,724176
70,66738839,724167
70,67142733,724160
70,67535851,724152
70,67932949,724144
70,68330946,724137
70,68696951,724135
70,69100473,724132
70,69472959,724127
70,69876162,724120
70,70242401,724111
70,70634668,724105
70,71059369,724099
70,71449097,724094
70,71875107,724091
70,72240108,724086
70,72635822,724082
70,73035615,724078
70,73405857,724073
70,73801249,724068
70,74182897,724061
70,74573321,724054
70,74992007,724047
70,75384452,724042
70,75760608,724035
70,76156440,724027
70,76530555,724019
70,76943597,724011
70,77306972,724001
70,77697272,723991
70,78116466,723980
70,78531033,723971
70,78943863,723963
70,79313099,723956
70,79701838,723945
70,80120493,723939
70,80511248,723932
70,80897054,723928
70,81281843,723925
70,81655673,723919
70,82057490,723918
70,82452995,723917
70,82843203,723915
70,83240707,723913
70,83634670,723913
70,84036508,723913
70,84406877,723907
70,84781029,723899
70,85181760,723894
70,85572474,723888
70,85968638,723880
70,86354527,723878
70,86719932,723876
70,87116393,723873
70,87488762,723855
70,87902212,723832
70,88269198,723809
70,88661752,723788
70,89059457,723782
70,89451587,723785
70,89867940,723802
70,90246419,723828
70,90635525,723856
70,91037217,723885
70,91431482,723908
70,91827052,723924
70,92244326,723935
70,92657529,723938
70,93059443,723939
70,93432840,723942
70,93825892,723943
70,94198756,723943
70,94593883,723941
70,94971999,723940
70,95364832,723940
70,95739706,723939
70,96138362,723936
70,96530838,723936
70,96914538,723938
70,97301874,723938
70,97676878,723941
70,98073109,723945
70,98488238,723948
70,98902808,723951
70,99264357,723955
70,99656259,723957
70,100037343,723959
70,100430905,723962
70,100810552,723963
70,101223150,723965
70,101614210,723966
70,102039044,723967
70,102431627,723967
70,102806736,723967
70,103201483,723969
70,103614169,723969
70,104037976,723969
70,104428228,723970
70,104805457,723972
70,105204735,723972
70,105593695,723972
70,105972463,723973
70,106386281,723973
70,106791179,723973
70,107160837,723975
70,107552585,723975
70,107953295,723975
70,108344169,723977
70,108738237,723977
70,109137136,723977
70,109530539,723978
70,109939279,723978
70,110332174,723980
70,110723337,723980
70,111099431,723980
70,111504684,723981
70,111883916,723981
70,112266738,723982
70,112677610,723982
70,113084622,723982
70,113454418,723984
70,113856538,723984
70,114221800,723984
70,114615213,723985
70,115006593,723986
70,115388470,723986
70,115780420,723985
70,116162822,723985
70,116554457,723985
70,116931480,723985
70,117328393,723984
70,117697900,723988
70,118097405,723986
70,118469329,723987
70,118876380,723987
70,119239549,723987
70,119635894,723987
70,120033014,723987
70,120404872,723988
70,120801924,723989
70,121182688,723989
70,121571996,723989
70,121992667,723989
70,122386914,723991
70,122761485,723991
70,123163608,723991
70,123555958,723991
70,123937588,723990
70,124303392,723991
70,124696432,723991
70,125122141,723992
70,125512562,723992
70,125899034,723992
71,693365,24002
71,1076560,24281
71,1484940,24830
71,1848637,25379
71,2261967,26216
71,2659813,27100
71,3036500,28246
71,3434023,29441
71,3804863,31022
71,4200503,32774
71,4598664,34504
71,4970522,36614
71,5385803,38645
71,5742810,41133
71,6138654,43502
71,6518038,46441
71,6908722,49195
71,7283600,52489
71,7680784,55912
71,8095942,59529
71,8540404,63417
71,8914414,67008
71,9308828,71189
71,9700733,75520
71,10095167,80202
71,10504248,84525
71,10864138,88827
71,11216730,93235
71,11576121,98749
71,11967854,103657
71,12345374,109184
71,12762897,115257
71,13157141,120705
71,13555229,126809
71,13960890,133514
71,14343405,139396
71,14703268,146142
71,15116581,153411
71,15515252,159636
71,15887991,167199
71,16282432,174821
71,16681937,181713
71,17075288,189744
71,17481102,198013
71,17865909,205382
71,18238995,212890
71,18597302,221685
71,18989172,229552
71,19363747,237551
71,19720141,246913
71,20114691,255209
71,20498215,264965
71,20888883,273560
71,21262903,283717
71,21659913,293917
71,22053151,302576
71,22481661,312612
71,22847823,322707
71,23238821,331520
71,23618402,341644
71,24013836,350502
71,24408304,360719
71,24788892,370923
71,25184611,379915
71,25576312,390174
71,25974507,400368
71,26366631,409372
71,26764459,419567
71,27159885,429802
71,27559583,440089
71,27970504,450261
71,28364769,459287
71,28742443,469475
71,29138252,479329
71,29535160,487643
71,29909953,497151
71,30305849,506588
71,30723780,514458
71,31114490,523558
71,31501956,532302
71,31909104,540977
71,32303629,549464
71,32699636,556696
71,33073781,563756
71,33469471,571735
71,33865970,579339
71,34262050,586926
71,34660516,593203
71,35034021,600497
71,35428952,607348
71,35826621,613340
71,36220099,619945
71,36618890,626247
71,37010597,631812
71,37385544,636898
71,37765250,642720
71,38159468,648464
71,38560327,653647
71,38979594,659081
71,39385320,663582
71,39765637,668220
71,40157090,673084
71,40538576,677166
71,40911672,680734
71,41284030,684842
71,41679074,688937
71,42072305,692138
71,42446468,695561
71,42849043,698491
71,43221405,701649
71,43617799,704237
71,43993080,707003
71,44387019,709207
71,44763649,711562
71,45158469,713474
71,45558359,715478
71,45968908,717266
71,46322016,718711
71,46701511,720127
71,47095270,721222
71,47480686,722246
71,47924574,723121
71,48346849,723764
71,48775177,724190
71,49167892,724368
71,49569032,724376
71,49973709,724421
71,50347093,724842
71,50748218,724939
71,51163102,725021
71,51565695,725121
71,51932788,725071
71,52325798,725089
71,52705414,725064
71,53096770,725027
71,53484276,724994
71,53870248,724945
71,54262951,724907
71,54661552,724859
71,55058476,724809
71,55450496,724765
71,55871592,724726
71,56262702,724688
71,56662687,724645
71,57039488,724615
71,57408698,724585
71,57805767,724555
71,58221316,724526
71,58635256,724499
71,59036818,724478
71,59424611,724451
71,59818191,724425
71,60227243,724408
71,60622870,724391
71,60997471,724372
71,61392798,724354
71,61770711,724340
71,62163177,724326
71,62562565,724311
71,62931514,724294
71,63326522,724285
71,63716257,724269
71,64101413,724256
71,64485006,724243
71,64869673,724234
71,65265231,724226
71,65661661,724215
71,66059934,724203
71,66491602,724191
71,66873726,724178
71,67269350,724165
71,67666191,724153
71,68059026,724140
71,68466721,724131
71,68873019,724125
71,69264012,724116
71,69647146,724107
71,70039875,724100
71,70418283,724091
71,70828167,724086
71,71222456,724076
71,71645436,724070
71,72058871,724068
71,72449821,724065
71,72827335,724062
71,73221560,724057
71,73622702,724055
71,74014946,724049
71,74467971,724046
71,74871834,724044
71,75264092,724041
71,75662998,724038
71,76054039,724035
71,76449601,724032
71,76848975,724029
71,77220921,724024
71,77621690,724017
71,77993124,724012
71,78387560,724008
71,78766063,724001
71,79158815,723994
71,79562972,723988
71,79931802,723979
71,80346888,723972
71,80744122,723965
71,81118618,723956
71,81522353,723949
71,81888344,723944
71,82283978,723937
71,82722493,723930
71,83096358,723926
71,83486015,723921
71,83887986,723912
71,84291977,723903
71,84691436,723895
71,85058620,723887
71,85451728,723881
71,85828785,723872
71,86222227,723859
71,86599406,723828
71,86992199,723802
71,87388472,723783
71,87764487,723770
71,88159286,723767
71,88553291,723778
71,88963308,723801
71,89349219,723828
71,89743807,723852
71,90117244,723876
71,90522894,723893
71,90888386,723908
71,91283603,723917
71,91672184,723923
71,92061168,723930
71,92488622,723931
71,92872099,723935
71,93263366,723935
71,93666477,723935
71,94077135,723936
71,94485049,723936
71,94890855,723935
71,95284595,723934
71,95669424,723934
71,96057572,723935
71,96481960,723936
71,96869351,723939
71,97263729,723941
71,97661772,723947
71,98055684,723949
71,98481273,723952
71,98868619,723955
71,99262550,723958
71,99670655,723959
71,100061891,723962
71,100465729,723964
71,100833312,723964
71,101226349,723965
71,101644894,723967
71,102061208,723967
71,102486884,723967
71,102869975,723968
71,103284104,723969
71,103691015,723971
71,104060804,723971
71,104463583,723973
71,104831411,723974
71,105226335,723974
71,105643959,723974
71,106034008,723976
71,106465904,723978
71,106866007,723976
71,107260623,723975
71,107616328,723978
71,107988662,723979
71,108365354,723976
71,108763606,723979
71,109155685,723979
71,109532778,723979
71,109932444,723979
71,110344311,723980
71,110703807,723980
71,111094038,723980
71,111483233,723980
71,111865956,723980
71,112261076,723981
71,112639494,723982
71,113010392,723982
71,113364574,723982
71,113721067,723983
71,114125008,723984
71,114504113,723984
71,114889569,723984
71,115262511,723984
71,115662726,723986
71,116032723,723985
71,116433198,723986
71,116847899,723987
71,117241999,723987
71,117618882,723985
71,118013690,723986
71,118387304,723987
71,118785372,723987
71,119157829,723987
71,119554456,723987
71,119971291,723988
71,120387483,723988
71,120787400,723988
71,121178789,723988
71,121580791,723989
71,121974210,723990
71,122369404,723990
71,122766446,723991
71,123158766,723991
71,123561968,723991
71,123932467,723991
71,124326527,723991
71,124724327,723991
71,125098597,723991
71,125502337,723991
71,125868342,723992
71,126263109,723992
71,126660576,723992
72,745185,24001
72,1145718,24351
72,1535196,24898
72,1957037,25484
72,2351400,26229
72,2728556,27250
72,3121685,28268
72,3497448,29648
72,3892874,31250
72,4286998,32796
72,4687314,34778
72,5080065,36913
72,5515923,39256
72,5897873,41472
72,6264016,44219
72,6668945,46829
72,7036867,50017
72,7431415,53337
72,7831670,56346
72,8203241,59989
72,8607554,63415
72,8972319,67531
72,9368107,71195
72,9766089,75526
72,10158671,80212
72,10555972,85158
72,10953839,89449
72,11326159,94582
72,11727127,100163
72,12119217,105034
72,12526503,111407
72,12966495,117635
72,13374059,123743
72,13773300,129258
72,14148047,136085
72,14539653,142703
72,14957110,149780
72,15369959,156937
72,15791666,164279
72,16183963,171949
72,16608144,179668
72,16997750,186754
72,17389172,194833
72,17792786,203293
72,18182727,211784
72,18606427,220591
72,18994375,228392
72,19388639,237537
72,19788592,246907
72,20182212,256386
72,20587133,264955
72,20953556,274805
72,21348069,283700
72,21724143,293909
72,22118937,303802
72,22513837,312620
72,22890434,322726
72,23284678,332778
72,23708510,342959
72,24101918,351755
72,24497553,361985
72,24891906,372189
72,25291936,381140
72,25663785,391451
72,26078641,401617
72,26476451,411934
72,26895674,422163
72,27292496,431097
72,27666226,441401
72,28079736,451579
72,28473760,461823
72,28896513,472049
72,29285731,481680
72,29706073,491230
72,30119642,500752
72,30514836,508853
72,30928281,519072
72,31352502,527954
72,31745805,536720
72,32139448,544179
72,32517610,552656
72,32916272,559737
72,33283863,567852
72,33711990,575565
72,34100612,582292
72,34492976,589692
72,34896246,596906
72,35293147,603983
72,35687976,609903
72,36102911,617530
72,36496647,623039
72,36893094,629433
72,37285284,635468
72,37697611,641216
72,38103350,647099
72,38493097,651709
72,38896031,656977
72,39272095,661680
72,39652576,666407
72,40025312,670534
72,40409801,675410
72,40810689,679662
72,41203641,683187
72,41607282,687363
72,41995465,691281
72,42388417,694310
72,42785310,697565
72,43180636,700833
72,43588744,703901
72,44005472,706649
72,44391988,709183
72,44815965,711534
72,45207747,713418
72,45611522,715453
72,45999357,717256
72,46393593,718872
72,46789794,720087
72,47204581,721337
72,47611802,722350
72,47975476,723041
72,48347912,723695
72,48728548,724106
72,49101042,724326
72,49494473,724406
72,49874498,724396
72,50288045,724759
72,50686982,724935
72,51077443,724974
72,51450051,725122
72,51829215,725109
72,52222940,725103
72,52610937,725111
72,52999128,725059
72,53390117,725024
72,53791617,724977
72,54180099,724925
72,54586306,724885
72,54951769,724824
72,55347047,724780
72,55753108,724748
72,56148264,724709
72,56520480,724671
72,56937635,724632
72,57330590,724600
72,57728178,724569
72,58122401,724532
72,58517161,724508
72,58892683,724487
72,59285270,724468
72,59707701,724444
72,60102430,724424
72,60492640,724405
72,60894720,724382
72,61292691,724361
72,61666203,724340
72,62059764,724322
72,62451472,724308
72,62839703,724291
72,63227846,724277
72,63608348,724263
72,63997066,724254
72,64390979,724245
72,64785211,724228
72,65180410,724216
72,65606178,724203
72,65993758,724193
72,66390520,724184
72,66793730,724173
72,67181092,724167
72,67587034,724161
72,67952663,724149
72,68348060,724140
72,68728945,724133
72,69120242,724126
72,69514549,724117
72,69890285,724108
72,70283776,724102
72,70684703,724098
72,71056630,724093
72,71430611,724090
72,71829110,724086
72,72201981,724075
72,72608609,724071
72,72972938,724068
72,73366951,724060
72,73766076,724055
72,74142718,724053
72,74539664,724047
72,74951363,724043
72,75325742,724038
72,75724845,724034
72,76095964,724030
72,76491862,724025
72,76895211,724021
72,77284420,724017
72,77688628,724012
72,78081784,724009
72,78451009,724003
72,78855277,723997
72,79227589,723989
72,79628073,723980
72,80022197,723973
72,80400019,723963
72,80792639,723956
72,81203097,723944
72,81606908,723938
72,81973851,723928
72,82368836,723917
72,82743745,723908
72,83139093,723896
72,83516881,723885
72,83915133,723874
72,84326484,723845
72,84726887,723820
72,85098403,723797
72,85492782,723783
72,85870698,723777
72,86286780,723778
72,86682534,723787
72,87055547,723808
72,87451344,723826
72,87879243,723844
72,88287282,723861
72,88683662,723874
72,89077989,723884
72,89451488,723894
72,89853092,723901
72,90225830,723910
72,90624354,723915
72,90996038,723921
72,91389948,723923
72,91789591,723925
72,92185129,723927
72,92589278,723927
72,92975548,723927
72,93347200,723928
72,93751382,723930
72,94141428,723932
72,94517928,723933
72,94915974,723937
72,95283970,723938
72,95705485,723941
72,96097880,723944
72,96491818,723946
72,96890307,723948
72,97289017,723950
72,97702880,723956
72,98096557,723956
72,98491441,723959
72,98889626,723960
72,99288940,723963
72,99704273,723963
72,100101391,723965
72,100496811,723966
72,100895554,723967
72,101288455,723968
72,101685299,723969
72,102060621,723971
72,102451250,723971
72,102852565,723971
72,103246829,723972
72,103656584,723972
72,104046697,723972
72,104413361,723974
72,104809842,723975
72,105202665,723975
72,105616784,723976
72,105994666,723977
72,106388767,723978
72,106772516,723978
72,107160924,723979
72,107586434,723979
72,107972441,723980
72,108347471,723981
72,108744286,723981
72,109117564,723981
72,109513103,723981
72,109888360,723982
72,110288455,723982
72,110704288,723982
72,111098358,723983
72,111493414,723983
72,111896250,723983
72,112288321,723983
72,112706298,723983
72,113111227,723983
72,113500791,723983
72,113893874,723983
72,114289977,723985
72,114727822,723985
72,115100163,723985
72,115493626,723985
72,115894117,723987
72,116271737,723987
72,116652989,723987
72,117038753,723988
72,117450112,723988
72,117832924,723988
72,118223103,723988
72,118627349,723989
72,118994306,723989
72,119388836,723989
72,119771009,723989
72,120159584,723989
72,120586555,723989
72,120953270,723988
72,121325268,723988
72,121724347,723989
72,122122646,723990
72,122518088,723990
72,122895155,723990
72,123287722,723990
72,123706417,723989
72,124098455,723990
72,124492613,723990
72,124896521,723991
72,125293021,723991
72,125664212,723991
72,126059897,723991
72,126450719,723992
72,126832219,723992
73,720402,24016
73,1120159,24351
73,1493847,24902
73,1894625,25490
73,2310342,26355
73,2709716,27253
73,3079209,28426
73,3472802,29648
73,3849106,31253
73,4244032,32792
73,4656586,35028
73,5075345,37196
73,5471288,39252
73,5868472,41798
73,6241474,44571
73,6668317,47598
73,7058599,50422
73,7433500,53759
73,7831325,57235
73,8222493,60460
73,8606960,63913
73,8971796,68042
73,9345810,71718
73,9725679,76073
73,10117847,80198
73,10512917,85153
73,10925273,90069
73,11305905,94581
73,11702672,100163
73,12095562,105719
73,12491177,111404
73,12891278,116843
73,13267696,122990
73,13665502,128432
73,14034424,135243
73,14428891,141035
73,14809068,147960
73,15201963,155191
73,15604682,161459
73,15994379,169124
73,16388092,176721
73,16790653,183755
73,17158762,191766
73,17553097,199083
73,17937334,207495
73,18327116,216213
73,18745319,224999
73,19139809,232997
73,19511759,242154
73,19920401,250466
73,20284480,260015
73,20702181,269843
73,21096190,279905
73,21513249,290048
73,21919238,298953
73,22285321,308778
73,22685318,318724
73,23076424,326954
73,23451231,336152
73,23870376,345799
73,24264469,355717
73,24660320,364925
73,25054441,375682
73,25451173,386220
73,25849302,395313
73,26223921,405430
73,26626801,414183
73,26992787,424456
73,27398692,433547
73,27791814,444048
73,28158288,454589
73,28554445,464991
73,28977299,474160
73,29371270,483815
73,29748041,493496
73,30141956,502053
73,30519796,511281
73,30939798,520347
73,31329883,528191
73,31728580,536949
73,32121541,545419
73,32515900,553942
73,32917100,561009
73,33287917,569101
73,33706247,576900
73,34101786,584808
73,34514461,592272
73,34920328,598728
73,35284215,605774
73,35703048,612642
73,36109829,619347
73,36494675,624865
73,36871755,631226
73,37264634,636386
73,37644990,642168
73,38034852,647949
73,38428543,652559
73,38805043,657824
73,39201076,662420
73,39616379,667120
73,40020093,671760
73,40413852,676474
73,40812622,680630
73,41206563,684076
73,41610147,688118
73,41998261,691913
73,42392759,695298
73,42789854,698151
73,43184010,701336
73,43589498,704315
73,43976544,706734
73,44347751,709264
73,44749512,711589
73,45139949,713483
73,45518144,715486
73,45951463,717277
73,46325903,718707
73,46703190,720108
73,47097649,721201
73,47492890,722241
73,47891147,723038
73,48282933,723689
73,48681929,724093
73,49054514,724331
73,49450394,724384
73,49826240,724379
73,50221200,724813
73,50642096,725161
73,51043678,725153
73,51416347,725266
73,51811914,725346
73,52220400,725288
73,52625467,725263
73,53017284,725167
73,53413580,725066
73,53811554,724960
73,54224557,724880
73,54627286,724820
73,54998900,724764
73,55392368,724711
73,55774433,724673
73,56163434,724626
73,56589638,724586
73,56976353,724543
73,57346055,724509
73,57746054,724480
73,58120057,724455
73,58512319,724431
73,58894066,724416
73,59288753,724402
73,59701401,724394
73,60097225,724382
73,60470803,724382
73,60867912,724376
73,61253458,724371
73,61659668,724360
73,62061644,724349
73,62454359,724340
73,62831322,724340
73,63226824,724345
73,63607834,724333
73,63992994,724320
73,64367629,724298
73,64767207,724272
73,65164311,724249
73,65553943,724226
73,65937051,724215
73,66309376,724202
73,66705376,724187
73,67097260,724176
73,67471722,724167
73,67850225,724154
73,68243188,724147
73,68627742,724140
73,69014101,724132
73,69409176,724124
73,69805581,724117
73,70178547,724114
73,70555004,724113
73,70953066,724111
73,71325856,724109
73,71723171,724113
73,72095835,724122
73,72491157,724121
73,72872078,724112
73,73264596,724105
73,73665270,724097
73,74058586,724089
73,74432552,724080
73,74810570,724072
73,75202421,724065
73,75608818,724057
73,75973601,724047
73,76346030,724042
73,76751775,724038
73,77133196,724030
73,77519479,724024
73,77931978,724019
73,78324852,724017
73,78701677,724017
73,79096986,724020
73,79470854,724027
73,79868722,724027
73,80262560,724029
73,80650372,724036
73,81039040,724044
73,81451646,724045
73,81826688,724043
73,82221453,724039
73,82635384,724030
73,83040113,724020
73,83407819,724013
73,83812982,724010
73,84186049,724006
73,84594561,724001
73,84997068,724001
73,85389508,724004
73,85770341,724011
73,86176766,724011
73,86592468,724008
73,86973173,724007
73,87346699,724005
73,87748595,724004
73,88121062,724006
73,88513874,724007
73,88898189,724008
73,89284871,724019
73,89703843,724023
73,90118168,724022
73,90513141,724021
73,90893052,724015
73,91283526,724010
73,91702109,724003
73,92096488,723997
73,92472110,723994
73,92868016,723993
73,93242239,723993
73,93664733,723997
73,94054524,724002
73,94470091,724006
73,94875718,724008
73,95248071,724012
73,95645033,724014
73,96036836,724014
73,96453235,724013
73,96831485,724009
73,97225198,724007
73,97626677,724004
73,97998507,724001
73,98413648,723996
73,98811825,723992
73,99225725,723988
73,99626574,723984
73,99998733,723988
73,100413209,723990
73,100811249,723988
73,101225855,723987
73,101665143,723982
73,102057565,723978
73,102460913,723975
73,102852837,723973
73,103223673,723973
73,103625877,723972
73,103993749,723973
73,104408701,723977
73,104805460,723976
73,105222606,723974
73,105639327,723975
73,106035417,723977
73,106430536,723981
73,106812286,723982
73,107206715,723986
73,107609636,723988
73,107978710,723988
73,108372255,723987
73,108747381,723983
73,109139349,723983
73,109512883,723982
73,109917507,723982
73,110284305,723980
73,110707690,723977
73,111108172,723976
73,111475056,723975
73,111874761,723976
73,112286342,723977
73,112703950,723973
73,113097295,723970
73,113493414,723968
73,113869462,723967
73,114262658,723965
73,114645382,723960
73,115037604,723958
73,115449242,723954
73,115827451,723948
73,116220796,723945
73,116639730,723939
73,117039945,723932
73,117454314,723926
73,117852874,723921
73,118225151,723912
73,118621885,723909
73,119015890,723904
73,119392519,723899
73,119773990,723895
73,120160533,723886
73,120588369,723875
73,120975141,723866
73,121345849,723857
73,121746317,723852
73,122120192,723847
73,122512231,723842
73,122894399,723838
73,123282836,723831
73,123702492,723812
73,124097905,723781
73,124470381,723761
73,124869765,723746
73,125242903,723745
73,125651717,723754
73,126013172,723776
73,126407450,723806
73,126826517,723837
73,127221946,723857
73,127624472,723880
73,128019551,723896
73,128410590,723907
73,128811084,723916
73,129206247,723921
73,129612359,723928
73,129999399,723929
73,130415144,723932
73,130811450,723935
73,131204804,723937
73,131606306,723939
73,131995823,723940
73,132410276,723941
73,132810817,723941
73,133202563,723941
73,133588076,723941
73,133952728,723941
73,134347447,723940
73,134745730,723938
73,135117388,723939
73,135534522,723939
73,135929791,723942
73,136314475,723944
73,136703208,723948
73,137096565,723953
73,137469757,723957
73,137827210,723959
73,138220628,723964
73,138642260,723967
73,139024871,723970
73,139415347,723972
73,139831825,723974
73,140245875,723975
73,140644061,723976
73,141016108,723977
73,141408529,723977
73,141834033,723979
73,142226407,723979
73,142622980,723978
73,143015633,723978
73,143412686,723978
73,143805097,723977
73,144200113,723977
73,144585752,723979
73,144953054,723980
73,145346165,723980
73,145724878,723982
73,146118822,723983
73,146511762,723983
73,146893094,723984
73,147283967,723986
73,147680801,723986
73,148054998,723986
73,148428842,723988
73,148847260,723989
73,149243021,723989
73,149641489,723989
73,150024284,723989
73,150390105,723991
73,150775815,723990
73,151141808,723990
73,151533147,723990
73,151945365,723990
73,152327841,723990
73,152728806,723990
73,153124482,723990
73,153493599,723990
73,153894086,723990
73,154271293,723990
73,154651923,723990
73,155039547,723990
73,155433216,723990
76,741317,24001
76,1100491,24281
76,1473866,24763
76,1873375,25321
76,2266478,26114
76,2664796,27120
76,3058013,28269
76,3455701,29460
76,3828007,31045
76,4243454,32561
76,4599563,34520
76,5016092,36627
76,5411950,38656
76,5792572,41142
76,6184811,43865
76,6584948,46447
76,6975669,49605
76,7370543,52912
76,7767818,55903
76,8159524,59513
76,8544043,63409
76,8934861,67009
76,9307266,71191
76,9725583,75511
76,10119741,79597
76,10505069,84539
76,10892375,88834
76,11266354,93890
76,11662762,99444
76,12077590,104338
76,12434614,109896
76,12848981,116023
76,13243301,121457
76,13621217,127591
76,14014514,133472
76,14389643,139374
76,14744539,146127
76,15139943,152460
76,15543865,159604
76,15910524,166207
76,16264439,172866
76,16642400,180672
76,17038352,187743
76,17432041,195866
76,17810514,204312
76,18250854,212860
76,18643436,221651
76,19037468,230668
76,19453274,239816
76,19851743,248077
76,20222307,257558
76,20621913,267385
76,21013756,276047
76,21389750,284929
76,21769198,295172
76,22162606,304909
76,22582991,314969
76,22974977,323810
76,23367799,333823
76,23748202,344061
76,24140709,352911
76,24523686,363219
76,24912666,372167
76,25286408,382401
76,25684691,391453
76,26064730,401626
76,26450315,411959
76,26870072,422196
76,27287782,432398
76,27684334,441427
76,28060335,451585
76,28455962,460585
76,28830149,470782
76,29224178,480503
76,29622153,488839
76,30007635,498351
76,30391444,506600
76,30773662,515618
76,31166976,523568
76,31560293,532327
76,31959425,540993
76,32349170,549483
76,32746580,556723
76,33119244,564809
76,33525053,571773
76,33894409,579407
76,34288213,586093
76,34663447,593320
76,35056616,599711
76,35409266,605749
76,35787263,612576
76,36182507,618432
76,36578720,624689
76,36973378,631079
76,37369713,636933
76,37786723,642760
76,38181367,647823
76,38577659,653028
76,38975776,658411
76,39371298,663606
76,39767714,667664
76,40141953,672466
76,40542385,676654
76,40931811,680808
76,41326889,684280
76,41702459,688403
76,42118536,692217
76,42504520,695574
76,42904162,698441
76,43269536,701629
76,43663786,704592
76,44057868,706999
76,44452587,709513
76,44847397,711812
76,45245069,713690
76,45620736,715683
76,46016860,717246
76,46411078,718869
76,46791447,720245
76,47203617,721465
76,47599610,722334
76,47972924,723109
76,48369345,723676
76,48765884,724130
76,49159802,724320
76,49528171,724372
76,49913212,724384
76,50327340,724779
76,50690122,725092
76,51080367,725106
76,51505077,725230
76,51873313,725256
76,52266932,725226
76,52684606,725200
76,53083962,725110
76,53503490,725031
76,53889927,724958
76,54264098,724899
76,54633214,724849
76,54997803,724791
76,55390075,724744
76,55787918,724712
76,56160998,724677
76,56561958,724648
76,56934732,724615
76,57331871,724582
76,57745483,724549
76,58161128,724520
76,58522575,724496
76,58933936,724470
76,59327199,724448
76,59744383,724424
76,60139350,724408
76,60505470,724394
76,60869766,724377
76,61264088,724363
76,61619817,724350
76,61993283,724338
76,62347310,724325
76,62727435,724308
76,63121054,724292
76,63526532,724278
76,63892594,724264
76,64286213,724253
76,64664766,724237
76,65058186,724226
76,65437175,724216
76,65832894,724202
76,66243166,724190
76,66644303,724178
76,67015363,724167
76,67409489,724157
76,67780976,724149
76,68141889,724136
76,68543900,724130
76,68914626,724123
76,69308640,724114
76,69687946,724106
76,70078005,724100
76,70503274,724095
76,70892596,724089
76,71266265,724084
76,71665327,724076
76,72057050,724073
76,72433590,724071
76,72815796,724064
76,73203365,724058
76,73621036,724052
76,74014812,724046
76,74367488,724041
76,74748787,724037
76,75143413,724031
76,75526416,724022
76,75913369,724015
76,76287662,724008
76,76684599,724001
76,77060497,723989
76,77451456,723977
76,77868969,723967
76,78288557,723956
76,78683684,723945
76,79084139,723941
76,79491170,723935
76,79869690,723928
76,80264562,723925
76,80619904,723922
76,80991518,723919
76,81346679,723918
76,81722551,723909
76,82097097,723900
76,82472756,723887
76,82872992,723878
76,83245648,723869
76,83642991,723861
76,84015990,723855
76,84412997,723851
76,84788934,723836
76,85180863,723812
76,85547076,723787
76,85914463,723770
76,86305588,723762
76,86663528,723763
76,87056987,723781
76,87434338,723805
76,87811665,723836
76,88206530,723867
76,88620800,723887
76,89034966,723903
76,89388793,723913
76,89745985,723925
76,90160764,723928
76,90523630,723931
76,90913793,723935
76,91285684,723936
76,91673794,723937
76,92056776,723938
76,92409664,723938
76,92767319,723938
76,93159987,723936
76,93525403,723936
76,93894652,723934
76,94284647,723934
76,94664532,723935
76,95059343,723938
76,95436676,723942
76,95829553,723944
76,96245258,723949
76,96662898,723952
76,97059460,723956
76,97435162,723959
76,97827758,723960
76,98244353,723964
76,98642543,723964
76,99015576,723965
76,99410409,723966
76,99788835,723967
76,100182387,723968
76,100561660,723968
76,100957164,723969
76,101369734,723969
76,101766334,723970
76,102161167,723971
76,102544721,723972
76,102933403,723973
76,103307600,723973
76,103687691,723973
76,104092447,723975
76,104452762,723976
76,104849415,723975
76,105266107,723977
76,105662473,723978
76,106055067,723978
76,106431001,723978
76,106787265,723979
76,107159817,723981
76,107524631,723982
76,107914806,723982
76,108286983,723982
76,108684541,723982
76,109061634,723983
76,109455975,723983
76,109869125,723983
76,110264781,723983
76,110663994,723983
76,111057447,723983
76,111450597,723984
76,111870158,723986
76,112263415,723985
76,112620326,723984
76,112993609,723985
76,113346523,723985
76,113723770,723987
76,114117555,723987
76,114471416,723987
76,114870156,723987
76,115263223,723987
76,115642378,723986
76,116015318,723987
76,116419921,723987
76,116786571,723987
76,117181970,723988
76,117543044,723988
76,117912324,723988
76,118304501,723988
76,118663313,723988
76,119058344,723988
76,119451304,723988
76,119849723,723989
76,120243050,723989
76,120624497,723990
76,121016325,723990
76,121389129,723990
76,121746605,723990
76,122164367,723989
76,122560278,723991
76,122935369,723991
76,123332217,723991
76,123744958,723991
76,124139690,723991
76,124503949,723991
76,124874240,723992
77,732579,24001
77,1139673,24343
77,1534638,24890
77,1932296,25397
77,2307536,26228
77,2703563,27252
77,3118456,28268
77,3510179,29653
77,3918350,31260
77,4321472,33043
77,4704075,35035
77,5117931,36918
77,5510675,39262
77,5898304,41475
77,6282648,44225
77,6657072,47222
77,7076365,50431
77,7468013,53338
77,7844010,56787
77,8243281,60453
77,8656824,63900
77,9012964,68025
77,9405052,71696
77,9759020,75492
77,10137878,80181
77,10553786,85140
77,10956359,89430
77,11325085,94551
77,11738581,99445
77,12099469,105033
77,12491432,110643
77,12915863,116824
77,13305824,122234
77,13681411,128420
77,14060111,134368
77,14449113,141038
77,14862881,147947
77,15265258,155172
77,15656950,161459
77,16034359,169110
77,16428985,175750
77,16807743,183745
77,17202710,191748
77,17614014,199067
77,17969396,207475
77,18363292,215096
77,18737922,222769
77,19099756,231840
77,19493584,239832
77,19876500,249272
77,20262872,257577
77,20636806,267411
77,21033344,276075
77,21407051,284964
77,21759640,293929
77,22135246,302559
77,22491407,312472
77,22877664,321325
77,23241276,330173
77,23637483,340242
77,24013117,350474
77,24407914,359422
77,24784340,369658
77,25179412,378669
77,25557662,388882
77,25954286,399135
77,26366257,409401
77,26758644,418338
77,27136940,428594
77,27530279,437542
77,27894791,446485
77,28273142,456741
77,28658141,465636
77,29055322,475751
77,29447828,485228
77,29841343,494761
77,30261759,503126
77,30639258,512208
77,31035768,521323
77,31449889,530128
77,31843984,538870
77,32267184,547364
77,32657556,554712
77,33055381,562771
77,33446614,569833
77,33803661,577473
77,34183985,584212
77,34550785,590620
77,34934114,597882
77,35306762,604047
77,35679936,609977
77,36059483,616772
77,36452591,623091
77,36843336,628670
77,37242632,634769
77,37635920,640492
77,38032703,645687
77,38407429,651089
77,38801545,655651
77,39175912,660422
77,39541419,665339
77,39934598,669378
77,40300066,673671
77,40658235,678259
77,41055450,681763
77,41449301,685791
77,41843314,689873
77,42242964,693484
77,42635038,696369
77,43014611,699633
77,43408038,702370
77,43782853,705271
77,44179481,707621
77,44556760,710084
77,44957257,712061
77,45324160,714173
77,45720997,716115
77,46138699,717846
77,46532955,719208
77,46916115,720534
77,47306443,721560
77,47675926,722401
77,48035576,723164
77,48448492,723719
77,48801471,724105
77,49157299,724311
77,49550717,724351
77,49914810,724342
77,50280932,724704
77,50635242,725065
77,50990504,725090
77,51363091,725172
77,51716585,725270
77,52117200,725229
77,52488707,725221
77,52864014,725146
77,53243964,725070
77,53615921,724988
77,54013082,724928
77,54386756,724863
77,54782583,724810
77,55180627,724764
77,55550593,724731
77,55916727,724694
77,56306289,724667
77,56682398,724634
77,57080639,724609
77,57490420,724590
77,57875622,724574
77,58267038,724548
77,58634165,724527
77,58991084,724496
77,59385953,724469
77,59738150,724439
77,60093897,724411
77,60469006,724388
77,60872826,724367
77,61240255,724347
77,61593218,724333
77,61969441,724317
77,62363414,724306
77,62718190,724292
77,63095687,724275
77,63500071,724258
77,63895236,724244
77,64259750,724230
77,64614262,724221
77,64969850,724211
77,65363115,724198
77,65739359,724187
77,66098355,724176
77,66470248,724164
77,66877862,724156
77,67243099,724144
77,67637561,724134
77,68054943,724126
77,68453578,724118
77,68876314,724110
77,69260444,724108
77,69633576,724103
77,69992335,724098
77,70385651,724096
77,70760902,724092
77,71117167,724085
77,71511265,724084
77,71875161,724078
77,72242184,724073
77,72613196,724072
77,72972174,724066
77,73364751,724063
77,73718952,724060
77,74097120,724054
77,74489529,724049
77,74842516,724043
77,75245139,724037
77,75615668,724033
77,75990805,724026
77,76387153,724021
77,76782197,724016
77,77183284,724012
77,77553967,724008
77,77934854,724004
77,78303611,723996
77,78682003,723989
77,79053117,723979
77,79455330,723971
77,79876257,723965
77,80240912,723957
77,80634833,723946
77,80992721,723942
77,81364481,723936
77,81717509,723931
77,82093893,723926
77,82468547,723920
77,82841259,723907
77,83262537,723897
77,83658831,723885
77,84053660,723876
77,84431600,723868
77,84801753,723862
77,85157065,723854
77,85511041,723840
77,85871515,723804
77,86263193,723784
77,86658511,723760
77,87055452,723758
77,87454421,723762
77,87865399,723783
77,88261809,723807
77,88655575,723836
77,89033168,723860
77,89405069,723879
77,89762450,723893
77,90160307,723905
77,90553964,723914
77,90950597,723922
77,91342237,723926
77,91716429,723932
77,92094652,723936
77,92468186,723938
77,92842617,723939
77,93239689,723939
77,93591965,723939
77,93972472,723938
77,94363224,723936
77,94715408,723936
77,95094782,723936
77,95488108,723938
77,95840844,723939
77,96265728,723943
77,96657848,723944
77,97056826,723949
77,97433026,723950
77,97803210,723952
77,98185132,723957
77,98556883,723958
77,98950545,723960
77,99346354,723963
77,99740267,723964
77,100158368,723967
77,100552825,723967
77,100914803,723968
77,101284611,723970
77,101686471,723971
77,102080753,723971
77,102469632,723972
77,102874707,723972
77,103262467,723972
77,103634247,723972
77,103990697,723972
77,104385920,723972
77,104757924,723973
77,105115885,723974
77,105510163,723974
77,105892931,723975
77,106280396,723976
77,106655293,723978
77,107014147,723978
77,107407714,723979
77,107782798,723980
77,108178344,723980
77,108556374,723981
77,108954259,723981
77,109362459,723981
77,109717494,723981
77,110095043,723983
77,110489678,723983
77,110844164,723983
77,111218062,723985
77,111613163,723986
77,111992298,723984
77,112394566,723984
77,112783117,723985
77,113159403,723986
77,113551702,723985
77,113914344,723985
77,114279586,723985
77,114633541,723985
77,114990355,723984
77,115363183,723984
77,115716111,723986
77,116137270,723986
77,116529805,723986
77,116893789,723987
77,117284049,723987
77,117655283,723987
77,118011524,723988
77,118384998,723988
77,118739287,723988
77,119095887,723988
77,119485709,723988
77,119868289,723988
77,120259643,723988
77,120632087,723988
77,120988342,723988
77,121340709,723988
77,121715245,723990
77,122116325,723989
77,122513608,723989
77,122894410,723990
77,123283955,723990
77,123656015,723990
77,124012038,723990
77,124403956,723991
77,124756476,723991
77,125135737,723990
77,125498608,723990
77,125892923,723992
77,126261943,723991
77,126658168,723990
77,127053454,723991
78,735712,24000
78,1150048,24344
78,1535834,24892
78,1930093,25401
78,2326824,26230
78,2725102,27256
78,3147555,28430
78,3533484,29847
78,3929317,31262
78,4331026,33043
78,4721314,35039
78,5116697,36926
78,5491923,39265
78,5887266,41812
78,6283216,44235
78,6657374,47236
78,7075012,50452
78,7471518,53784
78,7886552,57250
78,8287093,60476
78,8657732,64438
78,9053865,68060
78,9434557,72251
78,9825400,76077
78,10243842,81439
78,10658645,86396
78,11054741,91317
78,11451376,95934
78,11827376,101582
78,12335598,108485
78,12840088,116040
78,13359701,123737
78,13857737,131778
78,14380989,140213
78,14901824,148837
78,15424390,157807
78,15851742,165251
78,16249706,172879
78,16731111,182723
78,17194919,191740
78,17606429,200117
78,18037659,208524
78,18432623,217295
78,18844702,226101
78,19241952,234122
78,19633737,243325
78,20029179,251651
78,20493067,263734
78,20912098,273560
78,21319072,283723
78,21703252,292641
78,22079485,302561
78,22473341,312521
78,22864753,321377
78,23241112,331452
78,23638256,340284
78,24031870,350487
78,24431393,360713
78,24844726,370952
78,25245415,381169
78,25656219,391478
78,26051125,400361
78,26429991,410662
78,26823693,420882
78,27225266,429825
78,27596547,440124
78,27986361,448989
78,28363702,459290
78,28758133,468193
78,29143000,478112
78,29531434,486422
78,29903563,494757
78,30258529,503121
78,30632891,512207
78,31006374,520196
78,31369079,527943
78,31741633,536711
78,32155950,545215
78,32555783,552636
78,32928759,560716
78,33324774,567828
78,33719292,575545
78,34132296,583229
78,34528855,590574
78,34903971,596918
78,35285406,603989
78,35678145,609889
78,36052228,616713
78,36449487,623034
78,36844234,628611
78,37240728,634737
78,37631852,639728
78,37986513,644917
78,38366557,650430
78,38758850,654959
78,39143042,660401
78,39528549,664759
78,39880070,668786
78,40236596,673051
78,40610310,677705
78,41006311,681234
78,41362068,684824
78,41735166,688919
78,42143371,692568
78,42533198,695560
78,42927411,698886
78,43326480,701998
78,43717732,704934
78,44114821,707317
78,44486544,709488
78,44864431,711810
78,45259204,713694
78,45613943,715667
78,46009245,717215
78,46388241,718829
78,46782787,720041
78,47164596,721281
78,47553104,722173
78,47922819,722872
78,48281282,723545
78,48675276,723989
78,49048270,724243
78,49416134,724339
78,49801191,724308
78,50163755,724544
78,50534211,724993
78,50926043,725044
78,51301918,725123
78,51697651,725211
78,52076341,725169
78,52471838,725177
78,52880910,725119
78,53242843,725055
78,53636687,724989
78,54030827,724926
78,54386646,724865
78,54761995,724819
78,55144327,724768
78,55551882,724727
78,55944925,724686
78,56324893,724655
78,56716054,724623
78,57072325,724595
78,57448347,724569
78,57844795,724545
78,58267114,724519
78,58653861,724499
78,59028389,724477
78,59384213,724460
78,59736054,724444
78,60110511,724424
78,60513337,724406
78,60906859,724395
78,61281304,724380
78,61676032,724373
78,62051904,724361
78,62406508,724341
78,62797758,724323
78,63180329,724307
78,63569089,724288
78,63946958,724274
78,64304916,724260
78,64695470,724250
78,65068320,724235
78,65429361,724223
78,65823397,724213
78,66199030,724204
78,66589444,724193
78,66968279,724185
78,67366398,724181
78,67737743,724171
78,68141172,724163
78,68528982,724153
78,68902492,724144
78,69263033,724141
78,69636255,724134
78,70027367,724129
78,70387577,724123
78,70759929,724116
78,71161589,724105
78,71530253,724099
78,71879615,724088
78,72238004,724077
78,72633418,724070
78,73005034,724066
78,73363720,724057
78,73767739,724052
78,74143008,724045
78,74529125,724039
78,74880694,724033
78,75259226,724030
78,75613110,724027
78,75984443,724023
78,76386802,724021
78,76781918,724018
78,77164339,724014
78,77551495,724011
78,77927995,724008
78,78324684,724005
78,78701680,724003
78,79094380,723999
78,79468849,723994
78,79862800,723990
78,80240074,723984
78,80636292,723979
78,81027585,723974
78,81407228,723967
78,81801097,723964
78,82181761,723954
78,82579327,723947
78,82949457,723939
78,83346993,723932
78,83756986,723924
78,84109570,723916
78,84486152,723908
78,84880672,723898
78,85237218,723888
78,85610427,723879
78,86005540,723873
78,86368032,723869
78,86738344,723860
78,87145453,723828
78,87556111,723798
78,87947383,723776
78,88302984,723760
78,88671125,723760
78,89025502,723767
78,89388129,723783
78,89759007,723805
78,90112832,723834
78,90511115,723852
78,90884647,723870
78,91240102,723884
78,91635952,723895
78,92026309,723908
78,92407847,723913
78,92780091,723922
78,93140455,723929
78,93529959,723931
78,93880621,723933
78,94280282,723933
78,94653843,723933
78,95025527,723932
78,95384579,723932
78,95777370,723932
78,96160357,723933
78,96549239,723935
78,96921999,723936
78,97282594,723937
78,97706940,723940
78,98094509,723943
78,98469257,723945
78,98864503,723949
78,99260182,723950
78,99632819,723954
78,99985031,723956
78,100364073,723957
78,100756403,723961
78,101109577,723961
78,101530348,723961
78,101881521,723964
78,102240198,723965
78,102634020,723966
78,103006074,723967
78,103364765,723968
78,103738384,723968
78,104140822,723969
78,104529003,723971
78,104900979,723972
78,105260344,723972
78,105653423,723972
78,106026948,723972
78,106384024,723974
78,106765388,723975
78,107163413,723976
78,107547987,723977
78,107921987,723979
78,108285481,723978
78,108674981,723977
78,109047996,723977
78,109406906,723978
78,109780822,723978
78,110185457,723979
78,110574059,723979
78,110945618,723979
78,111304586,723979
78,111697387,723979
78,112073353,723979
78,112455204,723981
78,112841171,723981
78,113196945,723981
78,113598191,723982
78,113984614,723983
78,114365300,723983
78,114739376,723983
78,115139891,723985
78,115530343,723985
78,115901002,723985
78,116258158,723986
78,116633467,723986
78,116983139,723986
78,117362622,723986
78,117756580,723987
78,118109759,723986
78,118528437,723986
78,118879833,723986
78,119238765,723986
78,119636673,723987
78,120029760,723987
78,120407958,723986
78,120781539,723987
78,121185316,723988
78,121572859,723988
78,121974141,723988
78,122362497,723989
78,122734819,723990
78,123146305,723990
78,123532419,723990
78,123906926,723991
78,124304660,723991
78,124676284,723990
78,125073158,723990
78,125445405,723990
78,125797558,723990
78,126161475,723990
78,126568887,723990
78,126922322,723990
78,127281277,723991
78,127693906,723991
79,715562,24002
79,1094390,24281
79,1496646,24833
79,1893193,25409
79,2291540,26241
79,2680178,27130
79,3053052,28129
79,3409466,29295
79,3784088,30657
79,4156968,32355
79,4556808,34291
79,4935653,36097
79,5307108,38088
79,5697947,40520
79,6073826,42835
79,6433076,45323
79,6806260,48407
79,7199449,51669
79,7621688,55051
79,8015940,58148
79,8389716,61927
79,8783413,65466
79,9156852,69106
79,9514347,73330
79,9909114,77229
79,10293437,82073
79,10680050,86408
79,11051849,90706
79,11409242,95265
79,11760626,100170
79,12113917,105046
79,12473719,109922
79,12865057,116051
79,13253918,122241
79,13657972,127620
79,14010123,133507
79,14370064,139402
79,14764056,146147
79,15135946,152483
79,15494799,158711
79,15888372,166216
79,16270848,173827
79,16659352,180691
79,17009789,187759
79,17387004,194835
79,17761684,202242
79,18114664,209602
79,18486984,218399
79,18889900,227239
79,19291478,236401
79,19684045,244496
79,20055870,253994
79,20457882,263723
79,20871407,272298
79,21277256,282431
79,21658122,291333
79,22011057,300133
79,22371035,309927
79,22765920,320082
79,23160998,328915
79,23558073,338941
79,23952590,349180
79,24370610,359376
79,24791338,369607
79,25184525,379885
79,25582071,390155
79,26004203,400367
79,26393721,409394
79,26764280,419625
79,27181277,429852
79,27559891,438854
79,27954067,449014
79,28346262,458026
79,28719454,468212
79,29114865,476949
79,29476106,486448
79,29869419,494773
79,30276026,504306
79,30663271,513342
79,31057090,521330
79,31436744,530141
79,31810571,537804
79,32182537,545226
79,32552793,552648
79,32908363,559724
79,33271207,567829
79,33659441,574595
79,34010614,581295
79,34371194,587866
79,34763170,594131
79,35113977,600443
79,35475716,607144
79,35869116,612940
79,36249988,619297
79,36639367,624593
79,37031185,630930
79,37411023,636787
79,37804848,642049
79,38179430,647332
79,38534487,652075
79,38905460,656867
79,39271962,662425
79,39659081,666671
79,40030755,670854
79,40389893,675649
79,40782258,679451
79,41156161,683014
79,41517159,687118
79,41911267,690525
79,42294421,694051
79,42683274,696994
79,43089508,700199
79,43456184,703287
79,43849009,705799
79,44221998,708394
79,44620348,710502
79,44990640,712476
79,45348605,714574
79,45744799,716253
79,46113729,717769
79,46474000,719323
79,46870112,720491
79,47269903,721682
79,47659812,722509
79,48012246,723174
79,48368059,723808
79,48763391,724186
79,49138963,724375
79,49494637,724436
79,49887561,724424
79,50279820,724842
79,50657883,725168
79,51033478,725196
79,51388561,725270
79,51760591,725359
79,52114114,725340
79,52469816,725291
79,52864124,725209
79,53218728,725128
79,53607375,725031
79,53991835,724964
79,54348772,724905
79,54724630,724849
79,55118817,724802
79,55494945,724761
79,55890504,724724
79,56276555,724687
79,56659802,724648
79,57054580,724623
79,57436348,724594
79,57826350,724567
79,58252507,724546
79,58619803,724524
79,59012435,724504
79,59370273,724487
79,59764299,724462
79,60158533,724441
79,60514954,724410
79,60909188,724384
79,61271941,724355
79,61660124,724331
79,62032316,724311
79,62390672,724289
79,62766591,724272
79,63160820,724259
79,63557844,724244
79,63935149,724231
79,64309883,724219
79,64705264,724203
79,65097614,724190
79,65475149,724182
79,65870619,724173
79,66273263,724163
79,66660947,724154
79,67065480,724149
79,67457893,724142
79,67847394,724137
79,68220577,724133
79,68596534,724133
79,68992711,724131
79,69367751,724127
79,69762410,724122
79,70117550,724118
79,70473575,724116
79,70868327,724115
79,71272701,724108
79,71659386,724102
79,72013518,724097
79,72368124,724091
79,72761504,724084
79,73137922,724079
79,73523078,724075
79,73914181,724068
79,74296348,724063
79,74693871,724062
79,75061828,724055
79,75458463,724053
79,75865964,724047
79,76220040,724042
79,76620916,724038
79,76994366,724036
79,77393620,724031
79,77765685,724029
79,78160281,724028
79,78558197,724026
79,78934647,724025
79,79308026,724022
79,79678640,724017
79,80053439,724013
79,80412155,724012
79,80784446,724012
79,81137111,724011
79,81493985,724010
79,81888814,724009
79,82271784,724007
79,82659085,724007
79,83031125,724006
79,83388373,724003
79,83742355,724000
79,84093466,723997
79,84474335,723996
79,84867507,723993
79,85220461,723993
79,85618729,723990
79,85991442,723987
79,86391134,723982
79,86766891,723980
79,87161435,723977
79,87557059,723970
79,87957030,723966
79,88349743,723961
79,88721205,723954
79,89115942,723947
79,89476829,723945
79,89869854,723939
79,90272024,723931
79,90660343,723926
79,91054063,723920
79,91441664,723914
79,91826387,723906
79,92251207,723894
79,92638345,723884
79,93012566,723878
79,93367833,723870
79,93741301,723863
79,94095266,723847
79,94471649,723818
79,94844971,723793
79,95220387,723773
79,95621949,723764
79,95993636,723765
79,96392039,723776
79,96764215,723796
79,97160459,723824
79,97557321,723846
79,97927607,723862
79,98294207,723879
79,98690464,723890
79,99058636,723898
79,99436263,723906
79,99823774,723913
79,100178537,723920
79,100535003,723925
79,100907986,723927
79,101276217,723928
79,101658879,723929
79,102031789,723929
79,102391078,723928
79,102783558,723927
79,103159014,723927
79,103515344,723927
79,103908658,723929
79,104271368,723931
79,104658581,723934
79,105032498,723935
79,105408966,723940
79,105762642,723941
79,106115827,723944
79,106475732,723946
79,106874070,723948
79,107277817,723950
79,107663050,723951
79,108078284,723955
79,108475104,723957
79,108870153,723958
79,109274931,723959
79,109660031,723960
79,110056718,723961
79,110430249,723962
79,110830097,723964
79,111253406,723964
79,111638755,723965
79,112013280,723966
79,112371082,723967
79,112765151,723967
79,113158909,723969
79,113537348,723972
79,113909782,723972
79,114271881,723973
79,114659734,723975
79,115034512,723975
79,115388875,723976
79,115794492,723978
79,116162778,723977
79,116555353,723977
79,116929053,723980
79,117293711,723980
79,117705779,723979
79,118096683,723980
79,118476376,723980
79,118869972,723980
79,119275692,723981
79,119640975,723982
79,120036142,723982
79,120413497,723983
79,120805156,723983
79,121178446,723984
79,121536011,723983
79,121930786,723986
79,122309801,723986
79,122702697,723985
79,123125399,723986
79,123518771,723986
79,123890111,723987
79,124291897,723987
79,124660725,723988
79,125075279,723989
79,125436426,723989
79,125830504,723989
79,126251990,723990
79,126663536,723990
79,127054689,723990
79,127410261,723990
79,127784573,723991
79,128137239,723991
79,128496627,723991
79,128870460,723991
79,129274926,723991
79,129642305,723991
79,130036148,723991
79,130433314,723991
80,717998,24001
80,1118972,24350
80,1517473,24840
80,1910593,25418
80,2282870,26250
80,2678868,27142
80,3058827,28295
80,3472158,29676
80,3879555,31070
80,4248522,32821
80,4637513,34795
80,5035486,36649
80,5428776,38975
80,5835830,41490
80,6220737,43885
80,6594470,46856
80,6992816,50046
80,7386331,52941
80,7780367,56374
80,8179973,60016
80,8573953,63441
80,8951987,67553
80,9344034,71737
80,9740852,75526
80,10162847,80208
80,10539523,85163
80,10953968,90074
80,11346517,95254
80,11763734,100867
80,12162208,105721
80,12552973,111390
80,12953240,117616
80,13348011,123736
80,13741505,129235
80,14137601,136058
80,14530993,142699
80,14932193,149753
80,15345424,156913
80,15739288,163329
80,16153592,171001
80,16553693,178684
80,16952447,186761
80,17345067,194838
80,17739722,203293
80,18136124,210689
80,18531963,219497
80,18928582,228373
80,19344488,237529
80,19739042,246893
80,20156329,256376
80,20573256,266176
80,20973032,276063
80,21386481,286217
80,21782848,295205
80,22158409,304964
80,22552904,313785
80,22950015,323909
80,23343984,333922
80,23740368,344176
80,24136404,354267
80,24552041,364559
80,24971660,374818
80,25364253,383718
80,25744302,394052
80,26147715,402929
80,26515712,413226
80,26932401,423495
80,27324749,433660
80,27718973,442697
80,28136417,454162
80,28529326,463117
80,28928508,473316
80,29321926,482882
80,29739511,492398
80,30141518,500742
80,30510291,509970
80,30908593,519063
80,31326769,527953
80,31718828,536694
80,32118135,544059
80,32488912,552219
80,32892131,558779
80,33260539,566464
80,33655231,573069
80,34037949,580647
80,34429436,587399
80,34814419,594893
80,35212325,601440
80,35575665,608495
80,35973834,615599
80,36367977,621398
80,36744244,627923
80,37141721,633556
80,37532461,639452
80,37928492,645460
80,38322379,650438
80,38718610,655576
80,39095047,660928
80,39491302,665389
80,39876832,669971
80,40265311,674675
80,40677506,678611
80,41076146,682587
80,41480733,686605
80,41883219,690605
80,42281454,694097
80,42677156,697365
80,43079767,700200
80,43446764,703280
80,43877730,706116
80,44268288,708391
80,44638387,710792
80,45034151,713009
80,45428560,714825
80,45814911,716706
80,46199618,718188
80,46572784,719677
80,46994630,720971
80,47370023,721948
80,47760637,722821
80,48159228,723520
80,48551810,723998
80,48951171,724317
80,49343345,724430
80,49738707,724404
80,50141029,724632
80,50531991,725101
80,50929008,725171
80,51321578,725235
80,51697317,725348
80,52123989,725326
80,52514145,725285
80,52929196,725193
80,53322995,725114
80,53717294,725018
80,54117433,724949
80,54493078,724895
80,54876843,724841
80,55265702,724787
80,55674938,724753
80,56053182,724716
80,56446458,724684
80,56821105,724647
80,57221128,724613
80,57635206,724582
80,58038250,724550
80,58430122,724527
80,58813248,724502
80,59177831,724482
80,59572926,724460
80,59969338,724446
80,60354808,724428
80,60740873,724412
80,61135577,724395
80,61531170,724374
80,61927404,724350
80,62322142,724329
80,62696246,724311
80,63052501,724291
80,63447687,724267
80,63832208,724248
80,64198806,724224
80,64593582,724211
80,64996659,724195
80,65370903,724180
80,65770986,724166
80,66180930,724155
80,66575449,724140
80,66952700,724130
80,67344742,724124
80,67741332,724119
80,68118818,724110
80,68487110,724104
80,68889861,724097
80,69302892,724092
80,69698552,724089
80,70076791,724088
80,70467194,724086
80,70852805,724084
80,71240825,724083
80,71634070,724083
80,72032457,724082
80,72425016,724083
80,72852060,724088
80,73238392,724090
80,73617878,724088
80,73995394,724083
80,74362841,724077
80,74743354,724070
80,75141936,724065
80,75509409,724063
80,75912672,724057
80,76303294,724053
80,76676704,724051
80,77076927,724048
80,77449460,724047
80,77853164,724044
80,78241147,724043
80,78639242,724039
80,79034253,724031
80,79450186,724024
80,79852976,724019
80,80240909,724016
80,80639689,724015
80,81034302,724012
80,81426467,724012
80,81812568,724012
80,82198275,724012
80,82572822,724012
80,82969168,724011
80,83343180,724008
80,83738994,724007
80,84141328,724010
80,84510262,724010
80,84928979,724010
80,85333843,724009
80,85699043,724008
80,86094563,724008
80,86489236,724007
80,86883799,724007
80,87283376,724009
80,87678008,724012
80,88055275,724013
80,88448814,724013
80,88852947,724013
80,89241904,724012
80,89636305,724011
80,90033768,724007
80,90406876,724007
80,90823682,724003
80,91198262,724000
80,91593020,723998
80,91995735,723994
80,92385414,723991
80,92816912,723984
80,93178986,723980
80,93572860,723974
80,93992393,723965
80,94388359,723955
80,94811288,723944
80,95199008,723936
80,95571649,723924
80,95969617,723912
80,96342325,723904
80,96738418,723894
80,97095646,723881
80,97468150,723872
80,97884988,723863
80,98284266,723852
80,98677797,723844
80,99056783,723817
80,99448835,723777
80,99852675,723752
80,100240010,723728
80,100638713,723725
80,101052952,723732
80,101447118,723750
80,101835507,723777
80,102221690,723807
80,102592991,723833
80,102992333,723851
80,103386854,723869
80,103780350,723885
80,104156345,723893
80,104551894,723902
80,104927148,723910
80,105299783,723917
80,105656689,723923
80,106054591,723925
80,106428835,723925
80,106832437,723925
80,107197887,723923
80,107593828,723919
80,107970922,723919
80,108363718,723921
80,108742874,723921
80,109146060,723923
80,109512953,723926
80,109909085,723930
80,110314248,723932
80,110680589,723936
80,111079142,723940
80,111449598,723942
80,111853290,723945
80,112219199,723947
80,112613737,723951
80,112998322,723953
80,113387673,723954
80,113781540,723959
80,114157581,723959
80,114551101,723959
80,114949933,723961
80,115342602,723962
80,115749224,723962
80,116158231,723964
80,116551725,723966
80,116949659,723966
80,117342533,723966
80,117738432,723968
80,118140673,723972
80,118550836,723971
80,118950606,723972
80,119343136,723973
80,119738178,723974
80,120100658,723974
80,120512416,723976
80,120909230,723977
80,121283035,723979
80,121677268,723979
80,122055778,723980
80,122449845,723980
80,122852036,723982
80,123240658,723983
80,123618057,723984
80,123997444,723984
80,124387844,723984
80,124812195,723984
80,125177918,723987
80,125573262,723988
80,125970331,723987
80,126342653,723987
80,126738777,723988
80,127119848,723988
80,127514628,723988
80,127929195,723989
80,128342986,723989
80,128740381,723989
80,129119355,723990
80,129515048,723991
80,129927038,723991
80,130321824,723991
80,130697690,723991
80,131097166,723991
80,131468535,723991
80,131877446,723992
80,132244070,723992
80,132635095,723992
80,133031058,723993
81,749142,24015
81,1152853,24420
81,1549048,24898
81,1940177,25494
81,2338574,26358
81,2753035,27395
81,3153805,28598
81,3590955,30047
81,3991431,31682
81,4377464,33533
81,4773368,35296
81,5153393,37210
81,5521291,39577
81,5922862,42155
81,6335531,44962
81,6730650,48023
81,7127311,50867
81,7522902,54218
81,7917679,57712
81,8314228,60970
81,8709006,64965
81,9107904,69120
81,9501416,73339
81,9918887,77817
81,10338955,82691
81,10732615,87621
81,11151137,92589
81,11526616,97326
81,11917357,102976
81,12318476,108476
81,12730807,114458
81,13128394,119944
81,13522335,126018
81,13922961,132620
81,14314668,139386
81,14729241,146139
81,15127727,152472
81,15501058,159611
81,15897231,167184
81,16300105,173813
81,16667195,181690
81,17087104,189715
81,17481673,196922
81,17855053,205356
81,18252597,213977
81,18648155,221660
81,19150981,234119
81,19659779,245686
81,20181893,257566
81,20702400,269831
81,21225295,282428
81,21721653,295189
81,22172134,304935
81,22571349,314968
81,22973803,323809
81,23428786,336357
81,23930163,349178
81,24450519,361983
81,24991416,376116
81,25512710,388886
81,25973992,400407
81,26491794,413243
81,26936796,424797
81,27362724,433679
81,27730890,443982
81,28220921,456756
81,28741703,469513
81,29277070,481697
81,29710359,491243
81,30196447,503163
81,30626477,512241
81,31039211,522477
81,31460746,530162
81,31852969,538897
81,32236536,547348
81,32649382,555641
81,33047298,563608
81,33455644,571472
81,33856990,577989
81,34229705,585498
81,34643134,591681
81,35008761,598846
81,35393351,604827
81,35771445,611590
81,36166425,618414
81,36580212,623995
81,36932794,630635
81,37331106,636009
81,37703577,641161
81,38082836,647286
81,38475872,652084
81,38828802,656667
81,39206870,661461
81,39559300,666416
81,39962560,670436
81,40350687,675247
81,40723459,679082
81,41079722,682538
81,41431615,686098
81,41806049,690122
81,42204287,693194
81,42577529,696082
81,42931842,699436
81,43335778,702159
81,43708006,705013
81,44128216,707731
81,44521065,710212
81,44920328,712175
81,45294118,714287
81,45706774,715992
81,46082438,717732
81,46455335,719119
81,46828774,720312
81,47188792,721514
81,47580909,722367
81,47964082,723146
81,48351816,723713
81,48724420,724118
81,49081781,724333
81,49435432,724401
81,49807858,724369
81,50211001,724731
81,50601997,725052
81,50965064,725061
81,51333442,725169
81,51725364,725228
81,52080906,725173
81,52455408,725181
81,52808045,725148
81,53185577,725088
81,53580153,725044
81,53944028,724987
81,54358300,724933
81,54751682,724889
81,55126531,724832
81,55521023,724796
81,55899879,724752
81,56293683,724704
81,56709195,724658
81,57103434,724625
81,57476585,724591
81,57842733,724557
81,58234546,724525
81,58603111,724501
81,58965155,724468
81,59353698,724441
81,59726440,724417
81,60084955,724399
81,60477303,724387
81,60850628,724377
81,61208854,724362
81,61602634,724349
81,61985709,724334
81,62372211,724320
81,62745674,724304
81,63102634,724288
81,63454016,724277
81,63808980,724265
81,64186284,724255
81,64580044,724245
81,64934520,724236
81,65315241,724228
81,65707784,724223
81,66106926,724213
81,66478478,724201
81,66832651,724190
81,67210646,724175
81,67603989,724163
81,67963592,724151
81,68334407,724137
81,68725361,724127
81,69084195,724120
81,69457921,724111
81,69811321,724104
81,70209932,724099
81,70604189,724093
81,70987345,724088
81,71354035,724082
81,71703375,724075
81,72083660,724071
81,72457082,724066
81,72828396,724062
81,73187557,724061
81,73581716,724056
81,73962369,724050
81,74353063,724049
81,74724143,724045
81,75081682,724041
81,75433950,724038
81,75807113,724039
81,76210213,724039
81,76605442,724037
81,76988114,724038
81,77377308,724044
81,77750561,724046
81,78158541,724045
81,78516970,724041
81,78871342,724040
81,79231099,724037
81,79626391,724035
81,80021722,724032
81,80425133,724029
81,80813946,724025
81,81188242,724022
81,81582527,724019
81,81942230,724019
81,82310084,724014
81,82704279,724011
81,83081385,724007
81,83434162,724003
81,83828623,724001
81,84206643,723998
81,84559817,723996
81,84934159,723993
81,85308315,723990
81,85683296,723987
81,86061072,723982
81,86433671,723981
81,86807446,723980
81,87190557,723979
81,87583330,723977
81,87989388,723975
81,88354646,723974
81,88748414,723975
81,89105402,723976
81,89474935,723976
81,89828287,723977
81,90189690,723977
81,90583259,723978
81,90966423,723980
81,91356785,723980
81,91728714,723975
81,92084093,723973
81,92480467,723972
81,92849699,723970
81,93210310,723968
81,93603815,723968
81,93984615,723967
81,94374169,723964
81,94745354,723961
81,95104405,723959
81,95499410,723957
81,95871337,723953
81,96228619,723950
81,96622241,723948
81,97003405,723944
81,97414315,723940
81,97764864,723932
81,98127700,723922
81,98520017,723909
81,98891846,723900
81,99250830,723894
81,99647007,723885
81,100025777,723872
81,100461433,723838
81,100829992,723812
81,101187728,723787
81,101557978,723773
81,101942932,723769
81,102310922,723776
81,102684327,723789
81,103063262,723815
81,103435094,723836
81,103809442,723856
81,104188224,723872
81,104560280,723886
81,104933978,723896
81,105353310,723905
81,105703846,723910
81,106094428,723919
81,106457946,723925
81,106828998,723927
81,107185143,723929
81,107558476,723931
81,107963407,723930
81,108350011,723930
81,108724471,723929
81,109083157,723928
81,109477711,723928
81,109827459,723929
81,110210465,723931
81,110603197,723934
81,110987277,723937
81,111397111,723940
81,111794340,723943
81,112210499,723945
81,112621081,723949
81,112984177,723950
81,113376130,723954
81,113746472,723956
81,114105264,723957
81,114501637,723959
81,114870111,723961
81,115230561,723962
81,115624969,723963
81,116003950,723964
81,116395374,723965
81,116746100,723966
81,117125326,723968
81,117477550,723969
81,117827575,723969
81,118186898,723970
81,118558722,723972
81,118963729,723973
81,119329083,723973
81,119683484,723975
81,120061691,723976
81,120435308,723976
81,120808674,723977
81,121185543,723979
81,121558057,723979
81,121932670,723981
81,122350030,723981
81,122704400,723981
81,123082287,723981
81,123457433,723982
81,123834336,723984
81,124232246,723984
81,124622933,723986
81,125007250,723986
81,125376312,723987
81,125767595,723987
81,126147766,723987
81,126545471,723989
81,126933367,723989
81,127313673,723989
81,127729201,723989
81,128084118,723989
81,128479044,723989
81,128854960,723989
81,129250548,723990
81,129633888,723990
81,130022418,723990
81,130419150,723989
81,130809225,723990
81,131212839,723990
81,131605244,723990
82,721476,24015
82,1120130,24349
82,1492337,24907
82,1874748,25418
82,2264662,26252
82,2658528,27278
82,3055717,28298
82,3450849,29680
82,3851810,31285
82,4244943,32829
82,4642123,34806
82,5014743,36942
82,5409574,38988
82,5787190,41505
82,6201577,44254
82,6597553,46866
82,6973395,50048
82,7367483,53366
82,7805536,56811
82,8200064,60476
82,8596834,64433
82,8992449,68055
82,9365498,72252
82,9774438,76079
82,10138666,80802
82,10534900,85139
82,10910228,90057
82,11304219,94562
82,11693119,100154
82,12083028,105722
82,12474238,110649
82,12852561,116829
82,13266359,122995
82,13658748,128421
82,14058465,135226
82,14450357,141864
82,14853226,148848
82,15243348,155163
82,15615881,162387
82,16014608,170049
82,16428802,177682
82,16830804,184745
82,17201389,192748
82,17595924,200113
82,17976549,208521
82,18388504,217296
82,18784698,224974
82,19180474,234124
82,19575049,243323
82,19975887,252813
82,20367517,261242
82,20773570,271071
82,21162658,281163
82,21555095,291340
82,21989664,301334
82,22394841,311216
82,22789052,321343
82,23205491,331425
82,23596667,340253
82,23997611,350461
82,24375699,359413
82,24753490,369643
82,25146867,378645
82,25517114,388870
82,25913259,399117
82,26308376,408109
82,26692779,418325
82,27078729,427319
82,27451251,437534
82,27851354,447744
82,28243591,456745
82,28642439,466927
82,29035538,476955
82,29429457,485261
82,29805495,494790
82,30199859,503150
82,30597244,512233
82,30995870,521342
82,31386989,530154
82,31792259,537816
82,32164074,546302
82,32560664,554719
82,32956341,561744
82,33349952,569825
82,33748657,577463
82,34162131,585130
82,34554271,592385
82,34957551,598762
82,35350462,605670
82,35761727,612472
82,36162343,619125
82,36558254,625390
82,36957032,631011
82,37351370,636871
82,37754732,642695
82,38177700,648464
82,38555386,653626
82,38953605,658330
82,39345788,663512
82,39731022,668119
82,40119256,672347
82,40510883,676508
82,40873337,680635
82,41262681,684705
82,41689396,688857
82,42077023,692160
82,42448725,695099
82,42808954,698366
82,43200745,701237
82,43574578,704258
82,43980606,706627
82,44352543,709170
82,44807842,711829
82,45212659,713671
82,45577794,715677
82,45977769,717464
82,46372776,718864
82,46767648,720238
82,47172734,721461
82,47557681,722328
82,47956615,723106
82,48352221,723739
82,48755387,724161
82,49147574,724332
82,49514698,724370
82,49914796,724384
82,50284119,724837
82,50691501,725061
82,51056378,725076
82,51453356,725221
82,51848188,725199
82,52221368,725183
82,52617169,725170
82,52997327,725089
82,53391206,725031
82,53812925,724966
82,54184083,724904
82,54579639,724856
82,54976412,724811
82,55350194,724763
82,55747890,724724
82,56122554,724687
82,56517199,724646
82,56935982,724608
82,57349774,724572
82,57756814,724545
82,58127022,724517
82,58516607,724489
82,58935896,724465
82,59351127,724446
82,59760705,724422
82,60163193,724401
82,60553945,724388
82,60954668,724371
82,61347397,724355
82,61755013,724343
82,62124075,724327
82,62511373,724309
82,62909383,724292
82,63283682,724274
82,63689695,724259
82,64055428,724246
82,64449623,724233
82,64854250,724220
82,65245565,724207
82,65620392,724195
82,66002826,724185
82,66372545,724173
82,66768041,724166
82,67160131,724159
82,67554527,724147
82,67958792,724136
82,68352092,724127
82,68756978,724118
82,69127169,724113
82,69507956,724103
82,69895163,724098
82,70284303,724092
82,70657881,724086
82,71054776,724081
82,71429900,724075
82,71828759,724072
82,72212891,724068
82,72598872,724064
82,72995678,724061
82,73365537,724058
82,73764026,724055
82,74178507,724049
82,74554051,724047
82,74950686,724047
82,75324909,724044
82,75721289,724038
82,76123720,724035
82,76497443,724029
82,76900131,724027
82,77268888,724022
82,77662438,724016
82,78040094,724012
82,78432690,724007
82,78811067,724000
82,79203394,723992
82,79597196,723985
82,79978430,723978
82,80371932,723973
82,80768410,723964
82,81161878,723956
82,81554098,723946
82,81957980,723940
82,82347691,723932
82,82731859,723924
82,83096839,723908
82,83491640,723897
82,83869410,723884
82,84263324,723859
82,84692985,723832
82,85057182,723810
82,85449610,723790
82,85869844,723783
82,86267997,723785
82,86697207,723795
82,87084136,723809
82,87450617,723828
82,87854125,723841
82,88248968,723856
82,88624017,723869
82,88995321,723880
82,89393627,723893
82,89810623,723903
82,90205402,723909
82,90574906,723914
82,90977572,723921
82,91351447,723923
82,91754490,723924
82,92127234,723925
82,92518163,723927
82,92935279,723928
82,93328600,723928
82,93714127,723930
82,94098018,723931
82,94483340,723933
82,94874004,723934
82,95283893,723937
82,95711593,723940
82,96096886,723941
82,96481151,723945
82,96869531,723948
82,97283056,723950
82,97698467,723954
82,98103144,723955
82,98492684,723958
82,98875087,723959
82,99267671,723959
82,99696362,723961
82,100100671,723963
82,100513907,723963
82,100915821,723964
82,101307713,723967
82,101690065,723968
82,102057728,723968
82,102450295,723969
82,102875203,723971
82,103268439,723971
82,103689567,723971
82,104075904,723973
82,104449843,723974
82,104849195,723974
82,105222772,723975
82,105617118,723975
82,105993076,723976
82,106388205,723977
82,106804817,723976
82,107200678,723977
82,107574937,723978
82,107972569,723977
82,108367613,723979
82,108782958,723979
82,109163819,723979
82,109557751,723980
82,109956162,723980
82,110350875,723980
82,110747817,723982
82,111145991,723982
82,111512707,723981
82,111915377,723983
82,112289200,723983
82,112690588,723982
82,113056956,723984
82,113450687,723985
82,113852661,723984
82,114242616,723984
82,114622003,723986
82,114996404,723986
82,115388247,723985
82,115786142,723987
82,116180558,723986
82,116576365,723986
82,116951069,723986
82,117387327,723987
82,117807133,723987
82,118176249,723987
82,118532080,723987
82,118927415,723987
82,119281202,723988
82,119689690,723988
82,120074736,723988
82,120472949,723988
82,120891560,723988
82,121287070,723989
82,121687632,723989
82,122060802,723990
82,122450610,723991
82,122851226,723989
82,123242246,723991
82,123641123,723991
82,124064227,723991
82,124435023,723991
82,124832286,723991
82,125223079,723991
82,125595505,723991
82,125996685,723991
82,126367343,723991
84,716675,23999
84,1119669,24349
84,1517268,24839
84,1889954,25337
84,2253031,26134
84,2641297,27006
84,3034931,28133
84,3432618,29479
84,3806201,30857
84,4180763,32347
84,4541254,34031
84,4932423,36086
84,5328407,38372
84,5722112,40510
84,6097435,43170
84,6495623,46074
84,6889709,48807
84,7275596,52083
84,7664762,55056
84,8038587,58605
84,8433333,62426
84,8826867,65989
84,9203666,70155
84,9618691,73863
84,9976386,78396
84,10391789,83303
84,10786856,87616
84,11140400,91944
84,11517766,97312
84,11933601,102965
84,12314330,107777
84,12686134,112889
84,13053555,118398
84,13413985,124478
84,13804791,130076
84,14159298,136061
84,14536531,142696
84,14951054,148843
84,15329197,156050
84,15721737,163340
84,16095727,170054
84,16479522,177690
84,16870908,184750
84,17255645,192761
84,17686674,201190
84,18065648,208540
84,18434968,217309
84,18827423,224977
84,19179745,232977
84,19559159,242126
84,19951488,250449
84,20330401,260014
84,20725857,269820
84,21141997,279812
84,21539384,288417
84,21912448,297943
84,22309597,306815
84,22709578,314929
84,23096444,324594
84,23475573,333685
84,23849145,344706
84,24274007,355538
84,24661743,364803
84,25034318,374108
84,25390177,384536
84,25788916,393702
84,26158944,402668
84,26520137,412511
84,26911256,421155
84,27294374,431247
84,27683790,440074
84,28085735,450181
84,28476299,460680
84,28870703,471158
84,29293856,480894
84,29660664,489405
84,30038438,497950
84,30440017,507488
84,30813639,516611
84,31203716,524663
84,31599640,533606
84,31994718,541131
84,32372324,549613
84,32745693,556941
84,33139917,565082
84,33517781,572165
84,33889956,579105
84,34254544,586876
84,34661851,594190
84,35034509,600685
84,35412066,606810
84,35784626,612749
84,36137893,618571
84,36496395,624942
84,36889357,630572
84,37255935,635743
84,37644528,641473
84,38035001,646650
84,38394478,651980
84,38809110,657185
84,39207078,661849
84,39579724,666618
84,39974115,671223
84,40371721,675367
84,40743737,679154
84,41097290,682606
84,41475079,686632
84,41865371,690099
84,42225560,693218
84,42601215,696530
84,42992869,699381
84,43351516,702117
84,43746575,705034
84,44137903,707396
84,44497079,709872
84,44871105,711869
84,45252614,714003
84,45641804,715723
84,46035277,717275
84,46411933,718887
84,46785128,720095
84,47137767,721184
84,47494215,722105
84,47868850,722831
84,48220810,723524
84,48623856,723987
84,48996723,724280
84,49393190,724369
84,49766002,724348
84,50131783,724568
84,50518715,724900
84,50889704,724912
84,51252820,725023
84,51638192,725125
84,51995155,725051
84,52392464,725078
84,52764756,725061
84,53141706,724997
84,53538301,724989
84,53911073,724932
84,54278550,724889
84,54661518,724844
84,55034330,724795
84,55393556,724743
84,55784950,724710
84,56136036,724674
84,56516610,724633
84,56910954,724602
84,57297115,724567
84,57686895,724541
84,58054853,724517
84,58413787,724497
84,58807115,724474
84,59158890,724462
84,59538960,724445
84,59931926,724437
84,60294492,724421
84,60661244,724407
84,61056640,724393
84,61433378,724380
84,61830929,724366
84,62250369,724356
84,62644613,724355
84,63015733,724363
84,63413542,724349
84,63786818,724335
84,64179916,724311
84,64537261,724286
84,64908975,724260
84,65274028,724237
84,65671975,724222
84,66043871,724214
84,66454962,724198
84,66848924,724187
84,67251639,724180
84,67640294,724177
84,67992213,724176
84,68348200,724179
84,68743213,724179
84,69096714,724174
84,69472036,724158
84,69867710,724141
84,70220488,724122
84,70602112,724109
84,70997182,724102
84,71371765,724096
84,71765417,724093
84,72120469,724093
84,72497232,724093
84,72888798,724094
84,73252108,724096
84,73642305,724094
84,74016419,724090
84,74392106,724088
84,74785751,724083
84,75138361,724075
84,75496917,724068
84,75870479,724054
84,76274834,724041
84,76661268,724028
84,77033706,724022
84,77391432,724020
84,77763887,724021
84,78117655,724027
84,78473547,724031
84,78866745,724033
84,79251723,724044
84,79639324,724043
84,80012709,724037
84,80369130,724031
84,80762750,724023
84,81137946,724016
84,81499584,724012
84,81888776,724011
84,82252158,724013
84,82644071,724012
84,83036766,724010
84,83393695,724010
84,83786158,724012
84,84158918,724013
84,84517907,724013
84,84912653,724013
84,85293233,724012
84,85685237,724012
84,86061451,724014
84,86459354,724021
84,86870548,724022
84,87256058,724024
84,87640870,724028
84,88033905,724022
84,88412559,724011
84,88807675,724004
84,89183673,723999
84,89582307,723997
84,90003309,723997
84,90420030,724004
84,90807326,724006
84,91158835,724011
84,91535598,724015
84,91888451,724015
84,92255302,724013
84,92646710,724015
84,93014708,724016
84,93372482,724014
84,93742742,724010
84,94097007,724006
84,94473936,724003
84,94846185,724000
84,95222430,723997
84,95619231,723997
84,95972381,723997
84,96349402,724000
84,96745893,724000
84,97141806,723998
84,97538228,723992
84,97931620,723992
84,98295219,723989
84,98685229,723989
84,99054194,723991
84,99411373,723993
84,99784516,723996
84,100139526,723997
84,100494402,723999
84,100848004,724001
84,101221977,724001
84,101620245,724004
84,101992569,724009
84,102370239,724011
84,102742203,724010
84,103096682,724006
84,103477817,724001
84,103868087,723996
84,104220446,723991
84,104601533,723987
84,104995098,723982
84,105371720,723983
84,105765555,723984
84,106161521,723984
84,106537093,723983
84,106954978,723979
84,107350446,723979
84,107745883,723979
84,108139936,723980
84,108496097,723984
84,108889826,723989
84,109254242,723991
84,109662637,723994
84,110055723,723994
84,110413234,723992
84,110786214,723988
84,111138640,723985
84,111496074,723983
84,111869446,723982
84,112221292,723979
84,112618387,723977
84,112972186,723973
84,113348649,723971
84,113741917,723967
84,114107434,723963
84,114491490,723960
84,114870321,723953
84,115253328,723948
84,115663598,723941
84,116059584,723934
84,116459628,723927
84,116849464,723915
84,117256220,723906
84,117639733,723901
84,117993932,723893
84,118352690,723887
84,118745966,723880
84,119142600,723868
84,119538768,723853
84,119911878,723841
84,120312074,723832
84,120701587,723827
84,121076706,723824
84,121437138,723823
84,121830592,723823
84,122222462,723824
84,122619787,723827
84,122971305,723828
84,123348845,723820
84,123743037,723798
84,124095792,723776
84,124473456,723750
84,124846507,723737
84,125220358,723732
84,125642368,723742
84,126033903,723765
84,126395324,723793
84,126767231,723830
84,127161771,723860
84,127538030,723892
84,127932658,723912
84,128351388,723931
84,128766872,723939
84,129159007,723943
84,129516230,723945
84,129891016,723946
84,130295237,723945
84,130683583,723941
84,131058691,723938
84,131434654,723933
84,131826638,723929
84,132180132,723925
84,132556892,723921
84,132957064,723920
84,133348131,723920
84,133723864,723924
84,134136920,723929
84,134494879,723935
84,134910778,723940
84,135272591,723945
84,135660090,723950
84,136034370,723957
84,136392075,723960
84,136788028,723963
84,137163352,723965
84,137558623,723967
84,137935680,723967
84,138334685,723967
84,138761796,723967
84,139140339,723968
84,139497297,723967
84,139870499,723967
84,140275141,723967
84,140660032,723967
84,141033594,723967
84,141391101,723968
84,141763855,723971
84,142138769,723973
84,142494229,723974
84,142888205,723976
84,143252955,723977
84,143640464,723978
84,144012526,723979
84,144380189,723980
84,144743715,723982
84,145096352,723982
84,145494907,723983
84,145866684,723985
84,146221236,723985
84,146619618,723985
84,146992492,723985
84,147349767,723984
84,147743334,723984
84,148095658,723983
84,148473851,723983
84,148870219,723985
84,149255246,723984
84,149644190,723984
84,150013519,723985
84,150372792,723985
84,150765966,723985
84,151137996,723986
84,151496344,723986
84,151888492,723986
84,152251406,723988
84,152640915,723988
84,153034185,723988
84,153391684,723986
84,153785798,723986
84,154138662,723987
84,154515185,723988
84,154910888,723988
84,155275795,723988
84,155642982,723988
84,156035403,723988
84,156411292,723987
84,156805098,723986
84,157159063,723989
84,157536063,723989
84,157930921,723988
84,158297821,723988
84,158663704,723988
84,159058946,723988
84,159439848,723988
84,159832780,723988
84,160258824,723988
84,160619123,723988
84,160974942,723988
84,161370791,723989
84,161767097,723989
84,162153029,723989
84,162539582,723988
85,729800,24002
85,1097046,24355
85,1491186,24832
85,1874547,25361
85,2258850,26074
85,2612328,26944
85,2990312,27913
85,3341081,29050
85,3714842,30588
85,4115719,32056
85,4487570,33968
85,4900069,36029
85,5287484,38319
85,5676841,40464
85,6037092,42784
85,6429243,45282
85,6780611,47973
85,7140216,51228
85,7530583,54174
85,7914173,57676
85,8306678,61417
85,8700047,64928
85,9097612,69093
85,9493978,73332
85,9897419,77829
85,10285297,82073
85,10680470,87018
85,11078798,91985
85,11489490,96663
85,11843341,102283
85,12263317,107810
85,12656352,112959
85,13013011,118438
85,13388128,124504
85,13780575,130151
85,14138326,136112
85,14509961,141862
85,14893859,148893
85,15281634,155205
85,15635144,161453
85,15995868,169133
85,16388682,175754
85,16781117,183732
85,17182542,191747
85,17575701,200112
85,17993163,208517
85,18388413,217293
85,18785219,224975
85,19182200,234122
85,19577779,243321
85,19995702,252814
85,20389360,262485
85,20806321,272304
85,21202923,282437
85,21616126,291342
85,21995300,301389
85,22388804,311405
85,22802376,320266
85,23182356,330349
85,23581487,340419
85,23972781,349296
85,24345067,359454
85,24738871,368376
85,25107763,377344
85,25469419,387536
85,25873682,397783
85,26282230,406741
85,26634878,415710
85,26996846,424701
85,27389432,434903
85,27784633,445178
85,28181878,455418
85,28596930,465609
85,28993879,475721
85,29406813,484022
85,29779985,493569
85,30162185,501926
85,30536247,511083
85,30934079,519074
85,31310799,527949
85,31700857,536716
85,32098186,544166
85,32493673,552635
85,32897958,560721
85,33283773,567838
85,33655082,574598
85,34014106,582282
85,34409016,588798
85,34780880,595111
85,35139137,602317
85,35534655,608239
85,35912803,615087
85,36301950,620720
85,36678398,626238
85,37031985,631796
85,37384250,636875
85,37738981,641972
85,38100510,647108
85,38493480,652341
85,38895539,657696
85,39286046,662983
85,39703005,667639
85,40099300,671854
85,40491245,676626
85,40877013,680755
85,41261705,684351
85,41634564,687951
85,41993628,691262
85,42383632,694754
85,42742569,697686
85,43117386,700483
85,43491635,703140
85,43845801,706010
85,44246324,708271
85,44613389,710397
85,44974634,712664
85,45366599,714481
85,45740791,716150
85,46098332,717882
85,46491779,719240
85,46895911,720577
85,47285475,721742
85,47686725,722642
85,48074894,723277
85,48451408,723876
85,48845283,724206
85,49223711,724366
85,49627581,724369
85,49995499,724466
85,50400246,724864
85,50761511,724976
85,51120383,725016
85,51509703,725155
85,51875614,725121
85,52246496,725134
85,52638475,725142
85,53014997,725046
85,53407770,725026
85,53781314,724949
85,54141274,724885
85,54531296,724841
85,54893744,724801
85,55283395,724765
85,55656154,724727
85,56013481,724691
85,56388014,724659
85,56737746,724626
85,57096058,724596
85,57469594,724572
85,57871660,724549
85,58259519,724534
85,58634578,724514
85,58989653,724493
85,59341035,724472
85,59717840,724443
85,60120548,724415
85,60488518,724395
85,60842988,724375
85,61243619,724361
85,61617904,724344
85,62013637,724330
85,62387661,724315
85,62784204,724295
85,63181430,724279
85,63555307,724261
85,63952871,724248
85,64367253,724237
85,64742453,724226
85,65139621,724219
85,65534989,724210
85,65914592,724200
85,66303662,724193
85,66675424,724185
85,67035832,724176
85,67428055,724170
85,67799815,724166
85,68158294,724161
85,68510032,724155
85,68871866,724146
85,69239834,724134
85,69591581,724124
85,69967868,724105
85,70341488,724095
85,70716024,724086
85,71095679,724077
85,71488202,724073
85,71853035,724071
85,72225740,724063
85,72617411,724058
85,73014489,724053
85,73398149,724046
85,73787006,724040
85,74182463,724037
85,74555080,724032
85,74932545,724025
85,75330553,724021
85,75741248,724009
85,76098356,724002
85,76490738,723992
85,76872586,723981
85,77283260,723970
85,77636221,723963
85,77992277,723954
85,78385950,723949
85,78758682,723945
85,79116316,723942
85,79511628,723935
85,79892252,723934
85,80280864,723931
85,80655897,723927
85,81010292,723918
85,81362282,723909
85,81717052,723899
85,82098397,723886
85,82492144,723880
85,82900431,723877
85,83263463,723871
85,83656426,723870
85,84036116,723870
85,84451151,723867
85,84842609,723852
85,85219314,723813
85,85613918,723782
85,85992812,723756
85,86385479,723743
85,86737567,723743
85,87095753,723754
85,87488519,723783
85,87870963,723817
85,88238670,723850
85,88591489,723879
85,88971488,723908
85,89344833,723927
85,89716911,723942
85,90098080,723948
85,90491740,723951
85,90845098,723957
85,91240547,723958
85,91592923,723956
85,91968386,723952
85,92342716,723952
85,92736739,723946
85,93099996,723944
85,93490532,723940
85,93871726,723939
85,94285312,723939
85,94679952,723937
85,95076435,723937
85,95480776,723941
85,95876531,723944
85,96261528,723947
85,96613170,723951
85,96993091,723958
85,97389187,723960
85,97793180,723962
85,98187547,723967
85,98576564,723968
85,98993590,723970
85,99386626,723971
85,99738104,723971
85,100116573,723970
85,100512184,723971
85,100894157,723972
85,101280802,723972
85,101634783,723970
85,101989064,723970
85,102363423,723972
85,102717478,723972
85,103093775,723972
85,103488997,723973
85,103842962,723975
85,104244959,723974
85,104614828,723975
85,104972465,723977
85,105346183,723977
85,105742589,723977
85,106160519,723980
85,106555343,723980
85,106936853,723980
85,107331014,723981
85,107738867,723981
85,108094564,723982
85,108467123,723982
85,108879061,723984
85,109264390,723984
85,109636489,723984
85,109992785,723984
85,110387278,723984
85,110759528,723985
85,111118681,723986
85,111509139,723986
85,111894815,723986
85,112306680,723987
85,112704613,723987
85,113119712,723987
85,113511482,723987
85,113896228,723988
85,114282636,723988
85,114634068,723988
85,115014588,723988
85,115409367,723988
85,115782894,723989
85,116138909,723989
85,116532294,723989
85,116941564,723990
85,117304319,723990
85,117680667,723990
85,118084602,723990
85,118492403,723990
85,118894608,723990
85,119281384,723990
85,119676177,723991
85,120045554,723991
85,120428030,723991
85,120800115,723991
85,121156563,723990
85,121509612,723990
85,121873932,723992
85,122297456,723993
86,736957,24002
86,1142155,24348
86,1542961,24890
86,1951961,25459
86,2370678,26321
86,2765000,27355
86,3206136,28551
86,3601653,29995
86,3995931,31632
86,4414827,33480
86,4829544,35511
86,5224093,37745
86,5641361,40157
86,6039587,42454
86,6410391,45290
86,6805442,47975
86,7182166,51230
86,7577461,54607
86,7972802,57680
86,8327208,60940
86,8722673,64423
86,9086318,68562
86,9452604,72250
86,9847322,76664
86,10245342,81439
86,10659643,85764
86,11018172,90692
86,11417665,95264
86,11784527,100857
86,12183334,105704
86,12555052,111407
86,12951038,116832
86,13306284,122208
86,13680917,128418
86,14087365,134376
86,14454377,141007
86,14849345,147947
86,15247753,154288
86,15619776,161437
86,16036781,169110
86,16432718,175749
86,16808411,183735
86,17203827,191752
86,17599189,199075
86,17973303,207484
86,18393352,216210
86,18790591,224999
86,19183622,232999
86,19577194,242162
86,19971367,250478
86,20328779,260038
86,20742161,268641
86,21149735,278644
86,21522052,288780
86,21908544,297729
86,22286851,307574
86,22680930,317741
86,23084096,326587
86,23452820,336592
86,23846204,345557
86,24203465,354330
86,24598743,364596
86,25005044,374839
86,25397426,385012
86,25793506,394071
86,26185443,404216
86,26557966,413217
86,26953611,423488
86,27350355,433652
86,27744107,442689
86,28141301,452839
86,28520129,461801
86,28896264,472020
86,29293086,481635
86,29702825,491202
86,30128625,500726
86,30518390,508821
86,30892111,517892
86,31288770,526839
86,31701826,535603
86,32110047,543092
86,32473700,551584
86,32867507,558707
86,33224654,565813
86,33619251,573650
86,34015463,581307
86,34415137,588800
86,34825518,595115
86,35182087,602292
86,35576187,608211
86,35949799,614219
86,36312658,620695
86,36702729,626219
86,37086992,632550
86,37477031,637588
86,37849087,643475
86,38247555,648488
86,38640710,653661
86,39016950,658410
86,39393902,663597
86,39791477,668218
86,40183755,672458
86,40557722,677175
86,40952378,680774
86,41331305,684793
86,41725054,688395
86,42128879,692203
86,42495964,695176
86,42888113,698460
86,43245364,701249
86,43618619,703876
86,44012365,706676
86,44369299,708906
86,44743908,710971
86,45125160,713173
86,45513584,714960
86,45879396,716587
86,46245882,718284
86,46639925,719583
86,47016366,720872
86,47416315,721979
86,47805830,722727
86,48184856,723433
86,48578652,723922
86,48955099,724248
86,49382307,724355
86,49768644,724326
86,50167386,724546
86,50554935,724876
86,50932943,724871
86,51329233,725021
86,51721656,725088
86,52090706,725038
86,52474323,725098
86,52846491,725071
86,53204912,725035
86,53619494,725011
86,54014197,724947
86,54369876,724902
86,54742764,724851
86,55126395,724787
86,55514422,724745
86,55892968,724712
86,56265039,724675
86,56637929,724642
86,56992429,724614
86,57349462,724592
86,57741582,724571
86,58130500,724546
86,58516022,724527
86,58891954,724497
86,59292063,724468
86,59700575,724442
86,60053841,724418
86,60453554,724403
86,60824806,724386
86,61182422,724365
86,61558784,724349
86,61951904,724330
86,62351112,724310
86,62723841,724288
86,63130442,724271
86,63496153,724256
86,63887613,724247
86,64245068,724234
86,64618723,724226
86,64970109,724220
86,65328960,724214
86,65723169,724202
86,66126298,724193
86,66515324,724185
86,66907696,724181
86,67264239,724175
86,67638807,724168
86,68037686,724162
86,68409471,724152
86,68804520,724142
86,69182384,724133
86,69578376,724124
86,69960865,724115
86,70355448,724106
86,70724758,724101
86,71125792,724091
86,71513639,724086
86,71868248,724080
86,72245220,724072
86,72639470,724068
86,73013516,724065
86,73368458,724060
86,73775030,724054
86,74146343,724050
86,74512768,724047
86,74867068,724043
86,75229351,724036
86,75621246,724028
86,76015855,724019
86,76396912,724011
86,76764856,724005
86,77163400,723997
86,77554548,723989
86,77929042,723981
86,78321085,723974
86,78702396,723967
86,79108371,723960
86,79498706,723954
86,79868838,723945
86,80246847,723942
86,80639857,723937
86,81037414,723933
86,81409820,723930
86,81827990,723929
86,82227172,723927
86,82599872,723925
86,82994072,723914
86,83392348,723906
86,83768013,723898
86,84159177,723888
86,84556671,723880
86,84928868,723876
86,85306246,723852
86,85723260,723813
86,86126361,723783
86,86535065,723761
86,86886026,723755
86,87246008,723758
86,87641697,723771
86,88018704,723798
86,88415396,723829
86,88826598,723854
86,89223202,723877
86,89597039,723889
86,89949328,723902
86,90326888,723912
86,90723140,723919
86,91126832,723928
86,91517575,723934
86,91893557,723938
86,92266410,723939
86,92661115,723940
86,93055852,723940
86,93455005,723938
86,93849721,723937
86,94224045,723935
86,94630388,723934
86,94994536,723936
86,95389686,723939
86,95785454,723941
86,96205172,723944
86,96576432,723947
86,96972173,723949
86,97328915,723951
86,97700349,723955
86,98054512,723955
86,98462905,723958
86,98826242,723960
86,99224435,723962
86,99618333,723962
86,100012580,723963
86,100368876,723964
86,100763791,723965
86,101127462,723966
86,101535702,723966
86,101907496,723967
86,102271086,723968
86,102642750,723969
86,103016535,723970
86,103389082,723972
86,103787895,723972
86,104182140,723973
86,104556741,723974
86,104971837,723975
86,105328497,723975
86,105721211,723975
86,106105680,723975
86,106495081,723976
86,106886964,723976
86,107266538,723976
86,107665183,723976
86,108053648,723979
86,108455690,723979
86,108846345,723979
86,109204538,723979
86,109576425,723980
86,109970234,723981
86,110327801,723981
86,110722944,723981
86,111125745,723982
86,111512945,723983
86,111867366,723983
86,112243347,723983
86,112639350,723983
86,112991002,723983
86,113372332,723983
86,113767547,723985
86,114142235,723985
86,114535466,723985
86,114953165,723986
86,115350337,723986
86,115721298,723986
86,116086593,723986
86,116472405,723987
86,116849819,723986
86,117245325,723986
86,117619752,723986
86,118016161,723987
86,118394587,723987
86,118788940,723987
86,119194573,723987
86,119556041,723987
86,119949920,723988
86,120328996,723990
86,120722525,723989
86,121127564,723990
86,121515504,723990
86,121912201,723990
86,122328091,723991
86,122721934,723991
86,123136068,723991
86,123515070,723991
86,123907491,723991
86,124266667,723991
86,124666901,723991
86,125056149,723991
86,125434762,723991
87,745872,24002
87,1139423,24349
87,1532550,24822
87,1913257,25371
87,2305789,26076
87,2698627,27081
87,3096597,28227
87,3491313,29602
87,3892148,30999
87,4263842,32750
87,4657019,34480
87,5037672,36590
87,5430689,38922
87,5832258,41113
87,6220943,43834
87,6615805,46419
87,6973848,49583
87,7367225,52472
87,7751886,55898
87,8139070,59053
87,8510715,62415
87,8868733,66501
87,9284104,70686
87,9677869,74441
87,10035968,78431
87,10409303,83311
87,10814430,88240
87,11249205,93276
87,11638358,98784
87,12036788,104368
87,12431766,109232
87,12812263,114537
87,13180145,120738
87,13553215,126056
87,13929962,132707
87,14330184,138601
87,14722953,145288
87,15117381,152538
87,15511984,158735
87,15890763,166245
87,16262087,172902
87,16638571,179683
87,17015378,187749
87,17408195,194821
87,17806871,203283
87,18204936,211770
87,18595825,220580
87,18992984,228369
87,19386582,237521
87,19773011,246886
87,20179766,256370
87,20596374,266169
87,20997017,274802
87,21389693,284953
87,21795597,295204
87,22177832,305068
87,22581894,315244
87,22994722,325324
87,23387176,334098
87,23752213,343027
87,24117106,353075
87,24512615,362065
87,24912990,372257
87,25306088,382465
87,25706374,391496
87,26079591,401627
87,26491437,410664
87,26849491,420858
87,27241085,431083
87,27637079,440096
87,27995729,448952
87,28366999,459255
87,28772508,468154
87,29140639,476891
87,29532651,486412
87,29909142,495943
87,30303961,504270
87,30680894,513319
87,31080737,522452
87,31490007,530111
87,31847194,537782
87,32222326,546277
87,32615702,553661
87,32995424,561728
87,33394347,569808
87,33794277,576477
87,34160411,584167
87,34555905,590541
87,34931766,597795
87,35326211,604817
87,35719125,610748
87,36119882,617537
87,36512009,623054
87,36872044,629440
87,37265237,634771
87,37637753,640509
87,38036138,645708
87,38410706,651117
87,38807413,655678
87,39185267,661092
87,39557920,665328
87,39934669,669378
87,40309387,674276
87,40703861,678169
87,41077511,682187
87,41503007,686383
87,41868267,689869
87,42262118,692958
87,42615483,695943
87,42975591,699286
87,43369286,701995
87,43776701,704914
87,44138992,707654
87,44534419,709794
87,44912267,712072
87,45306277,713964
87,45698203,715909
87,46095463,717647
87,46490757,719047
87,46858277,720237
87,47221780,721456
87,47614893,722330
87,47993481,723099
87,48387318,723664
87,48749076,724081
87,49138174,724318
87,49532450,724373
87,49889155,724359
87,50284060,724709
87,50700536,724853
87,51098744,724891
87,51490728,725072
87,51865823,725033
87,52262461,725045
87,52636664,725062
87,52992684,725000
87,53386909,724978
87,53773237,724928
87,54165173,724907
87,54534540,724869
87,54952730,724820
87,55347455,724779
87,55719457,724742
87,56118029,724700
87,56512302,724669
87,56888908,724631
87,57304097,724607
87,57656782,724579
87,58013649,724551
87,58408872,724527
87,58891265,724501
87,59321534,724478
87,59725518,724461
87,60122471,724444
87,60515157,724428
87,60915071,724408
87,61307430,724388
87,61703725,724371
87,62098028,724361
87,62490466,724359
87,62868133,724352
87,63242494,724341
87,63637301,724325
87,63992409,724307
87,64366396,724287
87,64720285,724258
87,65118679,724237
87,65494204,724217
87,65911149,724198
87,66321802,724187
87,66685788,724173
87,67089483,724163
87,67452659,724152
87,67854221,724139
87,68268681,724129
87,68662904,724125
87,69038774,724116
87,69433572,724112
87,69850051,724107
87,70244008,724105
87,70616245,724101
87,70976413,724098
87,71367728,724095
87,71762693,724092
87,72160713,724089
87,72554744,724083
87,72912188,724072
87,73304190,724068
87,73680424,724062
87,74074566,724058
87,74469641,724055
87,74867597,724054
87,75260861,724053
87,75615400,724053
87,76000798,724051
87,76387907,724050
87,76773015,724047
87,77162770,724046
87,77536352,724044
87,77934393,724040
87,78324513,724036
87,78700083,724030
87,79097474,724024
87,79468356,724013
87,79849927,724003
87,80240507,723995
87,80595605,723983
87,80975948,723967
87,81367356,723958
87,81771158,723943
87,82159308,723929
87,82532146,723911
87,82891075,723899
87,83263584,723883
87,83657579,723875
87,84037006,723867
87,84428549,723860
87,84791545,723854
87,85157936,723825
87,85511581,723771
87,85868710,723742
87,86262468,723707
87,86636116,723702
87,86998511,723710
87,87389169,723727
87,87772563,723755
87,88164177,723790
87,88536837,723822
87,88955312,723845
87,89346486,723862
87,89749946,723886
87,90116193,723900
87,90481747,723911
87,90852272,723924
87,91242063,723935
87,91637549,723936
87,92018739,723936
87,92408933,723936
87,92816597,723934
87,93187977,723931
87,93553112,723931
87,93913428,723929
87,94304829,723929
87,94682987,723930
87,95080239,723933
87,95489306,723934
87,95847475,723938
87,96230321,723941
87,96616913,723943
87,97012777,723947
87,97406223,723952
87,97780128,723952
87,98159238,723957
87,98573707,723958
87,98935576,723959
87,99331867,723960
87,99756018,723961
87,100121387,723962
87,100511734,723963
87,100874312,723964
87,101286356,723965
87,101680967,723966
87,102060967,723966
87,102448506,723967
87,102821382,723968
87,103223959,723970
87,103595952,723971
87,103996908,723972
87,104388278,723973
87,104776102,723974
87,105160440,723975
87,105532242,723976
87,105890501,723976
87,106304511,723978
87,106657557,723977
87,107013018,723978
87,107408616,723979
87,107791409,723979
87,108200113,723978
87,108557234,723980
87,108962354,723980
87,109330779,723980
87,109722561,723981
87,110099276,723981
87,110495348,723981
87,110890689,723981
87,111262784,723981
87,111659028,723983
87,112036915,723983
87,112432847,723983
87,112820988,723983
87,113204655,723983
87,113619704,723984
87,114016086,723984
87,114410441,723985
87,114816655,723985
87,115220147,723985
87,115618827,723986
87,116015292,723987
87,116408302,723986
87,116795590,723985
87,117180065,723987
87,117554023,723988
87,117931965,723987
87,118323943,723987
87,118684167,723987
87,119057878,723987
87,119452687,723987
87,119868892,723988
87,120261300,723988
87,120646607,723989
87,121035911,723989
87,121407967,723989
87,121773310,723989
87,122158321,723990
87,122532518,723990
87,122897718,723990
87,123288136,723990
87,123658211,723990
87,124019757,723990
87,124411457,723991
87,124816873,723991
87,125204109,723991
87,125597997,723991
87,125997469,723991
89,726426,24002
89,1105637,24346
89,1479662,24816
89,1852646,25291
89,2213807,26081
89,2618516,26953
89,2982526,27928
89,3326237,29062
89,3706002,30400
89,4057505,31856
89,4437433,33741
89,4840081,35791
89,5229283,37766
89,5593577,40179
89,5979027,42475
89,6352859,44948
89,6713862,47620
89,7107788,50858
89,7478671,53794
89,7857160,56836
89,8207247,60038
89,8569105,63951
89,8959417,67558
89,9332532,71223
89,9691610,75565
89,10084389,79638
89,10479681,84545
89,10857805,88853
89,11249419,93938
89,11630832,99475
89,12029506,104347
89,12418526,109934
89,12816318,115292
89,13169244,120715
89,13540595,126827
89,13942560,133538
89,14353477,139387
89,14714968,146143
89,15106738,152504
89,15479417,158705
89,15857807,166209
89,16251681,172871
89,16613399,180658
89,17001122,187723
89,17353794,194803
89,17730181,202211
89,18083392,209569
89,18445821,218377
89,18855633,226078
89,19207986,234103
89,19591004,243299
89,19977899,251626
89,20332683,259997
89,20691335,268603
89,21040551,277322
89,21416301,287473
89,21812943,296442
89,22189974,305041
89,22544600,315210
89,22941326,324016
89,23314510,332788
89,23671349,342958
89,24062989,351756
89,24437103,360715
89,24792984,369633
89,25167228,379891
89,25544379,388848
89,25941972,399072
89,26338135,408079
89,26693013,418291
89,27083817,427288
89,27457126,436219
89,27816839,446445
89,28208617,455436
89,28592300,465623
89,28980615,474516
89,29352419,482871
89,29713737,492418
89,30103460,500761
89,30479927,508871
89,30858552,517934
89,31249184,525773
89,31623549,534549
89,32005836,542057
89,32377255,549488
89,32732224,556719
89,33085554,563782
89,33438896,570796
89,33795146,577428
89,34165780,585110
89,34580154,591465
89,34942313,598743
89,35334653,604853
89,35691982,610803
89,36065314,616758
89,36415099,623085
89,36816623,628665
89,37190055,634046
89,37538775,639770
89,37936581,644960
89,38311005,649790
89,38668042,654291
89,39041645,659721
89,39434916,664096
89,39792828,668123
89,40167497,673005
89,40538953,677060
89,40915688,680638
89,41289570,684750
89,41667448,688370
89,42039445,691691
89,42424066,695174
89,42818329,698427
89,43211153,701220
89,43596403,704287
89,43982251,706702
89,44356375,708875
89,44712299,710988
89,45060275,712948
89,45414470,714717
89,45795425,716607
89,46188763,718110
89,46543424,719430
89,46940915,720740
89,47314280,721745
89,47669786,722546
89,48042517,723293
89,48438106,723824
89,48796022,724170
89,49179476,724350
89,49574648,724362
89,49960449,724415
89,50330852,724772
89,50691857,724883
89,51061577,724907
89,51414884,725073
89,51793865,725068
89,52164935,725056
89,52539569,725086
89,52938035,725024
89,53289516,725003
89,53669555,724962
89,54045632,724918
89,54439712,724886
89,54794547,724849
89,55167773,724802
89,55542492,724773
89,55941670,724738
89,56310486,724708
89,56687130,724681
89,57044746,724649
89,57418160,724616
89,57816047,724586
89,58168693,724560
89,58548924,724529
89,58939790,724510
89,59290373,724485
89,59670710,724460
89,60062468,724440
89,60435609,724421
89,60796006,724399
89,61188951,724381
89,61540570,724362
89,61918421,724345
89,62312266,724329
89,62666451,724317
89,63040728,724297
89,63436225,724285
89,63791532,724268
89,64165745,724258
89,64540200,724242
89,64943717,724229
89,65338352,724219
89,65714909,724210
89,66108786,724200
89,66473431,724192
89,66860233,724180
89,67253190,724172
89,67617041,724160
89,68005173,724152
89,68395311,724139
89,68775829,724127
89,69170325,724118
89,69544585,724106
89,69941438,724098
89,70311402,724093
89,70672232,724085
89,71063441,724077
89,71436933,724070
89,71797216,724065
89,72188319,724058
89,72542485,724054
89,72921274,724047
89,73312545,724043
89,73689544,724037
89,74040998,724032
89,74414634,724026
89,74814256,724022
89,75166289,724017
89,75540036,724011
89,75944420,724004
89,76336344,724002
89,76691254,723998
89,77066686,723991
89,77440532,723987
89,77795831,723976
89,78187291,723969
89,78541319,723964
89,78937990,723962
89,79315300,723960
89,79671945,723960
89,80045611,723960
89,80440137,723958
89,80795894,723956
89,81168229,723956
89,81570465,723951
89,81939136,723948
89,82292066,723946
89,82683469,723940
89,83045989,723933
89,83420530,723920
89,83795956,723905
89,84190502,723892
89,84544100,723870
89,84943382,723851
89,85311951,723836
89,85667997,723827
89,86043692,723819
89,86439459,723819
89,86796852,723825
89,87189456,723832
89,87544400,723840
89,87920543,723850
89,88312915,723860
89,88690052,723870
89,89043150,723877
89,89415413,723887
89,89818203,723896
89,90218828,723901
89,90595557,723905
89,90981021,723909
89,91352971,723913
89,91711766,723913
89,92105619,723918
89,92457820,723921
89,92836178,723922
89,93187042,723926
89,93539833,723926
89,93920592,723930
89,94314600,723932
89,94671180,723933
89,95043723,723937
89,95439477,723938
89,95795771,723940
89,96165368,723944
89,96540148,723945
89,96938491,723947
89,97294298,723950
89,97671407,723951
89,98044622,723955
89,98418395,723956
89,98796675,723958
89,99170432,723959
89,99542393,723962
89,99960225,723962
89,100311793,723962
89,100692337,723964
89,101066323,723964
89,101457741,723965
89,101838472,723967
89,102213037,723968
89,102615559,723969
89,102980877,723970
89,103333720,723972
89,103692230,723972
89,104084223,723972
89,104457444,723974
89,104816412,723975
89,105210118,723975
89,105592904,723977
89,106000856,723977
89,106363579,723977
89,106752521,723977
89,107125265,723980
89,107478957,723980
89,107855308,723980
89,108228596,723980
89,108616377,723980
89,109004330,723981
89,109379697,723982
89,109772063,723982
89,110129804,723984
89,110503624,723985
89,110905340,723984
89,111316019,723985
89,111672041,723986
89,112043684,723985
89,112440084,723985
89,112796450,723987
89,113169953,723986
89,113570996,723986
89,113960714,723988
89,114341992,723986
89,114736531,723986
89,115106759,723987
89,115457907,723987
89,115816360,723987
89,116188547,723987
89,116540968,723988
89,116963936,723989
89,117354674,723989
89,117712093,723989
89,118082736,723989
89,118436616,723989
89,118794702,723990
89,119187822,723989
89,119572382,723989
89,119966128,723989
89,120357123,723989
89,120735447,723989
89,121108619,723990
89,121503386,723990
89,121859503,723990
89,122254838,723991
90,733988,24002
90,1108812,24284
90,1502847,24836
90,1884614,25389
90,2276892,26093
90,2649240,27098
90,3053545,28088
90,3420680,29433
90,3818199,30813
90,4213989,32539
90,4608146,34505
90,5008341,36614
90,5401205,38646
90,5781017,41135
90,6190719,43854
90,6584841,46436
90,6964316,49597
90,7358001,52906
90,7761109,55906
90,8128354,59059
90,8480819,62409
90,8836921,65966
90,9210945,69614
90,9563987,73323
90,9940769,77815
90,10336758,82685
90,10743528,87007
90,11110617,91974
90,11502335,96664
90,11859314,101602
90,12233935,107120
90,12631706,112198
90,13005927,118452
90,13402017,124504
90,13796209,130136
90,14191018,136943
90,14585231,142713
90,14939844,148888
90,15313755,156087
90,15691263,162412
90,16067470,170083
90,16479993,176726
90,16841015,184761
90,17254897,192772
90,17648213,200147
90,18004327,207488
90,18377506,215115
90,18741906,223893
90,19127577,231847
90,19501446,239826
90,19858581,249274
90,20252198,257580
90,20625855,266176
90,21004616,276076
90,21398010,284959
90,21762908,295172
90,22173871,304871
90,22566763,314429
90,22964672,322414
90,23336705,331783
90,23762788,341523
90,24149498,350555
90,24542235,361434
90,24923520,372260
90,25334876,381524
90,25689987,392142
90,26112659,402570
90,26501392,411688
90,26880496,422238
90,27274818,432449
90,27666934,441226
90,28065447,451515
90,28459601,460669
90,28815386,470830
90,29231477,479183
90,29583671,487489
90,29962773,497035
90,30361177,506426
90,30761437,514371
90,31148572,523618
90,31533085,532434
90,31961589,541156
90,32356646,548724
90,32720747,557010
90,33108312,563953
90,33503636,571889
90,33878971,578503
90,34277661,585912
90,34655014,593044
90,35047618,599378
90,35464101,606173
90,35839022,613057
90,36230340,618991
90,36607316,624578
90,36965497,631140
90,37358918,636480
90,37742194,642435
90,38128677,648352
90,38522510,653035
90,38881626,657718
90,39273527,662390
90,39627373,666579
90,39986164,671212
90,40377629,675377
90,40762290,679701
90,41162389,683159
90,41523362,687193
90,41921858,691088
90,42335915,694127
90,42689354,697404
90,43110270,700631
90,43501031,703310
90,43864420,705788
90,44233620,708387
90,44629258,710508
90,45026611,712746
90,45424775,714812
90,45817739,716673
90,46210499,718151
90,46584686,719470
90,46942779,720782
90,47333524,721785
90,47688013,722585
90,48087934,723324
90,48481402,723852
90,48840711,724234
90,49233202,724379
90,49605317,724407
90,49964571,724447
90,50360873,724765
90,50741823,724856
90,51129671,724926
90,51522961,725073
90,51899198,725030
90,52278090,725096
90,52673366,725103
90,53043548,725044
90,53397352,725055
90,53760653,724975
90,54148314,724921
90,54501313,724879
90,54880813,724812
90,55273016,724782
90,55627957,724748
90,56030482,724706
90,56407649,724670
90,56775461,724620
90,57169827,724576
90,57585230,724548
90,57944245,724521
90,58316832,724500
90,58720920,724482
90,59113516,724471
90,59502173,724455
90,59881349,724438
90,60253760,724417
90,60648095,724400
90,61024630,724382
90,61422843,724368
90,61838119,724350
90,62231657,724337
90,62605122,724324
90,62963931,724311
90,63356371,724300
90,63742318,724289
90,64127708,724279
90,64500754,724260
90,64858520,724243
90,65262230,724225
90,65630414,724214
90,66030893,724208
90,66405809,724206
90,66796323,724205
90,67222784,724205
90,67588367,724201
90,67985465,724194
90,68375539,724186
90,68761890,724180
90,69149330,724174
90,69525626,724170
90,69927092,724168
90,70338914,724165
90,70743171,724157
90,71108191,724148
90,71501575,724137
90,71860409,724127
90,72232504,724120
90,72627101,724113
90,73006925,724110
90,73399034,724103
90,73779377,724092
90,74168464,724083
90,74522592,724072
90,74879226,724067
90,75251268,724060
90,75604905,724054
90,75960860,724054
90,76336547,724046
90,76742738,724041
90,77134274,724038
90,77525928,724034
90,77906685,724033
90,78273419,724031
90,78668348,724024
90,79087341,724017
90,79461768,724012
90,79869468,724007
90,80231998,724003
90,80627253,724003
90,80983271,724004
90,81375931,724009
90,81764202,724012
90,82127255,724012
90,82479427,724010
90,82839314,724011
90,83230878,724014
90,83583462,724013
90,83941049,724012
90,84316245,724010
90,84722900,724006
90,85087844,724003
90,85482039,724001
90,85858638,724000
90,86250298,724000
90,86604787,724003
90,86966633,724003
90,87337109,724003
90,87742243,724000
90,88131892,723998
90,88523766,723996
90,88878906,723993
90,89273462,723992
90,89636620,723991
90,90026704,723996
90,90402146,724000
90,90789762,724001
90,91167902,724000
90,91520596,723993
90,91882624,723989
90,92254977,723983
90,92649375,723982
90,93025826,723981
90,93425604,723980
90,93837785,723979
90,94252826,723979
90,94605698,723979
90,94963348,723979
90,95356179,723980
90,95740925,723980
90,96127338,723980
90,96502283,723980
90,96857897,723983
90,97252443,723986
90,97626531,723987
90,97982093,723984
90,98377535,723984
90,98762814,723985
90,99175594,723985
90,99567111,723984
90,99942012,723985
90,100336584,723985
90,100724570,723984
90,101108728,723986
90,101523389,723989
90,101878743,723990
90,102273482,723992
90,102649793,723993
90,103051860,723993
90,103461709,723993
90,103860873,723993
90,104243189,723993
90,104630728,723993
90,105025711,723991
90,105419585,723989
90,105819113,723988
90,106211106,723986
90,106604334,723984
90,106982856,723988
90,107355837,723988
90,107717321,723989
90,108107526,723989
90,108479971,723989
90,108837091,723990
90,109229384,723991
90,109604696,723989
90,109967963,723982
90,110356272,723977
90,110740464,723968
90,111150951,723951
90,111549565,723930
90,111963616,723900
90,112357938,723874
90,112741244,723848
90,113130031,723831
90,113502814,723821
90,113859263,723809
90,114264622,723806
90,114629578,723806
90,115025585,723808
90,115404814,723812
90,115800758,723816
90,116211039,723819
90,116562025,723820
90,116942149,723812
90,117335644,723793
90,117688004,723775
90,118088110,723763
90,118459144,723759
90,118815547,723760
90,119190117,723775
90,119584954,723797
90,119940368,723822
90,120312907,723851
90,120720424,723876
90,121110557,723895
90,121481704,723907
90,121839266,723918
90,122211929,723927
90,122608163,723930
90,122984212,723934
90,123378752,723939
90,123778330,723940
90,124152996,723941
90,124547454,723945
90,124960719,723947
90,125312994,723949
90,125692320,723952
90,126084972,723953
90,126438036,723955
90,126817583,723956
90,127210208,723958
90,127563136,723959
90,127943279,723960
90,128334859,723960
90,128728958,723960
90,129106373,723961
90,129459000,723961
90,129837984,723961
90,130230496,723959
90,130605823,723956
90,130961167,723954
90,131355338,723947
90,131719519,723944
90,132111235,723940
90,132482609,723939
90,132859734,723938
90,133254457,723943
90,133627998,723950
90,134025417,723958
90,134401692,723966
90,134814275,723971
90,135214009,723980
90,135607982,723982
90,135984883,723984
90,136379944,723988
90,136761136,723990
90,137149360,723990
90,137546351,723989
90,137943535,723992
90,138335341,723991
90,138697625,723991
90,139108846,723990
90,139505959,723990
90,139879701,723990
90,140274118,723990
90,140626341,723990
90,140981795,723990
90,141336720,723990
90,141720406,723990
90,142127900,723988
90,142523077,723984
90,142881827,723984
90,143255625,723983
90,143648736,723980
90,144005876,723979
90,144379686,723979
90,144825060,723981
90,145213330,723981
90,145606439,723984
90,145963941,723988
90,146357906,723988
90,146743976,723989
90,147130084,723991
90,147521537,723993
90,147902654,723993
90,148280218,723993
90,148676166,723995
90,149085990,723996
90,149479860,723995
90,149858349,723995
90,150252908,723995
90,150625795,723994
90,150982748,723993
90,151377759,723993
90,151740396,723993
90,152129006,723992
90,152522526,723990
90,152882082,723990
90,153284150,723990
90,153652841,723989
90,154046401,723989
90,154461541,723988
90,154857337,723988
90,155231557,723988
90,155583339,723986
90,155940749,723988
90,156335665,723989
90,156724594,723990
90,157111684,723991
90,157482325,723991
90,157881593,723991
90,158253893,723992
90,158648149,723993
90,159024580,723993
90,159424381,723992
90,159837463,723992
90,160234887,723992
90,160628679,723991
90,161026329,723991
90,161421167,723992
91,715969,24000
91,1076741,24280
91,1458307,24830
91,1853870,25389
91,2257713,26101
91,2621811,27104
91,3015045,28094
91,3372659,29256
91,3767671,30820
91,4144574,32310
91,4521011,34246
91,4893976,36054
91,5271101,38046
91,5662649,40481
91,6056204,43148
91,6437622,45668
91,6830362,48782
91,7236600,52064
91,7622979,55474
91,8018508,58601
91,8415132,62417
91,8806897,65973
91,9211732,70140
91,9580400,74415
91,9976179,78408
91,10354490,83289
91,10746839,88208
91,11142971,92584
91,11521988,98036
91,11932785,103640
91,12332251,108469
91,12723948,114477
91,13099017,119937
91,13479350,126006
91,13869919,131789
91,14233648,138553
91,14652015,145245
91,15064238,152495
91,15455073,158710
91,15849661,166231
91,16234037,173837
91,16643175,181713
91,17036725,189746
91,17458388,198018
91,17867718,205388
91,18237495,214010
91,18645995,222807
91,19039421,231868
91,19456955,241000
91,19850340,249296
91,20234401,258814
91,20622457,267422
91,20992173,276081
91,21352639,286224
91,21742880,295209
91,22117080,303850
91,22475700,313964
91,22889849,322772
91,23251781,332824
91,23639687,341693
91,24012231,350520
91,24369508,359449
91,24722599,368369
91,25074671,377350
91,25454559,387570
91,25851729,397819
91,26261094,406796
91,26620348,415751
91,26971514,424742
91,27328550,433648
91,27722117,443952
91,28096810,452845
91,28477051,463088
91,28870987,473279
91,29267906,481667
91,29640271,490021
91,29996082,499539
91,30396693,507714
91,30785279,515598
91,31163117,524644
91,31535107,532291
91,31896397,540961
91,32288802,548390
91,32682818,556694
91,33078830,564779
91,33476389,571749
91,33848943,578413
91,34214387,586075
91,34619839,592389
91,34972707,598774
91,35327920,605712
91,35722528,611676
91,36096892,617575
91,36454118,623852
91,36848149,629457
91,37233226,635471
91,37619053,640482
91,37993032,645687
91,38348383,650430
91,38722312,655638
91,39105671,660416
91,39479212,665299
91,39869451,669372
91,40255906,674306
91,40642179,678225
91,41020592,682254
91,41418982,686371
91,41807125,689886
91,42179540,693473
91,42602068,696799
91,42991602,699658
91,43372567,702771
91,43766702,705297
91,44119569,707641
91,44498003,710106
91,44892009,712101
91,45267009,714230
91,45660683,715938
91,46017159,717488
91,46395228,719078
91,46769223,720260
91,47143021,721334
91,47515312,722231
91,47867994,722927
91,48251994,723593
91,48640577,724030
91,48992328,724276
91,49348114,724358
91,49722031,724327
91,50076019,724473
91,50445359,724786
91,50830775,724805
91,51236868,724961
91,51620646,725029
91,51972967,724998
91,52331479,725053
91,52724033,725046
91,53078550,725029
91,53454188,725005
91,53848849,724965
91,54233020,724926
91,54619189,724875
91,54971393,724822
91,55330279,724797
91,55723515,724762
91,56098827,724727
91,56454425,724697
91,56826377,724662
91,57180406,724629
91,57584451,724599
91,57951641,724574
91,58308711,724554
91,58680507,724528
91,59076658,724507
91,59432824,724482
91,59806057,724458
91,60214712,724433
91,60577249,724410
91,60930417,724388
91,61329294,724367
91,61724051,724350
91,62096840,724338
91,62456860,724321
91,62828541,724307
91,63243911,724289
91,63645180,724269
91,64037315,724251
91,64457656,724237
91,64848850,724227
91,65234595,724214
91,65626183,724200
91,65993692,724190
91,66352467,724179
91,66747857,724167
91,67117925,724160
91,67478325,724149
91,67871375,724139
91,68253261,724128
91,68641654,724120
91,69013745,724111
91,69371394,724104
91,69766852,724095
91,70144172,724086
91,70536018,724078
91,70910645,724071
91,71291597,724066
91,71681717,724061
91,72054765,724055
91,72436106,724049
91,72809634,724041
91,73213665,724034
91,73580125,724024
91,73975733,724017
91,74351142,724007
91,74757308,724000
91,75121703,723990
91,75520108,723979
91,75919072,723967
91,76330831,723962
91,76725325,723954
91,77122058,723947
91,77530284,723942
91,77912378,723938
91,78332010,723935
91,78746915,723935
91,79161841,723935
91,79558919,723935
91,79952642,723935
91,80330054,723935
91,80723839,723936
91,81096757,723937
91,81454218,723938
91,81847935,723931
91,82233716,723923
91,82621213,723913
91,82993369,723905
91,83354369,723898
91,83767375,723894
91,84166430,723889
91,84539374,723889
91,84933697,723889
91,85310678,723889
91,85700521,723887
91,86055640,723886
91,86435543,723876
91,86826625,723848
91,87180021,723815
91,87580108,723799
91,87961831,723782
91,88353805,723782
91,88725177,723794
91,89117869,723815
91,89499231,723844
91,89911993,723874
91,90274734,723901
91,90669241,723922
91,91090634,723939
91,91633448,723952
91,92155394,723960
91,92717214,723964
91,93228162,723965
91,93729051,723965
91,94229642,723962
91,94694862,723959
91,95102216,723954
91,95485126,723950
91,95916058,723950
91,96382119,723946
91,96823882,723946
91,97284732,723947
91,97744344,723950
91,98139778,723953
91,98479394,723957
91,98803001,723960
91,99234735,723964
91,99671380,723968
91,100078217,723970
91,100455318,723972
91,100815377,723973
91,101217819,723976
91,101619887,723976
91,101951966,723975
91,102303961,723975
91,102681678,723975
91,103036469,723974
91,103399212,723974
91,103745104,723974
91,104091595,723974
91,104403945,723973
91,104796987,723973
91,105163047,723973
91,105563276,723973
91,105971963,723974
91,106368040,723976
91,106732698,723976
91,107111440,723976
91,107422738,723979
91,107740897,723980
91,108090345,723980
91,108404495,723980
91,108715979,723980
91,109029327,723981
91,109389188,723981
91,109745930,723981
91,110094951,723981
91,110473170,723981
91,110825816,723982
91,111178357,723982
91,111535758,723982
91,111896429,723982
91,112233368,723982
91,112570155,723982
91,112934193,723982
91,113289041,723982
91,113623889,723982
91,113952811,723982
91,114311182,723982
91,114660926,723984
91,115020174,723984
91,115355288,723984
91,115683206,723984
91,116041028,723987
91,116401086,723985
91,116754931,723984
91,117131698,723985
91,117485172,723986
91,117832516,723986
91,118165238,723986
91,118506835,723986
91,118882318,723987
91,119272059,723987
91,119631124,723987
91,119992181,723986
91,120368602,723987
91,120721088,723987
91,121067340,723988
91,121443845,723988
91,121828480,723989
91,122229270,723989
91,122618668,723989
91,122962933,723989
91,123332063,723990
91,123715742,723990
91,124095005,723990
91,124452717,723990
91,124825013,723991
91,125177617,723992
91,125576134,723991
91,125949022,723991
91,126306564,723991
92,722795,24016
92,1118848,24417
92,1512483,24887
92,1896045,25469
92,2283826,26208
92,2658736,27226
92,3056439,28238
92,3429994,29430
92,3789110,31015
92,4183731,32533
92,4556801,34497
92,4954785,36329
92,5346539,38639
92,5731442,41128
92,6141209,43849
92,6533061,46431
92,6912849,49596
92,7308922,52483
92,7688557,55900
92,8058059,59050
92,8448783,62413
92,8809663,66503
92,9202588,70671
92,9596245,74405
92,9953615,78410
92,10348437,83312
92,10743509,88230
92,11159300,93246
92,11554857,98060
92,11931919,103683
92,12327316,109208
92,12742798,114508
92,13116909,120737
92,13493504,126046
92,13876775,132680
92,14268659,139416
92,14689632,146176
92,15080429,152521
92,15453949,159633
92,15871095,167206
92,16264401,174796
92,16690471,182731
92,17102212,190737
92,17492018,197999
92,17871899,206416
92,18245937,213988
92,18622199,221670
92,18993057,230686
92,19388615,239823
92,19788520,248081
92,20179902,256374
92,20532747,266176
92,20932203,276067
92,21347762,286219
92,21762664,296471
92,22159469,306328
92,22554807,315256
92,22911786,324051
92,23282879,332839
92,23657966,343000
92,24057679,353047
92,24476793,363335
92,24874865,373521
92,25262703,382449
92,25620359,391460
92,25999411,400325
92,26392116,410640
92,26787656,420830
92,27182167,431064
92,27577103,440069
92,27954509,450217
92,28348682,459250
92,28746187,469427
92,29116887,478091
92,29469961,486421
92,29847750,495944
92,30242827,504276
92,30621358,513310
92,31019881,522441
92,31431343,531212
92,31828025,538869
92,32222194,547358
92,32595368,554699
92,32952922,561746
92,33336837,569832
92,33732790,576508
92,34095701,583266
92,34450346,589701
92,34826577,596937
92,35221457,603181
92,35575557,609079
92,35932846,615921
92,36325582,621492
92,36711770,627836
92,37121130,634024
92,37520596,639755
92,37932817,645681
92,38348381,651082
92,38746769,656320
92,39142005,661072
92,39535122,665874
92,39930663,670571
92,40324545,674851
92,40714570,679186
92,41097311,682735
92,41470206,686343
92,41829651,690307
92,42221242,693459
92,42594286,696397
92,42955845,699654
92,43347146,702381
92,43731125,705289
92,44117919,707629
92,44469923,709805
92,44847949,712098
92,45242034,713960
92,45615973,715684
92,45973537,717460
92,46378219,718877
92,46772003,720260
92,47142012,721470
92,47535389,722330
92,47934503,723105
92,48328481,723740
92,48731999,724125
92,49120527,724332
92,49495112,724364
92,49874721,724370
92,50269997,724732
92,50689092,724837
92,51079021,724917
92,51450007,725056
92,51827101,725029
92,52221863,725051
92,52573063,725055
92,52931185,725030
92,53347873,725010
92,53755485,724967
92,54120180,724933
92,54517194,724880
92,54929733,724824
92,55283397,724779
92,55657052,724739
92,56058801,724702
92,56453187,724664
92,56827532,724627
92,57222128,724603
92,57618931,724588
92,58026967,724567
92,58411287,724547
92,58807002,724523
92,59181958,724494
92,59577897,724462
92,59953816,724428
92,60347292,724403
92,60735455,724380
92,61117014,724363
92,61472388,724346
92,61848533,724334
92,62242372,724322
92,62597942,724307
92,62975037,724286
92,63369651,724271
92,63767705,724254
92,64158361,724235
92,64553739,724220
92,64912703,724204
92,65326863,724190
92,65732402,724180
92,66119373,724171
92,66491086,724164
92,66847830,724160
92,67220652,724155
92,67575720,724150
92,67931101,724143
92,68325002,724137
92,68711232,724134
92,69098315,724129
92,69470940,724126
92,69825364,724121
92,70182720,724118
92,70588251,724115
92,70954223,724112
92,71348940,724111
92,71732829,724109
92,72123513,724104
92,72490158,724101
92,72847286,724094
92,73242787,724090
92,73598366,724087
92,73973708,724083
92,74370143,724078
92,74765592,724076
92,75157925,724072
92,75552887,724066
92,75910590,724060
92,76284351,724053
92,76688354,724044
92,77075362,724038
92,77449546,724030
92,77827187,724021
92,78221298,724012
92,78575044,724006
92,78929574,723998
92,79324502,723988
92,79713407,723977
92,80079442,723970
92,80474682,723960
92,80881837,723952
92,81391904,723939
92,81964140,723931
92,82469702,723921
92,82971175,723914
92,83485466,723908
92,84009097,723898
92,84454391,723890
92,84919810,723882
92,85419892,723875
92,85899875,723870
92,86347445,723867
92,86747233,723864
92,87214983,723829
92,87666336,723798
92,88149390,723770
92,88578457,723763
92,89066901,723773
92,89493121,723794
92,89989171,723829
92,90431069,723857
92,90903935,723883
92,91346636,723896
92,91776365,723909
92,92166192,723916
92,92560997,723926
92,92958905,723932
92,93327965,723937
92,93712237,723940
92,94080075,723940
92,94448228,723940
92,94828688,723940
92,95219390,723938
92,95571575,723937
92,95934897,723936
92,96326675,723935
92,96731735,723937
92,97135776,723940
92,97520131,723942
92,97930436,723944
92,98323165,723948
92,98707033,723949
92,99096575,723951
92,99467722,723956
92,99826125,723956
92,100240046,723958
92,100592955,723959
92,100950083,723962
92,101301661,723963
92,101654435,723963
92,102034958,723963
92,102428040,723965
92,102782591,723965
92,103155304,723967
92,103531134,723968
92,103932561,723969
92,104325825,723970
92,104730891,723971
92,105118231,723971
92,105472047,723972
92,105826045,723973
92,106218710,723974
92,106572793,723976
92,106952209,723976
92,107346407,723976
92,107731364,723976
92,108128584,723977
92,108515167,723977
92,108909286,723977
92,109303643,723978
92,109656431,723979
92,110051225,723979
92,110425223,723979
92,110783304,723979
92,111155144,723980
92,111550238,723980
92,111907018,723980
92,112279768,723981
92,112687741,723982
92,113079056,723982
92,113450270,723983
92,113828517,723983
92,114222096,723985
92,114617488,723984
92,114970341,723984
92,115322695,723985
92,115684002,723987
92,116054094,723985
92,116404988,723985
92,116784869,723987
92,117178332,723985
92,117551040,723987
92,117910958,723987
92,118303015,723987
92,118654747,723987
92,119036444,723989
92,119426936,723989
92,119803588,723989
92,120156213,723989
92,120528894,723989
92,120928221,723989
92,121290893,723990
92,121744567,723990
92,122151415,723991
92,122511068,723991
92,122870024,723991
92,123238978,723991
92,123592154,723991
92,123953141,723991
92,124346942,723992
93,712745,24001
93,1100521,24281
93,1496380,24832
93,1880269,25316
93,2244399,26107
93,2637674,26976
93,3036195,28101
93,3414038,29451
93,3808353,30836
93,4180012,32556
93,4595385,34522
93,4991999,36352
93,5365753,38367
93,5719455,40510
93,6095752,43174
93,6512269,46074
93,6912138,49213
93,7308385,52506
93,7718785,55493
93,8076230,59083
93,8470448,62441
93,8854073,66513
93,9243197,70160
93,9614480,73886
93,9975975,78434
93,10370028,82698
93,10742249,87621
93,11141797,91972
93,11534427,97354
93,11915789,102286
93,12285278,107789
93,12682712,113706
93,13078489,119188
93,13450465,125236
93,13875978,131786
93,14262743,137726
93,14614883,143520
93,14991715,150670
93,15387230,156915
93,15739452,163327
93,16120747,170992
93,16515692,177670
93,16932942,186742
93,17346048,194814
93,17740344,202221
93,18117242,210670
93,18513411,219488
93,18930105,228367
93,19344370,236396
93,19697275,245689
93,20095629,253995
93,20491139,263732
93,20877765,272314
93,21246494,282451
93,21650733,292640
93,22039811,301400
93,22414581,311422
93,22810650,321517
93,23223613,330333
93,23619501,340410
93,24016309,350532
93,24410387,360775
93,24808301,369681
93,25177865,379941
93,25596391,390187
93,25997249,400362
93,26389694,409397
93,26762623,419594
93,27161469,428574
93,27534517,438827
93,27932188,448987
93,28324523,458014
93,28720075,466906
93,29077204,476950
93,29448756,485258
93,29855993,494775
93,30220443,503134
93,30597824,512206
93,31014472,521316
93,31419080,529016
93,31788307,537773
93,32168040,545192
93,32555178,553608
93,32953800,561608
93,33346771,568631
93,33722376,576166
93,34121433,582775
93,34512735,589941
93,34921950,597032
93,35306045,603971
93,35721972,610635
93,36119862,616603
93,36492587,623017
93,36924073,629631
93,37305772,635834
93,37718742,641025
93,38074989,647172
93,38490881,651975
93,38853920,657307
93,39242715,662122
93,39614798,666380
93,39971774,671004
93,40366870,675291
93,40739585,679150
93,41116322,683032
93,41511470,686619
93,41874154,690663
93,42262667,693680
93,42637283,696926
93,43035816,699856
93,43416256,702963
93,43805065,705754
93,44223012,708398
93,44618660,710543
93,45014284,712761
93,45407398,714575
93,45761328,716256
93,46130177,717979
93,46514343,719323
93,46912318,720648
93,47287249,721667
93,47661451,722590
93,48061857,723241
93,48429841,723858
93,48823875,724238
93,49243176,724387
93,49635384,724395
93,49993745,724444
93,50366374,724821
93,50762402,724904
93,51138258,725005
93,51533143,725138
93,51914812,725116
93,52307342,725143
93,52697458,725122
93,53076140,725077
93,53490269,725040
93,53854108,724995
93,54246388,724954
93,54614746,724918
93,54974871,724862
93,55367808,724830
93,55752869,724791
93,56142895,724757
93,56513050,724716
93,56911676,724684
93,57311112,724653
93,57696516,724619
93,58074113,724586
93,58449242,724550
93,58855961,724521
93,59221411,724492
93,59641017,724460
93,60037209,724442
93,60409372,724420
93,60808492,724400
93,61231524,724372
93,61622521,724353
93,62041028,724334
93,62431369,724315
93,62816228,724295
93,63194665,724279
93,63562062,724261
93,63937059,724246
93,64308827,724234
93,64637584,724225
93,64995588,724215
93,65326945,724206
93,65703181,724199
93,66058959,724193
93,66417721,724186
93,66775536,724178
93,67125205,724172
93,67504146,724167
93,67870873,724162
93,68257715,724153
93,68631038,724143
93,69011913,724133
93,69400088,724126
93,69754341,724120
93,70128947,724113
93,70518899,724106
93,70904141,724100
93,71252840,724092
93,71614035,724085
93,71971274,724075
93,72363925,724068
93,72718133,724062
93,73096192,724053
93,73489219,724046
93,73857099,724041
93,74220029,724035
93,74571090,724031
93,74949931,724029
93,75342104,724022
93,75698643,724021
93,76100280,724021
93,76470876,724020
93,76877553,724014
93,77243182,724013
93,77636591,724012
93,78014712,724012
93,78405240,724012
93,78759750,724009
93,79139429,724008
93,79533896,724008
93,79946464,724009
93,80325320,724013
93,80699421,724016
93,81076452,724017
93,81449316,724019
93,81852570,724020
93,82262111,724020
93,82654603,724020
93,83012448,724019
93,83386211,724017
93,83738212,724016
93,84115405,724016
93,84510893,724016
93,84873065,724015
93,85261682,724014
93,85634946,724014
93,85989948,724012
93,86342831,724010
93,86697059,724007
93,87076806,724005
93,87490495,724001
93,87895210,724000
93,88283012,723997
93,88663111,723993
93,89054732,723991
93,89449458,723987
93,89855405,723982
93,90239308,723978
93,90592779,723977
93,90972430,723971
93,91365760,723968
93,91741493,723965
93,92139508,723960
93,92533549,723957
93,92929905,723953
93,93321618,723950
93,93717378,723946
93,94075064,723945
93,94447014,723941
93,94832907,723939
93,95219586,723935
93,95613224,723933
93,95970196,723930
93,96341993,723922
93,96695227,723912
93,97073641,723901
93,97447017,723891
93,97821355,723884
93,98225308,723880
93,98597698,723875
93,98994592,723871
93,99366334,723859
93,99760128,723836
93,100119711,723817
93,100510527,723796
93,100895644,723791
93,101264053,723792
93,101656703,723805
93,102012494,723823
93,102407067,723846
93,102781032,723865
93,103136021,723879
93,103509260,723886
93,103876821,723899
93,104273542,723904
93,104636135,723909
93,104990580,723915
93,105406965,723923
93,105759815,723925
93,106116663,723926
93,106532936,723928
93,106928551,723928
93,107344130,723928
93,107696982,723928
93,108074437,723929
93,108468775,723929
93,108821836,723932
93,109225893,723934
93,109597517,723935
93,109972982,723940
93,110366688,723941
93,110763530,723943
93,111139005,723947
93,111530467,723949
93,111919700,723951
93,112305511,723955
93,112722338,723956
93,113117953,723959
93,113491532,723959
93,113910745,723961
93,114301215,723962
93,114654806,723963
93,115012760,723963
93,115406734,723967
93,115781653,723967
93,116157957,723967
93,116573915,723968
93,116971779,723969
93,117364783,723969
93,117739274,723972
93,118116172,723972
93,118510062,723973
93,118875819,723975
93,119272568,723975
93,119636479,723976
93,120036142,723978
93,120409486,723979
93,120805894,723979
93,121181455,723979
93,121574968,723980
93,121951975,723980
93,122344102,723982
93,122695730,723982
93,123075479,723982
93,123468621,723983
93,123822490,723984
93,124200110,723985
93,124592114,723985
93,124972923,723987
93,125365756,723987
93,125760800,723987
93,126139458,723988
93,126532983,723987
93,126935292,723988
93,127323080,723989
93,127717059,723989
93,128074397,723989
93,128459576,723989
93,128854185,723990
93,129241109,723988
93,129616076,723989
93,129970537,723991
93,130343714,723991
93,130700778,723990
93,131146821,723990
93,131512867,723991
93,131938526,723991
93,132327565,723990
93,132699983,723990
93,133099358,723990
93,133483529,723992
93,133880546,723992
93,134242631,723992
93,134636777,723992
94,723462,24000
94,1114052,24279
94,1483992,24833
94,1906889,25405
94,2294668,26235
94,2689859,27122
94,3065942,28273
94,3480539,29653
94,3874146,31053
94,4272630,32804
94,4666387,34532
94,5022684,36638
94,5416336,38664
94,5770234,40827
94,6151526,43518
94,6543733,46448
94,6949735,49198
94,7316235,52487
94,7709190,55471
94,8087731,59053
94,8479202,62409
94,8879406,66501
94,9274838,70675
94,9666514,74413
94,10021383,78408
94,10417026,83309
94,10792366,87617
94,11167119,92580
94,11562790,97326
94,11937393,102980
94,12338156,108483
94,12751238,114471
94,13150227,120717
94,13543590,126020
94,13928416,131775
94,14314103,138558
94,14687451,144377
94,15043912,151569
94,15437590,157792
94,15812488,164261
94,16169920,171914
94,16562799,178652
94,16963582,186729
94,17364639,194803
94,17773583,203267
94,18170926,211756
94,18586148,220566
94,18986874,229509
94,19377730,237507
94,19771484,246874
94,20168150,256360
94,20565808,264934
94,20949948,274799
94,21338411,283700
94,21731114,293909
94,22128738,303804
94,22523816,313908
94,22928820,322747
94,23292304,332790
94,23687363,341689
94,24067334,351796
94,24460609,360784
94,24837342,370988
94,25214003,379951
94,25582404,388900
94,25970439,399115
94,26359428,409417
94,26771751,419612
94,27188922,429843
94,27583817,438838
94,27997514,448982
94,28376029,459293
94,28771528,469472
94,29167962,478138
94,29541290,486468
94,29905248,495979
94,30296036,504315
94,30669216,513314
94,31088027,522302
94,31480773,530588
94,31878133,537635
94,32254239,545686
94,32647431,552957
94,33025662,561072
94,33418354,568409
94,33803989,576458
94,34192094,583373
94,34585772,590918
94,34982746,598428
94,35376713,605589
94,35770266,611743
94,36148961,618666
94,36540906,624287
94,36928111,630841
94,37312728,636110
94,37665378,641109
94,38044140,647080
94,38437449,651879
94,38790261,656398
94,39173501,661710
94,39563903,665973
94,39947754,670548
94,40319212,674739
94,40688912,678655
94,41086484,682608
94,41464762,686093
94,41862652,690574
94,42272719,693674
94,42668280,696965
94,43067550,700205
94,43458669,702912
94,43811917,705421
94,44171424,707746
94,44546009,710207
94,44947501,712463
94,45336511,714293
94,45707427,715984
94,46085939,717733
94,46464035,719124
94,46836623,720316
94,47212609,721518
94,47588108,722379
94,47979681,723163
94,48374963,723733
94,48750059,724184
94,49146522,724382
94,49564496,724415
94,49995559,724460
94,50376773,724866
94,50771322,724945
94,51170313,725024
94,51564703,725171
94,51983515,725128
94,52375633,725188
94,52772537,725138
94,53169341,725083
94,53562067,725044
94,53928824,724959
94,54315923,724933
94,54710737,724877
94,55092666,724824
94,55480561,724774
94,55908440,724725
94,56271802,724694
94,56665131,724673
94,57024037,724646
94,57396027,724621
94,57790839,724586
94,58147947,724561
94,58531638,724525
94,58927341,724496
94,59314362,724475
94,59687332,724458
94,60044443,724435
94,60416519,724414
94,60769281,724396
94,61133082,724375
94,61524548,724358
94,61908237,724337
94,62295881,724318
94,62667798,724294
94,63065837,724278
94,63440406,724259
94,63833104,724250
94,64187739,724241
94,64562402,724232
94,64926755,724223
94,65316419,724214
94,65686437,724205
94,66045688,724191
94,66451608,724183
94,66812229,724171
94,67170345,724159
94,67597712,724149
94,67990876,724140
94,68353783,724134
94,68749512,724126
94,69148691,724119
94,69522313,724108
94,69927516,724096
94,70294786,724087
94,70686934,724076
94,71041998,724069
94,71415344,724065
94,71770242,724061
94,72129780,724057
94,72502693,724054
94,72906484,724052
94,73273746,724054
94,73669983,724054
94,74086784,724057
94,74480010,724058
94,74876359,724057
94,75250030,724057
94,75623503,724055
94,76024364,724053
94,76417499,724051
94,76792913,724052
94,77191142,724053
94,77563852,724051
94,77984010,724046
94,78374625,724045
94,78769212,724045
94,79149529,724043
94,79542400,724040
94,79927565,724036
94,80316437,724034
94,80688198,724032
94,81043837,724030
94,81439229,724030
94,81811302,724030
94,82168164,724030
94,82581329,724031
94,82958793,724031
94,83337284,724029
94,83707073,724023
94,84064616,724019
94,84461660,724015
94,84833615,724013
94,85233237,724013
94,85647337,724013
94,86042301,724013
94,86416797,724012
94,86774781,724008
94,87169728,724008
94,87543470,724008
94,87985802,724008
94,88376682,724006
94,88771426,724006
94,89169685,724008
94,89543893,724007
94,89946455,724003
94,90313400,723999
94,90677368,723993
94,91089406,723990
94,91484984,723987
94,91904853,723982
94,92291107,723979
94,92666031,723973
94,93022827,723964
94,93415754,723956
94,93791902,723945
94,94151167,723936
94,94542559,723926
94,94927982,723916
94,95315758,723907
94,95690419,723901
94,96087007,723896
94,96463142,723892
94,96858440,723890
94,97229680,723886
94,97626285,723886
94,98003618,723876
94,98397214,723872
94,98792317,723868
94,99191173,723864
94,99585803,723860
94,99983688,723859
94,100395841,723857
94,100790316,723857
94,101168691,723858
94,101562424,723856
94,101927319,723835
94,102296173,723793
94,102686399,723773
94,103043925,723754
94,103416510,723749
94,103769447,723757
94,104125857,723770
94,104499680,723798
94,104904992,723832
94,105298772,723857
94,105686121,723877
94,106045261,723893
94,106439901,723907
94,106855663,723915
94,107263480,723924
94,107627326,723928
94,108024060,723935
94,108417978,723937
94,108790378,723939
94,109146502,723939
94,109542164,723939
94,109928015,723937
94,110292381,723934
94,110687498,723933
94,111044595,723934
94,111437608,723934
94,111810517,723936
94,112169378,723939
94,112562698,723941
94,112967449,723944
94,113331603,723946
94,113708243,723948
94,114085323,723951
94,114482207,723955
94,114884413,723956
94,115291763,723958
94,115666830,723960
94,116023346,723961
94,116419259,723962
94,116814758,723964
94,117190669,723967
94,117585197,723967
94,117981690,723967
94,118373333,723969
94,118770057,723971
94,119127046,723971
94,119499171,723971
94,119908062,723973
94,120272856,723973
94,120664283,723974
94,121024917,723974
94,121397724,723976
94,121789971,723977
94,122149934,723977
94,122521868,723978
94,122925539,723979
94,123314477,723979
94,123688683,723979
94,124089897,723980
94,124464018,723981
94,124852989,723981
94,125229670,723982
94,125624011,723982
94,125999820,723982
94,126396242,723983
94,126769025,723985
94,127128526,723985
94,127522725,723984
94,127905291,723985
94,128293394,723987
94,128686787,723984
94,129064271,723985
94,129459416,723988
94,129836178,723988
94,130230637,723985
94,130625000,723988
94,131000491,723989
94,131374139,723989
94,131759271,723988
94,132154898,723988
94,132544270,723990
94,132930014,723989
94,133313948,723988
94,133688547,723991
94,134084757,723990
94,134483944,723989
94,134872227,723991
94,135270669,723991
94,135668142,723990
95,714186,24001
95,1075732,24348
95,1468820,24830
95,1845385,25396
95,2240713,26223
95,2644590,27105
95,3010891,28252
95,3426982,29444
95,3786063,31031
95,4180597,32781
95,4604300,34511
95,4991090,36619
95,5384761,38650
95,5760797,41137
95,6134506,43505
95,6487294,46055
95,6849173,48786
95,7221772,52066
95,7626994,55041
95,7992484,58595
95,8384866,62419
95,8806464,66509
95,9197460,70162
95,9602258,74425
95,9991658,79021
95,10363381,83306
95,10740526,88221
95,11135312,92594
95,11510350,98048
95,11907464,102981
95,12279026,107797
95,12646448,112919
95,13034902,119201
95,13412740,125264
95,13826778,131809
95,14217513,137755
95,14601490,144406
95,14992417,150699
95,15382890,157819
95,15740768,164286
95,16114892,171945
95,16509711,178669
95,16886893,186732
95,17302515,194802
95,17700542,202203
95,18093794,210652
95,18487763,218369
95,18844872,227208
95,19239448,236378
95,19643605,244484
95,20031674,253977
95,20429382,263709
95,20845305,273538
95,21224317,282429
95,21627179,292610
95,22011356,302571
95,22408117,311347
95,22782453,321471
95,23196916,331535
95,23601891,341668
95,23991480,350520
95,24363613,359463
95,24721427,369679
95,25113293,378654
95,25488178,387585
95,25845836,397823
95,26239627,406795
95,26644350,417019
95,27063923,427295
95,27448674,437520
95,27843626,447722
95,28238230,456736
95,28604747,465632
95,28990141,475759
95,29384512,484074
95,29740829,493589
95,30158885,503141
95,30541460,511104
95,30929556,520211
95,31324264,529038
95,31722365,536726
95,32094485,545226
95,32488673,552643
95,32865241,560724
95,33262634,567845
95,33646059,575559
95,34030888,582296
95,34405028,588812
95,34764630,596015
95,35176997,602275
95,35528466,608167
95,35888780,614980
95,36279897,620563
95,36659004,626837
95,37035674,632313
95,37408515,637322
95,37786571,643220
95,38180278,648895
95,38599903,654113
95,39011308,659649
95,39404695,664074
95,39785412,668707
95,40183780,673659
95,40605586,678225
95,41013703,682215
95,41407268,685897
95,41809360,689961
95,42195834,693453
95,42571648,696432
95,42951008,699770
95,43363801,702446
95,43725332,705329
95,44115656,707719
95,44490117,710142
95,44888754,712118
95,45262696,714274
95,45671453,715969
95,46032120,717703
95,46426234,719277
95,46823184,720452
95,47196568,721642
95,47625060,722574
95,48008999,723225
95,48384301,723768
95,48739511,724185
95,49133575,724357
95,49487964,724401
95,49843149,724383
95,50217084,724701
95,50570192,724941
95,50973262,724944
95,51344663,725111
95,51753672,725106
95,52117611,725086
95,52510947,725127
95,52888029,725054
95,53279471,725035
95,53664015,724989
95,54055731,724934
95,54467340,724896
95,54826432,724847
95,55219836,724803
95,55606720,724765
95,55992126,724724
95,56362893,724692
95,56722229,724655
95,57116024,724625
95,57487517,724594
95,57847190,724564
95,58239483,724535
95,58623602,724508
95,59013836,724487
95,59383172,724469
95,59740371,724447
95,60134899,724430
95,60508125,724412
95,60865375,724396
95,61259372,724382
95,61624340,724367
95,62015767,724351
95,62404310,724337
95,62763476,724317
95,63158374,724302
95,63536022,724283
95,63933649,724265
95,64345549,724253
95,64720497,724238
95,65116602,724226
95,65508805,724215
95,65885741,724202
95,66305116,724189
95,66699142,724182
95,67072307,724170
95,67467856,724163
95,67825660,724156
95,68197108,724143
95,68601385,724132
95,68990804,724126
95,69383792,724117
95,69750592,724108
95,70135406,724102
95,70530691,724098
95,70905688,724094
95,71299068,724090
95,71659150,724087
95,72033473,724080
95,72429099,724081
95,72847907,724083
95,73241960,724082
95,73628794,724075
95,73991672,724071
95,74385346,724068
95,74782461,724064
95,75158043,724058
95,75553215,724050
95,75938352,724042
95,76323806,724037
95,76701179,724033
95,77093987,724030
95,77507625,724027
95,77867323,724024
95,78260971,724023
95,78642969,724023
95,79031162,724024
95,79407213,724022
95,79807020,724017
95,80216564,724013
95,80600886,724011
95,80988564,724008
95,81340793,724004
95,81696633,724000
95,82091800,723996
95,82465801,723992
95,82822684,723989
95,83196576,723982
95,83601068,723980
95,84016401,723972
95,84406794,723968
95,84787037,723962
95,85181367,723954
95,85603348,723946
95,85991889,723940
95,86365500,723933
95,86777250,723928
95,87152955,723919
95,87530650,723913
95,87886655,723905
95,88262822,723896
95,88659888,723884
95,89031066,723880
95,89428256,723872
95,89846508,723868
95,90240908,723863
95,90628293,723847
95,91010097,723805
95,91384802,723784
95,91741206,723759
95,92135066,723753
95,92509853,723755
95,92865575,723770
95,93259835,723788
95,93643191,723820
95,94029355,723843
95,94415399,723864
95,94814598,723878
95,95176691,723895
95,95570818,723905
95,95967685,723914
95,96344465,723924
95,96721808,723931
95,97114587,723935
95,97511669,723935
95,97887900,723935
95,98299452,723935
95,98662492,723933
95,99052419,723932
95,99469059,723933
95,99867345,723933
95,100238844,723934
95,100615536,723936
95,101012345,723937
95,101404798,723940
95,101782709,723942
95,102181518,723946
95,102601439,723948
95,102992100,723950
95,103361807,723953
95,103718219,723955
95,104114947,723957
95,104487912,723959
95,104843315,723961
95,105217049,723962
95,105600468,723963
95,105990391,723964
95,106383188,723966
95,106742341,723966
95,107137788,723966
95,107511061,723966
95,107908365,723967
95,108286916,723968
95,108683497,723968
95,109093334,723970
95,109488214,723972
95,109864244,723972
95,110262051,723972
95,110679519,723974
95,111092477,723975
95,111445734,723975
95,111825286,723976
95,112216834,723976
95,112571130,723978
95,112968168,723977
95,113340814,723977
95,113698196,723978
95,114092094,723978
95,114466528,723978
95,114822517,723979
95,115194712,723980
95,115599432,723980
95,115988617,723981
95,116360775,723981
95,116723810,723981
95,117092050,723982
95,117447177,723983
95,117868247,723983
95,118261629,723984
95,118658648,723985
95,119046917,723984
95,119448767,723984
95,119855637,723987
95,120217537,723985
95,120623843,723985
95,121030673,723986
95,121427922,723987
95,121846607,723987
95,122237447,723987
95,122622827,723988
95,123009573,723989
95,123382125,723989
95,123740184,723989
95,124135405,723989
95,124508375,723989
95,124873782,723989
95,125284129,723988
95,125683279,723988
95,126092743,723989
95,126465804,723989
95,126822939,723989
95,127216777,723990
95,127604115,723992
95,127993774,723991
95,128386387,723991
95,128762019,723991
95,129156693,723992
95,129528177,723991
95,129885575,723991
95,130302345,723991
95,130697470,723992
95,131091707,723992
95,131467097,723992
96,715808,24002
96,1116972,24353
96,1509309,24837
96,1889793,25402
96,2261305,26111
96,2682565,27111
96,3053101,28256
96,3451923,29633
96,3865422,31034
96,4262292,32781
96,4665598,34764
96,5050972,36619
96,5427117,38948
96,5824581,41460
96,6238908,43853
96,6593105,46822
96,6993529,50011
96,7388375,52911
96,7766168,56346
96,8180660,59988
96,8580620,63418
96,8951689,67544
96,9347195,71731
96,9744834,75521
96,10134724,79614
96,10511578,84555
96,10891030,89458
96,11305298,94582
96,11687305,99472
96,12052522,104364
96,12453423,109916
96,12851443,116051
96,13242482,122237
96,13668700,128420
96,14053657,134375
96,14451978,141030
96,14848034,147947
96,15240483,155180
96,15665650,162403
96,16033737,169115
96,16427669,175758
96,16784048,183757
96,17190004,190753
96,17553952,199083
96,17938163,206424
96,18325106,215107
96,18724163,223881
96,19138680,232989
96,19533529,242147
96,19931526,250464
96,20307147,258800
96,20701224,268626
96,21097104,278643
96,21493426,288777
96,21890517,297721
96,22264490,307549
96,22670333,316466
96,23033074,326543
96,23427858,335298
96,23783018,344260
96,24178026,354311
96,24572143,363352
96,24933646,373546
96,25328169,383748
96,25726111,392784
96,26095663,402929
96,26490329,411972
96,26866294,422155
96,27259700,431011
96,27647824,441107
96,28032160,450946
96,28428162,459635
96,28809870,468205
96,29176676,477619
96,29551481,485583
96,29929445,495128
96,30322593,503587
96,30712376,511733
96,31075335,521129
96,31470071,530289
96,31873380,538184
96,32239649,546858
96,32666584,555483
96,33052490,562740
96,33405710,570007
96,33763936,576943
96,34134608,583850
96,34487823,590387
96,34844912,597777
96,35260110,604012
96,35645329,610833
96,36035180,617622
96,36428875,623136
96,36844082,630268
96,37244558,635521
96,37651079,641227
96,38033051,647032
96,38426947,651531
96,38783915,655908
96,39156633,660568
96,39509161,664872
96,39871613,669555
96,40265762,673817
96,40649713,678289
96,41033999,681881
96,41436457,686083
96,41825016,690064
96,42220352,693567
96,42621949,696552
96,42989863,699908
96,43384758,702600
96,43761370,705418
96,44156790,707792
96,44529207,710023
96,44892967,712237
96,45284546,714071
96,45669278,716070
96,46055517,717596
96,46428652,719164
96,46830313,720527
96,47219500,721570
96,47592610,722515
96,47993050,723190
96,48364886,723756
96,48742928,724187
96,49135900,724388
96,49531558,724436
96,49887292,724410
96,50259601,724667
96,50626812,724846
96,51015225,724901
96,51384565,725071
96,51743548,725098
96,52137376,725102
96,52533277,725117
96,52930615,725074
96,53323289,725030
96,53743580,724981
96,54136754,724934
96,54530328,724894
96,54907176,724851
96,55283097,724809
96,55681401,724774
96,56051360,724746
96,56405400,724718
96,56764273,724690
96,57156211,724659
96,57530216,724632
96,57889818,724594
96,58281538,724560
96,58665264,724524
96,59053008,724498
96,59430124,724465
96,59828707,724439
96,60238003,724412
96,60592354,724391
96,60989817,724367
96,61373777,724344
96,61771845,724328
96,62138568,724311
96,62532031,724290
96,62929014,724266
96,63306544,724248
96,63683523,724233
96,64070744,724226
96,64423905,724224
96,64782626,724220
96,65155528,724218
96,65529374,724210
96,65898687,724205
96,66283608,724201
96,66678662,724194
96,67050335,724187
96,67404835,724184
96,67762540,724182
96,68134240,724175
96,68487314,724172
96,68845767,724166
96,69238733,724162
96,69590885,724155
96,69969002,724149
96,70363694,724143
96,70739193,724139
96,71091751,724138
96,71467333,724131
96,71863845,724125
96,72216384,724119
96,72591758,724111
96,72994010,724102
96,73387535,724097
96,73764410,724091
96,74158526,724087
96,74533677,724079
96,74931650,724077
96,75322394,724076
96,75707252,724074
96,76074054,724069
96,76469895,724067
96,76868675,724064
96,77240800,724057
96,77649434,724052
96,78014525,724047
96,78405292,724046
96,78764219,724045
96,79136695,724045
96,79530728,724043
96,79910810,724037
96,80302927,724036
96,80687726,724037
96,81077482,724036
96,81486610,724032
96,81846964,724027
96,82238031,724021
96,82612709,724015
96,83032301,724015
96,83424826,724015
96,83786140,724014
96,84158733,724010
96,84553889,724009
96,84928399,724007
96,85323559,724004
96,85753077,724004
96,86136318,724005
96,86487864,724005
96,86868978,724005
96,87262905,724006
96,87644329,724006
96,88031580,724005
96,88384505,724003
96,88761842,724003
96,89157032,724003
96,89530104,724003
96,89896736,724004
96,90262040,724005
96,90664712,724003
96,91051961,724001
96,91426600,723999
96,91781483,723997
96,92175722,723997
96,92552005,723997
96,92909138,723997
96,93323280,723997
96,93683607,723996
96,94076809,723993
96,94488106,723991
96,94848772,723990
96,95241617,723990
96,95649232,723992
96,96035061,723993
96,96428706,723993
96,96810769,723989
96,97196912,723985
96,97556048,723981
96,97931300,723981
96,98345812,723979
96,98743171,723977
96,99134530,723977
96,99508331,723977
96,99868778,723979
96,100242265,723980
96,100645765,723980
96,101055183,723975
96,101451706,723974
96,101867503,723974
96,102259915,723972
96,102644637,723970
96,103032113,723970
96,103426793,723968
96,103803179,723966
96,104175184,723963
96,104530203,723962
96,104886166,723960
96,105279874,723959
96,105667873,723956
96,106056341,723956
96,106432874,723952
96,106846325,723950
96,107241498,723947
96,107650481,723944
96,108012429,723942
96,108426850,723940
96,108783800,723937
96,109178502,723937
96,109561965,723935
96,109950155,723934
96,110377993,723934
96,110745040,723934
96,111137035,723934
96,111532629,723934
96,111909664,723934
96,112304320,723935
96,112684194,723935
96,113078722,723934
96,113489162,723928
96,113846219,723916
96,114239619,723907
96,114657644,723896
96,115031825,723887
96,115428304,723877
96,115806739,723860
96,116200537,723834
96,116591735,723817
96,116974054,723799
96,117364025,723794
96,117743061,723797
96,118137641,723811
96,118533926,723831
96,118930132,723851
96,119328150,723871
96,119744433,723882
96,120136944,723890
96,120529775,723898
96,120907678,723903
96,121283716,723910
96,121681319,723915
96,122072327,723919
96,122450693,723922
96,122847417,723924
96,123240057,723925
96,123624102,723926
96,123995508,723927
96,124384211,723928
96,124740070,723928
96,125115210,723931
96,125530223,723933
96,125887318,723936
96,126281171,723939
96,126663863,723943
96,127052233,723945
96,127404578,723946
96,127783070,723950
96,128180545,723953
96,128552644,723954
96,128951652,723957
96,129366677,723959
96,129760585,723961
96,130135149,723962
96,130491112,723963
96,130888142,723963
96,131262431,723965
96,131669427,723966
96,132032265,723968
96,132427994,723968
96,132785528,723970
96,133158321,723972
96,133586270,723972
96,133980554,723973
96,134349413,723974
96,134762996,723976
96,135161286,723976
96,135555703,723976
96,135935613,723978
96,136324139,723979
96,136743596,723979
96,137137267,723981
96,137532532,723981
96,137928209,723981
96,138307599,723983
96,138705040,723983
96,139105628,723985
96,139491836,723985
96,139868421,723985
96,140260882,723988
96,140647709,723987
96,141030289,723987
96,141383737,723990
96,141742551,723990
96,142136592,723988
96,142532997,723988
96,142930487,723988
96,143326457,723988
96,143720428,723989
96,144093700,723989
96,144467319,723989
96,144845997,723990
96,145239811,723989
96,145590695,723989
96,145991812,723989
96,146364678,723991
96,146721332,723990
96,147134036,723990
96,147487759,723991
96,147843410,723991
96,148221034,723991
96,148611646,723991
96,149030640,723992
96,149381984,723992
96,149743560,723992
96,150136403,723992
96,150531411,723993
96,150929867,723993
96,151328832,723993
96,151720206,723993
97,715579,24001
97,1079802,24341
97,1472159,24800
97,1850852,25346
97,2244925,26052
97,2668045,27184
97,3060163,28349
97,3470179,29570
97,3828201,30972
97,4222792,32725
97,4605885,34456
97,4971855,36570
97,5366662,38608
97,5723937,40778
97,6116744,43472
97,6491798,46024
97,6870313,49166
97,7268341,52468
97,7686410,55908
97,8079582,59073
97,8453227,62928
97,8849953,66504
97,9224442,70706
97,9630983,74480
97,10013941,79065
97,10397615,83950
97,10788858,88258
97,11163319,93315
97,11555123,98808
97,11973247,104363
97,12366564,109239
97,12743303,115321
97,13158550,120716
97,13513190,126035
97,13889150,132684
97,14282722,138560
97,14666909,145247
97,15059968,152501
97,15449084,158699
97,15826962,166213
97,16220586,172872
97,16574619,180658
97,16976536,187733
97,17367102,194813
97,17725805,203280
97,18119841,211772
97,18536105,220590
97,18939246,228381
97,19306706,237535
97,19725630,246900
97,20120986,256380
97,20533472,264954
97,20890557,274815
97,21285080,283715
97,21666962,293930
97,22055691,303878
97,22448901,312728
97,22828525,322796
97,23223339,331617
97,23605107,341712
97,24018385,351791
97,24408387,360766
97,24786546,370944
97,25184621,381186
97,25574518,390170
97,25974440,400344
97,26367666,410664
97,26763977,419576
97,27137612,428567
97,27491608,437522
97,27851233,447727
97,28245339,456732
97,28651666,466905
97,29036231,476946
97,29435988,486465
97,29828930,494785
97,30220263,503139
97,30578111,512219
97,30951522,520215
97,31327641,529029
97,31726638,536713
97,32099098,545219
97,32505045,552637
97,32872082,560724
97,33265081,567844
97,33663478,575551
97,34038584,582281
97,34412451,589663
97,34830045,596893
97,35231489,603985
97,35628868,609897
97,35993014,616737
97,36408153,622261
97,36776730,628623
97,37161059,634027
97,37531610,639037
97,37891650,644951
97,38283671,649792
97,38673888,654987
97,39063712,659765
97,39430820,664741
97,39829466,669373
97,40222912,673681
97,40608274,678185
97,40996734,681702
97,41367176,685350
97,41746826,689395
97,42141829,692988
97,42535489,695980
97,42938504,699290
97,43306467,702383
97,43704062,704943
97,44099244,707640
97,44493379,710081
97,44892573,712088
97,45266329,714209
97,45674195,715897
97,46040566,717644
97,46433865,719216
97,46828765,720386
97,47222760,721575
97,47631173,722515
97,48034990,723248
97,48429195,723782
97,48791736,724146
97,49157611,724319
97,49533926,724354
97,49916047,724394
97,50312007,724732
97,50703981,724846
97,51076485,724927
97,51451891,725080
97,51849289,725054
97,52242189,725074
97,52671042,725060
97,53032812,725021
97,53389258,724984
97,53766004,724952
97,54160398,724930
97,54541148,724893
97,54930533,724848
97,55345931,724806
97,55743428,724765
97,56137320,724720
97,56512664,724685
97,56871660,724653
97,57254225,724621
97,57650804,724590
97,58013739,724559
97,58409746,724536
97,58791110,724511
97,59182994,724487
97,59594718,724468
97,60004399,724454
97,60392904,724440
97,60770127,724422
97,61141835,724401
97,61536349,724377
97,61938547,724352
97,62306494,724329
97,62703142,724311
97,63074935,724296
97,63449643,724277
97,63828201,724260
97,64200390,724248
97,64574620,724234
97,64955015,724223
97,65324593,724211
97,65705520,724194
97,66096741,724181
97,66492216,724167
97,66848580,724159
97,67243038,724151
97,67649889,724143
97,68033951,724140
97,68387552,724135
97,68743392,724130
97,69116381,724124
97,69469513,724117
97,69825664,724108
97,70200687,724101
97,70594928,724096
97,70995193,724092
97,71368451,724088
97,71765228,724079
97,72139853,724074
97,72534216,724069
97,72892345,724064
97,73264648,724058
97,73663574,724055
97,74038953,724051
97,74431606,724043
97,74848335,724039
97,75241538,724033
97,75629589,724029
97,76012643,724022
97,76386650,724016
97,76745959,724009
97,77137485,724003
97,77511690,723996
97,77870035,723986
97,78263498,723978
97,78664323,723967
97,79038958,723962
97,79413996,723952
97,79850693,723942
97,80243902,723934
97,80646922,723927
97,81034561,723919
97,81440190,723906
97,81828216,723895
97,82220882,723882
97,82574097,723869
97,82998677,723837
97,83389857,723804
97,83766541,723775
97,84170593,723756
97,84539962,723751
97,84936377,723756
97,85347262,723773
97,85764371,723795
97,86158743,723815
97,86534985,723832
97,86930941,723848
97,87326960,723862
97,87702776,723876
97,88096492,723886
97,88469736,723897
97,88828525,723907
97,89221787,723911
97,89594573,723916
97,89993097,723918
97,90366482,723918
97,90722880,723918
97,91138112,723920
97,91489991,723921
97,91846986,723923
97,92242316,723924
97,92626599,723927
97,93015052,723928
97,93391275,723931
97,93787956,723931
97,94160500,723935
97,94556866,723939
97,94975198,723941
97,95390358,723945
97,95785888,723945
97,96162817,723949
97,96558451,723951
97,96931581,723951
97,97326780,723956
97,97746010,723957
97,98137595,723959
97,98491605,723959
97,98848439,723961
97,99243168,723963
97,99647844,723963
97,100033122,723963
97,100407637,723965
97,100765048,723966
97,101158714,723966
97,101533437,723968
97,101890551,723968
97,102284863,723970
97,102678714,723972
97,103074247,723972
97,103468804,723973
97,103828454,723974
97,104220459,723974
97,104594902,723974
97,104994210,723975
97,105365731,723976
97,105721659,723978
97,106140335,723977
97,106534565,723977
97,106893369,723978
97,107264959,723979
97,107668521,723979
97,108041471,723979
97,108431767,723981
97,108857243,723981
97,109243758,723982
97,109647377,723982
97,110034374,723982
97,110426798,723983
97,110788242,723984
97,111166444,723984
97,111555170,723984
97,111974139,723984
97,112370409,723984
97,112744853,723983
97,113138311,723983
97,113533724,723983
97,113930721,723985
97,114325153,723986
97,114700874,723985
97,115095483,723986
97,115449947,723987
97,115828164,723987
97,116221142,723987
97,116574993,723987
97,116973713,723987
97,117345181,723987
97,117701045,723987
97,118094763,723987
97,118470451,723987
97,118850088,723987
97,119243681,723988
97,119650724,723989
97,120015593,723988
97,120411142,723988
97,120787365,723989
97,121181456,723989
97,121608281,723989
97,121992845,723989
97,122366107,723989
97,122725792,723989
97,123139416,723990
97,123532905,723990
97,123891171,723990
97,124263912,723989
98,712371,24002
98,1116875,24343
98,1509905,24814
98,1921855,25370
98,2303235,26194
98,2696002,27077
98,3076846,28221
98,3468702,29597
98,3875849,30999
98,4240722,32750
98,4634119,34481
98,5012144,36596
98,5425850,38634
98,5783101,41126
98,6186301,43495
98,6572639,46430
98,6972403,49592
98,7367320,52900
98,7782082,56333
98,8177969,59983
98,8573096,63409
98,8946879,67009
98,9322949,71206
98,9715983,74989
98,10072566,79615
98,10469637,83918
98,10842288,88225
98,11238928,93256
98,11612620,98057
98,11990088,103658
98,12384868,108486
98,12736907,113711
98,13098141,119956
98,13493630,125244
98,13895389,131817
98,14285977,138575
98,14683429,145261
98,15096331,152519
98,15489022,158722
98,15873300,166235
98,16280271,172894
98,16638814,180685
98,17033673,187755
98,17411904,195880
98,17807633,203300
98,18176257,211789
98,18571069,219522
98,18950214,228398
98,19342287,236427
98,19696145,244525
98,20075873,254026
98,20468821,263761
98,20874948,272338
98,21262788,282476
98,21654480,291373
98,22011355,301438
98,22406146,310189
98,22779746,319037
98,23136085,329095
98,23529623,337855
98,23921399,348031
98,24305840,358171
98,24716069,367116
98,25094027,377354
98,25488234,386248
98,25851078,396515
98,26242087,405439
98,26613340,414423
98,26969227,424700
98,27365578,433604
98,27740423,443903
98,28160115,454110
98,28555297,464290
98,28971082,474278
98,29386891,483190
98,29780212,490841
98,30160924,499701
98,30559501,508816
98,30950574,516880
98,31357484,526288
98,31740463,535556
98,32137590,543265
98,32521552,551993
98,32911727,559389
98,33302867,567739
98,33696283,575675
98,34071845,582476
98,34446172,589040
98,34820088,596482
98,35222019,603748
98,35616665,609692
98,35992841,616619
98,36386382,622244
98,36762095,628550
98,37159103,634061
98,37555883,639894
98,37948963,645689
98,38344134,651188
98,38740162,655764
98,39116526,661043
98,39510548,665358
98,39910292,669978
98,40285490,674124
98,40675887,678571
98,41029627,682057
98,41404587,685556
98,41758797,689104
98,42137974,692781
98,42530304,695693
98,42912559,698951
98,43305852,702103
98,43715870,704676
98,44073973,707386
98,44467439,709566
98,44821237,711587
98,45217894,713486
98,45590955,715498
98,45949514,717070
98,46324324,718711
98,46719395,719945
98,47096634,721197
98,47490103,722115
98,47873654,722923
98,48283627,723589
98,48659460,724021
98,49034886,724266
98,49409641,724360
98,49803435,724331
98,50219038,724687
98,50612918,724987
98,50989459,725019
98,51385729,725149
98,51758661,725182
98,52114080,725157
98,52508698,725172
98,52892249,725084
98,53281080,725037
98,53632489,724970
98,54012896,724909
98,54407687,724873
98,54785510,724838
98,55161490,724800
98,55546013,724767
98,55915156,724724
98,56308025,724687
98,56719801,724649
98,57116841,724622
98,57490903,724589
98,57908668,724562
98,58306801,724532
98,58719313,724513
98,59114218,724494
98,59487820,724478
98,59852449,724457
98,60240524,724435
98,60615231,724416
98,61012623,724400
98,61383816,724385
98,61737198,724370
98,62096708,724352
98,62487393,724343
98,62842033,724330
98,63220401,724319
98,63590578,724303
98,63948246,724288
98,64342459,724278
98,64694911,724265
98,65072760,724254
98,65466794,724248
98,65820095,724237
98,66198808,724229
98,66590828,724220
98,66947314,724212
98,67320441,724206
98,67694144,724197
98,68097708,724188
98,68490638,724177
98,68874960,724160
98,69265847,724148
98,69655632,724136
98,70034054,724129
98,70423895,724123
98,70797639,724116
98,71160141,724105
98,71555017,724099
98,71949825,724095
98,72349664,724090
98,72743211,724085
98,73115749,724079
98,73509334,724077
98,73872923,724072
98,74262297,724068
98,74633942,724062
98,74989259,724059
98,75367964,724054
98,75760135,724051
98,76137320,724048
98,76532332,724043
98,76933320,724039
98,77322919,724036
98,77693660,724036
98,78072230,724034
98,78466346,724034
98,78818322,724034
98,79201319,724032
98,79597767,724030
98,80005917,724029
98,80366728,724026
98,80749441,724027
98,81141530,724028
98,81511948,724028
98,81910005,724027
98,82308327,724026
98,82697511,724026
98,83096354,724026
98,83489606,724024
98,83874975,724022
98,84259233,724019
98,84612173,724015
98,84968458,724014
98,85340924,724012
98,85696201,724008
98,86118813,724006
98,86512442,724004
98,86911130,724002
98,87300576,724000
98,87657606,723998
98,88053747,723994
98,88466928,723992
98,88820303,723992
98,89218586,723993
98,89591483,723995
98,89950210,723998
98,90374867,723998
98,90759925,723998
98,91118564,724000
98,91511506,724000
98,91908673,724001
98,92302494,724001
98,92696723,724001
98,93077066,724002
98,93469241,723999
98,93841554,723997
98,94243182,723994
98,94614512,723994
98,95012467,723994
98,95409302,723994
98,95801562,723993
98,96199684,723988
98,96592331,723984
98,96948982,723983
98,97322184,723983
98,97715590,723982
98,98094139,723979
98,98489950,723977
98,98873010,723973
98,99261160,723973
98,99613495,723970
98,99989138,723966
98,100384147,723961
98,100737121,723951
98,101094993,723939
98,101467857,723925
98,101924173,723905
98,102285407,723889
98,102654922,723871
98,103012011,723849
98,103405283,723838
98,103758748,723830
98,104115006,723825
98,104519544,723822
98,104921828,723821
98,105309147,723822
98,105718240,723823
98,106097078,723824
98,106489588,723824
98,106912782,723808
98,107306651,723771
98,107715760,723758
98,108095783,723740
98,108466649,723742
98,108841649,723753
98,109238468,723774
98,109612966,723798
98,109969017,723834
98,110361930,723856
98,110736603,723877
98,111093681,723892
98,111509102,723906
98,111893982,723911
98,112263253,723918
98,112636588,723924
98,113034610,723926
98,113409331,723927
98,113801494,723930
98,114222400,723931
98,114614399,723931
98,115010274,723931
98,115409434,723931
98,115802288,723931
98,116222685,723930
98,116615263,723930
98,117010290,723930
98,117408653,723932
98,117800123,723935
98,118159296,723939
98,118535796,723942
98,118933885,723947
98,119322100,723948
98,119695141,723950
98,120072889,723955
98,120468358,723957
98,120873519,723959
98,121239166,723960
98,121592318,723963
98,121946754,723964
98,122321401,723964
98,122716791,723966
98,123097628,723968
98,123491794,723970
98,123908517,723970
98,124301219,723971
98,124718892,723973
98,125115920,723974
98,125510008,723974
98,125910836,723974
98,126304176,723977
98,126696634,723978
98,127074698,723978
98,127489133,723979
98,127854377,723980
98,128239303,723980
98,128612339,723981
98,128972469,723982
98,129375569,723983
98,129738285,723984
98,130106139,723986
98,130488870,723985
98,130841864,723985
98,131217235,723987
98,131570090,723988
98,131948122,723988
98,132341379,723988
98,132695410,723989
98,133075139,723989
98,133467189,723989
98,133819923,723989
98,134243757,723989
98,134654985,723989
98,135014085,723989
98,135407008,723990
98,135801683,723991
98,136200730,723991
98,136595619,723991
98,137012668,723992
98,137407423,723992
98,137804298,723992
