trial_id,t_ns_since_cmd,position_counts
0,751035,583005
0,1113173,583410
0,1507308,583943
0,1903072,584397
0,2273361,585171
0,2640050,586035
0,3001490,587020
0,3359016,588395
0,3756461,589914
0,4149311,591453
0,4521649,593130
0,4900716,595240
0,5294752,597233
0,5650106,599661
0,6044781,601943
0,6418812,604396
0,6777770,606609
0,7170811,608334
0,7543784,610512
0,7941450,612347
0,8315116,613752
0,8670053,615148
0,9023053,616470
0,9397604,617562
0,9752926,618729
0,10105889,619746
0,10480782,620700
0,10883622,621578
0,11276034,622094
0,11653619,622493
0,12046009,622683
0,12421552,622743
0,12819452,623110
0,13215183,623251
0,13619219,623361
0,14005132,623585
0,14422996,623620
0,14824153,623749
0,15219380,623759
0,15622430,623747
0,16003083,623738
0,16355113,623688
0,16735118,623668
0,17106024,623645
0,17478751,623624
0,17861074,623595
0,18251727,623563
0,18614599,623534
0,19003940,623509
0,19355421,623479
0,19757113,623441
0,20128213,623394
0,20500106,623342
0,20858068,623282
0,21229855,623213
0,21636156,623146
0,22027031,623095
0,22417021,623046
0,22795484,623009
0,23170070,622981
0,23521830,622964
0,23886006,622952
0,24278144,622951
0,24652536,622953
0,25048056,622962
0,25418266,622970
0,25775415,622980
0,26168866,622990
0,26520970,622998
0,26898332,623004
0,27252050,623009
0,27616615,623012
0,28001955,623014
0,28376467,623015
0,28732138,623015
0,29105154,623013
0,29480638,623012
0,29862304,623009
0,30232069,623009
0,30616498,623007
0,31002025,623006
0,31354509,623006
0,31731998,623006
0,32124341,623006
0,32479348,623006
0,32861485,623006
0,33252735,623006
0,33614547,623006
0,34004499,623006
0,34399546,623006
0,34776690,623005
0,35149521,623004
0,35500091,623004
0,35860939,623004
0,36252982,623003
0,36634797,623003
0,37026502,623003
0,37418681,623003
0,37797967,623002
0,38179305,623002
0,38568028,623002
0,38959973,623002
0,39335917,623001
0,39753033,623001
0,40104403,623001
0,40477004,623001
0,40877558,623001
0,41229414,623001
0,41611794,623000
0,42001637,623000
0,42352780,623000
0,42728977,622998
0,43124090,622999
0,43490837,622998
0,43888836,622998
0,44252675,622998
0,44614033,622998
0,45005754,622998
0,45378657,622998
0,45735000,622997
0,46108075,622997
0,46500348,622997
0,46859399,622997
0,47234157,622996
0,47635856,622996
0,48003957,622996
0,48401022,622996
0,48777191,622996
1,723803,582993
1,1086656,583346
1,1492791,583897
1,1852494,584384
1,2247951,585210
1,2667976,586244
1,3059528,587244
1,3409845,588454
1,3807193,589981
1,4203783,591499
1,4564088,593425
1,4956824,595255
1,5308824,597231
1,5688305,599651
1,6081934,601924
1,6435032,604377
1,6833227,606832
1,7223562,608324
1,7580913,610507
1,7974347,612323
1,8331543,613724
1,8709563,615328
1,9105578,616761
1,9521778,618000
1,9911261,619123
1,10285950,620018
1,10641291,620838
1,10995175,621559
1,11367471,622120
1,11771445,622499
1,12162562,622627
1,12538762,622705
1,12893657,623061
1,13269297,623218
1,13667611,623360
1,14059941,623558
1,14431274,623592
1,14833594,623709
1,15207171,623736
1,15603929,623721
1,16017229,623716
1,16372531,623660
1,16749126,623637
1,17152641,623606
1,17543324,623577
1,17911236,623550
1,18265234,623516
1,18622155,623485
1,18995545,623450
1,19389974,623404
1,19746536,623361
1,20119149,623290
1,20525672,623230
1,20911098,623162
1,21284251,623109
1,21642624,623059
1,21992919,623015
1,22366661,622982
1,22750143,622956
1,23121506,622939
1,23507422,622933
1,23893882,622934
1,24268497,622943
1,24666868,622951
1,25034441,622963
1,25391776,622976
1,25749536,622989
1,26163868,622997
1,26524957,623007
1,26915013,623011
1,27266750,623016
1,27644709,623018
1,28038571,623019
1,28408516,623019
1,28767775,623019
1,29118551,623018
1,29504772,623015
1,29895907,623011
1,30305781,623010
1,30664600,623007
1,31014186,623007
1,31367548,623004
1,31745523,623004
1,32139843,623004
1,32520811,623004
1,32910253,623004
1,33262622,623004
1,33620290,623003
1,33998116,623003
1,34391795,623003
1,34748759,623003
1,35122301,623002
1,35551447,623001
1,35961953,623001
1,36352109,623001
1,36748183,623001
1,37255066,623000
1,37791046,623000
1,38286957,622999
1,38806972,622999
1,39308476,622999
1,39808902,622999
1,40249657,622999
1,40741028,622998
1,41242166,622998
1,41758224,622997
1,42251395,622997
1,42741994,622996
1,43185539,622995
1,43669852,622995
1,44082213,622995
1,44530283,622995
1,44909944,622995
1,45315935,622995
1,45710466,622995
1,46085871,622995
1,46495815,622995
1,46895958,622995
1,47288868,622995
1,47667712,622993
1,48058466,622994
1,48412388,622994
2,704949,583001
2,1095946,583429
2,1511794,583967
2,1901009,584472
2,2278821,585339
2,2673646,586252
2,3055039,587410
2,3464444,588634
2,3822441,590188
2,4220364,591951
2,4631260,593934
2,5039231,595786
2,5401654,598117
2,5818815,600592
2,6223364,602942
2,6591252,605726
2,7017996,607662
2,7405917,609606
2,7800377,611584
2,8197895,613305
2,8572321,614687
2,8942976,616234
2,9323319,617322
2,9697317,618455
2,10074781,619613
2,10464286,620560
2,10859765,621345
2,11236543,621968
2,11631347,622353
2,12013999,622595
2,12402377,622631
2,12776897,622994
2,13174795,623205
2,13548044,623286
2,13942786,623509
2,14323186,623572
2,14718523,623681
2,15150752,623741
2,15556192,623719
2,15948625,623732
2,16323807,623671
2,16715703,623650
2,17132567,623616
2,17575467,623586
2,17978576,623560
2,18362629,623519
2,18758282,623486
2,19134670,623432
2,19529260,623376
2,19902338,623305
2,20299301,623224
2,20693738,623163
2,21071258,623095
2,21486667,623037
2,21880030,622995
2,22235615,622962
2,22610229,622937
2,23016035,622924
2,23401004,622919
2,23775539,622923
2,24133117,622933
2,24507208,622945
2,24899890,622960
2,25261571,622973
2,25634032,622987
2,26030833,622998
2,26402957,623009
2,26799324,623014
2,27196849,623018
2,27569195,623019
2,27981502,623020
2,28381417,623019
2,28758307,623015
2,29154781,623012
2,29527939,623012
2,29921939,623006
2,30319974,623005
2,30700695,623005
2,31097439,623003
2,31462952,623001
2,31820589,623001
2,32201583,623002
2,32589681,623003
2,32942069,623002
2,33338472,623002
2,33716840,623002
2,34110369,623002
2,34504206,623001
2,34878586,623001
2,35256476,622999
2,35650571,622999
2,36015527,622999
2,36405354,622998
2,36798450,622997
2,37198373,622997
2,37595773,622997
2,37997240,622997
2,38363830,622996
2,38735439,622996
2,39155278,622996
2,39549039,622996
2,39967933,622996
2,40362592,622996
2,40737342,622996
2,41139778,622996
2,41509197,622996
2,41912397,622996
2,42302907,622996
2,42693082,622994
2,43052101,622994
2,43446407,622994
2,43843807,622994
2,44235846,622993
2,44610562,622993
2,45016210,622993
2,45402547,622993
2,45797591,622993
2,46152382,622993
2,46526646,622993
2,46920641,622993
2,47345565,622993
2,47737330,622993
3,705539,583004
3,1114897,583428
3,1509529,583969
3,1882291,584478
3,2279367,585341
3,2674097,586257
3,3054872,587254
3,3445925,588814
3,3860874,590186
3,4259856,591937
3,4633469,593657
3,5029791,595754
3,5404111,598079
3,5817607,600230
3,6178179,602893
3,6614918,605688
3,6992441,607626
3,7381358,609287
3,7734615,611305
3,8110197,612905
3,8484309,614269
3,8837550,615687
3,9240690,617034
3,9610419,618304
3,10005679,619383
3,10381349,620228
3,10734312,621049
3,11090318,621791
3,11484152,622217
3,11859280,622518
3,12216159,622627
3,12612333,622787
3,12996465,623182
3,13382930,623248
3,13777290,623445
3,14154953,623592
3,14526583,623615
3,14898566,623746
3,15282081,623745
3,15664109,623739
3,16075475,623722
3,16493102,623666
3,16885561,623648
3,17278395,623615
3,17623389,623586
3,18012787,623547
3,18391709,623506
3,18764502,623462
3,19121478,623405
3,19478658,623336
3,19826337,623270
3,20318340,623167
3,20722405,623099
3,21507196,622994
3,21921924,622958
3,22297475,622937
3,22662526,622925
3,23036164,622922
3,23485786,622927
3,23875379,622938
3,24250258,622952
3,24594466,622963
3,24954531,622980
3,25323660,622990
3,25660425,623003
3,26015779,623012
3,26363364,623017
3,26695314,623021
3,27036659,623023
3,27405034,623025
3,27757960,623024
3,28115156,623020
3,28466509,623019
3,28840664,623015
3,29195945,623012
3,29534249,623011
3,29903243,623007
3,30284805,623006
3,30613596,623006
3,30967168,623005
3,31348183,623005
3,31699636,623005
3,32082727,623004
3,32481825,623004
3,32834241,623004
3,33212285,623004
3,33604768,623004
3,33988304,623004
3,34374821,623003
3,34729363,623002
3,35107297,623002
3,35460286,623000
3,35851374,623000
3,36239894,622999
3,36634083,622997
3,37030257,622998
3,37402595,622998
3,37795282,622998
3,38174954,622998
3,38573573,622997
3,38992053,622997
3,39379154,622997
3,39755394,622997
3,40111494,622997
3,40483176,622997
3,40838829,622996
3,41264648,622996
3,41654529,622996
3,42055494,622996
3,42431805,622996
3,42796620,622996
3,43156475,622995
3,43550030,622995
3,43962198,622994
3,44362704,622994
3,44734752,622994
3,45094166,622994
3,45488081,622994
3,45880403,622994
3,46258849,622994
3,46651980,622994
3,47032761,622994
3,47422786,622994
3,47797168,622994
3,48158294,622994
4,745334,583001
4,1119513,583427
4,1535400,584031
4,1942066,584471
4,2313576,585322
4,2706518,586379
4,3123546,587550
4,3537903,588974
4,3937089,590583
4,4352847,592380
4,4774189,594415
4,5162027,596584
4,5554824,598680
4,5936320,601203
4,6351231,603967
4,6772902,606554
4,7161820,608273
4,7555979,610162
4,7933416,612282
4,8328267,613675
4,8699388,615284
4,9101575,616726
4,9513553,617960
4,9922819,619095
4,10287456,620109
4,10702838,621044
4,11104384,621714
4,11472092,622211
4,11868992,622542
4,12262992,622624
4,12639137,622840
4,13060311,623208
4,13452429,623264
4,13833250,623481
4,14221285,623599
4,14637683,623656
4,15035016,623759
4,15408970,623730
4,15807960,623740
4,16179782,623703
4,16600690,623654
4,16998072,623631
4,17387983,623595
4,17779972,623563
4,18178309,623519
4,18582600,623466
4,18984316,623418
4,19351706,623342
4,19773557,623265
4,20162754,623190
4,20533300,623117
4,20933768,623056
4,21326095,623007
4,21704699,622965
4,22117761,622938
4,22512953,622924
4,22888729,622921
4,23284249,622922
4,23679064,622934
4,24062314,622947
4,24471471,622965
4,24873212,622979
4,25268068,622995
4,25642143,623005
4,26039283,623017
4,26414810,623023
4,26833008,623028
4,27226323,623030
4,27640648,623030
4,28039087,623028
4,28412870,623023
4,28810109,623021
4,29182822,623018
4,29576756,623014
4,29976454,623011
4,30368229,623010
4,30771955,623005
4,31185365,623006
4,31576664,623006
4,31957062,623006
4,32345410,623005
4,32771982,623005
4,33160589,623005
4,33533624,623005
4,33930121,623005
4,34303764,623003
4,34699935,623003
4,35123856,623003
4,35516049,623001
4,35893904,623001
4,36286997,623001
4,36683543,623000
4,37060912,622999
4,37451797,622998
4,37837401,622998
4,38205426,622998
4,38599183,622998
4,39019722,622998
4,39412323,622998
4,39798182,622998
4,40185236,622996
4,40578917,622996
4,40974932,622996
4,41378937,622996
4,41774076,622996
4,42140294,622996
4,42534091,622995
4,42921188,622995
4,43307082,622995
4,43721438,622993
4,44119858,622994
4,44491684,622993
4,44889907,622993
4,45284089,622993
4,45678818,622993
4,46083084,622993
4,46472008,622993
4,46895774,622993
4,47311174,622993
4,47703462,622992
5,717199,583003
5,1106886,583347
5,1498235,583973
5,1907822,584476
5,2320848,585318
5,2714205,586376
5,3108732,587387
5,3485146,588775
5,3900038,590372
5,4297571,592137
5,4708711,594153
5,5109047,596010
5,5480756,598365
5,5872642,600544
5,6280875,603237
5,6643335,605997
5,7058603,607828
5,7482021,609851
5,7879322,611810
5,8277148,613475
5,8643264,615074
5,9037558,616407
5,9415648,617643
5,9810697,618804
5,10182915,619902
5,10584800,620713
5,10979385,621577
5,11372421,622128
5,11768079,622487
5,12183199,622637
5,12581864,622794
5,12975111,623159
5,13373790,623258
5,13746474,623414
5,14119482,623594
5,14543960,623620
5,14938164,623750
5,15336198,623735
5,15713345,623732
5,16083569,623721
5,16485181,623667
5,16856747,623656
5,17259280,623616
5,17665501,623588
5,18061342,623547
5,18460219,623508
5,18835158,623463
5,19204762,623392
5,19598165,623311
5,19997258,623235
5,20396098,623148
5,20788905,623079
5,21184491,623016
5,21582487,622974
5,21957953,622938
5,22356683,622918
5,22723456,622909
5,23119980,622907
5,23497444,622915
5,23891520,622928
5,24308889,622947
5,24708607,622963
5,25083726,622981
5,25485991,622993
5,25854855,623007
5,26264094,623015
5,26667239,623023
5,27079573,623025
5,27486528,623025
5,27854106,623024
5,28259176,623023
5,28624892,623018
5,29016428,623014
5,29419171,623011
5,29809848,623008
5,30203725,623006
5,30600902,623003
5,31018934,623002
5,31416952,623002
5,31791253,623000
5,32184112,622999
5,32560328,623000
5,32953186,623000
5,33310220,623000
5,33684420,623000
5,34077970,623000
5,34459139,623001
5,34854638,623001
5,35281763,623001
5,35690674,623001
5,36082394,622998
5,36485425,622998
5,36854750,622998
5,37275403,622997
5,37664720,622996
5,38037954,622996
5,38437425,622996
5,38808731,622996
5,39202980,622996
5,39579727,622996
5,39979461,622996
5,40393802,622996
5,40787566,622996
5,41182899,622996
5,41580521,622996
5,41973574,622996
5,42383063,622994
5,42747787,622994
5,43141463,622994
5,43540828,622994
5,43911663,622994
5,44310765,622995
5,44693184,622995
5,45059275,622995
5,45457013,622995
5,45848888,622994
5,46283835,622994
5,46649314,622994
5,47041762,622994
5,47450177,622994
6,719545,582995
6,1080185,583347
6,1473042,583973
6,1894275,584475
6,2307709,585318
6,2713391,586242
6,3100703,587382
6,3492726,588762
6,3894683,590355
6,4305458,592109
6,4713482,594125
6,5118006,595981
6,5470433,598035
6,5830296,600536
6,6242343,602874
6,6596504,605688
6,7013881,607628
6,7409271,609554
6,7807116,611556
6,8199215,613289
6,8574794,614659
6,8952542,616231
6,9345320,617329
6,9725895,618648
6,10121311,619686
6,10499630,620625
6,10898736,621424
6,11266475,622060
6,11670643,622403
6,12038979,622640
6,12428804,622689
6,12789566,623053
6,13183068,623279
6,13554196,623341
6,13916265,623575
6,14307415,623629
6,14713063,623697
6,15100313,623783
6,15494593,623747
6,15875925,623766
6,16265024,623708
6,16688471,623673
6,17099137,623631
6,17490181,623598
6,17848698,623564
6,18240203,623504
6,18618695,623443
6,18996727,623363
6,19391709,623270
6,19804393,623196
6,20158446,623125
6,20530761,623053
6,20937159,622996
6,21328169,622959
6,21718739,622928
6,22112728,622913
6,22479493,622910
6,22871846,622913
6,23248329,622924
6,23653040,622939
6,24016467,622958
6,24410437,622975
6,24808415,622989
6,25201948,623006
6,25597180,623015
6,25996568,623023
6,26372553,623027
6,26770866,623028
6,27138157,623029
6,27534906,623028
6,27953660,623023
6,28346433,623020
6,28729528,623018
6,29118580,623013
6,29517275,623011
6,29914688,623010
6,30306111,623008
6,30724498,623007
6,31118285,623006
6,31513459,623006
6,31935114,623006
6,32308137,623006
6,32705022,623006
6,33098623,623006
6,33493125,623005
6,33877710,623005
6,34245271,623005
6,34657022,623003
6,35057286,623003
6,35430538,623002
6,35831355,623001
6,36223065,623000
6,36596628,623000
6,37017728,622999
6,37409508,622999
6,37808255,622999
6,38201992,622999
6,38597347,622998
6,38995178,622998
6,39373015,622998
6,39764994,622998
6,40181928,622998
6,40596370,622998
6,40994523,622998
6,41373057,622997
6,41769981,622997
6,42179613,622997
6,42534919,622996
6,42970983,622996
6,43352895,622996
6,43730638,622996
6,44123682,622996
6,44521306,622996
6,44893302,622996
6,45307617,622996
6,45705515,622996
6,46097353,622995
6,46474322,622995
6,46863199,622995
6,47248634,622995
6,47656631,622995
7,699371,583003
7,1085433,583347
7,1437898,583906
7,1822559,584398
7,2212068,585068
7,2574428,585969
7,2950883,587077
7,3344194,588212
7,3700288,589534
7,4068594,591211
7,4460594,592838
7,4866971,594912
7,5242252,596833
7,5603743,599251
7,6010286,601486
7,6362158,603906
7,6727455,606236
7,7102225,607989
7,7495362,610095
7,7894137,611993
7,8266259,613589
7,8663826,615003
7,9040680,616517
7,9436093,617778
7,9830282,618986
7,10224899,620078
7,10631880,621013
7,11036260,621839
7,11436512,622320
7,11848560,622609
7,12243253,622707
7,12641783,622927
7,13037871,623296
7,13437974,623371
7,13829096,623564
7,14223155,623665
7,14637676,623707
7,15015732,623803
7,15409955,623765
7,15786619,623777
7,16185488,623721
7,16607152,623676
7,17016096,623635
7,17431163,623591
7,17835451,623547
7,18246422,623480
7,18667825,623401
7,19058405,623318
7,19472623,623228
7,19873210,623160
7,20244932,623080
7,20642519,623024
7,21036724,622970
7,21414661,622938
7,21786080,622912
7,22185431,622902
7,22608967,622903
7,23016658,622914
7,23409567,622928
7,23776178,622946
7,24152271,622965
7,24537179,622982
7,24923748,622999
7,25311628,623013
7,25728583,623022
7,26123348,623027
7,26514793,623033
7,26893373,623033
7,27265255,623032
7,27667223,623028
7,28062897,623026
7,28450780,623019
7,28831641,623018
7,29225101,623011
7,29631519,623009
7,30019399,623006
7,30390952,623006
7,30792436,623004
7,31188379,623003
7,31570221,623003
7,31953163,623003
7,32327135,623002
7,32724965,623002
7,33118151,623001
7,33494841,623001
7,33869332,623001
7,34262991,623001
7,34641125,623000
7,35036143,622999
7,35436497,622999
7,35834439,623000
7,36226672,622999
7,36631983,622998
7,36999981,622998
7,37393681,622998
7,37791600,622997
7,38161069,622997
7,38588215,622997
7,38973345,622996
7,39346706,622996
7,39748549,622994
7,40141222,622995
7,40535316,622993
7,40933529,622993
7,41326504,622994
7,41728483,622994
7,42119886,622994
7,42515425,622994
7,42913161,622993
7,43324045,622993
7,43704492,622993
7,44097888,622993
7,44514150,622993
7,44912824,622993
8,727806,583001
8,1134579,583427
8,1548416,584028
8,1943952,584541
8,2361828,585417
8,2755946,586346
8,3153617,587493
8,3547027,588883
8,3975168,590509
8,4361943,592276
8,4754497,594314
8,5161965,596198
8,5531771,598569
8,5943044,601120
8,6341932,603873
8,6733973,606210
8,7137850,607992
8,7527560,610101
8,7921551,612004
8,8319806,613616
8,8697037,615028
8,9076348,616561
8,9464577,617855
8,9858541,619074
8,10238105,620171
8,10632328,620977
8,11016924,621819
8,11402584,622280
8,11776009,622584
8,12175614,622719
8,12546525,622838
8,12942676,623195
8,13323388,623327
8,13712427,623481
8,14132359,623642
8,14526417,623648
8,14900613,623770
8,15298750,623771
8,15671348,623762
8,16076748,623753
8,16470675,623689
8,16837385,623665
8,17260351,623612
8,17653303,623588
8,18052883,623540
8,18447094,623483
8,18845476,623420
8,19218141,623340
8,19612042,623252
8,20018986,623178
8,20383405,623097
8,20777904,623037
8,21158003,622978
8,21549504,622934
8,21965040,622904
8,22361010,622893
8,22734011,622889
8,23133629,622895
8,23505821,622911
8,23901438,622927
8,24276364,622950
8,24670582,622971
8,25069154,622986
8,25445839,623000
8,25841909,623012
8,26256559,623019
8,26649878,623024
8,27047167,623026
8,27446932,623026
8,27845366,623023
8,28218829,623019
8,28633216,623015
8,29031858,623011
8,29455610,623008
8,29845365,623005
8,30218073,623003
8,30609921,623002
8,31019587,623000
8,31380564,622999
8,31775779,622999
8,32155247,623000
8,32550770,623000
8,32942316,623000
8,33339542,623001
8,33733244,622999
8,34130758,622999
8,34504138,622999
8,34898950,622999
8,35285398,622998
8,35672225,622998
8,36047592,622998
8,36443140,622998
8,36841513,622997
8,37235438,622997
8,37630399,622997
8,38051570,622996
8,38449626,622996
8,38846423,622996
8,39218552,622996
8,39634213,622995
8,40031223,622995
8,40403534,622994
8,40797990,622994
8,41177294,622994
8,41572741,622994
8,41974710,622994
8,42361338,622994
8,42755067,622994
8,43156628,622994
8,43560474,622994
8,43944885,622993
8,44381181,622993
8,44754558,622993
9,732411,583002
9,1136277,583345
9,1499200,583965
9,1993981,584621
9,2432824,585536
9,2833833,586610
9,3238927,587802
9,3724785,589658
9,4171581,591360
9,4560336,592999
9,4934364,595103
9,5332384,597347
9,5725274,599498
9,6115172,602121
9,6514281,604597
9,6865135,606728
9,7254415,608457
9,7645573,610709
9,8036679,612481
9,8414214,614052
9,8806668,615692
9,9201630,616930
9,9581924,618057
9,9975134,619394
9,10390813,620395
9,10764247,621200
9,11116619,621883
9,11516548,622344
9,11909146,622622
9,12308511,622713
9,12699580,622915
9,13053657,623242
9,13409759,623311
9,13783682,623463
9,14135158,623622
9,14539861,623637
9,14911350,623762
9,15307526,623758
9,15704088,623754
9,16093081,623754
9,16451904,623687
9,16805354,623668
9,17156367,623631
9,17512139,623598
9,17865272,623572
9,18254331,623520
9,18640190,623469
9,18991663,623409
9,19368293,623329
9,19761157,623255
9,20114539,623184
9,20496229,623106
9,20892881,623045
9,21273583,622987
9,21662112,622942
9,22057131,622913
9,22433522,622897
9,22824175,622894
9,23199304,622896
9,23601520,622913
9,24011185,622927
9,24390697,622947
9,24792973,622966
9,25201325,622982
9,25597232,622992
9,25950393,623005
9,26307289,623010
9,26701533,623017
9,27073242,623018
9,27429849,623018
9,27803061,623018
9,28157296,623017
9,28510850,623012
9,28863294,623011
9,29252466,623005
9,29638614,623004
9,30010420,623001
9,30371515,622999
9,30760882,622997
9,31135579,622997
9,31496584,622997
9,31911825,622996
9,32308080,622995
9,32703351,622995
9,33078399,622996
9,33434891,622996
9,33806458,622996
9,34158249,622996
9,34547379,622996
9,34930167,622996
9,35296909,622996
9,35684463,622996
9,36053355,622994
9,36413894,622994
9,36805801,622994
9,37177450,622994
9,37577637,622994
9,37928725,622994
9,38305651,622993
9,38656835,622993
9,39010530,622993
9,39365956,622993
9,39740474,622993
9,40113655,622993
9,40515399,622992
9,40907726,622992
9,41283539,622992
10,738808,583001
10,1123944,583346
10,1495193,583967
10,1904890,584455
10,2304051,585282
10,2717405,586336
10,3118065,587327
10,3489533,588681
10,3894119,590286
10,4302426,592032
10,4718183,594038
10,5115025,596188
10,5513946,598256
10,5917130,600801
10,6324229,603542
10,6699361,605961
10,7073823,607828
10,7469005,609557
10,7862896,612060
10,8287315,613503
10,8680477,615094
10,9078479,616611
10,9471111,617869
10,9868380,619061
10,10242740,620136
10,10634648,621049
10,11056984,621851
10,11448113,622269
10,11843691,622573
10,12239906,622690
10,12638565,622893
10,13054759,623245
10,13448073,623301
10,13823127,623503
10,14218382,623610
10,14591884,623639
10,14991023,623752
10,15367742,623735
10,15763034,623746
10,16176785,623719
10,16569964,623670
10,16970773,623656
10,17362991,623609
10,17757699,623580
10,18188373,623532
10,18573391,623490
10,19111075,623396
10,19648858,623296
10,20173033,623193
10,20670777,623097
10,21190633,623014
10,21690484,622952
10,22208285,622911
10,22633881,622897
10,23129919,622895
10,23648106,622907
10,24173311,622927
10,24688463,622950
10,25190906,622974
10,25690162,622991
10,26213338,623005
10,26636751,623013
10,27123201,623017
10,27619612,623019
10,28146218,623016
10,28594641,623013
10,29065328,623010
10,29508645,623004
10,29930685,623001
10,30316818,622999
10,30721266,622997
10,31117715,622996
10,31490990,622996
10,31898373,622996
10,32298051,622996
10,32649970,622996
10,33029408,622996
10,33427007,622997
10,33813299,622997
10,34195604,622998
10,34614043,622998
10,35022821,622998
10,35427231,622997
10,35824155,622997
10,36197689,622996
10,36591992,622996
10,36972460,622995
10,37364579,622995
10,37737530,622995
10,38142693,622995
10,38508483,622995
10,38914850,622995
10,39279860,622995
10,39675851,622995
10,40073530,622995
10,40445652,622995
10,40840925,622994
10,41227734,622994
10,41619033,622994
10,41998998,622994
11,740881,583002
11,1121234,583347
11,1521060,583973
11,1893735,584459
11,2292371,585164
11,2663081,586212
11,3099567,587342
11,3522721,588699
11,3892448,590310
11,4311380,592063
11,4707210,594080
11,5117955,595957
11,5496245,598309
11,5888321,600522
11,6255598,603214
11,6667965,605987
11,7060857,607636
11,7441997,609563
11,7829559,611830
11,8258300,613513
11,8646006,614904
11,9014426,616289
11,9372036,617538
11,9786061,618701
11,10143711,619862
11,10540010,620654
11,10913092,621442
11,11269379,622073
11,11663815,622398
11,12034851,622619
11,12392882,622682
11,12810217,623037
11,13210675,623273
11,13619911,623345
11,13972833,623557
11,14349389,623604
11,14743876,623665
11,15098667,623757
11,15479457,623718
11,15870165,623737
11,16231761,623706
11,16598568,623652
11,16994361,623638
11,17353699,623593
11,17722649,623567
11,18119096,623526
11,18494945,623481
11,18846670,623428
11,19258133,623358
11,19623815,623275
11,20015176,623207
11,20393814,623126
11,20786659,623068
11,21140057,623014
11,21516202,622972
11,21868895,622938
11,22232344,622916
11,22638903,622905
11,22992482,622906
11,23350912,622912
11,23742793,622925
11,24117526,622939
11,24479666,622959
11,24891835,622973
11,25255672,622991
11,25645008,623001
11,26014752,623012
11,26372481,623018
11,26764738,623024
11,27138696,623026
11,27528734,623026
11,27890173,623023
11,28280733,623021
11,28687927,623019
11,29079931,623013
11,29526032,623012
11,29914873,623007
11,30313374,623006
11,30711060,623004
11,31096592,623004
11,31494967,623003
11,31850846,623003
11,32255463,623003
11,32644262,623003
11,33013784,623003
11,33394356,623003
11,33811832,623003
11,34211939,623003
11,34599805,623003
11,34973425,623003
11,35350884,623002
11,35746045,623000
11,36097412,623000
11,36474890,623000
11,36849314,622999
11,37230660,622999
11,37618191,622999
11,37993559,622998
11,38348994,622997
11,38729946,622997
11,39118930,622997
11,39521500,622996
11,39893804,622996
11,40290959,622996
11,40664506,622996
11,41060458,622996
11,41435419,622996
11,41831353,622996
11,42252961,622996
11,42640796,622996
11,42997832,622996
11,43395965,622995
11,43768334,622994
11,44143669,622994
11,44539812,622994
12,698421,583002
12,1075861,583432
12,1491508,584037
12,1889886,584469
12,2264871,585300
12,2665436,586224
12,3032573,587353
12,3427149,588714
12,3845967,590321
12,4241022,591837
12,4638134,593819
12,5033169,595951
12,5427058,598305
12,5848308,600848
12,6242201,603221
12,6638017,606001
12,7031958,607860
12,7428056,609874
12,7868524,612089
12,8243984,613728
12,8638939,615125
12,9016001,616637
12,9411099,617848
12,9830452,619156
12,10246035,620170
12,10663898,621079
12,11054757,621769
12,11427960,622243
12,11827386,622553
12,12221891,622651
12,12607697,622857
12,12993979,623204
12,13366879,623294
12,13767513,623475
12,14143710,623624
12,14543962,623645
12,14949736,623771
12,15345417,623742
12,15742073,623747
12,16135780,623720
12,16549743,623663
12,16952786,623641
12,17344073,623592
12,17758756,623557
12,18166516,623499
12,18548188,623431
12,18952523,623350
12,19344330,623272
12,19748219,623188
12,20140080,623107
12,20549122,623041
12,20930147,622997
12,21302516,622958
12,21708512,622932
12,22075493,622918
12,22469157,622915
12,22846256,622921
12,23241412,622933
12,23639077,622946
12,24032864,622964
12,24426329,622983
12,24848102,622999
12,25240176,623012
12,25636789,623019
12,26031005,623028
12,26427159,623031
12,26845511,623033
12,27238824,623030
12,27615604,623029
12,27995658,623025
12,28368139,623020
12,28767131,623017
12,29144529,623012
12,29553234,623010
12,29952589,623007
12,30343836,623006
12,30746771,623005
12,31143965,623005
12,31546895,623005
12,31949967,623004
12,32343946,623004
12,32745932,623004
12,33148855,623003
12,33545113,623003
12,33949490,623003
12,34344582,623002
12,34742798,623002
12,35136884,623001
12,35542319,623001
12,35927195,623000
12,36301908,623000
12,36698688,622998
12,37072395,622999
12,37469122,622999
12,37844607,622999
12,38238018,622998
12,38620135,622997
12,39016032,622997
12,39409582,622997
12,39807995,622997
12,40180078,622997
12,40564223,622997
12,40951259,622997
12,41343507,622996
12,41747711,622996
12,42139329,622996
12,42557873,622996
12,42953057,622996
12,43344467,622996
12,43745662,622996
12,44137001,622996
12,44545521,622995
12,44907634,622995
12,45302163,622995
12,45680609,622994
12,46074235,622994
12,46447049,622994
13,716635,583020
13,1120187,583514
13,1536150,584097
13,1934812,584557
13,2325971,585437
13,2721688,586506
13,3120678,587688
13,3533360,589128
13,3930393,590563
13,4329192,592342
13,4742753,594391
13,5137666,596555
13,5532317,598964
13,5931647,601523
13,6329989,604309
13,6741513,606551
13,7138113,608264
13,7533324,610440
13,7936698,612500
13,8331288,613860
13,8701369,615480
13,9099420,616737
13,9472253,617955
13,9879888,619112
13,10242942,620131
13,10637891,621049
13,11039912,621754
13,11429869,622235
13,11856449,622547
13,12250139,622656
13,12638586,622927
13,13037015,623250
13,13429358,623330
13,13841347,623559
13,14244166,623637
13,14636961,623686
13,15033863,623776
13,15408738,623733
13,15803953,623750
13,16185549,623706
13,16574571,623659
13,16993003,623629
13,17387146,623584
13,17761999,623550
13,18160334,623495
13,18534220,623422
13,18933010,623345
13,19325736,623250
13,19733837,623163
13,20125399,623088
13,20538537,623020
13,20932783,622971
13,21331087,622939
13,21701438,622918
13,22120535,622909
13,22514731,622909
13,22899334,622920
13,23287739,622936
13,23681476,622954
13,24060652,622970
13,24427801,622989
13,24841989,623005
13,25245208,623019
13,25636457,623028
13,26034003,623033
13,26430049,623034
13,26835536,623036
13,27218095,623035
13,27591454,623028
13,27990307,623026
13,28362432,623022
13,28717171,623018
13,29093047,623014
13,29466857,623011
13,29859007,623009
13,30243478,623007
13,30634329,623007
13,31047073,623007
13,31431064,623006
13,31836178,623005
13,32198519,623005
13,32590763,623005
13,32976773,623005
13,33367855,623005
13,33737943,623005
13,34099492,623005
13,34492294,623004
13,34872733,623002
13,35261815,623003
13,35633513,623003
13,35993411,623003
13,36397308,623001
13,36760612,623001
13,37115820,623001
13,37508783,622999
13,37871660,622999
13,38239534,622999
13,38592341,622999
13,38968385,622999
13,39363813,622999
13,39718608,622997
13,40092921,622997
13,40488418,622997
13,40860020,622997
13,41224964,622997
13,41617715,622996
13,42035553,622996
13,42428417,622996
13,42805923,622996
13,43198943,622996
13,43613713,622995
13,43983123,622995
13,44346701,622995
13,44738844,622994
13,45140213,622994
13,45533392,622993
13,45928948,622993
13,46327312,622993
13,46739416,622994
13,47094204,622994
13,47488604,622994
13,47874049,622994
13,48260121,622994
13,48634230,622994
13,48991130,622993
13,49384482,622993
13,49761065,622993
14,637470,582995
14,975902,583198
14,1292535,583763
14,1643592,584152
14,1952510,584639
14,2285856,585304
14,2601654,586095
14,2915607,587061
14,3281016,588181
14,3663955,589503
14,4003769,590966
14,4350907,592310
14,4673490,594091
14,5017867,595681
14,5330783,597396
14,5653707,599550
14,5998779,601824
14,6359127,604280
14,6734439,606531
14,7084795,608036
14,7418242,609841
14,7770573,611562
14,8076858,612919
14,8441682,614674
14,8872579,616085
14,9207514,617068
14,9521257,618165
14,9938358,619453
14,10323644,620407
14,10769041,621318
14,11164984,622000
14,11512816,622301
14,11833525,622559
14,12173570,622654
14,12549888,622808
14,12906322,623171
14,13252188,623276
14,13605911,623401
14,13975617,623584
14,14296726,623618
14,14648384,623682
14,15001186,623782
14,15359833,623746
14,15731064,623761
14,16087450,623748
14,16422201,623692
14,16784459,623678
14,17109487,623638
14,17473769,623602
14,17838126,623572
14,18172634,623521
14,18521192,623473
14,18852441,623404
14,19193740,623327
14,19546360,623256
14,19874620,623178
14,20209188,623114
14,20544981,623048
14,20869170,623001
14,21208479,622956
14,21551930,622925
14,21874126,622903
14,22205363,622894
14,22516076,622891
14,22846745,622895
14,23185466,622904
14,23495455,622920
14,23849724,622936
14,24165555,622953
14,24518726,622969
14,24851801,622985
14,25213760,622999
14,25540803,623011
14,25896209,623020
14,26267426,623024
14,26634340,623029
14,26986097,623029
14,27341016,623029
14,27701620,623025
14,28054932,623023
14,28425762,623019
14,28781042,623015
14,29133919,623011
14,29501255,623008
14,29864600,623005
14,30217680,623005
14,30576406,623002
14,30929859,623002
14,31279681,623002
14,31614860,623002
14,31971052,623002
14,32380649,623002
14,32731342,623003
14,33103297,623002
14,33509057,623002
14,33875325,623001
14,34227862,623001
14,34625960,623001
14,34999412,623000
14,35373378,622998
14,35757554,622998
14,36130420,622998
14,36540360,622998
14,36902434,622998
14,37297095,622997
14,37694665,622997
14,38072188,622997
14,38485021,622997
14,38883244,622997
14,39274972,622997
14,39668464,622996
14,40072518,622996
14,40478424,622996
14,40883511,622996
14,41278283,622995
14,41660207,622995
14,42057053,622995
14,42430454,622994
14,42825409,622994
14,43204660,622994
14,43597423,622994
14,44011527,622994
14,44387008,622994
14,44786080,622994
14,45179816,622994
14,45578620,622994
14,45947422,622992
14,46343963,622992
14,46771309,622992
14,47183985,622992
14,47557491,622992
15,739644,583004
15,1116255,583348
15,1494922,583974
15,1885721,584469
15,2285079,585176
15,2677586,586225
15,3071849,587358
15,3473384,588539
15,3845074,590121
15,4243641,591853
15,4636289,593574
15,5013760,595425
15,5411868,597712
15,5800125,600206
15,6206668,602869
15,6595619,605354
15,6988571,607428
15,7368667,609272
15,7760025,611299
15,8138246,613113
15,8552454,614674
15,8946594,616080
15,9324586,617354
15,9741342,618664
15,10137159,619826
15,10557664,620736
15,10947476,621518
15,11352412,622107
15,11725808,622460
15,12135716,622652
15,12539424,622727
15,12906498,623138
15,13308086,623284
15,13702901,623410
15,14084244,623605
15,14473301,623617
15,14844719,623732
15,15259119,623755
15,15661356,623732
15,16031159,623748
15,16432595,623672
15,16846297,623655
15,17241855,623611
15,17615063,623578
15,18010625,623546
15,18391832,623492
15,18780259,623427
15,19210535,623348
15,19615724,623261
15,20010127,623177
15,20413704,623107
15,20780982,623041
15,21195359,622984
15,21601064,622949
15,21993227,622920
15,22392050,622905
15,22784187,622902
15,23210945,622911
15,23599098,622924
15,23992912,622941
15,24371536,622959
15,24785554,622979
15,25188298,622993
15,25554461,623006
15,25967366,623016
15,26374830,623023
15,26762623,623027
15,27137631,623028
15,27552654,623028
15,27946025,623025
15,28348538,623021
15,28718750,623019
15,29113096,623014
15,29510251,623011
15,29883297,623009
15,30281464,623006
15,30676082,623005
15,31073605,623003
15,31490425,623003
15,31883372,623002
15,32267291,623002
15,32663058,623003
15,33029958,623002
15,33431924,623003
15,33848145,623003
15,34243694,623003
15,34628480,623003
15,35012774,623003
15,35395051,623001
15,35786014,623001
15,36213264,623000
15,36596695,623000
15,36989509,622999
15,37392784,622998
15,37782639,622998
15,38187461,622998
15,38550840,622998
15,38978745,622999
15,39369260,622999
15,39760966,622998
15,40138947,622998
15,40550831,622997
15,40946950,622997
15,41322877,622996
15,41717947,622996
15,42093098,622996
15,42489529,622996
15,42883655,622996
15,43283613,622996
15,43681928,622996
15,44076911,622995
15,44472033,622995
15,44845290,622994
15,45239681,622995
15,45617958,622995
15,46013666,622994
15,46395254,622994
16,746704,583001
16,1147032,583429
16,1538138,583978
16,1919578,584473
16,2313376,585306
16,2710034,586238
16,3084989,587221
16,3453718,588553
16,3856803,590134
16,4270805,591858
16,4675080,593580
16,5042918,595689
16,5437641,598010
16,5835409,600199
16,6210918,602511
16,6584592,605349
16,7020214,607419
16,7391641,609254
16,7790352,611287
16,8183460,613088
16,8557678,614647
16,8954209,616062
16,9326651,617187
16,9685181,618480
16,10078496,619571
16,10461415,620391
16,10831002,621317
16,11228080,622009
16,11644540,622400
16,12039062,622625
16,12431677,622692
16,12831766,623051
16,13243148,623291
16,13633758,623362
16,13996767,623592
16,14390746,623617
16,14769493,623694
16,15140635,623773
16,15517375,623735
16,15921647,623759
16,16306204,623710
16,16698033,623681
16,17064522,623647
16,17456990,623601
16,17840378,623568
16,18252200,623511
16,18699090,623440
16,19065361,623358
16,19453161,623277
16,19837003,623190
16,20225252,623108
16,20655954,623038
16,21040120,622989
16,21441051,622948
16,21834343,622918
16,22224467,622905
16,22662474,622903
16,23063775,622913
16,23453869,622925
16,23838625,622944
16,24226857,622963
16,24630302,622981
16,24995439,622997
16,25412469,623013
16,25811088,623021
16,26184383,623028
16,26578535,623031
16,26958089,623032
16,27332364,623032
16,27707941,623029
16,28077282,623025
16,28472852,623019
16,28877295,623016
16,29245744,623013
16,29653407,623009
16,30016628,623007
16,30410315,623005
16,30794158,623005
16,31183186,623004
16,31557615,623003
16,31954427,623003
16,32353030,623004
16,32746053,623003
16,33118870,623003
16,33493016,623002
16,33873588,623002
16,34243649,623002
16,34630493,623000
16,35021552,623000
16,35394992,623000
16,35792676,623000
16,36162063,622999
16,36557135,622999
16,36955650,622998
16,37326499,622998
16,37692373,622997
16,38077429,622997
16,38457937,622996
16,38841021,622995
16,39227334,622995
16,39651104,622995
16,40039379,622995
16,40442663,622995
16,40812497,622996
16,41184549,622996
16,41578085,622996
16,41958821,622996
16,42352805,622996
16,42745422,622995
16,43120741,622995
16,43535840,622994
16,43933581,622994
16,44329167,622994
16,44710762,622994
16,45076618,622994
16,45477138,622994
16,45875895,622992
16,46271832,622992
16,46679556,622993
16,47063227,622993
16,47458210,622993
16,47838387,622992
17,717681,582994
17,1078832,583348
17,1494992,583976
17,1899482,584400
17,2291278,585183
17,2690066,586235
17,3081177,587371
17,3476916,588550
17,3853463,590131
17,4248266,591858
17,4668599,593839
17,5066482,595691
17,5431533,598005
17,5833857,600511
17,6227547,602850
17,6609127,605331
17,6997939,607406
17,7391336,609249
17,7789557,611547
17,8187528,613271
17,8607712,614853
17,9017011,616417
17,9410788,617492
17,9786929,618838
17,10166045,619841
17,10535365,620639
17,10916515,621541
17,11311416,622138
17,11703277,622449
17,12098271,622664
17,12493591,622752
17,12914913,623161
17,13312639,623310
17,13706138,623433
17,14098339,623634
17,14493722,623642
17,14896537,623768
17,15336774,623776
17,15712166,623768
17,16095293,623769
17,16496967,623699
17,16895120,623669
17,17285517,623614
17,17688645,623576
17,18078638,623518
17,18473760,623454
17,18854273,623371
17,19245473,623283
17,19644087,623207
17,20016736,623131
17,20410603,623065
17,20789623,623003
17,21201792,622956
17,21610748,622929
17,21973551,622910
17,22368876,622901
17,22788303,622907
17,23185445,622919
17,23614621,622938
17,24001189,622954
17,24393651,622974
17,24792880,622990
17,25189537,623005
17,25571646,623014
17,25957151,623024
17,26350742,623027
17,26730519,623031
17,27124480,623030
17,27492964,623028
17,27892869,623026
17,28285680,623021
17,28686948,623016
17,29078612,623012
17,29493239,623010
17,29890528,623005
17,30286006,623004
17,30669227,623002
17,31052020,623002
17,31453717,623001
17,31851456,623000
17,32268185,623001
17,32664657,623001
17,33055646,623001
17,33471540,623001
17,33849286,623001
17,34244775,623001
17,34639970,623001
17,35035417,623001
17,35435713,623000
17,35827464,623000
17,36201493,622999
17,36612576,622999
17,36995492,622999
17,37390634,622999
17,37794438,622998
17,38190641,622998
17,38570731,622998
17,38954572,622998
17,39325974,622998
17,39730795,622998
17,40152466,622997
17,40571108,622997
17,40961977,622996
17,41327898,622996
17,41727679,622996
17,42120348,622996
17,42495776,622996
17,42890859,622996
17,43285296,622995
17,43662780,622995
17,44040258,622995
17,44429911,622995
17,44849343,622994
17,45243386,622994
17,45639180,622995
17,46024406,622995
17,46406439,622995
17,46804917,622995
17,47209050,622995
17,47622685,622994
17,48019686,622994
17,48393740,622994
18,720858,583004
18,1116226,583430
18,1533191,584035
18,1929779,584555
18,2367259,585431
18,2746811,586366
18,3111294,587520
18,3527903,588917
18,3931660,590547
18,4321366,592314
18,4746623,594095
18,5112927,596234
18,5506186,598613
18,5906673,600841
18,6278511,603560
18,6673222,605980
18,7053733,607835
18,7449577,609852
18,7862929,611828
18,8256586,613500
18,8651197,615097
18,9050102,616612
18,9442896,617830
18,9841302,619005
18,10235827,620073
18,10609980,620867
18,11009425,621712
18,11402200,622224
18,11802731,622515
18,12178563,622672
18,12568302,622823
18,12986523,623223
18,13381395,623301
18,13772060,623477
18,14161219,623616
18,14553361,623620
18,14932683,623733
18,15299905,623740
18,15709552,623734
18,16135202,623723
18,16528082,623656
18,16938070,623641
18,17309906,623589
18,17704473,623562
18,18090220,623522
18,18464454,623468
18,18882015,623396
18,19276155,623327
18,19631418,623247
18,20027800,623171
18,20402703,623101
18,20778536,623038
18,21172574,622983
18,21573367,622953
18,21973291,622925
18,22362705,622914
18,22769414,622913
18,23136165,622917
18,23530554,622931
18,23906666,622946
18,24298344,622965
18,24709993,622982
18,25131476,622998
18,25525981,623009
18,25888646,623018
18,26280161,623024
18,26651611,623028
18,27069894,623029
18,27463130,623029
18,27842549,623025
18,28235013,623023
18,28630204,623018
18,29029034,623013
18,29422951,623010
18,29825353,623006
18,30192900,623006
18,30587959,623004
18,30969099,623002
18,31359072,623002
18,31743543,623002
18,32132234,623002
18,32525307,623003
18,32909765,623003
18,33301969,623003
18,33679854,623003
18,34094089,623003
18,34486790,623003
18,34885982,623002
18,35259284,623002
18,35675656,623000
18,36118212,623000
18,36486384,622999
18,36883365,622998
18,37256070,622998
18,37650144,622998
18,38049014,622998
18,38426248,622998
18,38797961,622998
18,39191436,622998
18,39551644,622998
18,39927235,622997
18,40323265,622997
18,40748394,622997
18,41133445,622996
18,41527135,622996
18,41936682,622996
18,42320959,622996
18,42746162,622996
18,43130859,622996
18,43506280,622996
18,43912074,622996
18,44279768,622997
18,44674116,622997
18,45050057,622996
18,45447381,622996
18,45867476,622995
18,46260364,622995
18,46631854,622995
18,47032201,622994
18,47402935,622994
18,47805176,622994
18,48202077,622994
18,48567762,622995
18,48991824,622996
18,49384515,622995
18,49770426,622995
18,50157577,622995
19,737430,583002
19,1134309,583429
19,1534512,584035
19,1929433,584473
19,2309218,585309
19,2700975,586235
19,3073051,587375
19,3470619,588560
19,3865699,590145
19,4264292,591877
19,4657897,593868
19,5074203,595991
19,5470434,598346
19,5870311,600544
19,6262662,603227
19,6656880,605993
19,7073530,607826
19,7471915,609833
19,7864579,612035
19,8284240,613451
19,8678316,615043
19,9073569,616554
19,9474501,617780
19,9865194,619121
19,10265278,620037
19,10657785,620952
19,11054271,621773
19,11471327,622249
19,11869785,622558
19,12284181,622656
19,12677933,622858
19,13072851,623232
19,13473090,623303
19,13870344,623520
19,14284570,623599
19,14678273,623634
19,15072718,623755
19,15476761,623720
19,15869826,623747
19,16264944,623709
19,16637264,623660
19,17044192,623641
19,17412916,623589
19,17803882,623570
19,18189923,623528
19,18575357,623478
19,18969354,623428
19,19350575,623354
19,19786746,623278
19,20173898,623205
19,20539134,623126
19,20931759,623069
19,21308508,623009
19,21703065,622963
19,22099044,622934
19,22474618,622914
19,22889850,622909
19,23287401,622909
19,23660494,622920
19,24052253,622935
19,24451677,622952
19,24826205,622969
19,25247804,622986
19,25637603,622996
19,26010766,623010
19,26411477,623016
19,26806389,623023
19,27189989,623023
19,27553696,623026
19,27949284,623025
19,28368372,623022
19,28760886,623018
19,29167188,623015
19,29553726,623011
19,29948630,623005
19,30346172,623004
19,30722615,623003
19,31142007,623002
19,31538426,622999
19,31928053,622999
19,32309583,623000
19,32701947,623000
19,33077725,622999
19,33474680,622999
19,33864232,622999
19,34267093,623000
19,34660187,622998
19,35073391,622998
19,35472685,622998
19,35863437,622999
19,36252189,622997
19,36616935,622997
19,37010336,622997
19,37414153,622997
19,37782939,622997
19,38189443,622997
19,38555734,622997
19,38979910,622996
19,39374814,622996
19,39741045,622996
19,40147154,622996
19,40533006,622996
19,40906254,622996
19,41303412,622996
19,41687680,622996
19,42074497,622995
19,42456258,622994
19,42848885,622994
19,43245063,622994
19,43640517,622994
19,44014584,622994
19,44412133,622994
19,44806661,622995
19,45218656,622995
19,45618480,622995
19,46010951,622994
19,46412499,622994
19,46786949,622994
19,47166631,622994
20,736799,583002
20,1124331,583430
20,1520667,583974
20,1892161,584473
20,2303264,585181
20,2665477,586235
20,3059081,587371
20,3478101,588736
20,3868392,590128
20,4258509,591853
20,4643961,593566
20,5039140,595678
20,5411447,597684
20,5764647,599847
20,6120703,602134
20,6519044,604961
20,6889194,606955
20,7274311,608682
20,7661406,610689
20,8034582,612445
20,8392231,613994
20,8786269,615441
20,9139372,616712
20,9515619,617808
20,9867673,619019
20,10255980,620107
20,10639556,620908
20,10993802,621674
20,11373257,622222
20,11764706,622510
20,12118576,622684
20,12494106,622763
20,12889216,623116
20,13253462,623304
20,13640146,623391
20,14014692,623581
20,14372973,623601
20,14816881,623688
20,15195761,623734
20,15612312,623706
20,15978996,623722
20,16383064,623649
20,16771297,623626
20,17143473,623585
20,17546718,623557
20,17942408,623533
20,18318717,623499
20,18688008,623461
20,19096402,623425
20,19467922,623366
20,19855333,623304
20,20279643,623226
20,20686748,623160
20,21084243,623090
20,21482844,623040
20,21873100,622984
20,22258126,622951
20,22622308,622924
20,23017529,622910
20,23395723,622904
20,23788930,622906
20,24185006,622919
20,24583857,622934
20,24980090,622950
20,25397876,622967
20,25791646,622983
20,26184367,622994
20,26588838,623004
20,26986363,623010
20,27380536,623014
20,27813331,623018
20,28188119,623018
20,28561654,623016
20,28954839,623014
20,29315505,623011
20,29708158,623008
20,30083027,623005
20,30491326,623002
20,30891294,623000
20,31311100,622999
20,31712176,622998
20,32104922,622997
20,32508160,622997
20,32879220,622998
20,33281570,622998
20,33666524,622998
20,34039215,622998
20,34437418,622999
20,34811636,622999
20,35204945,622997
20,35580770,622997
20,35977056,622997
20,36438157,622997
20,36818770,622996
20,37206812,622996
20,37588736,622996
20,37977790,622996
20,38396599,622996
20,38789657,622995
20,39184618,622996
20,39602740,622996
20,39999440,622996
20,40373902,622995
20,40747547,622995
20,41143774,622995
20,41519108,622995
20,41913837,622995
20,42302430,622995
20,42685555,622994
20,43082306,622994
20,43483470,622994
20,43874675,622993
20,44293149,622993
20,44686991,622994
20,45081582,622994
20,45463242,622994
21,712569,582995
21,1078204,583348
21,1473656,583972
21,1892514,584471
21,2283456,585173
21,2659425,586223
21,3064851,587206
21,3436877,588529
21,3831402,590108
21,4244657,591833
21,4644468,593804
21,5057800,595931
21,5473902,598268
21,5871344,600475
21,6248059,603165
21,6638514,605933
21,7058350,607786
21,7472995,609808
21,7870478,611782
21,8247629,613438
21,8622500,614836
21,8993245,616232
21,9366364,617505
21,9746809,618878
21,10160810,619900
21,10555016,620816
21,10953379,621694
21,11346795,622194
21,11721331,622522
21,12119693,622693
21,12497718,622772
21,12896215,623127
21,13263170,623312
21,13659052,623430
21,14064541,623606
21,14434964,623607
21,14831638,623697
21,15226461,623743
21,15620881,623721
21,16019813,623734
21,16430910,623667
21,16839030,623642
21,17207121,623596
21,17621431,623563
21,18019451,623534
21,18412296,623500
21,18797530,623453
21,19185230,623406
21,19554565,623333
21,19955395,623273
21,20332322,623192
21,20728845,623123
21,21136653,623057
21,21559152,623001
21,21978605,622955
21,22375976,622923
21,22786323,622908
21,23188941,622902
21,23564806,622902
21,23960081,622915
21,24337640,622929
21,24710010,622943
21,25058810,622957
21,25414285,622973
21,25783103,622986
21,26154078,622997
21,26536939,623006
21,26890021,623011
21,27226041,623014
21,27560233,623018
21,27918379,623018
21,28282869,623016
21,28632300,623014
21,28987752,623011
21,29341319,623007
21,29697301,623004
21,30031394,623004
21,30403354,622999
21,30809809,622997
21,31136491,622997
21,31515094,622996
21,31846867,622996
21,32193052,622996
21,32533851,622996
21,32897409,622995
21,33264243,622995
21,33597389,622995
21,33924488,622996
21,34275309,622996
21,34618839,622997
21,34945432,622997
21,35301830,622996
21,35630326,622996
21,35982318,622996
21,36322692,622996
21,36671669,622995
21,37029338,622995
21,37379670,622995
21,37693317,622995
21,38055762,622995
21,38406043,622995
21,38766050,622995
21,39095563,622995
21,39428112,622994
21,39788705,622994
21,40163100,622994
21,40525547,622994
21,40897443,622994
21,41290534,622994
21,41645450,622994
21,42019649,622993
22,700351,583001
22,1074641,583348
22,1450490,583979
22,1848252,584475
22,2261480,585306
22,2672683,586367
22,3073875,587517
22,3469354,588720
22,3846274,590329
22,4282672,592071
22,4689869,594078
22,5074504,596221
22,5489460,598591
22,5895759,600816
22,6270124,603534
22,6674811,606229
22,7079012,608003
22,7470365,609809
22,7851111,612016
22,8244114,613430
22,8617727,615034
22,9016045,616559
22,9410512,617641
22,9808752,619018
22,10201530,620111
22,10594735,620905
22,10972072,621766
22,11365007,622230
22,11744712,622547
22,12138396,622702
22,12535177,622805
22,12931033,623212
22,13324811,623322
22,13732784,623454
22,14099252,623609
22,14489816,623605
22,14887300,623712
22,15260612,623721
22,15667608,623713
22,16055282,623714
22,16426904,623652
22,16833792,623628
22,17224757,623585
22,17615107,623563
22,17993641,623537
22,18388732,623501
22,18783725,623457
22,19199337,623413
22,19572686,623343
22,19972236,623271
22,20367725,623198
22,20744217,623128
22,21137081,623068
22,21515443,623010
22,21924385,622959
22,22325376,622926
22,22730932,622910
22,23093895,622897
22,23489512,622896
22,23866171,622908
22,24260394,622919
22,24638909,622937
22,25053220,622955
22,25448479,622973
22,25847079,622986
22,26220096,622998
22,26636429,623009
22,27032155,623015
22,27446984,623019
22,27853200,623020
22,28220936,623019
22,28615964,623016
22,28991484,623013
22,29390577,623011
22,29776665,623006
22,30166264,623005
22,30531257,623002
22,30958778,623001
22,31328215,622999
22,31724716,622998
22,32116550,622998
22,32511322,622998
22,32891788,622997
22,33287034,622997
22,33669575,622998
22,34053387,622998
22,34446818,622998
22,34827738,622999
22,35221119,622999
22,35614009,622998
22,36012308,622998
22,36405406,622997
22,36824297,622997
22,37220158,622996
22,37614009,622996
22,37992039,622995
22,38385448,622995
22,38770061,622995
22,39141761,622995
22,39530981,622995
22,39954153,622995
22,40348811,622995
22,40732092,622995
22,41121601,622994
22,41537182,622993
22,41953259,622994
22,42348997,622994
22,42745945,622994
22,43137116,622994
23,693306,583004
23,1076255,583432
23,1491085,584047
23,1910042,584567
23,2305339,585440
23,2718888,586518
23,3114270,587531
23,3487878,588926
23,3886795,590554
23,4279489,592078
23,4675762,594083
23,5072063,596218
23,5466802,598276
23,5864072,600805
23,6257304,603522
23,6657764,606215
23,7056366,607773
23,7449414,609792
23,7866564,612009
23,8263842,613613
23,8661583,615251
23,9077198,616733
23,9469879,617975
23,9889084,619325
23,10283001,620318
23,10699343,621236
23,11119704,621976
23,11511832,622336
23,11922364,622638
23,12327129,622696
23,12716725,622999
23,13119630,623293
23,13508903,623373
23,13911999,623564
23,14279881,623599
23,14694542,623663
23,15093161,623740
23,15466621,623708
23,15861886,623733
23,16280735,623673
23,16672135,623642
23,17050717,623604
23,17445749,623567
23,17861779,623543
23,18259546,623514
23,18636216,623475
23,19035847,623433
23,19404011,623368
23,19808996,623305
23,20174546,623224
23,20569906,623156
23,20951591,623086
23,21345504,623025
23,21738400,622978
23,22116326,622938
23,22510601,622915
23,22892861,622904
23,23260374,622896
23,23654282,622901
23,24054562,622913
23,24446275,622930
23,24831075,622946
23,25196068,622964
23,25590065,622980
23,25988898,622994
23,26364043,623004
23,26769216,623013
23,27176227,623016
23,27548166,623020
23,27947478,623020
23,28319886,623020
23,28716726,623015
23,29121695,623013
23,29491550,623010
23,29889464,623006
23,30281328,623003
23,30676254,623000
23,31078402,622997
23,31467255,622998
23,31862934,622996
23,32262793,622996
23,32655730,622996
23,33076333,622996
23,33490018,622997
23,33888585,622997
23,34266000,622998
23,34652245,622999
23,35076450,622998
23,35466708,622998
23,35865904,622998
23,36259445,622996
23,36657525,622996
23,37084705,622996
23,37470000,622996
23,37863330,622995
23,38258392,622995
23,38656928,622995
23,39070246,622995
23,39465747,622995
23,39876260,622995
23,40263935,622994
23,40639372,622994
23,41018387,622994
23,41388905,622994
23,41765545,622994
23,42179401,622994
23,42550323,622994
23,42951674,622994
23,43344242,622993
23,43717113,622993
23,44116348,622993
23,44488863,622993
23,44888548,622993
23,45263800,622993
23,45659184,622993
24,736426,583003
24,1145246,583436
24,1546357,584052
24,1950838,584565
24,2367436,585443
24,2772362,586382
24,3143245,587530
24,3542408,588919
24,3950410,590548
24,4346310,592073
24,4743570,594077
24,5138929,596217
24,5554530,598589
24,5955623,601142
24,6350414,603529
24,6747315,606192
24,7141379,607910
24,7545123,609938
24,7930471,611717
24,8325134,613203
24,8725308,614936
24,9118268,616485
24,9512325,617682
24,9892835,619147
24,10287212,620231
24,10681016,621084
24,11054356,621851
24,11428325,622338
24,11826665,622598
24,12220554,622772
24,12618830,622936
24,13012228,623327
24,13411834,623410
24,13831742,623606
24,14242973,623693
24,14644200,623685
24,15042431,623796
24,15411154,623770
24,15830161,623789
24,16232858,623768
24,16610208,623720
24,16998391,623691
24,17370080,623622
24,17768231,623594
24,18167354,623568
24,18550940,623549
24,18952929,623519
24,19344897,623492
24,19724615,623452
24,20117870,623414
24,20510952,623363
24,20912701,623300
24,21303128,623215
24,21701091,623146
24,22074964,623065
24,22469208,623003
24,22845360,622947
24,23241174,622908
24,23616808,622875
24,24010685,622859
24,24411966,622854
24,24811486,622857
24,25204594,622871
24,25607534,622887
24,25975450,622908
24,26372975,622929
24,26788907,622949
24,27181459,622963
24,27567062,622978
24,27953311,622988
24,28324225,622993
24,28725185,622998
24,29117380,623000
24,29511856,622999
24,29919066,622997
24,30324498,622996
24,30723107,622991
24,31118751,622989
24,31512897,622987
24,31891974,622984
24,32264589,622983
24,32665533,622983
24,33032816,622983
24,33427638,622982
24,33826715,622984
24,34220419,622984
24,34617006,622985
24,35010998,622986
24,35405445,622986
24,35807441,622987
24,36198638,622987
24,36622053,622986
24,37013996,622986
24,37390923,622986
24,37795484,622986
24,38163393,622986
24,38567509,622986
24,38935451,622988
24,39324626,622987
24,39725663,622987
24,40120895,622988
24,40512423,622987
24,40916240,622987
24,41292926,622988
24,41682726,622988
24,42076178,622988
24,42448341,622988
24,42847591,622987
24,43222468,622988
24,43620975,622988
24,44012737,622988
24,44391052,622989
24,44768225,622989
24,45158085,622990
24,45583422,622991
24,45970236,622991
24,46345152,622991
24,46749662,622991
24,47121727,622991
24,47517044,622991
24,47898738,622991
24,48288157,622991
24,48683415,622991
24,49076038,622991
24,49471593,622991
24,49868172,622991
24,50241091,622991
25,738123,583001
25,1116492,583351
25,1515267,583986
25,1908235,584411
25,2267047,585191
25,2689839,586247
25,3081413,587374
25,3476784,588543
25,3845644,590126
25,4241266,591618
25,4623022,593547
25,5013436,595392
25,5376755,597659
25,5765693,599824
25,6138048,602126
25,6516090,604959
25,6908579,606967
25,7261211,608457
25,7617252,610411
25,7990173,612266
25,8353918,613858
25,8762135,615293
25,9114125,616611
25,9472529,617831
25,9865284,619014
25,10240471,619976
25,10621726,620873
25,11014356,621717
25,11412969,622169
25,11807349,622496
25,12177205,622650
25,12537600,622718
25,12911891,623121
25,13307260,623277
25,13685041,623406
25,14051751,623582
25,14434355,623584
25,14806987,623673
25,15202395,623740
25,15631079,623718
25,16017352,623746
25,16412990,623688
25,16807994,623659
25,17203855,623610
25,17618682,623573
25,18014188,623552
25,18409757,623518
25,18803050,623476
25,19157633,623425
25,19512021,623361
25,19864775,623292
25,20220089,623220
25,20602273,623139
25,20993411,623069
25,21395892,623012
25,21763293,622969
25,22115646,622933
25,22469750,622908
25,22844691,622894
25,23239298,622893
25,23618371,622896
25,24010887,622911
25,24375673,622928
25,24763733,622947
25,25138565,622966
25,25539159,622983
25,25910528,622998
25,26307787,623007
25,26693238,623016
25,27073825,623021
25,27433796,623022
25,27824535,623025
25,28202071,623023
25,28619766,623018
25,29012225,623017
25,29393605,623011
25,29782449,623009
25,30146604,623005
25,30515040,623005
25,30906448,623000
25,31281045,623000
25,31642841,623000
25,32034913,622999
25,32411095,622998
25,32809612,622998
25,33206132,623000
25,33579296,623000
25,33990082,623000
25,34352721,622999
25,34723307,622999
25,35116912,622999
25,35472006,622998
25,35846423,622997
25,36239544,622997
25,36619436,622999
25,37014409,622996
25,37410045,622996
25,37783041,622996
25,38138514,622996
25,38493959,622996
25,38865646,622996
25,39217658,622996
25,39595525,622995
25,39982735,622995
25,40353972,622995
25,40740184,622993
25,41113585,622994
25,41469941,622993
25,41841803,622994
25,42219094,622994
25,42600367,622993
25,43012886,622993
25,43373771,622993
25,43785242,622993
25,44180947,622992
25,44535412,622992
25,44909225,622993
25,45260827,622992
25,45616189,622992
25,45970946,622991
26,741053,583019
26,1147323,583435
26,1532830,584052
26,1933821,584569
26,2327544,585445
26,2846247,586801
26,3334665,588373
26,3853644,590563
26,4344645,592329
26,4739525,594373
26,5142615,596535
26,5530995,598940
26,5950305,601513
26,6363976,604304
26,6762709,606783
26,7155789,608219
26,7551601,610343
26,7950981,612308
26,8344034,613563
26,8742351,615206
26,9136059,616659
26,9529996,617956
26,9928807,619185
26,10322296,620222
26,10720697,621171
26,11115417,621954
26,11514508,622305
26,11908875,622590
26,12302236,622701
26,12714472,622953
26,13075475,623299
26,13468801,623387
26,13865129,623573
26,14245087,623630
26,14647217,623668
26,15058116,623770
26,15431368,623752
26,15828645,623787
26,16219812,623764
26,16593447,623735
26,16992918,623704
26,17369215,623634
26,17767602,623602
26,18136067,623562
26,18530381,623543
26,18949087,623504
26,19346714,623481
26,19742384,623447
26,20118337,623418
26,20488772,623366
26,20885244,623305
26,21301041,623224
26,21709842,623154
26,22073161,623079
26,22467900,623018
26,22848065,622962
26,23243654,622923
26,23623386,622889
26,24035203,622871
26,24429442,622865
26,24827121,622867
26,25201157,622880
26,25593630,622892
26,25973853,622915
26,26385246,622931
26,26790435,622951
26,27158674,622964
26,27551004,622980
26,27953672,622988
26,28325787,622996
26,28727108,622997
26,29106447,623002
26,29491352,623001
26,29867972,622999
26,30260716,622995
26,30686981,622994
26,31074668,622990
26,31451068,622989
26,31845102,622986
26,32239535,622985
26,32643436,622985
26,33031700,622984
26,33424903,622983
26,33824652,622984
26,34202776,622984
26,34572690,622986
26,34973442,622986
26,35347488,622986
26,35745115,622988
26,36143622,622988
26,36512961,622988
26,36931178,622987
26,37325803,622987
26,37703427,622987
26,38095392,622987
26,38468316,622986
26,38904256,622986
26,39282471,622987
26,39691442,622987
26,40053258,622988
26,40447130,622988
26,40823614,622988
26,41217025,622988
26,41572503,622989
26,41948501,622989
26,42342558,622989
26,42741736,622989
26,43135009,622989
26,43530394,622989
26,43939947,622989
26,44304979,622989
26,44722261,622989
26,45119430,622989
26,45515450,622989
26,45934173,622990
26,46326105,622990
26,46711104,622991
27,714061,583002
27,1099607,583353
27,1494505,583989
27,1889944,584490
27,2284030,585316
27,2700634,586387
27,3119159,587534
27,3515263,588738
27,3920781,590350
27,4288019,592094
27,4700711,594107
27,5103073,595976
27,5497668,598324
27,5915027,600867
27,6331641,603594
27,6722992,606304
27,7099480,607863
27,7493509,609867
27,7894761,612093
27,8290004,613721
27,8680252,615119
27,9083346,616640
27,9474114,617793
27,9886621,619082
27,10289899,620094
27,10681029,620868
27,11077776,621686
27,11472517,622154
27,11873793,622484
27,12285599,622603
27,12680913,622843
27,13076852,623182
27,13450107,623272
27,13859860,623458
27,14221903,623558
27,14616431,623552
27,15032529,623700
27,15432208,623684
27,15816726,623714
27,16203054,623706
27,16577318,623648
27,16996320,623627
27,17389426,623566
27,17799327,623550
27,18221682,623518
27,18614205,623494
27,18977554,623459
27,19345407,623424
27,19740581,623374
27,20141539,623322
27,20515168,623253
27,20893082,623180
27,21287021,623110
27,21676830,623059
27,22076020,623002
27,22460176,622965
27,22834258,622936
27,23220672,622921
27,23573371,622912
27,23949636,622913
27,24344143,622921
27,24697841,622935
27,25074561,622948
27,25468605,622964
27,25840800,622976
27,26203655,622992
27,26615848,623000
27,27019670,623011
27,27416487,623014
27,27794854,623020
27,28181497,623020
27,28556136,623020
27,28953602,623017
27,29326273,623014
27,29719861,623011
27,30107962,623008
27,30492508,623005
27,30894942,623004
27,31265762,623001
27,31639829,623001
27,32033870,622998
27,32426921,622998
27,32813155,622998
27,33206204,622998
27,33601357,622998
27,33997372,622999
27,34408678,622999
27,34818758,622999
27,35200417,622999
27,35592500,622998
27,35970814,622998
27,36343258,622998
27,36725675,622997
27,37140272,622997
27,37528746,622996
27,37933805,622996
27,38326099,622996
27,38864116,622995
27,39412207,622994
27,39923896,622994
27,40423517,622994
27,40949576,622994
27,41466103,622994
27,41967551,622994
27,42444773,622994
27,42849310,622994
28,737629,583003
28,1118870,583353
28,1503671,583991
28,1890889,584497
28,2308810,585331
28,2701522,586265
28,3077695,587404
28,3496130,588767
28,3897457,590381
28,4309464,592127
28,4724177,594144
28,5152389,596283
28,5564235,598659
28,5957205,601189
28,6351538,603875
28,6744480,606119
28,7118515,607740
28,7519236,609448
28,7912311,611483
28,8309474,612994
28,8702643,614580
28,9077138,616039
28,9452945,617439
28,9847665,618765
28,10208888,619969
28,10599759,620820
28,10993265,621723
28,11372158,622276
28,11775180,622564
28,12174398,622757
28,12562598,622882
28,12955970,623243
28,13353800,623391
28,13746200,623555
28,14157488,623703
28,14536644,623666
28,14912451,623770
28,15307963,623779
28,15681131,623771
28,16037020,623797
28,16435341,623743
28,16809436,623727
28,17207056,623677
28,17577013,623640
28,17930298,623620
28,18290033,623594
28,18683684,623575
28,19055663,623544
28,19434930,623518
28,19807641,623485
28,20190176,623453
28,20577607,623419
28,20951682,623398
28,21308637,623363
28,21703168,623329
28,22076631,623282
28,22432144,623228
28,22848945,623171
28,23217150,623112
28,23599711,623051
28,23973988,622990
28,24373622,622940
28,24745751,622895
28,25157511,622862
28,25558862,622840
28,25976908,622833
28,26373205,622832
28,26766526,622842
28,27173281,622858
28,27555838,622875
28,27908467,622895
28,28289026,622916
28,28683620,622934
28,29077983,622949
28,29452618,622963
28,29859629,622973
28,30250544,622979
28,30642830,622983
28,31033744,622986
28,31411675,622984
28,31806396,622982
28,32170432,622981
28,32557092,622978
28,32929832,622974
28,33286562,622973
28,33679963,622972
28,34054621,622972
28,34414326,622971
28,34806104,622971
28,35178103,622972
28,35538613,622973
28,35933665,622975
28,36319924,622975
28,36705366,622977
28,37078887,622978
28,37477654,622979
28,37851024,622980
28,38245723,622980
28,38641621,622980
28,39038716,622979
28,39467094,622979
28,39918916,622979
28,40325129,622980
28,40707364,622980
28,41078906,622981
28,41468515,622983
28,41822480,622983
28,42182027,622983
28,42549809,622983
28,42898444,622984
28,43274048,622985
28,43663121,622985
28,44016111,622985
28,44376096,622985
28,44730035,622985
28,45078480,622985
28,45423216,622987
28,45774705,622987
28,46176798,622987
28,46549717,622987
28,46903638,622987
28,47279341,622987
28,47681462,622987
28,48034849,622987
28,48404284,622987
28,48777596,622988
28,49161608,622988
28,49556378,622990
28,49951072,622990
28,50355356,622991
28,50747503,622991
28,51159685,622991
28,51558448,622991
28,51950893,622991
28,52330249,622991
28,52702845,622991
28,53075758,622991
28,53452328,622991
28,53847353,622991
28,54242300,622991
28,54599636,622991
29,717165,583000
29,1132474,583350
29,1499804,583990
29,1896074,584494
29,2312717,585329
29,2707588,586398
29,3133809,587548
29,3520567,588761
29,3891480,590157
29,4248787,591879
29,4685212,593857
29,5066991,595978
29,5478203,598328
29,5893302,600863
29,6293166,603237
29,6666329,606015
29,7058229,607852
29,7502089,609840
29,7892218,611816
29,8248132,613474
29,8641607,614847
29,9016698,616249
29,9372629,617434
29,9767237,618547
29,10147539,619725
29,10538088,620490
29,10913642,621289
29,11273699,621946
29,11686964,622311
29,12099070,622582
29,12497749,622676
29,12890875,623025
29,13250456,623242
29,13622223,623373
29,14016020,623571
29,14393017,623580
29,14786573,623640
29,15148708,623725
29,15515182,623706
29,15869274,623728
29,16226326,623695
29,16620286,623652
29,16972798,623630
29,17351779,623582
29,17745323,623564
29,18132950,623537
29,18519476,623511
29,18890228,623473
29,19253365,623434
29,19665599,623380
29,20057757,623328
29,20441861,623253
29,20828042,623196
29,21185401,623134
29,21557882,623080
29,21910762,623029
29,22272292,622979
29,22666221,622946
29,23037600,622923
29,23435957,622907
29,23811941,622903
29,24224731,622906
29,24622817,622922
29,25016035,622934
29,25392175,622951
29,25747825,622968
29,26220033,622987
29,26631665,622998
29,27017837,623010
29,27394169,623013
29,27788220,623020
29,28167731,623021
29,28574456,623022
29,28933684,623019
29,29330014,623016
29,29744703,623012
29,30117706,623010
29,30515383,623004
29,30914450,623004
29,31289511,622999
29,31682912,622998
29,32036939,622998
29,32393543,622998
29,32786847,622997
29,33192985,622997
29,33586041,622997
29,33994566,622997
29,34377886,622997
29,34749849,622997
29,35137116,622997
29,35520220,622998
29,35891297,622997
29,36254559,622997
29,36646504,622996
29,37016428,622996
29,37375263,622996
29,37768420,622996
29,38153666,622995
29,38542306,622995
29,38913683,622994
29,39314305,622994
29,39705432,622994
29,40109868,622994
29,40497430,622993
29,40893078,622993
29,41289505,622993
29,41682684,622993
29,42037928,622993
29,42433770,622992
29,42787604,622992
29,43166332,622992
29,43557781,622993
29,43913575,622993
29,44297888,622992
30,711239,583003
30,1077694,583437
30,1472225,584057
30,1878192,584501
30,2240155,585337
30,2657355,586411
30,3058685,587565
30,3468554,588782
30,3833249,590176
30,4246102,592126
30,4660378,594141
30,5058902,595997
30,5475715,598658
30,5911990,601197
30,6294208,603576
30,6660369,606242
30,7064066,607752
30,7451383,609728
30,7839453,611879
30,8223231,613205
30,8596308,614749
30,8994203,616094
30,9365893,617353
30,9762308,618739
30,10161183,619770
30,10538698,620577
30,10908255,621502
30,11281830,622073
30,11659693,622395
30,12061691,622633
30,12449109,622749
30,12855915,623172
30,13239198,623351
30,13616208,623499
30,14011408,623659
30,14384781,623642
30,14739177,623705
30,15097100,623779
30,15487604,623758
30,15853095,623787
30,16217706,623748
30,16572505,623707
30,16951439,623666
30,17342439,623615
30,17696854,623595
30,18093196,623574
30,18472333,623556
30,18869525,623530
30,19239865,623511
30,19593638,623485
30,19955119,623465
30,20325806,623431
30,20717454,623407
30,21079708,623372
30,21450796,623316
30,21852572,623243
30,22241399,623180
30,22613487,623116
30,22971575,623058
30,23342945,623001
30,23697201,622951
30,24075475,622909
30,24448223,622883
30,24830419,622864
30,25218829,622858
30,25573206,622857
30,25947768,622868
30,26321583,622883
30,26715954,622900
30,27093628,622921
30,27468859,622937
30,27862705,622954
30,28244400,622968
30,28651565,622979
30,29040651,622989
30,29430101,622990
30,29855584,622996
30,30246380,622995
30,30635380,622994
30,31015614,622991
30,31397335,622990
30,31781518,622985
30,32177966,622984
30,32572392,622981
30,32952815,622981
30,33322398,622980
30,33696990,622980
30,34074098,622980
30,34446956,622980
30,34832904,622980
30,35217977,622983
30,35571700,622983
30,35947748,622983
30,36342610,622983
30,36698206,622984
30,37114399,622984
30,37468368,622984
30,37831609,622984
30,38238874,622984
30,38592183,622985
30,38956303,622985
30,39367601,622985
30,39762680,622985
30,40140244,622985
30,40534668,622985
30,40915474,622985
30,41301224,622985
30,41660043,622985
30,42040688,622985
30,42429977,622985
30,42855976,622987
30,43241702,622987
30,43634282,622987
30,44017128,622988
30,44387171,622988
30,44779447,622988
30,45182285,622988
30,45571305,622988
30,45972265,622989
30,46365796,622989
30,46737595,622989
30,47114401,622989
30,47488851,622989
30,47876097,622989
30,48260813,622989
30,48634204,622990
30,48990195,622990
30,49384747,622990
30,49738352,622990
30,50122362,622990
30,50536249,622990
30,50935053,622990
30,51344315,622991
30,51737656,622991
30,52115741,622991
30,52510087,622991
30,52877435,622992
30,53250912,622992
30,53636148,622992
31,728807,583003
31,1115277,583437
31,1531292,584059
31,1926628,584498
31,2297429,585334
31,2692394,586271
31,3092712,587404
31,3465456,588779
31,3889273,590386
31,4302533,592127
31,4693190,593882
31,5092188,595996
31,5489129,598348
31,5890478,600878
31,6295641,603244
31,6648464,605703
31,7006231,607612
31,7399774,609213
31,7796506,611481
31,8175458,612956
31,8546348,614246
31,8914308,615793
31,9296487,616916
31,9692466,618205
31,10090968,619489
31,10489009,620439
31,10889375,621251
31,11276721,621970
31,11650098,622330
31,12033131,622594
31,12424962,622667
31,12798408,623038
31,13197989,623310
31,13591652,623417
31,13971711,623611
31,14342070,623622
31,14732299,623667
31,15095758,623757
31,15465102,623740
31,15865828,623771
31,16256023,623733
31,16628264,623697
31,17006055,623657
31,17379435,623607
31,17772524,623584
31,18152704,623562
31,18525589,623539
31,18927002,623511
31,19294955,623490
31,19648574,623463
31,20010138,623440
31,20403213,623412
31,20794889,623384
31,21175461,623347
31,21548813,623289
31,21944787,623227
31,22318707,623158
31,22712646,623096
31,23091123,623035
31,23485421,622976
31,23909140,622933
31,24319660,622899
31,24713821,622879
31,25129278,622870
31,25528853,622869
31,25915147,622880
31,26296677,622891
31,26691181,622910
31,27069746,622928
31,27463350,622943
31,27841778,622958
31,28211632,622969
31,28565566,622979
31,28922368,622987
31,29315688,622993
31,29669608,622995
31,30026520,622997
31,30402633,622996
31,30794651,622995
31,31179044,622992
31,31570147,622990
31,31947633,622986
31,32338365,622986
31,32710320,622983
31,33069157,622982
31,33461946,622982
31,33816680,622982
31,34192708,622982
31,34586704,622982
31,34949168,622982
31,35316974,622982
31,35712005,622985
31,36089017,622985
31,36487761,622985
31,36911630,622986
31,37300450,622986
31,37692949,622986
31,38090855,622986
31,38485909,622986
31,38907835,622986
31,39296710,622986
31,39689357,622986
31,40068606,622986
31,40441546,622986
31,40794710,622986
31,41150240,622986
31,41565289,622986
31,42006268,622986
31,42400816,622986
31,42799721,622987
31,43197125,622988
31,43591289,622987
31,43972506,622988
31,44344342,622988
31,44732885,622988
31,45131734,622988
31,45506702,622988
31,45924888,622988
31,46321142,622988
31,46715356,622988
31,47094668,622988
31,47464847,622989
31,47870924,622989
31,48254366,622989
31,48628269,622989
31,49026592,622989
31,49403526,622989
31,49806373,622989
31,50172045,622989
31,50567612,622991
31,50964811,622990
31,51341100,622990
31,51715235,622990
31,52114158,622990
31,52502348,622990
32,688086,583004
32,1078316,583437
32,1493797,584058
32,1898120,584501
32,2261182,585210
32,2612993,586132
32,2968800,587252
32,3384796,588404
32,3735603,589754
32,4094293,591447
32,4509292,593097
32,4872117,595193
32,5279603,597140
32,5633073,599278
32,5993899,601867
32,6408202,604674
32,6804165,606995
32,7205987,608431
32,7594227,610636
32,7971864,612325
32,8365517,613757
32,8761844,615139
32,9112503,616411
32,9467567,617500
32,9851658,618892
32,10237499,619880
32,10590245,620681
32,10970102,621600
32,11360689,622121
32,11714365,622419
32,12093219,622643
32,12486281,622751
32,12870082,623169
32,13258824,623343
32,13611862,623470
32,13971049,623646
32,14361138,623633
32,14735660,623699
32,15091281,623769
32,15464664,623752
32,15874424,623781
32,16264153,623733
32,16632583,623701
32,16990487,623660
32,17366286,623607
32,17761210,623582
32,18179719,623564
32,18577346,623542
32,18987567,623522
32,19341319,623501
32,19718563,623477
32,20138573,623453
32,20544184,623426
32,20931157,623401
32,21302776,623359
32,21694492,623305
32,22074160,623226
32,22466013,623161
32,22850787,623087
32,23239091,623029
32,23590413,622974
32,23969353,622926
32,24363974,622894
32,24714373,622873
32,25094629,622859
32,25490108,622857
32,25868768,622861
32,26256882,622874
32,26611629,622889
32,26966886,622908
32,27339831,622923
32,27715343,622944
32,28097710,622958
32,28467387,622972
32,28850516,622981
32,29240880,622990
32,29635981,622993
32,30003382,622997
32,30367342,622997
32,30758838,622997
32,31117402,622992
32,31490912,622991
32,31898047,622988
32,32261674,622986
32,32656940,622985
32,33011722,622982
32,33384751,622982
32,33756810,622983
32,34138166,622983
32,34510587,622983
32,34871058,622984
32,35259024,622985
32,35631551,622985
32,35990256,622986
32,36383586,622986
32,36756438,622988
32,37115025,622988
32,37506795,622988
32,37888816,622988
32,38278744,622988
32,38652789,622987
32,39013657,622987
32,39405319,622987
32,39776940,622987
32,40137422,622988
32,40532428,622988
32,40908131,622988
32,41301717,622988
32,41672978,622988
32,42032890,622988
32,42424449,622988
32,42802489,622988
32,43199924,622989
32,43609381,622989
32,43971654,622989
32,44376607,622989
32,44765747,622989
32,45155879,622989
32,45552406,622989
32,45925696,622990
32,46279801,622990
32,46653564,622990
32,47010542,622990
32,47404126,622990
32,47756221,622990
32,48114569,622990
32,48486464,622990
32,48848984,622989
32,49257432,622989
32,49611960,622990
32,49973504,622990
32,50361730,622991
32,50736521,622991
32,51096324,622992
32,51489969,622991
32,51877591,622991
32,52261523,622991
32,52657730,622991
32,53054415,622991
32,53444534,622991
32,53803632,622991
32,54174285,622991
32,54527099,622990
32,54889911,622991
32,55283132,622992
32,55652838,622992
32,56013702,622992
32,56407969,622992
32,56778406,622993
32,57137481,622993
32,57530480,622993
32,57908836,622993
32,58300431,622993
32,58673451,622993
32,59030844,622993
32,59444487,622994
32,59801653,622994
32,60196921,622994
33,692856,583005
33,1105378,583436
33,1496628,584057
33,1913893,584578
33,2306704,585337
33,2662755,586274
33,3038312,587409
33,3450348,588601
33,3811172,590178
33,4201910,591673
33,4558273,593363
33,4937910,595456
33,5330509,597742
33,5751358,600232
33,6158208,602546
33,6532353,605390
33,6911896,607248
33,7284424,608723
33,7636693,610691
33,7997173,612619
33,8388202,613908
33,8778730,615451
33,9161562,616620
33,9512819,617678
33,9870566,618861
33,10242695,619833
33,10595050,620650
33,10972864,621532
33,11366142,622058
33,11754016,622443
33,12144077,622622
33,12536462,622744
33,12914433,623183
33,13310123,623320
33,13686713,623463
33,14057489,623639
33,14453649,623610
33,14851049,623716
33,15247442,623753
33,15639729,623743
33,15993061,623771
33,16351068,623711
33,16749640,623686
33,17139217,623631
33,17512844,623597
33,17893162,623575
33,18284919,623555
33,18637288,623529
33,18996946,623501
33,19369433,623478
33,19730705,623445
33,20139700,623422
33,20491671,623393
33,20849758,623366
33,21241926,623325
33,21616184,623276
33,21970961,623213
33,22345378,623144
33,22763750,623078
33,23144349,623026
33,23536335,622972
33,23912492,622934
33,24284309,622907
33,24640358,622888
33,25037733,622878
33,25410409,622876
33,25767289,622885
33,26157275,622897
33,26535459,622910
33,26892363,622929
33,27307417,622943
33,27659851,622958
33,28016936,622972
33,28409776,622982
33,28785054,622987
33,29136236,622994
33,29489795,622996
33,29852519,622998
33,30222956,622999
33,30594062,622997
33,30973488,622994
33,31346196,622993
33,31729015,622990
33,32117419,622987
33,32468907,622987
33,32856139,622985
33,33243380,622985
33,33594331,622985
33,33977171,622985
33,34370712,622986
33,34766825,622986
33,35140841,622988
33,35535303,622988
33,35912462,622988
33,36307878,622988
33,36697202,622988
33,37094425,622988
33,37469428,622988
33,37850669,622988
33,38244783,622988
33,38618662,622989
33,38974604,622989
33,39370495,622989
33,39752187,622989
33,40138877,622989
33,40489959,622990
33,40868367,622990
33,41221482,622990
33,41593686,622990
33,41993097,622991
33,42345427,622990
33,42728593,622990
33,43115558,622990
33,43468066,622991
33,43845878,622991
33,44240845,622991
33,44595009,622991
33,44975460,622992
33,45369555,622992
33,45752298,622992
33,46141445,622991
33,46556134,622991
33,46913771,622991
33,47307278,622991
33,47678827,622992
33,48079811,622992
33,48489313,622993
34,742373,583001
34,1121975,583350
34,1506505,583993
34,1893494,584497
34,2308410,585333
34,2748792,586405
34,3119315,587559
34,3549360,588965
34,3931998,590382
34,4309046,592121
34,4745934,594138
34,5122988,596271
34,5550865,598653
34,5934284,600875
34,6328517,603598
34,6732363,606290
34,7097415,607788
34,7491176,609728
34,7892108,611864
34,8285921,613131
34,8653108,614457
34,9018960,616042
34,9412648,617147
34,9786048,618534
34,10181673,619631
34,10540094,620450
34,10912733,621412
34,11309946,622027
34,11691635,622389
34,12085127,622644
34,12493023,622769
34,12892298,623135
34,13266287,623365
34,13664273,623485
34,14037327,623664
34,14432904,623647
34,14849469,623741
34,15245242,623772
34,15620329,623767
34,16014371,623779
34,16369167,623726
34,16745374,623690
34,17148458,623640
34,17526855,623602
34,17912299,623584
34,18288143,623572
34,18685267,623545
34,19078741,623529
34,19458083,623506
34,19826406,623485
34,20225515,623456
34,20621892,623434
34,21015821,623405
34,21388839,623372
34,21747051,623320
34,22121191,623243
34,22525425,623170
34,22919817,623095
34,23285697,623034
34,23643212,622976
34,24015659,622925
34,24429539,622891
34,24789496,622865
34,25181256,622851
34,25543560,622847
34,25955520,622852
34,26352533,622864
34,26745352,622884
34,27118753,622902
34,27502737,622924
34,27890705,622939
34,28241616,622955
34,28624049,622970
34,29037223,622981
34,29444915,622988
34,29833271,622992
34,30210529,622993
34,30626273,622994
34,31017464,622993
34,31391973,622990
34,31789789,622988
34,32160407,622985
34,32525319,622983
34,32915123,622981
34,33298242,622980
34,33688762,622980
34,34058886,622980
34,34452631,622980
34,34856425,622980
34,35245155,622981
34,35620986,622981
34,36014313,622983
34,36390648,622983
34,36767200,622984
34,37161054,622984
34,37525230,622984
34,37913195,622984
34,38285735,622984
34,38640973,622985
34,39014652,622985
34,39366971,622984
34,39748171,622984
34,40140157,622984
34,40524583,622984
34,40912620,622985
34,41330226,622985
34,41733040,622985
34,42099040,622985
34,42506890,622985
34,42891067,622986
34,43266564,622986
34,43687357,622986
34,44080287,622986
34,44490030,622986
34,44911912,622986
34,45305081,622986
34,45664513,622986
34,46036533,622986
34,46430879,622987
34,46788206,622987
34,47159818,622987
34,47522911,622987
34,47911426,622988
34,48263352,622988
34,48640149,622988
34,49035932,622988
34,49409400,622988
34,49764693,622988
34,50118518,622988
34,50505356,622988
34,50935223,622988
34,51327670,622988
34,51702466,622988
34,52067080,622988
34,52432600,622989
34,52829666,622989
34,53235740,622989
34,53621616,622989
34,54015855,622989
34,54431981,622990
34,54786802,622990
34,55184106,622990
34,55559545,622989
34,55954204,622989
34,56333379,622989
34,56730372,622989
34,57140295,622989
34,57540075,622990
35,717231,582996
35,1082720,583352
35,1485136,583992
35,1891213,584501
35,2281807,585211
35,2660845,586272
35,3054756,587410
35,3452156,588601
35,3831473,590182
35,4265615,591905
35,4640693,593629
35,5033823,595728
35,5427202,597745
35,5783754,600233
35,6180295,602895
35,6597140,605719
35,6991368,607451
35,7366069,609243
35,7762517,611259
35,8134536,612847
35,8500080,614355
35,8888050,615738
35,9261305,616853
35,9619633,618069
35,10035403,619351
35,10432766,620189
35,10829461,621122
35,11212528,621773
35,11583429,622228
35,11979228,622548
35,12366342,622618
35,12744067,622937
35,13135614,623250
35,13509003,623334
35,13868987,623559
35,14262419,623620
35,14639148,623626
35,15033496,623740
35,15429443,623730
35,15804395,623751
35,16199652,623730
35,16580452,623675
35,16992521,623640
35,17386687,623593
35,17742808,623572
35,18136694,623553
35,18535636,623525
35,18929437,623498
35,19349209,623465
35,19744474,623439
35,20137356,623409
35,20553781,623366
35,20929157,623329
35,21283086,623273
35,21641375,623218
35,22034936,623148
35,22430691,623083
35,22831514,623024
35,23226422,622975
35,23639755,622933
35,24034748,622911
35,24428026,622893
35,24804183,622889
35,25190158,622888
35,25580261,622898
35,25959527,622913
35,26343190,622927
35,26727778,622945
35,27118050,622959
35,27500712,622973
35,27890091,622983
35,28261234,622990
35,28616800,622997
35,29012576,623002
35,29406649,623004
35,29782345,623003
35,30135897,623002
35,30503339,622999
35,30865771,622996
35,31260382,622994
35,31624808,622991
35,32017355,622990
35,32389760,622989
35,32763966,622989
35,33158830,622987
35,33547110,622987
35,33927576,622988
35,34281077,622988
35,34637772,622989
35,35030318,622989
35,35408968,622989
35,35783856,622989
35,36178316,622990
35,36536178,622990
35,36929813,622990
35,37325639,622991
35,37724128,622991
35,38135112,622991
35,38501771,622991
35,38888403,622991
35,39259837,622991
35,39619344,622990
35,40031208,622990
36,729606,583001
36,1094702,583435
36,1487628,583994
36,1876841,584498
36,2265521,585337
36,2675762,586409
36,3115365,587562
36,3490695,588970
36,3908632,590598
36,4303072,592129
36,4697889,594148
36,5094742,596281
36,5487900,598666
36,5891578,600885
36,6284115,603594
36,6677343,606269
36,7079192,607754
36,7448621,609648
36,7855185,611704
36,8237232,612921
36,8612272,614325
36,8968428,615956
36,9395140,617255
36,9779486,618529
36,10133777,619637
36,10509089,620605
36,10907372,621468
36,11298207,622125
36,11673923,622422
36,12029475,622660
36,12403982,622753
36,12757028,623061
36,13121104,623384
36,13512763,623467
36,13887099,623667
36,14280835,623688
36,14677491,623722
36,15079323,623802
36,15468910,623784
36,15886916,623802
36,16277512,623754
36,16632966,623714
36,16989526,623672
36,17383744,623630
36,17777860,623614
36,18133256,623603
36,18527685,623580
36,18911755,623563
36,19298530,623543
36,19652933,623518
36,20010389,623491
36,20383341,623463
36,20735864,623441
36,21094715,623414
36,21488693,623379
36,21885106,623327
36,22280463,623257
36,22672754,623186
36,23030912,623114
36,23403776,623047
36,23756340,622988
36,24119837,622930
36,24511712,622890
36,24886974,622858
36,25302854,622837
36,25705014,622831
36,26074446,622834
36,26482783,622843
36,26853890,622861
36,27237709,622878
36,27610617,622898
36,27968216,622920
36,28363473,622937
36,28736269,622951
36,29092959,622965
36,29486440,622972
36,29869991,622981
36,30269287,622983
36,30634654,622985
36,31036828,622985
36,31428923,622984
36,31804998,622982
36,32177894,622980
36,32556617,622978
36,32931168,622976
36,33323100,622974
36,33746474,622974
36,34139002,622973
36,34507270,622973
36,34905335,622975
36,35280341,622975
36,35676408,622975
36,36077215,622977
36,36468954,622979
36,36873362,622979
36,37278963,622979
36,37677001,622979
36,38074532,622980
36,38467729,622980
36,38878629,622980
36,39240259,622980
36,39635019,622980
36,40030270,622980
36,40403437,622980
36,40755991,622980
36,41116342,622980
36,41488913,622980
36,41885371,622981
36,42281431,622981
36,42674597,622983
36,43076779,622983
36,43467984,622983
36,43850228,622983
36,44237547,622984
36,44590013,622984
36,44967114,622984
36,45362329,622984
36,45756768,622984
36,46141692,622984
36,46529631,622984
36,46908795,622984
36,47303143,622984
36,47681302,622985
36,48078556,622985
36,48489256,622985
36,48907134,622985
36,49302796,622985
36,49693293,622985
36,50076285,622985
36,50487461,622986
36,50863812,622986
36,51259150,622986
36,51653410,622986
36,52013531,622986
36,52383283,622987
36,52735996,622987
36,53116573,622987
36,53509247,622986
36,53905184,622986
36,54278976,622986
36,54632745,622988
36,54988302,622988
36,55382591,622988
36,55758069,622988
36,56112514,622988
36,56485433,622987
36,56854903,622987
36,57237428,622989
36,57611136,622989
36,57967495,622989
36,58371154,622989
36,58738890,622989
36,59136856,622989
36,59510217,622988
36,59908278,622988
36,60302084,622989
36,60680597,622990
36,61078995,622990
36,61443200,622990
36,61802941,622991
36,62173949,622992
36,62574315,622990
37,737428,583004
37,1100209,583435
37,1496665,583991
37,1891320,584498
37,2273507,585209
37,2640973,586269
37,3034941,587254
37,3392376,588595
37,3791127,589967
37,4193793,591675
37,4578264,593627
37,4972968,595464
37,5349243,597746
37,5743283,599912
37,6119379,602547
37,6515578,605388
37,6930403,607262
37,7308363,609001
37,7702180,611002
37,8055625,612695
37,8434479,614231
37,8827921,615859
37,9229383,617143
37,9640825,618368
37,10039372,619575
37,10454371,620355
37,10826587,621154
37,11212857,621848
37,11580743,622211
37,11953084,622524
37,12350039,622593
37,12723664,622903
37,13120452,623224
37,13541087,623335
37,13930902,623540
37,14306875,623575
37,14704051,623622
37,15078263,623722
37,15476430,623707
37,15867966,623730
37,16244821,623683
37,16640772,623644
37,17018396,623608
37,17454106,623565
37,17826248,623545
37,18193203,623525
37,18555411,623490
37,18951005,623463
37,19312006,623431
37,19683186,623392
37,20078027,623349
37,20466802,623286
37,20852121,623230
37,21227194,623164
37,21619693,623100
37,22016385,623049
37,22412517,622997
37,22806514,622958
37,23212700,622931
37,23622185,622913
37,24036477,622910
37,24432449,622911
37,24827101,622922
37,25210476,622937
37,25618408,622949
37,25975081,622967
37,26370864,622979
37,26743143,622991
37,27096725,622999
37,27453362,623006
37,27826920,623011
37,28190507,623014
37,28577428,623016
37,28929617,623015
37,29306648,623013
37,29701841,623010
37,30055519,623007
37,30437363,623004
37,30828539,623001
37,31226900,622999
37,31619876,622998
37,32016021,622997
37,32460331,622996
37,32825531,622996
37,33191045,622996
37,33576513,622997
37,33951301,622997
37,34330728,622997
37,34724905,622997
37,35119680,622997
37,35527760,622997
37,35893931,622997
37,36272368,622996
37,36666199,622995
37,37075992,622995
37,37434960,622995
37,37825962,622995
37,38210541,622993
37,38577025,622994
37,38929207,622995
37,39306126,622995
37,39680368,622995
37,40054195,622995
37,40432249,622994
37,40826784,622994
37,41191234,622994
37,41580507,622994
37,41954890,622994
38,739067,583002
38,1121694,583434
38,1538620,584058
38,1932789,584500
38,2307955,585336
38,2726469,586413
38,3117162,587565
38,3541842,588973
38,3928449,590392
38,4288274,591904
38,4662993,593891
38,5056661,596009
38,5448889,598054
38,5848303,600537
38,6240192,603164
38,6638723,605547
38,7011652,607142
38,7365050,608541
38,7742341,610684
38,8134919,612075
38,8499639,613708
38,8886537,615301
38,9259932,616607
38,9622130,618101
38,10015510,619362
38,10388352,620312
38,10745544,621308
38,11138401,621995
38,11504129,622393
38,11865300,622656
38,12239305,622802
38,12641957,623025
38,13031483,623380
38,13405313,623464
38,13767102,623637
38,14160874,623753
38,14535739,623724
38,14950339,623819
38,15301713,623824
38,15661476,623813
38,16053991,623818
38,16418141,623756
38,16787203,623728
38,17177705,623687
38,17556046,623660
38,17952267,623647
38,18553770,623608
38,19103108,623570
38,19602544,623519
38,20148489,623476
38,20683486,623440
38,21196980,623402
38,21716522,623364
38,22164936,623324
38,22568417,623279
38,23027284,623203
38,23563458,623111
38,24053524,623019
38,24495795,622954
38,24961119,622885
38,25413777,622848
38,25794946,622825
38,26161870,622813
38,26559778,622810
38,26950428,622820
38,27327680,622834
38,27741505,622855
38,28114483,622877
38,28504889,622897
38,28981581,622923
38,29390370,622941
38,29799259,622955
38,30202897,622964
38,30605688,622972
38,30969927,622973
38,31327866,622975
38,31730162,622975
38,32145198,622974
38,32540242,622971
38,32931314,622970
38,33327333,622966
38,33771445,622966
38,34156614,622965
38,34522641,622964
38,34908389,622964
38,35263721,622966
38,35661976,622966
38,36053860,622968
38,36427875,622968
38,36805343,622970
38,37198796,622971
38,37556952,622972
38,37951040,622972
38,38323742,622974
38,38702229,622975
38,39101012,622975
38,39520263,622976
38,39906937,622976
38,40280638,622976
38,40656868,622976
38,41010320,622976
38,41363122,622977
38,41761341,622977
38,42114384,622978
38,42532274,622978
38,42959175,622978
38,43352191,622980
38,43765727,622980
38,44160781,622980
38,44557814,622981
38,44951452,622982
38,45303004,622982
38,45659180,622982
38,46051890,622984
38,46432368,622984
38,46830996,622984
38,47204982,622983
38,47619944,622983
38,48013416,622984
38,48367165,622984
38,48744920,622984
38,49137437,622984
38,49503567,622985
38,49866936,622985
38,50262169,622985
38,50619158,622985
38,50990754,622985
38,51386394,622985
38,51742539,622986
38,52137197,622986
38,52522090,622986
38,52887271,622986
38,53238445,622987
38,53632325,622987
38,53991574,622987
38,54365303,622987
38,54742722,622987
38,55137343,622987
38,55504663,622987
38,55890839,622988
38,56261747,622988
38,56619330,622988
38,57034208,622988
38,57450500,622988
38,57851630,622988
38,58240447,622989
38,58618699,622989
38,59013146,622989
38,59365099,622989
38,59743445,622989
38,60137061,622989
38,60502988,622989
38,60867425,622989
38,61260434,622989
39,737257,583005
39,1117261,583352
39,1497250,583994
39,1909833,584420
39,2261942,585087
39,2620068,586131
39,3034248,587098
39,3388734,588219
39,3762226,589743
39,4156902,591219
39,4520662,593083
39,4933294,595172
39,5338717,597126
39,5704012,599575
39,6095394,601858
39,6454456,604321
39,6824991,606823
39,7221064,608293
39,7610787,610466
39,7991728,612335
39,8356247,613920
39,8764158,615335
39,9116013,616663
39,9473291,617665
39,9847040,618765
39,10198889,619862
39,10598646,620625
39,10993648,621492
39,11370806,622040
39,11761994,622357
39,12115175,622570
39,12495458,622627
39,12890136,623012
39,13283415,623235
39,13686079,623388
39,14074791,623571
39,14450314,623563
39,14845087,623648
39,15200331,623712
39,15580304,623698
39,15974345,623717
39,16359131,623659
39,16755532,623630
39,17122380,623589
39,17516723,623553
39,17906896,623534
39,18282847,623507
39,18684210,623469
39,19096522,623435
39,19452641,623386
39,19824946,623336
39,20200263,623264
39,20600187,623191
39,20996592,623123
39,21393039,623070
39,21786309,623016
39,22183004,622972
39,22580797,622944
39,22950545,622926
39,23356408,622918
39,23743214,622916
39,24116475,622925
39,24472851,622938
39,24846330,622949
39,25199308,622968
39,25601478,622982
39,25970315,622997
39,26337161,623006
39,26725848,623015
39,27096037,623021
39,27454669,623026
39,27848695,623027
39,28232241,623026
39,28622884,623022
39,28993141,623021
39,29359192,623016
39,29744970,623014
39,30126519,623011
39,30516252,623009
39,30888515,623005
39,31240587,623005
39,31600519,623004
39,31994010,623003
39,32391206,623002
39,32784481,623002
39,33136873,623002
39,33494081,623002
39,33888568,623002
39,34241788,623002
39,34619845,623003
39,35014729,623002
39,35389870,623002
39,35785059,623002
39,36139022,623002
39,36513966,623001
39,36865973,623000
39,37220374,623000
39,37580873,623000
39,37953036,623000
39,38360698,623000
39,38724519,623000
39,39119340,623000
39,39495232,623000
39,39886995,623000
39,40240832,623000
39,40610483,623000
39,40974323,623000
39,41371077,623000
39,41743270,623000
39,42140519,623000
39,42517961,622999
39,42910662,622999
39,43285898,622999
39,43685348,622998
39,44095833,622998
39,44453148,622998
39,44847853,622998
39,45220107,622998
39,45577907,622998
39,45991505,622998
39,46353801,622998
39,46742308,622998
39,47095295,622998
39,47472437,622998
39,47887524,622998
39,48240994,622998
39,48604196,622997
39,48995015,622997
39,49391473,622997
39,49787417,622996
39,50186107,622997
39,50600859,622997
39,50994004,622997
39,51389973,622997
39,51785237,622997
39,52139273,622997
39,52547793,622997
39,52912884,622997
39,53318448,622997
39,53680239,622997
40,717019,583003
40,1118353,583435
40,1536231,584059
40,1931796,584504
40,2310174,585339
40,2709300,586277
40,3075544,587410
40,3470565,588593
40,3848107,590178
40,4242779,591896
40,4661635,593880
40,5054746,595731
40,5406847,597743
40,5786766,600229
40,6180828,602524
40,6556819,605333
40,6929001,607173
40,7301669,608620
40,7680364,610826
40,8073647,612395
40,8426598,613626
40,8806334,615252
40,9203914,616671
40,9605166,617809
40,9970921,619045
40,10344592,620108
40,10745555,621057
40,11137841,621808
40,11509493,622243
40,11869881,622541
40,12261977,622685
40,12639874,622921
40,13035175,623289
40,13408105,623414
40,13765432,623594
40,14159095,623697
40,14531981,623680
40,14888076,623784
40,15282560,623796
40,15662421,623795
40,16053015,623793
40,16407227,623741
40,16784860,623697
40,17179741,623652
40,17551928,623618
40,17956397,623604
40,18368773,623585
40,18786890,623556
40,19178348,623534
40,19552616,623507
40,19949810,623481
40,20365621,623456
40,20721688,623435
40,21094896,623403
40,21479880,623368
40,21872764,623311
40,22263137,623251
40,22631409,623182
40,22994455,623109
40,23388393,623035
40,23788132,622979
40,24156931,622930
40,24511947,622894
40,24868838,622864
40,25263509,622847
40,25663259,622840
40,26055398,622845
40,26455341,622856
40,26870180,622875
40,27263377,622893
40,27659198,622914
40,28055754,622934
40,28454686,622951
40,28871190,622964
40,29283200,622974
40,29640863,622982
40,30033688,622985
40,30410711,622988
40,30827421,622988
40,31219291,622988
40,31605017,622983
40,31993914,622982
40,32386590,622980
40,32766626,622977
40,33160952,622976
40,33555302,622975
40,33954026,622974
40,34346496,622974
40,34763610,622976
40,35160620,622976
40,35552979,622977
40,35932761,622978
40,36320675,622980
40,36702895,622980
40,37095510,622980
40,37467737,622980
40,37847242,622980
40,38223465,622980
40,38604288,622980
40,39012027,622980
40,39364852,622980
40,39720515,622980
40,40115632,622981
40,40490644,622982
40,40866768,622982
40,41262312,622982
40,41622567,622982
40,42011349,622985
40,42385969,622984
40,42741875,622985
40,43158023,622985
40,43510766,622985
40,43871815,622985
40,44263568,622986
40,44660840,622986
40,45054040,622986
40,45405969,622987
40,45764888,622987
40,46190319,622987
40,46589933,622987
40,46949162,622987
40,47305791,622987
40,47705929,622988
40,48114688,622988
40,48467846,622988
40,48846491,622988
40,49239324,622989
40,49603845,622989
40,49971693,622989
40,50364791,622989
40,50724802,622989
40,51093978,622989
40,51489467,622990
40,51869786,622990
40,52262827,622990
40,52661769,622990
40,53034477,622990
40,53429724,622990
40,53806544,622990
40,54198368,622990
40,54571983,622990
41,720600,583003
41,1097001,583436
41,1476727,583998
41,1853893,584504
41,2246783,585339
41,2656787,586280
41,3014443,587259
41,3369805,588407
41,3747687,589969
41,4141209,591452
41,4493505,593100
41,4872669,595194
41,5264991,597142
41,5625954,599276
41,6012267,601870
41,6391521,604328
41,6767043,606814
41,7160889,608246
41,7514419,610100
41,7891909,612234
41,8286817,613596
41,8665340,615190
41,9056995,616473
41,9415175,617483
41,9793181,618802
41,10188574,619890
41,10589357,620682
41,10957680,621466
41,11348794,622037
41,11706254,622359
41,12077531,622577
41,12451859,622673
41,12852968,623095
41,13244821,623276
41,13623071,623423
41,14015632,623602
41,14368815,623595
41,14749027,623675
41,15142589,623741
41,15516739,623725
41,15913869,623746
41,16292685,623693
41,16683423,623651
41,17077653,623612
41,17450965,623574
41,17830277,623551
41,18224066,623533
41,18587063,623499
41,18974868,623473
41,19347264,623443
41,19708164,623416
41,20081627,623379
41,20473038,623331
41,20853032,623274
41,21245579,623217
41,21608348,623151
41,21995228,623097
41,22369256,623045
41,22746068,622993
41,23139679,622958
41,23494500,622928
41,23849521,622909
41,24201469,622901
41,24588821,622897
41,24980747,622904
41,25353553,622917
41,25747126,622929
41,26120130,622945
41,26474924,622961
41,26872949,622975
41,27244008,622984
41,27608031,622994
41,27996950,623000
41,28372662,623006
41,28767175,623007
41,29161823,623009
41,29540345,623007
41,29926007,623005
41,30291956,623003
41,30664422,622999
41,31058804,622996
41,31454647,622995
41,31852987,622992
41,32246419,622991
41,32624965,622990
41,33014952,622990
41,33370925,622990
41,33768104,622991
41,34161040,622991
41,34517498,622993
41,34915915,622993
41,35307757,622993
41,35685879,622992
41,36102301,622992
41,36494370,622992
42,739457,583002
42,1121548,583351
42,1498589,584000
42,1913453,584506
42,2306481,585343
42,2727100,586420
42,3139225,587413
42,3498242,588777
42,3891147,590180
42,4264735,591677
42,4620032,593619
42,5036895,595733
42,5433606,598041
42,5874038,600541
42,6242969,602845
42,6619851,605589
42,7014957,607228
42,7411662,608876
42,7809797,610981
42,8209853,612489
42,8621903,614186
42,9017652,615873
42,9414138,617117
42,9787315,618631
42,10203141,619750
42,10557756,620767
42,10957489,621697
42,11382166,622213
42,11745394,622549
42,12139672,622740
42,12497151,622822
42,12871346,623235
42,13265837,623446
42,13663630,623527
42,14036297,623722
42,14398479,623726
42,14787967,623775
42,15161229,623844
42,15560383,623810
42,15937002,623833
42,16345455,623770
42,16747516,623736
42,17147568,623696
42,17573015,623657
42,17975394,623643
42,18379344,623623
42,18747502,623595
42,19139683,623569
42,19524813,623527
42,19936344,623497
42,20339539,623458
42,20747254,623429
42,21141846,623402
42,21540721,623372
42,21933804,623340
42,22344069,623305
42,22702787,623258
42,23060237,623196
42,23506418,623110
42,23919055,623040
42,24311066,622977
42,24690580,622928
42,25099658,622874
42,25498366,622844
42,25869818,622826
42,26265417,622819
42,26640335,622819
42,27035524,622830
42,27396575,622846
42,27764708,622864
42,28120866,622885
42,28516876,622906
42,28902547,622925
42,29289098,622940
42,29666647,622954
42,30059686,622966
42,30461165,622972
42,30831524,622976
42,31244423,622977
42,31601568,622978
42,32014718,622977
42,32378849,622974
42,32763259,622972
42,33139569,622972
42,33493188,622969
42,33846916,622969
42,34222780,622967
42,34618837,622968
42,34970214,622968
42,35360539,622970
42,35746776,622970
42,36141524,622971
42,36538784,622973
42,36932112,622973
42,37342760,622974
42,37701079,622975
42,38058560,622976
42,38457424,622976
42,38867176,622977
42,39220582,622977
42,39599130,622978
42,39992148,622978
42,40357914,622978
42,40768100,622979
42,41162977,622979
42,41540145,622980
42,41932488,622980
42,42340685,622980
42,42704328,622981
42,43130710,622981
42,43520009,622981
42,43890323,622982
42,44284567,622983
42,44640328,622984
42,45034431,622983
42,45439686,622983
42,45835627,622984
42,46245671,622984
42,46644155,622984
42,47037891,622984
42,47434547,622984
42,47833832,622984
42,48220621,622984
42,48598105,622985
42,49015565,622985
42,49411918,622986
42,49814636,622986
42,50185885,622986
42,50561398,622987
42,50952264,622988
42,51309543,622988
42,51684815,622988
42,52078997,622988
42,52475504,622988
42,52848254,622988
42,53245515,622988
42,53642903,622988
42,54034919,622988
42,54397623,622988
42,54787894,622988
42,55162609,622988
42,55560111,622988
42,55953100,622988
42,56363561,622988
42,56722417,622989
42,57096197,622989
42,57477876,622989
42,57848083,622989
42,58221155,622989
42,58600556,622989
42,58973433,622990
42,59357964,622990
42,59746734,622991
42,60118064,622991
42,60474233,622991
42,60889068,622991
42,61242734,622991
42,61600749,622991
42,61993642,622991
43,717700,582996
43,1076437,583352
43,1470596,583930
43,1847182,584427
43,2243049,585212
43,2661996,586277
43,3059081,587401
43,3499291,588762
43,3892069,590370
43,4285037,592105
43,4703131,594110
43,5096374,595976
43,5492634,598321
43,5909504,600862
43,6285907,603597
43,6682237,606019
43,7059100,607861
43,7455953,609859
43,7874068,612087
43,8265916,613531
43,8642653,615099
43,9035924,616472
43,9410244,617642
43,9808023,618740
43,10178292,619735
43,10533930,620607
43,10961198,621478
43,11345586,621984
43,11723853,622338
43,12117844,622567
43,12512279,622652
43,12891351,623056
43,13285504,623241
43,13684211,623386
43,14074237,623568
43,14431613,623568
43,14832581,623663
43,15242292,623708
43,15647913,623696
43,16015265,623709
43,16407055,623650
43,16786583,623618
43,17179250,623582
43,17553830,623550
43,17952064,623531
43,18365310,623507
43,18726653,623467
43,19117898,623433
43,19490181,623387
43,19847349,623328
43,20241035,623266
43,20625549,623194
43,21015423,623134
43,21386258,623079
43,21745426,623022
43,22140842,622981
43,22511275,622951
43,22892417,622926
43,23286036,622914
43,23682116,622912
43,24059232,622917
43,24449925,622931
43,24806444,622943
43,25181893,622960
43,25573292,622977
43,25994461,622992
43,26386796,623001
43,26764040,623013
43,27158024,623018
43,27512164,623020
43,27889211,623021
43,28282556,623023
43,28660602,623020
43,29053463,623018
43,29407400,623013
43,29789309,623011
43,30193201,623008
43,30573255,623005
43,30951486,623003
43,31364790,623001
43,31721964,623001
43,32095146,623000
43,32489468,622999
43,32867116,622999
43,33260854,623000
43,33625065,623000
43,34012444,623001
43,34384400,623001
43,34747173,623001
43,35127037,623001
43,35515093,623001
43,35891773,622999
43,36283091,622999
43,36643303,622999
43,37015562,622999
43,37406709,622999
43,37764631,622998
43,38137609,622998
43,38490461,622998
43,38848077,622998
43,39239759,622998
43,39626581,622998
43,40013804,622998
43,40386114,622996
43,40746303,622996
43,41140199,622997
43,41513924,622997
43,41911549,622997
43,42284667,622997
43,42683028,622996
43,43074554,622996
43,43452688,622996
43,43848313,622996
43,44219907,622996
43,44605588,622996
43,44992442,622996
43,45387303,622996
43,45745492,622996
43,46117671,622996
43,46510840,622996
43,46890462,622996
43,47284448,622995
43,47683346,622995
43,48075184,622995
43,48470001,622995
43,48847677,622995
43,49241871,622995
43,49643063,622995
43,50013259,622995
43,50387794,622995
43,50763848,622994
43,51137267,622994
43,51491867,622994
43,51850029,622994
43,52243575,622994
43,52626843,622994
44,750070,583020
44,1175855,583521
44,1572985,584124
44,2016725,584676
44,2384897,585605
44,2798336,586694
44,3245447,587889
44,3633916,589355
44,4036099,591021
44,4447568,592842
44,4847085,594926
44,5268928,597139
44,5674055,599575
44,6073309,601840
44,6463862,604619
44,6817609,606706
44,7201352,608137
44,7568550,610241
44,7972901,612167
44,8360407,613399
44,8735180,615036
44,9153057,616511
44,9546849,617643
44,9922088,618902
44,10277251,620016
44,10693701,620958
44,11094169,621832
44,11486392,622257
44,11881663,622538
44,12278802,622699
44,12673020,622927
44,13072386,623321
44,13444052,623444
44,13842604,623622
44,14235705,623695
44,14611303,623699
44,14998352,623799
44,15382985,623790
44,15756291,623797
44,16155766,623776
44,16528265,623718
44,16921612,623685
44,17278218,623641
44,17671457,623619
44,18050483,623607
44,18422862,623587
44,18816699,623561
44,19196436,623534
44,19593477,623505
44,19993578,623483
44,20382520,623452
44,20775071,623432
44,21131105,623404
44,21528065,623367
44,21899793,623314
44,22256936,623250
44,22651193,623184
44,23016336,623114
44,23427934,623050
44,23799607,622984
44,24198295,622929
44,24612205,622887
44,25016015,622861
44,25402605,622843
44,25777501,622839
44,26175593,622840
44,26548113,622853
44,26931095,622871
44,27320339,622893
44,27718455,622911
44,28110778,622931
44,28484026,622946
44,28859529,622962
44,29237929,622971
44,29632298,622980
44,30046894,622984
44,30447076,622987
44,30887840,622987
44,31280124,622987
44,31672065,622982
44,32031667,622981
44,32401796,622978
44,32754494,622976
44,33110454,622974
44,33504612,622973
44,33879033,622973
44,34238606,622973
44,34653579,622974
44,35051460,622975
44,35445176,622977
44,35822967,622977
44,36201060,622978
44,36593172,622978
44,36996043,622980
44,37385121,622980
44,37756872,622980
44,38134130,622980
44,38525817,622980
44,38879212,622980
44,39239332,622980
44,39611552,622980
44,40014479,622980
44,40382220,622981
44,40775129,622981
44,41132276,622982
44,41506291,622983
44,41900236,622983
44,42279058,622983
44,42672370,622983
44,43031049,622985
44,43402051,622985
44,43795169,622985
44,44177427,622985
44,44588927,622986
44,44950931,622986
44,45364160,622986
44,45757145,622986
44,46176109,622987
44,46569584,622987
44,46977586,622987
44,47342081,622987
44,47735501,622987
44,48114686,622987
44,48507954,622987
44,48883013,622987
44,49279564,622987
44,49675097,622988
44,50049919,622988
44,50423143,622988
44,50819301,622989
44,51219498,622990
44,51624696,622990
44,51998755,622990
44,52360580,622990
44,52777240,622990
44,53132972,622990
44,53527664,622991
44,53901319,622991
44,54266969,622991
44,54651149,622991
44,55014892,622991
44,55403996,622991
44,55775274,622991
44,56158302,622991
45,719059,583002
45,1131961,583438
45,1520461,584002
45,1892270,584504
45,2311355,585340
45,2709811,586415
45,3129036,587559
45,3517004,588765
45,3911186,590381
45,4289959,592122
45,4684874,593871
45,5061052,595729
45,5432697,597738
45,5787893,600231
45,6183700,602904
45,6624380,605723
45,6993566,607467
45,7371543,609261
45,7766275,611264
45,8179015,613081
45,8539720,614617
45,8935967,616018
45,9331412,617246
45,9727249,618489
45,10131824,619543
45,10498034,620440
45,10891229,621241
45,11248317,621845
45,11622324,622249
45,12017909,622518
45,12394802,622612
45,12789470,622968
45,13186087,623243
45,13563795,623347
45,13960386,623574
45,14373692,623595
45,14747179,623647
45,15146774,623739
45,15538371,623715
45,15913872,623737
45,16353933,623689
45,16725810,623648
45,17110224,623613
45,17496147,623573
45,17889269,623555
45,18267377,623527
45,18661247,623498
45,19034648,623469
45,19396537,623435
45,19805321,623403
45,20167070,623360
45,20580941,623303
45,20996816,623240
45,21407307,623174
45,21789090,623122
45,22165983,623059
45,22560286,623014
45,22934260,622969
45,23336752,622941
45,23704503,622918
45,24111311,622907
45,24475692,622905
45,24869586,622912
45,25228006,622921
45,25600011,622935
45,25995276,622950
45,26373437,622966
45,26766559,622980
45,27163446,622992
45,27538841,623001
45,27932393,623006
45,28308922,623010
45,28707638,623012
45,29130768,623013
45,29495528,623011
45,29890462,623010
45,30251014,623006
45,30646856,623004
45,31018127,623000
45,31415356,622999
45,31811498,622995
45,32206536,622995
45,32598520,622995
45,32973485,622995
45,33373341,622994
45,33765768,622994
45,34150931,622995
45,34540862,622995
45,34913729,622995
45,35334609,622996
45,35727207,622997
45,36133030,622997
45,36495992,622997
45,36911085,622997
45,37268234,622996
45,37682287,622996
45,38037792,622994
45,38433200,622994
45,38811842,622993
45,39240464,622994
45,39631492,622993
45,40019505,622993
45,40417066,622994
45,40814902,622994
45,41217156,622994
45,41580049,622994
45,41975622,622994
45,42373794,622994
46,737345,583000
46,1151040,583435
46,1537172,584000
46,1953017,584588
46,2384439,585474
46,2768827,586422
46,3152087,587568
46,3537260,588777
46,3930921,590391
46,4311770,592129
46,4725427,594144
46,5128452,596007
46,5518223,598350
46,5889085,600544
46,6266766,603177
46,6662306,605842
46,7054687,607328
46,7432634,609056
46,7828802,610911
46,8208513,612437
46,8602236,614167
46,9014456,615695
46,9369378,616964
46,9744242,618480
46,10149963,619798
46,10560900,620805
46,10956250,621620
46,11335487,622238
46,11729402,622577
46,12152069,622759
46,12537560,622871
46,12931592,623300
46,13309001,623457
46,13682930,623573
46,14107065,623760
46,14493280,623731
46,14868035,623810
46,15265648,623838
46,15659719,623815
46,16015812,623840
46,16390923,623773
46,16785522,623747
46,17170252,623700
46,17557236,623665
46,17930454,623656
46,18287918,623635
46,18681218,623613
46,19055429,623577
46,19413551,623539
46,19807227,623506
46,20182818,623471
46,20577184,623441
46,20951527,623421
46,21335810,623392
46,21731497,623364
46,22128184,623330
46,22540619,623287
46,22933604,623240
46,23332812,623173
46,23724819,623101
46,24131946,623040
46,24495042,622970
46,24889310,622920
46,25246780,622876
46,25618852,622843
46,26014404,622823
46,26413997,622814
46,26801097,622813
46,27196636,622825
46,27560828,622840
46,27951510,622860
46,28331223,622881
46,28728414,622907
46,29150383,622926
46,29535648,622940
46,29911327,622956
46,30329277,622965
46,30726484,622972
46,31147858,622975
46,31536605,622977
46,31930586,622976
46,32332820,622974
46,32728819,622972
46,33148683,622969
46,33540363,622967
46,33912709,622965
46,34309538,622964
46,34682319,622964
46,35078253,622964
46,35459688,622964
46,35845283,622966
46,36210068,622967
46,36578167,622969
46,36980265,622970
46,37372809,622971
46,37746194,622972
46,38153398,622973
46,38515333,622974
46,38908236,622974
46,39267683,622974
46,39640183,622975
46,40035601,622975
46,40432634,622975
46,40827808,622976
46,41225138,622976
46,41639169,622976
46,41992155,622976
46,42370353,622976
46,42763214,622977
46,43139958,622978
46,43540290,622978
46,43931274,622978
46,44289664,622978
46,44662231,622978
46,45057543,622980
46,45435085,622979
46,45829505,622979
46,46230770,622981
46,46600393,622981
46,47012878,622981
46,47368870,622982
46,47788450,622982
46,48184936,622983
46,48556948,622984
46,48950456,622984
46,49330382,622984
46,49728129,622984
46,50127933,622984
46,50516899,622984
46,50889325,622985
46,51244502,622985
46,51649709,622985
46,52047008,622985
46,52434247,622985
46,52827759,622985
46,53206980,622985
46,53579924,622985
46,53955648,622986
46,54328819,622986
46,54722761,622987
46,55130771,622987
46,55493192,622988
46,55868133,622988
46,56247006,622988
46,56642279,622988
46,57038096,622988
46,57435081,622988
46,57828954,622988
46,58209890,622988
46,58579317,622988
46,58957834,622988
46,59357526,622989
46,59725146,622989
46,60132143,622989
46,60515258,622990
47,742108,583005
47,1122626,583438
47,1521117,584001
47,1915970,584504
47,2311395,585338
47,2727834,586417
47,3119950,587401
47,3495837,588756
47,3894593,590371
47,4312454,592105
47,4728060,594108
47,5121648,596256
47,5539225,598622
47,5935238,601183
47,6352190,603950
47,6766280,606301
47,7119585,607861
47,7477721,609856
47,7872155,611840
47,8255009,613548
47,8644871,614913
47,9016492,616318
47,9371906,617526
47,9765364,618603
47,10119959,619631
47,10501743,620520
47,10891908,621298
47,11268600,621945
47,11662646,622280
47,12041219,622552
47,12475203,622632
47,12849478,622962
47,13217870,623221
47,13580685,623329
47,13993567,623539
47,14352642,623569
47,14744522,623601
47,15118402,623700
47,15479559,623679
47,15882785,623705
47,16251134,623678
47,16643721,623634
47,17038465,623612
47,17436353,623560
47,17828473,623542
47,18233198,623512
47,18622799,623481
47,18994657,623442
47,19350514,623397
47,19722268,623341
47,20076478,623270
47,20475606,623201
47,20848480,623141
47,21214511,623077
47,21605780,623027
47,21975632,622980
47,22373217,622950
47,22747032,622926
47,23141125,622917
47,23519176,622914
47,23911928,622920
47,24266130,622931
47,24644262,622948
47,25038186,622966
47,25435965,622981
47,25833672,622996
47,26233035,623010
47,26622002,623016
47,27037025,623025
47,27413554,623027
47,27812419,623028
47,28212579,623029
47,28579743,623026
47,28973033,623022
47,29328273,623019
47,29722988,623014
47,30097891,623013
47,30457770,623009
47,30830510,623005
47,31235692,623005
47,31625256,623005
47,32018063,623002
47,32435984,623002
47,32829267,623002
47,33233537,623002
47,33620802,623002
47,33994113,623003
47,34353050,623003
47,34725660,623003
47,35121914,623002
47,35519728,623003
47,35912865,623003
47,36310378,623003
47,36706268,623002
47,37076816,623002
47,37477660,623001
47,37850935,623001
47,38257723,622999
47,38620739,622999
47,39014422,623000
47,39372495,622999
47,39765911,622999
47,40138596,622999
47,40525465,622999
47,40913589,623000
47,41308182,622999
47,41723241,622999
47,42076368,622998
47,42454458,622998
47,42847732,622998
47,43236590,622998
47,43625436,622997
47,44017464,622997
47,44414562,622997
47,44792674,622997
47,45167212,622996
47,45581328,622996
47,45973635,622996
47,46329395,622996
47,46727688,622996
47,47121693,622997
47,47518780,622995
47,47914210,622995
47,48294548,622996
47,48682994,622996
47,49101362,622995
47,49498028,622995
47,49872336,622995
47,50268924,622995
47,50643684,622995
47,51037240,622995
47,51413287,622995
47,51811523,622995
47,52232991,622995
47,52619308,622995
48,713411,583003
48,1123512,583437
48,1513940,584002
48,1891211,584509
48,2306793,585218
48,2658097,586147
48,3014626,587116
48,3368008,588225
48,3755153,589756
48,4147519,591450
48,4538191,593087
48,4935939,595189
48,5329771,597433
48,5738646,599574
48,6100459,602183
48,6494385,604633
48,6871246,606941
48,7265759,608380
48,7618115,610295
48,7995875,612279
48,8391054,613753
48,8833384,615342
48,9214000,616579
48,9578656,617852
48,9982155,619061
48,10351321,620122
48,10756966,620924
48,11119598,621776
48,11515819,622232
48,11871285,622492
48,12265758,622647
48,12650431,622888
48,13060783,623284
48,13454204,623389
48,13830057,623595
48,14224182,623671
48,14640767,623688
48,15064884,623789
48,15454593,623771
48,15837255,623788
48,16225342,623754
48,16641724,623702
48,17040570,623661
48,17410546,623612
48,17782165,623595
48,18164777,623579
48,18558813,623559
48,18955713,623534
48,19352223,623508
48,19777097,623477
48,20164594,623452
48,20534814,623422
48,20892249,623390
48,21290605,623353
48,21660023,623306
48,22018072,623242
48,22415772,623187
48,22795170,623122
48,23182679,623070
48,23554721,623014
48,23912871,622959
48,24306287,622922
48,24679456,622891
48,25036122,622872
48,25389055,622860
48,25754636,622857
48,26165018,622863
48,26576676,622875
48,26933167,622895
48,27328225,622911
48,27680552,622929
48,28036754,622946
48,28411332,622959
48,28773900,622971
48,29160578,622983
48,29538072,622988
48,29933318,622992
48,30309756,622993
48,30704446,622993
48,31083387,622993
48,31478715,622990
48,31891662,622987
48,32264365,622985
48,32618936,622983
48,33015524,622982
48,33400336,622981
48,33799786,622980
48,34162721,622980
48,34557467,622981
48,34913954,622981
48,35285755,622981
48,35640517,622984
48,35994939,622984
48,36389818,622984
48,36776516,622984
48,37178744,622984
48,37581783,622984
48,37982677,622985
48,38348643,622985
48,38754371,622985
48,39139952,622986
48,39513469,622986
48,39871346,622986
48,40264754,622986
48,40638477,622986
48,40998794,622986
48,41372195,622986
48,41775937,622986
48,42167514,622987
48,42537834,622987
48,42914242,622987
48,43309002,622986
48,43680975,622987
48,44037628,622987
48,44431605,622987
48,44791861,622987
48,45163157,622990
48,45555347,622989
48,45913497,622989
48,46286406,622989
48,46638924,622989
48,46994321,622989
48,47390102,622989
48,47777348,622990
48,48143382,622990
48,48538393,622990
48,48935414,622990
48,49309838,622990
48,49705029,622990
48,50086253,622990
48,50473529,622990
48,50833538,622990
48,51209366,622990
48,51605342,622991
48,52018252,622991
48,52413244,622991
48,52789926,622991
49,779710,583019
49,1223916,583525
49,1616519,584063
49,1994794,584585
49,2389565,585341
49,2762243,586415
49,3166003,587561
49,3603114,588958
49,3994262,590592
49,4391962,592115
49,4761550,594124
49,5157598,596269
49,5552372,598330
49,5952154,600873
49,6345417,603607
49,6761276,606286
49,7158087,608011
49,7559090,609784
49,7949868,611966
49,8345320,613532
49,8751637,615077
49,9164011,616500
49,9565971,617712
49,9974598,618904
49,10345538,619994
49,10744359,620789
49,11138968,621650
49,11511791,622184
49,11911258,622466
49,12285865,622616
49,12675424,622843
49,13095700,623217
49,13471267,623342
49,13870170,623550
49,14258995,623642
49,14653450,623632
49,15037811,623755
49,15446326,623740
49,15855401,623760
49,16260017,623745
49,16653740,623683
49,17053810,623652
49,17445997,623593
49,17871577,623577
49,18258652,623549
49,18653730,623525
49,19058379,623493
49,19445444,623464
49,19853178,623439
49,20224219,623413
49,20615599,623386
49,20991655,623351
49,21386232,623297
49,21821346,623235
49,22200364,623175
49,22571050,623112
49,22969381,623050
49,23365554,623000
49,23739572,622951
49,24162014,622918
49,24535346,622894
49,24928883,622878
49,25322286,622877
49,25717613,622881
49,26096336,622894
49,26471666,622908
49,26869653,622926
49,27241149,622944
49,27632784,622959
49,28064987,622973
49,28447532,622985
49,28856238,622991
49,29259010,622997
49,29655530,622999
49,30055342,622999
49,30448324,622999
49,30839323,622996
49,31246595,622993
49,31615306,622991
49,31996506,622988
49,32384744,622986
49,32781952,622983
49,33219818,622983
49,33613626,622983
49,34024302,622983
49,34406184,622983
49,34811475,622985
49,35219019,622985
49,35616864,622986
49,35995260,622986
49,36388316,622986
49,36760825,622987
49,37164062,622987
49,37572483,622987
49,37972941,622987
49,38341797,622988
49,38738111,622987
49,39116426,622987
49,39509527,622986
49,39931139,622987
49,40320244,622987
49,40703171,622987
49,41129774,622987
49,41537620,622987
49,41924325,622987
49,42324340,622988
49,42706271,622988
49,43104569,622988
49,43509601,622988
49,43913582,622988
49,44288865,622987
49,44696938,622987
49,45099772,622988
49,45511644,622988
49,45907222,622988
49,46286453,622988
49,46674835,622988
49,47108220,622989
49,47491625,622989
49,47874686,622989
49,48258722,622989
49,48656751,622989
49,49063427,622989
49,49451984,622989
49,49856587,622989
49,50263754,622989
49,50639622,622989
49,51049908,622989
49,51442303,622989
49,51846131,622990
49,52218800,622990
50,738569,583004
50,1142646,583437
50,1539182,584065
50,1954379,584586
50,2372293,585467
50,2769039,586415
50,3140643,587558
50,3543710,588951
50,3956473,590587
50,4374995,592347
50,4771666,594387
50,5175421,596269
50,5558654,598640
50,5956917,601204
50,6353416,603603
50,6726438,606289
50,7142339,607998
50,7526020,609716
50,7892172,611829
50,8296660,613104
50,8664228,614622
50,9079571,616005
50,9435863,617283
50,9831584,618505
50,10232069,619748
50,10602047,620564
50,10974823,621511
50,11373624,622155
50,11766626,622426
50,12141540,622646
50,12542607,622774
50,12932225,623202
50,13332146,623396
50,13725964,623530
50,14121224,623692
50,14498697,623673
50,14890951,623760
50,15269868,623788
50,15667625,623781
50,16077480,623790
50,16434811,623736
50,16807453,623696
50,17213155,623646
50,17599092,623612
50,17973662,623598
50,18330377,623585
50,18726366,623562
50,19122397,623540
50,19520656,623513
50,19916458,623488
50,20332671,623465
50,20727612,623439
50,21120180,623412
50,21477260,623378
50,21869978,623327
50,22230100,623253
50,22621207,623181
50,22994656,623112
50,23352169,623051
50,23724925,622988
50,24078974,622939
50,24445565,622896
50,24829802,622866
50,25241376,622848
50,25622451,622840
50,26017575,622842
50,26371416,622852
50,26745336,622868
50,27118548,622888
50,27502583,622909
50,27872684,622928
50,28269429,622948
50,28667941,622962
50,29058255,622976
50,29457204,622984
50,29849782,622989
50,30231037,622993
50,30634841,622994
50,31000173,622993
50,31416102,622990
50,31818850,622988
50,32216627,622985
50,32579988,622981
50,32974829,622980
50,33351982,622978
50,33744495,622978
50,34120096,622977
50,34474809,622977
50,34827964,622978
50,35193203,622980
50,35580174,622980
50,35950819,622980
50,36311175,622980
50,36724356,622983
50,37078827,622983
50,37434849,622983
50,37830639,622982
50,38228252,622982
50,38621468,622983
50,39014792,622983
50,39374152,622983
50,39747252,622983
50,40142257,622983
50,40545209,622983
50,40931950,622983
50,41333521,622984
50,41726163,622984
50,42119860,622985
50,42496907,622985
50,42870664,622985
50,43267301,622984
50,43645906,622984
50,44040406,622986
50,44456330,622986
50,44871550,622986
50,45267006,622986
50,45665964,622986
50,46055606,622986
50,46432928,622986
50,46828284,622986
50,47242547,622986
50,47623666,622987
50,48018344,622988
50,48414167,622988
50,48808473,622988
50,49228757,622988
50,49624944,622988
50,50015126,622988
50,50392164,622989
50,50786783,622989
50,51214378,622989
50,51622677,622989
50,52039585,622989
50,52435136,622989
50,52831053,622990
50,53232180,622990
50,53622565,622990
50,54016222,622990
50,54373425,622991
50,54747409,622991
50,55141533,622991
50,55522340,622991
50,55910587,622991
50,56277239,622991
50,56646125,622991
50,57041051,622991
50,57454353,622991
50,57849059,622992
51,718063,583002
51,1079383,583438
51,1477427,584065
51,1894109,584583
51,2289336,585341
51,2667993,586419
51,3062112,587559
51,3480697,588959
51,3895505,590592
51,4291787,592355
51,4689593,594133
51,5081871,596281
51,5478959,598652
51,5870386,600882
51,6256417,603613
51,6641809,606033
51,6998478,607655
51,7376344,609521
51,7767087,611523
51,8163066,613255
51,8544022,614596
51,8938304,616182
51,9331036,617364
51,9724148,618473
51,10078603,619543
51,10455929,620438
51,10849163,621241
51,11217592,621922
51,11602459,622254
51,11974617,622514
51,12351283,622619
51,12745470,622917
51,13098522,623232
51,13456365,623340
51,13849499,623542
51,14254635,623605
51,14647691,623631
51,15040076,623733
51,15415830,623713
51,15814131,623737
51,16218841,623710
51,16583531,623656
51,16974680,623629
51,17352494,623569
51,17745029,623554
51,18121989,623529
51,18521153,623506
51,18893777,623470
51,19291118,623447
51,19668856,623412
51,20064471,623376
51,20479089,623321
51,20870552,623274
51,21253328,623208
51,21644137,623152
51,22016225,623100
51,22374818,623042
51,22768103,622997
51,23149996,622958
51,23538615,622927
51,23937729,622911
51,24329021,622903
51,24703647,622904
51,25076506,622911
51,25458964,622924
51,25854435,622940
51,26269463,622956
51,26663631,622972
51,27064260,622983
51,27456111,622993
51,27850236,623000
51,28214223,623005
51,28601573,623006
51,28977091,623010
51,29373837,623009
51,29746034,623007
51,30142133,623005
51,30520310,623002
51,30912262,622999
51,31269935,622997
51,31643114,622995
51,32036976,622994
51,32394692,622993
51,32766897,622993
51,33163815,622993
51,33540151,622993
51,33932177,622993
51,34289449,622994
51,34665060,622994
51,35061086,622995
51,35476691,622995
51,35870003,622995
51,36261891,622995
51,36641689,622995
51,37015379,622995
52,745657,583003
52,1130076,583438
52,1530045,584069
52,1919528,584509
52,2276043,585219
52,2648201,586152
52,3016922,587263
52,3425544,588586
52,3817299,590179
52,4254300,591899
52,4629722,593615
52,5030070,595735
52,5399093,597743
52,5773084,599906
52,6131126,602515
52,6528476,604943
52,6919243,607032
52,7295993,608363
52,7691680,610468
52,8071705,612117
52,8460040,613476
52,8820425,615070
52,9216928,616589
52,9610265,618051
52,10014134,619480
52,10401848,620402
52,10794016,621259
52,11153539,622032
52,11543408,622406
52,11920597,622650
52,12275091,622774
52,12670012,623003
52,13031991,623380
52,13402402,623474
52,13793580,623630
52,14153397,623766
52,14525584,623733
52,14919702,623820
52,15274430,623841
52,15648792,623812
52,16011083,623838
52,16397925,623778
52,16772646,623748
52,17129270,623705
52,17522096,623663
52,17897225,623656
52,18254323,623633
52,18648020,623616
52,19036144,623580
52,19419811,623548
52,19792745,623514
52,20153318,623478
52,20547548,623444
52,20942350,623420
52,21323553,623394
52,21696874,623367
52,22092280,623331
52,22502654,623296
52,22857878,623247
52,23236289,623179
52,23630199,623104
52,24027369,623042
52,24411213,622972
52,24794887,622921
52,25173780,622873
52,25570316,622842
52,25943147,622823
52,26338262,622814
52,26751759,622814
52,27132281,622826
52,27524854,622846
52,27939285,622867
52,28337613,622890
52,28753220,622908
52,29107422,622926
52,29481122,622944
52,29892778,622956
52,30279245,622965
52,30649964,622971
52,31062118,622974
52,31423784,622976
52,31837117,622976
52,32213818,622974
52,32608853,622972
52,33014775,622969
52,33403970,622967
52,33776786,622965
52,34194643,622965
52,34593230,622964
52,35012618,622964
52,35412908,622965
52,35774350,622968
52,36173113,622968
52,36547975,622970
52,36942581,622972
52,37322368,622973
52,37713605,622974
52,38131488,622975
52,38522901,622975
52,38898023,622975
52,39254978,622976
52,39648588,622976
52,40031650,622976
52,40420795,622976
52,40794211,622976
52,41151573,622977
52,41544086,622977
52,41897171,622978
52,42279845,622978
52,42672417,622978
52,43048042,622979
52,43443842,622980
52,43821110,622980
52,44219515,622981
52,44626143,622983
52,44992520,622982
52,45379932,622984
52,45753896,622984
52,46173245,622984
52,46566184,622984
52,46918532,622984
52,47276240,622985
52,47649377,622985
52,48012863,622985
52,48400355,622985
52,48771886,622986
52,49141180,622986
52,49504255,622986
52,49897938,622986
52,50256375,622987
52,50648393,622987
52,51030853,622987
52,51440625,622987
52,51795813,622987
52,52150491,622987
52,52542981,622987
52,52918804,622988
52,53278550,622988
52,53672236,622988
52,54047661,622989
52,54441798,622989
52,54836737,622989
52,55220280,622990
52,55586420,622990
52,55944587,622990
52,56317657,622990
52,56695408,622990
52,57070980,622990
52,57460283,622990
52,57841061,622990
52,58253849,622990
52,58648399,622990
52,59016816,622990
52,59391440,622991
53,716956,583007
53,1077351,583439
53,1471906,584003
53,1827811,584507
53,2223348,585217
53,2605776,586283
53,3014869,587253
53,3367330,588390
53,3723163,589948
53,4139578,591652
53,4556474,593574
53,4956158,595702
53,5349396,597708
53,5745979,600203
53,6158249,602899
53,6537720,605390
53,6913854,607462
53,7291041,609015
53,7661017,611032
53,8040443,612970
53,8437480,614507
53,8851308,616137
53,9244413,617258
53,9643798,618441
53,10036254,619630
53,10434430,620512
53,10829728,621283
53,11200788,621877
53,11584878,622266
53,11974515,622531
53,12385710,622601
53,12745556,622957
53,13137425,623220
53,13512240,623310
53,13871207,623544
53,14262845,623579
53,14639198,623604
53,15033653,623701
53,15386387,623686
53,15765929,623707
53,16159979,623689
53,16512747,623638
53,16872111,623620
53,17244885,623563
53,17641518,623543
53,18036484,623522
53,18435299,623497
53,18828436,623455
53,19221589,623414
53,19607617,623356
53,19991627,623301
53,20365360,623233
53,20725412,623163
53,21141576,623095
53,21533671,623038
53,21937024,622994
53,22325110,622956
53,22723417,622930
53,23138725,622921
53,23490764,622914
53,23848401,622919
53,24264869,622931
53,24670746,622946
53,25038598,622962
53,25434118,622981
53,25828095,622993
53,26200793,623006
53,26588120,623014
53,26975865,623023
53,27369444,623026
53,27745575,623028
53,28139357,623028
53,28535907,623027
53,28915746,623022
53,29287288,623020
53,29685423,623015
53,30098242,623011
53,30506633,623009
53,30870793,623006
53,31263204,623005
53,31624823,623004
53,31994028,623004
53,32387504,623003
53,32745495,623003
53,33148979,623003
53,33535411,623003
53,33937889,623003
53,34324086,623003
53,34704990,623003
53,35097549,623003
53,35472517,623003
53,35869610,623003
53,36242817,623002
53,36635872,623002
53,36992998,623002
53,37342625,623000
53,37725669,622999
53,38139731,623000
53,38532246,622999
53,38935599,622999
53,39323380,622999
53,39722841,622999
53,40118688,622999
53,40490001,622999
53,40847721,622999
53,41240976,622998
53,41603101,623001
53,41992456,623000
53,42365971,622997
53,42742846,622998
53,43139941,623000
53,43536649,622999
53,43912692,622997
53,44288012,622998
53,44688730,622998
53,45055792,622997
53,45451577,622997
53,45849441,622997
53,46223451,622997
53,46642029,622997
53,47033593,622997
53,47387726,622997
53,47744407,622997
53,48137688,622996
53,48513802,622996
53,48870894,622996
53,49256014,622996
53,49643883,622996
53,50036117,622996
53,50432871,622996
54,715700,582994
54,1082212,583354
54,1484941,583940
54,1851370,584441
54,2255444,585223
54,2666009,586298
54,3078482,587267
54,3436107,588585
54,3829627,589966
54,4207223,591668
54,4626675,593597
54,5015184,595454
54,5370500,597728
54,5766506,599892
54,6139469,602189
54,6516086,604646
54,6868036,606967
54,7256186,608393
54,7646076,610555
54,8038360,612432
54,8437216,613680
54,8809969,615261
54,9223914,616681
54,9624122,617976
54,10015817,619181
54,10392563,620211
54,10789724,621016
54,11161101,621771
54,11518819,622276
54,11914464,622509
54,12311844,622655
54,12706153,622960
54,13106027,623335
54,13520248,623452
54,13913909,623641
54,14310567,623689
54,14704509,623721
54,15097899,623803
54,15458646,623783
54,15832093,623797
54,16237170,623777
54,16601282,623718
54,16992190,623684
54,17370030,623625
54,17763413,623608
54,18117469,623594
54,18497713,623577
54,18891102,623549
54,19309411,623524
54,19702704,623496
54,20055549,623473
54,20416203,623444
54,20810017,623420
54,21205052,623387
54,21605937,623343
54,22016200,623279
54,22414746,623221
54,22806115,623147
54,23180922,623087
54,23549791,623027
54,23911584,622964
54,24310503,622921
54,24683664,622882
54,25077278,622860
54,25435650,622846
54,25807730,622844
54,26201859,622850
54,26606687,622864
54,26992407,622883
54,27392021,622905
54,27806610,622923
54,28159259,622942
54,28515231,622956
54,28911412,622969
54,29296141,622979
54,29689306,622985
54,30059819,622989
54,30460071,622991
54,30829984,622992
54,31225080,622990
54,31642413,622987
54,32036539,622985
54,32412575,622981
54,32807278,622980
54,33160808,622978
54,33536964,622978
54,33966523,622976
54,34352195,622977
54,34766123,622978
54,35160182,622979
54,35516799,622980
54,35888751,622980
54,36256931,622981
54,36620755,622982
54,37016487,622982
54,37433092,622983
54,37826196,622983
54,38180972,622983
54,38557806,622983
54,38951426,622982
54,39313884,622982
54,39703198,622982
54,40099432,622982
54,40496761,622983
54,40890186,622983
54,41275266,622983
54,41660538,622984
54,42038437,622984
54,42475347,622985
54,42871255,622985
54,43275533,622985
54,43662878,622985
54,44037146,622985
54,44435734,622985
54,44805562,622985
54,45158725,622985
54,45518545,622986
54,45913276,622986
54,46310139,622986
54,46705581,622986
54,47096376,622987
54,47476581,622987
54,47880075,622987
54,48275199,622987
54,48661782,622987
54,49034718,622988
54,49412184,622988
54,49806676,622988
54,50159472,622988
54,50536703,622988
54,50909965,622989
54,51296413,622989
54,51683974,622989
54,52055820,622989
54,52411926,622989
54,52808726,622989
54,53200496,622989
54,53601099,622989
54,54017027,622989
54,54433745,622989
54,54828870,622989
54,55221716,622989
54,55619658,622989
54,56015097,622989
55,759246,583002
55,1141381,583439
55,1516865,584007
55,1889763,584510
55,2283496,585218
55,2641350,586149
55,3012568,587115
55,3382635,588392
55,3787962,589955
55,4180559,591447
55,4539654,593077
55,4932378,595176
55,5328100,597423
55,5730933,599890
55,6140224,602554
55,6538417,605391
55,6933439,607245
55,7305634,608703
55,7662125,610666
55,8054440,612652
55,8434465,614164
55,8829928,615577
55,9200555,616773
55,9558122,617939
55,9952777,619100
55,10330477,620001
55,10704344,620896
55,11103455,621723
55,11495556,622145
55,11868401,622460
55,12263531,622600
55,12641108,622819
55,13034603,623192
55,13398848,623316
55,13765820,623502
55,14159778,623628
55,14515610,623607
55,14889021,623697
55,15241714,623747
55,15617786,623728
55,15990822,623751
55,16398964,623694
55,16787462,623659
55,17181408,623612
55,17536142,623570
55,17929449,623551
55,18305193,623531
55,18666112,623507
55,19036028,623476
55,19447298,623452
55,19806565,623423
55,20158958,623391
55,20516208,623344
55,20909444,623297
55,21282492,623243
55,21640031,623180
55,22033078,623122
55,22421517,623064
55,22811581,623013
55,23181973,622969
55,23600793,622932
55,23993927,622909
55,24399395,622898
55,24796745,622896
55,25159186,622897
55,25538290,622911
55,25929617,622924
55,26285997,622940
55,26663228,622957
55,27056973,622971
55,27434104,622983
55,27850047,622993
55,28242752,623000
55,28620427,623005
55,29015638,623007
55,29433278,623008
55,29829121,623006
55,30202391,623005
55,30603646,623001
55,31014793,622998
55,31418748,622996
55,31786307,622992
55,32178851,622991
55,32535543,622990
55,32930327,622989
55,33303683,622989
55,33660161,622989
55,34034669,622989
55,34403319,622990
55,34786513,622992
55,35159836,622992
55,35536320,622992
55,35929113,622992
55,36284616,622993
55,36642276,622993
55,37037603,622993
56,720626,583002
56,1080840,583353
56,1432099,583942
56,1784942,584375
56,2151030,584990
56,2517860,585886
56,2857009,586846
56,3244961,588058
56,3627562,589356
56,3980665,590814
56,4358815,592593
56,4754239,594392
56,5127601,596278
56,5477985,598642
56,5883485,600877
56,6236966,603238
56,6609460,605937
56,7007095,607458
56,7351964,608930
56,7727216,610799
56,8088991,612177
56,8442205,613509
56,8819227,615071
56,9180817,616559
56,9554635,617801
56,9953767,619259
56,10346027,620216
56,10695864,621078
56,11050726,621836
56,11430162,622327
56,11825084,622609
56,12228094,622738
56,12617369,622985
56,12993535,623371
56,13366696,623466
56,13760300,623616
56,14139127,623762
56,14533793,623736
56,14909959,623837
56,15313359,623835
56,15685695,623818
56,16087436,623820
56,16497183,623748
56,16908271,623723
56,17310254,623667
56,17728457,623653
56,18123003,623638
56,18491646,623620
56,18898646,623591
56,19291220,623557
56,19665532,623524
56,20041932,623489
56,20434244,623451
56,20864772,623423
56,21247716,623397
56,21621404,623364
56,22023627,623332
56,22388050,623284
56,22782695,623222
56,23187360,623159
56,23562582,623083
56,23960382,623021
56,24341638,622954
56,24919098,622878
56,25484809,622837
56,26033245,622820
56,26564518,622820
56,27104522,622841
56,27664959,622870
56,28252898,622899
56,28734456,622923
56,29160399,622941
56,29564660,622955
56,30084701,622970
56,30621237,622974
56,31168618,622980
56,31704680,622978
56,32252164,622974
56,32789212,622972
56,33258964,622969
56,33652680,622966
56,34165689,622967
56,34719576,622967
56,35255664,622967
56,35827384,622971
56,36429925,622971
56,37005179,622973
56,37548157,622974
56,38072032,622975
56,38575908,622977
56,39051805,622977
56,39461376,622976
56,39971354,622977
56,40479080,622977
56,40957495,622978
56,41437455,622978
56,41910330,622978
56,42347493,622978
56,42735818,622979
56,43102080,622980
56,43453267,622980
56,43888902,622980
56,44338112,622980
56,44801648,622981
56,45243548,622981
56,45679125,622982
56,46083010,622982
56,46426134,622983
56,46777423,622983
56,47133985,622984
56,47487539,622984
56,47839976,622984
56,48203539,622984
56,48535581,622984
56,48890434,622985
56,49236369,622985
56,49588590,622985
56,49909772,622985
56,50256471,622985
56,50614875,622985
56,50970596,622985
56,51321488,622985
56,51652693,622985
56,52006977,622986
56,52335182,622986
56,52650046,622987
56,52962181,622987
56,53270362,622987
56,53583918,622987
56,53918712,622987
56,54251774,622988
56,54609297,622989
56,54928258,622989
56,55254846,622989
56,55588668,622989
56,55928055,622989
56,56251813,622988
56,56603138,622988
56,56920574,622988
56,57228900,622988
56,57562391,622988
56,57883927,622988
56,58230395,622988
56,58546520,622988
56,58916108,622988
56,59254313,622990
57,738642,583004
57,1118191,583439
57,1541727,584071
57,1930836,584509
57,2303381,585216
57,2682831,586287
57,3074461,587258
57,3427747,588389
57,3784169,589952
57,4199085,591439
57,4578162,593319
57,4970692,595432
57,5364978,597409
57,5743375,599876
57,6136748,602202
57,6502911,604689
57,6866621,607040
57,7240115,608507
57,7617669,610434
57,8015201,612535
57,8388290,614095
57,8807420,615717
57,9201615,616957
57,9582156,618104
57,9974134,619346
57,10385753,620180
57,10741117,621054
57,11138145,621731
57,11520739,622176
57,11909019,622440
57,12282303,622575
57,12637937,622790
57,13033145,623147
57,13408014,623266
57,13762196,623461
57,14157439,623589
57,14539070,623577
57,14927084,623681
57,15303292,623712
57,15663833,623702
57,16078549,623714
57,16498787,623649
57,16890972,623620
57,17284262,623567
57,17682327,623538
57,18073514,623520
57,18428145,623496
57,18785929,623461
57,19177135,623425
57,19558048,623374
57,19950922,623323
57,20324205,623252
57,20744455,623184
57,21141724,623119
57,21563823,623058
57,21954192,623013
57,22321582,622974
57,22681438,622944
57,23075083,622928
57,23470527,622917
57,23869624,622916
57,24262273,622926
57,24659753,622939
57,25031366,622954
57,25385240,622969
57,25753654,622985
57,26115721,622998
57,26522731,623010
57,26912614,623018
57,27284905,623024
57,27682661,623025
57,28077556,623027
57,28454586,623027
57,28827248,623024
57,29222404,623020
57,29640001,623018
57,30035267,623014
57,30422995,623011
57,30804937,623006
57,31181963,623005
57,31579376,623003
57,31954691,623001
57,32351661,623000
57,32765064,623000
57,33160272,623000
57,33538401,623000
57,33930377,623000
57,34302246,623000
57,34660517,623001
57,35052856,623001
57,35406731,623000
57,35784031,623000
57,36177071,623000
57,36539243,623000
57,36905672,622999
57,37259848,622999
57,37619222,622999
57,37991159,622999
57,38385497,622998
57,38761051,622997
57,39114572,622998
57,39522201,622998
57,39931875,622997
57,40325137,622997
57,40702628,622997
57,41100838,622997
57,41551221,622996
57,41932454,622996
57,42326759,622996
57,42706654,622996
57,43100499,622996
57,43520892,622996
57,43909784,622996
57,44279611,622996
57,44640025,622996
57,45031830,622996
57,45415735,622995
57,45806805,622995
57,46176556,622995
57,46538728,622995
57,46947571,622996
58,713244,582993
58,1077410,583353
58,1474812,583944
58,1887271,584513
58,2328501,585349
58,2725108,586432
58,3116964,587566
58,3535462,588956
58,3928977,590595
58,4323290,592114
58,4723253,594116
58,5115880,596270
58,5512239,598323
58,5888514,600852
58,6285102,603566
58,6677765,605932
58,7050496,607519
58,7438370,609351
58,7826362,611510
58,8218041,612825
58,8576363,614155
58,8947363,615618
58,9301541,616815
58,9679147,618173
58,10072141,619370
58,10440451,620251
58,10802495,621200
58,11196801,621919
58,11666212,622409
58,12174120,622669
58,12672224,622988
58,13194196,623405
58,13720237,623562
58,14216177,623716
58,14737853,623752
58,15157326,623822
58,15563287,623791
58,16021118,623805
58,16464576,623736
58,16852657,623701
58,17241283,623645
58,17733347,623622
58,18176253,623603
58,18666869,623577
58,19093788,623552
58,19524871,623523
58,20010789,623489
58,20468139,623456
58,20880074,623434
58,21244612,623405
58,21641466,623365
58,22017572,623301
58,22423097,623229
58,22822919,623160
58,23174905,623092
58,23552769,623022
58,23943907,622962
58,24320919,622918
58,24701148,622876
58,25078150,622850
58,25473895,622837
58,25843620,622834
58,26219810,622838
58,26616282,622856
58,27011468,622871
58,27405818,622893
58,27802130,622917
58,28203424,622938
58,28595933,622952
58,28965738,622965
58,29320224,622975
58,29675486,622983
58,30047206,622989
58,30456349,622991
58,30848343,622991
58,31216411,622991
58,31576465,622988
58,31951883,622985
58,32344757,622983
58,32742053,622980
58,33114888,622977
58,33472113,622977
58,33865109,622976
58,34237353,622975
58,34593376,622975
58,34965513,622976
58,35319002,622976
58,35680231,622979
58,36074071,622979
58,36455805,622980
58,36843016,622981
58,37214715,622981
58,37574601,622983
58,37968471,622983
58,38318766,622983
58,38697850,622983
58,39113415,622983
58,39472240,622983
58,39862904,622982
58,40214658,622982
58,40590902,622982
58,40944915,622982
58,41318255,622982
58,41680970,622983
58,42074272,622985
58,42470068,622985
58,42843536,622984
58,43197608,622984
58,43552614,622984
58,43923191,622984
58,44319007,622984
58,44678338,622984
58,45053282,622984
58,45456967,622985
58,45846461,622985
58,46219150,622985
58,46574616,622985
58,46947836,622985
58,47299291,622985
58,47678291,622985
58,48072528,622985
58,48442928,622986
58,48823969,622986
58,49215426,622986
58,49596347,622986
58,49968618,622985
58,50322706,622986
58,50678200,622987
58,51072201,622987
58,51457063,622986
58,51853201,622986
58,52219429,622987
58,52614637,622987
58,52985827,622987
58,53342841,622987
58,53699471,622987
58,54113415,622988
58,54469061,622988
58,54821607,622988
58,55171917,622988
58,55553910,622988
58,55948774,622988
58,56344157,622988
58,56721318,622988
58,57112001,622989
58,57492370,622989
58,57886415,622989
58,58261434,622989
58,58663649,622989
58,59074199,622990
58,59473290,622991
58,59845695,622990
58,60236478,622990
58,60615417,622990
58,61010096,622990
58,61361442,622990
58,61753897,622990
58,62262274,622990
59,718639,582994
59,1079792,583353
59,1476424,583940
59,1871739,584441
59,2263969,585224
59,2663901,586298
59,3104491,587415
59,3492847,588579
59,3849948,590175
59,4244753,591893
59,4643044,593596
59,5016007,595723
59,5431295,597727
59,5785580,600215
59,6185311,602907
59,6605881,605724
59,6993532,607461
59,7366671,608980
59,7723549,610965
59,8116776,612874
59,8491662,614207
59,8874653,615821
59,9266876,617127
59,9684683,618335
59,10076282,619555
59,10473117,620344
59,10893121,621241
59,11285556,621918
59,11668346,622250
59,12035039,622523
59,12429993,622605
59,12802485,622971
59,13201094,623242
59,13606736,623349
59,13974736,623553
59,14344420,623598
59,14701154,623626
59,15096700,623732
59,15469163,623715
59,15826571,623731
59,16220990,623720
59,16587614,623659
59,16951652,623633
59,17344691,623578
59,17701042,623554
59,18074599,623532
59,18469182,623505
59,18827193,623476
59,19201620,623442
59,19606133,623404
59,19995382,623367
59,20369923,623318
59,20744576,623255
59,21140977,623191
59,21534856,623135
59,21915957,623077
59,22311562,623019
59,22721703,622981
59,23095635,622950
59,23453253,622925
59,23848586,622913
59,24222942,622909
59,24622585,622913
59,24992159,622922
59,25346081,622935
59,25705281,622951
59,26095824,622965
59,26471472,622979
59,26829291,622990
59,27242650,623001
59,27640871,623007
59,28012646,623012
59,28366003,623014
59,28723471,623014
59,29115293,623015
59,29469490,623013
59,29845737,623009
59,30201632,623007
59,30608532,623004
59,30978454,623000
59,31368052,622998
59,31769827,622997
59,32159384,622996
59,32513879,622995
59,32912287,622995
59,33286702,622995
59,33687262,622996
59,34097917,622996
59,34492477,622996
59,34870198,622998
59,35276455,622998
59,35643061,622998
59,36035667,622998
59,36412383,622998
59,36825865,622997
59,37224316,622997
59,37619093,622996
59,37994101,622996
59,38386904,622995
59,38744117,622995
59,39118972,622994
59,39514296,622994
59,39888603,622994
59,40284131,622995
59,40641318,622995
59,41014658,622995
59,41409603,622995
59,41788188,622995
59,42186930,622995
59,42609127,622995
59,43015748,622995
59,43408576,622995
60,698408,582995
60,1042293,583273
60,1434601,583943
60,1788859,584373
60,2141244,584985
60,2516975,585891
60,2870151,586847
60,3236424,587886
60,3606069,589361
60,3999967,590819
60,4354063,592354
60,4733780,594128
60,5087929,596281
60,5484498,598333
60,5837427,600533
60,6228536,603185
60,6609866,605535
60,6963457,607119
60,7342782,608766
60,7732421,610648
60,8112868,612236
60,8513719,613922
60,8907324,615492
60,9288557,616968
60,9678171,618287
60,10059219,619664
60,10450115,620683
60,10843957,621500
60,11231624,622100
60,11596387,622495
60,11991377,622712
60,12388330,622796
60,12761006,623187
60,13157790,623468
60,13537032,623546
60,13928525,623746
60,14311702,623782
60,14700217,623795
60,15115105,623866
60,15534619,623821
60,15928830,623842
60,16336578,623783
60,16744995,623755
60,17115715,623713
60,17520837,623677
60,17889865,623661
60,18286937,623638
60,18660444,623610
60,19055278,623573
60,19436707,623538
60,19898056,623496
60,20348588,623457
60,20759607,623429
60,21160961,623406
60,21538841,623379
60,21933912,623350
60,22350649,623314
60,22745425,623271
60,23115856,623210
60,23518061,623137
60,23932602,623065
60,24333075,623001
60,24700585,622936
60,25116355,622884
60,25513724,622844
60,25932213,622820
60,26330497,622810
60,26699199,622807
60,27094933,622818
60,27493291,622831
60,27865431,622855
60,28292310,622876
60,28683614,622899
60,29067839,622919
60,29474837,622938
60,29866535,622953
60,30273232,622964
60,30643148,622970
60,31034313,622973
60,31474634,622976
60,31866477,622977
60,32268018,622973
60,32637364,622972
60,33028829,622969
60,33403336,622967
60,33802666,622964
60,34212368,622964
60,34572943,622964
60,34966541,622964
60,35346780,622964
60,35738574,622965
60,36113706,622967
60,36471669,622968
60,36863687,622969
60,37247718,622971
60,37635620,622971
60,38029310,622973
60,38407700,622973
60,38779176,622973
60,39134467,622975
60,39497333,622976
60,39883940,622975
60,40278615,622976
60,40663333,622977
60,41060162,622977
60,41459155,622977
60,41847244,622977
60,42257011,622978
60,42624099,622979
60,43044934,622979
60,43458587,622979
60,43847669,622980
60,44251651,622980
60,44637888,622980
60,45032262,622980
60,45430368,622981
60,45829382,622982
60,46198705,622983
60,46616604,622983
60,47012401,622983
60,47388078,622983
60,47785063,622984
60,48177550,622984
60,48557893,622984
60,48954237,622985
60,49366313,622985
60,49740053,622986
60,50137310,622986
60,50540328,622986
60,50911027,622987
60,51328717,622987
60,51718624,622987
60,52095553,622987
60,52496002,622988
60,52909628,622988
60,53307653,622988
60,53684617,622988
60,54074306,622988
60,54494519,622989
60,54886301,622989
60,55271848,622989
60,55658600,622990
60,56032966,622990
60,56452108,622990
60,56844035,622990
60,57252628,622991
60,57638917,622991
60,58031620,622991
60,58451749,622991
60,58844384,622991
60,59264766,622991
60,59664915,622992
61,711316,583003
61,1077139,583441
61,1471026,584010
61,1852255,584507
61,2241808,585215
61,2615001,586288
61,3012860,587400
61,3414674,588564
61,3831061,590157
61,4235362,592098
61,4811202,595154
61,5375741,597995
61,5878506,601171
61,6370531,604313
61,6844416,607245
61,7313974,609260
61,7716073,611286
61,8135410,613348
61,8532433,614908
61,9011521,616680
61,9499103,618149
61,9975350,619525
61,10458216,620543
61,10915205,621508
61,11312957,622078
61,11715941,622395
61,12195276,622586
61,12625687,622853
61,13030125,623180
61,13421969,623297
61,13829425,623513
61,14220073,623572
61,14613344,623587
61,15010003,623698
61,15405539,623683
61,15808327,623707
61,16176878,623679
61,16568831,623637
61,16923695,623617
61,17297038,623569
61,17671452,623549
61,18077909,623521
61,18468838,623493
61,18846171,623447
61,19237619,623400
61,19612945,623333
61,20009701,623262
61,20405200,623185
61,20832017,623126
61,21214834,623062
61,21591864,623013
61,21970186,622970
61,22362561,622938
61,22756360,622921
61,23139804,622914
61,23504231,622913
61,23865857,622921
61,24257500,622934
61,24607804,622951
61,24968947,622966
61,25340861,622981
61,25691195,622996
61,26051026,623008
61,26443364,623019
61,26825199,623025
61,27217979,623028
61,27608661,623028
61,28027861,623030
61,28400870,623027
61,28773303,623022
61,29172955,623019
61,29544486,623016
61,29943512,623012
61,30300829,623010
61,30711948,623006
61,31073624,623005
61,31467787,623005
61,31846836,623003
61,32234825,623002
61,32617319,623002
61,33011709,623002
61,33405123,623003
61,33809462,623003
61,34196551,623003
61,34609311,623003
61,34967461,623003
61,35360265,623003
61,35733012,623003
61,36110826,623002
61,36484247,623002
61,36862096,623002
61,37256814,623001
61,37608670,623000
61,37964742,623000
61,38337252,622999
61,38692027,622999
61,39045987,622999
61,39419641,622999
61,39827205,622999
61,40217642,622999
61,40610006,622999
61,40968128,622999
61,41360888,622998
61,41712213,622998
61,42069761,622998
61,42441713,622997
61,42806508,622997
61,43213158,622997
61,43565894,622997
61,43927759,622997
61,44320779,622997
61,44715850,622997
61,45112277,622995
61,45505924,622995
61,45865080,622996
61,46258624,622996
61,46629087,622995
61,47010742,622995
61,47406046,622995
61,47804970,622995
61,48216719,622995
61,48586659,622995
61,48943390,622995
61,49341145,622995
61,49711634,622995
61,50070859,622995
61,50462461,622995
62,688891,583002
62,1076900,583438
62,1512334,584072
62,1906152,584589
62,2300174,585477
62,2716017,586432
62,3096143,587561
62,3488365,588956
62,3889669,590600
62,4300260,592347
62,4715082,594116
62,5071873,596271
62,5486723,598322
62,5860821,600855
62,6255240,603224
62,6633691,605958
62,7016476,607747
62,7429769,609704
62,7846568,611870
62,8239756,613420
62,8637694,614780
62,9036704,616282
62,9428923,617524
62,9828333,618727
62,10198791,619891
62,10592204,620686
62,10991880,621571
62,11366700,622174
62,11757532,622454
62,12174399,622622
62,12548826,622763
62,12906697,623219
62,13298528,623369
62,13654716,623495
62,14028690,623677
62,14423602,623662
62,14808921,623754
62,15193828,623797
62,15548984,623767
62,15906135,623788
62,16298145,623736
62,16673262,623690
62,17052575,623644
62,17443914,623599
62,17842684,623586
62,18221060,623566
62,18595034,623547
62,18992806,623523
62,19369366,623500
62,19770324,623472
62,20136034,623444
62,20527445,623414
62,20906936,623382
62,21301014,623329
62,21693771,623277
62,22051783,623220
62,22423053,623161
62,22807487,623097
62,23195982,623035
62,23590393,622984
62,23946473,622939
62,24319509,622904
62,24673766,622881
62,25029036,622865
62,25401988,622856
62,25813019,622857
62,26177193,622868
62,26568335,622884
62,26925882,622901
62,27309444,622921
62,27695904,622941
62,28114154,622959
62,28511622,622972
62,28930871,622984
62,29345685,622989
62,29739987,622994
62,30122110,622995
62,30516060,622996
62,30956474,622994
62,31326255,622991
62,31698963,622989
62,32093432,622985
62,32488943,622983
62,32872083,622982
62,33236830,622981
62,33635982,622979
62,34052492,622979
62,34445746,622980
62,34827811,622980
62,35215401,622981
62,35569913,622982
62,35946837,622984
62,36341318,622984
62,36716535,622982
62,37111385,622983
62,37466082,622984
62,37846415,622983
62,38235800,622983
62,38589534,622983
62,38974950,622983
62,39367650,622983
62,39735467,622983
62,40135630,622983
62,40552252,622983
62,40950709,622984
62,41322725,622984
62,41714909,622985
62,42096277,622985
62,42485715,622985
62,42870310,622985
62,43265164,622985
62,43672931,622985
62,44034941,622985
62,44427370,622986
62,44807742,622987
62,45195465,622986
62,45569356,622986
62,45926621,622987
62,46320198,622987
62,46693606,622987
62,47050717,622987
62,47445316,622987
62,47826021,622987
62,48215481,622987
62,48589767,622987
62,48946336,622986
62,49340583,622986
62,49714486,622986
62,50073790,622987
62,50466268,622987
62,50858895,622987
62,51262814,622987
62,51655965,622988
62,52043219,622988
62,52432070,622988
62,52850418,622988
62,53239665,622988
62,53618758,622988
62,54011906,622988
62,54405402,622988
62,54807907,622988
62,55195810,622988
62,55600291,622988
62,55992293,622990
62,56365564,622989
62,56739484,622989
63,758366,583002
63,1125014,583437
63,1517497,584073
63,1917070,584510
63,2292569,585345
63,2729128,586435
63,3110013,587413
63,3472780,588769
63,3868437,590182
63,4249464,591891
63,4640617,593854
63,5037223,595719
63,5416986,598022
63,5809435,600536
63,6227406,602901
63,6598890,605698
63,6992551,607409
63,7351235,608914
63,7722334,610900
63,8087531,612750
63,8493947,614024
63,8848370,615384
63,9203790,616753
63,9596396,617833
63,9970884,619028
63,10328767,620096
63,10721794,620884
63,11087205,621643
63,11456523,622204
63,11849004,622464
63,12226437,622615
63,12619398,622803
63,12993921,623240
63,13392576,623362
63,13762938,623512
63,14137619,623662
63,14515062,623648
63,14911188,623756
63,15308761,623771
63,15702229,623768
63,16111577,623774
63,16474110,623704
63,16867367,623675
63,17225747,623623
63,17598153,623586
63,17992876,623570
63,18371443,623548
63,18764898,623527
63,19125842,623502
63,19494040,623480
63,19888724,623457
63,20244630,623432
63,20618101,623404
63,20971308,623377
63,21326753,623334
63,21701210,623272
63,22106967,623202
63,22517456,623136
63,22911549,623078
63,23324601,623007
63,23726403,622959
63,24109045,622917
63,24494157,622892
63,24870504,622872
63,25310332,622864
63,25704706,622867
63,26107487,622879
63,26494523,622896
63,26870637,622913
63,27267926,622932
63,27640253,622951
63,28035926,622967
63,28436373,622977
63,28825613,622988
63,29226007,622994
63,29618272,622998
63,29991387,623000
63,30351915,623001
63,30743218,622997
63,31107004,622996
63,31493475,622993
63,31887237,622990
63,32243721,622987
63,32595309,622986
63,32949162,622984
63,33331784,622984
63,33724222,622983
63,34142221,622983
63,34537004,622985
63,34914653,622984
63,35313898,622985
63,35721108,622985
63,36085647,622988
63,36494769,622988
63,36911906,622988
63,37308790,622988
63,37724743,622988
63,38121049,622987
63,38494260,622987
63,38845304,622987
63,39203983,622987
63,39598842,622987
63,39991884,622987
63,40370712,622987
63,40750735,622987
63,41195398,622987
63,41581427,622987
63,41951199,622987
63,42328300,622987
63,42794109,622987
63,43191249,622987
63,43577008,622988
63,43974407,622988
63,44370815,622988
63,44745358,622988
63,45143793,622988
63,45537943,622988
63,45911414,622988
63,46314087,622988
63,46681399,622988
63,47098941,622988
63,47499890,622988
63,47892538,622988
63,48321017,622988
63,48727833,622988
63,49133203,622989
63,49497679,622989
63,49910743,622989
63,50316073,622989
63,50727169,622989
63,51146657,622989
63,51535995,622989
63,51915510,622989
63,52315575,622989
63,52681590,622989
63,53089681,622989
63,53473788,622989
63,53848010,622989
63,54248441,622989
64,715790,583004
64,1076152,583440
64,1476430,584011
64,1847367,584508
64,2250022,585347
64,2640220,586303
64,3035880,587414
64,3435028,588767
64,3846800,590393
64,4251873,592116
64,4659401,593854
64,5037182,595996
64,5436835,598325
64,5823754,600542
64,6214531,603262
64,6596546,605710
64,6969572,607432
64,7328669,609204
64,7720893,611170
64,8075195,612739
64,8451460,614187
64,8845797,615521
64,9230657,616865
64,9617017,617971
64,9969952,619153
64,10348427,620188
64,10741154,620978
64,11094565,621722
64,11492624,622251
64,11888972,622516
64,12286123,622635
64,12684008,622991
64,13095254,623310
64,13452361,623405
64,13825661,623615
64,14231278,623667
64,14639691,623703
64,15032865,623792
64,15410557,623767
64,15812135,623787
64,16231665,623745
64,16645092,623696
64,17034336,623655
64,17411413,623599
64,17803746,623585
64,18161021,623567
64,18542224,623545
64,18933765,623519
64,19349465,623496
64,19743987,623474
64,20136445,623450
64,20512947,623423
64,20888516,623403
64,21249615,623362
64,21637174,623314
64,22011674,623249
64,22367384,623183
64,22742386,623120
64,23095403,623058
64,23451061,622995
64,23844891,622947
64,24208737,622912
64,24596450,622880
64,24969936,622864
64,25329727,622857
64,25723910,622857
64,26118791,622871
64,26515739,622887
64,26909710,622905
64,27287091,622925
64,27682905,622944
64,28095767,622959
64,28452129,622971
64,28823841,622980
64,29209908,622989
64,29595799,622993
64,29948969,622995
64,30332901,622996
64,30701524,622996
64,31073268,622993
64,31453426,622989
64,31847675,622988
64,32249841,622984
64,32638285,622982
64,33011047,622981
64,33369368,622980
64,33740951,622980
64,34093051,622981
64,34452006,622981
64,34845263,622981
64,35229487,622982
64,35638663,622982
64,35999657,622985
64,36393029,622984
64,36762757,622983
64,37116189,622984
64,37471220,622984
64,37823266,622985
64,38210740,622984
64,38601845,622984
64,38993080,622984
64,39368690,622984
64,39765088,622985
64,40139775,622985
64,40537118,622985
64,40912482,622985
64,41309323,622985
64,41723182,622986
64,42117409,622986
64,42495735,622986
64,42899155,622986
64,43269351,622987
64,43660590,622987
64,44039091,622987
64,44434294,622987
64,44846015,622987
64,45207771,622987
64,45594740,622987
64,45969521,622988
64,46325304,622988
64,46697951,622988
64,47116785,622988
64,47474955,622988
64,47868609,622988
64,48269172,622989
64,48638766,622989
64,49035317,622989
64,49429749,622989
64,49824569,622989
64,50229576,622989
64,50639679,622989
64,51042973,622989
64,51442871,622989
64,51825781,622989
64,52233341,622990
64,52616882,622990
64,52993058,622992
64,53389987,622991
65,723909,583003
65,1154891,583442
65,1528383,584012
65,1896630,584509
65,2300736,585346
65,2709798,586301
65,3092224,587415
65,3482979,588770
65,3877645,590182
65,4256881,591890
65,4651357,593593
65,5052500,595721
65,5441455,598016
65,5855131,600536
65,6235644,602906
65,6606674,605382
65,6970509,607415
65,7380972,609201
65,7774620,611200
65,8130921,612788
65,8503309,614082
65,8856254,615441
65,9214652,616785
65,9628864,618020
65,10027854,619189
65,10424290,620206
65,10815076,621112
65,11192038,621805
65,11585806,622271
65,11970270,622511
65,12336060,622614
65,12688752,622841
65,13066059,623255
65,13460415,623354
65,13814436,623525
65,14207320,623647
65,14588635,623645
65,14985147,623754
65,15379928,623753
65,15775484,623762
65,16178509,623758
65,16546084,623691
65,16953024,623664
65,17316596,623602
65,17709415,623582
65,18069029,623559
65,18460513,623537
65,18833890,623510
65,19191648,623481
65,19585930,623456
65,19969944,623429
65,20377690,623406
65,20730629,623381
65,21087490,623345
65,21480777,623295
65,21854885,623241
65,22213598,623172
65,22605572,623117
65,23012008,623053
65,23383083,623003
65,23753022,622953
65,24172347,622916
65,24565687,622893
65,24950663,622878
65,25338557,622873
65,25755633,622878
65,26150329,622890
65,26531699,622907
65,26919767,622926
65,27338397,622944
65,27755399,622961
65,28151358,622973
65,28526845,622984
65,28922798,622990
65,29292870,622996
65,29652979,622999
65,30058338,622999
65,30465993,623000
65,30857447,622997
65,31214426,622995
65,31588392,622992
65,31989639,622989
65,32380932,622988
65,32773961,622985
65,33129876,622985
65,33523771,622985
65,33876904,622984
65,34232713,622984
65,34605532,622985
65,34972277,622985
65,35360646,622986
65,35729718,622987
65,36088695,622987
65,36481959,622988
65,36856395,622988
65,37214702,622988
65,37587800,622988
65,37984667,622988
65,38399492,622988
65,38780778,622988
65,39158874,622988
65,39525431,622988
65,39917659,622988
65,40339793,622988
65,40730652,622988
65,41110498,622988
65,41505057,622988
65,41877208,622988
65,42233585,622988
65,42628172,622988
65,43003729,622988
65,43420411,622988
65,43814624,622988
65,44192659,622988
65,44585224,622988
65,44948528,622988
65,45315022,622988
65,45709271,622988
65,46086510,622988
65,46481684,622988
65,46833795,622988
65,47215534,622989
65,47611305,622989
65,48005567,622989
65,48379462,622989
65,48775404,622989
65,49149766,622990
65,49543802,622989
65,49897350,622989
65,50279284,622989
65,50677084,622989
65,51088007,622989
65,51483827,622989
65,51879464,622989
65,52274849,622990
66,739510,583004
66,1100767,583441
66,1502998,584075
66,1915549,584588
66,2310991,585343
66,2693086,586432
66,3101677,587557
66,3498880,588950
66,3913238,590384
66,4266289,591880
66,4624284,593845
66,5037919,595717
66,5396194,598015
66,5811563,600534
66,6211291,603257
66,6625627,606007
66,7018243,607615
66,7403477,609447
66,7791268,611381
66,8162646,612839
66,8521313,614272
66,8915751,615640
66,9289687,616992
66,9686718,618145
66,10087449,619473
66,10480154,620445
66,10892059,621371
66,11289426,622089
66,11685652,622429
66,12126771,622620
66,12520260,622792
66,12914551,623243
66,13311461,623394
66,13691896,623545
66,14086554,623688
66,14499572,623675
66,14891039,623778
66,15267115,623793
66,15624383,623775
66,15996413,623794
66,16362628,623728
66,16748519,623693
66,17120976,623646
66,17477220,623603
66,17869441,623592
66,18223503,623575
66,18606562,623556
66,18999027,623535
66,19401628,623513
66,19790883,623485
66,20185726,623459
66,20582975,623436
66,20994478,623411
66,21360403,623376
66,21749380,623317
66,22123970,623251
66,22501904,623171
66,22894153,623101
66,23290120,623034
66,23695243,622969
66,24079878,622923
66,24443951,622889
66,24812431,622861
66,25203597,622848
66,25627115,622844
66,26019516,622849
66,26403934,622866
66,26789986,622886
66,27183698,622905
66,27561104,622926
66,27955065,622945
66,28312436,622957
66,28683420,622972
66,29037857,622981
66,29403879,622989
66,29790152,622993
66,30163323,622995
66,30520835,622995
66,30893450,622995
66,31287843,622993
66,31642428,622989
66,32018015,622986
66,32379385,622984
66,32787652,622982
66,33143339,622980
66,33497550,622979
66,33913174,622978
66,34266825,622979
66,34625018,622979
66,35019248,622980
66,35406976,622981
66,35789514,622983
66,36163271,622983
66,36520588,622984
66,36913530,622985
66,37288413,622985
66,37641938,622985
66,37995287,622985
66,38359943,622985
66,38767811,622985
66,39120763,622985
66,39499675,622985
66,39891888,622985
66,40244791,622985
66,40606258,622985
66,40999912,622985
66,41395974,622985
66,41790148,622987
66,42186506,622987
66,42562448,622987
66,42953364,622988
66,43312093,622988
66,43685862,622987
66,44083930,622987
66,44478313,622987
66,44853024,622988
66,45226664,622988
66,45625605,622988
66,45998789,622988
66,46395727,622988
66,46789118,622989
66,47161758,622989
66,47518258,622989
66,47893712,622989
66,48286701,622989
66,48642203,622989
66,48997338,622989
66,49388286,622989
66,49768884,622989
66,50144191,622989
66,50539885,622990
66,50913894,622990
66,51266663,622990
66,51627567,622991
66,52042287,622991
66,52437296,622991
66,52813803,622991
66,53212154,622991
66,53623913,622991
66,54017348,622991
66,54402501,622991
66,54787794,622991
66,55144090,622993
66,55541481,622993
67,714859,583003
67,1079389,583439
67,1494194,584010
67,1858742,584507
67,2271523,585343
67,2662959,586432
67,3082182,587561
67,3495604,588958
67,3913629,590606
67,4312317,592350
67,4723725,594123
67,5080268,596279
67,5489268,598328
67,5857184,600868
67,6248808,603258
67,6642036,606025
67,7038871,607833
67,7435378,609784
67,7858057,611994
67,8225246,613416
67,8598321,614761
67,8957647,616126
67,9330509,617314
67,9730700,618421
67,10103119,619634
67,10497436,620426
67,10893201,621337
67,11264857,621929
67,11619671,622267
67,11996525,622546
67,12392401,622648
67,12790453,623052
67,13207692,623285
67,13581728,623404
67,13978003,623596
67,14371942,623606
67,14767895,623679
67,15162322,623751
67,15560409,623725
67,15932380,623753
67,16330551,623701
67,16706008,623661
67,17115854,623621
67,17475147,623572
67,17875241,623559
67,18269321,623534
67,18662546,623510
67,19060601,623475
67,19453048,623451
67,19819149,623424
67,20184809,623392
67,20576858,623351
67,20954102,623303
67,21348599,623247
67,21701011,623192
67,22060056,623133
67,22452272,623072
67,22840008,623015
67,23226930,622974
67,23599223,622939
67,23955830,622916
67,24327098,622899
67,24680166,622893
67,25062807,622892
67,25454973,622902
67,25855043,622914
67,26227716,622931
67,26620684,622946
67,27019946,622963
67,27394354,622975
67,27768628,622987
67,28161931,622994
67,28557152,623000
67,28948970,623005
67,29333576,623005
67,29703173,623005
67,30061215,623005
67,30459157,623002
67,30837896,622998
67,31226743,622996
67,31598650,622995
67,31954433,622991
67,32371594,622989
67,32765185,622989
67,33167178,622989
67,33558678,622989
67,33954255,622989
67,34369889,622989
67,34723394,622990
67,35084341,622991
67,35489763,622991
67,35882741,622991
67,36310459,622991
67,36711916,622992
68,737947,583002
68,1140342,583440
68,1536422,584077
68,1932737,584512
68,2307140,585346
68,2746709,586440
68,3120112,587413
68,3493966,588766
68,3892131,590185
68,4288086,591892
68,4684021,593860
68,5077632,596006
68,5474100,598334
68,5891727,600878
68,6306682,603603
68,6705213,605969
68,7077416,607704
68,7468925,609284
68,7832460,611146
68,8199343,612459
68,8552387,613792
68,8908845,615319
68,9260817,616582
68,9623937,617787
68,9993294,619072
68,10385318,620174
68,10765234,621148
68,11158626,621896
68,11510397,622307
68,11892865,622573
68,12285175,622711
68,12648713,622907
68,13016134,623352
68,13408290,623448
68,13785747,623600
68,14180910,623741
68,14532169,623721
68,14890707,623800
68,15283972,623831
68,15664078,623796
68,16031858,623819
68,16394917,623753
68,16784045,623716
68,17136830,623683
68,17510988,623637
68,17870366,623636
68,18262013,623618
68,18646484,623602
68,19032926,623584
68,19407710,623562
68,19763948,623530
68,20114851,623500
68,20490033,623467
68,20888790,623439
68,21240386,623411
68,21625833,623370
68,22017384,623321
68,22411506,623261
68,22808180,623185
68,23181575,623113
68,23577642,623034
68,23977842,622965
68,24364730,622916
68,24741963,622871
68,25139918,622842
68,25539920,622825
68,25911326,622821
68,26307429,622824
68,26684937,622838
68,27086620,622856
68,27473541,622877
68,27870411,622900
68,28263996,622920
68,28623993,622936
68,28991389,622952
68,29385351,622964
68,29743843,622972
68,30117196,622979
68,30509885,622981
68,30889276,622982
68,31282306,622982
68,31643451,622980
68,32010934,622978
68,32363903,622974
68,32768345,622973
68,33141808,622972
68,33534812,622971
68,33891664,622970
68,34286243,622970
68,34683081,622970
68,35077977,622972
68,35473760,622972
68,35891550,622974
68,36288032,622974
68,36684622,622977
68,37077509,622977
68,37472173,622978
68,37889842,622978
68,38283307,622979
68,38664185,622979
68,39075891,622979
68,39427631,622979
68,39806281,622979
68,40182187,622979
68,40576225,622979
68,40988305,622979
68,41370042,622979
68,41743439,622979
68,42137465,622980
68,42490170,622980
68,42865312,622980
68,43263379,622980
68,43628061,622981
68,44035873,622982
68,44432085,622982
68,44917236,622983
68,45416946,622983
68,45940031,622985
68,46382600,622985
68,46806008,622986
68,47152031,622986
68,47505546,622986
68,47879098,622986
68,48224254,622986
68,48561375,622986
68,48930052,622986
68,49282236,622986
68,49646037,622986
68,49991381,622986
68,50366294,622987
68,50724429,622987
68,51083072,622987
68,51437203,622987
68,51802626,622987
68,52167192,622988
68,52517329,622988
68,52872901,622989
68,53225328,622989
68,53583508,622988
68,53959949,622989
68,54312246,622989
68,54728305,622990
68,55070343,622990
68,55417828,622990
68,55794023,622990
68,56174022,622990
68,56548844,622990
68,56925210,622990
68,57278071,622990
69,745817,583003
69,1115848,583438
69,1505305,584009
69,1878335,584435
69,2236090,585213
69,2649738,586293
69,3061024,587256
69,3421364,588388
69,3774155,589754
69,4140490,591445
69,4553649,593326
69,4946203,595451
69,5343720,597724
69,5753042,599888
69,6137394,602555
69,6531148,605045
69,6919704,607259
69,7298623,609007
69,7693433,611001
69,8098760,612919
69,8467959,614464
69,8878748,615889
69,9262408,617196
69,9656583,618398
69,10059270,619463
69,10428415,620375
69,10848059,621271
69,11260099,621928
69,11656410,622294
69,12072427,622544
69,12465229,622654
69,12881578,623067
69,13278689,623246
69,13653868,623394
69,14063627,623579
69,14423889,623575
69,14819058,623653
69,15196238,623720
69,15588297,623700
69,16095754,623713
69,16499456,623646
69,16888479,623622
69,17284380,623567
69,17697676,623544
69,18102057,623521
69,18468630,623495
69,18881137,623457
69,19286319,623426
69,19657172,623381
69,20064336,623330
69,20449866,623270
69,20842843,623206
69,21249344,623140
69,21635820,623079
69,22037862,623030
69,22406086,622982
69,22798384,622952
69,23197732,622930
69,23573132,622916
69,23942051,622914
69,24341208,622917
69,24755268,622933
69,25152559,622944
69,25547977,622962
69,25941966,622978
69,26349599,622991
69,26714007,623003
69,27118978,623011
69,27490739,623015
69,27884026,623020
69,28283353,623020
69,28653331,623021
69,29062450,623019
69,29427471,623015
69,29821540,623012
69,30203120,623010
69,30594927,623005
69,31021400,623003
69,31465957,623000
69,31864763,622998
69,32258596,622998
69,32652413,622998
69,33064983,622998
69,33438510,622998
69,33822942,622998
69,34220103,622998
69,34609295,622999
69,34999518,622999
69,35361469,622998
69,35777197,622998
69,36176290,622998
69,36568284,622997
69,36947862,622997
69,37368127,622997
69,37760558,622997
69,38158117,622996
69,38551054,622995
69,38945764,622995
69,39363766,622995
69,39756049,622995
69,40180083,622995
69,40572780,622995
69,40947652,622995
69,41363966,622995
69,41756129,622995
69,42191866,622995
69,42570680,622995
69,42942932,622995
69,43351372,622994
69,43716362,622994
70,711651,583018
70,1120725,583525
70,1537665,584133
70,1929196,584674
70,2329404,585476
70,2696590,586571
70,3115702,587719
70,3510669,588959
70,3939228,590818
70,4335925,592351
70,4702308,594395
70,5119453,596567
70,5514799,598639
70,5911214,601192
70,6284501,603927
70,6702547,606461
70,7120387,608058
70,7515777,610097
70,7921717,611765
70,8287490,613176
70,8681200,614697
70,9056712,616269
70,9455639,617431
70,9823291,618905
70,10220484,619928
70,10615008,620884
70,11013383,621797
70,11406960,622297
70,11801949,622534
70,12182043,622712
70,12571099,622957
70,12991278,623374
70,13406322,623474
70,13802055,623639
70,14181583,623740
70,14595917,623736
70,14994219,623833
70,15384079,623806
70,15758154,623811
70,16117633,623799
70,16508350,623737
70,16879272,623715
70,17242570,623655
70,17635052,623643
70,18037949,623632
70,18428370,623616
70,18825281,623593
70,19199747,623564
70,19592694,623534
70,19994141,623505
70,20365367,623472
70,20759590,623446
70,21139395,623417
70,21531871,623387
70,21931151,623345
70,22323556,623281
70,22717019,623216
70,23094524,623132
70,23488513,623054
70,23924957,622984
70,24326606,622926
70,24717787,622878
70,25115791,622850
70,25511019,622828
70,25933501,622821
70,26342893,622824
70,26720461,622838
70,27120739,622857
70,27514146,622875
70,27910994,622901
70,28305479,622922
70,28703658,622941
70,29121430,622956
70,29534982,622969
70,29931908,622976
70,30308662,622981
70,30697826,622983
70,31120422,622984
70,31535025,622982
70,31931430,622980
70,32309128,622977
70,32697669,622974
70,33116981,622973
70,33511223,622972
70,33920493,622970
70,34304317,622970
70,34680871,622970
70,35051701,622970
70,35424643,622972
70,35781435,622972
70,36177438,622974
70,36554443,622975
70,36960933,622975
70,37328577,622976
70,37720775,622976
70,38120465,622977
70,38512614,622977
70,38911474,622977
70,39302546,622977
70,39712141,622977
70,40081489,622978
70,40491978,622978
70,40894754,622978
70,41265665,622979
70,41658591,622980
70,42058096,622980
70,42433834,622981
70,42800433,622981
70,43201135,622981
70,43613249,622981
70,44012339,622983
70,44407391,622983
70,44779016,622983
70,45159309,622983
70,45550805,622983
70,45931583,622983
70,46327151,622983
70,46715936,622983
70,47118009,622984
70,47509841,622984
70,47932666,622985
70,48327145,622985
70,48721363,622985
70,49117909,622984
70,49513556,622984
70,49909351,622984
70,50324940,622985
70,50718003,622985
70,51119439,622985
70,51514145,622985
70,51909740,622986
70,52334466,622986
70,52719971,622986
70,53136180,622987
70,53528599,622987
70,53932164,622987
70,54321190,622987
70,54717856,622987
70,55113909,622987
70,55507705,622987
70,55919843,622987
70,56301066,622987
70,56695945,622987
70,57095015,622988
70,57466725,622988
70,57857256,622988
70,58241188,622988
70,58614561,622989
70,59019541,622989
70,59387670,622989
70,59780227,622989
70,60158950,622990
70,60552626,622990
70,60958433,622991
70,61326242,622991
70,61720770,622991
70,62122176,622991
71,968701,583048
71,1397122,583617
71,1802907,584192
71,2281043,584977
71,2803677,586293
71,3348569,587875
71,3896469,589755
71,4392346,591880
71,4908446,594380
71,5331300,596555
71,5747917,598941
71,6147023,601531
71,6642430,605049
71,7180331,607664
71,7716083,610427
71,8240102,612935
71,8774360,615076
71,9302868,616929
71,9765866,618230
71,10220279,619458
71,10621106,620368
71,11117056,621456
71,11538229,622028
71,12031067,622425
71,12477174,622573
71,12976951,623008
71,13418964,623241
71,13901064,623456
71,14352677,623587
71,14748456,623586
71,15149210,623705
71,15538558,623701
71,15941464,623712
71,16314269,623704
71,16698395,623643
71,17082059,623621
71,17457884,623563
71,17854279,623540
71,18227911,623516
71,18619791,623492
71,18977769,623461
71,19372604,623422
71,19773111,623375
71,20169569,623320
71,20560576,623261
71,20956657,623195
71,21350924,623131
71,21749634,623072
71,22143287,623025
71,22517516,622986
71,22892504,622951
71,23270001,622933
71,23643811,622921
71,24015421,622917
71,24368164,622920
71,24731790,622933
71,25118717,622943
71,25471555,622958
71,25852371,622974
71,26244124,622986
71,26596839,622998
71,26979563,623007
71,27371814,623014
71,27748069,623019
71,28143243,623020
71,28521209,623020
71,28921930,623020
71,29287287,623018
71,29641952,623012
71,30053380,623010
71,30453666,623006
71,30812623,623005
71,31183579,623002
71,31575678,623001
71,31933007,623000
71,32307543,622999
71,32710290,622999
71,33098797,622999
71,33471312,622998
71,33830002,623000
71,34201918,623001
71,34554159,623000
71,34964055,623000
71,35349812,623000
71,35732115,623000
71,36117718,622999
71,36492926,622999
71,36850195,622998
71,37247818,622997
71,37623459,622997
71,38019466,622997
71,38397681,622997
71,38790826,622997
71,39200916,622997
71,39560226,622997
71,39956423,622997
71,40329318,622996
71,40694344,622996
71,41062125,622996
71,41450535,622996
71,41810892,622996
71,42181940,622996
71,42554518,622996
71,42955571,622996
71,43349711,622996
71,43710075,622996
71,44081369,622996
71,44476345,622996
71,44830449,622995
71,45207243,622994
71,45598059,622994
71,45955468,622994
71,46325181,622993
71,46688519,622993
71,47097439,622993
71,47449287,622993
71,47809759,622993
71,48205370,622993
71,48578987,622992
71,48956252,622993
71,49350316,622993
71,49713545,622993
71,50122919,622994
72,731686,583003
72,1139370,583438
72,1532942,584071
72,1953051,584588
72,2350469,585344
72,2716221,586434
72,3137002,587564
72,3551227,588960
72,3951295,590607
72,4363356,592355
72,4756788,594395
72,5175843,596569
72,5569978,598638
72,5950664,601177
72,6344981,603882
72,6756316,606130
72,7118269,607736
72,7509404,609382
72,7903478,611388
72,8307218,612843
72,8699177,614402
72,9075024,616072
72,9475843,617300
72,9841325,618820
72,10240633,620035
72,10632726,620880
72,11015906,621785
72,11406652,622273
72,11778737,622573
72,12201356,622751
72,12592130,622941
72,13014011,623390
72,13406425,623484
72,13778870,623639
72,14177333,623780
72,14551741,623744
72,14947822,623842
72,15346609,623839
72,15736753,623820
72,16112186,623834
72,16487864,623763
72,16894385,623744
72,17258964,623692
72,17653824,623668
72,18052805,623654
72,18445811,623632
72,18845264,623603
72,19259280,623568
72,19654229,623535
72,20051390,623497
72,20445665,623461
72,20824938,623429
72,21242577,623406
72,21616134,623376
72,22014827,623344
72,22407706,623306
72,22779253,623249
72,23180525,623185
72,23552831,623112
72,23951409,623043
72,24348307,622974
72,24735286,622914
72,25136431,622870
72,25529054,622841
72,25912133,622821
72,26323496,622814
72,26719535,622816
72,27133833,622831
72,27527807,622847
72,27923200,622869
72,28301553,622888
72,28673691,622912
72,29091476,622930
72,29487963,622947
72,29893168,622956
72,30264112,622968
72,30657109,622971
72,31057394,622974
72,31451915,622976
72,31844831,622974
72,32260559,622972
72,32653069,622971
72,33067414,622968
72,33469426,622966
72,33874989,622965
72,34259501,622965
72,34652883,622965
72,35053986,622965
72,35447278,622968
72,35844974,622969
72,36216985,622971
72,36611604,622971
72,37009898,622973
72,37382842,622974
72,37778675,622974
72,38153622,622974
72,38549553,622976
72,38966988,622976
72,39360086,622976
72,39756160,622976
72,40161061,622976
72,40550444,622977
72,40951549,622978
72,41348653,622978
72,41720048,622979
72,42137532,622979
72,42530869,622980
72,42913113,622981
72,43303816,622982
72,43677602,622982
72,44077010,622983
72,44452492,622983
72,44840912,622983
72,45261563,622984
72,45653503,622985
72,46053843,622984
72,46445685,622984
72,46844851,622985
72,47258169,622985
72,47652468,622985
72,48051151,622986
72,48444737,622986
72,48843419,622986
72,49217394,622986
72,49610263,622987
72,49987338,622987
72,50381666,622987
72,50776431,622987
72,51163118,622988
72,51555484,622988
72,51950978,622989
72,52328942,622989
72,52697956,622989
72,53098874,622989
72,53488781,622989
72,53875639,622989
72,54271017,622989
72,54634523,622989
72,55056612,622989
72,55447483,622989
72,55843950,622989
72,56217690,622991
72,56632803,622991
72,57031926,622991
72,57405063,622991
72,57809335,622991
72,58202400,622993
72,58570671,622991
72,58970883,622992
72,59361153,622994
72,59736588,622993
72,60111852,622993
72,60508682,622993
72,60890913,622993
72,61278299,622993
73,737478,583002
73,1119548,583355
73,1496975,584008
73,1889711,584504
73,2284739,585213
73,2661438,586287
73,3077040,587400
73,3485203,588567
73,3854075,590163
73,4247555,591653
73,4644872,593574
73,5016898,595703
73,5446239,598007
73,5855871,600522
73,6247471,603249
73,6665728,606019
73,7061186,607649
73,7459230,609550
73,7834821,611572
73,8201741,613346
73,8603707,614891
73,9016332,616493
73,9431713,617673
73,9810005,618761
73,10182397,619763
73,10583001,620630
73,10957560,621493
73,11380489,622066
73,11786566,622388
73,12161376,622565
73,12557545,622697
73,12951335,623116
73,13382795,623267
73,13767474,623432
73,14161833,623589
73,14559577,623569
73,14952615,623687
73,15352826,623693
73,15770338,623704
73,16163671,623699
73,16583746,623638
73,16957377,623613
73,17362825,623555
73,17765728,623538
73,18182251,623512
73,18588008,623489
73,18958410,623444
73,19351899,623398
73,19767855,623335
73,20170679,623278
73,20543723,623200
73,20934749,623143
73,21305672,623075
73,21705044,623022
73,22102420,622981
73,22494434,622946
73,22889966,622925
73,23283695,622915
73,23663459,622915
73,24056330,622922
73,24452930,622936
73,24831083,622953
73,25225644,622968
73,25620712,622987
73,25994857,622997
73,26383166,623011
73,26772471,623017
73,27163584,623024
73,27561828,623027
73,27953326,623028
73,28381559,623026
73,28766894,623023
73,29160654,623020
73,29564309,623017
73,29954444,623012
73,30351740,623010
73,30765427,623006
73,31173752,623005
73,31541024,623004
73,31952378,623002
73,32346508,623002
73,32765134,623003
73,33160501,623003
73,33557010,623002
73,33930776,623002
73,34305882,623002
73,34702711,623002
73,35075477,623003
73,35473268,623002
73,35887955,623001
73,36265542,623001
73,36662870,623001
73,37077499,623000
73,37479874,622999
73,37893915,622999
73,38310257,622999
73,38704416,622999
73,39102481,622999
73,39498751,622998
73,39870909,622998
73,40263739,622997
73,40666744,622996
73,41059253,622996
73,41446219,622996
73,41832244,622997
73,42230359,622997
73,42603680,622997
73,43008570,622997
73,43381981,622997
73,43770707,622996
73,44160550,622996
73,44560279,622996
73,44962205,622996
73,45352941,622995
73,45766875,622995
73,46158939,622995
73,46559135,622995
73,46953350,622995
73,47345355,622995
73,47771934,622993
73,48184920,622993
73,48583243,622994
73,48976560,622994
74,758755,583020
74,1190045,583526
74,1557987,584130
74,1967268,584678
74,2368051,585612
74,2783688,586705
74,3186615,587883
74,3596476,589353
74,4022921,591023
74,4416659,592830
74,4830860,594921
74,5253432,597135
74,5642757,599566
74,6038763,601848
74,6411425,604635
74,6804207,606714
74,7183269,608360
74,7580853,610535
74,8002393,612212
74,8369549,613652
74,8762792,615262
74,9183089,616692
74,9582774,617827
74,9949000,619218
74,10368582,620243
74,10763002,621171
74,11181573,621968
74,11581809,622367
74,11989605,622597
74,12392433,622698
74,12763051,623092
74,13186926,623381
74,13586039,623477
74,13966091,623681
74,14372314,623683
74,14764418,623750
74,15185842,623804
74,15584487,623778
74,15949783,623799
74,16348207,623738
74,16741950,623705
74,17125107,623649
74,17514872,623612
74,17887459,623601
74,18290146,623582
74,18695098,623564
74,19147959,623533
74,19578527,623504
74,19992891,623476
74,20390500,623444
74,20788975,623421
74,21203753,623387
74,21613073,623344
74,21980431,623291
74,22364760,623222
74,22740228,623152
74,23148622,623090
74,23515565,623021
74,23905870,622967
74,24286764,622917
74,24678664,622882
74,25063247,622857
74,25453100,622843
74,25864714,622841
74,26226273,622849
74,26618320,622864
74,26999499,622883
74,27408271,622905
74,27800994,622924
74,28182119,622944
74,28571970,622957
74,28926112,622971
74,29307336,622979
74,29695663,622985
74,30051988,622989
74,30406753,622990
74,30779831,622990
74,31182874,622990
74,31557355,622988
74,31951381,622984
74,32323216,622983
74,32717846,622980
74,33095928,622977
74,33489289,622975
74,33841560,622976
74,34226650,622976
74,34619131,622976
74,35001925,622978
74,35390266,622979
74,35784777,622979
74,36183230,622980
74,36580716,622981
74,36981641,622981
74,37367381,622983
74,37760506,622982
74,38120225,622982
74,38513435,622983
74,38908721,622983
74,39284426,622983
74,39680401,622983
74,40075572,622984
74,40469774,622983
74,40866217,622983
74,41286221,622983
74,41679005,622983
74,42076272,622984
74,42469647,622984
74,42866472,622985
74,43263721,622985
74,43637746,622985
74,44048492,622985
74,44426959,622987
74,44814252,622987
74,45191996,622987
74,45582047,622988
74,46003612,622988
74,46391750,622988
74,46764051,622988
74,47183290,622988
74,47575638,622989
74,47981749,622989
74,48348014,622989
74,48741417,622989
74,49123474,622989
74,49511226,622989
74,49887902,622989
74,50291599,622989
74,50703914,622989
74,51120137,622989
74,51512613,622989
74,51886818,622989
74,52243956,622989
74,52637296,622989
74,53021417,622989
74,53409782,622989
74,53802971,622990
74,54180830,622990
74,54622638,622990
74,55002047,622990
74,55367431,622991
74,55762639,622991
74,56162186,622991
74,56534039,622992
74,56928463,622992
74,57309589,622991
74,57705035,622991
74,58118380,622991
74,58491416,622991
74,58886546,622991
75,716514,583003
75,1122235,583437
75,1540301,584067
75,1934738,584582
75,2328990,585337
75,2754664,586424
75,3137168,587554
75,3538389,588949
75,3927076,590383
75,4296237,592116
75,4705202,594120
75,5118554,596276
75,5534477,598326
75,5886758,600541
75,6254440,603260
75,6640545,605724
75,7012782,607454
75,7374041,609224
75,7762816,611233
75,8136894,612867
75,8493222,614185
75,8867338,615797
75,9275330,617090
75,9657272,618133
75,10034300,619271
75,10401047,620234
75,10784067,621021
75,11161228,621806
75,11558493,622188
75,11952518,622483
75,12347803,622609
75,12739822,622869
75,13093950,623214
75,13473776,623332
75,13865497,623522
75,14228579,623614
75,14637680,623609
75,14989562,623716
75,15348913,623723
75,15745084,623726
75,16138815,623731
75,16515531,623670
75,16889171,623645
75,17286892,623591
75,17657993,623562
75,18009711,623547
75,18366978,623522
75,18722589,623501
75,19093107,623466
75,19492050,623440
75,19866429,623410
75,20227590,623370
75,20615524,623322
75,20970450,623273
75,21345163,623207
75,21740027,623153
75,22092704,623097
75,22474692,623040
75,22870184,622995
75,23256004,622955
75,23640035,622927
75,24035425,622907
75,24432044,622901
75,24826832,622901
75,25231505,622909
75,25619869,622923
75,25993078,622939
75,26348676,622952
75,26721448,622966
75,27097138,622982
75,27472945,622991
75,27846853,623000
75,28232006,623006
75,28615382,623008
75,28966588,623012
75,29346522,623012
75,29719857,623011
75,30093706,623007
75,30471827,623005
75,30864746,623001
75,31227854,622998
75,31635227,622995
75,31988979,622994
75,32346062,622992
75,32728795,622992
75,33114380,622992
75,33476809,622992
75,33868595,622992
75,34263092,622993
75,34642328,622993
75,35030864,622994
75,35434312,622994
75,35825852,622994
75,36176917,622995
75,36555632,622995
75,36953334,622995
76,715390,583003
76,1077414,583438
76,1496653,584071
76,1888979,584591
76,2284912,585349
76,2701045,586436
76,3074607,587567
76,3497270,588967
76,3887856,590610
76,4305962,592360
76,4701020,594137
76,5075252,596292
76,5472761,598650
76,5866901,600876
76,6393742,604611
76,6900243,607244
76,7422914,609426
76,7919672,611802
76,8370147,613279
76,8767858,615074
76,9259406,616932
76,9677515,618417
76,10185602,620003
76,10698219,621224
76,11116189,622012
76,11605563,622489
76,12051883,622710
76,12523843,622930
76,12969541,623376
76,13461914,623505
76,13885036,623716
76,14385400,623744
76,14809074,623809
76,15222342,623842
76,15601759,623810
76,15990139,623835
76,16390826,623764
76,16786710,623735
76,17205189,623683
76,17592566,623657
76,17964040,623648
76,18321607,623627
76,18673572,623614
76,19048533,623577
76,19447982,623544
76,19841034,623511
76,20227788,623475
76,20638449,623439
76,21033292,623412
76,21447770,623381
76,21800679,623355
76,22182207,623313
76,22569287,623268
76,22923492,623211
76,23299408,623135
76,23703061,623059
76,24117329,622988
76,24510518,622933
76,24887072,622884
76,25292772,622853
76,25656484,622828
76,26051313,622819
76,26427780,622817
76,26821728,622826
76,27188081,622842
76,27599158,622863
76,27986437,622883
76,28341873,622902
76,28714042,622920
76,29094586,622940
76,29488876,622953
76,29841261,622963
76,30204558,622970
76,30591442,622978
76,30963686,622979
76,31324540,622980
76,31695235,622980
76,32048270,622978
76,32448487,622974
76,32820413,622973
76,33184016,622971
76,33570195,622969
76,33920535,622969
76,34300983,622968
76,34693242,622968
76,35045403,622969
76,35424829,622970
76,35797238,622971
76,36205327,622973
76,36597917,622975
76,36990603,622976
76,37416043,622977
76,37816883,622977
76,38221370,622978
76,38601845,622978
76,38994754,622978
76,39396842,622979
76,39789810,622979
76,40261923,622980
76,40673177,622980
76,41050769,622980
76,41414265,622981
76,41808329,622981
76,42163158,622981
76,42588614,622981
76,42976819,622983
76,43367579,622983
76,43789436,622983
76,44179977,622983
76,44534226,622984
76,44871293,622984
76,45223667,622985
76,45554396,622985
76,45905964,622985
76,46260931,622986
76,46611732,622986
76,46964469,622986
76,47314224,622986
76,47628686,622986
76,47947236,622986
76,48296708,622986
76,48652784,622986
76,49010632,622986
76,49362059,622987
76,49697660,622987
76,50048966,622987
76,50409460,622988
76,50770148,622988
76,51121504,622988
76,51454266,622988
76,51785291,622989
76,52143049,622989
76,52505332,622989
76,52891579,622989
76,53278373,622990
76,53644535,622990
76,54005373,622990
76,54379612,622990
76,54724427,622990
76,55210080,622991
76,55676106,622991
76,56052589,622991
76,56493822,622991
76,56905296,622991
76,57295391,622991
76,57680738,622991
76,58042200,622991
76,58456785,622991
77,775832,583003
77,1180215,583441
77,1582485,584071
77,1992948,584585
77,2398596,585472
77,2808565,586423
77,3181724,587553
77,3579236,588946
77,3994374,590585
77,4413647,592333
77,4825914,594362
77,5220059,596540
77,5639055,598924
77,6035079,601183
77,6421247,603968
77,6801962,606576
77,7204123,608275
77,7623502,610434
77,8033797,612544
77,8430676,613913
77,8801201,615514
77,9220169,616970
77,9612679,618115
77,10004353,619217
77,10389331,620200
77,10776667,620953
77,11151419,621745
77,11572915,622191
77,11962261,622444
77,12374698,622589
77,12796890,622902
77,13195730,623219
77,13610208,623344
77,14005255,623552
77,14437477,623574
77,14842405,623645
77,15233690,623708
77,15610919,623689
77,16005957,623715
77,16399964,623662
77,16776594,623632
77,17150832,623588
77,17549848,623541
77,17946245,623525
77,18357579,623500
77,18756897,623470
77,19149207,623429
77,19547425,623380
77,19945356,623320
77,20371979,623259
77,20735772,623186
77,21129094,623120
77,21548175,623057
77,21946191,623004
77,22369061,622968
77,22734461,622936
77,23127836,622919
77,23526479,622913
77,23899579,622913
77,24294039,622921
77,24676783,622936
77,25064775,622953
77,25489110,622970
77,25881641,622985
77,26254270,622998
77,26653661,623009
77,27024144,623015
77,27421368,623021
77,27799062,623023
77,28195413,623025
77,28608238,623021
77,29003344,623020
77,29395481,623015
77,29776504,623012
77,30150113,623010
77,30550357,623007
77,30921127,623004
77,31340632,623003
77,31737964,623000
77,32129326,623000
77,32509061,622999
77,32900835,622999
77,33275110,622999
77,33673623,623000
77,34083241,623000
77,34489035,623000
77,34857430,623000
77,35253947,623000
77,35632395,623000
77,36023678,623000
77,36412146,623000
77,36794763,622999
77,37193984,622999
77,37588581,622999
77,37959700,622998
77,38369250,622998
77,38754351,622998
77,39159336,622997
77,39528417,622997
77,39919647,622997
77,40319161,622997
77,40738389,622997
77,41109461,622997
77,41529616,622997
77,41921673,622997
77,42336165,622997
77,42735883,622996
77,43108013,622996
77,43508696,622996
77,43902604,622996
77,44274247,622996
77,44674489,622996
77,45065467,622995
77,45465024,622994
77,45857651,622994
77,46252887,622994
77,46653850,622994
77,47024422,622995
77,47411900,622995
77,47796144,622995
77,48169389,622995
77,48567198,622995
77,48982945,622995
77,49386605,622995
77,49754048,622995
77,50149937,622994
78,714956,583003
78,1117411,583437
78,1539145,584070
78,1930176,584514
78,2308138,585345
78,2703459,586430
78,3116669,587562
78,3537106,588954
78,3929461,590600
78,4325286,592115
78,4722127,594116
78,5115972,596277
78,5535951,598631
78,5929625,601187
78,6380960,603926
78,6765949,606481
78,7158042,608145
78,7557411,609954
78,7929887,611994
78,8323230,613433
78,8744734,614831
78,9138898,616359
78,9517965,617647
78,9911230,618895
78,10283273,620021
78,10682112,620824
78,11059184,621726
78,11456349,622215
78,11825003,622491
78,12220419,622649
78,12596153,622862
78,12992391,623256
78,13376068,623422
78,13762780,623604
78,14179866,623710
78,14636938,623715
78,15056916,623806
78,15463444,623787
78,15870678,623804
78,16267884,623768
78,16648253,623720
78,17040118,623670
78,17451741,623621
78,17870393,623605
78,18266437,623590
78,18642856,623574
78,19039006,623547
78,19436820,623524
78,19813503,623496
78,20179686,623469
78,20587251,623440
78,20997898,623411
78,21403053,623379
78,21770311,623327
78,22159430,623260
78,22559432,623199
78,22950844,623126
78,23360973,623056
78,23744957,622996
78,24117430,622938
78,24535742,622891
78,24929610,622862
78,25327891,622843
78,25745518,622838
78,26136776,622840
78,26537280,622855
78,26929959,622874
78,27323877,622896
78,27749006,622919
78,28141784,622935
78,28516971,622954
78,28910213,622966
78,29282606,622976
78,29685584,622983
78,30074705,622988
78,30474437,622989
78,30869405,622989
78,31286649,622989
78,31682018,622986
78,32059086,622983
78,32453332,622981
78,32886058,622978
78,33284179,622977
78,33679775,622976
78,34075037,622975
78,34472605,622975
78,34866752,622977
78,35283432,622977
78,35680344,622977
78,36073750,622980
78,36497307,622981
78,36887158,622981
78,37263397,622981
78,37665549,622981
78,38039119,622981
78,38436488,622981
78,38812053,622981
78,39182528,622981
78,39597007,622981
78,39976405,622981
78,40378962,622982
78,40744599,622982
78,41116153,622982
78,41518191,622982
78,41932107,622983
78,42361112,622984
78,42743954,622984
78,43137251,622984
78,43517321,622984
78,43909281,622985
78,44282732,622985
78,44681619,622985
78,45073221,622985
78,45471241,622985
78,45865807,622985
78,46281663,622985
78,46680683,622986
78,47056760,622986
78,47462442,622986
78,47828915,622986
78,48218987,622987
78,48622649,622987
78,48995955,622987
78,49396092,622987
78,49768599,622988
78,50161081,622988
78,50537989,622988
78,50930941,622988
78,51307235,622988
78,51725768,622988
78,52116629,622988
78,52517564,622989
78,52887925,622989
78,53283517,622989
78,53685181,622989
78,54080582,622989
78,54471792,622989
78,54865624,622989
78,55241387,622989
78,55638991,622989
78,56012802,622989
78,56541353,622989
78,56951584,622989
78,57394563,622989
78,57790763,622990
79,737165,583003
79,1163097,583438
79,1558513,584069
79,1952444,584589
79,2380368,585476
79,2770565,586565
79,3167617,587559
79,3559775,588954
79,3953238,590603
79,4355068,592353
79,4750809,594123
79,5126856,596280
79,5539339,598632
79,5951666,601196
79,6349215,603619
79,6744712,606318
79,7168034,608046
79,7541310,610085
79,7933010,612003
79,8310038,613634
79,8703832,615010
79,9100463,616531
79,9493698,617695
79,9889704,618989
79,10286346,619923
79,10660304,620809
79,11080996,621656
79,11455814,622103
79,11850105,622421
79,12250635,622593
79,12640926,622760
79,13038605,623179
79,13418346,623303
79,13791901,623491
79,14186978,623611
79,14577686,623596
79,14952162,623708
79,15349471,623720
79,15726642,623723
79,16125235,623722
79,16534721,623669
79,16910319,623641
79,17308285,623580
79,17701624,623557
79,18095388,623533
79,18471822,623512
79,18851421,623478
79,19258324,623446
79,19665352,623408
79,20065242,623374
79,20454692,623317
79,20846649,623257
79,21252601,623200
79,21619468,623135
79,22027876,623083
79,22391706,623025
79,22785183,622979
79,23196307,622948
79,23559819,622923
79,23950938,622911
79,24353566,622906
79,24748648,622913
79,25146602,622922
79,25562056,622939
79,25955859,622951
79,26354960,622970
79,26749212,622983
79,27145479,622995
79,27560452,623003
79,27951733,623010
79,28352930,623011
79,28727891,623013
79,29129830,623013
79,29495619,623011
79,29890204,623009
79,30268906,623005
79,30661109,623003
79,31081770,622999
79,31498347,622998
79,31900028,622996
79,32270539,622995
79,32661613,622994
79,33065279,622995
79,33453013,622995
79,33848604,622995
79,34249508,622995
79,34618316,622995
79,35032833,622995
79,35437749,622996
79,35852553,622996
79,36256699,622996
79,36624317,622996
79,37030777,622995
80,721155,583002
80,1118273,583438
80,1512810,584011
80,1894460,584518
80,2281839,585354
80,2705631,586443
80,3118473,587575
80,3511595,588778
80,3893467,590402
80,4282484,592131
80,4703603,594134
80,5096554,596008
80,5490647,598335
80,5889073,600849
80,6281491,603537
80,6679973,605870
80,7052910,607532
80,7448013,609068
80,7824692,611140
80,8220884,612440
80,8611610,614145
80,8995075,615873
80,9387660,617125
80,9810793,618637
80,10185407,619915
80,10601857,620896
80,10996179,621780
80,11387384,622266
80,11788183,622580
80,12183365,622751
80,12585713,622887
80,12952142,623351
80,13345070,623494
80,13769388,623654
80,14163679,623796
80,14532183,623752
80,14929750,623828
80,15301937,623837
80,15703054,623820
80,16095558,623836
80,16491003,623769
80,16891135,623749
80,17280277,623687
80,17699537,623664
80,18094612,623648
80,18490395,623628
80,18886178,623598
80,19285879,623562
80,19701641,623522
80,20108681,623490
80,20470874,623450
80,20867188,623425
80,21239799,623398
80,21648004,623376
80,22018301,623343
80,22410873,623301
80,22809060,623251
80,23203673,623180
80,23606899,623105
80,23996806,623027
80,24386533,622967
80,24774330,622907
80,25179808,622862
80,25583669,622834
80,25949380,622816
80,26345408,622810
80,26722675,622811
80,27117448,622826
80,27510536,622842
80,27890663,622865
80,28284900,622883
80,28698683,622908
80,29094283,622927
80,29489595,622944
80,29887677,622956
80,30302709,622967
80,30701234,622972
80,31103037,622974
80,31474120,622975
80,31892031,622975
80,32286612,622972
80,32703257,622970
80,33098043,622967
80,33491187,622965
80,33890392,622965
80,34287225,622965
80,34664113,622964
80,35070341,622964
80,35450356,622965
80,35830313,622967
80,36221475,622968
80,36603352,622968
80,37017255,622972
80,37412645,622972
80,37784981,622972
80,38178518,622973
80,38585541,622973
80,38949665,622974
80,39365037,622974
80,39763396,622974
80,40156061,622975
80,40562893,622976
80,40948266,622977
80,41343133,622977
80,41723444,622977
80,42119912,622978
80,42510631,622978
80,42899380,622979
80,43306558,622980
80,43707482,622980
80,44099414,622980
80,44494280,622980
80,44890594,622983
80,45293699,622983
80,45707067,622983
80,46098617,622983
80,46490089,622983
80,46890159,622983
80,47302192,622983
80,47701470,622983
80,48096969,622985
80,48489721,622985
80,48888388,622985
80,49286420,622985
80,49699574,622985
80,50115299,622986
80,50510750,622986
80,50886564,622986
80,51280990,622986
80,51701006,622986
80,52094613,622986
80,52489331,622986
80,52891915,622987
80,53281716,622987
80,53704991,622987
80,54097870,622987
80,54493707,622987
80,54889544,622987
80,55282780,622987
80,55683274,622987
80,56057138,622987
80,56448960,622987
80,56829119,622987
80,57223350,622987
80,57603089,622987
80,57992581,622988
80,58387632,622989
80,58764053,622989
80,59162761,622990
80,59555888,622990
80,59950428,622990
80,60343673,622990
80,60742605,622990
80,61114669,622991
80,61512014,622991
80,61885899,622991
80,62280940,622991
80,62699749,622991
80,63093214,622991
81,739369,583004
81,1137704,583355
81,1498548,584009
81,1890469,584437
81,2248184,585099
81,2641217,586156
81,3014542,587116
81,3372752,588213
81,3764967,589748
81,4153780,591443
81,4565638,593319
81,4956148,595432
81,5374606,597705
81,5790751,600192
81,6187039,602542
81,6566063,605386
81,6959019,607450
81,7397941,609261
81,7794347,611558
81,8188023,613150
81,8587007,614694
81,8977100,616319
81,9374337,617544
81,9768489,618611
81,10152142,619768
81,10541082,620533
81,10932620,621399
81,11311074,622015
81,11704231,622317
81,12062112,622531
81,12432947,622608
81,12788114,622906
81,13150517,623201
81,13539610,623323
81,13914244,623544
81,14289682,623587
81,14683587,623590
81,15057428,623695
81,15461045,623675
81,15870986,623703
81,16229588,623673
81,16624138,623637
81,16998576,623608
81,17395152,623555
81,17769090,623536
81,18167977,623510
81,18559951,623483
81,18959124,623437
81,19351637,623383
81,19768690,623315
81,20179425,623254
81,20541051,623179
81,20935884,623112
81,21339537,623057
81,21705591,623004
81,22111432,622968
81,22498952,622938
81,22869769,622922
81,23248977,622915
81,23641320,622915
81,23995449,622925
81,24373790,622940
81,24766101,622956
81,25150061,622973
81,25538993,622988
81,25914001,623004
81,26315546,623013
81,26685543,623022
81,27085147,623028
81,27457951,623030
81,27851721,623033
81,28248957,623029
81,28642500,623028
81,29015040,623024
81,29395887,623019
81,29788152,623015
81,30149356,623012
81,30539795,623009
81,30912343,623005
81,31268755,623005
81,31652850,623004
81,32038180,623003
81,32392872,623002
81,32766551,623003
81,33131590,623003
81,33540541,623003
81,33932789,623003
81,34291041,623003
81,34663754,623003
81,35057482,623003
81,35455729,623002
81,35850642,623002
81,36247087,623002
81,36642027,623002
81,37038560,623002
81,37413814,623001
81,37789037,623000
81,38185502,623000
81,38559673,623000
81,38958642,623000
81,39373012,623000
81,39766416,623000
81,40150771,623000
81,40537920,622999
81,40891160,622999
81,41272872,622999
81,41682897,622999
81,42130845,622999
81,42500636,622998
81,42895818,622999
81,43301234,622999
81,43668777,622998
81,44058811,622997
81,44457752,622998
81,44850291,622998
81,45228251,622997
81,45623385,622996
81,46016109,622996
81,46374328,622996
81,46747123,622996
81,47111550,622996
81,47498284,622996
81,47869548,622996
81,48227990,622996
81,48624521,622996
81,48999200,622996
81,49397057,622996
81,49769871,622996
81,50187151,622996
81,50584242,622995
81,50996067,622995
82,707538,583020
82,1113977,583525
82,1528830,584135
82,1923387,584596
82,2302280,585481
82,2693639,586572
82,3113745,587728
82,3527356,589152
82,3923085,590603
82,4319678,592352
82,4712737,594383
82,5113559,596559
82,5547306,598938
82,5926332,601182
82,6300093,603934
82,6697526,606491
82,7090819,607946
82,7464475,609994
82,7858565,611855
82,8242656,613392
82,8631527,614737
82,9040927,616251
82,9401965,617519
82,9796420,618733
82,10173811,619899
82,10589987,620806
82,10991366,621583
82,11362541,622185
82,11755621,622456
82,12152341,622623
82,12528456,622824
82,12923064,623226
82,13301232,623393
82,13697377,623586
82,14111145,623695
82,14484642,623666
82,14880699,623775
82,15278534,623776
82,15652734,623779
82,16049387,623782
82,16424576,623724
82,16835162,623692
82,17237091,623618
82,17631390,623591
82,18025719,623569
82,18420622,623558
82,18774736,623540
82,19130322,623517
82,19523771,623496
82,19899899,623472
82,20255768,623439
82,20650681,623409
82,21042797,623378
82,21422833,623336
82,21800244,623274
82,22193416,623207
82,22609021,623149
82,23000287,623083
82,23383958,623019
82,23777978,622968
82,24155233,622919
82,24546932,622890
82,24926197,622867
82,25338145,622852
82,25732959,622851
82,26094612,622857
82,26465184,622871
82,26858006,622887
82,27217172,622906
82,27611562,622926
82,27993160,622945
82,28382063,622961
82,28754138,622971
82,29132253,622982
82,29527255,622990
82,29925296,622990
82,30317677,622993
82,30719898,622993
82,31112148,622992
82,31506728,622988
82,31878373,622988
82,32234987,622984
82,32611156,622981
82,33013168,622978
82,33423437,622978
82,33818599,622977
82,34233769,622977
82,34628856,622978
82,35011026,622979
82,35420339,622980
82,35772715,622981
82,36128574,622983
82,36481930,622984
82,36835948,622984
82,37217361,622984
82,37610608,622985
82,37996329,622985
82,38383485,622984
82,38777720,622984
82,39154658,622984
82,39544511,622984
82,39919446,622984
82,40321498,622984
82,40732399,622984
82,41099536,622985
82,41462102,622985
82,41857069,622985
82,42212801,622986
82,42606596,622987
82,42995352,622987
82,43360285,622987
82,43754066,622988
82,44109929,622988
82,44483115,622988
82,44837468,622988
82,45217844,622988
82,45611050,622988
82,46015629,622988
82,46381817,622988
82,46777467,622989
82,47154641,622989
82,47548244,622989
82,47945626,622989
82,48317064,622989
82,48712185,622989
82,49091982,622989
82,49505147,622989
82,49858670,622989
82,50260342,622990
82,50631409,622990
82,51028040,622990
82,51422762,622990
82,51820469,622991
83,710668,583002
83,1074597,583354
83,1429635,583937
83,1775960,584371
83,2106265,584985
83,2465405,585749
83,2796680,586709
83,3148388,587725
83,3501061,588770
83,3822687,590182
83,4168110,591458
83,4477471,593083
83,4812576,594650
83,5122327,596274
83,5439791,598324
83,5793399,600205
83,6102089,602204
83,6415488,604329
83,6728918,606297
83,7037662,607808
83,7372115,609193
83,7688689,611199
83,8059934,612603
83,8391387,613911
83,8725685,615286
83,9058109,616364
83,9369450,617253
83,9706593,618389
83,10058029,619491
83,10391949,620214
83,10732557,621010
83,11062961,621638
83,11426132,622176
83,11778904,622417
83,12104500,622577
83,12418174,622659
83,12755924,623016
83,13122673,623273
83,13442379,623373
83,13798695,623568
83,14145840,623649
83,14502856,623622
83,14864264,623723
83,15224091,623751
83,15546479,623732
83,15877041,623760
83,16193698,623731
83,16543269,623694
83,16865430,623668
83,17218895,623617
83,17542240,623581
83,17877071,623565
83,18189071,623542
83,18544070,623530
83,18857131,623506
83,19218465,623480
83,19590534,623454
83,19948822,623428
83,20294160,623399
83,20664787,623365
83,21009821,623326
83,21358980,623275
83,21716002,623227
83,22061226,623168
83,22371912,623121
83,22706083,623065
83,23114856,623009
83,23511545,622960
83,23890704,622926
83,24236682,622902
83,24587810,622889
83,24945643,622883
83,25298605,622881
83,25636014,622888
83,25978688,622900
83,26287642,622913
83,26628692,622928
83,27013573,622944
83,27356524,622960
83,27724140,622971
83,28061699,622980
83,28372043,622988
83,28698534,622994
83,29046591,622999
83,29407208,623002
83,29775311,623002
83,30102332,623002
83,30412508,623001
83,30726653,622997
83,31037863,622995
83,31348438,622993
83,31683233,622990
83,31998335,622988
83,32324049,622987
83,32649420,622985
83,32979957,622985
83,33337745,622985
83,33689267,622984
83,34025679,622985
83,34481981,622986
83,34992584,622987
83,35437507,622987
83,35893613,622988
83,36362449,622988
83,36817550,622988
83,37279348,622988
83,37685827,622988
83,38059680,622988
83,38427911,622988
83,38863493,622988
83,39256662,622988
83,39620068,622987
83,40021763,622987
83,40389473,622987
83,40843194,622987
83,41340499,622987
83,41849795,622987
83,42361797,622988
83,42860944,622988
83,43340340,622988
83,43774792,622988
83,44177575,622988
83,44564897,622988
83,44947872,622988
83,45345516,622988
83,45726498,622988
83,46116694,622988
83,46529115,622987
83,46924696,622988
83,47300399,622988
83,47711056,622988
83,48068248,622988
83,48425477,622988
83,48839747,622988
83,49244127,622988
83,49665222,622988
83,50029474,622988
83,50425661,622988
83,50840457,622988
83,51231874,622988
83,51591767,622988
83,51965122,622988
84,836863,583045
84,1326029,583700
84,1917008,584511
84,2394103,585477
84,2901772,586845
84,3326930,588052
84,3850577,589967
84,4247447,591674
84,4709927,593853
84,5117562,595997
84,5518725,598327
84,5912146,600537
84,6261229,602900
84,6621901,605355
84,6973772,607171
84,7331162,608614
84,7707271,610533
84,8060736,612186
84,8412111,613414
84,8764861,614814
84,9117443,616166
84,9474471,617128
84,9816798,618341
84,10164757,619496
84,10522089,620351
84,10879815,621182
84,11254184,621983
84,11629868,622333
84,12004641,622547
84,12394083,622689
84,12777044,622979
84,13150753,623360
84,13552980,623455
84,13908524,623628
84,14261119,623709
84,14642358,623695
84,15031148,623783
84,15397909,623778
84,15789454,623782
84,16161066,623778
84,16557341,623728
84,16931284,623691
84,17327725,623630
84,17728618,623600
84,18113995,623580
84,18513464,623568
84,18868047,623550
84,19242663,623530
84,19642042,623505
84,20035495,623484
84,20445866,623456
84,20824756,623435
84,21175641,623411
84,21536117,623370
84,21942601,623319
84,22307204,623242
84,22709388,623172
84,23088085,623102
84,23460236,623031
84,23836665,622973
84,24203523,622920
84,24606557,622877
84,25021046,622855
84,25440017,622838
84,25834105,622836
84,26235580,622844
84,26604283,622860
84,27022176,622879
84,27401652,622900
84,27782106,622921
84,28137165,622938
84,28491849,622952
84,28875529,622969
84,29284090,622979
84,29682536,622988
84,30078108,622990
84,30455563,622992
84,30856984,622992
84,31221880,622992
84,31582720,622987
84,31984289,622984
84,32348937,622981
84,32744126,622980
84,33137928,622978
84,33511429,622976
84,33870575,622976
84,34251264,622976
84,34648418,622976
84,35020320,622976
84,35421044,622977
84,35791970,622978
84,36187915,622980
84,36582854,622980
84,36947356,622980
84,37301915,622981
84,37666628,622982
84,38063966,622982
84,38441354,622982
84,38808197,622983
84,39208069,622982
84,39605047,622982
84,40021411,622983
84,40423249,622983
84,40829787,622982
84,41211761,622983
84,41604559,622983
84,42008978,622985
84,42381883,622985
84,42753229,622985
84,43142148,622985
84,43542678,622985
84,43929195,622985
84,44279929,622985
84,44647868,622985
84,45041121,622986
84,45460246,622986
84,45852580,622986
84,46260872,622986
84,46659981,622986
84,47044407,622986
84,47423633,622987
84,47804666,622987
84,48159138,622987
84,48540904,622987
84,48940351,622987
84,49312137,622986
84,49700246,622987
84,50054459,622987
84,50412986,622987
84,50782249,622987
84,51134446,622987
84,51492290,622987
84,51865794,622987
84,52238562,622987
84,52615671,622987
84,52989941,622988
84,53397958,622988
84,53795939,622988
84,54181019,622988
84,54558839,622988
84,54930445,622988
84,55283889,622988
84,55640844,622988
84,56034782,622988
84,56432698,622988
84,56826621,622988
84,57176988,622988
84,57531923,622988
84,57886664,622989
84,58244752,622989
85,733526,582993
85,1097276,583353
85,1504316,583941
85,1867405,584436
85,2262359,585219
85,2701430,586295
85,3095064,587411
85,3503420,588578
85,3886968,590179
85,4266828,591893
85,4669741,593591
85,5037928,595715
85,5444283,597714
85,5809625,600199
85,6198895,602549
85,6601467,605386
85,6994294,607439
85,7388096,609221
85,7791293,611230
85,8156691,613059
85,8558073,614393
85,8992038,616188
85,9390616,617393
85,9789896,618495
85,10157565,619684
85,10557664,620582
85,10948577,621376
85,11323808,622007
85,11743023,622349
85,12136611,622560
85,12532530,622679
85,12929834,623098
85,13323180,623290
85,13724744,623435
85,14094618,623614
85,14503841,623585
85,14872098,623675
85,15264283,623719
85,15645525,623706
85,16015337,623730
85,16391070,623674
85,16808880,623644
85,17198631,623596
85,17601992,623551
85,17995518,623533
85,18386962,623506
85,18854248,623480
85,19220242,623446
85,19641098,623413
85,20018195,623378
85,20385389,623325
85,20782635,623271
85,21177804,623208
85,21578168,623141
85,21969896,623090
85,22365156,623032
85,22741598,622983
85,23157816,622949
85,23553670,622926
85,23926695,622910
85,24322897,622907
85,24706816,622910
85,25098563,622923
85,25511244,622936
85,25911624,622954
85,26330592,622971
85,26746623,622985
85,27139823,622995
85,27521616,623006
85,27909590,623012
85,28324123,623016
85,28721828,623018
85,29095832,623018
85,29503754,623013
85,29867165,623012
85,30260997,623007
85,30641730,623005
85,31039230,623002
85,31406649,622999
85,31803333,622997
85,32197822,622996
85,32596706,622994
85,32968904,622994
85,33343700,622994
85,33744473,622994
85,34115917,622995
85,34512880,622995
85,34889528,622996
85,35284681,622996
85,35708360,622997
85,36099263,622997
85,36478801,622996
85,36871339,622996
85,37244759,622996
85,37654114,622995
85,38106341,622995
85,38503137,622994
85,38927010,622994
85,39326966,622995
85,39703337,622995
85,40106376,622995
85,40481091,622995
85,40870453,622995
85,41261270,622994
85,41646149,622994
85,42014008,622994
85,42412239,622993
85,42803590,622993
86,738272,582994
86,1096732,583273
86,1462198,583940
86,1851944,584440
86,2256943,585103
86,2623691,586163
86,3037214,587127
86,3392978,588407
86,3810046,589978
86,4213334,591684
86,4621719,593610
86,5038794,595734
86,5440199,597737
86,5809323,600209
86,6213591,602839
86,6618892,605253
86,6970301,606991
86,7352019,608545
86,7745476,610415
86,8095553,611899
86,8454849,613227
86,8848253,615056
86,9229708,616597
86,9619118,617870
86,9992493,619176
86,10348733,620174
86,10699427,621026
86,11080913,621878
86,11473897,622325
86,11845701,622591
86,12213372,622762
86,12600441,622903
86,12992374,623360
86,13372000,623496
86,13762416,623629
86,14138710,623794
86,14493011,623754
86,14846097,623798
86,15212524,623854
86,15577716,623808
86,15948489,623835
86,16329147,623795
86,16699312,623753
86,17074086,623727
86,17473095,623668
86,17824111,623660
86,18211698,623638
86,18575710,623626
86,18949371,623602
86,19348789,623566
86,19722211,623536
86,20073934,623501
86,20452283,623463
86,20846495,623433
86,21208899,623408
86,21597177,623380
86,21969358,623356
86,22326743,623318
86,22699901,623269
86,23082992,623210
86,23460431,623147
86,23826802,623071
86,24229351,622997
86,24623031,622941
86,24995134,622893
86,25351363,622851
86,25745755,622829
86,26117011,622814
86,26496882,622809
86,26892469,622818
86,27288164,622830
86,27683017,622851
86,28077590,622876
86,28475608,622897
86,28870614,622917
86,29250374,622935
86,29660184,622949
86,30026900,622961
86,30413640,622969
86,30790273,622974
86,31182507,622976
86,31554313,622977
86,31913325,622977
86,32304239,622973
86,32661635,622973
86,33037300,622969
86,33435516,622968
86,33845319,622966
86,34210037,622966
86,34581321,622966
86,34970755,622966
86,35330447,622966
86,35703455,622967
86,36100521,622969
86,36496300,622971
86,36869208,622971
86,37233983,622973
86,37620310,622974
86,37990336,622976
86,38347916,622976
86,38700330,622976
86,39077829,622976
86,39455149,622976
86,39848564,622976
86,40213845,622976
86,40601204,622976
86,40970468,622977
86,41329741,622977
86,41743364,622978
86,42095357,622978
86,42453680,622978
86,42868450,622979
86,43229848,622980
86,43628383,622980
86,43994698,622981
86,44389356,622981
86,44741764,622981
86,45115409,622982
86,45478945,622982
86,45891700,622982
86,46256228,622983
86,46643759,622983
86,47015883,622983
86,47402680,622983
86,47786069,622984
86,48137246,622984
86,48493427,622984
86,48850166,622984
86,49230241,622984
86,49620046,622985
86,49970167,622986
86,50330341,622985
86,50704419,622985
86,51094806,622986
86,51454034,622986
86,51829104,622986
86,52230312,622986
86,52598521,622987
86,52950076,622987
86,53327815,622988
86,53700780,622988
86,54074186,622988
86,54451704,622988
86,54844601,622988
86,55210711,622987
86,55595881,622987
86,55970201,622988
86,56327258,622988
86,56699125,622988
86,57096449,622988
86,57449971,622989
86,57824016,622990
86,58233405,622990
86,58623364,622990
86,58995030,622990
86,59392125,622990
86,59786614,622990
86,60182983,622990
86,60578510,622990
86,60970843,622990
86,61348783,622990
86,61702892,622990
86,62076633,622990
86,62476393,622992
87,740037,583004
87,1140794,583439
87,1543856,584070
87,1955333,584585
87,2351019,585470
87,2767162,586554
87,3181643,587707
87,3584327,589137
87,3973516,590584
87,4371711,592335
87,4766827,594365
87,5203038,596536
87,5585214,598614
87,5952627,601182
87,6358799,603600
87,6726803,606303
87,7139193,608060
87,7539588,610133
87,7943981,612074
87,8321040,613737
87,8685172,615120
87,9057458,616512
87,9432458,617699
87,9828040,618935
87,10227196,619997
87,10640841,620747
87,11036385,621585
87,11433993,622104
87,11827622,622416
87,12227669,622579
87,12640077,622739
87,13035295,623141
87,13434802,623270
87,13829140,623507
87,14228350,623590
87,14640373,623584
87,15035055,623689
87,15433402,623676
87,15827233,623703
87,16227964,623674
87,16640289,623631
87,17035411,623609
87,17441670,623544
87,17811506,623533
87,18181633,623501
87,18583595,623479
87,18976308,623438
87,19375717,623387
87,19768812,623322
87,20163815,623260
87,20542162,623186
87,20937225,623119
87,21337507,623062
87,21706324,623017
87,22085012,622975
87,22479005,622941
87,22893396,622926
87,23294191,622917
87,23684534,622917
87,24055086,622927
87,24433794,622942
87,24828428,622957
87,25221813,622973
87,25619563,622989
87,25992671,623003
87,26372759,623013
87,26766143,623020
87,27138216,623026
87,27535450,623028
87,27931525,623028
87,28350889,623027
87,28752179,623022
87,29139872,623019
87,29543761,623017
87,29917120,623011
87,30324271,623008
87,30727210,623007
87,31143652,623004
87,31542183,623004
87,31936361,623002
87,32332014,623002
87,32742420,623001
87,33141534,623001
87,33540956,623002
87,33935366,623002
87,34332072,623002
87,34707180,623002
87,35080560,623002
87,35479793,623002
87,35849198,623002
87,36255206,623001
87,36619203,623000
87,37013616,623000
87,37435196,622998
87,37827745,622998
87,38222191,622998
87,38619108,622998
87,39013248,622998
87,39441112,622997
87,39832117,622997
87,40209470,622997
87,40622764,622997
87,41017406,622997
87,41437861,622997
87,41828461,622997
87,42221696,622996
87,42619731,622996
87,42992592,622996
87,43375461,622995
87,43788446,622995
87,44181070,622995
87,44563480,622994
87,44951926,622994
87,45352562,622994
87,45745916,622994
87,46139111,622994
87,46539047,622994
87,46932221,622994
87,47318120,622994
87,47684887,622994
87,48076738,622994
87,48479325,622994
88,718916,583003
88,1131723,583439
88,1542909,584073
88,1937132,584512
88,2317561,585345
88,2706399,586428
88,3129447,587561
88,3537531,588764
88,3893970,590384
88,4314784,592115
88,4708317,594116
88,5132260,596270
88,5521194,598324
88,5890441,600531
88,6251018,603224
88,6643731,605645
88,7038223,607549
88,7426662,609142
88,7788219,611122
88,8177932,612860
88,8539210,614150
88,8912256,615532
88,9288624,616904
88,9689275,618212
88,10061675,619380
88,10433073,620256
88,10808430,621043
88,11179038,621862
88,11560431,622287
88,11933165,622519
88,12289208,622639
88,12643632,622832
88,13007353,623263
88,13417469,623402
88,13809722,623580
88,14186336,623680
88,14578066,623657
88,14932196,623755
88,15286938,623775
88,15661277,623763
88,16015259,623786
88,16371751,623736
88,16722909,623708
88,17112228,623653
88,17495781,623598
88,17848432,623581
88,18226010,623556
88,18598145,623544
88,18974030,623521
88,19349371,623502
88,19723140,623477
88,20128310,623450
88,20514912,623423
88,20890633,623398
88,21246890,623364
88,21597232,623317
88,21971913,623254
88,22377730,623187
88,22787732,623131
88,23150507,623065
88,23539855,623010
88,23915107,622954
88,24313691,622916
88,24689708,622884
88,25085301,622866
88,25455170,622857
88,25815977,622856
88,26206718,622865
88,26624095,622881
88,27019477,622899
88,27396588,622919
88,27789549,622937
88,28166722,622955
88,28559642,622968
88,28910399,622978
88,29290453,622988
88,29684905,622992
88,30059089,622996
88,30458534,622996
88,30868408,622996
88,31243650,622993
88,31602045,622990
88,31994797,622988
88,32349728,622987
88,32724751,622983
88,33129142,622982
88,33521206,622982
88,33890625,622982
88,34249264,622982
88,34643638,622982
88,35019539,622982
88,35414879,622983
88,35789985,622985
88,36187288,622986
88,36564013,622985
88,36953080,622986
88,37328629,622987
88,37681014,622987
88,38040201,622987
88,38455471,622987
88,38805089,622987
88,39166160,622987
88,39561238,622986
88,39936512,622986
88,40337399,622987
88,40745509,622987
88,41106740,622987
88,41496424,622987
88,41868043,622988
88,42226894,622988
88,42597885,622988
88,42972404,622988
88,43350059,622988
88,43722040,622989
88,44108349,622989
88,44499591,622989
88,44893660,622989
88,45250104,622989
88,45622094,622989
88,45976445,622989
88,46353431,622989
88,46742935,622989
88,47108451,622989
88,47497245,622989
88,47871707,622989
88,48228960,622989
88,48623516,622989
88,48997077,622989
88,49354301,622989
88,49748936,622989
88,50131144,622990
88,50519505,622990
88,50889957,622990
88,51248926,622990
88,51642089,622990
88,52014595,622990
88,52372634,622990
88,52767077,622990
88,53147839,622990
88,53537431,622990
88,53889074,622990
88,54265988,622990
88,54619704,622990
88,54981578,622991
88,55366161,622991
89,711452,583021
89,1118980,583526
89,1534552,584129
89,1929043,584589
89,2307428,585476
89,2704146,586566
89,3115660,587721
89,3511223,588955
89,3902267,590597
89,4289654,592351
89,4685094,594116
89,5065390,595992
89,5438855,598326
89,5829922,600861
89,6242940,603607
89,6636734,606012
89,7039119,607803
89,7432714,609761
89,7824521,611959
89,8219591,613356
89,8593785,614878
89,8997779,616192
89,9367810,617400
89,9761525,618564
89,10163981,619770
89,10556732,620679
89,10952273,621560
89,11343981,622098
89,11739959,622438
89,12138514,622615
89,12511148,622748
89,12896733,623143
89,13263365,623341
89,13785620,623602
89,14323403,623629
89,14857178,623738
89,15377507,623733
89,15916903,623761
89,16464878,623692
89,16922940,623662
89,17403893,623583
89,17829745,623567
89,18230229,623539
89,18613832,623524
89,18991494,623491
89,19383649,623469
89,19757482,623443
89,20112375,623413
89,20505658,623381
89,20874808,623347
89,21236354,623297
89,21587877,623242
89,21975387,623174
89,22362100,623117
89,22713269,623063
89,23090677,623003
89,23484494,622960
89,23847113,622922
89,24257250,622894
89,24653987,622883
89,25029252,622877
89,25388977,622880
89,25777680,622890
89,26157489,622907
89,26547822,622923
89,26918115,622939
89,27284495,622956
89,27676004,622970
89,28051879,622982
89,28450477,622990
89,28873766,622996
89,29261148,623000
89,29650330,623001
89,30028478,623001
89,30381188,623001
89,30758942,622997
89,31114097,622993
89,31510344,622990
89,31890701,622989
89,32299351,622987
89,32651315,622985
89,33029875,622985
89,33403662,622985
89,33775503,622985
89,34130486,622985
89,34484087,622985
89,34849998,622985
89,35236292,622987
89,35608242,622987
89,35985308,622988
89,36338063,622988
89,36712790,622989
89,37096109,622989
89,37468840,622989
89,37872781,622989
89,38239989,622989
89,38655447,622989
89,39053184,622989
89,39488230,622989
89,39869567,622989
89,40234358,622989
89,40587514,622989
89,40990875,622989
89,41362318,622989
89,41715845,622989
90,734259,583004
90,1119910,583438
90,1534828,584074
90,1932775,584513
90,2308989,585345
90,2703901,586295
90,3099968,587412
90,3473843,588767
90,3892545,590392
90,4308019,592121
90,4700031,593863
90,5078215,596005
90,5476926,598339
90,5891670,600879
90,6286091,603607
90,6680812,605980
90,7057243,607760
90,7452201,609406
90,7834477,611575
90,8234356,612907
90,8597960,614406
90,8994115,615821
90,9366849,616981
90,9721841,618158
90,10077613,619504
90,10472850,620360
90,10854349,621306
90,11242025,621993
90,11597077,622345
90,11973397,622583
90,12367656,622697
90,12741700,622988
90,13099647,623363
90,13493201,623453
90,13868526,623652
90,14285027,623696
90,14679588,623701
90,15054964,623792
90,15450011,623771
90,15816473,623784
90,16180360,623770
90,16574886,623720
90,16930815,623694
90,17303145,623622
90,17698186,623598
90,18060456,623582
90,18431348,623564
90,18840973,623551
90,19211728,623527
90,19602961,623505
90,20066000,623476
90,20513927,623448
90,20927168,623420
90,21345888,623382
90,21748106,623338
90,22118025,623277
90,22469530,623205
90,22842074,623126
90,23264143,623051
90,23674442,622986
90,24046850,622934
90,24426773,622889
90,24838773,622861
90,25207056,622848
90,25531391,622840
90,25874823,622839
90,26201598,622849
90,26536244,622861
90,26900202,622880
90,27245943,622897
90,27570456,622916
90,27926101,622931
90,28239369,622949
90,28589832,622961
90,28908828,622973
90,29257354,622980
90,29615522,622987
90,29991918,622990
90,30348964,622993
90,30694054,622993
90,31027898,622992
90,31365691,622989
90,31701472,622986
90,32067508,622983
90,32429492,622980
90,32776342,622979
90,33134436,622977
90,33463226,622977
90,33805961,622977
90,34160403,622976
90,34517705,622976
90,34862212,622977
90,35254184,622979
90,35603640,622979
90,35945582,622980
90,36279225,622981
90,36615429,622981
90,36947635,622982
90,37302703,622982
90,37655196,622982
90,37994745,622982
90,38326664,622983
90,38680743,622983
90,39038460,622983
90,39393909,622983
90,39721972,622983
90,40082109,622983
90,40414965,622983
90,40752373,622983
90,41102503,622984
90,41435724,622984
90,41817072,622984
90,42163696,622985
90,42522618,622985
90,42945768,622986
90,43289733,622986
90,43640081,622986
90,44006138,622986
90,44373344,622986
90,44726705,622986
90,45087517,622987
90,45441723,622987
90,45828519,622987
90,46214544,622987
90,46565699,622987
90,46922660,622987
90,47294812,622987
90,47669299,622988
90,48053023,622988
90,48428553,622988
90,48819092,622988
90,49171987,622988
90,49545364,622988
90,49922139,622988
90,50323855,622988
90,50675400,622988
90,51048111,622988
90,51440233,622989
90,51793318,622989
90,52194422,622989
90,52574363,622989
90,52928743,622989
90,53302164,622989
90,53697831,622989
90,54052277,622989
90,54425998,622989
90,54843942,622989
90,55200695,622989
90,55552629,622990
90,55951783,622991
90,56344330,622991
90,56719516,622991
91,720077,583004
91,1132074,583438
91,1517915,584069
91,1912113,584507
91,2289878,585341
91,2706264,586422
91,3103558,587410
91,3474734,588768
91,3870150,590177
91,4247566,591896
91,4640826,593599
91,4994373,595452
91,5376248,597724
91,5769647,600215
91,6172884,602555
91,6537529,605391
91,6933664,607244
91,7334010,608959
91,7728941,611239
91,8131158,613067
91,8519270,614395
91,8890887,615817
91,9246658,616978
91,9640430,618162
91,10016914,619442
91,10414374,620269
91,10785717,621055
91,11155019,621763
91,11538522,622212
91,11932652,622466
91,12310097,622616
91,12682161,622827
91,13035890,623188
91,13396371,623310
91,13766856,623503
91,14170828,623617
91,14557731,623592
91,14931603,623689
91,15288282,623716
91,15660891,623703
91,16015051,623730
91,16377564,623672
91,16767528,623646
91,17153503,623597
91,17539904,623551
91,17935372,623537
91,18353100,623506
91,18746550,623483
91,19154567,623448
91,19537775,623418
91,19931889,623385
91,20310477,623336
91,20705268,623284
91,21082975,623230
91,21454449,623162
91,21831508,623110
91,22208760,623050
91,22609249,623003
91,23016816,622963
91,23391861,622933
91,23788143,622913
91,24205418,622907
91,24600983,622907
91,25015094,622916
91,25371734,622926
91,25747561,622944
91,26151300,622959
91,26537360,622973
91,26932544,622984
91,27292298,622995
91,27685116,623004
91,28081671,623007
91,28456338,623011
91,28856421,623012
91,29268274,623011
91,29639169,623010
91,29993843,623006
91,30396191,623004
91,30764957,623001
91,31132880,622999
91,31516786,622996
91,31890282,622995
91,32248891,622992
91,32643024,622992
91,33036165,622992
91,33414697,622993
91,33789341,622993
91,34189328,622994
91,34578379,622994
91,34951946,622995
91,35310508,622995
91,35682181,622996
91,36036574,622996
91,36394189,622996
91,36785048,622994
91,37169693,622994
91,37556494,622994
91,37909629,622994
91,38314828,622992
91,38706269,622992
91,39084190,622993
91,39457385,622993
91,39829545,622993
91,40231555,622993
91,40641010,622993
91,41056225,622993
91,41416683,622993
91,41807599,622993
92,736019,583003
92,1143651,583438
92,1540861,584068
92,1956062,584593
92,2349407,585349
92,2725427,586429
92,3120236,587419
92,3492674,588593
92,3855012,590185
92,4242310,591685
92,4616448,593359
92,4972220,595471
92,5404644,597746
92,5788963,599899
92,6156853,602169
92,6516904,604939
92,6893811,606826
92,7266232,608120
92,7641473,610173
92,8044272,611738
92,8410009,613234
92,8818604,615056
92,9202731,616413
92,9576639,617855
92,9994704,619329
92,10388117,620292
92,10762900,621261
92,11145308,621961
92,11517006,622373
92,11893367,622652
92,12284934,622780
92,12700989,623074
92,13120250,623459
92,13515055,623516
92,13890632,623719
92,14282975,623796
92,14640699,623751
92,15013973,623846
92,15407590,623831
92,15761585,623815
92,16138370,623826
92,16536214,623760
92,16952061,623739
92,17344262,623682
92,17719359,623656
92,18075843,623644
92,18470484,623628
92,18865246,623607
92,19245839,623575
92,19618075,623545
92,20014362,623510
92,20393022,623473
92,20787805,623440
92,21161883,623415
92,21552612,623386
92,21928785,623355
92,22327258,623307
92,22721744,623257
92,23119080,623184
92,23504480,623116
92,23885250,623040
92,24264478,622976
92,24642496,622916
92,25035657,622869
92,25452253,622834
92,25854953,622820
92,26220324,622812
92,26574709,622812
92,26929722,622824
92,27344385,622839
92,27698405,622861
92,28054490,622882
92,28427690,622905
92,28833589,622926
92,29221379,622942
92,29594668,622955
92,29964984,622966
92,30332354,622975
92,30724022,622978
92,31139847,622980
92,31538831,622980
92,31953898,622977
92,32368626,622973
92,32764873,622972
92,33204477,622969
92,33573989,622968
92,33953374,622966
92,34344936,622966
92,34719018,622966
92,35076801,622969
92,35469780,622969
92,35853339,622971
92,36241157,622972
92,36617218,622974
92,36972377,622975
92,37367112,622976
92,37739123,622976
92,38096898,622977
92,38490410,622977
92,38881860,622978
92,39262906,622978
92,39636322,622977
92,39993722,622977
92,40386313,622977
92,40760297,622978
92,41176241,622978
92,41609671,622978
92,41975498,622980
92,42347500,622980
92,42744432,622980
92,43161056,622980
92,43578436,622982
92,43973880,622982
92,44346783,622982
92,44740856,622982
92,45098164,622983
92,45471786,622983
92,45889483,622984
92,46283527,622984
92,46642600,622984
92,47019390,622984
92,47410478,622985
92,47842274,622985
92,48227067,622986
92,48620544,622986
92,49017986,622986
92,49409321,622986
92,49836472,622986
92,50225541,622986
92,50597608,622986
92,50994162,622986
92,51366735,622987
92,51722059,622987
92,52121244,622987
92,52492503,622987
92,52856539,622988
92,53242137,622988
92,53596153,622988
92,53976681,622988
92,54381021,622989
92,54747733,622989
92,55141991,622989
92,55519595,622989
92,55911928,622989
92,56324872,622989
92,56679152,622989
92,57060032,622989
92,57452833,622989
92,57854870,622989
92,58221522,622989
92,58615493,622989
92,58994279,622990
92,59388078,622990
92,59741775,622990
92,60118584,622990
92,60533635,622990
92,60888556,622990
92,61282764,622990
92,61641012,622990
92,62018156,622991
92,62412372,622991
92,62837402,622991
92,63226641,622992
92,63616368,622993
92,63997171,622993
93,737259,583019
93,1139329,583526
93,1535657,584126
93,1953152,584668
93,2351944,585597
93,2771534,586686
93,3184674,587874
93,3580002,589140
93,3959633,590798
93,4349865,592581
93,4768438,594640
93,5159879,596549
93,5533827,598629
93,5890480,601194
93,6287500,603609
93,6670040,606303
93,7057679,607852
93,7471146,609838
93,7856153,612076
93,8244595,613729
93,8668119,615306
93,9056760,616663
93,9451291,617824
93,9829109,619072
93,10226315,619996
93,10652204,620854
93,11017294,621672
93,11410484,622116
93,11786251,622419
93,12181198,622573
93,12555369,622700
93,12918194,623113
93,13306310,623269
93,13718527,623447
93,14081413,623609
93,14471116,623571
93,14852370,623668
93,15254073,623697
93,15630934,623691
93,16016016,623715
93,16389176,623659
93,16745047,623639
93,17142880,623589
93,17516290,623539
93,17913368,623522
93,18288211,623488
93,18685398,623467
93,19055431,623427
93,19409857,623388
93,19785295,623326
93,20159606,623266
93,20554697,623192
93,20931874,623134
93,21306907,623069
93,21704804,623022
93,22076431,622976
93,22471845,622948
93,22831367,622929
93,23205715,622918
93,23601256,622916
93,23972087,622921
93,24329612,622935
93,24732150,622948
93,25097608,622966
93,25491758,622980
93,25871581,622996
93,26262734,623005
93,26628952,623015
93,26992702,623021
93,27387266,623026
93,27744185,623026
93,28141627,623027
93,28514837,623026
93,28914294,623021
93,29284249,623018
93,29650754,623015
93,30015152,623011
93,30411808,623008
93,30811857,623004
93,31191253,623004
93,31575599,623001
93,31957672,623001
93,32346372,623001
93,32702460,623001
93,33076524,623001
93,33470823,623001
93,33847792,623002
93,34243147,623002
93,34626990,623002
93,35015013,623002
93,35386835,623002
93,35744415,623002
93,36139428,623001
93,36514132,623001
93,36910557,623001
93,37316673,623001
93,37708434,623000
93,38083088,623000
93,38480043,622999
93,38883498,622998
93,39273209,623000
93,39718065,622999
93,40140747,622999
93,40556423,622998
93,40902432,622998
93,41257005,622998
93,41647937,622998
93,42021516,622998
93,42371032,622998
93,42727568,622998
93,43080712,622998
93,43408186,622998
93,43764297,622997
93,44116836,622997
93,44470210,622997
93,44837058,622997
93,45186603,622997
93,45537003,622997
93,45871287,622997
93,46223912,622997
93,46562436,622996
93,46935300,622996
93,47287594,622996
93,47656767,622996
93,47998418,622996
93,48349386,622996
93,48683882,622996
93,49038038,622996
93,49390957,622996
93,49751894,622995
93,50128524,622995
93,50481956,622995
93,50880438,622995
93,51231496,622995
93,51607016,622995
94,700090,583004
94,1078969,583352
94,1437365,584002
94,1849552,584506
94,2268420,585337
94,2668764,586421
94,3079451,587407
94,3442116,588762
94,3855775,590381
94,4252844,591889
94,4624609,593857
94,5020797,595723
94,5421608,598029
94,5808920,600541
94,6216294,603229
94,6621971,605652
94,6979319,607552
94,7377448,609139
94,7768735,611386
94,8146007,612874
94,8521307,614360
94,8919940,615923
94,9314245,617073
94,9684970,618400
94,10079325,619531
94,10458358,620486
94,10853010,621272
94,11234744,622016
94,11621165,622364
94,11987303,622559
94,12354584,622668
94,12747109,623005
94,13121785,623319
94,13476637,623436
94,13870974,623632
94,14235755,623679
94,14621819,623677
94,15019430,623773
94,15414541,623755
94,15828612,623775
94,16191140,623748
94,16581681,623709
94,16953208,623675
94,17316549,623607
94,17729075,623579
94,18124227,623556
94,18521513,623542
94,19044668,623505
94,19481420,623485
94,19883669,623458
94,20280041,623434
94,20651733,623405
94,21040348,623370
94,21461145,623321
94,21852239,623264
94,22238970,623197
94,22623118,623141
94,23017175,623075
94,23395955,623020
94,23773679,622959
94,24162795,622918
94,24580555,622883
94,24975325,622865
94,25361174,622855
94,25769256,622856
94,26162588,622868
94,26564179,622882
94,26953723,622902
94,27381125,622922
94,27770414,622943
94,28170515,622960
94,28561810,622971
94,28933349,622983
94,29313452,622989
94,29688148,622993
94,30058295,622996
94,30438597,622996
94,30834318,622996
94,31237759,622993
94,31622321,622990
94,31997141,622986
94,32355120,622984
94,32727942,622981
94,33120527,622981
94,33476782,622979
94,33850440,622979
94,34234822,622980
94,34621371,622980
94,34976110,622981
94,35331359,622981
94,35725285,622983
94,36099769,622984
94,36474488,622985
94,36875288,622985
94,37277673,622985
94,37666384,622986
94,38062286,622986
94,38459432,622985
94,38875765,622985
94,39271780,622985
94,39646677,622985
94,40042695,622985
94,40461981,622985
94,40853953,622986
94,41234854,622986
94,41621510,622986
94,41974715,622987
94,42354426,622988
94,42767524,622987
94,43122029,622987
94,43517833,622987
94,43893381,622987
94,44260282,622987
94,44643684,622987
94,45019994,622987
94,45413737,622987
94,45828407,622987
94,46192713,622988
94,46600387,622988
94,46954011,622988
94,47317393,622988
94,47728863,622988
94,48124774,622988
94,48524894,622988
94,48915760,622988
94,49312767,622989
94,49705147,622989
94,50087761,622989
94,50480529,622989
94,50851041,622989
94,51226028,622989
94,51625045,622989
94,52017554,622989
94,52395496,622990
94,52787452,622990
94,53141709,622990
94,53522984,622990
94,53916066,622990
94,54332889,622990
95,717840,583004
95,1103850,583438
95,1516994,584066
95,1916519,584588
95,2329722,585473
95,2724761,586422
95,3101682,587561
95,3515652,588952
95,3910952,590593
95,4329782,592348
95,4744072,594384
95,5144989,596272
95,5520552,598634
95,5915968,601199
95,6329778,603965
95,6723253,606295
95,7145474,608213
95,7538375,610044
95,7945834,612173
95,8331634,613706
95,8723873,615043
95,9100581,616491
95,9495418,617709
95,9889735,618897
95,10278505,619896
95,10646398,620795
95,11046619,621560
95,11436162,622159
95,11807653,622468
95,12210244,622607
95,12603553,622801
95,12984630,623199
95,13350586,623365
95,13745358,623561
95,14145312,623676
95,14521826,623640
95,14889672,623732
95,15287294,623750
95,15681585,623745
95,16079490,623759
95,16473701,623700
95,16870440,623670
95,17266540,623612
95,17645564,623576
95,18044255,623553
95,18453631,623536
95,18828561,623509
95,19230618,623482
95,19644651,623454
95,20047056,623430
95,20429030,623397
95,20812367,623370
95,21187741,623321
95,21582260,623259
95,21986871,623200
95,22370871,623132
95,22765518,623068
95,23166147,623009
95,23579524,622955
95,23983868,622922
95,24349028,622894
95,24743244,622880
95,25124407,622874
95,25516893,622875
95,25894502,622887
95,26291137,622904
95,26703087,622922
95,27122951,622942
95,27515145,622956
95,27894247,622972
95,28308448,622983
95,28701935,622992
95,29108835,622997
95,29479365,623001
95,29872961,623001
95,30272810,623001
95,30663380,622998
95,31064785,622996
95,31459084,622992
95,31852531,622990
95,32240587,622988
95,32646076,622986
95,33046691,622985
95,33413598,622985
95,33806254,622984
95,34187563,622985
95,34579685,622987
95,34983148,622987
95,35371074,622987
95,35765858,622988
95,36169779,622988
95,36538919,622988
95,36944444,622988
95,37309511,622989
95,37703084,622989
95,38080411,622989
95,38473637,622989
95,38870277,622989
95,39266695,622989
95,39645054,622989
95,40018859,622989
95,40421108,622989
95,40788122,622989
95,41188994,622989
95,41581593,622989
95,41983782,622989
95,42372729,622989
95,42786397,622990
95,43187464,622990
95,43581642,622990
95,43984731,622990
95,44372734,622990
95,44786243,622991
95,45199331,622990
95,45601799,622990
95,46036536,622990
95,46434852,622990
95,46827943,622991
95,47228080,622991
95,47600778,622992
95,48008818,622992
96,734696,583001
96,1096964,583435
96,1494150,584002
96,1925506,584588
96,2335519,585469
96,2747255,586556
96,3144375,587718
96,3582308,589144
96,3960924,590593
96,4334877,592349
96,4723901,594383
96,5125181,596273
96,5499375,598632
96,5916908,601198
96,6310293,603599
96,6682126,606256
96,7082808,607980
96,7476359,609716
96,7858244,611622
96,8245841,613186
96,8619898,614670
96,9043184,616206
96,9454397,617482
96,9862474,618872
96,10246737,619888
96,10620960,620808
96,11073030,621794
96,11493693,622290
96,11889758,622507
96,12287583,622653
96,12679230,622964
96,13061748,623313
96,13449440,623437
96,13836715,623627
96,14200386,623702
96,14554196,623681
96,14951094,623770
96,15344447,623767
96,15720592,623771
96,16076483,623771
96,16448362,623720
96,16814340,623688
96,17199959,623633
96,17574461,623596
96,17957825,623575
96,18348911,623558
96,18741155,623537
96,19101152,623516
96,19470067,623492
96,19836134,623467
96,20244311,623440
96,20648144,623418
96,21035997,623391
96,21428848,623351
96,21833017,623276
96,22307341,623203
96,22694313,623135
96,23059859,623066
96,23451142,623007
96,23864146,622951
96,24288476,622902
96,24681265,622877
96,25063912,622858
96,25454448,622854
96,25856671,622856
96,26247529,622869
96,26639977,622887
96,27039149,622906
96,27432773,622925
96,27816892,622944
96,28181318,622959
96,28578105,622974
96,28960119,622983
96,29350043,622990
96,29722227,622993
96,30119875,622996
96,30514465,622996
96,30893861,622995
96,31289324,622991
96,31702697,622990
96,32077218,622987
96,32472540,622983
96,32880545,622982
96,33243753,622982
96,33660778,622982
96,34073910,622981
96,34473277,622981
96,34888140,622981
96,35289334,622982
96,35700555,622984
96,36103242,622984
96,36474479,622984
96,36887902,622984
96,37302761,622984
96,37702138,622986
96,38100117,622985
96,38473569,622984
96,38881136,622984
96,39243922,622985
96,39638737,622985
96,40015178,622985
96,40408823,622985
96,40838656,622986
96,41223786,622986
96,41596509,622986
96,41995584,622985
96,42367267,622987
96,42763994,622987
96,43166303,622986
96,43535214,622986
96,43952786,622986
96,44347505,622986
96,44721941,622986
96,45121526,622987
96,45493961,622988
96,45901442,622988
96,46270340,622987
96,46657875,622987
96,47058617,622987
96,47452239,622987
96,47855461,622988
96,48246558,622988
96,48640504,622988
96,49016707,622988
96,49416808,622988
96,49784380,622988
96,50181463,622988
96,50556462,622988
96,50955295,622988
96,51348234,622988
96,51722049,622988
96,52101684,622988
96,52493767,622988
96,52905973,622988
96,53264237,622988
96,53681196,622988
96,54077638,622989
96,54450369,622989
96,54858616,622989
96,55223528,622989
96,55623501,622989
96,56018219,622989
96,56393694,622989
96,56789280,622989
96,57201773,622989
96,57575104,622989
96,57956142,622989
96,58347350,622989
96,58743313,622989
96,59172783,622989
97,680705,582995
97,1017015,583272
97,1370680,583859
97,1724383,584299
97,2112606,584870
97,2467189,585735
97,2827006,586687
97,3170891,587713
97,3542688,588948
97,3920770,590587
97,4299507,592109
97,4654243,593847
97,5028230,595711
97,5404643,598018
97,5806444,600205
97,6152470,602546
97,6506315,605039
97,6885976,607233
97,7264189,608685
97,7642652,610932
97,8057857,612836
97,8450497,614141
97,8841081,615720
97,9240910,616878
97,9598890,618086
97,9978517,619247
97,10350600,620136
97,10725209,621035
97,11118890,621828
97,11511820,622231
97,11890993,622515
97,12283376,622618
97,12658716,622836
97,13019580,623244
97,13409094,623353
97,13795178,623565
97,14180321,623647
97,14555127,623618
97,14957477,623724
97,15326638,623726
97,15721128,623736
97,16119513,623729
97,16512415,623676
97,16915852,623640
97,17306666,623588
97,17678575,623559
97,18040935,623538
97,18430550,623521
97,18794773,623497
97,19182436,623471
97,19553821,623445
97,19933326,623418
97,20327338,623382
97,20721866,623339
97,21122774,623280
97,21510977,623224
97,21889789,623155
97,22284178,623101
97,22637404,623047
97,23012974,622992
97,23408901,622954
97,23779588,622924
97,24155288,622901
97,24541217,622891
97,24954810,622888
97,25352580,622897
97,25727821,622909
97,26122614,622927
97,26515951,622941
97,26914764,622960
97,27286326,622972
97,27658409,622984
97,28018685,622993
97,28411760,623000
97,28793694,623004
97,29181612,623007
97,29553932,623006
97,29937048,623006
97,30326305,623003
97,30681146,622999
97,31077075,622996
97,31450500,622995
97,31813290,622992
97,32222120,622991
97,32577127,622989
97,32973546,622989
97,33358600,622989
97,33742237,622991
97,34158263,622991
97,34512614,622991
97,34896527,622993
97,35286771,622993
97,35678677,622993
97,36041543,622993
97,36431876,622993
97,36830503,622993
97,37223272,622992
97,37615215,622992
97,37999631,622992
97,38411854,622992
97,38838843,622991
98,712597,582995
98,1079034,583353
98,1478298,583930
98,1846226,584428
98,2243912,585215
98,2639122,586145
98,3034249,587257
98,3429206,588578
98,3824378,590171
98,4242919,591894
98,4637978,593603
98,5043074,595730
98,5413608,598037
98,5825627,600554
98,6231986,602886
98,6601873,605649
98,6996802,607346
98,7388885,609050
98,7763467,610952
98,8164879,612534
98,8558250,614064
98,8956254,615746
98,9354359,616938
98,9721823,618361
98,10144507,619672
98,10541252,620657
98,10944475,621500
98,11309980,622162
98,11700711,622446
98,12080919,622669
98,12472207,622809
98,12901089,623263
98,13285555,623450
98,13658971,623563
98,14058257,623732
98,14429599,623716
98,14823846,623766
98,15221113,623812
98,15615793,623788
98,16039758,623802
98,16431033,623747
98,16825994,623712
98,17206822,623654
98,17594993,623618
98,18024989,623600
98,18411072,623591
98,18785316,623571
98,19181539,623557
98,19554075,623531
98,19953590,623508
98,20351365,623477
98,20741364,623452
98,21138392,623423
98,21533725,623393
98,21983315,623333
98,22374330,623256
98,22763841,623181
98,23141254,623100
98,23535623,623024
98,23941276,622965
98,24306648,622909
98,24720358,622869
98,25116555,622844
98,25491695,622828
98,25897896,622826
98,26264254,622830
98,26658271,622848
98,27083865,622868
98,27473947,622891
98,27898075,622914
98,28288884,622934
98,28662799,622950
98,29058121,622965
98,29430386,622976
98,29825956,622982
98,30206682,622988
98,30594884,622989
98,31023173,622989
98,31410664,622988
98,31783750,622983
98,32205158,622981
98,32603746,622978
98,32976894,622976
98,33370015,622974
98,33762454,622974
98,34141026,622974
98,34533883,622974
98,34954387,622974
98,35352816,622976
98,35719707,622977
98,36139266,622979
98,36533335,622979
98,36942066,622980
98,37305147,622981
98,37677719,622982
98,38084114,622982
98,38470318,622982
98,38878613,622982
98,39249282,622982
98,39642374,622982
98,40038447,622982
98,40431425,622981
98,40824526,622981
98,41208746,622983
98,41575504,622982
98,41962656,622982
98,42331320,622983
98,42742202,622986
98,43153804,622985
98,43559956,622985
98,43956942,622985
98,44331712,622985
98,44699076,622985
98,45103250,622985
98,45494226,622986
98,45876541,622986
98,46263723,622986
98,46637856,622986
98,47034775,622986
98,47429720,622986
98,47824493,622986
98,48220744,622987
98,48616271,622988
98,48999957,622987
98,49391047,622987
98,49764500,622987
98,50162206,622988
98,50554887,622988
98,50942706,622987
98,51327125,622987
98,51720676,622988
98,52117801,622988
98,52512034,622988
98,52918084,622988
98,53282929,622988
98,53700739,622988
98,54101503,622989
98,54469779,622989
98,54881067,622989
98,55246774,622990
98,55636589,622991
98,56058888,622991
98,56451359,622991
98,56825838,622991
98,57222076,622991
98,57638351,622991
98,58036371,622991
98,58430040,622991
98,58824911,622991
98,59222981,622991
98,59636877,622992
98,60075574,622992
98,60451815,622992
99,757040,582996
99,1120282,583352
99,1518487,583929
99,1912437,584426
99,2285872,585089
99,2691722,586141
99,3067739,587109
99,3438318,588396
99,3835517,589748
99,4224592,591451
99,4626039,593342
99,5017726,595454
99,5424226,597433
99,5807935,599895
99,6182083,602549
99,6601301,605384
99,6995004,607258
99,7381508,608992
99,7766653,611256
99,8160533,612908
99,8538157,614441
99,8931821,615860
99,9326198,617186
99,9730350,618391
99,10121405,619601
99,10520924,620400
99,10912299,621284
99,11307452,621952
99,11715126,622279
99,12078667,622531
99,12474888,622610
99,12847795,622965
99,13243168,623238
99,13651310,623357
99,14017490,623584
99,14422882,623587
99,14791949,623641
99,15185156,623713
99,15561822,623700
99,15955952,623719
99,16380275,623675
99,16748641,623637
99,17140489,623591
99,17541554,623553
99,17933641,623530
99,18310245,623510
99,18725655,623476
99,19118727,623450
99,19539373,623412
99,19911987,623371
99,20306099,623311
99,20749498,623248
99,21118828,623188
99,21516242,623125
99,21910080,623065
99,22309858,623016
99,22688938,622972
99,23077054,622943
99,23494882,622922
99,23889634,622913
99,24264558,622913
99,24697898,622924
99,25121775,622938
99,25516168,622950
99,25910096,622969
99,26309216,622984
99,26745446,622995
99,27118149,623005
99,27542590,623013
99,27933510,623015
99,28310899,623019
99,28724399,623018
99,29118172,623016
99,29539416,623013
99,29931790,623012
99,30310237,623007
99,30714036,623005
99,31122454,623003
99,31539875,623001
99,31932187,622999
99,32330707,622999
99,32745058,622999
99,33117349,622999
99,33516489,622998
99,33910638,622999
99,34284517,623000
99,34662398,622998
99,35056304,622998
99,35466119,622999
99,35834496,623000
99,36247662,622998
99,36646646,622998
99,37039221,622998
99,37424455,622998
99,37792006,622997
99,38185202,622997
99,38587538,622997
99,38955364,622997
99,39359246,622997
99,39723562,622997
99,40119259,622997
99,40518657,622997
99,40912516,622997
99,41306143,622997
99,41710944,622997
99,42077904,622996
99,42475071,622996
99,42846750,622996
